CASE_ID,ACCIDENT_YEAR,PROC_DATE,JURIS,COLLISION_DATE,COLLISION_TIME,OFFICER_ID,REPORTING_DISTRICT,DAY_OF_WEEK,CHP_SHIFT,POPULATION,CNTY_CITY_LOC,SPECIAL_COND,BEAT_TYPE,CHP_BEAT_TYPE,CITY_DIVISION_LAPD,CHP_BEAT_CLASS,BEAT_NUMBER,PRIMARY_RD,SECONDARY_RD,DISTANCE,DIRECTION,INTERSECTION,WEATHER_1,WEATHER_2,STATE_HWY_IND,CALTRANS_COUNTY,CALTRANS_DISTRICT,STATE_ROUTE,ROUTE_SUFFIX,POSTMILE_PREFIX,POSTMILE,LOCATION_TYPE,RAMP_INTERSECTION,SIDE_OF_HWY,TOW_AWAY,COLLISION_SEVERITY,NUMBER_KILLED,NUMBER_INJURED,PARTY_COUNT,PRIMARY_COLL_FACTOR,PCF_CODE_OF_VIOL,PCF_VIOL_CATEGORY,PCF_VIOLATION,PCF_VIOL_SUBSECTION,HIT_AND_RUN,TYPE_OF_COLLISION,MVIW,PED_ACTION,ROAD_SURFACE,ROAD_COND_1,ROAD_COND_2,LIGHTING,CONTROL_DEVICE,CHP_ROAD_TYPE,PEDESTRIAN_ACCIDENT,BICYCLE_ACCIDENT,MOTORCYCLE_ACCIDENT,TRUCK_ACCIDENT,NOT_PRIVATE_PROPERTY,ALCOHOL_INVOLVED,STWD_VEHTYPE_AT_FAULT,CHP_VEHTYPE_AT_FAULT,COUNT_SEVERE_INJ,COUNT_VISIBLE_INJ,COUNT_COMPLAINT_PAIN,COUNT_PED_KILLED,COUNT_PED_INJURED,COUNT_BICYCLIST_KILLED,COUNT_BICYCLIST_INJURED,COUNT_MC_KILLED,COUNT_MC_INJURED,PRIMARY_RAMP,SECONDARY_RAMP,LATITUDE,LONGITUDE,COUNTY,CITY,POINT_X,POINT_Y
91437590,2021,2021-03-29,9335,2021-03-21,0051,022271,,7,3,7,3801,0,1,2,,2,014,"US-101 NORTHBOUND","22ND STREET PEDESTRIAN OVERCROSSING",350.00,N,N,A,-,Y,,,101,,,,,,N,Y,4,0,1,3,A,-,03,22350,,N,D,C,A,A,H,-,C,D,0,,,,Y,Y,,A,01,0,0,1,0,0,0,0,0,0,"- ","- ",37.756591796875,-122.40338134765625,"SAN FRANCISCO","SAN FRANCISCO",-122.40325927734375,37.756641387939453
91437591,2021,2021-03-29,9335,2021-03-18,1430,017672,,4,2,7,3801,0,1,1,,2,080,"I-80 W/B","7TH STREET ON-RAMP",600.00,E,N,B,C,Y,,,80,,,,,,W,N,3,0,1,4,A,-,03,22350,,N,C,C,A,B,H,-,A,D,0,,,,,Y,,A,01,0,1,0,0,0,0,0,0,0,"- ","- ",37.774490356445312,-122.40659332275391,"SAN FRANCISCO","SAN FRANCISCO",-122.4066162109375,37.774501800537109
91438084,2021,2021-03-29,9335,2021-03-19,1955,017672,,5,2,7,3801,0,1,1,,2,080,"I-80 E/B","7TH STREET OFF-RAMP",375.00,E,N,A,-,Y,,,80,,,,,,E,N,4,0,1,3,A,-,03,22350,,N,C,C,A,A,H,-,C,D,0,,,,,Y,,A,01,0,0,1,0,0,0,0,0,0,"- ","- ",37.774520874023438,-122.40603637695312,"SAN FRANCISCO","SAN FRANCISCO",-122.40608215332031,37.774547576904297
91438171,2021,2021-03-29,9335,2021-03-21,1650,017672,,7,2,7,3801,0,1,1,,2,080,"I-80 E/B","8TH ON-RAMP",150.00,E,N,A,-,Y,,,80,,,,,,E,N,4,0,2,3,A,-,03,22350,,N,C,C,A,A,H,-,A,D,0,,,,,Y,,A,01,0,0,2,0,0,0,0,0,0,"- ","- ",37.775558471679688,-122.40532684326172,"SAN FRANCISCO","SAN FRANCISCO",-122.40531158447266,37.775543212890625
91439044,2021,2021-03-30,9335,2021-03-23,2030,020658,,2,2,7,3801,0,1,1,,2,080,"I-80 E/B","15TH STREET",400.00,W,N,A,-,Y,,,80,,,,,,E,Y,4,0,2,2,A,-,08,22107,,N,E,I,A,A,H,-,C,D,0,,,,,Y,,A,01,0,0,2,0,0,0,0,0,0,"- ","- ",37.766170501708984,-122.40499114990234,"SAN FRANCISCO","SAN FRANCISCO",-122.40492248535156,37.76617431640625
91439455,2021,2021-03-30,9335,2021-03-25,1935,022517,,4,2,7,3801,0,1,1,,2,024,"I-280 S/B","25TH STREET UNDER CROSSING",600.00,S,N,A,-,Y,,,280,,,,,,S,Y,3,0,1,1,A,-,08,22107,,N,E,I,A,A,H,-,D,D,0,,,,,Y,,A,01,0,1,0,0,0,0,0,0,0,"- ","- ",37.750900268554688,-122.39182281494141,"SAN FRANCISCO","SAN FRANCISCO",-122.39183807373047,37.750907897949219
91439495,2021,2021-03-30,9335,2021-03-24,2230,021957,,3,3,7,3801,0,1,1,,1,083,"I-80 EB JWO TI","TREASURE ISLAND RD. O/C",5069.00,W,N,A,-,Y,,,80,,,,,,E,Y,4,0,1,2,A,-,03,22350,,N,C,C,A,A,D,-,C,D,0,,,,,Y,,A,01,0,0,1,0,0,0,0,0,0,"- ","- ",37.798290252685547,-122.37741088867188,"SAN FRANCISCO","SAN FRANCISCO",-122.37759399414062,37.798496246337891
91439775,2021,2021-03-30,9335,2021-03-22,1633,021886,,1,2,7,3801,0,1,2,,2,014,"US-101 N/B","22ND ST. PED O/C",104.00,S,N,A,-,Y,,,101,,,,,,N,Y,4,0,2,3,A,-,21,22106,,F,C,C,A,A,H,-,A,D,0,,,,,Y,,A,01,0,0,2,0,0,0,0,0,0,"- ","- ",37.756610870361328,-122.40322875976562,"SAN FRANCISCO","SAN FRANCISCO",-122.40324401855469,37.756603240966797
91440198,2021,2021-03-31,9335,2021-03-26,0518,019581,,5,3,7,3801,0,1,2,,2,013,"US-101 N/B","BAYSHORE BLVD.",1000.00,N,N,A,-,Y,,,101,,,,,,N,Y,3,0,1,2,A,-,03,22350,,N,C,C,A,A,H,-,C,D,0,,,,Y,Y,,A,01,0,1,0,0,0,0,0,0,0,"- ","- ",37.718959808349609,-122.39949035644531,"SAN FRANCISCO","SAN FRANCISCO",-122.39943695068359,37.718975067138672
91440264,2021,2021-03-31,9335,2021-03-27,1430,022266,,6,2,7,3801,0,1,1,,2,023,"I-280 N/B","ALEMANY BOULEVARD",150.00,S,N,A,-,Y,,,280,,,,,,N,N,4,0,3,2,A,-,03,22350,,N,C,C,A,A,H,-,A,D,0,,,,,Y,,A,01,0,0,3,0,0,0,0,0,0,"- ","- ",37.732021331787109,-122.41519927978516,"SAN FRANCISCO","SAN FRANCISCO",-122.41520690917969,37.732036590576172
91440307,2021,2021-03-31,9335,2021-03-29,1715,021424,,1,2,7,3801,0,1,1,,2,024,"I-280 S/B FROM MARIPOSA AVE","MARIPOSA AVE",500.00,S,N,A,-,Y,,,280,,,,R,,S,Y,4,0,1,1,A,-,08,22107,,N,F,A,A,A,H,-,A,D,0,,,Y,,Y,,C,02,0,0,1,0,0,0,0,0,1,"- ","- ",37.762649536132812,-122.39299011230469,"SAN FRANCISCO","SAN FRANCISCO",-122.39299011230469,37.762649536132812
91440771,2021,2021-04-01,9335,2021-03-30,2235,021957,,2,3,7,3801,0,1,1,,1,081,"I-80 WB","TREASURE ISLAND RD. O/C",3168.00,W,N,A,-,Y,,,80,,,,,,W,Y,3,0,1,2,A,-,03,22350,,N,C,C,A,A,H,-,C,D,0,,,,,Y,,A,01,0,1,0,0,0,0,0,0,0,"- ","- ",37.802219390869141,-122.3731689453125,"SAN FRANCISCO","SAN FRANCISCO",-122.37332916259766,37.802391052246094
91440829,2021,2021-04-01,9335,2021-03-30,1550,021886,,2,2,7,3801,0,1,2,,2,013,"US-101 S/B","CESAR CHAVEZ U/C",95.00,S,N,A,-,Y,,,101,,,,,,S,Y,3,0,1,1,A,-,01,23152,A,N,E,I,A,A,H,-,A,D,0,,,,,Y,Y,A,01,0,1,0,0,0,0,0,0,0,"- ","- ",37.749031066894531,-122.40389251708984,"SAN FRANCISCO","SAN FRANCISCO",-122.40392303466797,37.749038696289062
91441239,2021,2021-04-01,9335,2021-03-27,0100,022326,,6,3,7,3801,0,1,1,,2,024,"I-280 N/B","MISSION BAY DRIVE",350.00,S,N,A,-,Y,,,280,,,,,,N,Y,3,0,1,1,A,-,01,23152,A,N,E,I,A,A,H,-,C,D,0,,,,,Y,Y,D,22,0,1,0,0,0,0,0,0,0,"- ","- ",37.768970489501953,-122.39710998535156,"SAN FRANCISCO","SAN FRANCISCO",-122.39702606201172,37.769020080566406
91442421,2021,2021-04-05,9335,2021-03-04,2334,022596,,4,3,7,3801,0,1,2,,2,014,"US-101 S/B","23RD ST O/C",5.00,N,N,A,-,Y,,,101,,,,,,S,Y,3,0,2,1,A,-,01,23152,A,N,E,I,A,A,H,-,D,D,0,,,,,Y,Y,A,01,0,1,1,0,0,0,0,0,0,"- ","- ",37.754581451416016,-122.40326690673828,"SAN FRANCISCO","SAN FRANCISCO",-122.40315246582031,37.754592895507812
91442440,2021,2021-04-05,9335,2021-03-28,0935,022596,,7,1,7,3801,0,1,1,,2,023,"I-280 N/B","MISSION STREET OVERCROSSING",223.00,S,N,A,-,Y,,,280,,,,,,N,Y,4,0,1,2,A,-,07,21658,A,N,B,C,A,A,H,-,A,D,0,,,,,Y,,A,01,0,0,1,0,0,0,0,0,0,"- ","- ",37.732078552246094,-122.42909240722656,"SAN FRANCISCO","SAN FRANCISCO",-122.42910003662109,37.732036590576172
91442932,2021,2021-04-05,9335,2021-03-25,1555,022517,,4,2,7,3801,0,1,2,,2,013,"US-101 N/B","FAITH ST. PEDESTRIAN OVER CROSSING",600.00,S,N,A,-,Y,,,101,,,,,,N,Y,4,0,2,3,A,-,03,22350,,N,C,C,A,A,H,-,A,D,0,,,,Y,Y,,F,27,0,0,2,0,0,0,0,0,0,"- ","- ",37.742481231689453,-122.40670013427734,"SAN FRANCISCO","SAN FRANCISCO",-122.40675354003906,37.742523193359375
91443540,2021,2021-04-06,9335,2021-03-26,1953,021736,,5,2,7,3801,0,1,1,,2,080,"I-80 E/B","15TH ST",309.00,W,N,A,-,Y,,,80,,,,,,E,Y,4,0,1,3,A,-,03,22350,,N,C,C,A,A,H,-,C,D,0,,,,,Y,,A,01,0,0,1,0,0,0,0,0,0,"- ","- ",37.766391754150391,-122.40489959716797,"SAN FRANCISCO","SAN FRANCISCO",-122.40493011474609,37.766387939453125
91443542,2021,2021-04-06,9335,2021-03-26,0940,022596,,5,1,7,3801,0,1,1,,2,023,"I-280 N/B TO US-101 N/B","CORTLAND AVE",188.00,S,N,A,-,Y,,,,,,,,,,N,4,0,1,2,A,-,03,22350,,N,C,C,A,A,H,-,A,D,0,,,,,Y,,A,01,0,0,1,0,0,0,0,0,0,"- ","- ",37.739070892333984,-122.40786743164062,"SAN FRANCISCO","SAN FRANCISCO",,
91443713,2021,2021-04-06,9335,2021-03-30,0117,022326,,2,3,7,3801,0,1,1,,1,083,"I-80 E/B","BEALE STREET U/C",280.00,E,N,A,-,Y,,,80,,,,,,E,Y,3,0,1,3,A,-,03,22350,,N,D,C,E,A,H,-,C,D,0,Y,,,,Y,Y,A,07,0,1,0,0,1,0,0,0,0,"- ","- ",37.787338256835938,-122.38950347900391,"SAN FRANCISCO","SAN FRANCISCO",-122.38939666748047,37.787223815917969
91444599,2021,2021-04-07,9335,2021-03-27,2120,022196,,6,2,7,3801,0,1,2,,2,013,"US-101 SB","FAITH ST PEDESTRIAN O/C",880.00,N,N,A,-,Y,,,101,,,,,,S,Y,3,0,1,3,A,-,03,22350,,N,C,C,A,A,H,-,D,D,0,,,,,Y,,A,01,0,1,0,0,0,0,0,0,0,"- ","- ",37.746280670166016,-122.40480041503906,"SAN FRANCISCO","SAN FRANCISCO",-122.40480041503906,37.746280670166016
91444603,2021,2021-04-07,9335,2021-04-02,1730,019799,,5,2,7,3801,0,1,1,,1,081,"I-80 W/B","TREASURE ISLAND ON RAMP",100.00,E,N,A,-,Y,,,80,,,,,,W,N,4,0,1,2,A,-,03,22350,,N,C,C,A,A,H,-,A,D,0,,,,,Y,,A,01,0,0,1,0,0,0,0,0,0,"- ","- ",37.811931610107422,-122.36329650878906,"SAN FRANCISCO","SAN FRANCISCO",-122.3634033203125,37.812030792236328
91445649,2021,2021-04-08,9335,2021-04-02,2135,021474,,5,2,7,3801,0,1,1,,2,024,"I-208 S/B TO PENNSYLVANIA AVENUE","25TH STREET",280.00,N,N,A,-,Y,,,,,,,,,,Y,3,0,2,1,A,-,01,23152,A,N,E,I,A,A,H,-,C,D,0,,,,,Y,Y,A,01,0,1,1,0,0,0,0,0,0,"- ","- ",37.753288269042969,-122.3922119140625,"SAN FRANCISCO","SAN FRANCISCO",,
91445658,2021,2021-04-08,9335,2021-04-07,1430,020658,,3,2,7,3801,0,1,1,,1,083,"I-80 E/B","THE YERBA BUENA ISLAND TUNNEL",5280.00,W,N,A,-,Y,,,80,,,,,,E,N,4,0,1,4,A,-,03,22350,,N,C,C,A,A,H,-,A,D,0,,,Y,,Y,,C,02,0,0,1,0,0,0,0,0,1,"- ","- ",37.797519683837891,-122.37860107421875,"SAN FRANCISCO","SAN FRANCISCO",-122.37862396240234,37.797550201416016
91446039,2021,2021-04-08,9350,2021-04-03,2204,022432,,6,3,7,3801,0,1,2,,2,010,"US-101 S/B","MERCHANT ROAD",50.00,N,N,A,-,Y,,,101,,,,,,S,Y,4,0,1,2,A,-,01,23152,A,N,D,C,A,A,H,-,C,D,0,,,,,Y,Y,A,01,0,0,1,0,0,0,0,0,0,"- ","- ",37.806671142578125,-122.47532653808594,"SAN FRANCISCO","SAN FRANCISCO",-122.47524261474609,37.806777954101562
91448370,2021,2021-04-12,9335,2021-04-02,1328,017672,,5,1,7,3801,0,1,1,,2,080,"I-80 E/B","8TH STREET ON-RAMP",135.00,E,N,A,-,Y,,,80,,,,,,E,Y,3,0,1,3,A,-,03,22350,,N,C,C,A,A,H,-,A,D,0,,,Y,,Y,,C,02,0,1,0,0,0,0,0,0,1,"- ","- ",37.775531768798828,-122.40538024902344,"SAN FRANCISCO","SAN FRANCISCO",-122.40534973144531,37.775501251220703
91448499,2021,2021-04-12,9335,2021-04-03,2020,021736,,6,2,7,3801,0,1,2,,2,015,"US-101 N/B","THE DIVISION ST. UNDERCROSSING",594.00,S,N,A,-,Y,,,101,,,,,,N,Y,4,0,1,1,A,-,01,23152,A,N,E,I,A,A,H,-,D,D,0,,,,,Y,Y,A,01,0,0,1,0,0,0,0,0,0,"- ","- ",37.768161773681641,-122.40570831298828,"SAN FRANCISCO","SAN FRANCISCO",-122.40573883056641,37.768119812011719
91448556,2021,2021-04-12,9335,2021-04-05,2300,021957,,1,3,7,3801,0,1,2,,2,013,"US-101 N/B","PAUL AVE. U/C",170.00,N,N,A,-,Y,,,101,,,,,,N,Y,3,0,1,1,A,-,08,22107,,N,F,A,A,A,H,-,C,D,0,,,,,Y,,D,22,0,1,0,0,0,0,0,0,0,"- ","- ",37.724288940429688,-122.40139770507812,"SAN FRANCISCO","SAN FRANCISCO",-122.40132904052734,37.724319458007812
91448585,2021,2021-04-12,9335,2021-04-03,1840,022326,,6,2,7,3801,0,1,2,,2,013,"US-101 S/B","THE CESAR CHAVEZ ST. UNDERCROSSING",290.00,S,N,A,-,Y,,,101,,,,,,S,Y,3,0,1,1,A,-,08,22107,,N,E,I,A,A,H,-,A,D,0,,,,,Y,,A,01,0,1,0,0,0,0,0,0,0,"- ","- ",37.748451232910156,-122.40425109863281,"SAN FRANCISCO","SAN FRANCISCO",-122.40412139892578,37.748409271240234
91448715,2021,2021-04-12,9335,2021-04-01,2235,022096,,4,3,7,3801,0,1,2,,2,014,"US-101 S/B","18TH STREET PED OVERCROSSING",246.00,N,N,A,-,Y,,,101,,,,,,S,N,4,0,1,2,A,-,03,22350,,N,C,C,A,A,H,-,C,D,0,,,,,Y,,-,99,0,0,1,0,0,0,0,0,0,"- ","- ",37.762840270996094,-122.405517578125,"SAN FRANCISCO","SAN FRANCISCO",-122.40547943115234,37.7628173828125
91448774,2021,2021-04-12,9335,2021-04-08,1720,021424,,4,2,7,3801,0,1,1,,2,023,"I-280 S/B","MISSION ST",300.00,N,N,A,-,Y,,,280,,,,,,S,N,4,0,1,2,A,-,03,22350,,N,C,C,A,A,H,-,A,D,0,,,,,Y,,A,01,0,0,1,0,0,0,0,0,0,"- ","- ",37.731830596923828,-122.42688751220703,"SAN FRANCISCO","SAN FRANCISCO",-122.42690277099609,37.731769561767578
91448787,2021,2021-04-12,9335,2021-04-08,0620,021390,,4,1,7,3801,0,1,1,,2,023,"I-280 N/B","THE NORTH ALEMANY BLVD. OVERCROSSING",235.00,N,N,A,-,Y,,,280,,,,,,N,Y,4,0,1,3,A,-,07,21658,A,N,B,C,A,A,H,-,B,D,0,,,,,Y,,A,01,0,0,1,0,0,0,0,0,0,"- ","- ",37.732479095458984,-122.41371917724609,"SAN FRANCISCO","SAN FRANCISCO",-122.41373443603516,37.732521057128906
91448817,2021,2021-04-13,9335,2021-04-06,1515,021886,,2,2,7,3801,0,1,1,,2,022,"I-280 N/B FROM GENEVA AVE.","OCEAN AVE. O/C",157.00,N,N,A,-,Y,,,280,,,,R,,N,Y,4,0,2,3,A,-,04,21703,,N,C,C,A,A,H,-,A,D,0,,,,,Y,,A,01,0,0,2,0,0,0,0,0,0,"- ","- ",37.723548889160156,-122.44730377197266,"SAN FRANCISCO","SAN FRANCISCO",-122.44730377197266,37.723548889160156
91449641,2021,2021-04-13,9335,2021-04-03,2021,021736,,6,2,7,3801,0,1,2,,2,015,"US-101 N/B","DIVISION ST",590.00,S,N,A,-,Y,,,101,,,,,,N,Y,4,0,1,2,A,-,03,22350,,N,C,C,A,A,H,-,C,D,0,,,,,Y,Y,A,01,0,0,1,0,0,0,0,0,0,"- ","- ",37.768150329589844,-122.40574645996094,"SAN FRANCISCO","SAN FRANCISCO",-122.40576171875,37.768135070800781
91450763,2021,2021-04-15,9335,2021-04-02,2352,021672,,5,3,7,3801,0,1,1,,1,081,"I-80 W/B","YBI TUNNEL EAST BORE",4066.00,E,N,A,-,Y,,,,,,,,,,Y,3,0,1,2,A,-,01,23152,A,N,B,C,A,A,H,-,C,D,0,,,,,Y,Y,A,01,0,1,0,0,0,0,0,0,0,"- ","- ",38.817699432373047,-122.35459136962891,"SAN FRANCISCO","SAN FRANCISCO",,
91451554,2021,2021-04-16,9335,2021-04-11,0535,022517,,7,3,7,3801,0,1,2,,2,013,"US-101 S/B","CORTLAND AVE UNDER CROSSING",500.00,S,N,A,-,Y,,,101,,,,,,S,Y,3,0,1,1,A,-,08,22107,,N,E,I,A,A,H,-,B,D,0,,,,,Y,,A,01,0,1,0,0,0,0,0,0,0,"- ","- ",37.738189697265625,-122.408203125,"SAN FRANCISCO","SAN FRANCISCO",-122.40808868408203,37.738204956054688
91452552,2021,2021-04-19,9335,2021-02-24,0853,014455,,3,1,7,3801,0,1,1,,1,081,"I-80 E/B","TREASURE ISLAND TUNNEL E/EDGE",100.00,W,N,A,-,Y,,,80,,,,,,E,N,4,0,1,2,A,-,07,21658,A,M,B,C,A,A,H,-,A,D,0,,,,,Y,,-,99,0,0,1,0,0,0,0,0,0,"- ","- ",37.809898376464844,-122.36521148681641,"SAN FRANCISCO","SAN FRANCISCO",-122.36536407470703,37.810047149658203
91453207,2021,2021-04-19,9335,2021-04-08,1920,022266,,4,2,7,3801,0,1,2,,2,014,"US-101 N/B","THE 18TH STREET PEDESTRIAN OVER-CROSSING",30.00,S,N,A,-,Y,,,101,,,,,,N,N,4,0,1,2,A,-,03,22350,,N,C,C,A,A,H,-,A,D,0,,,,,Y,,A,01,0,0,1,0,0,0,0,0,0,"- ","- ",37.762058258056641,-122.40579223632812,"SAN FRANCISCO","SAN FRANCISCO",-122.40571594238281,37.762012481689453
91453242,2021,2021-06-14,9335,2021-04-10,0755,021916,,6,1,7,3801,0,1,1,,2,022,"I-280 N/B","FARALLONES ST. PEDESTRIAN OVERCROSSING",170.00,S,N,A,-,Y,,,280,,,,,,N,Y,4,0,1,1,A,-,08,22107,,N,E,I,A,A,H,-,A,D,0,,,,,Y,,A,01,0,0,1,0,0,0,0,0,0,"- ","- ",37.713321685791016,-122.45226287841797,"SAN FRANCISCO","SAN FRANCISCO",-122.45220184326172,37.713253021240234
91453742,2021,2021-04-20,9335,2021-04-15,1800,021736,,4,2,7,3801,0,1,2,,2,013,"US-101 S/B","CORTLAND AVE",526.00,S,N,A,-,Y,,,101,,,,,,S,Y,3,0,1,1,A,-,08,22107,,N,E,J,A,A,H,-,A,D,0,,,,,Y,,A,07,0,1,0,0,0,0,0,0,0,"- ","- ",37.738189697265625,-122.408203125,"SAN FRANCISCO","SAN FRANCISCO",-122.40808868408203,37.738204956054688
91454999,2021,2021-04-21,9350,2021-04-14,1755,021418,,3,2,7,3801,0,1,2,,2,010,"US-101 N/B","LINCOLN BLVD. U/C",72.00,S,N,A,-,Y,,,101,,,,,,N,Y,4,0,2,1,A,-,03,22350,,N,E,I,A,A,H,-,A,D,0,,,,,Y,,A,01,0,0,2,0,0,0,0,0,0,"- ","- ",37.805778503417969,-122.47392272949219,"SAN FRANCISCO","SAN FRANCISCO",-122.47390747070312,37.805793762207031
91455275,2021,2021-04-21,9335,2021-04-10,0000,022525,,6,3,7,3801,0,1,2,,2,014,"US-101 SB","17TH ST UNDERCROSSING",50.00,S,N,A,-,Y,,,101,,,,,,S,Y,4,0,1,2,A,-,03,22350,,N,C,C,A,A,H,-,C,D,0,,,,,Y,,A,07,0,0,1,0,0,0,0,0,0,"- ","- ",37.764430999755859,-122.40509796142578,"SAN FRANCISCO","SAN FRANCISCO",-122.40508270263672,37.764430999755859
91455303,2021,2021-04-21,9335,2021-04-11,0015,022525,,7,3,7,3801,0,1,2,,2,013,"US-101 SB TO SILVER AVE","SILVER AVE OVERCROSSING",430.00,S,N,A,-,Y,,,101,,,,R,,S,Y,4,0,1,1,A,-,01,23152,A,N,E,J,A,A,H,-,C,D,0,,,,,Y,Y,A,01,0,0,1,0,0,0,0,0,0,"- ","- ",37.731369018554688,-122.40486907958984,"SAN FRANCISCO","SAN FRANCISCO",-122.40486907958984,37.731369018554688
91455945,2021,2021-04-22,9335,2021-04-15,0205,021301,,4,3,7,3801,0,1,2,,2,013,"US-101 N/B","SILVER AVE",92.00,S,N,A,-,Y,,,101,,,,,,N,N,4,0,3,2,D,-,00,,,M,B,C,A,A,H,-,D,D,0,,,,,Y,,-,"- ",0,0,3,0,0,0,0,0,0,"- ","- ",37.732498168945312,-122.40470123291016,"SAN FRANCISCO","SAN FRANCISCO",-122.40493774414062,37.732357025146484
91456891,2021,2021-04-23,9335,2021-04-15,2310,021754,,4,3,7,3801,0,1,2,,2,013,"US-101 SB TO I-280 SB","CORTLAND AVE U/C SOUTH RD. EDGE",530.00,S,N,A,-,Y,,,101,,,,R,,S,Y,3,0,2,2,A,-,08,22107,,N,E,I,A,A,H,-,C,D,0,,,,,Y,,D,22,0,1,1,0,0,0,0,0,0,"- ","- ",37.738140106201172,-122.408203125,"SAN FRANCISCO","SAN FRANCISCO",-122.408203125,37.738140106201172
91457102,2021,2021-04-23,9335,2021-04-21,1300,020658,,3,1,7,3801,0,1,1,,2,024,"I-280 N/B TO 6TH STREET","BRANNAN STREET",135.00,S,N,A,-,Y,,,280,,,,R,,N,N,4,0,1,2,A,-,03,22350,,N,C,C,A,A,H,-,A,D,0,,,,,Y,,A,01,0,0,1,0,0,0,0,0,0,"- ","- ",37.774528503417969,-122.40057373046875,"SAN FRANCISCO","SAN FRANCISCO",-122.40057373046875,37.774528503417969
91457574,2021,2021-04-26,9335,2021-03-27,1432,021736,,6,2,7,3801,0,1,1,,2,023,"I-280 N/B","SAN BRUNO AVE",878.00,S,N,A,-,Y,,,280,,,,,,N,Y,4,0,2,2,A,-,08,22107,,N,B,C,A,A,H,-,A,D,0,,,,,Y,,A,01,0,0,2,0,0,0,0,0,0,"- ","- ",37.73406982421875,-122.40995788574219,"SAN FRANCISCO","SAN FRANCISCO",-122.40994262695312,37.734035491943359
91457575,2021,2021-04-26,9335,2021-03-27,1620,021736,,6,2,7,3801,0,1,1,,2,023,"I-280 N/B","ST MARYS PARK FOOTBRIDGE",700.00,S,N,A,-,Y,,,280,,,,,,N,Y,3,0,3,3,A,-,03,22350,,N,C,C,A,A,H,-,A,D,0,,,,,Y,,D,22,0,2,1,0,0,0,0,0,0,"- ","- ",37.731468200683594,-122.42305755615234,"SAN FRANCISCO","SAN FRANCISCO",-122.42305755615234,37.731410980224609
91459240,2021,2021-04-27,9350,2021-04-20,1141,022445,,2,1,7,3801,0,1,2,,1,120,"US-101 N/B (GGB EAST SIDEWALK)","GGB SOUTH TOWER",800.00,S,N,A,-,N,,,101,,,,,,N,N,4,0,1,2,B,-,22,,,N,B,G,A,A,H,-,A,D,0,,Y,,,Y,,L,04,0,0,1,0,0,0,1,0,0,"- ","- ",37.811740875244141,-122.47721099853516,"SAN FRANCISCO","SAN FRANCISCO",-122.47765350341797,37.811683654785156
91461101,2021,2021-04-29,9335,2021-04-24,1310,021916,,6,1,7,3801,0,1,2,,2,013,"US-101 N/B","PAUL AVENUE UNDERCROSSING",775.00,S,N,A,-,Y,,,101,,,,,,N,Y,4,0,1,2,A,-,07,21658,A,N,B,C,A,A,H,-,A,D,0,,,,,Y,,A,01,0,0,1,0,0,0,0,0,0,"- ","- ",37.721549987792969,-122.40029144287109,"SAN FRANCISCO","SAN FRANCISCO",-122.40023040771484,37.721572875976562
91461244,2021,2021-04-29,9335,2021-04-25,0610,019631,,7,1,7,3801,0,1,1,,2,080,"I-80 E/B FROM ESSEX ST","I-80 E/B FROM ESSEX ST (PHYSICAL GORE)",5.00,W,N,B,-,Y,,,80,,,,R,,E,Y,4,0,1,1,A,-,08,22107,,N,E,I,A,A,H,-,B,D,0,,,,,Y,,A,01,0,0,1,0,0,0,0,0,0,"- ","- ",37.785381317138672,-122.39217376708984,"SAN FRANCISCO","SAN FRANCISCO",-122.39217376708984,37.785381317138672