CASE_ID,ACCIDENT_YEAR,PROC_DATE,JURIS,COLLISION_DATE,COLLISION_TIME,OFFICER_ID,REPORTING_DISTRICT,DAY_OF_WEEK,CHP_SHIFT,POPULATION,CNTY_CITY_LOC,SPECIAL_COND,BEAT_TYPE,CHP_BEAT_TYPE,CITY_DIVISION_LAPD,CHP_BEAT_CLASS,BEAT_NUMBER,PRIMARY_RD,SECONDARY_RD,DISTANCE,DIRECTION,INTERSECTION,WEATHER_1,WEATHER_2,STATE_HWY_IND,CALTRANS_COUNTY,CALTRANS_DISTRICT,STATE_ROUTE,ROUTE_SUFFIX,POSTMILE_PREFIX,POSTMILE,LOCATION_TYPE,RAMP_INTERSECTION,SIDE_OF_HWY,TOW_AWAY,COLLISION_SEVERITY,NUMBER_KILLED,NUMBER_INJURED,PARTY_COUNT,PRIMARY_COLL_FACTOR,PCF_CODE_OF_VIOL,PCF_VIOL_CATEGORY,PCF_VIOLATION,PCF_VIOL_SUBSECTION,HIT_AND_RUN,TYPE_OF_COLLISION,MVIW,PED_ACTION,ROAD_SURFACE,ROAD_COND_1,ROAD_COND_2,LIGHTING,CONTROL_DEVICE,CHP_ROAD_TYPE,PEDESTRIAN_ACCIDENT,BICYCLE_ACCIDENT,MOTORCYCLE_ACCIDENT,TRUCK_ACCIDENT,NOT_PRIVATE_PROPERTY,ALCOHOL_INVOLVED,STWD_VEHTYPE_AT_FAULT,CHP_VEHTYPE_AT_FAULT,COUNT_SEVERE_INJ,COUNT_VISIBLE_INJ,COUNT_COMPLAINT_PAIN,COUNT_PED_KILLED,COUNT_PED_INJURED,COUNT_BICYCLIST_KILLED,COUNT_BICYCLIST_INJURED,COUNT_MC_KILLED,COUNT_MC_INJURED,PRIMARY_RAMP,SECONDARY_RAMP,LATITUDE,LONGITUDE,COUNTY,CITY,POINT_X,POINT_Y
91493812,2021,2021-06-10,9335,2021-05-04,1000,014455,,2,1,7,3801,0,1,1,,2,080,"I-80 E/B","3RD ST.",300.00,W,N,A,-,Y,,,80,,,,,,E,N,4,0,1,2,A,-,07,21658,A,M,B,C,A,A,H,-,A,D,0,,,,,Y,,-,99,0,0,1,0,0,0,0,0,0,"- ","- ",37.781261444091797,-122.39730072021484,"SAN FRANCISCO","SAN FRANCISCO",-122.39729309082031,37.781253814697266
91494848,2021,2021-06-11,9350,2021-05-28,1825,022310,,5,2,7,3801,0,1,3,,2,011,"SR-1 S/B","LAKE ST.",50.00,N,N,A,-,Y,,,1,,,,,,S,Y,3,0,2,2,A,-,03,22350,,N,C,C,A,A,H,-,A,D,0,,,,,Y,,D,22,0,2,0,0,0,0,0,0,0,"- ","- ",37.786540985107422,-122.47265625,"SAN FRANCISCO","SAN FRANCISCO",-122.47270202636719,37.786548614501953
91494859,2021,2021-06-11,9350,2021-05-30,1210,022445,,7,1,7,3801,0,1,2,,2,010,"US-101 NORTHBOUND","GOLDEN GATE BRIDGE TOLL PLAZA",37.00,N,N,A,-,Y,,,101,,,,,,N,N,3,0,1,2,A,-,03,22350,,M,C,C,A,A,H,-,A,D,0,,,,,Y,,A,01,0,1,0,0,0,0,0,0,0,"- ","- ",37.807388305664062,-122.47551727294922,"SAN FRANCISCO","SAN FRANCISCO",-122.4755859375,37.80731201171875
91495516,2021,2021-06-14,9335,2021-05-24,1420,022348,,1,2,7,3801,0,1,2,,2,013,"US-101 N/B","FAITH STREET PEDESTRIAN O/C",1370.00,S,N,A,-,Y,,,101,,,,,,N,Y,4,0,1,3,A,-,07,21658,A,M,B,C,A,A,H,-,A,D,0,,,,,Y,,A,01,0,0,1,0,0,0,0,0,0,"- ","- ",37.740550994873047,-122.40782165527344,"SAN FRANCISCO","SAN FRANCISCO",-122.40777587890625,37.74053955078125
91495522,2021,2021-06-14,9335,2021-06-05,0415,022179,,6,3,7,3801,0,1,1,,2,080,"I-80 W/B TO 5TH ST","5TH STREET",322.00,E,N,A,-,Y,,,80,,,,R,,W,Y,3,0,1,1,A,-,01,23152,A,N,E,I,A,A,H,-,C,D,0,,,,,Y,Y,A,01,0,1,0,0,0,0,0,0,0,"- ","- ",37.778980255126953,-122.40065765380859,"SAN FRANCISCO","SAN FRANCISCO",-122.40065765380859,37.778980255126953
91498417,2021,2021-06-16,9350,2021-06-13,2308,022432,,7,3,7,3801,0,1,2,,2,020,"US-101 N/B","CONZELMAN ROAD",2112.00,S,N,A,E,Y,,,101,,,,,,N,Y,3,0,1,2,A,-,01,23152,A,N,C,E,A,B,H,-,C,D,0,,,,,Y,Y,A,01,0,1,0,0,0,0,0,0,0,"- ","- ",37.825080871582031,-122.47879028320312,"SAN FRANCISCO","SAN FRANCISCO",-122.47936248779297,37.824996948242188
91498742,2021,2021-06-16,9335,2021-06-04,1725,021736,,5,2,7,3801,0,1,1,,2,080,"I-80 W/B","4TH STREET UNDERCROSSING",223.00,W,N,A,-,Y,,,80,,,,,,W,N,3,0,1,2,A,-,07,21658,A,N,B,C,A,A,H,-,A,D,0,,,Y,,Y,,A,01,0,1,0,0,0,0,0,0,1,"- ","- ",37.779911041259766,-122.39969635009766,"SAN FRANCISCO","SAN FRANCISCO",-122.39969635009766,37.779899597167969
91499583,2021,2021-06-17,9335,2021-06-09,1330,021424,,3,1,7,3801,0,1,1,,1,081,"I-80 W/B","NORTHGATE ROAD",5280.00,E,N,A,-,Y,,,,,,,,,,Y,4,0,1,1,A,-,08,22107,,N,E,I,A,A,H,-,A,D,0,,,,,Y,,A,01,0,0,1,0,0,0,0,0,0,"- ","- ",37.819789886474609,-122.34499359130859,"SAN FRANCISCO","SAN FRANCISCO",-122.34579467773438,37.819766998291016
91499684,2021,2021-06-17,9335,2021-06-06,1740,022241,,7,2,7,3801,0,1,2,,2,015,"US-101 S/B","15TH STREET",150.00,N,N,A,-,Y,,,101,,,,,,S,N,3,0,1,2,A,-,01,23152,A,N,F,0,A,A,H,-,A,D,0,,,Y,,Y,Y,C,02,0,1,0,0,0,0,0,0,1,"- ","- ",37.767688751220703,-122.40560150146484,"SAN FRANCISCO","SAN FRANCISCO",-122.40559387207031,37.767692565917969
91501028,2021,2021-06-21,9335,2021-06-10,1730,022266,,4,2,7,3801,0,1,1,,2,022,"I-280 S/B","GENEVA AVENUE OVER-CROSSING",330.00,S,N,A,-,Y,,,280,,,,,,S,N,4,0,1,2,A,-,03,22350,,N,C,C,A,A,H,-,A,D,0,,,,,Y,,A,01,0,0,1,0,0,0,0,0,0,"- ","- ",37.720371246337891,-122.44841766357422,"SAN FRANCISCO","SAN FRANCISCO",-122.44834899902344,37.720359802246094
91501030,2021,2021-06-21,9335,2021-06-11,0122,022596,,5,3,7,3801,0,1,1,,2,080,"I-80 WB TO 9TH STREET","7TH STREET",58.00,W,N,A,-,Y,,,80,,,,R,,W,Y,4,0,1,2,A,-,01,23152,A,N,B,C,A,A,H,-,C,D,0,,,,,Y,Y,A,07,0,0,1,0,0,0,0,0,0,"- ","- ",37.775249481201172,-122.40631866455078,"SAN FRANCISCO","SAN FRANCISCO",-122.40631866455078,37.775249481201172
91501057,2021,2021-06-21,9335,2021-06-12,1350,022326,,6,1,7,3801,0,1,1,,1,081,"I-80 W/B","YERBA BUENA ISLAND TUNNEL",4490.00,W,N,A,-,Y,,,80,,,,,,W,N,4,0,1,2,A,-,03,22350,,N,C,C,A,A,H,-,A,D,0,,,,,Y,,A,07,0,0,1,0,0,0,0,0,0,"- ","- ",37.7994384765625,-122.37619018554688,"SAN FRANCISCO","SAN FRANCISCO",-122.37635040283203,37.799613952636719
91501059,2021,2021-06-21,9335,2021-06-14,1414,018688,,1,2,7,3801,0,1,1,,1,081,"I-80 W/B","TREASURE ISLAND OFF RAMP PHYSICAL GORE POINT",140.00,E,N,A,-,Y,,,80,,,,,,W,N,4,0,1,2,A,-,07,21658,A,N,C,C,A,A,H,-,A,D,0,,,,,Y,,A,07,0,0,1,0,0,0,0,0,0,"- ","- ",37.813438415527344,-122.36197662353516,"SAN FRANCISCO","SAN FRANCISCO",-122.36198425292969,37.813446044921875
91501141,2021,2021-06-21,9335,2021-06-15,0740,021390,,2,1,7,3801,0,1,1,,2,023,"I-280 N/B TO US-101 N/B","THE CORTLAND AVE. UNDERCROSSING",495.00,S,N,A,-,Y,,,,,,,,,,N,4,0,2,2,A,-,03,22350,,N,C,C,A,A,H,-,A,D,0,,,,,Y,,A,01,0,0,2,0,0,0,0,0,0,"- ","- ",37.73822021484375,-122.40770721435547,"SAN FRANCISCO","SAN FRANCISCO",,
91501147,2021,2021-06-21,9335,2021-06-16,1645,020658,,3,2,7,3801,0,1,1,,1,083,"I-80 E/B","YERBA BUENA ISLAND TUNNEL",5280.00,W,N,A,-,Y,,,80,,,,,,E,N,4,0,1,3,A,-,03,22350,,N,C,C,A,A,H,-,A,D,0,,,,,Y,,A,07,0,0,1,0,0,0,0,0,0,"- ","- ",37.797519683837891,-122.37866973876953,"SAN FRANCISCO","SAN FRANCISCO",-122.378662109375,37.797515869140625
91501151,2021,2021-06-21,9335,2021-06-11,1210,022032,,5,1,7,3801,0,1,1,,2,022,"I-280 N/B","FARALLONES ST PEDESTRIAN OVERCROSS",610.00,N,N,A,-,Y,,,280,,,,,,N,N,3,0,1,2,C,-,18,,,N,G,1,D,A,H,-,A,D,0,Y,,,,Y,,-,"- ",0,1,0,0,1,0,0,0,0,"- ","- ",37.714828491210938,-122.45028686523438,"SAN FRANCISCO","SAN FRANCISCO",-122.45030212402344,37.714847564697266
91501658,2021,2021-06-21,9335,2021-06-11,1735,022348,,5,2,7,3801,0,1,1,,2,080,"I-80 E/B","7TH STREET UNDERCROSSING",500.00,E,N,A,-,Y,,,80,,,,,,E,N,4,0,2,2,A,-,03,22350,,M,C,C,A,A,H,-,A,D,0,,,,,Y,,-,99,0,0,2,0,0,0,0,0,0,"- ","- ",37.776470184326172,-122.40428161621094,"SAN FRANCISCO","SAN FRANCISCO",-122.40426635742188,37.776443481445312
91501675,2021,2021-06-21,9335,2021-06-12,2350,022525,,6,3,7,3801,0,1,2,,2,015,"US-101 SB TO I-80 EB","DIVISION ST UNDERCROSSING",100.00,N,N,A,-,Y,,,101,,,,R,,S,Y,3,0,1,1,A,-,08,22107,,N,F,A,A,A,H,-,C,D,0,,,,,Y,,A,07,0,1,0,0,0,0,0,0,0,"- ","- ",37.769371032714844,-122.40602111816406,"SAN FRANCISCO","SAN FRANCISCO",-122.40602111816406,37.769371032714844
91504667,2021,2021-06-23,9335,2021-06-11,1930,022266,,5,2,7,3801,0,1,1,,2,022,"I-280 NB","SAN JOSE AVENUE OVER-CROSSING",100.00,S,N,A,-,Y,,,280,,,,,,N,Y,4,0,2,2,A,-,03,22350,,N,C,C,A,A,H,-,A,D,0,,,,,Y,,D,22,0,0,2,0,0,0,0,0,0,"- ","- ",37.718238830566406,-122.44831848144531,"SAN FRANCISCO","SAN FRANCISCO",-122.44843292236328,37.718254089355469
91506353,2021,2021-06-25,9335,2021-05-21,1615,022326,,5,2,7,3801,0,1,2,,2,015,"US-101 SB","BRYANT STREET UNDERCROSSING",275.00,S,N,A,-,Y,,,101,,,,,,S,Y,2,0,2,2,A,-,03,22350,,F,C,C,A,A,H,-,A,D,0,,,,,Y,,A,01,1,1,0,0,0,0,0,0,0,"- ","- ",37.769149780273438,-122.40981292724609,"SAN FRANCISCO","SAN FRANCISCO",-122.40981292724609,37.769153594970703
91506617,2021,2021-06-25,9335,2021-05-31,1549,022348,,1,2,7,3801,0,1,2,,2,015,"US-101 N/B","HARRISON STREET U/C",740.00,S,N,A,-,Y,,,101,,,,,,N,N,4,0,1,2,A,-,07,21658,A,M,B,2,A,A,H,-,A,D,0,,,,,Y,,-,99,0,0,1,0,0,0,0,0,0,"- ","- ",37.769401550292969,-122.41068267822266,"SAN FRANCISCO","SAN FRANCISCO",-122.41067504882812,37.769474029541016
91507177,2021,2021-06-28,9335,2021-05-21,1410,017672,,5,2,7,3801,0,1,2,,2,014,"US-101 N/B","I-80 E/B CONNECTOR",310.00,S,N,A,-,Y,,,101,,,,,,N,N,4,0,1,2,A,-,07,21658,A,F,B,C,A,A,H,-,A,D,0,,,,,Y,Y,A,01,0,0,1,0,0,0,0,0,0,"- ","- ",37.765350341796875,-122.40489196777344,"SAN FRANCISCO","SAN FRANCISCO",-122.40486907958984,37.765354156494141
91507294,2021,2021-06-28,9335,2021-06-21,2310,021474,,1,3,7,3801,0,1,2,,2,014,"US-101 N/B","18TH ST. PEDESTRIAN O/C",660.00,S,N,A,-,Y,,,101,,,,,,N,Y,4,0,1,1,A,-,01,23152,A,N,E,I,A,A,H,-,D,D,0,,,,,Y,Y,A,01,0,0,1,0,0,0,0,0,0,"- ","- ",37.760368347167969,-122.40638732910156,"SAN FRANCISCO","SAN FRANCISCO",-122.40629577636719,37.760368347167969
91507451,2021,2021-06-28,9335,2021-06-20,1122,022186,,7,1,7,3801,0,1,1,,1,083,"I-80 E/B","YERBA BUENA ISLAND TUNNEL",15.00,E,N,A,-,Y,,,80,,,,,,E,Y,3,0,2,1,A,-,08,22107,,N,E,I,A,A,H,-,A,D,0,,,,,Y,,A,01,0,1,1,0,0,0,0,0,0,"- ","- ",37.81011962890625,-122.36493682861328,"SAN FRANCISCO","SAN FRANCISCO",-122.36512756347656,37.810295104980469
91507456,2021,2021-07-09,9335,2021-06-20,1155,022326,,7,1,7,3801,0,1,2,,2,014,"US-101 N/B","18TH STREET PEDESTRIAN O/C",60.00,S,N,A,-,Y,,,101,,,,,,N,N,4,0,1,2,A,-,03,22350,,N,C,C,A,A,H,-,A,D,0,,,,,Y,,A,01,0,0,1,0,0,0,0,0,0,"- ","- ",37.761989593505859,-122.40583801269531,"SAN FRANCISCO","SAN FRANCISCO",-122.40575408935547,37.761940002441406
91507993,2021,2021-06-28,9335,2021-06-24,1500,022326,,4,2,7,3801,0,1,1,,1,083,"I-80 E/B","THE EMBARCADERO",3535.00,E,N,A,-,Y,,,80,,,,,,E,N,4,0,1,3,A,-,03,22350,,N,C,C,A,A,H,-,A,D,0,,,,,Y,,A,07,0,0,1,0,0,0,0,0,0,"- ","- ",37.79608154296875,-122.37985229492188,"SAN FRANCISCO","SAN FRANCISCO",-122.38001251220703,37.796260833740234
91510752,2021,2021-07-01,9335,2021-06-16,0106,021312,,3,3,7,3801,0,1,2,,2,015,"I-80 W/B TO US-101 N/B","SAN BRUNO AVE",28.00,W,N,A,-,Y,,,80,,,,R,,W,Y,4,0,1,1,A,-,01,23152,A,N,E,I,A,A,H,-,D,D,0,,,,,Y,Y,A,01,0,0,1,0,0,0,0,0,0,"- ","- ",37.76934814453125,-122.40637969970703,"SAN FRANCISCO","SAN FRANCISCO",-122.40637969970703,37.76934814453125
91510975,2021,2021-07-01,9335,2021-06-23,0430,021754,,3,3,7,3801,0,1,1,,1,083,"I-80 EB","YERBA BUENA ISLAND TUNNEL",3850.00,E,N,A,-,Y,,,80,,,,,,E,Y,4,0,1,2,A,-,01,23152,A,N,C,C,A,A,H,-,C,D,0,,,,Y,Y,Y,A,01,0,0,1,0,0,0,0,0,0,"- ","- ",37.817150115966797,-122.35482025146484,"SAN FRANCISCO","SAN FRANCISCO",-122.35484313964844,37.817195892333984
91511906,2021,2021-07-02,9335,2021-06-24,1800,022326,,4,2,7,3801,0,1,1,,2,080,"I-80 E/B","2ND STREET",105.00,W,N,A,-,Y,,,80,,,,,,E,N,3,0,1,2,A,-,07,21658,A,N,B,C,A,A,H,-,A,D,0,,,Y,,Y,,A,01,0,1,0,0,0,0,0,0,1,"- ","- ",37.783451080322266,-122.39472961425781,"SAN FRANCISCO","SAN FRANCISCO",-122.39472198486328,37.783439636230469
91511917,2021,2021-07-02,9335,2021-06-25,1430,022326,,5,2,7,3801,0,1,2,,2,015,"US-101 N/B","MARKET STREET",430.00,S,N,A,-,Y,,,101,,,,,,N,N,4,0,1,2,A,-,07,21658,A,N,C,C,A,A,H,-,A,D,0,,,,,Y,,A,01,0,0,1,0,0,0,0,0,0,"- ","- ",37.770858764648438,-122.42249298095703,"SAN FRANCISCO","SAN FRANCISCO",-122.42250061035156,37.770843505859375
91512744,2021,2021-07-05,9335,2021-06-28,1350,018688,,1,1,7,3801,0,1,1,,1,081,"I-80 W/B","THE EMBARCADERO",730.00,E,N,A,-,Y,,,80,,,,,,W,Y,3,0,2,2,A,-,04,21703,,N,C,C,A,A,H,-,A,D,0,,,,,Y,,A,01,0,1,1,0,0,0,0,0,0,"- ","- ",37.790420532226562,-122.38616180419922,"SAN FRANCISCO","SAN FRANCISCO",-122.38602447509766,37.790283203125
91512850,2021,2021-07-05,9335,2021-05-27,1405,022271,,4,2,7,3801,0,1,1,,1,083,"I-80 E/B","SPEAR STREET",520.00,E,N,A,-,Y,,,80,,,,,,E,Y,4,0,1,3,A,-,03,22350,,F,C,C,A,A,H,-,A,D,0,,,,,Y,,A,01,0,0,1,0,0,0,0,0,0,"- ","- ",37.789249420166016,-122.38736724853516,"SAN FRANCISCO","SAN FRANCISCO",-122.38727569580078,37.789138793945312
91516627,2021,2021-07-09,9335,2021-06-02,1310,021390,,3,1,7,3801,0,1,2,,2,014,"US-101 N/B","THE 18TH ST. PEDESTRIAN O/C.",335.00,S,N,A,-,Y,,,101,,,,,,N,N,4,0,1,3,A,-,03,22350,,F,C,C,A,A,H,-,A,D,0,,,,,Y,,-,99,0,0,1,0,0,0,0,0,0,"- ","- ",37.761249542236328,-122.40608978271484,"SAN FRANCISCO","SAN FRANCISCO",-122.40612030029297,37.761260986328125
91517350,2021,2021-11-01,9335,2021-07-01,0830,022179,,4,1,7,3801,0,1,1,,1,081,"I-80 W/B","TREASURE ISLAND ROAD OVERCROSSING",68.00,W,N,A,B,Y,,,80,,,,,,W,Y,4,0,1,2,A,-,07,21658,A,N,B,C,A,A,H,-,A,D,0,,,,,Y,,-,"- ",0,0,1,0,0,0,0,0,0,"- ","- ",37.808879852294922,-122.36641693115234,"SAN FRANCISCO","SAN FRANCISCO",-122.36639404296875,37.808856964111328
91517479,2021,2021-07-12,9335,2021-06-29,1035,022040,,2,1,7,3801,0,1,1,,1,081,"I-80 W/B","TREASURE ISLAND ROAD",1279.00,W,N,B,-,Y,,,80,,,,,,W,Y,4,0,1,2,A,-,03,22350,,N,C,C,A,A,H,-,A,D,0,,,,,Y,,A,07,0,0,1,0,0,0,0,0,0,"- ","- ",37.806198120117188,-122.368896484375,"SAN FRANCISCO","SAN FRANCISCO",-122.36903381347656,37.806346893310547
91520803,2021,2021-07-15,9335,2021-07-07,0945,021328,,3,1,7,3801,0,1,1,,2,080,"I-80 E/B","3RD ST. U/C",250.00,W,N,B,-,Y,,,80,,,,,,E,Y,4,0,3,2,A,-,03,22350,,N,C,C,A,A,H,-,A,D,0,,,,,Y,,A,01,0,0,3,0,0,0,0,0,0,"- ","- ",37.781288146972656,-122.39726257324219,"SAN FRANCISCO","SAN FRANCISCO",-122.39725494384766,37.781284332275391
91520807,2021,2021-07-15,9335,2021-07-09,1845,022517,,5,2,7,3801,0,1,2,,2,014,"US-101 SB","23RD STREET OVER CROSSING",560.00,N,N,A,-,Y,,,101,,,,,,S,N,4,0,1,2,A,-,03,22350,,N,C,C,A,A,H,-,A,D,0,,,,,Y,,D,22,0,0,1,0,0,0,0,0,0,"- ","- ",37.756088256835938,-122.40342712402344,"SAN FRANCISCO","SAN FRANCISCO",-122.40330505371094,37.756107330322266
91520822,2021,2021-07-15,9335,2021-07-02,1130,021222,,5,1,7,3801,0,1,1,,1,083,"I-80 EASTBOUND TO TREASURE ISLAND","TREASURE ISLAND RD",120.00,W,N,A,-,Y,,,80,,,,R,,E,N,4,0,1,1,A,-,08,22107,,N,E,I,A,A,H,-,A,D,0,,,,,Y,,A,07,0,0,1,0,0,0,0,0,0,"- ","- ",37.808990478515625,-122.36692810058594,"SAN FRANCISCO","SAN FRANCISCO",-122.36692810058594,37.808990478515625
91520905,2021,2021-07-15,9335,2021-07-12,1145,021390,,1,1,7,3801,0,1,2,,2,014,"US-101 SOUTHBOUND","THE CESAR CHAVEZ ST. UNDERCROSSING",110.00,N,N,B,-,Y,,,101,,,,,,S,Y,3,0,2,2,A,-,03,22350,,N,C,C,A,A,H,-,A,D,0,,,,,Y,,A,01,0,1,1,0,0,0,0,0,0,"- ","- ",37.749820709228516,-122.40363311767578,"SAN FRANCISCO","SAN FRANCISCO",-122.40367126464844,37.749832153320312
91521139,2021,2021-07-15,9335,2021-07-05,1140,021390,,1,1,7,3801,0,1,1,,2,023,"I-280 SOUTHBOUND","THE ST. MARYS PARK FOOTBRIDGE",850.00,N,N,A,-,Y,,,280,,,,,,S,Y,3,0,1,2,C,-,18,,,F,C,2,A,A,H,-,A,D,0,,,Y,,Y,,-,"- ",0,1,0,0,0,0,0,0,1,"- ","- ",37.732028961181641,-122.41779327392578,"SAN FRANCISCO","SAN FRANCISCO",-122.41779327392578,37.732021331787109
91521759,2021,2021-07-16,9335,2021-07-04,0215,022326,,7,3,7,3801,0,1,1,,2,080,"I-80 E/B","HARRIET STREET",190.00,W,N,A,-,Y,,,80,,,,,,E,Y,2,0,9,3,A,-,01,23152,A,N,C,C,A,A,H,-,C,D,0,,,,,Y,Y,A,01,2,3,4,0,0,0,0,0,0,"- ","- ",37.776069641113281,-122.40467071533203,"SAN FRANCISCO","SAN FRANCISCO",-122.40470123291016,37.776107788085938
91521793,2021,2021-07-21,9335,2021-02-16,2313,021312,,2,3,7,3801,0,1,1,,2,080,"I-80 E/B","2ND STREET",200.00,W,N,B,-,Y,,,80,,,,,,E,N,1,1,0,2,A,-,11,21954,A,F,G,B,E,A,H,-,D,D,0,Y,,,,Y,,N,60,0,0,0,1,0,0,0,0,0,"- ","- ",37.783191680908203,-122.39521026611328,"SAN FRANCISCO","SAN FRANCISCO",-122.3951416015625,37.783107757568359
91522168,2021,2021-08-30,9335,2021-06-09,1330,020658,,3,1,7,3801,0,1,1,,2,080,"I-80  E/B FROM 5TH STREET","5TH STREET",150.00,E,N,A,-,Y,,,80,,,,R,,E,N,4,0,1,2,A,-,03,22350,,F,C,C,A,A,H,-,A,D,0,,,,,Y,,-,99,0,0,1,0,0,0,0,0,0,"- ","- ",37.779140472412109,-122.40007781982422,"SAN FRANCISCO","SAN FRANCISCO",-122.40007781982422,37.779140472412109
91522207,2021,2021-07-16,9335,2021-07-08,1900,022266,,4,2,7,3801,0,1,1,,1,081,"I-80 WB","2ND STREET",550.00,E,N,A,-,Y,,,80,,,,,,W,N,3,0,1,2,A,-,03,22350,,N,C,C,A,A,H,-,A,D,0,,,,,Y,,A,07,0,1,0,0,0,0,0,0,0,"- ","- ",37.784858703613281,-122.39306640625,"SAN FRANCISCO","SAN FRANCISCO",-122.39303588867188,37.784774780273438
91522233,2021,2021-07-16,9350,2021-07-10,1545,022411,,6,2,7,3801,0,3,5,,2,001,"MERCHANT RD. TO US-101 S/B","US-101 S/B",30.00,W,N,A,-,N,,,,,,,,,,N,4,0,2,2,A,-,03,22350,,N,C,C,A,A,H,-,A,D,0,,,,,Y,,A,01,0,0,2,0,0,0,0,0,0,"- ","- ",37.806400299072266,-122.47499084472656,"SAN FRANCISCO","SAN FRANCISCO",-122.47510528564453,37.806388854980469
91522664,2021,2021-07-19,9335,2021-07-01,1930,022186,,4,2,7,3801,0,1,1,,1,083,"I-80 E/B","2ND STREET U/C",900.00,E,N,B,-,Y,,,80,,,,,,E,Y,4,0,1,3,A,-,08,22107,,N,B,C,A,A,H,-,A,D,0,,,,,Y,,A,01,0,0,1,0,0,0,0,0,0,"- ","- ",37.785331726074219,-122.39202117919922,"SAN FRANCISCO","SAN FRANCISCO",-122.39199829101562,37.785293579101562
91522701,2021,2021-07-19,9335,2021-06-12,0040,022271,,6,3,7,3801,0,1,2,,2,015,"US-101 NORTHBOUND","BRANNAN STREET",500.00,S,N,A,-,Y,,,101,,,,,,N,N,4,0,1,2,A,-,03,22350,,M,C,C,A,A,H,-,C,D,0,,,,,Y,,-,99,0,0,1,0,0,0,0,0,0,"- ","- ",37.768600463867188,-122.40628814697266,"SAN FRANCISCO","SAN FRANCISCO",-122.40631866455078,37.768558502197266
91522724,2021,2021-07-19,9335,2021-07-11,1520,022266,,7,2,7,3801,0,1,2,,2,015,"US-101 SB TO I-80 EB","DIVISION STREET",100.00,S,N,A,-,Y,,,101,,,,R,,S,Y,3,0,1,1,A,-,03,22350,,N,E,I,A,A,H,-,A,D,0,,,Y,,Y,,C,02,0,1,0,0,0,0,0,0,1,"- ","- ",37.77001953125,-122.40538787841797,"SAN FRANCISCO","SAN FRANCISCO",-122.40538787841797,37.77001953125
91522876,2021,2021-07-19,9335,2021-07-13,1145,022032,,2,1,7,3801,0,1,1,,2,080,"I-80 E/B","3RD ST",270.00,E,N,A,-,Y,,,80,,,,,,E,Y,3,0,1,2,A,-,03,22350,,N,C,C,A,A,H,-,A,D,0,,,,,Y,,A,08,0,1,0,0,0,0,0,0,0,"- ","- ",37.782539367675781,-122.39592742919922,"SAN FRANCISCO","SAN FRANCISCO",-122.3958740234375,37.782478332519531
91522881,2021,2021-07-19,9335,2021-07-13,1448,021672,,2,2,7,3801,0,1,1,,1,083,"I-80 E/B","YERBA BUENA ISLAND TUNNEL",550.00,W,N,A,-,Y,,,80,,,,,,E,N,4,0,1,2,A,-,03,22350,,N,C,C,A,A,H,-,A,D,0,,,,,Y,,A,08,0,0,1,0,0,0,0,0,0,"- ","- ",37.807758331298828,-122.36756134033203,"SAN FRANCISCO","SAN FRANCISCO",-122.36753082275391,37.807731628417969
91523298,2021,2021-07-19,9335,2021-06-12,0855,022032,,6,1,7,3801,0,1,1,,2,023,"I-280 N/B TO US-101 N/B","CORTLAND AVE",500.00,S,N,B,-,Y,,,,,,,,,,Y,3,0,1,2,A,-,07,21658,A,F,E,I,A,A,H,-,A,D,0,,,,,Y,,-,99,0,1,0,0,0,0,0,0,0,"- ","- ",37.738170623779297,-122.40762329101562,"SAN FRANCISCO","SAN FRANCISCO",,
91526211,2021,2021-07-22,9335,2021-07-13,1701,018688,,2,2,7,3801,0,1,1,,2,080,"I-80 E/B","ALAMEDA ST.",38.00,E,N,A,-,Y,,,80,,,,,,E,Y,3,0,5,3,C,-,18,,,N,C,C,A,A,H,-,A,D,0,,,,,Y,,-,"- ",0,1,4,0,0,0,0,0,0,"- ","- ",37.768680572509766,-122.40514373779297,"SAN FRANCISCO","SAN FRANCISCO",-122.40511322021484,37.768680572509766