CASE_ID,ACCIDENT_YEAR,PROC_DATE,JURIS,COLLISION_DATE,COLLISION_TIME,OFFICER_ID,REPORTING_DISTRICT,DAY_OF_WEEK,CHP_SHIFT,POPULATION,CNTY_CITY_LOC,SPECIAL_COND,BEAT_TYPE,CHP_BEAT_TYPE,CITY_DIVISION_LAPD,CHP_BEAT_CLASS,BEAT_NUMBER,PRIMARY_RD,SECONDARY_RD,DISTANCE,DIRECTION,INTERSECTION,WEATHER_1,WEATHER_2,STATE_HWY_IND,CALTRANS_COUNTY,CALTRANS_DISTRICT,STATE_ROUTE,ROUTE_SUFFIX,POSTMILE_PREFIX,POSTMILE,LOCATION_TYPE,RAMP_INTERSECTION,SIDE_OF_HWY,TOW_AWAY,COLLISION_SEVERITY,NUMBER_KILLED,NUMBER_INJURED,PARTY_COUNT,PRIMARY_COLL_FACTOR,PCF_CODE_OF_VIOL,PCF_VIOL_CATEGORY,PCF_VIOLATION,PCF_VIOL_SUBSECTION,HIT_AND_RUN,TYPE_OF_COLLISION,MVIW,PED_ACTION,ROAD_SURFACE,ROAD_COND_1,ROAD_COND_2,LIGHTING,CONTROL_DEVICE,CHP_ROAD_TYPE,PEDESTRIAN_ACCIDENT,BICYCLE_ACCIDENT,MOTORCYCLE_ACCIDENT,TRUCK_ACCIDENT,NOT_PRIVATE_PROPERTY,ALCOHOL_INVOLVED,STWD_VEHTYPE_AT_FAULT,CHP_VEHTYPE_AT_FAULT,COUNT_SEVERE_INJ,COUNT_VISIBLE_INJ,COUNT_COMPLAINT_PAIN,COUNT_PED_KILLED,COUNT_PED_INJURED,COUNT_BICYCLIST_KILLED,COUNT_BICYCLIST_INJURED,COUNT_MC_KILLED,COUNT_MC_INJURED,PRIMARY_RAMP,SECONDARY_RAMP,LATITUDE,LONGITUDE,COUNTY,CITY,POINT_X,POINT_Y
91526373,2021,2021-07-22,9335,2021-07-13,0935,020509,,2,1,7,3801,0,1,1,,1,081,"I-80 WESTBOUND","YERBA BUENA ISLAND TUNNEL",4520.00,W,N,B,-,Y,,,80,,,,,,W,N,4,0,2,3,A,-,03,22350,,N,C,C,A,A,H,-,A,D,0,,,,,Y,,A,01,0,0,2,0,0,0,0,0,0,"- ","- ",37.799369812011719,-122.37615203857422,"SAN FRANCISCO","SAN FRANCISCO",-122.37635803222656,37.799602508544922
91526473,2021,2021-07-22,9335,2021-07-06,1648,021886,,2,2,7,3801,0,1,2,,2,013,"US-101 S/B","CORTLAND AVE. U/C",518.00,S,N,A,-,Y,,,101,,,,,,S,Y,4,0,5,3,A,-,08,22107,,N,E,I,A,A,H,-,A,D,0,,,,,Y,,A,07,0,0,5,0,0,0,0,0,0,"- ","- ",37.738201141357422,-122.408203125,"SAN FRANCISCO","SAN FRANCISCO",-122.40808868408203,37.738212585449219
91527235,2021,2021-07-23,9335,2021-06-12,1453,022271,,6,2,7,3801,0,1,2,,2,014,"US-101 SOUTHBOUND","18TH STREET PEDESTRIAN OVERCROSSING",415.00,S,N,A,-,Y,,,101,,,,,,S,Y,3,0,2,3,A,-,07,21658,A,F,B,C,A,A,H,-,A,D,0,,,,,Y,,-,99,0,1,1,0,0,0,0,0,0,"- ","- ",37.7611083984375,-122.40637969970703,"SAN FRANCISCO","SAN FRANCISCO",-122.40637969970703,37.7611083984375
91527464,2021,2021-07-23,9335,2021-06-16,1920,018688,,3,2,7,3801,0,1,1,,2,080,"I-80 E/B","16TH ST.",15.00,W,N,A,-,Y,,,80,,,,,,E,N,4,0,1,3,A,-,07,21658,A,F,B,C,A,A,H,-,B,D,0,,,,,Y,,-,99,0,0,1,0,0,0,0,0,0,"- ","- ",37.765819549560547,-122.4049072265625,"SAN FRANCISCO","SAN FRANCISCO",-122.4049072265625,37.765819549560547
91528150,2021,2021-07-26,9335,2021-07-15,0840,020509,,4,1,7,3801,0,1,2,,2,015,"US-101 NORTHBOUND","FOLSOM STREET U/C",236.00,S,N,B,-,Y,,,101,,,,,,N,N,4,0,1,4,A,-,07,21658,A,N,B,C,A,A,H,-,A,D,0,,,,,Y,,A,07,0,0,1,0,0,0,0,0,0,"- ","- ",37.769660949707031,-122.41465759277344,"SAN FRANCISCO","SAN FRANCISCO",-122.41465759277344,37.769634246826172
91528155,2021,2021-07-26,9335,2021-06-18,1530,022326,,5,2,7,3801,0,1,1,,1,081,"I-80 WB TO FREMONT ST","FOLSOM STREET",100.00,E,N,A,-,Y,,,80,,,,R,,W,N,4,0,1,2,A,-,03,22350,,M,C,C,A,A,H,-,A,D,0,,,,,Y,,-,99,0,0,1,0,0,0,0,0,0,"- ","- ",37.786041259765625,-122.39549255371094,"SAN FRANCISCO","SAN FRANCISCO",-122.39549255371094,37.786041259765625
91528338,2021,2021-07-26,9335,2021-06-20,1710,022271,,7,2,7,3801,0,1,2,,2,013,"US-101 TO PAUL AVENUE","PAUL AVE",800.00,S,N,B,-,Y,,,101,,,,R,,,N,4,0,1,2,A,-,03,22350,,F,C,C,A,A,H,-,A,D,0,,,,,Y,,-,99,0,0,1,0,0,0,0,0,0,"- ","- ",37.721748352050781,-122.40090179443359,"SAN FRANCISCO","SAN FRANCISCO",-122.40090179443359,37.721748352050781
91528339,2021,2021-07-26,9335,2021-07-20,1033,021328,,2,1,7,3801,0,1,2,,2,014,"US-101 N/B","23RD ST. OVERCROSSING",50.00,N,N,B,-,Y,,,101,,,,,,N,N,4,0,2,2,A,-,03,22350,,N,C,C,A,A,H,-,A,D,0,,,,,Y,,A,01,0,0,2,0,0,0,0,0,0,"- ","- ",37.754718780517578,-122.40296936035156,"SAN FRANCISCO","SAN FRANCISCO",-122.4029541015625,37.754722595214844
91528343,2021,2021-07-26,9335,2021-07-19,1055,020509,,1,1,7,3801,0,1,1,,1,081,"I-80 WESTBOUND","YERBA BUENA ISLAND TUNNEL",4224.00,E,N,A,-,Y,,,80,,,,,,W,N,3,0,1,2,A,-,07,21658,A,F,B,C,A,A,H,-,A,D,0,,,,,Y,,A,07,0,1,0,0,0,0,0,0,0,"- ","- ",37.818008422851562,-122.35394287109375,"SAN FRANCISCO","SAN FRANCISCO",-122.35395812988281,37.818050384521484
91528641,2021,2021-07-26,9335,2021-07-18,1942,021736,,7,2,7,3801,0,1,1,,1,083,"I-80 E/B","TREASURE ISLAND ROAD OVERCROSSING",650.00,W,N,A,-,Y,,,80,,,,,,E,N,4,0,1,2,A,-,07,21658,A,N,B,C,A,A,H,-,A,D,0,,,,,Y,,A,01,0,0,1,0,0,0,0,0,0,"- ","- ",37.807571411132812,-122.36759185791016,"SAN FRANCISCO","SAN FRANCISCO",-122.36764526367188,37.807624816894531
91529001,2021,2021-07-26,9335,2021-06-10,1345,022271,,4,1,7,3801,0,1,2,,2,013,"US-101 NORTHBOUND","FAITH STREET PEDESTRIAN OVERCROSSING",420.00,N,N,A,-,Y,,,101,,,,,,N,N,4,0,2,2,A,-,03,22350,,F,C,C,A,A,H,-,A,D,0,,,,,Y,,A,07,0,0,2,0,0,0,0,0,0,"- ","- ",37.744918823242188,-122.40496063232422,"SAN FRANCISCO","SAN FRANCISCO",-122.40504455566406,37.744945526123047
91531519,2021,2021-07-29,9335,2021-07-22,1645,022024,,4,2,7,3801,0,1,1,,1,083,"I-80 E/B","TREASURE ISLAND RD. OVERCROSSING",2482.00,E,N,A,-,Y,,,80,,,,,,E,Y,3,0,2,2,A,-,03,22350,,N,C,C,A,A,H,-,A,D,0,,,,,Y,,A,01,0,1,1,0,0,0,0,0,0,"- ","- ",37.813999176025391,-122.36025238037109,"SAN FRANCISCO","SAN FRANCISCO",-122.36034393310547,37.814159393310547
91531592,2021,2021-07-29,9350,2021-07-21,1405,021719,,3,2,7,3801,0,1,2,,2,020,"US-101 S/B","LINCOLN BLVD",450.00,N,N,A,-,Y,,,101,,,,,,S,Y,3,0,1,1,A,-,08,22107,,N,E,I,A,A,H,-,A,D,0,,,,,Y,,A,01,0,1,0,0,0,0,0,0,0,"- ","- ",37.80718994140625,-122.47573089599609,"SAN FRANCISCO","SAN FRANCISCO",-122.47574615478516,37.807174682617188
91531602,2021,2021-07-29,9335,2021-07-26,0845,021390,,1,1,7,3801,0,1,2,,2,015,"US-101 NORTHBOUND","THE ALAMEDA ST. UNDERCROSSING",105.00,N,N,B,-,Y,,,101,,,,,,N,N,4,0,1,2,A,-,03,22350,,N,C,C,A,A,H,-,A,D,0,,,,,Y,,A,01,0,0,1,0,0,0,0,0,0,"- ","- ",37.768688201904297,-122.40650177001953,"SAN FRANCISCO","SAN FRANCISCO",-122.40650177001953,37.768692016601562
91531729,2021,2021-07-29,9335,2021-07-26,1830,018688,,1,2,7,3801,0,1,1,,1,081,"I-80 W/B","CECTER ANCHORAGE",460.00,E,N,A,-,Y,,,80,,,,,,W,Y,4,0,2,5,A,-,07,21658,A,N,B,2,A,A,H,-,A,D,0,,,,Y,Y,,A,01,0,0,2,0,0,0,0,0,0,"- ","- ",37.799278259277344,-122.37632751464844,"SAN FRANCISCO","SAN FRANCISCO",-122.37650299072266,37.799472808837891
91531818,2021,2021-07-29,9335,2021-07-27,0935,020509,,2,1,7,3801,0,1,1,,1,081,"I-80 WESTBOUND","YERBA BUENA ISLAND TUNNEL",3379.00,E,N,A,-,Y,,,80,,,,,,W,N,3,0,2,2,A,-,04,21703,,N,C,C,A,A,H,-,A,D,0,,,,,Y,,A,01,0,1,1,0,0,0,0,0,0,"- ","- ",37.8165283203125,-122.35668182373047,"SAN FRANCISCO","SAN FRANCISCO",-122.35674285888672,37.816658020019531
91534140,2021,2021-08-02,9335,2021-06-23,1720,022175,,3,2,7,3801,0,1,1,,2,080,"I-80 E/B","DIVISION ST.",30.00,E,N,A,-,Y,,,80,,,,,,E,Y,4,0,1,3,A,-,03,22350,,M,C,C,A,A,H,-,A,D,0,,,,,Y,,A,01,0,0,1,0,0,0,0,0,0,"- ","- ",37.769840240478516,-122.40522003173828,"SAN FRANCISCO","SAN FRANCISCO",-122.40523529052734,37.76983642578125
91534142,2021,2021-08-02,9335,2021-07-15,1730,021886,,4,2,7,3801,0,1,1,,2,022,"I-280 S/B","ST. CHARLES AVE. O/C",262.00,S,N,B,-,Y,,,280,,,,,,S,Y,4,0,1,2,A,-,01,23152,A,N,B,2,A,A,H,-,A,D,0,,,,,Y,Y,A,01,0,0,1,0,0,0,0,0,0,"- ","- ",37.707588195800781,-122.46965026855469,"SAN FRANCISCO","SAN FRANCISCO",-122.46963500976562,37.707569122314453
91537256,2021,2021-08-05,9335,2021-07-27,2315,022596,,2,3,7,3801,0,1,2,,2,014,"US-101 S/B","23RD STREET OVERCROSSING",376.00,N,N,A,-,Y,,,101,,,,,,S,Y,3,0,3,2,A,-,01,23152,A,N,C,C,A,A,H,-,D,D,0,,,,,Y,Y,A,01,0,1,2,0,0,0,0,0,0,"- ","- ",37.757640838623047,-122.40440368652344,"SAN FRANCISCO","SAN FRANCISCO",-122.40436553955078,37.757682800292969
91537384,2021,2021-08-05,9335,2021-07-27,0940,021328,,2,1,7,3801,0,1,1,,2,024,"I-280 S/B","22ND ST. U/C",185.00,S,N,A,-,Y,,,280,,,,,,S,Y,3,0,2,1,A,-,08,22107,,N,E,I,A,A,H,-,A,D,0,,,,,Y,,A,07,0,1,1,0,0,0,0,0,0,"- ","- ",37.75714111328125,-122.39243316650391,"SAN FRANCISCO","SAN FRANCISCO",-122.39241027832031,37.75714111328125
91538509,2021,2021-10-15,9335,2021-07-25,1800,021736,,7,2,7,3801,0,1,2,,2,014,"US-101 N/B","23RD ST",100.00,S,N,A,-,Y,,,101,,,,,,N,N,4,0,2,3,A,-,03,22350,,N,C,C,A,A,H,-,A,D,0,,,,,Y,,A,01,0,0,2,0,0,0,0,0,0,"- ","- ",37.7540283203125,-122.40294647216797,"SAN FRANCISCO","SAN FRANCISCO",-122.40288543701172,37.754035949707031
91538518,2021,2021-08-06,9335,2021-07-23,1800,022266,,5,2,7,3801,0,1,2,,2,014,"US-101 NB","23 RD STREET OVER CROSSING",111.00,S,N,A,-,Y,,,101,,,,,,N,Y,3,0,1,2,A,-,03,22350,,N,C,C,A,A,H,-,A,D,0,,,Y,,Y,,C,02,0,1,0,0,0,0,0,0,1,"- ","- ",37.754150390625,-122.40287017822266,"SAN FRANCISCO","SAN FRANCISCO",-122.40290069580078,37.754146575927734
91539414,2021,2021-08-09,9335,2021-07-02,1940,021736,,5,2,7,3801,0,1,2,,2,014,"US-101 S/B","18TH STREET PEDESTRIAN OVER CROSSING",570.00,S,N,A,-,Y,,,101,,,,,,S,N,4,0,1,3,A,-,07,21658,A,M,B,C,A,A,H,-,A,D,0,,,,,Y,,-,99,0,0,1,0,0,0,0,0,0,"- ","- ",37.760700225830078,-122.40644836425781,"SAN FRANCISCO","SAN FRANCISCO",-122.40650177001953,37.760715484619141
91539478,2021,2021-08-09,9335,2021-07-09,1434,022517,,5,2,7,3801,0,1,2,,2,014,"US-101 NB","17TH STREET UNDER CROSSING",5.00,S,N,A,-,Y,,,101,,,,,,N,N,4,0,2,3,A,-,03,22350,,M,C,C,A,A,H,-,A,D,0,,,,,Y,,-,99,0,0,2,0,0,0,0,0,0,"- ","- ",37.764598846435547,-122.40483093261719,"SAN FRANCISCO","SAN FRANCISCO",-122.40485382080078,37.764602661132812
91539769,2021,2021-08-09,9335,2021-07-30,1710,021736,,5,2,7,3801,0,1,1,,2,080,"I-80 E/B","2ND ST",769.00,E,N,A,-,Y,,,80,,,,,,E,N,4,0,1,3,A,-,03,22350,,N,C,C,A,A,H,-,A,D,0,,,,,Y,,A,01,0,0,1,0,0,0,0,0,0,"- ","- ",37.785160064697266,-122.39234161376953,"SAN FRANCISCO","SAN FRANCISCO",-122.39232635498047,37.785125732421875
91540178,2021,2021-08-09,9335,2021-08-06,1910,017672,,5,2,7,3801,0,1,1,,2,023,"I-280 S/B","ALEMANY BLVD OFF-RAMP",400.00,N,N,B,-,Y,,,280,,,,,,S,Y,3,0,2,2,A,-,07,21658,A,N,B,C,A,A,H,-,A,D,0,,,,,Y,,A,01,0,2,0,0,0,0,0,0,0,"- ","- ",37.732189178466797,-122.41536712646484,"SAN FRANCISCO","SAN FRANCISCO",-122.41536712646484,37.732170104980469
91541065,2021,2021-08-10,9335,2021-07-13,1655,021424,,2,2,7,3801,0,1,2,,2,014,"US-101 N/B","18TH STREET PEDESTRIAN OVERCROSSING",500.00,S,N,A,-,Y,,,101,,,,,,N,N,4,0,2,2,C,-,18,,,N,C,C,A,A,H,-,A,D,0,,,,,Y,,-,"- ",0,0,2,0,0,0,0,0,0,"- ","- ",37.760841369628906,-122.40630340576172,"SAN FRANCISCO","SAN FRANCISCO",-122.40625,37.760826110839844
91541483,2021,2021-08-10,9335,2021-08-03,1230,021390,,2,1,7,3801,0,1,2,,2,014,"US-101 NORTHBOUND","THE 22ND ST. OVERCROSSING",620.00,N,N,A,-,Y,,,101,,,,,,N,Y,4,0,1,2,A,-,03,22350,,N,C,C,A,A,H,-,A,D,0,,,Y,,Y,,C,02,0,0,1,0,0,0,0,0,1,"- ","- ",37.758190155029297,-122.40487670898438,"SAN FRANCISCO","SAN FRANCISCO",-122.40483856201172,37.758251190185547
91541610,2021,2021-08-10,9335,2021-08-03,1235,022032,,2,1,7,3801,0,1,1,,2,080,"I-80 W/B TO 5TH ST","5TH ST",70.00,E,N,A,-,Y,,,80,,,,R,,W,Y,4,0,1,2,C,-,18,,,N,B,2,A,A,H,-,A,A,0,,,,,Y,,-,"- ",0,0,1,0,0,0,0,0,0,"- ","- ",37.779048919677734,-122.40145874023438,"SAN FRANCISCO","SAN FRANCISCO",-122.40145874023438,37.779048919677734
91542160,2021,2021-08-11,9335,2021-07-31,0001,021339,,6,3,7,3801,0,1,2,,2,014,"US 101 S/B","23RD ST OVERCROSS",108.00,S,N,A,-,Y,,,,,,,,,,N,4,0,1,2,D,-,00,,,N,C,C,A,A,H,-,D,D,0,,,,,Y,,-,"- ",0,0,1,0,0,0,0,0,0,"- ","- ",37.754131317138672,-122.40319061279297,"SAN FRANCISCO","SAN FRANCISCO",-122.40313720703125,37.754341125488281
91542287,2021,2021-08-11,9335,2021-08-09,1210,021390,,1,1,7,3801,0,1,2,,2,013,"US-101 NORTHBOUND","THE CESAR CHAVEZ ST. UNDERCROSSING",200.00,S,N,A,-,Y,,,101,,,,,,N,Y,4,0,1,2,A,-,08,22107,,N,C,C,A,A,H,-,A,D,0,,,,,Y,,A,01,0,0,1,0,0,0,0,0,0,"- ","- ",37.748771667480469,-122.40386199951172,"SAN FRANCISCO","SAN FRANCISCO",-122.40380859375,37.748752593994141
91542838,2021,2022-02-17,9335,2021-08-11,0500,022032,,3,3,7,3801,0,1,2,,2,013,"US-101 S/B","FAITH ST PEDESTRAIN OVERCROSS",210.00,N,N,A,-,Y,,,101,,,,,,S,Y,4,0,1,2,A,-,07,21658,A,M,B,2,A,A,H,-,D,D,0,,,,Y,Y,,-,"- ",0,0,1,0,0,0,0,0,0,"- ","- ",37.744491577148438,-122.40544891357422,"SAN FRANCISCO","SAN FRANCISCO",-122.40549468994141,37.744514465332031
91543182,2021,2021-08-12,9335,2021-01-09,0742,022186,,6,1,7,3801,0,1,2,,2,015,"US-101 S/B","16TH STREET U/C",572.00,N,N,B,-,Y,,,101,,,,,,S,Y,1,1,0,2,A,-,08,22107,,N,E,I,A,B,H,-,A,D,0,,,Y,,Y,Y,C,02,0,0,0,0,0,0,0,1,0,"- ","- ",37.767570495605469,-122.40550231933594,"SAN FRANCISCO","SAN FRANCISCO",-122.40552520751953,37.767555236816406
91545062,2021,2021-08-16,9335,2021-08-08,0100,022525,,7,3,7,3801,0,1,2,,2,015,"US-101 S/B","DIVISION ST UNDERCROSSING",75.00,S,N,B,-,Y,,,,,,,,,,Y,4,0,2,1,A,-,03,22350,,N,E,I,A,A,H,-,C,D,0,,,,,Y,,A,01,0,0,2,0,0,0,0,0,0,"- ","- ",37.769458770751953,-122.40544891357422,"SAN FRANCISCO","SAN FRANCISCO",-122.41340637207031,37.769451141357422
91545393,2021,2021-08-16,9335,2021-07-18,0200,022517,,7,3,7,3801,0,1,1,,1,083,"I-80 E/B","BEALE STREET UNDER CROSSING",630.00,W,N,A,-,Y,,,80,,,,,,E,Y,3,0,1,2,A,-,03,22350,,F,C,C,A,A,H,-,C,D,0,,,,,Y,,A,01,0,1,0,0,0,0,0,0,0,"- ","- ",37.785419464111328,-122.39195251464844,"SAN FRANCISCO","SAN FRANCISCO",-122.39190673828125,37.785343170166016
91545556,2021,2021-08-16,9350,2021-08-07,0936,022578,,6,1,7,3801,0,1,2,,2,010,"US-101 S/B","HALLECK STREET O/C",1960.00,N,N,A,-,Y,,,101,,,,,,S,Y,3,0,1,1,A,-,03,22350,,N,F,A,A,A,H,-,A,D,0,,,Y,,Y,,C,02,0,1,0,0,0,0,0,0,1,"- ","- ",37.801578521728516,-122.46092987060547,"SAN FRANCISCO","SAN FRANCISCO",-122.46095275878906,37.801734924316406
91545565,2021,2021-08-16,9335,2021-08-04,2325,019999,,3,3,7,3801,0,1,2,,2,014,"US-101 S/B","CESAR CHAVEZ UNDERCROSSING",1500.00,N,N,A,-,Y,,,101,,,,,,S,Y,3,0,1,2,A,-,01,23152,A,N,B,2,A,A,H,-,D,D,0,,,,,Y,Y,A,07,0,1,0,0,0,0,0,0,0,"- ","- ",37.752288818359375,-122.40305328369141,"SAN FRANCISCO","SAN FRANCISCO",-122.40303802490234,37.752288818359375
91546201,2021,2021-08-16,9335,2021-08-05,1943,022667,,4,2,7,3801,0,1,1,,2,080,"I-80 W/B","7TH STREET UNDERCROSSING",96.00,W,N,A,-,Y,,,80,,,,,,W,Y,3,0,1,1,A,-,01,23152,G,N,E,8,A,A,H,-,B,D,0,,,,,Y,Y,A,01,0,1,0,0,0,0,0,0,0,"- ","- ",37.775081634521484,-122.40637969970703,"SAN FRANCISCO","SAN FRANCISCO",-122.40631866455078,37.775039672851562
91546785,2021,2021-08-17,9350,2021-08-04,1945,022614,,3,2,7,3801,0,1,2,,2,010,"US-101 NORTHBOUND TO LINCOLN BOULEVARD","LINCOLN BLVD U/C",141.00,N,N,B,-,Y,,,101,,,,R,,N,N,3,0,1,1,A,-,03,22350,,N,E,I,A,A,H,-,A,D,0,,,Y,,Y,,C,02,0,1,0,0,0,0,0,0,1,"- ","- ",37.806709289550781,-122.47464752197266,"SAN FRANCISCO","SAN FRANCISCO",-122.47464752197266,37.806709289550781
91546793,2021,2021-11-01,9335,2021-08-07,0750,019631,,6,1,7,3801,0,1,1,,2,080,"I-80 E/B","7TH ST",245.00,E,N,B,-,Y,,,80,,,,,,E,Y,3,0,2,2,A,-,08,22107,,N,B,2,A,A,H,-,A,D,0,,,,,Y,,A,01,0,2,0,0,0,0,0,0,0,"- ","- ",37.775611877441406,-122.40518951416016,"SAN FRANCISCO","SAN FRANCISCO",-122.40522003173828,37.775638580322266
91547121,2021,2021-08-17,9335,2021-08-07,2000,021736,,6,2,7,3801,0,1,1,,1,081,"I-80 W/B","THE EMBARCADERO",648.00,E,N,A,-,Y,,,80,,,,,,W,N,4,0,2,2,A,-,03,22350,,N,C,C,A,A,H,-,B,D,0,,,,,Y,,A,07,0,0,2,0,0,0,0,0,0,"- ","- ",37.7900390625,-122.38639068603516,"SAN FRANCISCO","SAN FRANCISCO",-122.38633728027344,37.789981842041016
91547877,2021,2021-08-18,9335,2021-08-08,1355,022179,,7,1,7,3801,0,1,2,,2,015,"US-101 S/B","THE ALAMEDA STREET UNDERCROSSING",83.00,S,N,A,-,Y,,,101,,,,,,S,N,3,0,1,1,A,-,08,22107,,N,E,I,A,A,H,-,A,D,0,,,Y,,Y,,C,02,0,1,0,0,0,0,0,0,1,"- ","- ",37.768218994140625,-122.40617370605469,"SAN FRANCISCO","SAN FRANCISCO",-122.40615844726562,37.768241882324219
91549056,2021,2021-08-19,9335,2021-08-08,0210,022266,,7,3,7,3801,0,1,1,,2,022,"I-280 S/B","FARALLONES STREET OVER-CROSSING",286.00,N,N,A,-,Y,,,280,,,,,,S,Y,4,0,1,1,A,-,01,23152,A,N,E,I,A,A,H,-,C,D,0,,,,,Y,Y,A,01,0,0,1,0,0,0,0,0,0,"- ","- ",37.714370727539062,-122.45136260986328,"SAN FRANCISCO","SAN FRANCISCO",-122.45125579833984,37.714244842529297
91551996,2021,2021-08-23,9335,2021-08-14,1120,019631,,6,1,7,3801,0,1,1,,1,083,"I-80 E/B","I-80 E/B FROM HARRISON ST",150.00,E,N,A,-,Y,,,80,,,,,,E,N,4,0,1,3,A,-,03,22350,,N,C,C,A,A,H,-,A,D,0,,,,,Y,,A,01,0,0,1,0,0,0,0,0,0,"- ","- ",37.785858154296875,-122.39096832275391,"SAN FRANCISCO","SAN FRANCISCO",-122.39098358154297,37.785884857177734
91552752,2021,2021-08-24,9335,2021-08-15,0218,022596,,7,3,7,3801,0,1,2,,2,015,"US-101 SB","DIVISION STREET",58.00,N,N,A,-,Y,,,,,,,,,,Y,4,0,1,1,A,-,01,23152,A,N,E,I,A,A,H,-,C,D,0,,,,,Y,Y,A,01,0,0,1,0,0,0,0,0,0,"- ","- ",37.769519805908203,-122.40544891357422,"SAN FRANCISCO","SAN FRANCISCO",-122.41340637207031,37.769451141357422
91552786,2021,2021-08-24,9335,2021-08-15,1550,021736,,7,2,7,3801,0,1,1,,2,023,"I-280 N/B TO I-280 N/B","BAYSHORE BLVD",105.00,N,N,A,-,N,,,280,,,,R,,N,N,4,0,1,2,A,-,03,22350,,N,C,C,A,A,H,-,A,D,0,,,,,Y,,A,07,0,0,1,0,0,0,0,0,0,"- ","- ",37.735458374023438,-122.40596771240234,"SAN FRANCISCO","SAN FRANCISCO",-122.40596771240234,37.735458374023438
91552800,2021,2021-08-24,9335,2021-08-15,1551,021736,,7,2,7,3801,0,1,1,,2,023,"I-280 NORTHBOUND TO I-280 NORTHBOUND","BAYSHORE BOULEVARD",110.00,N,N,A,-,Y,,,280,,,,R,,N,N,3,0,2,2,A,-,03,22350,,N,C,C,A,A,H,-,A,D,0,,,,,Y,,A,01,0,1,1,0,0,0,0,0,0,"- ","- ",37.735458374023438,-122.40596771240234,"SAN FRANCISCO","SAN FRANCISCO",-122.40596771240234,37.735458374023438
91555029,2021,2021-10-18,9335,2021-08-21,1020,021222,,6,1,7,3801,0,1,1,,2,023,"I-280 N/B TO US-101 N/B","INDUSTRIAL STREET",300.00,N,N,A,-,Y,,,,,,,,,,N,3,0,1,2,A,-,03,22350,,N,C,C,A,A,H,-,A,D,0,,,Y,,Y,,C,02,0,1,0,0,0,0,0,0,1,"- ","- ",37.738780975341797,-122.40780639648438,"SAN FRANCISCO","SAN FRANCISCO",-122.39907836914062,37.740589141845703
91555190,2021,2021-08-26,9335,2021-08-17,1940,020658,,2,2,7,3801,0,1,2,,2,015,"US-101 N/B TO DUBOCE AVENUE OFF-RAMP","SOUTH VAN NESS AVENUE",140.00,S,N,A,-,Y,,,101,,,,R,,N,N,4,0,1,2,A,-,03,22350,,N,C,C,A,A,H,-,A,D,0,,,,,Y,,A,01,0,0,1,0,0,0,0,0,0,"- ","- ",37.769889831542969,-122.41716003417969,"SAN FRANCISCO","SAN FRANCISCO",-122.41716003417969,37.769889831542969
91557536,2021,2021-08-30,9335,2021-07-07,1622,022024,,3,2,7,3801,0,1,1,,1,083,"I-80 E/B","THE EMBARCADERO UNDERCROSSING",205.00,E,N,A,-,Y,,,80,,,,,,E,Y,3,0,1,2,A,-,07,21658,A,N,B,C,A,A,H,-,A,D,0,,,Y,,Y,,A,01,0,1,0,0,0,0,0,0,1,"- ","- ",37.789241790771484,-122.38744354248047,"SAN FRANCISCO","SAN FRANCISCO",-122.38732147216797,37.789100646972656
91559144,2021,2021-08-31,9335,2021-07-31,1600,022266,,6,2,7,3801,0,1,1,,2,080,"I-80 W/B TO 5TH STREET","5TH STREET",107.00,E,N,A,-,Y,,,80,,,,R,,W,Y,4,0,1,2,A,-,03,22350,,M,C,2,A,A,H,-,A,D,0,,,,,Y,,A,07,0,0,1,0,0,0,0,0,0,"- ","- ",37.778999328613281,-122.40125274658203,"SAN FRANCISCO","SAN FRANCISCO",-122.40125274658203,37.778999328613281