CASE_ID,ACCIDENT_YEAR,PROC_DATE,JURIS,COLLISION_DATE,COLLISION_TIME,OFFICER_ID,REPORTING_DISTRICT,DAY_OF_WEEK,CHP_SHIFT,POPULATION,CNTY_CITY_LOC,SPECIAL_COND,BEAT_TYPE,CHP_BEAT_TYPE,CITY_DIVISION_LAPD,CHP_BEAT_CLASS,BEAT_NUMBER,PRIMARY_RD,SECONDARY_RD,DISTANCE,DIRECTION,INTERSECTION,WEATHER_1,WEATHER_2,STATE_HWY_IND,CALTRANS_COUNTY,CALTRANS_DISTRICT,STATE_ROUTE,ROUTE_SUFFIX,POSTMILE_PREFIX,POSTMILE,LOCATION_TYPE,RAMP_INTERSECTION,SIDE_OF_HWY,TOW_AWAY,COLLISION_SEVERITY,NUMBER_KILLED,NUMBER_INJURED,PARTY_COUNT,PRIMARY_COLL_FACTOR,PCF_CODE_OF_VIOL,PCF_VIOL_CATEGORY,PCF_VIOLATION,PCF_VIOL_SUBSECTION,HIT_AND_RUN,TYPE_OF_COLLISION,MVIW,PED_ACTION,ROAD_SURFACE,ROAD_COND_1,ROAD_COND_2,LIGHTING,CONTROL_DEVICE,CHP_ROAD_TYPE,PEDESTRIAN_ACCIDENT,BICYCLE_ACCIDENT,MOTORCYCLE_ACCIDENT,TRUCK_ACCIDENT,NOT_PRIVATE_PROPERTY,ALCOHOL_INVOLVED,STWD_VEHTYPE_AT_FAULT,CHP_VEHTYPE_AT_FAULT,COUNT_SEVERE_INJ,COUNT_VISIBLE_INJ,COUNT_COMPLAINT_PAIN,COUNT_PED_KILLED,COUNT_PED_INJURED,COUNT_BICYCLIST_KILLED,COUNT_BICYCLIST_INJURED,COUNT_MC_KILLED,COUNT_MC_INJURED,PRIMARY_RAMP,SECONDARY_RAMP,LATITUDE,LONGITUDE,COUNTY,CITY,POINT_X,POINT_Y
91559388,2021,2021-08-31,9350,2021-08-25,0934,022634,,3,1,7,3801,0,1,2,,1,120,"US-101 N/B, GGB EAST SIDEWALK","NORTH TOWER OF GOLDEN GATE BRIDGE",1018.00,S,N,A,-,N,,,101,,,,,,N,N,3,0,1,1,B,-,22,,,N,F,A,A,A,H,-,A,D,0,,Y,,,Y,,L,04,0,1,0,0,0,0,1,0,0,"- ","- ",37.822990417480469,-122.47878265380859,"SAN FRANCISCO","SAN FRANCISCO",-122.47906494140625,37.822948455810547
91560565,2021,2021-09-01,9335,2021-08-20,2130,022266,,5,2,7,3801,0,1,1,,2,023,"I-280 N/B","ALEMANY BOULEVARD",286.00,S,N,A,-,Y,,,280,,,,,,N,Y,3,0,2,2,A,-,03,22350,,N,C,C,A,A,H,-,C,D,0,,,,,Y,,A,01,0,2,0,0,0,0,0,0,0,"- ","- ",37.731941223144531,-122.4156494140625,"SAN FRANCISCO","SAN FRANCISCO",-122.4156494140625,37.731956481933594
91561089,2021,2021-09-02,9335,2021-08-23,1120,014455,,1,1,7,3801,0,1,1,,2,084,"I-80 E/B","TREASURE ISLAND TUNNEL /  EAST EDGE",500.00,E,N,A,-,Y,,,80,,,,,,E,N,4,0,1,3,A,-,03,22350,,N,C,C,A,A,H,-,A,D,0,,,,,Y,,D,22,0,0,1,0,0,0,0,0,0,"- ","- ",37.811260223388672,-122.36396789550781,"SAN FRANCISCO","SAN FRANCISCO",-122.36406707763672,37.811359405517578
91561414,2021,2021-09-02,9335,2021-08-23,1540,020658,,1,2,7,3801,0,1,1,,1,083,"I-80 E/B","THE YERBA BUENA ISLAND TUNNEL",1690.00,E,N,A,-,Y,,,80,,,,,,E,Y,4,0,1,2,A,-,03,22350,,N,C,2,A,A,C,-,A,D,0,,,,,Y,,A,01,0,0,1,0,0,0,0,0,0,"- ","- ",37.81365966796875,-122.36100769042969,"SAN FRANCISCO","SAN FRANCISCO",-122.36106109619141,37.813739776611328
91561420,2021,2021-09-02,9335,2021-08-21,0750,019631,,6,1,7,3801,0,1,1,,2,080,"I-80 E/B","5TH ST",50.00,E,N,B,-,Y,,,80,,,,,,E,Y,4,0,3,2,A,-,07,21658,A,N,B,C,A,A,H,-,B,D,0,,,,,Y,,A,01,0,0,3,0,0,0,0,0,0,"- ","- ",37.778419494628906,-122.40065002441406,"SAN FRANCISCO","SAN FRANCISCO",-122.40065765380859,37.778430938720703
91561467,2021,2021-09-02,9335,2021-08-23,1740,020991,,1,2,7,3801,0,1,1,,2,022,"I-280 N/B","SAN JOSE AVE",57.00,S,N,A,-,Y,,,280,,,,,,N,N,4,0,1,2,A,-,07,21658,A,N,B,C,A,A,H,-,A,D,0,,,,,Y,,A,07,0,0,1,0,0,0,0,0,0,"- ","- ",37.718330383300781,-122.44834136962891,"SAN FRANCISCO","SAN FRANCISCO",-122.44842529296875,37.718338012695312
91561481,2021,2021-09-02,9335,2021-08-23,1400,022007,,1,2,7,3801,0,1,1,,1,083,"I-80 E/B","THE EMBARCADERO UNDER-CROSSING",20.00,W,N,A,-,Y,,,80,,,,,,E,Y,4,0,1,2,A,-,03,22350,,N,C,C,A,A,H,-,A,D,0,,,Y,,Y,,C,02,0,0,1,0,0,0,0,0,1,"- ","- ",37.788520812988281,-122.38823699951172,"SAN FRANCISCO","SAN FRANCISCO",-122.38811492919922,37.788387298583984
91563474,2021,2021-09-06,9335,2021-08-26,1350,021736,,4,1,7,3801,0,1,2,,2,013,"US-101 N/B","25TH STREET PED OVERCROSSING",150.00,S,N,A,-,Y,,,101,,,,,,N,N,4,0,1,2,A,-,03,22350,,N,C,C,A,A,H,-,A,D,0,,,,,Y,,A,07,0,0,1,0,0,0,0,0,0,"- ","- ",37.752059936523438,-122.40293884277344,"SAN FRANCISCO","SAN FRANCISCO",-122.40286254882812,37.752052307128906
91566228,2021,2021-09-09,9350,2021-08-30,1420,022643,,1,2,7,3801,0,1,2,,2,020,"US 101 N/B","MERCHANT RD",420.00,N,N,B,-,Y,,,,,,,,,,Y,4,0,1,3,A,-,03,22350,,M,C,C,A,A,H,-,A,D,0,,,,,Y,,A,01,0,0,1,0,0,0,0,0,0,"- ","- ",37.807651519775391,-122.47573089599609,"SAN FRANCISCO","SAN FRANCISCO",-122.47453308105469,37.806819915771484
91571970,2021,2021-09-16,9335,2021-08-28,2323,022416,,6,3,7,3801,0,1,2,,2,013,"US-101 N/B","FAITH STREET PEDESTRIAN OVERCROSSING",2.00,S,N,A,-,Y,,,101,,,,,,N,N,2,0,1,2,C,-,18,,,N,G,B,E,A,H,-,C,D,0,Y,,,,Y,,-,"- ",1,0,0,0,1,0,0,0,0,"- ","- ",37.743728637695312,-122.40566253662109,"SAN FRANCISCO","SAN FRANCISCO",-122.40571594238281,37.7437744140625
91571980,2021,2021-09-16,9335,2021-08-28,2324,022416,,6,3,7,3801,0,1,2,,2,013,"US-101 N/B","FAITH STREET PEDESTRIAN OVERCROSSING",63.00,N,N,A,-,Y,,,101,,,,,,N,Y,3,0,1,1,C,-,18,,,N,E,J,A,A,H,-,C,D,0,,,,,Y,,-,"- ",0,1,0,0,0,0,0,0,0,"- ","- ",37.744010925292969,-122.40540313720703,"SAN FRANCISCO","SAN FRANCISCO",-122.40548706054688,37.744075775146484
91572023,2021,2021-09-16,9335,2021-07-12,0210,022326,,1,3,7,3801,0,1,1,,2,022,"I-280 S/B","FARALLONES STREET PEDESTRIAN O/C",675.00,N,N,B,-,Y,,,280,,,,,,S,Y,3,0,2,2,A,-,01,23152,A,F,E,I,A,B,H,-,D,D,0,,,,,Y,Y,A,01,0,1,1,0,0,0,0,0,0,"- ","- ",37.715030670166016,-122.45024871826172,"SAN FRANCISCO","SAN FRANCISCO",-122.45028686523438,37.715068817138672
91572028,2021,2021-09-16,9335,2021-07-12,0212,022326,,1,3,7,3801,0,1,1,,2,022,"I-280 S/B","FARALLONES STREET PEDESTRIAN O/C",640.00,N,N,B,-,Y,,,280,,,,,,S,Y,3,0,1,1,C,-,18,,,N,E,J,A,B,H,-,D,D,0,,,,,Y,,-,"- ",0,1,0,0,0,0,0,0,0,"- ","- ",37.715000152587891,-122.45037841796875,"SAN FRANCISCO","SAN FRANCISCO",-122.45037078857422,37.714988708496094
91572290,2021,2021-09-16,9335,2021-09-03,1445,017672,,5,2,7,3801,0,1,1,,1,083,"I-80 E/B","ESSEX STREET ON-RAMP",30.00,E,N,A,-,Y,,,80,,,,,,E,N,4,0,2,2,A,-,03,22350,,N,C,C,A,A,H,-,A,D,0,,,,,Y,,A,01,0,0,2,0,0,0,0,0,0,"- ","- ",37.785438537597656,-122.39192199707031,"SAN FRANCISCO","SAN FRANCISCO",-122.39187622070312,37.785358428955078
91572303,2021,2021-09-16,9335,2021-07-11,1700,022241,,7,2,7,3801,0,1,1,,2,022,"I-280 S/B","THE SAN JOSE AVENUE OVERCROSSING",174.00,N,N,A,-,Y,,,280,,,,,,S,N,3,0,3,2,A,-,03,22350,,F,C,2,A,A,H,-,A,D,0,,,Y,,Y,,C,02,0,1,2,0,0,0,0,0,0,"- ","- ",37.719039916992188,-122.44860076904297,"SAN FRANCISCO","SAN FRANCISCO",-122.44850921630859,37.719028472900391
91573712,2021,2021-09-20,9350,2021-09-10,0900,022633,,5,1,7,3801,0,1,2,,2,020,"EAST PARKING LOT OF GOLDEN GATE BRIGDE","LINCOLN BOULEVARD",240.00,N,N,B,-,N,,,,,,,,,,N,4,0,1,2,A,-,12,22450,A,N,D,G,A,D,H,-,A,D,0,,Y,,,Y,,L,04,0,0,1,0,0,0,1,0,0,"- ","- ",37.80718994140625,-122.47403717041016,"SAN FRANCISCO","SAN FRANCISCO",,
91573763,2021,2021-09-20,9335,2021-09-08,1628,021886,,3,2,7,3801,0,1,2,,2,013,"US-101 N/B","FAITH ST. PED O/C",172.00,S,N,A,-,Y,,,101,,,,,,N,Y,4,0,2,2,A,-,07,21658,A,N,C,C,A,A,H,-,A,D,0,,,,,Y,,A,01,0,0,2,0,0,0,0,0,0,"- ","- ",37.743480682373047,-122.40592193603516,"SAN FRANCISCO","SAN FRANCISCO",-122.40593719482422,37.743495941162109
91574340,2021,2021-09-20,9335,2021-09-10,1215,021390,,5,1,7,3801,0,1,1,,2,022,"I-280 S/B","THE ALEMANY BLVD. UNDERCROSSING",465.00,S,N,B,-,Y,,,280,,,,,,S,Y,3,0,1,3,A,-,03,22350,,N,C,C,A,A,C,-,A,D,0,,,,,Y,,A,01,0,1,0,0,0,0,0,0,0,"- ","- ",37.710639953613281,-122.46302795410156,"SAN FRANCISCO","SAN FRANCISCO",-122.46302795410156,37.710544586181641
91574444,2021,2021-09-20,9335,2021-09-11,1025,021390,,6,1,7,3801,0,1,1,,2,024,"I-280 S/B","THE 18TH ST. OVERCROSSING",255.00,S,N,A,-,Y,,,280,,,,,,S,Y,4,0,1,1,A,-,08,22107,,N,E,I,A,A,H,-,A,D,0,,,,,Y,,A,01,0,0,1,0,0,0,0,0,0,"- ","- ",37.762050628662109,-122.39260101318359,"SAN FRANCISCO","SAN FRANCISCO",-122.39261627197266,37.762046813964844
91574560,2021,2021-09-20,9335,2021-09-11,1651,019799,,6,2,7,3801,0,1,1,,1,081,"I-80 W/B","ALAMEDA COUNTY LINE",350.00,W,N,A,-,Y,,,80,,,,,,W,Y,4,0,1,2,A,-,03,22350,,N,C,C,A,A,H,-,A,D,0,,,,,Y,,A,01,0,0,1,0,0,0,0,0,0,"- ","- ",37.818939208984375,-122.35121154785156,"SAN FRANCISCO","SAN FRANCISCO",-122.35121917724609,37.818965911865234
91574601,2021,2021-09-20,9335,2021-09-12,1110,021390,,7,1,7,3801,0,1,2,,2,015,"US-101 S/B TO US-101 S/B","THE ALAMEDA ST. UNDERCROSSING",105.00,N,N,A,-,Y,,,101,,,,R,,S,Y,4,0,1,1,A,-,08,22107,,N,E,I,A,A,H,-,A,D,0,,,,,Y,,A,01,0,0,1,0,0,0,0,0,0,"- ","- ",37.768619537353516,-122.40686798095703,"SAN FRANCISCO","SAN FRANCISCO",-122.40686798095703,37.768619537353516
91575299,2021,2021-09-21,9335,2021-09-13,0640,020610,,1,1,7,3801,0,1,1,,2,023,"I-280 N/B","ST. MARY'S PARK FOOTBRIDGE OVER-CROSSING",870.00,N,N,A,-,Y,,,280,,,,,,N,Y,4,0,1,1,A,-,08,22107,,N,E,I,A,A,H,-,A,D,0,,,,,Y,,A,01,0,0,1,0,0,0,0,0,0,"- ","- ",37.731941223144531,-122.41764831542969,"SAN FRANCISCO","SAN FRANCISCO",-122.41764831542969,37.731857299804688
91576074,2021,2021-09-21,9335,2021-09-09,1645,021916,,4,2,7,3801,0,1,1,,2,022,"I-280 S/B","FARALLONES STREET OVERCROSSING",732.00,N,N,A,-,Y,,,280,,,,,,S,Y,3,0,1,2,A,-,07,21658,A,N,C,C,A,A,H,-,A,D,0,,,Y,,Y,,C,02,0,1,0,0,0,0,0,0,1,"- ","- ",37.715248107910156,-122.45024108886719,"SAN FRANCISCO","SAN FRANCISCO",-122.45017242431641,37.715171813964844
91578755,2021,2021-09-24,9335,2021-07-20,1930,021886,,2,2,7,3801,0,1,1,,2,023,"I-280 N/B TO US-101 N/B","CORTLAND AVE. U/C",550.00,S,N,A,-,Y,,,,,,,,,,N,4,0,1,2,A,-,03,22350,,F,C,C,A,A,H,-,A,D,0,,,,,Y,,A,07,0,0,1,0,0,0,0,0,0,"- ","- ",37.73809814453125,-122.40765380859375,"SAN FRANCISCO","SAN FRANCISCO",,
91579558,2021,2021-09-27,9335,2021-08-16,2340,021754,,1,3,7,3801,0,1,1,,1,083,"I-80 EASTBOUND","YERBA BUENA ISLAND TUNNEL EAST EDGE",6330.00,E,N,A,-,Y,,,,,,,,,,Y,3,0,4,2,A,-,01,23152,A,F,B,2,A,A,H,-,C,D,0,,,,,Y,Y,A,01,0,3,1,0,0,0,0,0,0,"- ","- ",37.819328308105469,-122.34596252441406,"SAN FRANCISCO","SAN FRANCISCO",,
91579589,2021,2021-09-27,9335,2021-09-12,0530,018399,,7,3,7,3801,0,1,1,,1,083,"I-80 E/B","TREASURE ISLAND RD",921.00,W,N,A,-,Y,,,80,,,,,,E,Y,3,0,1,2,A,-,03,22350,,N,C,C,A,A,H,-,C,D,0,,,,Y,Y,,A,01,0,1,0,0,0,0,0,0,0,"- ","- ",37.807170867919922,-122.36779022216797,"SAN FRANCISCO","SAN FRANCISCO",-122.36794281005859,37.807338714599609
91579818,2021,2021-09-27,9335,2021-09-18,2350,022596,,6,3,7,3801,0,1,2,,2,014,"US-101 S/B","25TH STREET PEDESTRIAN OVERCROSSING",236.00,N,N,C,-,Y,,,101,,,,,,S,Y,4,0,1,2,A,-,03,22350,,N,C,C,A,B,H,-,D,D,0,,,,,Y,,A,01,0,0,1,0,0,0,0,0,0,"- ","- ",37.753021240234375,-122.40305328369141,"SAN FRANCISCO","SAN FRANCISCO",-122.40300750732422,37.753021240234375
91579820,2021,2021-09-27,9335,2021-09-18,1055,020972,,6,1,7,3801,0,1,2,,2,013,"US 101 NB","CESAR CHAVEZ STREET",500.00,S,N,A,-,Y,,,,,,,,,,Y,4,0,1,1,A,-,08,22107,,N,F,A,A,A,H,-,A,D,0,,,Y,,Y,,C,02,0,0,1,0,0,0,0,0,1,"- ","- ",37.747951507568359,-122.40408325195312,"SAN FRANCISCO","SAN FRANCISCO",-122.40400695800781,37.748027801513672
91579825,2021,2021-09-27,9335,2021-07-28,0555,020509,,3,3,7,3801,0,1,1,,1,081,"I-80 WESTBOUND","YERBA BUENA ISLAND TUNNEL",5016.00,W,N,B,-,Y,,,80,,,,,,W,Y,3,0,1,2,A,-,07,21658,A,F,B,C,A,A,H,-,B,D,0,,,Y,,Y,,A,01,0,1,0,0,0,0,0,0,1,"- ","- ",37.79827880859375,-122.37734985351562,"SAN FRANCISCO","SAN FRANCISCO",-122.3775634765625,37.79852294921875
91580194,2021,2021-09-27,9335,2021-09-04,1338,022468,,6,1,7,3801,0,1,2,,2,015,"US-101 N/B","DIVISION STREET",422.00,S,N,A,-,Y,,,101,,,,,,N,Y,4,0,1,4,A,-,03,22350,,N,C,C,A,A,H,-,A,D,0,,,,,Y,,A,07,0,0,1,0,0,0,0,0,0,"- ","- ",37.768489837646484,-122.40614318847656,"SAN FRANCISCO","SAN FRANCISCO",-122.40617370605469,37.768444061279297
91581137,2021,2021-09-28,9335,2021-09-14,1420,022703,,2,2,7,3801,0,1,2,,2,013,"US-101 NORTHBOUND","FAITH STREET OVERCROSSING",435.00,N,N,A,-,Y,,,101,,,,,,N,N,4,0,1,3,A,-,03,22350,,N,C,C,A,A,H,-,A,D,0,,,,,Y,Y,A,01,0,0,1,0,0,0,0,0,0,"- ","- ",37.744491577148438,-122.40532684326172,"SAN FRANCISCO","SAN FRANCISCO",-122.40525817871094,37.744457244873047
91582051,2021,2021-09-28,9335,2021-08-02,1813,021886,,1,2,7,3801,0,1,2,,2,013,"US-101 S/B","SILVER AVE. O/C",597.00,N,N,A,-,Y,,,101,,,,,,S,N,4,0,1,2,A,-,04,21703,,N,C,C,A,A,H,-,A,D,0,,,,,Y,,A,01,0,0,1,0,0,0,0,0,0,"- ","- ",37.734149932861328,-122.40634155273438,"SAN FRANCISCO","SAN FRANCISCO",-122.40626525878906,37.734199523925781
91582056,2021,2021-09-28,9335,2021-08-20,1730,022517,,5,2,7,3801,0,1,2,,2,014,"US-101 NB","16TH STREET UNDER CROSSING",120.00,S,N,A,-,Y,,,101,,,,,,N,N,4,0,1,4,A,-,03,22350,,M,C,C,A,A,H,-,A,D,0,,,,,Y,,A,01,0,0,1,0,0,0,0,0,0,"- ","- ",37.765529632568359,-122.40496826171875,"SAN FRANCISCO","SAN FRANCISCO",-122.40489959716797,37.765541076660156
91582061,2021,2021-09-28,9335,2021-08-21,1750,022517,,6,2,7,3801,0,1,2,,2,013,"US-101 NB","CORTLAND AVENUE",160.00,S,N,A,-,Y,,,101,,,,,,N,Y,4,0,2,3,A,-,03,22350,,M,C,C,A,A,H,-,A,D,0,,,,,Y,,A,07,0,0,2,0,0,0,0,0,0,"- ","- ",37.739070892333984,-122.40802764892578,"SAN FRANCISCO","SAN FRANCISCO",-122.40799713134766,37.739070892333984
91582062,2021,2021-09-28,9335,2021-08-04,1515,021886,,3,2,7,3801,0,1,2,,2,014,"US-101 N/B","22ND ST. PED O/C",594.00,N,N,A,-,Y,,,101,,,,,,N,N,4,0,1,2,A,-,03,22350,,N,C,C,A,A,H,-,A,D,0,,,,,Y,,D,22,0,0,1,0,0,0,0,0,0,"- ","- ",37.7581787109375,-122.40469360351562,"SAN FRANCISCO","SAN FRANCISCO",-122.40470886230469,37.758155822753906
91583963,2021,2021-11-03,9335,2021-08-06,0600,022188,,5,1,7,3801,0,1,2,,2,014,"US-101 SB","23RD ST OVERCROSSING",86.00,N,N,A,-,Y,,,101,,,,,,S,Y,4,0,1,7,A,-,07,21658,A,N,B,C,A,A,H,-,B,D,0,,,,,Y,,-,"- ",0,0,1,0,0,0,0,0,0,"- ","- ",37.754810333251953,-122.40316772460938,"SAN FRANCISCO","SAN FRANCISCO",-122.40316772460938,37.754810333251953
91583984,2021,2021-09-30,9335,2021-09-19,0133,022416,,7,3,7,3801,0,1,1,,1,081,"I-80 W/B","MAIN STREET",1901.00,E,N,A,-,Y,,,80,,,,,,W,Y,3,0,1,2,A,-,07,21658,A,N,B,C,A,A,H,-,C,D,0,,,,,Y,,A,07,0,1,0,0,0,0,0,0,0,"- ","- ",37.791339874267578,-122.3848876953125,"SAN FRANCISCO","SAN FRANCISCO",-122.38489532470703,37.791343688964844
91583986,2021,2021-09-30,9335,2021-09-21,1458,021886,,2,2,7,3801,0,1,2,,2,015,"US-101 S/B","BRYANT ST. U/C",541.00,S,N,A,-,Y,,,101,,,,,,S,Y,4,0,1,2,A,-,03,22350,,N,C,C,A,A,H,-,A,D,0,,,,,Y,,A,01,0,0,1,0,0,0,0,0,0,"- ","- ",37.768951416015625,-122.40899658203125,"SAN FRANCISCO","SAN FRANCISCO",-122.40898895263672,37.768989562988281
91584038,2021,2021-09-30,9335,2021-09-19,2235,022271,,7,3,7,3801,0,1,1,,2,023,"I-280 N/B FROM ALEMANY BLVD.","ST. MARY'S PARK FOOTBRIDGE",800.00,N,N,B,-,Y,,,280,,,,R,,N,Y,4,0,1,1,A,-,08,22107,,N,E,J,A,A,H,-,C,D,0,,,,,Y,,A,07,0,0,1,0,0,0,0,0,0,"- ","- ",37.731639862060547,-122.41779327392578,"SAN FRANCISCO","SAN FRANCISCO",-122.41779327392578,37.731639862060547
91585661,2021,2021-10-01,9335,2021-09-17,1755,022186,,5,2,7,3801,0,1,1,,2,023,"I-280 N/B","SAN JOSE AVENUE O/C",22.00,S,N,B,-,Y,,,280,,,,,,N,Y,2,0,1,4,A,-,03,22350,,N,C,C,A,A,H,-,A,D,0,,,,,Y,,A,01,1,0,0,0,0,0,0,0,0,"- ","- ",37.718448638916016,-122.44828796386719,"SAN FRANCISCO","SAN FRANCISCO",-122.44841003417969,37.718463897705078
91586402,2021,2021-10-04,9335,2021-08-06,1900,022667,,5,2,7,3801,0,1,1,,2,023,"I-280 N/B","SAN JOSE AVENUE UNDERCROSSING",121.00,N,N,B,-,Y,,,280,,,,,,N,Y,3,0,1,2,A,-,01,23152,G,N,C,C,A,A,H,-,B,D,0,,,,,Y,Y,A,01,0,1,0,0,0,0,0,0,0,"- ","- ",37.731418609619141,-122.43486022949219,"SAN FRANCISCO","SAN FRANCISCO",-122.43484497070312,37.731365203857422
91586405,2021,2021-10-29,9335,2021-09-17,2256,022271,,5,3,7,3801,0,1,2,,2,013,"US-101 S/B TO PAUL AVENUE","PAUL AVENUE UNDERCROSSING",740.00,S,N,A,-,Y,,,101,,,,R,,S,Y,2,0,5,1,A,-,01,23152,A,N,E,I,A,A,H,-,D,A,0,,,,,Y,Y,A,07,4,1,0,0,0,0,0,0,0,"- ","- ",37.721828460693359,-122.40080261230469,"SAN FRANCISCO","SAN FRANCISCO",-122.40080261230469,37.721828460693359
91587962,2021,2021-10-05,9335,2021-08-21,1850,022186,,6,2,7,3801,0,1,1,,2,022,"I-280 N/B","GENEVA AVENUE O/C",610.00,S,N,B,-,Y,,,280,,,,,,N,N,4,0,1,2,A,-,03,22350,,N,C,C,A,A,H,-,A,D,0,,,,,Y,,A,01,0,0,1,0,0,0,0,0,0,"- ","- ",37.719440460205078,-122.44814300537109,"SAN FRANCISCO","SAN FRANCISCO",-122.44828796386719,37.719459533691406
91588042,2021,2021-10-05,9335,2021-09-23,1608,021886,,4,2,7,3801,0,1,1,,2,022,"I-280 S/B","BADEN ST. O/C",127.00,N,N,A,-,Y,,,280,,,,,,S,Y,2,0,1,2,A,-,03,22350,,N,C,C,A,A,H,-,A,D,0,,,,,Y,,D,22,1,0,0,0,0,0,0,0,0,"- ","- ",37.730388641357422,-122.4390869140625,"SAN FRANCISCO","SAN FRANCISCO",-122.43904876708984,37.730255126953125
91588053,2021,2021-10-05,9335,2021-09-22,1046,018804,,3,1,7,3801,0,1,1,,2,023,"I-280 N/B TO SAN JOSE AVENUE","SAN JOSE AVENUE",162.00,N,N,A,-,Y,,,280,,,,R,,N,Y,3,0,1,4,A,-,08,22107,,N,C,C,A,A,H,-,A,D,0,,,,,Y,,A,01,0,1,0,0,0,0,0,0,0,"- ","- ",37.731311798095703,-122.43488311767578,"SAN FRANCISCO","SAN FRANCISCO",-122.43488311767578,37.731311798095703
91591146,2021,2021-10-08,9335,2021-09-27,1729,018688,,1,2,7,3801,0,1,1,,1,081,"I-80 W/B","HARRISON ST. OFF RAMP PHYSICAL GORE POINT",855.00,E,N,C,-,Y,,,80,,,,,,W,Y,3,0,1,2,A,-,07,21658,A,N,B,C,A,B,H,-,A,D,0,,,,,Y,,A,08,0,1,0,0,0,0,0,0,0,"- ","- ",37.786209106445312,-122.39054107666016,"SAN FRANCISCO","SAN FRANCISCO",-122.39053344726562,37.786201477050781
91592129,2021,2021-10-11,9335,2021-09-24,1450,022468,,5,2,7,3801,0,1,2,,2,013,"US-101 S/B","BAYSHORE BLVD",1003.00,S,N,A,-,Y,,,101,,,,,,S,N,4,0,1,2,A,-,08,22107,,N,F,A,A,A,H,-,A,D,0,,,,,Y,,A,01,0,0,1,0,0,0,0,0,0,"- ","- ",37.74578857421875,-122.40498352050781,"SAN FRANCISCO","SAN FRANCISCO",-122.40493774414062,37.745777130126953
91592137,2021,2021-10-11,9335,2021-09-26,0105,022271,,7,3,7,3801,0,1,2,,2,013,"US-101 S/B","CORTLAND AVE",693.00,S,N,A,-,Y,,,101,,,,,,S,Y,4,0,1,2,A,-,01,23152,A,N,C,C,A,A,H,-,C,D,0,,,,,Y,Y,A,01,0,0,1,0,0,0,0,0,0,"- ","- ",37.737911224365234,-122.40809631347656,"SAN FRANCISCO","SAN FRANCISCO",-122.40804290771484,37.737922668457031
91592141,2021,2021-10-11,9335,2021-09-24,2200,022187,,5,3,7,3801,0,1,2,,2,013,"US-101 S/B","THE PAUL AVENUE UNDER-CROSSING",745.00,N,N,A,-,Y,,,101,,,,,,S,Y,3,0,1,1,A,-,08,22107,,N,E,I,A,A,H,-,D,D,0,,,,,Y,,A,01,0,1,0,0,0,0,0,0,0,"- ","- ",37.725811004638672,-122.40203094482422,"SAN FRANCISCO","SAN FRANCISCO",-122.40216827392578,37.725757598876953
91592265,2021,2021-10-11,9335,2021-09-02,1735,022667,,4,2,7,3801,0,1,2,,2,013,"US-101 SB","FAITH STREET PEDESTRIAN OVERCROSSING",650.00,N,N,A,-,Y,,,101,,,,,,S,Y,4,0,1,2,A,-,03,22350,,F,C,C,A,A,H,-,A,D,0,,,,,Y,,-,99,0,0,1,0,0,0,0,0,0,"- ","- ",37.745689392089844,-122.40509033203125,"SAN FRANCISCO","SAN FRANCISCO",-122.40497589111328,37.745655059814453
91592269,2021,2021-10-11,9335,2021-08-14,2000,022667,,6,2,7,3801,0,1,1,,2,080,"I-80 W/B","ALAMEDA STREET UNDERCROSSING",180.00,W,N,A,-,Y,,,80,,,,,,W,Y,3,0,3,2,A,-,01,23152,F,N,C,2,A,A,H,-,B,D,0,,,,,Y,,A,01,0,1,2,0,0,0,0,0,0,"- ","- ",37.768001556396484,-122.40538024902344,"SAN FRANCISCO","SAN FRANCISCO",-122.40541076660156,37.767997741699219