CASE_ID,ACCIDENT_YEAR,PROC_DATE,JURIS,COLLISION_DATE,COLLISION_TIME,OFFICER_ID,REPORTING_DISTRICT,DAY_OF_WEEK,CHP_SHIFT,POPULATION,CNTY_CITY_LOC,SPECIAL_COND,BEAT_TYPE,CHP_BEAT_TYPE,CITY_DIVISION_LAPD,CHP_BEAT_CLASS,BEAT_NUMBER,PRIMARY_RD,SECONDARY_RD,DISTANCE,DIRECTION,INTERSECTION,WEATHER_1,WEATHER_2,STATE_HWY_IND,CALTRANS_COUNTY,CALTRANS_DISTRICT,STATE_ROUTE,ROUTE_SUFFIX,POSTMILE_PREFIX,POSTMILE,LOCATION_TYPE,RAMP_INTERSECTION,SIDE_OF_HWY,TOW_AWAY,COLLISION_SEVERITY,NUMBER_KILLED,NUMBER_INJURED,PARTY_COUNT,PRIMARY_COLL_FACTOR,PCF_CODE_OF_VIOL,PCF_VIOL_CATEGORY,PCF_VIOLATION,PCF_VIOL_SUBSECTION,HIT_AND_RUN,TYPE_OF_COLLISION,MVIW,PED_ACTION,ROAD_SURFACE,ROAD_COND_1,ROAD_COND_2,LIGHTING,CONTROL_DEVICE,CHP_ROAD_TYPE,PEDESTRIAN_ACCIDENT,BICYCLE_ACCIDENT,MOTORCYCLE_ACCIDENT,TRUCK_ACCIDENT,NOT_PRIVATE_PROPERTY,ALCOHOL_INVOLVED,STWD_VEHTYPE_AT_FAULT,CHP_VEHTYPE_AT_FAULT,COUNT_SEVERE_INJ,COUNT_VISIBLE_INJ,COUNT_COMPLAINT_PAIN,COUNT_PED_KILLED,COUNT_PED_INJURED,COUNT_BICYCLIST_KILLED,COUNT_BICYCLIST_INJURED,COUNT_MC_KILLED,COUNT_MC_INJURED,PRIMARY_RAMP,SECONDARY_RAMP,LATITUDE,LONGITUDE,COUNTY,CITY,POINT_X,POINT_Y
91592315,2021,2021-10-11,9335,2021-09-07,1030,022667,,2,1,7,3801,0,1,2,,2,014,"US-101 S/B","22ND ST. PEDESTRIAN OVERCROSSING",160.00,S,N,A,-,Y,,,101,,,,,,S,N,4,0,1,2,A,-,03,22350,,F,C,C,A,A,H,-,A,D,0,,,,,Y,,-,99,0,0,1,0,0,0,0,0,0,"- ","- ",37.756370544433594,-122.40347290039062,"SAN FRANCISCO","SAN FRANCISCO",-122.40338134765625,37.756397247314453
91592319,2021,2021-10-11,9335,2021-09-13,0700,022667,,1,1,7,3801,0,1,1,,1,081,"I-80 W/B","TREASURE ISLAND ROAD OVERCROSSING",550.00,W,N,A,-,Y,,,80,,,,,,W,Y,4,0,1,2,A,-,03,22350,,F,C,C,A,A,H,-,A,D,0,,,,,Y,,-,99,0,0,1,0,0,0,0,0,0,"- ","- ",37.807849884033203,-122.36744689941406,"SAN FRANCISCO","SAN FRANCISCO",-122.367431640625,37.807830810546875
91592327,2021,2021-10-11,9335,2021-09-30,0835,022667,,4,1,7,3801,0,1,1,,2,023,"I-280 N/B","ALEMANY BLVD. OVERCROSSING",350.00,N,N,A,-,Y,,,280,,,,,,N,N,3,0,1,2,A,-,03,22350,,N,B,C,A,A,H,-,A,D,0,,,Y,,Y,,C,02,0,1,0,0,0,0,0,0,1,"- ","- ",37.732620239257812,-122.41336059570312,"SAN FRANCISCO","SAN FRANCISCO",-122.41338348388672,37.732666015625
91592471,2021,2021-10-11,9335,2021-09-29,1944,018688,,3,2,7,3801,0,1,2,,2,015,"US-101 N/B","16TH ST. NORTH ROAD EDGE",26.00,N,N,A,-,Y,,,101,,,,,,N,Y,4,0,1,2,A,-,08,22107,,N,E,8,A,A,H,-,C,D,0,,,,,Y,,A,01,0,0,1,0,0,0,0,0,0,"- ","- ",37.766109466552734,-122.40496063232422,"SAN FRANCISCO","SAN FRANCISCO",-122.40499114990234,37.766105651855469
91592486,2021,2021-10-11,9335,2021-09-30,0753,019581,,4,1,7,3801,0,1,2,,2,013,"US-101 N/B","SILVER AVE.",1300.00,S,N,A,-,Y,,,101,,,,,,N,N,4,0,1,2,A,-,03,22350,,N,C,C,A,A,D,-,A,D,0,,,,,Y,,A,01,0,0,1,0,0,0,0,0,0,"- ","- ",37.729110717773438,-122.40322875976562,"SAN FRANCISCO","SAN FRANCISCO",-122.4031982421875,37.7291259765625
91592488,2021,2021-10-11,9335,2021-09-30,1600,022186,,4,2,7,3801,0,1,1,,2,023,"I-280 N/B","ST. MARY'S PEDESTRIAN O/C",1795.00,N,N,A,-,Y,,,280,,,,,,N,Y,4,0,2,2,A,-,03,22350,,N,C,C,A,A,H,-,A,D,0,,,,,Y,,A,01,0,0,2,0,0,0,0,0,0,"- ","- ",37.732170104980469,-122.41443634033203,"SAN FRANCISCO","SAN FRANCISCO",-122.41446685791016,37.732254028320312
91592916,2021,2021-10-11,9335,2021-09-25,2025,022186,,6,2,7,3801,0,1,1,,2,080,"I-80 E/B","6TH STREET U/C",95.00,E,N,B,-,Y,,,80,,,,,,E,Y,3,0,1,2,C,-,18,,,N,B,C,A,A,H,-,D,D,0,,,Y,,Y,,-,"- ",0,1,0,0,0,0,0,0,1,"- ","- ",37.777000427246094,-122.40319061279297,"SAN FRANCISCO","SAN FRANCISCO",-122.4031982421875,37.777019500732422
91593040,2021,2021-10-11,9335,2021-09-24,0449,021957,,5,3,7,3801,0,1,1,,1,081,"I-80 WB","NORTHGATE ROAD UNDERCROSSING",2600.00,E,N,A,-,Y,,,80,,,,,,W,Y,4,0,1,5,A,-,03,22350,,N,C,C,A,A,H,-,C,D,0,,,,Y,Y,,A,01,0,0,1,0,0,0,0,0,0,"- ","- ",37.819259643554688,-122.34976959228516,"SAN FRANCISCO","SAN FRANCISCO",-122.34976196289062,37.819206237792969
91594650,2021,2021-10-13,9335,2021-10-03,0535,022667,,7,3,7,3801,0,1,1,,1,081,"I-80 W/B","TREASURE ISLAND RD.",3326.00,W,N,A,-,Y,,,80,,,,,,W,Y,4,0,1,2,A,-,03,22350,,N,C,C,A,A,H,-,C,D,0,,,,,Y,,A,01,0,0,1,0,0,0,0,0,0,"- ","- ",37.801990509033203,-122.37358093261719,"SAN FRANCISCO","SAN FRANCISCO",-122.37366485595703,37.802082061767578
91595845,2021,2021-10-14,9335,2021-10-05,0108,021474,,2,3,7,3801,0,1,2,,2,015,"US-101 N/B","SAN BRUNO AVE.",135.00,S,N,A,-,Y,,,101,,,,,,N,Y,3,0,1,1,A,-,08,22107,,N,E,I,A,A,H,-,D,D,0,,,,,Y,,A,01,0,1,0,0,0,0,0,0,0,"- ","- ",37.766281127929688,-122.40508270263672,"SAN FRANCISCO","SAN FRANCISCO",-122.40502166748047,37.766288757324219
91595849,2021,2021-10-14,9335,2021-10-11,0600,014455,,1,1,7,3801,0,1,1,,1,083,"I-80 E/B","CENETR ANCHORAGE",528.00,W,N,A,-,Y,,,80,,,,,,E,Y,4,0,1,2,A,-,03,22350,,N,C,C,A,A,H,-,A,D,0,,,,,Y,,A,08,0,0,1,0,0,0,0,0,0,"- ","- ",37.790618896484375,-122.38620758056641,"SAN FRANCISCO","SAN FRANCISCO",-122.38595581054688,37.790348052978516
91595853,2021,2021-10-14,9335,2021-10-13,1653,018688,,3,2,7,3801,0,1,2,,2,014,"US-101 N/B","18TH ST. PEDESTRIAN OVERPASS",790.00,N,N,A,-,Y,,,101,,,,,,N,N,4,0,1,2,A,-,07,21658,A,N,B,C,A,A,H,-,A,D,0,,,,,Y,,A,07,0,0,1,0,0,0,0,0,0,"- ","- ",37.764198303222656,-122.40495300292969,"SAN FRANCISCO","SAN FRANCISCO",-122.40488433837891,37.764194488525391
91595861,2021,2021-10-14,9335,2021-09-28,2155,021474,,2,2,7,3801,0,1,2,,2,013,"US-101 N/B","ALEMANY BLVD.",15.00,S,N,A,-,Y,,,101,,,,,,N,N,4,0,3,2,A,-,03,22350,,M,C,C,A,A,H,-,D,D,0,,,,,Y,,-,99,0,0,3,0,0,0,0,0,0,"- ","- ",37.736099243164062,-122.40721893310547,"SAN FRANCISCO","SAN FRANCISCO",-122.40721130371094,37.736106872558594
91596415,2021,2021-10-14,9335,2021-07-28,0750,018399,,3,1,7,3801,0,1,1,,1,083,"I-80 E/B","TREASURE ISLAND RD",590.00,W,N,A,-,Y,,,80,,,,,,E,Y,4,0,3,5,A,-,03,22350,,N,C,C,A,A,H,-,A,D,0,,,,Y,Y,,A,01,0,0,3,0,0,0,0,0,0,"- ","- ",37.807891845703125,-122.3673095703125,"SAN FRANCISCO","SAN FRANCISCO",-122.36734008789062,37.807918548583984
91596432,2021,2021-10-14,9335,2021-08-17,1600,021754,,2,2,7,3801,0,1,2,,2,013,"US-101 NB TO CESAR CHAVEZ","MARIN STREET",400.00,S,N,A,-,Y,,,101,,,,R,,N,N,4,0,1,2,A,-,03,22350,,M,C,C,A,A,H,-,A,A,0,,,,,Y,,-,99,0,0,1,0,0,0,0,0,0,"- ","- ",37.746978759765625,-122.40380859375,"SAN FRANCISCO","SAN FRANCISCO",-122.40380859375,37.746978759765625
91596464,2021,2021-10-14,9335,2021-10-01,0045,021754,,5,3,7,3801,0,1,1,,2,023,"I-280 N/B TO US-101 N/B","BAYSHORE BLVD UNDERCROSSING",1040.00,S,N,A,-,Y,,,280,,,,R,,N,Y,3,0,4,1,A,-,08,22107,,N,E,I,A,A,H,-,C,D,0,,,,,Y,,A,01,0,1,3,0,0,0,0,0,0,"- ","- ",37.734199523925781,-122.40978240966797,"SAN FRANCISCO","SAN FRANCISCO",-122.40978240966797,37.734199523925781
91596466,2021,2021-10-14,9335,2021-08-24,1635,020991,,2,2,7,3801,0,1,1,,2,023,"I-280 S/B","MISSION ST. O/C",200.00,N,N,A,-,Y,,,280,,,,,,S,N,4,0,1,2,A,-,03,22350,,N,C,C,A,A,H,-,A,D,0,,,,,Y,,A,07,0,0,1,0,0,0,0,0,0,"- ","- ",37.731891632080078,-122.42722320556641,"SAN FRANCISCO","SAN FRANCISCO",-122.42723083496094,37.731834411621094
91596694,2021,2021-10-14,9335,2021-10-09,1715,022326,,6,2,7,3801,0,1,2,,2,015,"US-101 SB TO I-80 EB","DIVISION STREET U/C",240.00,N,N,A,-,Y,,,101,,,,R,,S,Y,3,0,2,1,A,-,03,22350,,N,F,A,A,A,H,-,A,D,0,,,Y,,Y,,C,02,0,2,0,0,0,0,0,0,2,"- ","- ",37.769081115722656,-122.40579986572266,"SAN FRANCISCO","SAN FRANCISCO",-122.40579986572266,37.769081115722656
91597006,2021,2021-10-15,9335,2021-08-31,1500,022007,,2,2,7,3801,0,1,1,,2,080,"I-80 E/B","BRANNAN STREET UNDER-CROSSING",45.00,E,N,A,-,Y,,,80,,,,,,E,N,4,0,1,2,A,-,07,21658,A,F,B,C,A,A,H,-,A,D,0,,,Y,,Y,,-,99,0,0,1,0,0,0,0,0,1,"- ","- ",37.77117919921875,-122.40589141845703,"SAN FRANCISCO","SAN FRANCISCO",-122.40589904785156,37.771175384521484
91597090,2021,2021-10-15,9335,2021-09-19,0134,022486,,7,3,7,3801,0,1,1,,1,081,"I-80 WESTBOUND","BEALE STREET",100.00,E,N,C,-,Y,,,80,,,,,,W,Y,2,0,1,2,A,-,01,23152,A,N,C,C,A,B,H,-,C,D,0,,,,,Y,Y,A,08,1,0,0,0,0,0,0,0,0,"- ","- ",37.786888122558594,-122.38983917236328,"SAN FRANCISCO","SAN FRANCISCO",-122.38980102539062,37.786849975585938
91597293,2021,2021-10-15,9335,2021-09-08,2128,022703,,3,2,7,3801,0,1,1,,2,080,"I-80 WESTBOUND","BRANNAN ST",77.00,E,N,A,-,Y,,,80,,,,,,W,N,4,0,1,2,A,-,03,22350,,M,C,C,A,A,H,-,C,D,0,,,,,Y,,-,99,0,0,1,0,0,0,0,0,0,"- ","- ",37.770908355712891,-122.40608978271484,"SAN FRANCISCO","SAN FRANCISCO",-122.40606689453125,37.770923614501953
91597303,2021,2021-10-15,9335,2021-09-20,1715,022703,,1,2,7,3801,0,1,1,,2,023,"I-280 NORTHBOUND","ALEMANY BOULEVARD OVERCROSSING",750.00,N,N,A,-,Y,,,280,,,,,,N,Y,3,0,1,1,A,-,01,23152,A,N,F,A,A,A,H,-,A,D,0,,,,,Y,Y,D,22,0,1,0,0,0,0,0,0,0,"- ","- ",37.733139038085938,-122.41230010986328,"SAN FRANCISCO","SAN FRANCISCO",-122.41229248046875,37.733127593994141
91597349,2021,2021-10-15,9335,2021-10-01,2200,022596,,5,3,7,3801,0,1,2,,2,013,"US-101 N/B","FAITH STREET PEDESTRIAN OVERCROSSING",602.00,S,N,A,-,Y,,,101,,,,,,N,Y,4,0,3,2,A,-,01,23152,A,N,C,C,A,A,H,-,D,D,0,,,,,Y,Y,A,01,0,0,3,0,0,0,0,0,0,"- ","- ",37.742519378662109,-122.40682983398438,"SAN FRANCISCO","SAN FRANCISCO",-122.40678405761719,37.742485046386719
91597351,2021,2021-10-15,9335,2021-10-06,1615,021886,,3,2,7,3801,0,1,2,,2,013,"US-101 S/B","CORTLAND AVE U/C",520.00,S,N,A,-,Y,,,101,,,,,,S,Y,3,0,2,3,A,-,07,21658,A,N,E,8,A,A,D,-,A,D,0,,,,,Y,,A,07,0,1,1,0,0,0,0,0,0,"- ","- ",37.738189697265625,-122.408203125,"SAN FRANCISCO","SAN FRANCISCO",-122.40808868408203,37.738204956054688
91597562,2021,2021-10-15,9335,2021-10-09,2050,022596,,6,2,7,3801,0,1,1,,2,024,"I-280 N/B","INNES AVENUE UNDERCROSSING",32.00,N,N,A,-,Y,,,280,,,,,,N,Y,4,0,1,1,A,-,01,23152,A,N,E,I,A,A,H,-,C,D,0,,,,,Y,Y,A,07,0,0,1,0,0,0,0,0,0,"- ","- ",37.743690490722656,-122.39610290527344,"SAN FRANCISCO","SAN FRANCISCO",-122.39614105224609,37.743736267089844
91597705,2021,2021-10-15,9335,2021-10-10,1405,022326,,7,2,7,3801,0,1,2,,2,015,"US-101 N/B","HARRISON STREET U/C",150.00,S,N,A,-,Y,,,101,,,,,,N,Y,4,0,1,2,A,-,03,22350,,N,C,C,A,A,H,-,A,D,0,,,,,Y,,A,07,0,0,1,0,0,0,0,0,0,"- ","- ",37.769580841064453,-122.4127197265625,"SAN FRANCISCO","SAN FRANCISCO",-122.4127197265625,37.769573211669922
91597824,2021,2021-10-15,9335,2021-10-10,1500,022326,,7,2,7,3801,0,1,2,,2,013,"US-101 S/B","BAYSHORE BOULEVARD U/C",140.00,S,N,A,-,Y,,,101,,,,,,S,Y,3,0,1,3,A,-,03,22350,,N,C,C,A,A,H,-,A,D,0,,,,,Y,,A,07,0,1,0,0,0,0,0,0,0,"- ","- ",37.748111724853516,-122.404296875,"SAN FRANCISCO","SAN FRANCISCO",-122.40422821044922,37.748085021972656
91598303,2021,2021-10-18,9335,2021-10-01,0820,019631,,5,1,7,3801,0,1,1,,1,082,"I-80 W/B","SAN FRANCISCO/ALAMEDA COUNTY LINE",200.00,W,N,A,-,Y,,,80,,,,,,W,Y,3,0,1,2,A,-,03,22350,,N,C,C,A,A,H,-,A,D,0,,,Y,,Y,,A,01,0,1,0,0,0,0,0,0,1,"- ","- ",37.81903076171875,-122.35108947753906,"SAN FRANCISCO","SAN FRANCISCO",-122.35108184814453,37.818996429443359
91598309,2021,2021-10-18,9335,2021-10-01,1430,022007,,5,2,7,3801,0,1,2,,2,015,"US-101 S/B","HARRISON ST",149.00,N,N,A,-,Y,,,101,,,,,,S,Y,4,0,2,4,A,-,03,22350,,N,C,C,A,A,H,-,A,D,0,,,,Y,Y,,F,26,0,0,2,0,0,0,0,0,0,"- ","- ",37.76947021484375,-122.41403961181641,"SAN FRANCISCO","SAN FRANCISCO",-122.41403961181641,37.769481658935547
91598310,2021,2021-10-18,9335,2021-08-20,1645,019799,,5,2,7,3801,0,1,1,,1,081,"I-80 W/B","HARRISON ST. OFF RAMP",900.00,E,N,B,-,Y,,,80,,,,,,W,Y,2,0,1,2,A,-,03,22350,,N,C,C,A,A,H,-,A,D,0,,,Y,,Y,,C,02,1,0,0,0,0,0,0,0,1,"- ","- ",37.786319732666016,-122.39055633544922,"SAN FRANCISCO","SAN FRANCISCO",-122.39048767089844,37.786239624023438
91598388,2021,2021-10-18,9335,2021-08-20,2155,022416,,5,2,7,3801,0,1,1,,2,023,"I-280 N/B FROM ALEMANY BLVD","ST. MARY'S PARK FOOTBRIDGE",758.00,N,N,A,-,Y,,,280,,,,R,,N,Y,3,0,1,2,A,-,01,23152,A,N,C,C,A,A,H,-,C,D,0,,,,Y,Y,Y,D,22,0,1,0,0,0,0,0,0,0,"- ","- ",37.731700897216797,-122.41799163818359,"SAN FRANCISCO","SAN FRANCISCO",-122.41799163818359,37.731700897216797
91598476,2021,2021-10-18,9335,2021-10-09,1440,022241,,6,2,7,3801,0,1,1,,2,022,"I-280 N/B","FARALLONES ST OVERCROSSING",78.00,S,N,A,-,Y,,,280,,,,,,N,Y,4,0,1,2,A,-,03,22350,,N,C,C,A,A,H,-,A,D,0,,,Y,,Y,,C,02,0,0,1,0,0,0,0,0,1,"- ","- ",37.713409423828125,-122.45191192626953,"SAN FRANCISCO","SAN FRANCISCO",-122.45195770263672,37.713466644287109
91598480,2021,2021-10-18,9335,2021-09-01,2100,021424,,3,2,7,3801,0,1,2,,2,013,"US-101 S/B","FAITH STREET PEDESTRIAN OVERCROSSING",100.00,N,N,A,-,Y,,,101,,,,,,S,N,4,0,1,2,A,-,03,22350,,N,C,C,A,A,H,-,C,D,0,,,,,Y,,A,01,0,0,1,0,0,0,0,0,0,"- ","- ",37.744258880615234,-122.40567779541016,"SAN FRANCISCO","SAN FRANCISCO",-122.40564727783203,37.744239807128906
91598854,2021,2021-10-18,9335,2021-10-08,1410,022326,,5,2,7,3801,0,1,2,,2,013,"US-101 N/B","PAUL AVENUE U/C",675.00,S,N,A,-,Y,,,101,,,,,,N,N,4,0,1,3,A,-,03,22350,,N,C,C,A,A,H,-,A,D,0,,,,,Y,,A,01,0,0,1,0,0,0,0,0,0,"- ","- ",37.721851348876953,-122.40032196044922,"SAN FRANCISCO","SAN FRANCISCO",-122.40032958984375,37.721843719482422
91598899,2021,2021-10-18,9335,2021-06-14,1745,022175,,1,2,7,3801,0,1,2,,2,013,"US-101 S/B TO SILVER AVENUE","SILVER AVENUE OVERCROSSING",140.00,S,N,A,-,Y,,,101,,,,R,,S,Y,4,0,1,7,A,-,03,22350,,M,B,C,A,A,H,-,A,D,0,,,,,Y,,A,01,0,0,1,0,0,0,0,0,0,"- ","- ",37.732318878173828,-122.40529632568359,"SAN FRANCISCO","SAN FRANCISCO",-122.40529632568359,37.732318878173828
91599129,2021,2021-10-18,9335,2021-09-05,1035,021390,,7,1,7,3801,0,1,1,,2,024,"I-280 S/B","THE CESAR CHAVEZ ST. UNDERCROSSING",490.00,S,N,A,-,Y,,,280,,,,,,S,Y,3,0,1,2,A,-,03,22350,,N,C,C,A,A,H,-,A,D,0,,,,Y,Y,,D,22,0,1,0,0,0,0,0,0,0,"- ","- ",37.748661041259766,-122.39304351806641,"SAN FRANCISCO","SAN FRANCISCO",-122.39292907714844,37.748611450195312
91599612,2021,2021-10-18,9335,2021-08-24,1530,020991,,2,2,7,3801,0,1,1,,2,023,"I-280 S/B","MISSION ST O/C",190.00,N,N,A,-,Y,,,280,,,,,,S,N,4,0,1,2,A,-,03,22350,,N,C,C,A,A,H,-,A,D,0,,,,,Y,,A,01,0,0,1,0,0,0,0,0,0,"- ","- ",37.731899261474609,-122.42726135253906,"SAN FRANCISCO","SAN FRANCISCO",-122.42726898193359,37.731845855712891
91599651,2021,2021-10-18,9335,2021-10-17,0857,022032,,7,1,7,3801,0,1,2,,2,015,"US-101 S/B TO I-80 E/B","DIVISION ST",40.00,S,N,A,-,Y,,,101,,,,R,,S,Y,4,0,1,1,A,-,03,22350,,N,E,I,A,A,H,-,A,D,0,,,,,Y,,A,01,0,0,1,0,0,0,0,0,0,"- ","- ",37.769710540771484,-122.40538024902344,"SAN FRANCISCO","SAN FRANCISCO",-122.40538024902344,37.769710540771484
91599685,2021,2021-10-19,9335,2021-10-14,1745,022241,,4,2,7,3801,0,1,2,,2,013,"US-101 N/B","FAITH STREET OVERCROSSING",515.00,N,N,A,-,Y,,,101,,,,,,N,N,4,0,1,2,A,-,07,21658,A,N,B,C,A,A,H,-,A,D,0,,,,,Y,,A,08,0,0,1,0,0,0,0,0,0,"- ","- ",37.745201110839844,-122.40489959716797,"SAN FRANCISCO","SAN FRANCISCO",-122.40495300292969,37.745216369628906
91599705,2021,2021-10-19,9335,2021-08-31,1655,020991,,2,2,7,3801,0,1,1,,2,023,"I-280 S/B","ALEMANY BLVD. OVER CROSSING",339.00,S,N,A,-,Y,,,280,,,,,,S,Y,4,0,1,2,A,-,07,21658,A,N,B,C,A,A,H,-,A,D,0,,,,,Y,,A,01,0,0,1,0,0,0,0,0,0,"- ","- ",37.732231140136719,-122.41560363769531,"SAN FRANCISCO","SAN FRANCISCO",-122.41558074951172,37.732128143310547
91600157,2021,2021-10-19,9335,2021-10-14,1935,021886,,4,2,7,3801,0,1,2,,2,015,"US-101 N/B","STEVENSON ST. U/C",65.00,S,N,A,-,Y,,,101,,,,,,N,N,4,0,1,2,A,-,03,22350,,N,C,C,A,A,H,-,C,D,0,,,,,Y,,A,01,0,0,1,0,0,0,0,0,0,"- ","- ",37.770271301269531,-122.42141723632812,"SAN FRANCISCO","SAN FRANCISCO",-122.42140960693359,37.770286560058594
91600764,2021,2021-10-19,9335,2021-10-16,1210,021328,,6,1,7,3801,0,1,1,,2,023,"I-280 SB TO MONTEREY BLVD","MONTEREY BLVD. PROLONGATION",460.00,N,N,A,-,Y,,,280,,,,R,,S,Y,3,0,4,4,A,-,03,22350,,N,B,2,A,A,H,-,A,D,0,,,,,Y,,A,07,0,1,3,0,0,0,0,0,0,"- ","- ",37.731769561767578,-122.43479919433594,"SAN FRANCISCO","SAN FRANCISCO",-122.43479919433594,37.731769561767578
91600782,2021,2021-10-19,9335,2021-10-16,1500,022007,,6,2,7,3801,0,1,2,,2,013,"US-101 N/B","FAITH STREET PEDESTRIAN OVER-CROSSING",225.00,N,N,A,-,Y,,,101,,,,,,N,N,4,0,1,2,A,-,03,22350,,N,C,C,A,A,H,-,A,D,0,,,,,Y,,-,"- ",0,0,1,0,0,0,0,0,0,"- ","- ",37.743320465087891,-122.40599060058594,"SAN FRANCISCO","SAN FRANCISCO",-122.40604400634766,37.743362426757812
91601095,2021,2021-10-29,9335,2021-10-16,1235,019581,,6,1,7,3801,0,1,2,,2,013,"US-101 N/B","I-280 N/B O/C",50.00,N,N,A,-,Y,,,101,,,,,,N,N,3,0,3,4,A,-,03,22350,,N,C,C,A,A,H,-,A,D,0,,,,,Y,,-,"- ",0,3,0,0,0,0,0,0,0,"- ","- ",37.734691619873047,-122.40666198730469,"SAN FRANCISCO","SAN FRANCISCO",-122.40643310546875,37.734825134277344
91602511,2021,2021-10-21,9335,2021-10-13,0236,022703,,3,3,7,3801,0,1,2,,2,013,"US-101 SOUTHBOUND","CORTLAND AVENUE",200.00,S,N,A,-,Y,,,101,,,,,,S,Y,3,0,1,1,A,-,03,22350,,N,F,A,A,A,D,-,B,D,0,,,Y,,Y,,C,02,0,1,0,0,0,0,0,0,1,"- ","- ",37.739070892333984,-122.40815734863281,"SAN FRANCISCO","SAN FRANCISCO",-122.40819549560547,37.739070892333984
91602518,2021,2021-10-21,9335,2021-10-13,2020,022703,,3,2,7,3801,0,1,1,,2,024,"I-280 S/B","25TH ST",170.00,S,N,A,-,Y,,,280,,,,,,S,Y,3,0,1,1,A,-,01,23152,A,N,E,I,A,A,H,-,D,D,0,,,,,Y,Y,A,07,0,1,0,0,0,0,0,0,0,"- ","- ",37.752128601074219,-122.39154052734375,"SAN FRANCISCO","SAN FRANCISCO",-122.39157104492188,37.752132415771484
91602544,2021,2021-10-21,9335,2021-09-07,0230,021474,,2,3,7,3801,0,1,2,,2,013,"US-101 S/B TO I-280 S/B","CORTLAND AVE.",425.00,S,N,A,-,Y,,,101,,,,R,,S,Y,2,0,2,1,A,-,08,22107,,N,E,I,A,A,H,-,D,D,0,,,,,Y,,A,01,1,1,0,0,0,0,0,0,0,"- ","- ",37.738430023193359,-122.40834808349609,"SAN FRANCISCO","SAN FRANCISCO",-122.40834808349609,37.738430023193359
91602546,2021,2021-10-21,9335,2021-10-13,2215,021672,,3,3,7,3801,0,1,1,,2,022,"I-280 N/B","JOHN DALY BLVD. OVERCROSSING",396.00,N,N,A,-,Y,,,280,,,,,,N,Y,4,0,1,1,A,-,08,22107,,N,B,I,A,A,H,-,C,D,0,,,,,Y,,A,01,0,0,1,0,0,0,0,0,0,"- ","- ",37.706321716308594,-122.47054290771484,"SAN FRANCISCO","SAN FRANCISCO",-122.47049713134766,37.706291198730469
91602639,2021,2021-10-21,9335,2021-09-05,1150,021390,,7,1,7,3801,0,1,2,,2,013,"US-101 S/B TO I-280 S/B","THE CORTLAND AVE. UNDERCROSSING",515.00,S,N,A,-,Y,,,101,,,,R,,S,Y,3,0,2,2,A,-,08,22107,,N,E,I,A,A,H,-,A,D,0,,,,,Y,,A,01,0,2,0,0,0,0,0,0,0,"- ","- ",37.738189697265625,-122.408203125,"SAN FRANCISCO","SAN FRANCISCO",-122.408203125,37.738189697265625
91603139,2021,2021-10-21,9335,2021-09-18,1430,022007,,6,2,7,3801,0,1,2,,2,013,"US-101 N/B","SILVER AVE OVER-CROSSING",260.00,N,N,A,-,Y,,,101,,,,,,N,N,4,0,2,4,A,-,03,22350,,N,C,C,A,A,H,-,A,D,0,,,,,Y,,A,01,0,0,2,0,0,0,0,0,0,"- ","- ",37.733409881591797,-122.4056396484375,"SAN FRANCISCO","SAN FRANCISCO",-122.40558624267578,37.733444213867188
91603162,2021,2021-10-21,9335,2021-10-14,1715,021886,,4,2,7,3801,0,1,1,,2,024,"I-280 N/B","BAYSHORE BLVD. U/C",674.00,S,N,A,-,Y,,,280,,,,,,N,N,4,0,1,2,A,-,03,22350,,N,C,C,A,A,H,-,A,D,0,,,,,Y,,A,08,0,0,1,0,0,0,0,0,0,"- ","- ",37.734611511230469,-122.40860748291016,"SAN FRANCISCO","SAN FRANCISCO",-122.40858459472656,37.734542846679688