CASE_ID,ACCIDENT_YEAR,PROC_DATE,JURIS,COLLISION_DATE,COLLISION_TIME,OFFICER_ID,REPORTING_DISTRICT,DAY_OF_WEEK,CHP_SHIFT,POPULATION,CNTY_CITY_LOC,SPECIAL_COND,BEAT_TYPE,CHP_BEAT_TYPE,CITY_DIVISION_LAPD,CHP_BEAT_CLASS,BEAT_NUMBER,PRIMARY_RD,SECONDARY_RD,DISTANCE,DIRECTION,INTERSECTION,WEATHER_1,WEATHER_2,STATE_HWY_IND,CALTRANS_COUNTY,CALTRANS_DISTRICT,STATE_ROUTE,ROUTE_SUFFIX,POSTMILE_PREFIX,POSTMILE,LOCATION_TYPE,RAMP_INTERSECTION,SIDE_OF_HWY,TOW_AWAY,COLLISION_SEVERITY,NUMBER_KILLED,NUMBER_INJURED,PARTY_COUNT,PRIMARY_COLL_FACTOR,PCF_CODE_OF_VIOL,PCF_VIOL_CATEGORY,PCF_VIOLATION,PCF_VIOL_SUBSECTION,HIT_AND_RUN,TYPE_OF_COLLISION,MVIW,PED_ACTION,ROAD_SURFACE,ROAD_COND_1,ROAD_COND_2,LIGHTING,CONTROL_DEVICE,CHP_ROAD_TYPE,PEDESTRIAN_ACCIDENT,BICYCLE_ACCIDENT,MOTORCYCLE_ACCIDENT,TRUCK_ACCIDENT,NOT_PRIVATE_PROPERTY,ALCOHOL_INVOLVED,STWD_VEHTYPE_AT_FAULT,CHP_VEHTYPE_AT_FAULT,COUNT_SEVERE_INJ,COUNT_VISIBLE_INJ,COUNT_COMPLAINT_PAIN,COUNT_PED_KILLED,COUNT_PED_INJURED,COUNT_BICYCLIST_KILLED,COUNT_BICYCLIST_INJURED,COUNT_MC_KILLED,COUNT_MC_INJURED,PRIMARY_RAMP,SECONDARY_RAMP,LATITUDE,LONGITUDE,COUNTY,CITY,POINT_X,POINT_Y
91655627,2021,2021-12-20,9335,2021-12-09,1600,020991,,4,2,7,3801,0,1,2,,2,013,"US-101 N/B","FAITH ST. PEDESTRIAN OVER CROSSING",147.00,S,N,A,-,Y,,,101,,,,,,N,Y,4,0,1,2,A,-,03,22350,,N,C,C,A,A,H,-,A,D,0,,,,,Y,,A,01,0,0,1,0,0,0,0,0,0,"- ","- ",37.743518829345703,-122.40583801269531,"SAN FRANCISCO","SAN FRANCISCO",-122.40589141845703,37.743560791015625
91655964,2021,2022-07-15,9335,2021-12-10,1430,022007,,5,2,7,3801,0,1,1,,1,081,"I-80 W/B","THE EMBARCADERO",4646.00,E,N,A,-,Y,,,80,,,,,,W,N,4,0,1,2,A,-,07,21658,A,N,B,C,A,A,H,-,A,D,0,,,Y,,Y,,A,01,0,0,1,0,0,0,0,0,1,"- ","- ",37.798641204833984,-122.3775634765625,"SAN FRANCISCO","SAN FRANCISCO",-122.37750244140625,37.798580169677734
91656741,2021,2021-12-20,9335,2021-12-20,1155,021099,,1,1,7,3801,0,1,2,,2,015,"US-101 N/B TO DUBOCE AVE","SOUTH VAN NESS AVE U/C",60.00,S,N,B,-,Y,,,101,,,,R,,N,N,3,0,1,2,A,-,03,22350,,N,C,C,A,A,H,-,A,D,0,,,,,Y,,I,10,0,1,0,0,0,0,0,0,0,"- ","- ",37.769908905029297,-122.41735076904297,"SAN FRANCISCO","SAN FRANCISCO",-122.41735076904297,37.769908905029297
91656764,2021,2021-12-20,9335,2021-12-16,0540,022667,,4,3,7,3801,0,1,1,,1,081,"I-80 W/B","YBI EAST TUNNEL EDGE",180.00,W,N,C,-,Y,,,80,,,,,,W,Y,4,0,1,2,A,-,03,22350,,N,C,C,A,B,H,-,C,D,0,,,,,Y,,D,22,0,0,1,0,0,0,0,0,0,"- ","- ",37.809749603271484,-122.36544036865234,"SAN FRANCISCO","SAN FRANCISCO",-122.36554718017578,37.809848785400391
91657010,2021,2021-12-21,9335,2021-12-08,1041,018804,,3,1,7,3801,0,1,1,,2,080,"I-80 W/B","MORRIS ST.",70.00,E,N,A,-,Y,,,80,,,,,,W,N,3,0,1,2,A,-,07,21658,A,F,B,C,A,A,H,-,A,D,0,,,Y,,Y,,A,01,0,1,0,0,0,0,0,0,1,"- ","- ",37.777400970458984,-122.40303039550781,"SAN FRANCISCO","SAN FRANCISCO",-122.40301513671875,37.777374267578125
91657020,2021,2021-12-21,9335,2021-12-08,0957,014455,,3,1,7,3801,0,1,1,,1,083,"I-80 E/B","TREASURE ISLAND TUNNEL WEST EDGE",70.00,E,N,B,-,Y,,,80,,,,,,E,Y,4,0,1,2,A,-,03,22350,,N,C,C,A,A,H,-,A,D,0,,,,,Y,,A,07,0,0,1,0,0,0,0,0,0,"- ","- ",37.80889892578125,-122.36634826660156,"SAN FRANCISCO","SAN FRANCISCO",-122.36634826660156,37.808902740478516
91657028,2021,2022-01-21,9335,2021-12-10,1200,022596,,5,1,7,3801,0,1,2,,2,014,"US-101 S/B","23RD STREET OVERCROSSING",14.00,N,N,A,-,Y,,,101,,,,,,S,Y,2,0,1,4,A,-,07,21658,A,N,B,C,A,A,H,-,A,D,0,,,Y,,Y,,A,01,1,0,0,0,0,0,0,0,1,"- ","- ",37.754470825195312,-122.40319061279297,"SAN FRANCISCO","SAN FRANCISCO",-122.40313720703125,37.754474639892578
91657504,2021,2021-12-21,9335,2021-12-11,1813,022186,,6,2,7,3801,0,1,2,,2,013,"US-101 S/B","BACON STREET U/C",315.00,S,N,B,-,Y,,,101,,,,,,S,N,4,0,1,2,A,-,08,22107,,M,B,C,A,A,H,-,C,D,0,,,,,Y,,-,99,0,0,1,0,0,0,0,0,0,"- ","- ",37.727149963378906,-122.40274047851562,"SAN FRANCISCO","SAN FRANCISCO",-122.40271759033203,37.727161407470703
91658450,2021,2021-12-22,9335,2021-12-16,1740,020991,,4,2,7,3801,0,1,1,,2,022,"I-280 S/B FROM SAN JOSE ON-RAMP","MONTEREY BLVD. ON-RAMP TO I-280 N/B",111.00,S,N,A,-,Y,,,280,,,,R,,S,N,4,0,1,2,A,-,03,22350,,N,C,C,A,A,H,-,C,D,0,,,,,Y,,A,08,0,0,1,0,0,0,0,0,0,"- ","- ",37.731311798095703,-122.43653869628906,"SAN FRANCISCO","SAN FRANCISCO",-122.43653869628906,37.731311798095703
91658451,2021,2021-12-22,9335,2021-12-10,1556,022186,,5,2,7,3801,0,1,1,,2,024,"I-280 TO 6TH STREET","BRANNAN STREET",200.00,S,N,A,-,Y,,,280,,,,R,,,Y,4,0,1,5,A,-,03,22350,,N,C,C,A,A,H,-,A,D,0,,,,,Y,,D,22,0,0,1,0,0,0,0,0,0,"- ","- ",37.773979187011719,-122.40010833740234,"SAN FRANCISCO","SAN FRANCISCO",-122.40010833740234,37.773979187011719
91658633,2021,2021-12-22,9335,2021-12-11,1755,022186,,6,2,7,3801,0,1,2,,2,013,"US-101 N/B","CORTLAND AVENUE U/C",60.00,S,N,B,-,Y,,,101,,,,,,N,N,4,0,4,2,A,-,03,22350,,N,C,C,A,A,H,-,C,D,0,,,,,Y,,A,01,0,0,4,0,0,0,0,0,0,"- ","- ",37.739551544189453,-122.40799713134766,"SAN FRANCISCO","SAN FRANCISCO",-122.40794372558594,37.739540100097656
91658793,2021,2021-12-22,9335,2021-11-19,2315,022326,,5,3,7,3801,0,1,2,,2,013,"US-101 S/B","FAITH STREET PEDESTRIAN OVERCROSSING",140.00,N,N,B,-,Y,,,101,,,,,,S,Y,4,0,2,2,A,-,07,21658,A,M,B,C,A,A,H,-,D,D,0,,,,,Y,,-,99,0,0,2,0,0,0,0,0,0,"- ","- ",37.744331359863281,-122.40557861328125,"SAN FRANCISCO","SAN FRANCISCO",-122.40559387207031,37.744335174560547
91658894,2021,2021-12-22,9335,2021-12-12,1430,022241,,7,2,7,3801,0,1,1,,2,023,"I-280 NB","ALEMANY BOULEVARD OVERCROSSING",830.00,N,N,B,C,Y,,,,,,,,,,N,4,0,1,2,A,-,17,23114,A,M,E,9,A,B,H,-,A,D,0,,,,,Y,,-,99,0,0,1,0,0,0,0,0,0,"- ","- ",37.732219696044922,-122.41181182861328,"SAN FRANCISCO","SAN FRANCISCO",-122.41204071044922,37.733261108398438
91659862,2021,2021-12-23,9335,2021-11-06,1635,022032,,6,2,7,3801,0,1,1,,1,081,"I-80 W/B","THE EMBARCADERO",3200.00,E,N,A,-,Y,,,80,,,,,,W,N,4,0,1,2,A,-,03,22350,,F,C,C,A,A,H,-,A,D,0,,,,,Y,,A,01,0,0,1,0,0,0,0,0,0,"- ","- ",37.795448303222656,-122.38053894042969,"SAN FRANCISCO","SAN FRANCISCO",-122.38070678710938,37.795627593994141
91660770,2021,2021-12-24,9335,2021-12-14,0530,014455,,2,3,7,3801,0,1,1,,2,080,"I-80 E/B","W/BRYANT ST.",150.00,W,N,B,C,Y,,,80,,,,,,E,N,3,0,1,2,A,-,03,22350,,N,C,C,A,B,F,-,A,D,0,,,,,Y,,A,01,0,1,0,0,0,0,0,0,0,"- ","- ",37.772411346435547,-122.40650939941406,"SAN FRANCISCO","SAN FRANCISCO",-122.40651702880859,37.772407531738281
91661567,2021,2021-12-27,9335,2021-12-16,2055,021886,,4,2,7,3801,0,1,2,,2,013,"US-101 S/B","CESAR CHAVEZ U/C",851.00,S,N,A,-,Y,,,101,,,,,,S,N,4,0,1,2,A,-,03,22350,,N,C,C,A,B,H,-,C,D,0,,,,,Y,,A,07,0,0,1,0,0,0,0,0,0,"- ","- ",37.747001647949219,-122.40464782714844,"SAN FRANCISCO","SAN FRANCISCO",-122.40458679199219,37.746978759765625
91661574,2021,2021-12-27,9335,2021-12-17,2350,022326,,5,3,7,3801,0,1,1,,1,081,"I-80 W/B TO HARRISON STREET","HARRISON STREET",1380.00,E,N,A,-,Y,,,80,,,,R,,W,Y,3,0,1,1,A,-,08,22107,,N,E,I,A,A,H,-,E,D,0,,,,,Y,,A,01,0,1,0,0,0,0,0,0,0,"- ","- ",37.784198760986328,-122.39328002929688,"SAN FRANCISCO","SAN FRANCISCO",-122.39328002929688,37.784198760986328
91661784,2021,2022-07-01,9335,2021-12-04,2310,022271,,6,3,7,3801,0,1,2,,2,013,"US-101 S/B","FAITH STREET PEDESTRIAN OVERCROSSING",100.00,S,N,A,-,Y,,,101,,,,,,S,Y,3,0,4,5,A,-,03,22350,,M,C,C,A,B,H,-,C,D,0,,,Y,,Y,,A,01,0,1,3,0,0,0,0,0,1,"- ","- ",37.743110656738281,-122.40647125244141,"SAN FRANCISCO","SAN FRANCISCO",-122.40650177001953,37.743137359619141
91661804,2021,2021-12-27,9335,2021-11-02,0302,022179,,2,3,7,3801,0,1,2,,2,013,"US-101 N/B","FAITH ST PEDESTRIAN O/C",560.00,S,N,B,-,Y,,,101,,,,,,N,Y,2,0,2,2,A,-,11,21954,A,N,G,1,E,B,H,-,C,D,0,Y,,,,Y,,N,60,1,0,1,0,1,0,0,0,0,"- ","- ",37.742630004882812,-122.40673065185547,"SAN FRANCISCO","SAN FRANCISCO",-122.40669250488281,37.742595672607422
91662089,2021,2022-01-21,9335,2021-12-10,2020,021957,,5,2,7,3801,0,1,1,,2,080,"I-80 E/B","8TH ST. U/C",125.00,E,N,A,-,Y,,,80,,,,,,E,N,4,0,1,2,A,-,03,22350,,M,C,C,A,A,H,-,C,D,0,,,,,Y,,A,07,0,0,1,0,0,0,0,0,0,"- ","- ",37.772800445556641,-122.40654754638672,"SAN FRANCISCO","SAN FRANCISCO",-122.40659332275391,37.772796630859375
91662694,2021,2021-12-27,9335,2021-12-27,1130,020658,,1,1,7,3801,0,1,1,,2,080,"US 101 S/B TO I-80 E/B","DIVISION STREET",150.00,N,N,C,-,Y,,,,,,,,,,N,3,0,1,1,A,-,08,22107,,N,E,I,A,B,H,-,A,D,0,,,,,Y,,A,01,0,1,0,0,0,0,0,0,0,"- ","- ",37.769901275634766,-122.40541839599609,"SAN FRANCISCO","SAN FRANCISCO",-122.41340637207031,37.769451141357422
91666151,2021,2021-12-30,9335,2021-10-28,1535,020991,,4,2,7,3801,0,1,1,,2,023,"I-280 N/B","ALEMANY BLVD",165.00,N,N,A,-,Y,,,280,,,,,,N,Y,4,0,1,1,A,-,08,22107,,N,E,J,A,A,H,-,A,D,0,,,,,Y,,A,01,0,0,1,0,0,0,0,0,0,"- ","- ",37.732250213623047,-122.41390991210938,"SAN FRANCISCO","SAN FRANCISCO",-122.41397857666016,37.732425689697266
91666223,2021,2021-12-30,9335,2021-12-21,2350,022179,,2,3,7,3801,0,1,2,,2,013,"US-101 N/B","FAITH STREET PEDESTRIAN OVERCROSSING",790.00,S,N,C,-,Y,,,101,,,,,,N,N,4,0,2,2,A,-,07,21658,A,N,B,2,A,B,H,-,C,D,0,,,,,Y,,A,07,0,0,2,0,0,0,0,0,0,"- ","- ",37.742080688476562,-122.40718078613281,"SAN FRANCISCO","SAN FRANCISCO",-122.4071044921875,37.742034912109375
91667278,2021,2021-12-31,9335,2021-12-22,0030,022179,,3,3,7,3801,0,1,1,,1,083,"I-80 E/B TO TREASURE ISLAND ROAD","TREASURE ISLAND RD O/C",120.00,W,N,C,-,Y,,,80,,,,R,,E,Y,4,0,1,1,A,-,08,22107,,N,E,8,A,B,H,-,C,D,0,,,,,Y,Y,A,07,0,0,1,0,0,0,0,0,0,"- ","- ",37.808780670166016,-122.36672210693359,"SAN FRANCISCO","SAN FRANCISCO",-122.36672210693359,37.808780670166016
91667999,2021,2022-01-03,9335,2021-11-14,1545,022007,,7,2,7,3801,0,1,1,,1,081,"I-80 W/B","YERBA BUENA ISLAND TUNNEL",2270.00,E,N,A,-,Y,,,80,,,,,,W,Y,4,0,1,3,A,-,03,22350,,N,C,C,A,A,H,-,A,D,0,,,,,Y,,A,01,0,0,1,0,0,0,0,0,0,"- ","- ",37.814800262451172,-122.3597412109375,"SAN FRANCISCO","SAN FRANCISCO",-122.35982513427734,37.814937591552734
91668000,2021,2022-01-03,9335,2021-11-21,1745,022007,,7,2,7,3801,0,1,2,,2,013,"US-101 S/B","CESAR CHAVEZ",915.00,S,N,A,-,Y,,,101,,,,,,S,N,3,0,1,4,A,-,03,22350,,M,C,C,A,A,H,-,B,D,0,,,,,Y,,D,22,0,1,0,0,0,0,0,0,0,"- ","- ",37.746829986572266,-122.40470886230469,"SAN FRANCISCO","SAN FRANCISCO",-122.40464019775391,37.746807098388672
91671007,2021,2022-01-05,9335,2021-12-25,0410,022525,,6,3,7,3801,0,1,1,,2,022,"I-280 N/B","THE GENEVA AVENUE OVERCROSSING.",1800.00,S,N,B,C,Y,,,280,,,,,,N,Y,4,0,1,1,A,-,01,23152,A,N,E,9,A,B,H,-,D,D,0,,,,,Y,Y,A,01,0,0,1,0,0,0,0,0,0,"- ","- ",37.716178894042969,-122.44893646240234,"SAN FRANCISCO","SAN FRANCISCO",-122.44904327392578,37.716251373291016
91671024,2021,2022-01-05,9335,2021-12-23,2335,022187,,4,3,7,3801,0,1,2,,2,013,"US-101 N/B","OF PAUL AVENUE",318.00,S,N,C,-,Y,,,101,,,,,,N,Y,4,0,1,2,A,-,08,22107,,N,E,I,A,B,H,-,D,D,0,,,,,Y,,D,22,0,0,1,0,0,0,0,0,0,"- ","- ",37.7227783203125,-122.40074920654297,"SAN FRANCISCO","SAN FRANCISCO",-122.40070343017578,37.722797393798828
91671039,2021,2022-01-05,9335,2021-12-23,0430,022096,,4,3,7,3801,0,1,1,,2,023,"I-280 N/B","FARALLONES ST PEDESTRIAN O/C",270.00,S,N,C,-,Y,,,280,,,,,,N,Y,3,0,1,1,A,-,08,22107,,N,E,I,A,B,H,-,D,D,0,,,,,Y,,A,01,0,1,0,0,0,0,0,0,0,"- ","- ",37.713111877441406,-122.45249176025391,"SAN FRANCISCO","SAN FRANCISCO",-122.45243835449219,37.713050842285156
91671056,2021,2022-01-05,9335,2021-12-25,2220,022187,,6,3,7,3801,0,1,1,,2,022,"I-280 N/B","GENEVA AVENUE",1531.00,S,N,C,-,Y,,,280,,,,,,N,Y,3,0,1,2,A,-,08,22107,,N,E,I,A,B,H,-,E,D,0,,,,,Y,,A,01,0,1,0,0,0,0,0,0,0,"- ","- ",37.71697998046875,-122.44879913330078,"SAN FRANCISCO","SAN FRANCISCO",-122.44870758056641,37.716938018798828
91671356,2021,2022-01-05,9335,2021-12-23,1435,022703,,4,2,7,3801,0,1,1,,1,081,"I-80 WESTBOUND","THE EMBARCADERO STREET UNDERCROSSING",790.00,E,N,A,-,Y,,,80,,,,,,W,Y,4,0,1,4,A,-,03,22350,,N,C,C,A,A,H,-,A,D,0,,,,,Y,,A,07,0,0,1,0,0,0,0,0,0,"- ","- ",37.790451049804688,-122.38614654541016,"SAN FRANCISCO","SAN FRANCISCO",-122.38600921630859,37.790298461914062
91671486,2021,2022-01-05,9350,2021-12-29,0658,017729,,3,1,7,3801,0,1,2,,2,020,"US-101 S/B","MARIN / SAN FRANCISCO COUNTY LINE",2112.00,S,N,B,C,Y,,,101,,,,,,S,Y,3,0,2,1,C,-,18,,,N,E,J,A,B,H,-,C,D,0,,,,,Y,,-,"- ",0,1,1,0,0,0,0,0,0,"- ","- ",37.820758819580078,-122.47872161865234,"SAN FRANCISCO","SAN FRANCISCO",-122.47889709472656,37.820735931396484
91672152,2021,2022-01-06,9335,2021-12-06,0920,022596,,1,1,7,3801,1,4,S,,2,901,"GEARY BOULEVARD","COOK STREET",50.00,W,N,A,-,N,,,,,,,,,,N,4,0,1,2,A,-,07,21658,A,N,B,C,A,A,H,-,A,D,0,,,,,Y,,A,07,0,0,1,0,0,0,0,0,0,"- ","- ",37.781929016113281,-122.45240783691406,"SAN FRANCISCO","SAN FRANCISCO",-122.45233154296875,37.781894683837891
91672776,2021,2022-01-06,9335,2021-12-27,1120,022596,,1,1,7,3801,0,1,1,,2,024,"I-280 N/B TO 6TH STREET","BRANNAN STREET",205.00,S,N,A,-,Y,,,280,,,,R,,N,Y,4,0,1,2,A,-,03,22350,,N,C,C,A,B,H,-,A,D,0,,,,Y,Y,,G,25,0,0,1,0,0,0,0,0,0,"- ","- ",37.774318695068359,-122.40049743652344,"SAN FRANCISCO","SAN FRANCISCO",-122.40049743652344,37.774318695068359
91672917,2021,2022-01-06,9350,2021-12-29,0701,017729,,3,1,7,3801,0,1,2,,2,020,"US-101 S/B","MARIN / SAN FRANCISCO COUNTY LINE",2112.00,S,N,B,C,Y,,,101,,,,,,S,Y,4,0,2,2,A,-,03,22350,,N,C,C,A,B,H,-,C,D,0,,,,,Y,,D,22,0,0,2,0,0,0,0,0,0,"- ","- ",37.820831298828125,-122.478759765625,"SAN FRANCISCO","SAN FRANCISCO",-122.47890472412109,37.820812225341797
91674161,2021,2022-01-10,9335,2021-12-29,0341,021301,,3,3,7,3801,0,1,2,,2,013,"US-101 N/B","PAUL AVE UNDER-CROSSING",142.00,N,N,C,-,Y,,,101,,,,,,N,Y,4,0,1,2,A,-,03,22350,,N,D,C,A,B,H,-,D,D,0,,,,,Y,,A,01,0,0,1,0,0,0,0,0,0,"- ","- ",37.724098205566406,-122.40129852294922,"SAN FRANCISCO","SAN FRANCISCO",-122.4012451171875,37.724124908447266
91674162,2021,2022-01-10,9335,2021-12-29,0336,021301,,3,3,7,3801,0,1,2,,2,013,"US-101 N/B","PAUL AVE UNDER-CROSSING",105.00,N,N,C,-,Y,,,101,,,,,,N,Y,4,0,1,1,A,-,08,22107,,N,E,I,A,B,F,-,D,D,0,,,,,Y,,A,01,0,0,1,0,0,0,0,0,0,"- ","- ",37.724098205566406,-122.40110015869141,"SAN FRANCISCO","SAN FRANCISCO",-122.40121459960938,37.724052429199219
91674164,2021,2022-01-10,9335,2021-12-29,1705,018688,,3,2,7,3801,0,1,1,,2,080,"I-80 W/B","2ND ST.",100.00,E,N,B,C,Y,,,80,,,,,,W,N,3,0,1,3,A,-,03,22350,,N,B,2,A,B,H,-,C,D,0,,,Y,,Y,,C,02,0,1,0,0,0,0,0,0,1,"- ","- ",37.784030914306641,-122.39418029785156,"SAN FRANCISCO","SAN FRANCISCO",-122.39421844482422,37.784084320068359
91676682,2022,2022-02-23,9335,2022-01-03,2010,021957,,1,2,7,3801,0,1,1,,2,023,"I-280 S/B","ST MARY'S PARK FOOTBRIDGE O/C",367.00,S,N,B,C,Y,SF,,280,,R,3.453,H,,L,Y,4,0,1,2,A,-,03,22350,,N,C,C,A,B,H,-,D,D,0,,,,,Y,,-,"- ",0,0,1,0,0,0,0,0,0,"- ","- ",37.7318115234375,-122.4219970703125,"SAN FRANCISCO","SAN FRANCISCO",-122.42198181152344,37.731742858886719
91677287,2022,2022-01-13,9335,2022-01-03,2030,020991,,1,2,7,3801,0,1,1,,1,083,"I-80 E/B","TREASURE ISLAND RD",3513.00,W,N,C,-,Y,SF,,80,,,7.064,H,,R,Y,4,0,1,2,A,-,08,22107,,N,B,C,A,B,H,-,C,D,0,,,,,Y,,A,07,0,0,1,0,0,0,0,0,0,"- ","- ",37.801589965820312,-122.37400054931641,"SAN FRANCISCO","SAN FRANCISCO",-122.37400054931641,37.801589965820312
91677354,2022,2022-01-13,9335,2022-01-04,0110,022179,,2,3,7,3801,0,1,1,,2,080,"I-80 W/B TO 5TH STREET","5TH STREET",322.00,E,N,C,-,Y,SF,,80,,,4.880,H,,L,Y,3,0,1,1,A,-,08,22107,,N,E,I,A,B,H,-,C,D,0,,,,,Y,,A,01,0,1,0,0,0,0,0,0,0,"- ","- ",37.778980255126953,-122.40065765380859,"SAN FRANCISCO","SAN FRANCISCO",-122.40074920654297,37.779048919677734
91677670,2022,2022-01-13,9335,2022-01-05,0105,021754,,3,3,7,3801,0,1,2,,2,015,"US-101 NB","ALAMEDA STREET UNDERCROSSING",150.00,S,N,A,-,Y,SF,,101,,R,4.374,H,,R,Y,3,0,2,1,A,-,08,22107,,N,E,I,A,A,H,-,C,D,0,,,,,Y,,A,01,0,1,1,0,0,0,0,0,0,"- ","- ",37.768001556396484,-122.40557098388672,"SAN FRANCISCO","SAN FRANCISCO",-122.40558624267578,37.767990112304688
91677689,2022,2022-01-13,9335,2022-01-05,0801,018804,,3,1,7,3801,0,1,2,,2,013,"US 101 N/B","23RD STREET",305.00,S,N,B,-,Y,SF,,101,,,3.290,H,,R,N,4,0,1,2,A,-,03,22350,,N,C,C,A,A,H,-,A,D,0,,,,,Y,,A,01,0,0,1,0,0,0,0,0,0,"- ","- ",37.753421783447266,-122.40284729003906,"SAN FRANCISCO","SAN FRANCISCO",-122.40283966064453,37.753421783447266
91678518,2022,2022-01-14,9335,2022-01-05,1805,014739,,3,2,7,3801,0,1,1,,2,022,"SOUTHBOUND INTERSTATE 280","MISSION OFF-RAMP",200.00,N,N,B,-,Y,SF,,280,,R,1.171,H,,R,N,3,0,2,2,A,-,03,22350,,N,C,C,A,A,H,-,C,D,0,,,,,Y,,A,01,0,2,0,0,0,0,0,0,0,"- ","- ",37.714931488037109,-122.45063781738281,"SAN FRANCISCO","SAN FRANCISCO",-122.45040893554688,37.714759826660156
91678569,2022,2022-01-14,9335,2022-01-05,1530,022032,,3,2,7,3801,0,1,1,,1,083,"I-80 E/B","YERBA BUENA ISLAND TUNNEL EAST EDGE",80.00,E,N,A,-,Y,SF,,80,,,7.874,H,,R,Y,4,0,2,3,A,-,03,22350,,N,C,C,A,A,H,-,A,D,0,,,,,Y,,A,08,0,0,2,0,0,0,0,0,0,"- ","- ",37.810779571533203,-122.36444854736328,"SAN FRANCISCO","SAN FRANCISCO",-122.36441802978516,37.810760498046875
91679080,2021,2022-01-17,9335,2021-12-16,0030,022096,,4,3,7,3801,0,1,1,,2,022,"I-280 N/B","FARALLONES ST PEDESTRIAN O/C",455.00,N,N,C,-,Y,,,280,,,,,,N,Y,4,0,1,2,A,-,08,22107,,F,C,C,A,B,H,-,D,D,0,,,,,Y,,A,01,0,0,1,0,0,0,0,0,0,"- ","- ",37.714519500732422,-122.45066070556641,"SAN FRANCISCO","SAN FRANCISCO",-122.45067596435547,37.71453857421875
91679081,2021,2022-01-17,9335,2021-12-10,2038,022241,,5,2,7,3801,0,1,1,,2,080,"I-80 E/B","6TH STREET UNDERCROSSING",20.00,E,N,A,-,Y,,,80,,,,,,E,Y,4,0,2,2,A,-,01,23152,A,N,C,C,A,A,H,-,C,D,0,,,,,Y,Y,A,07,0,0,2,0,0,0,0,0,0,"- ","- ",37.776939392089844,-122.40347290039062,"SAN FRANCISCO","SAN FRANCISCO",-122.40345001220703,37.776901245117188
91679084,2022,2022-01-17,9335,2022-01-07,0454,022096,,5,3,7,3801,0,1,1,,2,080,"I-80 W/B TO FREMONT ST","1ST STREET",267.00,E,N,B,-,Y,,,,,,,,,,Y,4,0,1,1,A,-,08,22107,,N,E,I,A,B,H,-,D,D,0,,,,,Y,,A,01,0,0,1,0,0,0,0,0,0,"- ","- ",37.787300109863281,-122.39591217041016,"SAN FRANCISCO","SAN FRANCISCO",-122.40663909912109,37.773380279541016
91679565,2022,2022-01-18,9335,2022-01-09,1930,021390,,7,2,7,3801,0,1,2,,2,014,"US-101 S/B TO US-101 S/B","THE 15TH ST. UNDERCROSSING",50.00,S,N,A,-,Y,SF,,101,,R,4.303,H,,L,Y,4,0,1,2,A,-,08,22107,,N,E,I,A,A,H,-,C,D,0,,,,,Y,,A,07,0,0,1,0,0,0,0,0,0,"- ","- ",37.767040252685547,-122.40548706054688,"SAN FRANCISCO","SAN FRANCISCO",-122.40545654296875,37.767044067382812
91680722,2021,2022-01-19,9335,2021-12-10,2020,021886,,5,2,7,3801,0,1,1,,1,082,"I-80 W/B","SFOBB TOLL PLAZA METERING LIGHTS",80.00,E,N,A,-,Y,,,,,,,,,,Y,2,0,1,2,A,-,03,22350,,N,C,C,A,A,H,-,C,A,0,,,Y,,Y,,C,02,1,0,0,0,0,0,0,0,1,"- ","- ",37.82440185546875,-122.31713104248047,"SAN FRANCISCO","SAN FRANCISCO",,
91680933,2022,2022-01-19,9335,2022-01-10,1830,021474,,1,2,7,3801,0,1,2,,2,014,"US-101 S/B","23RD ST. O/C",380.00,N,N,A,-,Y,SF,,101,,,3.436,H,,L,Y,3,0,4,2,A,-,07,21658,A,N,B,C,A,A,H,-,C,D,0,,,,,Y,,A,01,0,1,3,0,0,0,0,0,0,"- ","- ",37.755588531494141,-122.40331268310547,"SAN FRANCISCO","SAN FRANCISCO",-122.40324401855469,37.755592346191406