CASE_ID,ACCIDENT_YEAR,PROC_DATE,JURIS,COLLISION_DATE,COLLISION_TIME,OFFICER_ID,REPORTING_DISTRICT,DAY_OF_WEEK,CHP_SHIFT,POPULATION,CNTY_CITY_LOC,SPECIAL_COND,BEAT_TYPE,CHP_BEAT_TYPE,CITY_DIVISION_LAPD,CHP_BEAT_CLASS,BEAT_NUMBER,PRIMARY_RD,SECONDARY_RD,DISTANCE,DIRECTION,INTERSECTION,WEATHER_1,WEATHER_2,STATE_HWY_IND,CALTRANS_COUNTY,CALTRANS_DISTRICT,STATE_ROUTE,ROUTE_SUFFIX,POSTMILE_PREFIX,POSTMILE,LOCATION_TYPE,RAMP_INTERSECTION,SIDE_OF_HWY,TOW_AWAY,COLLISION_SEVERITY,NUMBER_KILLED,NUMBER_INJURED,PARTY_COUNT,PRIMARY_COLL_FACTOR,PCF_CODE_OF_VIOL,PCF_VIOL_CATEGORY,PCF_VIOLATION,PCF_VIOL_SUBSECTION,HIT_AND_RUN,TYPE_OF_COLLISION,MVIW,PED_ACTION,ROAD_SURFACE,ROAD_COND_1,ROAD_COND_2,LIGHTING,CONTROL_DEVICE,CHP_ROAD_TYPE,PEDESTRIAN_ACCIDENT,BICYCLE_ACCIDENT,MOTORCYCLE_ACCIDENT,TRUCK_ACCIDENT,NOT_PRIVATE_PROPERTY,ALCOHOL_INVOLVED,STWD_VEHTYPE_AT_FAULT,CHP_VEHTYPE_AT_FAULT,COUNT_SEVERE_INJ,COUNT_VISIBLE_INJ,COUNT_COMPLAINT_PAIN,COUNT_PED_KILLED,COUNT_PED_INJURED,COUNT_BICYCLIST_KILLED,COUNT_BICYCLIST_INJURED,COUNT_MC_KILLED,COUNT_MC_INJURED,PRIMARY_RAMP,SECONDARY_RAMP,LATITUDE,LONGITUDE,COUNTY,CITY,POINT_X,POINT_Y
91681747,2021,2022-01-20,9335,2021-12-20,1735,022596,,1,2,7,3801,0,1,2,,2,015,"US-101 S/B","S VAN NESS AVENUE UNDERCROSSING",288.00,S,N,A,-,Y,,,101,,,,,,S,Y,3,0,1,2,A,-,07,21658,A,F,B,C,A,A,H,-,C,D,0,,,Y,,Y,,-,99,0,1,0,0,0,0,0,0,1,"- ","- ",37.769630432128906,-122.41667938232422,"SAN FRANCISCO","SAN FRANCISCO",-122.41667938232422,37.769603729248047
91681986,2022,2022-01-20,9335,2022-01-14,1938,017672,,5,2,7,3801,0,1,1,,2,080,"I-80 E/B","7TH STREET OFF-RAMP",200.00,W,N,A,-,Y,SF,,80,,,4.340,H,,R,N,4,0,3,3,A,-,03,22350,,N,C,C,A,A,H,-,C,D,0,,,,,Y,,A,01,0,0,3,0,0,0,0,0,0,"- ","- ",37.772998809814453,-122.40653228759766,"SAN FRANCISCO","SAN FRANCISCO",-122.40660095214844,37.773002624511719
91682181,2022,2022-01-21,9370,2022-01-12,2324,022288,,3,3,7,3801,0,1,S,,2,904,"I-80 WB TO TREASURE ISLAND","MACALLA RD",275.00,E,N,A,-,Y,,,,,,,,,,Y,3,0,3,1,A,-,03,22350,,N,E,I,A,A,H,-,D,D,0,,,,,Y,,A,01,0,3,0,0,0,0,0,0,0,"- ","- ",37.812309265136719,-122.36424255371094,"SAN FRANCISCO","SAN FRANCISCO",-122.36424255371094,37.812309265136719
91682456,2022,2022-07-28,9335,2022-01-10,1545,020991,,1,2,7,3801,0,1,1,,2,022,"I-280 N/B","PAULDING ST.",57.00,S,N,A,-,Y,SF,,280,,R,2.190,H,,R,Y,3,0,1,1,A,-,01,23152,F,N,E,J,A,A,H,-,A,D,0,,,,,Y,,A,01,0,1,0,0,0,0,0,0,0,"- ","- ",37.728160858154297,-122.44374084472656,"SAN FRANCISCO","SAN FRANCISCO",-122.44367980957031,37.728103637695312
91682781,2022,2022-01-21,9335,2022-01-14,0830,018399,,5,1,7,3801,0,1,1,,1,083,"I-80 E/B","TREASURE ISLAND ROAD",940.00,W,N,A,-,Y,SF,,80,,,7.546,H,,R,Y,4,0,1,3,A,-,03,22350,,N,C,C,A,A,H,-,A,D,0,,,,,Y,,D,23,0,0,1,0,0,0,0,0,0,"- ","- ",37.806949615478516,-122.36817932128906,"SAN FRANCISCO","SAN FRANCISCO",-122.36823272705078,37.806983947753906
91682783,2021,2022-01-21,9335,2021-12-26,1105,022032,,7,1,7,3801,0,1,1,,2,023,"I-280 N/B TO US-101 N/B","CORTLAND AVE",60.00,N,N,A,-,Y,,,,,,,,,,Y,3,0,3,2,A,-,03,22350,,F,B,C,A,A,H,-,A,D,0,,,,,Y,,A,01,0,1,2,0,0,0,0,0,0,"- ","- ",37.739818572998047,-122.40788269042969,"SAN FRANCISCO","SAN FRANCISCO",,
91683125,2022,2022-01-24,9335,2022-01-14,1900,022032,,5,2,7,3801,0,1,1,,2,023,"I-280 N/B","LYELL ST",200.00,N,N,A,-,Y,SF,,280,,R,2.950,H,,R,Y,4,0,1,2,A,-,08,22107,,N,E,8,A,A,H,-,D,D,0,,,,,Y,,A,07,0,0,1,0,0,0,0,0,0,"- ","- ",37.732261657714844,-122.43106842041016,"SAN FRANCISCO","SAN FRANCISCO",-122.43106842041016,37.732170104980469
91683236,2022,2022-03-10,9335,2022-01-20,0545,019581,,4,3,7,3801,0,1,2,,2,015,"US-101 N/B","16TH ST.",50.00,N,N,A,-,Y,SF,,101,,,4.238,H,,R,Y,3,0,3,2,A,-,08,22107,,N,E,J,A,A,H,-,D,D,0,,,,,Y,,A,01,0,2,1,0,0,0,0,0,0,"- ","- ",37.766128540039062,-122.40493774414062,"SAN FRANCISCO","SAN FRANCISCO",-122.40505218505859,37.766120910644531
91683239,2022,2022-01-24,9335,2022-01-11,1210,018804,,2,1,7,3801,0,1,1,,2,022,"I-280 N/B","PAULDING STREET",300.00,S,N,A,-,Y,SF,,280,,R,2.166,H,,R,N,3,0,1,2,A,-,07,21658,A,N,C,C,A,A,H,-,A,D,0,,,,,Y,,A,01,0,1,0,0,0,0,0,0,0,"- ","- ",37.727870941162109,-122.44402313232422,"SAN FRANCISCO","SAN FRANCISCO",-122.44401550292969,37.727867126464844
91685551,2022,2022-01-26,9335,2022-01-23,1610,021390,,7,2,7,3801,0,1,1,,1,081,"I-80 W/B","THE EMBARCADERO UNDERCROSSING",1840.00,E,N,A,-,Y,SF,,80,,,6.270,H,,L,Y,4,0,1,3,A,-,03,22350,,N,C,C,A,A,H,-,A,D,0,,,,,Y,,A,08,0,0,1,0,0,0,0,0,0,"- ","- ",37.792671203613281,-122.38346862792969,"SAN FRANCISCO","SAN FRANCISCO",-122.38360595703125,37.792762756347656
91685615,2022,2022-01-26,9335,2022-01-16,1743,019799,,7,2,7,3801,0,1,1,,2,080,"I-80 W/B TO 5TH ST.","5TH ST.",215.00,E,N,A,-,Y,SF,,80,,,4.873,H,,L,Y,4,0,1,2,A,-,03,22350,,F,C,C,A,A,H,-,C,A,0,,,,,Y,,A,01,0,0,1,0,0,0,0,0,0,"- ","- ",37.779010772705078,-122.40088653564453,"SAN FRANCISCO","SAN FRANCISCO",-122.40084075927734,37.778972625732422
91686039,2021,2022-01-26,9350,2021-11-11,1753,022300,,4,2,7,3801,0,1,2,,1,120,"US-101 N/B","GOLDEN GATE BRIDGE TOLL PLAZA",345.00,N,N,A,-,Y,,,101,,,,,,N,Y,2,0,5,7,A,-,07,21658,A,N,G,C,E,A,E,G,C,A,0,Y,,,,Y,,M,97,2,2,1,0,4,0,0,0,0,"- ","- ",37.808048248291016,-122.47635650634766,"SAN FRANCISCO","SAN FRANCISCO",-122.47637939453125,37.808025360107422
91686377,2022,2022-01-27,9335,2022-01-20,0545,022326,,4,3,7,3801,0,1,1,,2,080,"I-80 E/B","15TH STREET",180.00,W,N,E,-,Y,SF,,80,,,3.898,H,,R,N,4,0,1,3,A,-,03,22350,,N,C,C,A,A,H,-,C,D,0,,,,,Y,,A,01,0,0,1,0,0,0,0,0,0,"- ","- ",37.766960144042969,-122.4049072265625,"SAN FRANCISCO","SAN FRANCISCO",-122.40496063232422,37.766960144042969
91686520,2022,2022-01-27,9335,2022-01-18,1830,020991,,2,2,7,3801,0,1,2,,2,013,"US-101 S/B","CESAR CHAVEZ ST.",1552.00,S,N,A,-,Y,SF,,101,,,2.705,H,,L,N,4,0,1,2,A,-,08,22107,,N,E,I,A,A,H,-,D,D,0,,,Y,,Y,,A,01,0,0,1,0,0,0,0,0,0,"- ","- ",37.745151519775391,-122.40506744384766,"SAN FRANCISCO","SAN FRANCISCO",-122.4051513671875,37.745174407958984
91688190,2022,2022-01-28,9335,2022-01-15,0250,022468,,6,3,7,3801,0,1,2,,2,015,"US-101 S/B TO I-80 E/B","DIVISION ST",97.00,S,N,A,-,Y,SF,,80,,L,4.120,H,,R,Y,3,0,4,1,A,-,01,23152,A,N,E,J,A,A,H,-,D,D,0,,,,,Y,Y,A,07,0,1,3,0,0,0,0,0,0,"- ","- ",37.770038604736328,-122.40547180175781,"SAN FRANCISCO","SAN FRANCISCO",-122.40542602539062,37.770042419433594
91688210,2022,2022-01-28,9335,2022-01-20,1750,021886,,4,2,7,3801,0,1,2,,2,015,"US-101 N/B TO 9TH ST.","BRANNAN ST. U/C",212.00,N,N,A,-,Y,SF,,101,,R,4.574,H,,R,Y,3,0,3,5,A,-,03,22350,,N,C,C,A,A,H,-,C,A,0,,,,,Y,Y,A,01,0,1,2,0,0,0,0,0,0,"- ","- ",37.770069122314453,-122.40821075439453,"SAN FRANCISCO","SAN FRANCISCO",-122.40828704833984,37.769889831542969
91688217,2022,2022-01-28,9335,2022-01-01,0255,022486,,6,3,7,3801,0,1,1,,1,083,"I-80 E/B TO TREASURE ISLAND ROAD","TREASURE ISLAND RD",88.00,W,N,A,-,Y,,,,,,,,,,Y,3,0,1,1,A,-,01,23152,A,F,E,I,A,A,H,-,C,D,0,,,,,Y,Y,A,07,0,1,0,0,0,0,0,0,0,"- ","- ",37.8089599609375,-122.36685180664062,"SAN FRANCISCO","SAN FRANCISCO",-122.36685180664062,37.8089599609375
91688531,2022,2022-01-28,9335,2022-01-21,0735,022326,,5,1,7,3801,0,1,2,,2,013,"US-101 S/B","PAUL AVENUE",170.00,N,N,A,-,Y,SF,,101,,,1.169,H,,L,Y,3,0,1,2,A,-,03,22350,,N,C,C,A,A,H,-,A,D,0,,,Y,,Y,,C,02,0,1,0,0,0,0,0,0,1,"- ","- ",37.724361419677734,-122.40171051025391,"SAN FRANCISCO","SAN FRANCISCO",-122.40162658691406,37.724380493164062
91688586,2022,2022-01-28,9335,2022-01-22,1045,019581,,6,1,7,3801,0,1,2,,2,014,"US-101 N/B","22ND ST. O/C",350.00,N,N,A,-,Y,SF,,101,,,3.592,H,,R,Y,3,0,1,4,A,-,03,22350,,N,C,C,A,A,H,-,A,D,0,,,,,Y,,A,01,0,1,0,0,0,0,0,0,0,"- ","- ",37.757701873779297,-122.40413665771484,"SAN FRANCISCO","SAN FRANCISCO",-122.40412139892578,37.757713317871094
91688988,2021,2022-01-31,9350,2021-12-19,0212,022514,,7,3,7,3801,0,1,2,,2,010,"US-101 NB TO LINCOLN BOULEVARD","LINCOLN BLVD.",148.00,N,N,A,G,Y,,,101,,,,R,,N,Y,3,0,1,1,A,-,01,23152,A,M,E,I,A,A,H,-,C,A,0,,,,,Y,Y,A,01,0,1,0,0,0,0,0,0,0,"- ","- ",37.806770324707031,-122.47463226318359,"SAN FRANCISCO","SAN FRANCISCO",-122.47463226318359,37.806770324707031
91689011,2022,2022-01-31,9335,2022-01-24,1150,018053,,1,1,7,3801,0,1,1,,2,080,"I-80 E/B","6TH STREET UNDER CROSSING",464.00,W,N,A,-,Y,SF,,80,,,4.568,H,,R,Y,4,0,2,2,A,-,03,22350,,N,C,C,A,A,H,-,A,D,0,,,,,Y,,A,07,0,0,2,0,0,0,0,0,0,"- ","- ",37.775981903076172,-122.40476989746094,"SAN FRANCISCO","SAN FRANCISCO",-122.40480804443359,37.776008605957031
91689012,2022,2022-01-31,9335,2022-01-24,1528,021886,,1,2,7,3801,0,1,1,,2,022,"I-280 SB","HAVELOCK ST PED O/C",130.00,N,N,A,-,Y,SF,,280,,R,2.067,H,,L,Y,4,0,1,2,A,-,04,21703,,N,C,C,A,A,H,-,A,D,0,,,,,Y,,A,01,0,0,1,0,0,0,0,0,0,"- ","- ",37.726921081542969,-122.445556640625,"SAN FRANCISCO","SAN FRANCISCO",-122.44547271728516,37.726863861083984
91689018,2022,2022-01-31,9335,2022-01-26,1125,020509,,3,1,7,3801,0,1,2,,2,014,US-101,"16TH STREET U/C",13.00,S,N,A,-,Y,SF,,101,,,4.229,H,,R,N,4,0,1,2,A,-,03,22350,,N,C,C,A,A,H,-,A,D,0,,,,,Y,,A,08,0,0,1,0,0,0,0,0,0,"- ","- ",37.765968322753906,-122.40529632568359,"SAN FRANCISCO","SAN FRANCISCO",-122.405029296875,37.7659912109375
91691558,2022,2022-02-02,9335,2022-01-20,0530,022096,,4,3,7,3801,0,1,2,,2,014,"US-101 N/B","FAITH STREET",502.00,N,N,A,-,Y,SF,,101,,,2.711,H,,R,Y,4,0,1,2,A,-,01,23152,A,N,C,C,A,A,H,-,D,D,0,,,,,Y,Y,A,07,0,0,1,0,0,0,0,0,0,"- ","- ",37.745170593261719,-122.4049072265625,"SAN FRANCISCO","SAN FRANCISCO",-122.40496826171875,37.745182037353516
91692574,2022,2022-02-03,9335,2022-01-23,1805,022667,,7,2,7,3801,0,1,2,,2,013,"US-101 N/B TO CESAR CHAVEZ","CESAR CHAVEZ UNCERCROSSING",855.00,S,N,A,-,Y,,,,,,,,,,Y,4,0,1,3,C,-,18,,,N,B,C,A,A,H,-,C,A,0,,,,,Y,,-,"- ",0,0,1,0,0,0,0,0,0,"- ","- ",37.747051239013672,-122.40383148193359,"SAN FRANCISCO","SAN FRANCISCO",-122.40383148193359,37.747051239013672
91692600,2022,2022-02-03,9335,2022-01-23,0152,022703,,7,3,7,3801,0,1,1,,1,083,"I-80 EASTBOUND FROM FIRST STREET","THE SECOND STREET UNDERCROSSING",915.00,E,N,A,-,Y,SF,,80,,,5.567,H,,R,Y,3,0,1,1,A,-,01,23152,A,N,E,I,A,A,H,-,C,D,0,,,,,Y,Y,A,07,0,1,0,0,0,0,0,0,0,"- ","- ",37.785190582275391,-122.39234161376953,"SAN FRANCISCO","SAN FRANCISCO",-122.39229583740234,37.785140991210938
91692665,2022,2022-02-03,9335,2022-01-24,1635,021886,,1,2,7,3801,0,1,1,,2,023,"I-280 N/B","GENEVA AVE O/C",1070.00,S,N,A,-,Y,SF,,280,,R,1.434,H,,R,Y,3,0,7,5,A,-,03,22350,,N,C,C,A,A,H,-,A,D,0,,,,,Y,,A,01,0,1,6,0,0,0,0,0,0,"- ","- ",37.71820068359375,-122.44831848144531,"SAN FRANCISCO","SAN FRANCISCO",-122.44844055175781,37.718208312988281
91692690,2022,2022-02-03,9335,2022-01-24,2205,022416,,1,3,7,3801,0,1,1,,1,081,"I-80 W/B","MAIN STREET",1373.00,E,N,A,-,Y,SF,,80,,,6.051,H,,L,Y,4,0,1,2,A,-,07,21658,A,N,B,C,A,A,H,-,C,D,0,,,,,Y,,A,01,0,0,1,0,0,0,0,0,0,"- ","- ",37.790271759033203,-122.38616943359375,"SAN FRANCISCO","SAN FRANCISCO",-122.38625335693359,37.790328979492188
91692723,2022,2022-02-03,9335,2022-01-23,0200,022703,,7,3,7,3801,0,1,1,,1,083,"I-80 EASTBOUND","THE SECOND STREET UNDERCROSSING",950.00,W,N,A,-,Y,,,,,,,,,,Y,3,0,1,2,A,-,01,23152,A,N,C,C,A,A,H,-,C,D,0,,,,,Y,Y,A,01,0,1,0,0,0,0,0,0,0,"- ","- ",37.785449981689453,-122.39247894287109,"SAN FRANCISCO","SAN FRANCISCO",-122.39231872558594,37.785129547119141
91692828,2021,2022-02-03,9335,2021-12-09,1330,021886,,4,1,7,3801,0,1,2,,2,014,"US-101 N/B","17TH ST. U/C",15.00,S,N,A,-,Y,,,101,,,,,,N,N,4,0,1,2,A,-,03,22350,,N,C,C,A,A,H,-,A,D,0,,,,,Y,,A,07,0,0,1,0,0,0,0,0,0,"- ","- ",37.764598846435547,-122.40489196777344,"SAN FRANCISCO","SAN FRANCISCO",-122.40485382080078,37.764598846435547
91693476,2022,2022-02-04,9335,2022-01-27,0555,022326,,4,3,7,3801,0,1,1,,2,023,"I-280 NB TO US-101 NB","CORTLAND AVE",185.00,S,N,A,-,Y,SF,,101,,,2.242,H,,R,N,4,0,1,2,A,-,03,22350,,N,C,C,A,A,H,-,C,D,0,,,,,Y,,A,01,0,0,1,0,0,0,0,0,0,"- ","- ",37.739151000976562,-122.40788269042969,"SAN FRANCISCO","SAN FRANCISCO",-122.40800476074219,37.739147186279297
91693581,2022,2022-02-04,9335,2022-01-31,1000,020509,,1,1,7,3801,0,1,1,,2,080,"I-80 E/B TO 7TH STREET","7TH STREET",49.00,W,N,A,-,Y,,,,,,,,,,N,4,0,1,2,A,-,03,22350,,N,C,C,A,A,H,-,A,D,0,,,,,Y,,D,22,0,0,1,0,0,0,0,0,0,"- ","- ",37.774559020996094,-122.40540313720703,"SAN FRANCISCO","SAN FRANCISCO",-122.40540313720703,37.774559020996094
91693621,2022,2022-02-04,9335,2022-01-31,1020,018053,,1,1,7,3801,0,1,1,,1,081,"I-80 E/B","SAN FRANCISCO/ALAMEDA COUNTY LINE",2693.00,W,N,A,-,Y,SF,,80,,R,8.347,H,,R,Y,4,0,1,2,A,-,03,22350,,N,C,C,A,A,H,-,A,D,0,,,,,Y,,A,01,0,0,1,0,0,0,0,0,0,"- ","- ",37.815299987792969,-122.35797119140625,"SAN FRANCISCO","SAN FRANCISCO",-122.35809326171875,37.815448760986328
91693692,2022,2022-02-04,9335,2022-01-31,1920,018688,,1,2,7,3801,0,1,1,,1,081,"I-80 W/B","SFOBB CENTER ANCHORAGE",635.00,W,N,A,-,Y,SF,,80,,,6.630,H,,L,Y,2,0,3,3,A,-,03,22350,,N,C,2,A,A,H,-,C,D,0,,,,,Y,,A,01,1,1,1,0,0,0,0,0,0,"- ","- ",37.796638488769531,-122.37905883789062,"SAN FRANCISCO","SAN FRANCISCO",-122.37924194335938,37.796764373779297
91694154,2022,2022-02-07,9335,2022-01-29,1700,021222,,6,2,7,3801,0,1,1,,2,080,"I-80 EASTBOUND","4TH STREET",350.00,E,N,A,-,Y,SF,,80,,,5.136,H,,R,N,4,0,1,2,A,-,03,22350,,N,C,C,A,A,H,-,A,D,0,,,,,Y,,A,01,0,0,1,0,0,0,0,0,0,"- ","- ",37.780891418457031,-122.39781951904297,"SAN FRANCISCO","SAN FRANCISCO",-122.39777374267578,37.780853271484375
91694163,2022,2022-02-07,9335,2022-02-01,1445,018688,,2,2,7,3801,0,1,1,,2,080,"I-80 W/B TO US-101 N/B","SAN BRUNO AVE.",24.00,W,N,A,-,Y,SF,,80,,L,4.053,H,,L,Y,3,0,1,1,A,-,03,22350,,N,F,0,A,A,H,-,A,D,0,,,Y,,Y,,C,02,0,1,0,0,0,0,0,0,1,"- ","- ",37.769161224365234,-122.40627288818359,"SAN FRANCISCO","SAN FRANCISCO",-122.40627288818359,37.769161224365234
91694170,2022,2022-02-07,9335,2022-02-02,1010,020509,,3,1,7,3801,0,1,1,,2,024,"I-280 S/B","EVANS AVE U/C",357.00,S,N,A,G,Y,SF,,280,,R,5.281,H,,L,Y,4,0,1,1,A,-,08,22107,,N,E,I,A,A,H,-,A,D,0,,,,,Y,,A,01,0,0,1,0,0,0,0,0,0,"- ","- ",37.745319366455078,-122.39479827880859,"SAN FRANCISCO","SAN FRANCISCO",-122.39485931396484,37.745353698730469
91694355,2022,2022-02-07,9335,2022-01-19,1150,018804,,3,1,7,3801,0,1,2,,2,015,"US-101 S/B FROM S. VAN NESS AVE.","S. VAN NESS AVE.",94.00,S,N,A,-,Y,,,,,,,,,,N,4,0,1,2,A,-,03,22350,,M,C,C,A,A,H,-,A,D,0,,,,,Y,,-,99,0,0,1,0,0,0,0,0,0,"- ","- ",37.768939971923828,-122.41825103759766,"SAN FRANCISCO","SAN FRANCISCO",-122.41825103759766,37.768939971923828
91696546,2022,2022-02-09,9350,2022-01-16,1813,022532,,7,2,7,3801,0,1,3,,2,011,"SR-1 S/B","LAKE ST",3000.00,N,N,A,-,Y,SF,,1,,,6.422,H,,L,N,4,0,4,2,A,-,03,22350,,N,C,C,A,A,H,-,C,D,0,,,,,Y,,A,01,0,0,4,0,0,0,0,0,0,"- ","- ",37.79412841796875,-122.46961975097656,"SAN FRANCISCO","SAN FRANCISCO",-122.46962738037109,37.79412841796875
9169766,2022,2022-08-22,3801,2022-06-05,1245,885,BAYVI,7,5,7,3801,0,0,0,,0,05C,"JAMESTOWN AV","3RD ST",18.00,W,N,B,-,N,,,,,,,,,,Y,4,0,1,1,C,-,18,,,N,E,I,A,B,H,-,A,D,0,,,,,Y,,-,"- ",0,0,1,0,0,0,0,0,0,"- ","- ",,,"SAN FRANCISCO","SAN FRANCISCO",-122.39675903320312,37.720287322998047
91697710,2022,2022-02-10,9335,2022-01-13,0500,020509,,4,3,7,3801,0,1,1,,1,081,"I-80 WESTBOUND","YERBA BUENA ISLAND TUNNEL",6230.00,W,N,A,-,Y,SF,,80,,,6.544,H,,L,Y,4,0,1,3,A,-,07,21658,A,F,B,C,A,A,H,-,C,D,0,,,,Y,Y,,-,99,0,0,1,0,0,0,0,0,0,"- ","- ",37.795768737792969,-122.38023376464844,"SAN FRANCISCO","SAN FRANCISCO",-122.38028717041016,37.795806884765625
91697779,2022,2022-02-10,9335,2022-01-29,2010,019799,,6,2,7,3801,0,1,1,,1,081,"I-80 W/B","TRESAURE ISLAND TUNNEL",900.00,W,N,A,-,Y,SF,,80,,,7.549,H,,L,Y,4,0,2,2,A,-,07,21658,A,N,B,C,A,A,H,-,C,D,0,,,,,Y,,A,07,0,0,2,0,0,0,0,0,0,"- ","- ",37.807140350341797,-122.36837768554688,"SAN FRANCISCO","SAN FRANCISCO",-122.36819458007812,37.807018280029297
91697815,2022,2022-02-10,9335,2022-01-31,1645,020991,,1,2,7,3801,0,1,2,,2,014,"US-101 S/B","18TH ST. PED OVER CROSSING",377.00,S,N,A,-,Y,SF,,101,,,3.889,H,,L,Y,4,0,1,1,A,-,08,22107,,N,E,I,A,A,H,-,A,D,0,,,,,Y,,A,01,0,0,1,0,0,0,0,0,0,"- ","- ",37.761310577392578,-122.40647888183594,"SAN FRANCISCO","SAN FRANCISCO",-122.40632629394531,37.761283874511719
91697822,2022,2022-02-10,9335,2022-01-30,1617,019799,,7,2,7,3801,0,1,1,,1,081,"I-80 W/B","SFOBB CENTER ANCHORAGE",500.00,E,N,A,-,Y,SF,,80,,,6.866,H,,L,Y,4,0,4,3,A,-,03,22350,,N,C,C,A,A,H,-,A,D,0,,,,,Y,,A,01,0,0,4,0,0,0,0,0,0,"- ","- ",37.799518585205078,-122.37657928466797,"SAN FRANCISCO","SAN FRANCISCO",-122.37638092041016,37.799385070800781
9169783,2022,2022-08-23,3801,2022-06-20,1631,472,TARAV,1,5,7,3801,0,0,0,,0,3I11D,"19TH AV","NORIEGA ST",0.00,,Y,A,-,Y,SF,4,1,-,-,3.270,I,5,S,Y,4,0,1,2,A,-,09,21801,A,N,D,C,A,A,H,-,A,A,0,,,,,Y,,A,01,0,0,1,0,0,0,0,0,0,"- ","- ",,,"SAN FRANCISCO","SAN FRANCISCO",-122.47651672363281,37.754264831542969
91699383,2022,2022-02-14,9335,2022-02-04,1600,022326,,5,2,7,3801,0,1,2,,2,015,"US-101 N/B","HARRISON ST",165.00,N,N,A,-,Y,SF,,101,,R,4.904,H,,R,N,4,0,1,3,A,-,03,22350,,N,C,C,A,A,H,-,A,D,0,,,,,Y,,A,01,0,0,1,0,0,0,0,0,0,"- ","- ",37.769618988037109,-122.41407012939453,"SAN FRANCISCO","SAN FRANCISCO",-122.41407012939453,37.769622802734375
91699590,2022,2022-06-02,9335,2022-02-05,1720,021957,,6,2,7,3801,0,1,1,,2,024,"I-280 S/B","23RD ST. UNDERCROSSING",135.00,S,N,A,-,Y,SF,,280,,R,5.937,H,,L,Y,4,0,1,2,A,-,07,21658,A,N,C,C,A,A,H,-,A,D,0,,,,,Y,,A,01,0,0,1,0,0,0,0,0,0,"- ","- ",37.754730224609375,-122.39202880859375,"SAN FRANCISCO","SAN FRANCISCO",-122.39204406738281,37.754726409912109
91699592,2022,2022-02-14,9335,2022-02-06,0620,022703,,7,1,7,3801,0,1,1,,2,022,"I-280 NORTHBOUND","SAN JOSE AVENUE OVERCROSSING",55.00,N,N,A,-,Y,SF,,280,,R,1.483,H,,R,Y,4,0,1,2,A,-,07,21658,A,N,B,C,A,A,H,-,C,D,0,,,,,Y,,A,01,0,0,1,0,0,0,0,0,0,"- ","- ",37.718910217285156,-122.44824981689453,"SAN FRANCISCO","SAN FRANCISCO",-122.44835662841797,37.718917846679688
91699627,2022,2022-02-14,9335,2022-02-08,1730,018688,,2,2,7,3801,0,1,2,,2,013,"US-101 S/B","FAITH ST.",300.00,S,N,A,-,Y,SF,,101,,,2.555,H,,L,N,4,0,1,2,A,-,03,22350,,N,C,C,A,A,H,-,B,D,0,,,,,Y,,A,01,0,0,1,0,0,0,0,0,0,"- ","- ",37.743301391601562,-122.40644073486328,"SAN FRANCISCO","SAN FRANCISCO",-122.40638732910156,37.743270874023438
91699632,2022,2022-02-14,9335,2022-02-08,1750,021886,,2,2,7,3801,0,1,2,,2,013,"US-101 SB","FAITH ST PED. O/C",552.00,N,N,A,-,Y,SF,,101,,,2.721,H,,L,N,4,0,1,2,A,-,03,22350,,N,C,C,A,A,H,-,C,D,0,,,,,Y,,A,01,0,0,1,0,0,0,0,0,0,"- ","- ",37.745418548583984,-122.40518188476562,"SAN FRANCISCO","SAN FRANCISCO",-122.40505981445312,37.745395660400391
91699686,2022,2022-02-14,9335,2022-02-10,0850,018804,,4,1,7,3801,0,1,1,,2,023,"I-280 N/B","I-280 N/B FROM MONTEREY BLVD.",20.00,S,N,A,-,Y,SF,,280,,R,2.662,H,,R,N,4,0,1,2,A,-,03,22350,,N,C,C,A,A,H,-,A,D,0,,,,,Y,,A,01,0,0,1,0,0,0,0,0,0,"- ","- ",37.731258392333984,-122.43609619140625,"SAN FRANCISCO","SAN FRANCISCO",-122.43599700927734,37.731052398681641