CASE_ID,ACCIDENT_YEAR,PROC_DATE,JURIS,COLLISION_DATE,COLLISION_TIME,OFFICER_ID,REPORTING_DISTRICT,DAY_OF_WEEK,CHP_SHIFT,POPULATION,CNTY_CITY_LOC,SPECIAL_COND,BEAT_TYPE,CHP_BEAT_TYPE,CITY_DIVISION_LAPD,CHP_BEAT_CLASS,BEAT_NUMBER,PRIMARY_RD,SECONDARY_RD,DISTANCE,DIRECTION,INTERSECTION,WEATHER_1,WEATHER_2,STATE_HWY_IND,CALTRANS_COUNTY,CALTRANS_DISTRICT,STATE_ROUTE,ROUTE_SUFFIX,POSTMILE_PREFIX,POSTMILE,LOCATION_TYPE,RAMP_INTERSECTION,SIDE_OF_HWY,TOW_AWAY,COLLISION_SEVERITY,NUMBER_KILLED,NUMBER_INJURED,PARTY_COUNT,PRIMARY_COLL_FACTOR,PCF_CODE_OF_VIOL,PCF_VIOL_CATEGORY,PCF_VIOLATION,PCF_VIOL_SUBSECTION,HIT_AND_RUN,TYPE_OF_COLLISION,MVIW,PED_ACTION,ROAD_SURFACE,ROAD_COND_1,ROAD_COND_2,LIGHTING,CONTROL_DEVICE,CHP_ROAD_TYPE,PEDESTRIAN_ACCIDENT,BICYCLE_ACCIDENT,MOTORCYCLE_ACCIDENT,TRUCK_ACCIDENT,NOT_PRIVATE_PROPERTY,ALCOHOL_INVOLVED,STWD_VEHTYPE_AT_FAULT,CHP_VEHTYPE_AT_FAULT,COUNT_SEVERE_INJ,COUNT_VISIBLE_INJ,COUNT_COMPLAINT_PAIN,COUNT_PED_KILLED,COUNT_PED_INJURED,COUNT_BICYCLIST_KILLED,COUNT_BICYCLIST_INJURED,COUNT_MC_KILLED,COUNT_MC_INJURED,PRIMARY_RAMP,SECONDARY_RAMP,LATITUDE,LONGITUDE,COUNTY,CITY,POINT_X,POINT_Y
91753001,2022,2022-04-21,9335,2022-04-19,0745,018053,,2,1,7,3801,0,1,1,,2,080,"I-80 W/B","6TH STREET UNDERCROSSING",303.00,E,N,A,-,Y,SF,,80,,,4.727,H,,L,Y,4,0,1,2,A,-,03,22350,,N,C,C,A,A,H,-,A,D,0,,,,,Y,,A,07,0,0,1,0,0,0,0,0,0,"- ","- ",37.777500152587891,-122.40280914306641,"SAN FRANCISCO","SAN FRANCISCO",-122.40281677246094,37.777507781982422
91753014,2022,2022-04-21,9335,2022-04-18,1510,021474,,1,2,7,3801,0,1,2,,2,014,"US-101 S/B","25TH STREET PEDESTRIAN O/C",80.00,N,N,A,-,Y,SF,,101,,,3.357,H,,L,Y,4,0,2,3,A,-,03,22350,,N,C,C,A,A,H,-,A,D,0,,,,,Y,,A,01,0,0,2,0,0,0,0,0,0,"- ","- ",37.754371643066406,-122.40309143066406,"SAN FRANCISCO","SAN FRANCISCO",-122.40312957763672,37.754367828369141
91755915,2022,2022-04-25,9335,2022-04-17,1635,019799,,7,2,7,3801,0,1,1,,2,080,"I-80 W/B","9TH ST. OFF RAMP",200.00,E,N,A,-,Y,SF,,80,,,4.508,H,,L,N,3,0,2,3,A,-,07,21658,A,N,B,C,A,A,H,-,A,D,0,,,,,Y,,D,22,0,2,0,0,0,0,0,0,0,"- ","- ",37.775508880615234,-122.40598297119141,"SAN FRANCISCO","SAN FRANCISCO",-122.40593719482422,37.775478363037109
91755962,2022,2022-04-25,9335,2022-04-17,1740,019799,,7,2,7,3801,0,1,1,,2,080,"I-80 W/B","5TH ST. OFF RAMP",500.00,E,N,A,-,Y,SF,,80,,,5.213,H,,L,N,4,0,2,2,A,-,03,22350,,N,C,C,A,A,H,-,A,D,0,,,,,Y,,A,01,0,0,2,0,0,0,0,0,0,"- ","- ",37.781841278076172,-122.39707183837891,"SAN FRANCISCO","SAN FRANCISCO",-122.39712524414062,37.781883239746094
91756026,2022,2022-04-25,9335,2022-04-24,1430,019799,,7,2,7,3801,0,1,1,,2,080,"I-80 W/B","FREMONT ST. OFF RAMP",400.00,W,N,A,-,Y,SF,,80,,,5.474,H,,L,N,4,0,3,2,A,-,03,22350,,N,C,C,A,A,H,-,A,D,0,,,,,Y,,A,07,0,0,3,0,0,0,0,0,0,"- ","- ",37.784450531005859,-122.39370727539062,"SAN FRANCISCO","SAN FRANCISCO",-122.39371490478516,37.784454345703125
91756527,2022,2022-04-26,9350,2022-04-16,1540,022432,,6,2,7,3801,0,1,2,,2,020,"US-101 N/B","LINCOLN BLVD",528.00,N,N,A,-,Y,,,,,,,,,,N,4,0,2,3,A,-,03,22350,,N,C,C,A,A,H,-,A,D,0,,,,,Y,,A,01,0,0,2,0,0,0,0,0,0,"- ","- ",37.807830810546875,-122.47608184814453,"SAN FRANCISCO","SAN FRANCISCO",-122.47611999511719,37.807781219482422
91756531,2022,2022-04-26,9335,2022-04-20,1118,019949,,3,1,7,3801,0,1,1,,2,022,"I-280 S/B","GENEVA AVE",2600.00,S,N,A,-,Y,SF,,280,,R,1.168,H,,L,N,4,0,1,2,A,-,03,22350,,N,C,C,A,A,H,-,A,D,0,,,,,Y,,A,01,0,0,1,0,0,0,0,0,0,"- ","- ",37.714778900146484,-122.45063781738281,"SAN FRANCISCO","SAN FRANCISCO",-122.45064544677734,37.71478271484375
91757206,2022,2022-04-26,9335,2022-04-11,0800,014455,,1,1,7,3801,0,1,1,,1,083,"I-80 E/B","W/OF THE TREASURE ISLAND TUNNEL",150.00,W,N,B,C,Y,SF,,80,,,7.801,H,,R,N,4,0,1,2,A,-,08,22107,,M,B,C,A,B,H,-,A,D,0,,,,,Y,,-,99,0,0,1,0,0,0,0,0,0,"- ","- ",37.809898376464844,-122.36522674560547,"SAN FRANCISCO","SAN FRANCISCO",-122.36526489257812,37.809925079345703
91757234,2022,2022-04-27,9335,2022-04-18,2045,021474,,1,2,7,3801,0,1,2,,2,014,"US-101 S/B","23RD STREET O/C",170.00,N,N,A,-,Y,SF,,101,,,3.399,H,,L,Y,3,0,4,4,A,-,01,23152,A,N,B,C,A,A,H,-,D,D,0,,,,,Y,Y,A,01,0,2,2,0,0,0,0,0,0,"- ","- ",37.755020141601562,-122.40322113037109,"SAN FRANCISCO","SAN FRANCISCO",-122.40319061279297,37.755020141601562
91757557,2022,2022-04-27,9350,2022-04-15,1720,022634,,5,2,7,3801,0,1,3,,2,011,"SR-1 S/B","LAKE ST",1283.00,N,N,A,-,Y,SF,,1,,,6.137,H,,L,N,3,0,7,2,A,-,01,23152,A,N,C,C,A,A,H,-,A,D,0,,,,,Y,Y,A,07,0,4,3,0,0,0,0,0,0,"- ","- ",37.789901733398438,-122.47078704833984,"SAN FRANCISCO","SAN FRANCISCO",-122.47077941894531,37.789897918701172
91757810,2022,2022-04-27,9335,2022-04-21,0530,022096,,4,3,7,3801,0,1,1,,1,081,"I-80 W/B","YERBA BUENA ISLAND TUNNEL",188.00,E,N,C,-,Y,SF,,80,,,7.854,H,,L,Y,4,0,1,1,A,-,08,22107,,N,E,I,A,B,H,-,C,D,0,,,,,Y,,A,01,0,0,1,0,0,0,0,0,0,"- ","- ",37.810470581054688,-122.36451721191406,"SAN FRANCISCO","SAN FRANCISCO",-122.36463165283203,37.810535430908203
91758064,2022,2022-04-27,9335,2022-04-20,2105,021474,,3,2,7,3801,0,1,1,,2,022,"I-280 N/B","FARALLONES ST. PEDESTRIAN O/C",75.00,S,N,C,-,Y,SF,,280,,R,1.049,H,,R,N,4,0,1,2,A,-,07,21658,A,N,C,C,A,B,H,-,C,D,0,,,,,Y,,A,01,0,0,1,0,0,0,0,0,0,"- ","- ",37.713451385498047,-122.45195770263672,"SAN FRANCISCO","SAN FRANCISCO",-122.45196533203125,37.713455200195312
91759336,2022,2022-04-28,9335,2022-01-29,2145,022525,,6,2,7,3801,0,1,2,,2,013,"US-101 SB","THE BACON STREET U/C",420.00,N,N,A,-,Y,SF,,101,,,1.333,H,,L,Y,3,0,1,3,A,-,07,21658,A,F,B,C,A,A,H,-,D,D,0,,,,,Y,,A,01,0,1,0,0,0,0,0,0,0,"- ","- ",37.726680755615234,-122.40248870849609,"SAN FRANCISCO","SAN FRANCISCO",-122.40251159667969,37.726673126220703
91760521,2022,2022-04-29,9335,2022-04-18,1720,022823,,1,2,7,3801,0,1,1,,2,022,"I-280 NB","SAN JOSE AVE. OVERCROSSING",185.00,N,N,A,-,Y,SF,,280,,R,1.518,H,,R,Y,3,0,3,4,A,-,03,22350,,N,C,C,A,A,H,-,A,D,0,,,,,Y,,A,01,0,1,2,0,0,0,0,0,0,"- ","- ",37.719390869140625,-122.44812774658203,"SAN FRANCISCO","SAN FRANCISCO",-122.44829559326172,37.719402313232422
91765098,2022,2022-05-05,9335,2022-04-26,2258,021301,,2,3,7,3801,0,1,2,,2,015,"US-101 S/B","ALAMEDA ST",310.00,S,N,A,-,Y,SF,,101,,R,4.335,H,,L,N,4,0,1,2,A,-,08,22107,,N,C,2,A,A,H,-,D,D,0,,,Y,,Y,,A,01,0,0,1,0,0,0,0,0,0,"- ","- ",37.767501831054688,-122.40550231933594,"SAN FRANCISCO","SAN FRANCISCO",-122.40552520751953,37.767494201660156
91765099,2022,2022-05-05,9335,2022-04-25,1434,021424,,1,2,7,3801,0,1,2,,2,013,"US-101 S/B","FAITH STREET PEDESTRIAN OVERCROSSING",100.00,N,N,A,-,Y,SF,,101,,,2.634,H,,L,N,3,0,2,2,A,-,03,22350,,N,C,C,A,A,H,-,A,D,0,,,,,Y,,A,01,0,1,1,0,0,0,0,0,0,"- ","- ",37.744209289550781,-122.40561676025391,"SAN FRANCISCO","SAN FRANCISCO",-122.40565490722656,37.744224548339844
91765499,2022,2022-05-05,9335,2022-04-29,1405,021916,,5,2,7,3801,0,1,2,,2,013,"US-101 S/B TO PAUL AVE","SAN BRUNO AVE",60.00,N,N,A,-,Y,SF,,101,,,0.987,H,,L,Y,4,0,1,1,A,-,03,22350,,N,E,I,A,A,H,-,A,D,0,,,,,Y,,A,07,0,0,1,0,0,0,0,0,0,"- ","- ",37.721748352050781,-122.40084075927734,"SAN FRANCISCO","SAN FRANCISCO",-122.40058898925781,37.721805572509766
91765728,2022,2022-05-05,9335,2022-05-01,1615,019799,,7,2,7,3801,0,1,1,,1,083,"I-80 E/B","TREASURE ISLAND TUNNEL",150.00,W,N,A,-,Y,SF,,80,,,7.654,H,,R,Y,4,0,1,1,A,-,03,22350,,N,E,8,A,A,H,-,A,D,0,,,,,Y,,A,01,0,0,1,0,0,0,0,0,0,"- ","- ",37.808311462402344,-122.36714172363281,"SAN FRANCISCO","SAN FRANCISCO",-122.36700439453125,37.808235168457031
91765734,2022,2022-05-05,9335,2022-04-20,0734,014455,,3,1,7,3801,0,1,1,,1,083,"I-80 E/B","TREASURE ISLAND TUNNEL ENTRANCE",528.00,W,N,A,-,Y,SF,,80,,,7.571,H,,R,N,4,0,1,2,A,-,03,22350,,N,C,C,A,A,H,-,A,D,0,,,,,Y,,A,07,0,0,1,0,0,0,0,0,0,"- ","- ",37.807220458984375,-122.36785888671875,"SAN FRANCISCO","SAN FRANCISCO",-122.36792755126953,37.807266235351562
91768165,2022,2022-05-10,9335,2022-05-02,0933,019949,,1,1,7,3801,0,1,1,,2,022,"I-280 N/B","BADEN ST",1000.00,S,N,A,-,Y,,,,,,,,,,Y,4,0,2,1,A,-,08,22107,,N,E,8,A,A,H,-,A,D,0,,,,,Y,,A,01,0,0,2,0,0,0,0,0,0,"- ","- ",37.728908538818359,-121.44206237792969,"SAN FRANCISCO","SAN FRANCISCO",-122.44246673583984,37.728733062744141
91768415,2022,2022-05-10,9335,2022-04-22,0015,022802,,5,3,7,3801,0,1,2,,2,012,"US-101 N/B TO I-380 W/B","THE SAN BRUNO AVE O/C",450.00,S,N,A,-,Y,SM,,101,,R,20.298,H,,R,N,4,0,1,3,A,-,07,21658,A,F,C,C,A,A,H,-,C,D,0,,,,,Y,,A,07,0,0,1,0,0,0,0,0,0,"- ","- ",37.630111694335938,-122.40223693847656,"SAN FRANCISCO","SAN FRANCISCO",-122.40244293212891,37.630092620849609
91769406,2022,2022-05-11,9335,2022-05-03,0210,019999,,2,3,7,3801,0,1,2,,2,013,"US-101 SB TO PAUL AVE.","SAN BRUNO AVE",15.00,E,N,A,-,Y,SF,,101,,,1.041,H,,L,Y,4,0,1,1,A,-,01,23152,A,M,A,I,A,C,H,-,D,D,0,,,,,Y,Y,A,07,0,0,1,0,0,0,0,0,0,"- ","- ",37.722518920898438,-122.40116119384766,"SAN FRANCISCO","SAN FRANCISCO",-122.40089416503906,37.722587585449219
91769571,2022,2022-05-11,9335,2022-05-03,0535,022416,,2,3,7,3801,0,1,2,,2,014,"US-101 S/B TO CESAR CHAVEZ STREET","CESAR CHAVEZ STREET",431.00,N,N,A,-,Y,SF,,101,,,3.086,H,,L,Y,4,0,2,3,A,-,03,22350,,N,C,C,A,A,H,-,B,D,0,,,,,Y,,A,08,0,0,2,0,0,0,0,0,0,"- ","- ",37.750568389892578,-122.40364837646484,"SAN FRANCISCO","SAN FRANCISCO",-122.4034423828125,37.750526428222656
91769686,2022,2022-05-11,9335,2022-05-05,1300,018053,,4,1,7,3801,0,1,2,,2,015,"US-101 NB TO DUBOCE AVENUE","SOUTH VAN NESS AVENUE U/C",32.00,S,N,A,-,Y,SF,,101,,R,5.098,H,,R,Y,4,0,2,3,A,-,03,22350,,N,C,C,A,A,H,-,A,D,0,,,,,Y,,A,01,0,0,2,0,0,0,0,0,0,"- ","- ",37.769950866699219,-122.41754913330078,"SAN FRANCISCO","SAN FRANCISCO",-122.41757202148438,37.769851684570312
91770596,2022,2022-05-12,9335,2022-05-03,0122,022416,,2,3,7,3801,0,1,1,,2,023,"I-280 N/B TO US-101 S/B","SAN BRUNO AVE",1478.00,S,N,A,-,Y,SF,,280,,R,4.036,H,,R,N,4,0,1,1,A,-,01,23152,A,N,E,J,A,A,H,-,C,D,0,,,,,Y,Y,A,07,0,0,1,0,0,0,0,0,0,"- ","- ",37.733219146728516,-122.41179656982422,"SAN FRANCISCO","SAN FRANCISCO",-122.41185760498047,37.733310699462891
91770872,2022,2022-05-12,9335,2022-04-30,2105,022186,,6,2,7,3801,0,1,2,,2,014,"US-101 S/B","23RD STREET O/C",93.00,S,N,A,-,Y,SF,,101,,,3.343,H,,L,Y,4,0,2,3,A,-,03,22350,,N,C,C,A,A,H,-,C,D,0,,,,,Y,,A,01,0,0,2,0,0,0,0,0,0,"- ","- ",37.754180908203125,-122.40306091308594,"SAN FRANCISCO","SAN FRANCISCO",-122.40311431884766,37.754177093505859
91771005,2022,2022-05-12,9335,2022-05-10,1540,018688,,2,2,7,3801,0,1,1,,1,083,"I-80 E/B","YERBA BUENA ISLAND TUNNEL (WEST EDGE)",765.00,W,N,A,G,Y,SF,,80,,,7.540,H,,R,N,4,0,1,2,A,-,03,22350,,N,C,C,A,A,H,-,A,D,0,,,,,Y,,A,01,0,0,1,0,0,0,0,0,0,"- ","- ",37.806880950927734,-122.36826324462891,"SAN FRANCISCO","SAN FRANCISCO",-122.36830902099609,37.806911468505859
91773751,2022,2022-05-17,9335,2022-05-05,0008,022860,,4,3,7,3801,0,1,1,,2,080,"I-80 E/B","7TH STREET UNDERCROSSING",370.00,E,N,A,-,Y,SF,,80,,,4.557,H,,R,N,4,0,1,3,A,-,01,23152,A,N,C,C,A,A,C,-,C,D,0,,,,,Y,Y,D,22,0,0,1,0,0,0,0,0,0,"- ","- ",37.775909423828125,-122.40496826171875,"SAN FRANCISCO","SAN FRANCISCO",-122.40494537353516,37.775890350341797
91773802,2022,2022-05-17,9335,2022-05-05,0006,022860,,4,3,7,3801,0,1,1,,2,080,"I-80 E/B","7TH STREET UNDERCROSSING",386.00,E,N,A,-,Y,SF,,80,,,4.557,H,,R,N,4,0,1,2,A,-,03,22350,,N,C,C,A,A,H,-,C,D,0,,,,,Y,,A,01,0,0,1,0,0,0,0,0,0,"- ","- ",37.775909423828125,-122.40496826171875,"SAN FRANCISCO","SAN FRANCISCO",-122.40494537353516,37.775890350341797
91773911,2022,2022-05-17,9335,2022-05-06,0915,020658,,5,1,7,3801,0,1,1,,2,022,"I-280 N/B","FARRALLONES STREET PEDESTRIAN OVER-CROSSING",1267.00,N,N,A,-,Y,SF,,280,,R,1.306,H,,R,Y,3,0,1,2,A,-,07,21658,A,N,B,C,A,A,H,-,A,D,0,,,,,Y,,A,01,0,1,0,0,0,0,0,0,0,"- ","- ",37.716461181640625,-122.44924163818359,"SAN FRANCISCO","SAN FRANCISCO",-122.448974609375,37.716377258300781
91774035,2022,2022-05-17,9335,2022-03-16,1125,019949,,3,1,7,3801,0,1,1,,2,023,"I-280 N/B TO US-101 N/B","ALEMANY BLVD. OVERCROSSING",5280.00,N,N,A,-,Y,SF,,280,,R,6.634,H,,R,Y,4,0,1,2,A,-,03,22350,,F,C,C,A,A,H,-,A,D,0,,,,,Y,,A,01,0,0,1,0,0,0,0,0,0,"- ","- ",37.763301849365234,-122.39259338378906,"SAN FRANCISCO","SAN FRANCISCO",-122.39263153076172,37.763298034667969
91774883,2022,2022-05-18,9335,2022-04-30,0145,022486,,6,3,7,3801,0,1,2,,2,015,"US-101 S/B TO I-80 E/B","DIVISION STREET UNDERCROSSING",65.00,S,N,A,-,Y,SF,,80,,L,4.072,H,,R,Y,3,0,2,1,A,-,01,23152,A,N,E,I,A,A,H,-,C,D,0,,,Y,,Y,Y,C,02,0,2,0,0,0,0,0,0,2,"- ","- ",37.76953125,-122.40541839599609,"SAN FRANCISCO","SAN FRANCISCO",-122.40547180175781,37.769546508789062
91775021,2022,2022-05-18,9335,2022-05-08,0305,022667,,7,3,7,3801,0,1,1,,1,083,"I-80 E/B","TREASURE ISLAND RD O/C",580.00,E,N,A,-,Y,SF,,80,,,7.831,H,,R,Y,3,0,2,2,A,-,01,23152,A,F,C,2,A,A,H,-,C,D,0,,,,,Y,Y,A,01,0,1,1,0,0,0,0,0,0,"- ","- ",37.810291290283203,-122.36493682861328,"SAN FRANCISCO","SAN FRANCISCO",-122.36489105224609,37.810260772705078
91775161,2022,2022-05-18,9350,2022-05-15,1825,022432,,7,2,7,3801,0,1,3,,2,011,"SR-1 SB","LAKE STREET",3168.00,N,N,A,-,Y,SF,,1,,,6.441,H,,L,N,4,0,1,3,A,-,03,22350,,N,C,C,A,A,H,-,A,D,0,,,,,Y,Y,A,01,0,0,1,0,0,0,0,0,0,"- ","- ",37.794448852539062,-122.46961975097656,"SAN FRANCISCO","SAN FRANCISCO",-122.46961975097656,37.794448852539062
91775861,2022,2022-05-19,9335,2022-05-10,1228,019434,,2,1,7,3801,0,1,1,,2,022,"I-280 N/B","FARALLONES ST PED. O/C",250.00,S,N,A,-,Y,SF,,280,,R,1.016,H,,R,Y,3,0,2,2,A,-,07,21658,A,N,B,C,A,A,H,-,A,D,0,,,,,Y,,A,01,0,1,1,0,0,0,0,0,0,"- ","- ",37.713069915771484,-122.45234680175781,"SAN FRANCISCO","SAN FRANCISCO",-122.45238494873047,37.713096618652344
91775894,2022,2022-05-19,9335,2022-05-10,1440,018688,,2,2,7,3801,0,1,1,,2,080,"I-80 E/B","6TH ST.",10.00,W,N,A,G,Y,SF,,80,,,4.649,H,,R,N,4,0,1,2,A,-,03,22350,,F,C,C,A,A,H,-,A,D,0,,,,,Y,,A,08,0,0,1,0,0,0,0,0,0,"- ","- ",37.776748657226562,-122.40367126464844,"SAN FRANCISCO","SAN FRANCISCO",-122.40369415283203,37.776775360107422
91775932,2022,2022-05-19,9335,2022-05-11,1030,018053,,3,1,7,3801,0,1,1,,1,081,"I-80 W/B","YERBA BUENA ISLAND TUNNEL WEST EDGE",200.00,E,N,A,-,Y,SF,,80,,,7.719,H,,L,N,4,0,1,3,A,-,03,22350,,N,C,C,A,A,H,-,A,D,0,,,,,Y,,D,22,0,0,1,0,0,0,0,0,0,"- ","- ",37.809040069580078,-122.36636352539062,"SAN FRANCISCO","SAN FRANCISCO",-122.36631011962891,37.809005737304688
91776322,2022,2022-05-19,9335,2022-05-18,1418,018688,,3,2,7,3801,0,1,1,,1,081,"I-80 W/B","BEALE ST.",94.00,E,N,A,-,Y,SF,,80,,,5.746,H,,L,N,4,0,1,2,A,-,07,21658,A,N,B,C,A,A,H,-,A,D,0,,,,,Y,,A,01,0,0,1,0,0,0,0,0,0,"- ","- ",37.786941528320312,-122.38992309570312,"SAN FRANCISCO","SAN FRANCISCO",-122.38993835449219,37.786952972412109
91777244,2022,2022-05-23,9335,2022-05-14,1920,021957,,6,2,7,3801,0,1,2,,2,013,"US-101 S/B","SILVER AVE. O/C",1645.00,N,N,A,-,Y,SF,,101,,,2.082,H,,L,N,3,0,1,1,A,-,08,22107,,N,E,I,A,A,H,-,A,D,0,,,,,Y,,A,01,0,1,0,0,0,0,0,0,0,"- ","- ",37.736778259277344,-122.40779113769531,"SAN FRANCISCO","SAN FRANCISCO",-122.40771484375,37.736797332763672
91777615,2022,2022-05-23,9335,2022-05-13,1540,022795,,5,2,7,3801,0,1,2,,2,013,"US-101 NORTHBOUND","PAUL AVENUE UNDERCROSSING",280.00,S,N,A,-,Y,SF,,101,,,1.063,H,,R,Y,4,0,1,3,A,-,03,22350,,N,C,C,A,A,H,-,A,D,0,,,,,Y,,A,01,0,0,1,0,0,0,0,0,0,"- ","- ",37.722888946533203,-122.4007568359375,"SAN FRANCISCO","SAN FRANCISCO",-122.40074920654297,37.722892761230469
91777983,2022,2022-05-23,9335,2022-05-07,2350,022486,,6,3,7,3801,0,1,1,,1,081,"I-80 W/B","MAIN STREET",1055.00,E,N,A,-,Y,SF,,80,,,5.990,H,,L,Y,3,0,1,1,A,-,08,22107,,N,E,I,A,A,H,-,C,D,0,,,,,Y,,A,07,0,1,0,0,0,0,0,0,0,"- ","- ",37.789558410644531,-122.38686370849609,"SAN FRANCISCO","SAN FRANCISCO",-122.38699340820312,37.789649963378906
91778138,2022,2022-05-23,9335,2022-05-13,1143,018804,,5,1,7,3801,0,1,1,,2,024,"I-280 N/B","18TH STREET",140.00,S,N,A,-,Y,SF,,280,,R,6.605,H,,R,N,3,0,1,2,A,-,03,22350,,N,C,C,A,A,H,-,A,D,0,,,Y,,Y,,C,02,0,1,0,0,0,0,0,0,1,"- ","- ",37.762851715087891,-122.39266967773438,"SAN FRANCISCO","SAN FRANCISCO",-122.39258575439453,37.762855529785156
91778377,2022,2022-05-23,9335,2022-05-13,2315,022667,,5,3,7,3801,0,1,2,,2,013,"US-101 S/B","BACON ST U/C",420.00,S,N,A,-,Y,SF,,101,,,1.332,H,,L,N,4,0,2,2,A,-,07,21658,A,N,B,C,A,A,H,-,C,D,0,,,,,Y,,A,01,0,0,2,0,0,0,0,0,0,"- ","- ",37.726661682128906,-122.40249633789062,"SAN FRANCISCO","SAN FRANCISCO",-122.40250396728516,37.726657867431641
91778502,2022,2022-05-24,9335,2022-05-16,0653,019949,,1,1,7,3801,0,1,1,,2,022,"I-280 N/B","BADEN ST",300.00,S,N,A,-,Y,,,,,,,,,,Y,4,0,1,1,C,-,18,,,N,F,I,A,A,H,-,A,D,0,,,,,Y,,-,"- ",0,0,1,0,0,0,0,0,0,"- ","- ",37.729469299316406,-121.44062805175781,"SAN FRANCISCO","SAN FRANCISCO",-122.44032287597656,37.729633331298828
91779550,2022,2022-05-24,9335,2022-05-16,0950,020461,,1,1,7,3801,0,1,1,,2,023,"I-280 N/B","MISSION ST",350.00,S,N,A,-,Y,SF,,280,,R,3.039,H,,R,Y,3,0,3,3,A,-,08,22107,,N,D,C,A,A,H,-,A,D,0,,,,,Y,,A,07,0,3,0,0,0,0,0,0,0,"- ","- ",37.732101440429688,-122.42949676513672,"SAN FRANCISCO","SAN FRANCISCO",-122.42949676513672,37.732101440429688
91781217,2022,2022-05-26,9335,2022-05-16,0040,022667,,1,3,7,3801,0,1,1,,2,080,"I-80 W/B TO 5TH ST.","5TH ST",300.00,E,N,A,-,Y,SF,,80,,,4.884,H,,L,Y,3,0,1,2,A,-,01,23152,A,N,E,8,A,A,H,-,C,D,0,,,,,Y,Y,A,01,0,1,0,0,0,0,0,0,0,"- ","- ",37.778999328613281,-122.40059661865234,"SAN FRANCISCO","SAN FRANCISCO",-122.40070343017578,37.779083251953125
91783055,2022,2022-05-27,9335,2022-05-18,1820,021756,,3,2,7,3801,0,1,2,,2,015,"US-101 NORTHBOUND","MISSION ST",102.00,S,N,A,-,Y,SF,,101,,M,5.203,H,,R,N,4,0,1,2,A,-,03,22350,,N,C,C,A,A,H,-,A,D,0,,,,,Y,,A,01,0,0,1,0,0,0,0,0,0,"- ","- ",37.770111083984375,-122.41944122314453,"SAN FRANCISCO","SAN FRANCISCO",-122.41944122314453,37.770092010498047
91783062,2022,2022-05-27,9335,2022-05-19,0730,020384,,4,1,7,3801,0,1,2,,2,014,"US-101 N/B FROM BAYSHORE BLVD","CESAR CHAVEZ ST",200.00,N,N,A,-,Y,SF,,101,,,3.061,H,,R,N,4,0,1,2,A,-,03,22350,,N,C,C,A,A,H,-,A,D,0,,,,,Y,,D,22,0,0,1,0,0,0,0,0,0,"- ","- ",37.75006103515625,-122.40306091308594,"SAN FRANCISCO","SAN FRANCISCO",-122.40338134765625,37.750125885009766
91783298,2022,2022-05-27,9335,2022-05-19,2215,022468,,4,3,7,3801,0,1,2,,2,014,"US-101 S/B TO I-280 S/B","ALEMANY BLVD",90.00,N,N,A,-,Y,SF,,101,,,2.147,H,,L,Y,4,0,2,2,A,-,01,23152,A,N,C,C,A,A,H,-,C,D,0,,,,,Y,Y,A,01,0,0,2,0,0,0,0,0,0,"- ","- ",37.737720489501953,-122.40818786621094,"SAN FRANCISCO","SAN FRANCISCO",-122.40800476074219,37.737743377685547
91783500,2022,2022-05-27,9335,2022-05-21,1530,022795,,6,2,7,3801,0,1,1,,2,024,"I-280 NORTHBOUND","20TH STREET OVERCROSSING",35.00,N,N,A,-,Y,SF,,280,,R,6.403,H,,R,Y,4,0,2,2,A,-,03,22350,,N,C,C,A,A,H,-,A,D,0,,,,,Y,,A,01,0,0,2,0,0,0,0,0,0,"- ","- ",37.760421752929688,-122.39228057861328,"SAN FRANCISCO","SAN FRANCISCO",-122.39231109619141,37.760417938232422