CASE_ID,ACCIDENT_YEAR,PROC_DATE,JURIS,COLLISION_DATE,COLLISION_TIME,OFFICER_ID,REPORTING_DISTRICT,DAY_OF_WEEK,CHP_SHIFT,POPULATION,CNTY_CITY_LOC,SPECIAL_COND,BEAT_TYPE,CHP_BEAT_TYPE,CITY_DIVISION_LAPD,CHP_BEAT_CLASS,BEAT_NUMBER,PRIMARY_RD,SECONDARY_RD,DISTANCE,DIRECTION,INTERSECTION,WEATHER_1,WEATHER_2,STATE_HWY_IND,CALTRANS_COUNTY,CALTRANS_DISTRICT,STATE_ROUTE,ROUTE_SUFFIX,POSTMILE_PREFIX,POSTMILE,LOCATION_TYPE,RAMP_INTERSECTION,SIDE_OF_HWY,TOW_AWAY,COLLISION_SEVERITY,NUMBER_KILLED,NUMBER_INJURED,PARTY_COUNT,PRIMARY_COLL_FACTOR,PCF_CODE_OF_VIOL,PCF_VIOL_CATEGORY,PCF_VIOLATION,PCF_VIOL_SUBSECTION,HIT_AND_RUN,TYPE_OF_COLLISION,MVIW,PED_ACTION,ROAD_SURFACE,ROAD_COND_1,ROAD_COND_2,LIGHTING,CONTROL_DEVICE,CHP_ROAD_TYPE,PEDESTRIAN_ACCIDENT,BICYCLE_ACCIDENT,MOTORCYCLE_ACCIDENT,TRUCK_ACCIDENT,NOT_PRIVATE_PROPERTY,ALCOHOL_INVOLVED,STWD_VEHTYPE_AT_FAULT,CHP_VEHTYPE_AT_FAULT,COUNT_SEVERE_INJ,COUNT_VISIBLE_INJ,COUNT_COMPLAINT_PAIN,COUNT_PED_KILLED,COUNT_PED_INJURED,COUNT_BICYCLIST_KILLED,COUNT_BICYCLIST_INJURED,COUNT_MC_KILLED,COUNT_MC_INJURED,PRIMARY_RAMP,SECONDARY_RAMP,LATITUDE,LONGITUDE,COUNTY,CITY,POINT_X,POINT_Y
91783605,2022,2022-05-27,9350,2022-05-27,0825,022432,,5,1,7,3801,0,1,2,,2,010,"US-101 N/B","GIRARD RD",500.00,S,N,A,-,Y,SF,,101,,R,8.196,H,,R,Y,3,0,1,1,A,-,08,22107,,N,E,I,A,A,H,-,A,D,0,,,,,Y,,A,01,0,1,0,0,0,0,0,0,0,"- ","- ",37.802448272705078,-122.44992828369141,"SAN FRANCISCO","SAN FRANCISCO",-122.44988250732422,37.802482604980469
91784272,2022,2022-05-30,9335,2022-05-15,1700,022802,,7,2,7,3801,0,1,2,,2,013,"US-101 N/B","THE BACON ST U/C",620.00,S,N,A,-,Y,SF,,101,,,1.301,H,,R,Y,3,0,2,3,C,-,18,,,F,E,A,A,A,H,-,A,D,0,,,,,Y,Y,-,"- ",0,1,1,0,0,0,0,0,0,"- ","- ",37.726238250732422,-122.40202331542969,"SAN FRANCISCO","SAN FRANCISCO",-122.40204620361328,37.726234436035156
91784276,2022,2022-05-30,9335,2022-05-15,2030,022802,,7,2,7,3801,0,1,1,,1,083,"I-80 E/B","THE NORTHGATE RD U/C",2217.00,E,N,A,-,Y,SF,,80,,R,8.520,H,,R,Y,4,0,2,2,A,-,08,22107,,N,C,C,A,A,H,-,C,D,0,,,,,Y,,A,01,0,0,2,0,0,0,0,0,0,"- ","- ",37.816810607910156,-122.35537719726562,"SAN FRANCISCO","SAN FRANCISCO",-122.35543823242188,37.816879272460938
91784335,2022,2022-05-30,9335,2022-05-20,0850,020972,,5,1,7,3801,0,1,1,,1,081,"I-80 W/B","BEALE STREET",100.00,W,N,A,-,Y,SF,,80,,,5.688,H,,L,Y,3,0,1,2,A,-,07,21658,A,N,B,C,A,A,H,-,A,D,0,,,Y,,Y,,A,01,0,1,0,0,0,0,0,0,1,"- ","- ",37.786300659179688,-122.39064788818359,"SAN FRANCISCO","SAN FRANCISCO",-122.39064788818359,37.786300659179688
91784545,2022,2022-05-31,9335,2022-05-20,1040,021301,,5,1,7,3801,0,1,1,,2,024,"I-280 S/B","22ND ST UNDER-CROSSING",516.00,S,N,A,-,Y,SF,,280,,R,6.035,H,,L,Y,4,0,4,1,A,-,08,22107,,N,E,I,A,A,H,-,A,D,0,,,,,Y,,A,07,0,0,4,0,0,0,0,0,0,"- ","- ",37.756198883056641,-122.39230346679688,"SAN FRANCISCO","SAN FRANCISCO",-122.39242553710938,37.756187438964844
91784570,2022,2022-05-31,9335,2022-05-20,1700,022795,,5,2,7,3801,0,1,1,,2,023,"I-280 NORTHBOUND","THE ALEMANY BOULEVARD OVERCROSSING",1056.00,S,N,A,-,Y,SF,,280,,R,3.649,H,,R,N,4,0,2,2,A,-,03,22350,,N,C,C,A,A,H,-,A,D,0,,,,,Y,,A,07,0,0,2,0,0,0,0,0,0,"- ","- ",37.731868743896484,-122.41845703125,"SAN FRANCISCO","SAN FRANCISCO",-122.41845703125,37.731864929199219
91784711,2022,2022-05-31,9335,2022-05-21,0101,022468,,6,3,7,3801,0,1,1,,1,083,"I-80 E/B","CECTER ANCHORAGE",1056.00,W,N,A,-,Y,SF,,80,,,6.548,H,,R,Y,2,0,3,2,A,-,01,23152,A,N,A,C,A,A,H,-,C,D,0,,,,,Y,Y,A,01,1,0,2,0,0,0,0,0,0,"- ","- ",37.795810699462891,-122.38017272949219,"SAN FRANCISCO","SAN FRANCISCO",-122.38023376464844,37.795852661132812
91785063,2022,2022-05-31,9335,2022-05-22,0249,022271,,7,3,7,3801,0,1,1,,1,083,"I-80 E/B","THE EAST EDGE OF TREASURE ISLAND TUNNEL",700.00,E,N,A,-,Y,SF,,80,,R,7.903,H,,R,Y,4,0,1,2,A,-,03,22350,,N,C,C,A,A,H,-,C,D,0,,,,,Y,,A,01,0,0,1,0,0,0,0,0,0,"- ","- ",37.811080932617188,-122.36405181884766,"SAN FRANCISCO","SAN FRANCISCO",-122.36408996582031,37.811103820800781
91785575,2022,2022-06-01,9335,2022-05-22,0240,022525,,7,3,7,3801,0,1,1,,1,083,"I-80 EB","EAST EDGE OF THE TREASURE ISLAND TUNNEL",800.00,E,N,A,-,Y,SF,,80,,R,7.941,H,,R,Y,4,0,1,3,A,-,03,22350,,N,C,C,A,A,C,-,C,D,0,,,,,Y,,A,01,0,0,1,0,0,0,0,0,0,"- ","- ",37.811519622802734,-122.36360168457031,"SAN FRANCISCO","SAN FRANCISCO",-122.36367034912109,37.811550140380859
91786546,2022,2022-06-02,9335,2022-05-20,1505,022241,,5,2,7,3801,0,1,2,,2,015,"US-101 N/B","FOLSOM STREET UNDERCROSSING",100.00,S,N,A,-,Y,SF,,101,,R,4.961,H,,R,Y,3,0,1,1,A,-,08,22107,,N,E,I,A,A,H,-,A,D,0,,,,,Y,,A,01,0,1,0,0,0,0,0,0,0,"- ","- ",37.769691467285156,-122.41510009765625,"SAN FRANCISCO","SAN FRANCISCO",-122.41510009765625,37.769645690917969
91786878,2022,2022-06-02,9335,2022-05-22,1855,022241,,7,2,7,3801,0,1,2,,2,014,"US-101 N/B","23RD STREET OVERCROSSING",1305.00,N,N,A,-,Y,,,,,,,,,,Y,3,0,2,2,A,-,01,23152,G,N,E,I,A,A,H,-,A,D,0,,,Y,,Y,Y,A,01,0,1,1,0,0,0,0,0,1,"- ","- ",37.758018493652344,-121.40438842773438,"SAN FRANCISCO","SAN FRANCISCO",-122.40428924560547,37.7578125
91786990,2022,2022-06-02,9335,2022-04-23,0110,022795,,6,3,7,3801,0,1,2,,2,015,"US-101 SOUTHBOUND TO I-80 EASTBOUND","DIVISION STREET UNDERCROSSING",120.00,S,N,A,-,Y,SF,,80,,L,4.125,H,,R,Y,4,0,1,1,A,-,01,23152,A,N,E,I,A,A,H,-,C,D,0,,,,,Y,Y,A,01,0,0,1,0,0,0,0,0,0,"- ","- ",37.770099639892578,-122.40538787841797,"SAN FRANCISCO","SAN FRANCISCO",-122.40543365478516,37.770095825195312
91787032,2022,2022-06-02,9335,2022-05-25,1435,021886,,3,2,7,3801,0,1,1,,2,080,"I-80 E/B","2ND ST U/C",251.00,W,N,A,-,Y,SF,,80,,,5.357,H,,R,N,4,0,1,2,A,-,07,21658,A,N,B,C,A,A,H,-,A,D,0,,,Y,,Y,Y,A,01,0,0,1,0,0,0,0,0,1,"- ","- ",37.783119201660156,-122.39505767822266,"SAN FRANCISCO","SAN FRANCISCO",-122.39509582519531,37.783145904541016
91787216,2022,2022-06-02,9335,2022-05-24,1730,021756,,2,2,7,3801,0,1,2,,2,013,"US-101 S/B","SILVER AVE. O/C",1019.00,N,N,A,-,Y,SF,,101,,,1.968,H,,L,N,4,0,1,3,A,-,03,22350,,N,C,C,A,A,H,-,A,D,0,,,,,Y,,A,01,0,0,1,0,0,0,0,0,0,"- ","- ",37.735248565673828,-122.40683746337891,"SAN FRANCISCO","SAN FRANCISCO",-122.40687561035156,37.735240936279297
91787228,2022,2022-06-02,9335,2022-05-27,1215,020658,,5,1,7,3801,0,1,2,,2,013,"US-101 N/B","ALEMANY BLVD",535.00,N,N,A,-,Y,SF,,101,,,2.251,H,,R,Y,2,0,1,1,A,-,08,22107,,N,F,A,A,A,H,-,A,D,0,,,Y,,Y,,C,02,1,0,0,0,0,0,0,0,1,"- ","- ",37.739280700683594,-122.40805816650391,"SAN FRANCISCO","SAN FRANCISCO",-122.40800476074219,37.739280700683594
91787253,2022,2022-06-02,9335,2022-05-24,1750,021756,,2,2,7,3801,0,1,2,,2,013,"US-101 NORTHBOUND","PAUL AVE",46.00,S,N,A,-,Y,SF,,101,,,1.107,H,,R,N,4,0,1,5,A,-,03,22350,,N,C,C,A,A,H,-,A,D,0,,,,,Y,,A,01,0,0,1,0,0,0,0,0,0,"- ","- ",37.723480224609375,-122.40099334716797,"SAN FRANCISCO","SAN FRANCISCO",-122.40098571777344,37.723480224609375
91787297,2022,2022-06-02,9335,2022-03-24,2234,022468,,4,3,7,3801,0,1,1,,2,023,"I-280 S/B","SAN BRUNO AVE",215.00,N,N,A,-,Y,SF,,280,,R,4.368,H,,L,Y,3,0,1,2,A,-,01,23152,A,N,B,C,A,A,H,-,D,D,0,,,,,Y,Y,A,07,0,1,0,0,0,0,0,0,0,"- ","- ",37.735420227050781,-122.40634918212891,"SAN FRANCISCO","SAN FRANCISCO",-122.40636444091797,37.735454559326172
91787650,2022,2022-06-03,9350,2022-05-23,1805,022577,,1,2,7,3801,0,1,2,,2,010,"US-101 SOUTHBOUND","SOUTH BATTERY TUNNEL",296.00,N,N,A,-,Y,SF,,101,,R,8.508,H,,L,N,3,0,1,1,A,-,03,22350,,N,F,A,A,A,H,-,A,D,0,,,Y,,Y,,C,02,0,1,0,0,0,0,0,0,1,"- ","- ",37.802978515625,-122.45526123046875,"SAN FRANCISCO","SAN FRANCISCO",-122.45526123046875,37.802989959716797
91787782,2022,2022-06-17,9350,2022-05-31,0810,017729,,2,1,7,3801,0,1,2,,2,020,"US-101 S/B","GOLDEN GATE BRIDGE TOLL PLAZA",20.00,N,N,A,-,Y,,,,,,,,,,N,4,0,1,1,A,-,03,22350,,N,E,I,A,A,H,-,A,D,0,,,,,Y,,M,50,0,0,1,0,0,0,0,0,0,"- ","- ",37.807220458984375,-122.47577667236328,"SAN FRANCISCO","SAN FRANCISCO",-122.47578430175781,37.807212829589844
91788502,2021,2022-06-06,9335,2021-03-26,0450,021754,,5,3,7,3801,0,1,2,,2,013,"US-101 NB TO I-280 NB","ELMIRA ST",10.00,N,N,A,-,Y,,,,,,,,,,Y,2,0,1,2,A,-,11,21954,A,N,G,B,E,A,H,-,D,D,0,Y,,,,Y,,N,60,1,0,0,0,1,0,0,0,0,"- ","- ",37.736408233642578,-122.40377807617188,"SAN FRANCISCO","SAN FRANCISCO",,
91788503,2021,2022-08-25,9335,2021-03-26,0451,021754,,5,3,7,3801,0,1,2,,2,013,"US-101 NB TO I-280 NB","ELMIRA ST",11.00,N,N,A,-,Y,,,,,,,,,,N,1,1,0,2,C,-,18,,,F,G,B,E,A,H,-,D,D,0,Y,,,,Y,,-,"- ",0,0,0,1,0,0,0,0,0,"- ","- ",37.736408233642578,-122.40377807617188,"SAN FRANCISCO","SAN FRANCISCO",,
91789086,2022,2022-06-06,9335,2022-05-24,0340,022525,,2,3,7,3801,0,1,2,,2,013,"US-101 NB TO I-280","THE SOUTH EDGE OF THE SILVER AVENUE UNDERCROSS",50.00,N,N,A,-,Y,SF,,101,,,1.779,H,,R,Y,4,0,1,1,A,-,08,22107,,N,E,I,A,A,H,-,D,D,0,,,,,Y,,D,22,0,0,1,0,0,0,0,0,0,"- ","- ",37.732868194580078,-122.40492248535156,"SAN FRANCISCO","SAN FRANCISCO",-122.40519714355469,37.732780456542969
91790069,2022,2022-06-07,9350,2022-06-02,1640,022656,,4,2,7,3801,0,1,3,,2,011,"SR-1 SB","LAKE ST",1531.00,N,N,A,-,Y,SF,,1,,,6.164,H,,L,N,3,0,1,2,A,-,03,22350,,N,C,C,A,A,H,-,A,D,0,,,,,Y,,D,22,0,1,0,0,0,0,0,0,0,"- ","- ",37.790241241455078,-122.47052001953125,"SAN FRANCISCO","SAN FRANCISCO",-122.47052764892578,37.790245056152344
91790265,2022,2022-06-07,9335,2022-04-10,1230,022032,,7,1,7,3801,0,1,2,,2,013,"US-101 N/B","SILVER AVE",190.00,N,N,A,-,Y,SF,,101,,,1.814,H,,R,N,4,0,1,2,A,-,03,22350,,F,C,C,A,A,H,-,A,D,0,,,,,Y,,-,99,0,0,1,0,0,0,0,0,0,"- ","- ",37.733238220214844,-122.40550231933594,"SAN FRANCISCO","SAN FRANCISCO",-122.40547180175781,37.733249664306641
91791211,2022,2022-06-08,9335,2022-05-29,1850,022802,,7,2,7,3801,0,1,2,,2,015,"US-101 S/B","THE HARRISON ST U/C",140.00,S,N,A,-,Y,SF,,101,,R,4.830,H,,L,Y,4,0,2,2,A,-,03,22350,,N,C,C,A,A,H,-,A,D,0,,,,,Y,,A,01,0,0,2,0,0,0,0,0,0,"- ","- ",37.769500732421875,-122.41278076171875,"SAN FRANCISCO","SAN FRANCISCO",-122.41278076171875,37.769451141357422
91791257,2022,2022-06-08,9335,2022-06-01,0710,021099,,3,1,7,3801,0,1,2,,2,015,"US-101 N/B","BRANNAN ST UNDER-CROSSING",116.00,S,N,B,-,Y,SF,,101,,R,4.505,H,,R,N,4,0,1,2,A,-,07,21658,A,N,B,C,A,A,H,-,A,D,0,,,Y,,Y,,A,01,0,0,1,0,0,0,0,0,1,"- ","- ",37.769309997558594,-122.40727233886719,"SAN FRANCISCO","SAN FRANCISCO",-122.40729522705078,37.769290924072266
91792069,2022,2022-06-09,9335,2022-05-29,1700,022802,,7,2,7,3801,0,1,2,,2,013,"US-101 S/B TO I-280 SB","THE CORTLAND AVE U/C",310.00,S,N,A,-,Y,SF,,101,,,2.214,H,,L,Y,4,0,1,3,A,-,03,22350,,N,C,C,A,A,H,-,A,D,0,,,,,Y,,A,07,0,0,1,0,0,0,0,0,0,"- ","- ",37.738731384277344,-122.40825653076172,"SAN FRANCISCO","SAN FRANCISCO",-122.40816497802734,37.738731384277344
91792167,2022,2022-06-09,9335,2022-05-31,0819,018053,,2,1,7,3801,0,1,1,,1,083,"I-80 E/B","YERBA BUENA ISLAND TUNNEL WEST EDGE",500.00,W,N,A,-,Y,SF,,80,,,7.605,H,,R,Y,4,0,3,3,A,-,03,22350,,N,C,C,A,A,H,-,A,D,0,,,,,Y,,A,01,0,0,3,0,0,0,0,0,0,"- ","- ",37.80767822265625,-122.36759185791016,"SAN FRANCISCO","SAN FRANCISCO",-122.36753082275391,37.807640075683594
91792214,2022,2022-06-09,9335,2022-05-28,1620,022802,,6,2,7,3801,0,1,2,,2,013,"US-101 S/B","THE BACON ST U/C",735.00,S,N,A,-,Y,SF,,101,,,1.272,H,,L,Y,3,0,1,2,A,-,07,21658,A,N,B,2,A,A,H,-,A,D,0,,,,,Y,,A,01,0,1,0,0,0,0,0,0,0,"- ","- ",37.725818634033203,-122.40216827392578,"SAN FRANCISCO","SAN FRANCISCO",-122.40219116210938,37.725814819335938
91792230,2022,2022-06-10,9335,2022-05-29,0223,022271,,7,3,7,3801,0,1,2,,2,015,"US-101 S/B TO I-80 E/B","BRANNAN STREET",650.00,N,N,A,-,Y,SF,,80,,L,4.043,H,,R,Y,2,0,1,2,A,-,01,23152,A,N,C,2,A,A,H,-,C,D,0,,,,,Y,Y,A,01,1,0,0,0,0,0,0,0,0,"- ","- ",37.769241333007812,-122.40558624267578,"SAN FRANCISCO","SAN FRANCISCO",-122.4056396484375,37.769264221191406
91792899,2022,2022-06-10,9335,2022-05-29,1750,021222,,7,2,7,3801,0,1,1,,2,080,"I-80 EASTBOUND TO 7TH STREET","8TH STREET",330.00,E,N,A,-,Y,SF,,80,,,4.367,H,,R,Y,3,0,2,3,A,-,07,21658,A,N,B,C,A,A,H,-,A,D,0,,,,,Y,,A,01,0,1,1,0,0,0,0,0,0,"- ","- ",37.773418426513672,-122.40641021728516,"SAN FRANCISCO","SAN FRANCISCO",-122.40653991699219,37.7734375
91794127,2022,2022-06-13,9335,2022-06-02,1950,022802,,4,2,7,3801,0,1,1,,1,083,"I-80 E/B","THE TREASURE ISLAND RD O/C",510.00,W,N,A,-,Y,SF,,80,,,7.624,H,,R,N,3,0,1,2,A,-,04,21703,,N,C,C,A,A,H,-,B,D,0,,,,,Y,,A,07,0,1,0,0,0,0,0,0,0,"- ","- ",37.807891845703125,-122.36734008789062,"SAN FRANCISCO","SAN FRANCISCO",-122.3673095703125,37.807872772216797
91794139,2022,2022-06-13,9335,2022-06-04,0040,022703,,6,3,7,3801,0,1,1,,1,081,"I-80 WESTBOUND","THE NORTH GATE ROAD UNDERCROSSING",530.00,W,N,A,-,Y,SF,,80,,R,8.205,H,,L,Y,4,0,1,2,A,-,03,22350,,N,C,C,A,A,H,-,C,D,0,,,,,Y,,A,01,0,0,1,0,0,0,0,0,0,"- ","- ",37.814498901367188,-122.3604736328125,"SAN FRANCISCO","SAN FRANCISCO",-122.36050415039062,37.814533233642578
91794847,2022,2022-06-14,9335,2022-06-03,2353,022823,,5,3,7,3801,0,1,1,,1,083,"I-80 E/B","THE EMBARCADERO UNDERCROSSING",240.00,E,N,A,-,Y,SF,,80,,,5.964,H,,R,Y,4,0,1,1,A,-,01,23152,G,N,E,I,A,A,H,-,C,D,0,,,,,Y,Y,A,07,0,0,1,0,0,0,0,0,0,"- ","- ",37.789398193359375,-122.38733673095703,"SAN FRANCISCO","SAN FRANCISCO",-122.38729858398438,37.789371490478516
91794865,2022,2022-06-14,9335,2022-06-05,2340,022271,,7,3,7,3801,0,1,2,,2,015,"US-101 S/B TO I-80 E/B","BRANNAN STREET",705.00,N,N,A,-,Y,SF,,80,,L,4.024,H,,R,Y,3,0,1,1,A,-,01,23152,A,N,E,I,A,A,H,-,C,D,0,,,,,Y,Y,A,01,0,1,0,0,0,0,0,0,0,"- ","- ",37.769081115722656,-122.40576934814453,"SAN FRANCISCO","SAN FRANCISCO",-122.40581512451172,37.769119262695312
91794871,2022,2022-06-14,9335,2022-06-07,1710,021474,,2,2,7,3801,0,1,1,,2,024,"I-280 N/B","20TH ST. O/C",90.00,S,N,A,-,Y,SF,,280,,R,6.366,H,,R,Y,4,0,2,2,A,-,03,22350,,N,C,C,A,A,H,-,A,D,0,,,,,Y,,A,01,0,0,2,0,0,0,0,0,0,"- ","- ",37.759998321533203,-122.39219665527344,"SAN FRANCISCO","SAN FRANCISCO",-122.39227294921875,37.759994506835938
91795006,2022,2022-06-14,9335,2022-06-09,0730,020658,,4,1,7,3801,0,1,1,,1,081,"I-80 W/B","SPEAR STREET",100.00,E,N,A,-,Y,SF,,80,,,5.878,H,,L,N,4,0,1,3,A,-,03,22350,,N,B,C,A,A,H,-,A,D,0,,,Y,,Y,,C,02,0,0,1,0,0,0,0,0,1,"- ","- ",37.788341522216797,-122.38823699951172,"SAN FRANCISCO","SAN FRANCISCO",-122.38834381103516,37.788414001464844
91795041,2022,2022-06-14,9335,2022-06-09,1300,020658,,4,1,7,3801,0,1,1,,1,081,"I-80 W/B","SPEAR STREET",600.00,E,N,A,-,Y,SF,,80,,,5.976,H,,L,Y,3,0,1,2,A,-,03,22350,,N,C,C,A,A,H,-,A,D,0,,,,,Y,,A,08,0,1,0,0,0,0,0,0,0,"- ","- ",37.789478302001953,-122.38713836669922,"SAN FRANCISCO","SAN FRANCISCO",-122.38716125488281,37.789497375488281
91795071,2022,2022-06-14,9335,2022-05-19,1820,022241,,4,2,7,3801,0,1,2,,2,013,"US-101 S/B FROM CESAR CHAVEZ ST. E/B","CESAR CHAVEZ STREET",170.00,S,N,A,-,Y,,,,,,,,,,N,4,0,3,2,A,-,03,22350,,N,C,C,A,A,H,-,A,D,0,,,,,Y,,A,01,0,0,3,0,0,0,0,0,0,"- ","- ",37.748600006103516,-122.40483093261719,"SAN FRANCISCO","SAN FRANCISCO",-122.40483093261719,37.748600006103516
91795168,2022,2022-06-20,9335,2022-06-06,1525,021886,,1,2,7,3801,0,1,2,,2,014,"US-101 N/B","CESAR CHAVEZ U/C",268.00,N,N,A,-,Y,SF,,101,,,3.073,H,,R,N,3,0,1,4,A,-,01,23152,A,N,C,C,A,A,H,-,A,D,0,,,,,Y,Y,A,01,0,1,0,0,0,0,0,0,0,"- ","- ",37.750278472900391,-122.40328216552734,"SAN FRANCISCO","SAN FRANCISCO",-122.40332794189453,37.750289916992188
91796118,2022,2022-06-15,9335,2022-06-10,0605,020972,,5,1,7,3801,0,1,1,,2,023,"I-280 N/B TO US-101 N/B","SAN BRUNO AVE",1000.00,S,N,A,-,Y,SF,,280,,R,4.046,H,,R,Y,4,0,1,1,A,-,08,22107,,N,E,J,A,A,H,-,A,D,0,,,,,Y,,A,01,0,0,1,0,0,0,0,0,0,"- ","- ",37.733428955078125,-122.41172790527344,"SAN FRANCISCO","SAN FRANCISCO",-122.41169738769531,37.733379364013672
91796200,2022,2022-06-15,9335,2022-06-14,1610,021756,,2,2,7,3801,0,1,1,,1,081,"I-80 WESTBOUND","BEALE ST.",39.00,W,N,A,-,Y,SF,,80,,,5.722,H,,L,N,4,0,1,2,A,-,03,22350,,N,C,C,A,A,H,-,A,D,0,,,,,Y,,A,01,0,0,1,0,0,0,0,0,0,"- ","- ",37.786609649658203,-122.39012908935547,"SAN FRANCISCO","SAN FRANCISCO",-122.39023590087891,37.78668212890625
91796723,2022,2022-06-16,9335,2022-03-10,1400,022795,,4,2,7,3801,0,1,1,,2,080,"I-80 EASTBOUND","BEALE STREET UNDERCROSSING",815.00,W,N,A,-,Y,SF,,80,,,5.563,H,,R,N,4,0,1,4,A,-,03,22350,,M,C,C,A,A,H,-,A,D,0,,,,,Y,,D,22,0,0,1,0,0,0,0,0,0,"- ","- ",37.785079956054688,-122.39234161376953,"SAN FRANCISCO","SAN FRANCISCO",-122.39236450195312,37.785106658935547
91796861,2022,2022-06-16,9335,2022-06-04,1435,022186,,6,2,7,3801,0,1,1,,1,081,"I-80 W/B","SPEAR STREET U/C",1660.00,E,N,B,-,Y,SF,,80,,,6.170,H,,L,Y,4,0,2,4,A,-,03,22350,,N,C,C,A,A,H,-,A,D,0,,,,,Y,,A,01,0,0,2,0,0,0,0,0,0,"- ","- ",37.791561126708984,-122.38465881347656,"SAN FRANCISCO","SAN FRANCISCO",-122.38480377197266,37.791660308837891
91797014,2022,2022-06-16,9335,2022-06-04,1220,020972,,6,1,7,3801,0,1,2,,2,013,"US-101 N/B","23RD STREET",388.00,S,N,A,-,Y,SF,,101,,,3.288,H,,R,N,4,0,1,2,A,-,03,22350,,N,C,C,A,A,H,-,A,D,0,,,,,Y,,A,01,0,0,1,0,0,0,0,0,0,"- ","- ",37.753379821777344,-122.40286254882812,"SAN FRANCISCO","SAN FRANCISCO",-122.40283203125,37.753379821777344
91797552,2022,2022-06-17,9350,2022-06-10,2211,022606,,5,3,7,3801,0,1,2,,2,010,"US-101 N/B","GIRARD RD",1150.00,N,N,A,-,Y,SF,,101,,R,8.523,H,,R,Y,3,0,1,1,A,-,08,22107,,N,E,8,A,A,H,-,C,D,0,,,,,Y,,A,01,0,1,0,0,0,0,0,0,0,"- ","- ",37.803169250488281,-122.45549774169922,"SAN FRANCISCO","SAN FRANCISCO",-122.45549774169922,37.803173065185547
91798035,2022,2022-06-20,9335,2022-06-05,0300,022703,,7,3,7,3801,0,1,1,,1,083,"I-80 EASTBOUND","THE TREAURE ISLAND ROAD OVERCROSSING.",1900.00,W,N,C,-,Y,SF,,80,,,7.405,H,,R,Y,3,0,1,1,A,-,01,23152,A,N,E,I,A,B,H,-,C,D,0,,,,,Y,Y,A,01,0,1,0,0,0,0,0,0,0,"- ","- ",37.805389404296875,-122.36988067626953,"SAN FRANCISCO","SAN FRANCISCO",-122.36991119384766,37.805412292480469
91798827,2022,2022-06-20,9335,2022-06-08,2120,022823,,3,2,7,3801,0,1,1,,1,083,"I-80 E/B","YERBA BUENA ISLAND TUNNEL EDGE",650.00,W,N,A,-,Y,SF,,80,,,7.599,H,,R,Y,4,0,1,3,A,-,07,21658,A,F,B,C,A,A,H,-,C,D,0,,,,,Y,,-,99,0,0,1,0,0,0,0,0,0,"- ","- ",37.807491302490234,-122.36746215820312,"SAN FRANCISCO","SAN FRANCISCO",-122.36759948730469,37.807582855224609
91798855,2022,2022-06-20,9335,2022-06-10,0120,022241,,5,3,7,3801,0,1,2,,2,013,"US-101 N/B","PAUL AVENUE",219.00,N,N,A,-,Y,SF,,101,,,1.171,H,,R,Y,4,0,1,4,A,-,03,22350,,N,C,C,A,A,H,-,A,D,0,,,,,Y,,A,08,0,0,1,0,0,0,0,0,0,"- ","- ",37.724380493164062,-122.40135192871094,"SAN FRANCISCO","SAN FRANCISCO",-122.40135192871094,37.724380493164062
91799021,2022,2022-06-20,9335,2022-06-12,0150,022468,,7,3,7,3801,0,1,2,,2,014,"US-101 N/B","18TH STREET PEDESTRIAN O/C",825.00,S,N,A,-,Y,SF,,101,,,3.789,H,,R,Y,4,0,1,2,A,-,03,22350,,N,C,C,A,A,H,-,A,D,0,,,,,Y,,A,01,0,0,1,0,0,0,0,0,0,"- ","- ",37.759860992431641,-122.40614318847656,"SAN FRANCISCO","SAN FRANCISCO",-122.40620422363281,37.759849548339844