CASE_ID,ACCIDENT_YEAR,PROC_DATE,JURIS,COLLISION_DATE,COLLISION_TIME,OFFICER_ID,REPORTING_DISTRICT,DAY_OF_WEEK,CHP_SHIFT,POPULATION,CNTY_CITY_LOC,SPECIAL_COND,BEAT_TYPE,CHP_BEAT_TYPE,CITY_DIVISION_LAPD,CHP_BEAT_CLASS,BEAT_NUMBER,PRIMARY_RD,SECONDARY_RD,DISTANCE,DIRECTION,INTERSECTION,WEATHER_1,WEATHER_2,STATE_HWY_IND,CALTRANS_COUNTY,CALTRANS_DISTRICT,STATE_ROUTE,ROUTE_SUFFIX,POSTMILE_PREFIX,POSTMILE,LOCATION_TYPE,RAMP_INTERSECTION,SIDE_OF_HWY,TOW_AWAY,COLLISION_SEVERITY,NUMBER_KILLED,NUMBER_INJURED,PARTY_COUNT,PRIMARY_COLL_FACTOR,PCF_CODE_OF_VIOL,PCF_VIOL_CATEGORY,PCF_VIOLATION,PCF_VIOL_SUBSECTION,HIT_AND_RUN,TYPE_OF_COLLISION,MVIW,PED_ACTION,ROAD_SURFACE,ROAD_COND_1,ROAD_COND_2,LIGHTING,CONTROL_DEVICE,CHP_ROAD_TYPE,PEDESTRIAN_ACCIDENT,BICYCLE_ACCIDENT,MOTORCYCLE_ACCIDENT,TRUCK_ACCIDENT,NOT_PRIVATE_PROPERTY,ALCOHOL_INVOLVED,STWD_VEHTYPE_AT_FAULT,CHP_VEHTYPE_AT_FAULT,COUNT_SEVERE_INJ,COUNT_VISIBLE_INJ,COUNT_COMPLAINT_PAIN,COUNT_PED_KILLED,COUNT_PED_INJURED,COUNT_BICYCLIST_KILLED,COUNT_BICYCLIST_INJURED,COUNT_MC_KILLED,COUNT_MC_INJURED,PRIMARY_RAMP,SECONDARY_RAMP,LATITUDE,LONGITUDE,COUNTY,CITY,POINT_X,POINT_Y
91846780,2022,2022-08-23,9335,2022-08-11,1512,022897,,4,2,7,3801,0,1,2,,2,014,"US-101 S/B","23RD ST OVER CROSSING",150.00,N,N,A,-,Y,SF,,101,,,3.397,H,,L,Y,4,0,3,3,A,-,07,21658,A,N,C,2,A,A,H,-,A,D,0,,,,,Y,,A,01,0,0,3,0,0,0,0,0,0,"- ","- ",37.754978179931641,-122.40322113037109,"SAN FRANCISCO","SAN FRANCISCO",-122.40318298339844,37.754981994628906
91847389,2022,2022-12-09,9335,2022-08-18,1645,022897,,4,2,7,3801,0,1,1,,2,022,"I-280 N/B","SAN JOSE AVE. OVERCROSSING",170.00,S,N,B,-,Y,SF,,280,,R,1.426,H,,R,Y,4,0,3,2,A,-,03,22350,,N,C,C,A,A,H,-,A,D,0,,,,,Y,,A,01,0,0,3,0,0,0,0,0,0,"- ","- ",37.71807861328125,-122.44834136962891,"SAN FRANCISCO","SAN FRANCISCO",-122.44845581054688,37.718090057373047
91847732,2022,2022-08-24,9335,2022-08-18,1852,022897,,4,2,7,3801,0,1,1,,2,021,"I-280 N/B","SCHOOL ST. OVERCROSSING",60.00,N,N,B,-,Y,SM,,280,,R,26.362,H,,R,Y,3,0,1,2,A,-,07,21658,A,N,B,C,A,A,H,-,A,D,0,,,,,Y,,A,01,0,1,0,0,0,0,0,0,0,"- ","- ",37.693588256835938,-122.47023773193359,"SAN FRANCISCO","SAN FRANCISCO",-122.47028350830078,37.693588256835938
91848376,2022,2022-08-25,9335,2022-08-15,1825,020991,,1,2,7,3801,0,1,1,,2,023,"I-280 N/B","MISSION ST. OVER CROSSING",535.00,S,N,A,-,Y,SF,,280,,R,2.998,H,,R,Y,4,0,4,3,A,-,07,21658,A,N,C,C,A,A,H,-,A,D,0,,,,,Y,,D,22,0,0,4,0,0,0,0,0,0,"- ","- ",37.732181549072266,-122.43022155761719,"SAN FRANCISCO","SAN FRANCISCO",-122.43022155761719,37.732170104980469
91848378,2022,2022-08-25,9335,2022-08-18,0038,021672,,4,3,7,3801,0,1,1,,2,080,"I-80 E/B","4TH STREET",1320.00,W,N,A,-,Y,SF,,80,,,4.789,H,,R,N,3,0,1,2,A,-,01,23152,A,N,C,C,A,A,H,-,C,D,0,,,,,Y,Y,A,01,0,1,0,0,0,0,0,0,0,"- ","- ",37.777919769287109,-122.40158843994141,"SAN FRANCISCO","SAN FRANCISCO",-122.40153503417969,37.777858734130859
91848843,2022,2022-08-25,9335,2022-08-21,1509,022241,,7,2,7,3801,0,1,1,,2,022,"I-280 S/B","FAROLLONES STREET OVERCROSSING",326.00,N,N,A,-,Y,SF,,280,,R,1.128,H,,L,Y,3,0,1,1,A,-,08,22107,,N,E,I,A,A,H,-,A,D,0,,,,,Y,,A,01,0,1,0,0,0,0,0,0,0,"- ","- ",37.714458465576172,-122.45124816894531,"SAN FRANCISCO","SAN FRANCISCO",-122.45113372802734,37.714374542236328
91850599,2022,2022-08-26,9335,2022-08-22,2035,021390,,1,2,7,3801,0,1,2,,2,014,"US-101 N/B","THE 17TH ST. UNDERCROSSING",295.00,S,N,A,-,Y,SF,,101,,,4.066,H,,R,Y,4,0,2,5,A,-,03,22350,,N,C,C,A,A,H,-,D,D,0,,,,,Y,,A,01,0,0,2,0,0,0,0,0,0,"- ","- ",37.763641357421875,-122.40500640869141,"SAN FRANCISCO","SAN FRANCISCO",-122.40499114990234,37.763637542724609
91850666,2022,2022-08-26,9335,2022-08-12,0305,022703,,5,3,7,3801,0,1,2,,2,014,"US-101 NORTHBOUND.","THE 23RD STREET OVERCROSSING",380.00,N,N,A,-,Y,SF,,101,,,3.434,H,,R,Y,2,0,1,2,A,-,03,22350,,F,B,C,A,A,H,-,D,D,0,,,,,Y,,A,01,1,0,0,0,0,0,0,0,0,"- ","- ",37.755580902099609,-122.40306091308594,"SAN FRANCISCO","SAN FRANCISCO",-122.40303802490234,37.755580902099609
91850865,2022,2022-08-26,9335,2022-08-20,1505,022860,,6,2,7,3801,0,1,2,,2,013,"US-101 S/B","BLANKEN AVE",400.00,N,N,A,-,Y,SF,,101,,,0.254,H,,L,N,3,0,2,2,A,-,03,22350,,N,C,C,A,A,H,-,A,D,0,,,Y,,Y,,C,02,0,2,0,0,0,0,0,0,2,"- ","- ",37.711978912353516,-122.39605712890625,"SAN FRANCISCO","SAN FRANCISCO",-122.39603424072266,37.711986541748047
91851519,2022,2022-08-29,9335,2022-08-17,2100,022795,,3,2,7,3801,0,1,2,,2,013,"US-101 SOUTHBOND","CORTLAND AVENUE",940.00,N,N,B,-,Y,SF,,101,,,2.459,H,,L,Y,3,0,1,3,A,-,08,22107,,F,C,E,A,A,H,-,D,D,0,,,,,Y,,-,99,0,1,0,0,0,0,0,0,0,"- ","- ",37.742179870605469,-122.40741729736328,"SAN FRANCISCO","SAN FRANCISCO",-122.40729522705078,37.742130279541016
91851633,2022,2022-08-29,9335,2022-08-17,1650,022241,,3,2,7,3801,0,1,2,,2,013,"US-101 NB","FAITH STREET OVERCROSSING",50.00,S,N,A,-,Y,SF,,101,,,2.605,H,,R,N,4,0,1,2,A,-,07,21658,A,M,B,C,A,A,H,-,A,D,0,,,,,Y,,-,99,0,0,1,0,0,0,0,0,0,"- ","- ",37.743751525878906,-122.40567016601562,"SAN FRANCISCO","SAN FRANCISCO",-122.40572357177734,37.7437744140625
91852052,2022,2022-08-29,9335,2022-08-23,1750,022897,,2,2,7,3801,0,1,2,,2,013,"US-101 N/B","BAYSHORE BLVD. OVERCROSSING",30.00,N,N,A,-,Y,SF,,101,,,0.581,H,,R,Y,4,0,1,2,A,-,08,22107,,N,B,C,A,A,H,-,A,D,0,,,,,Y,,A,01,0,0,1,0,0,0,0,0,0,"- ","- ",37.716251373291016,-122.39866638183594,"SAN FRANCISCO","SAN FRANCISCO",-122.39862823486328,37.716262817382812
91852153,2022,2022-08-29,9335,2022-08-24,0725,019949,,3,1,7,3801,0,1,1,,2,023,"I-280 S/B","MONTEREY BLVD. OVERCROSSING",1584.00,N,N,A,-,Y,SF,,280,,R,2.932,H,,L,N,4,0,1,2,A,-,03,22350,,N,C,C,A,A,H,-,A,D,0,,,,,Y,,A,01,0,0,1,0,0,0,0,0,0,"- ","- ",37.732379913330078,-122.43141174316406,"SAN FRANCISCO","SAN FRANCISCO",-122.43140411376953,37.732345581054688
91852160,2022,2022-08-29,9335,2022-08-23,1614,022897,,2,2,7,3801,0,1,1,,2,022,"I-280 S/B","SAN JOSE AVE. OVERCROSSING",45.00,N,N,A,-,Y,SF,,280,,R,1.473,H,,L,Y,4,0,6,3,A,-,03,22350,,N,C,C,A,A,H,-,A,D,0,,,,,Y,,A,07,0,0,6,0,0,0,0,0,0,"- ","- ",37.718681335449219,-122.44863128662109,"SAN FRANCISCO","SAN FRANCISCO",-122.44854736328125,37.718673706054688
91853031,2022,2022-08-30,9350,2022-08-14,0034,022606,,7,3,7,3801,0,1,2,,1,120,"US-101 N/B","CONZELMAN RD. U/C",2060.00,S,N,A,-,Y,,,,,,,,,,Y,2,0,2,2,A,-,01,23152,A,N,C,C,A,A,H,-,C,D,0,,,Y,,Y,Y,C,02,1,0,1,0,0,0,0,0,1,"- ","- ",37.824859619140625,-122.47908782958984,"SAN FRANCISCO","SAN FRANCISCO",-122.47933959960938,37.824825286865234
91853245,2022,2022-08-30,9350,2022-08-23,1740,022956,,2,2,7,3801,0,1,3,,2,011,"SR-1 S/B","LAKE STREET",2112.00,N,N,A,-,Y,SF,,1,,,6.330,H,,L,Y,4,0,1,3,A,-,03,22350,,N,C,C,A,A,H,-,A,D,0,,,,,Y,,A,07,0,0,1,0,0,0,0,0,0,"- ","- ",37.792579650878906,-122.46971130371094,"SAN FRANCISCO","SAN FRANCISCO",-122.46965026855469,37.792579650878906
91854134,2022,2022-08-31,9335,2022-08-26,0843,019581,,5,1,7,3801,0,1,1,,2,023,"I-280 N/B TO US-101 N/B","SAN BRUNO AVE.",1000.00,S,N,A,-,Y,SF,,280,,R,4.125,H,,R,Y,3,0,1,3,A,-,03,22350,,N,C,C,A,A,A,H,A,D,0,,,,,Y,,A,01,0,1,0,0,0,0,0,0,0,"- ","- ",37.734001159667969,-122.41045379638672,"SAN FRANCISCO","SAN FRANCISCO",-122.41041564941406,37.733932495117188
91854562,2022,2022-08-31,9335,2022-08-27,0441,022179,,6,3,7,3801,0,1,1,,2,022,"I-280 S/B","HAVELOCK STREET OVERCROSSING",390.00,N,N,A,-,Y,SF,,280,,R,2.117,H,,L,Y,3,0,1,2,A,-,03,22350,,N,D,C,A,A,C,-,D,D,0,,,,,Y,,A,01,0,1,0,0,0,0,0,0,0,"- ","- ",37.727390289306641,-122.44486999511719,"SAN FRANCISCO","SAN FRANCISCO",-122.44488525390625,37.727401733398438
91855318,2022,2022-09-01,9335,2022-08-25,0750,022823,,4,1,7,3801,0,1,2,,2,014,"US-101 N/B","US-101 S/B TO I-80 EB",241.00,S,N,A,-,Y,SF,,101,,R,4.410,H,,R,N,4,0,1,2,A,-,03,22350,,N,C,C,A,A,H,-,A,D,0,,,,,Y,,A,07,0,0,1,0,0,0,0,0,0,"- ","- ",37.768390655517578,-122.40601348876953,"SAN FRANCISCO","SAN FRANCISCO",-122.40605163574219,37.768352508544922
91855551,2022,2022-09-01,9335,2022-08-21,0843,022032,,7,1,7,3801,0,1,1,,2,080,"I-80 E/B FROM 8TH ST","7TH ST",360.00,W,N,A,-,Y,SF,,80,,,4.414,H,,R,Y,4,0,1,1,A,-,08,22107,,N,E,8,A,A,H,-,A,D,0,,,,,Y,,A,01,0,0,1,0,0,0,0,0,0,"- ","- ",37.774211883544922,-122.40651702880859,"SAN FRANCISCO","SAN FRANCISCO",-122.40628814697266,37.774143218994141
91855565,2022,2022-09-01,9335,2022-08-28,0230,022703,,7,3,7,3801,0,1,2,,2,015,"US-101 SOUTHBOUND","ALAMEDA STREET",310.00,S,N,A,-,Y,SF,,101,,R,4.340,H,,L,Y,3,0,1,1,A,-,01,23152,A,N,E,I,A,A,H,-,C,D,0,,,,,Y,Y,A,01,0,1,0,0,0,0,0,0,0,"- ","- ",37.767578125,-122.40550231933594,"SAN FRANCISCO","SAN FRANCISCO",-122.40554809570312,37.767566680908203
91855595,2022,2022-09-01,9335,2022-08-28,0240,022667,,7,3,7,3801,0,1,2,,2,014,"US-101 S/B","17TH STREET U/C",220.00,N,N,A,-,Y,SF,,101,,,4.180,H,,L,Y,3,0,1,2,A,-,01,23152,A,N,B,C,A,A,H,-,C,D,0,,,,,Y,Y,A,01,0,1,0,0,0,0,0,0,0,"- ","- ",37.765289306640625,-122.40522003173828,"SAN FRANCISCO","SAN FRANCISCO",-122.40521240234375,37.765289306640625
91856066,2022,2022-09-02,9350,2022-08-27,1814,022432,,6,2,7,3801,0,1,3,,2,011,"SR-1 S/B","LAKE STREET",3696.00,N,N,A,-,Y,SF,,1,,,6.575,H,,L,Y,3,0,1,2,A,-,03,22350,,N,C,C,A,A,H,-,A,C,0,,,,,Y,,A,01,0,1,0,0,0,0,0,0,0,"- ","- ",37.796249389648438,-122.46958923339844,"SAN FRANCISCO","SAN FRANCISCO",-122.46958923339844,37.796249389648438
91856795,2022,2022-09-05,9335,2022-08-30,0650,018804,,2,1,7,3801,0,1,1,,1,081,"I-80 W/B","SPEAR STREET",1014.00,E,N,A,-,Y,SF,,80,,,6.047,H,,L,N,3,0,1,2,A,-,03,22350,,N,C,C,A,A,H,-,A,D,0,,,Y,,Y,,C,02,0,1,0,0,0,0,0,0,1,"- ","- ",37.790210723876953,-122.38616943359375,"SAN FRANCISCO","SAN FRANCISCO",-122.38629150390625,37.790294647216797
91856993,2022,2022-09-05,9335,2022-08-27,0435,022525,,6,3,7,3801,0,1,1,,2,021,"I-280 S/B","HAVELOCK STREET PEDESTRIAN OVERCROSSING",1400.00,N,N,A,-,Y,SF,,280,,R,2.128,H,,L,Y,3,0,1,2,A,-,03,22350,,M,C,C,A,A,H,-,D,D,0,,,,,Y,,A,01,0,1,0,0,0,0,0,0,0,"- ","- ",37.727531433105469,-122.44477844238281,"SAN FRANCISCO","SAN FRANCISCO",-122.44475555419922,37.727508544921875
91857006,2022,2022-09-05,9335,2022-09-01,1244,017995,,4,1,7,3801,0,1,2,,2,013,"US-101 N/B","PAUL AVE",390.00,S,N,A,-,Y,SF,,101,,,1.038,H,,R,Y,4,0,1,4,A,-,03,22350,,N,C,C,A,A,H,-,A,D,0,,,,,Y,,A,01,0,0,1,0,0,0,0,0,0,"- ","- ",37.722568511962891,-122.40061187744141,"SAN FRANCISCO","SAN FRANCISCO",-122.40061950683594,37.722568511962891
91857009,2022,2022-09-05,9335,2022-08-31,1240,021099,,3,1,7,3801,0,1,1,,2,023,"I-280 SB","LYELL ST UNDER-CROSSING",200.00,S,N,A,-,Y,SF,,280,,R,2.860,H,,L,N,3,0,2,2,A,-,03,22350,,N,C,C,A,A,H,-,A,D,0,,,,,Y,,A,01,0,2,0,0,0,0,0,0,0,"- ","- ",37.732181549072266,-122.4327392578125,"SAN FRANCISCO","SAN FRANCISCO",-122.43272399902344,37.732135772705078
91857014,2022,2022-09-05,9335,2022-08-28,2048,023065,,7,2,7,3801,0,1,1,,2,080,"I-80 WB","9TH STREET OFF-RAMP",600.00,E,N,A,-,Y,SF,,80,,,4.589,H,,L,N,4,0,1,3,A,-,03,22350,,N,C,C,A,A,H,-,C,D,0,,,,,Y,,A,07,0,0,1,0,0,0,0,0,0,"- ","- ",37.776329040527344,-122.40489196777344,"SAN FRANCISCO","SAN FRANCISCO",-122.40483856201172,37.776279449462891
91857022,2022,2022-09-05,9335,2022-08-24,1735,021588,,3,2,7,3801,0,1,1,,1,081,"I-80 WESTBOUND TO HARRISON STREET","2ND STREET",460.00,E,N,A,-,Y,SF,,80,,,5.505,H,,L,N,3,0,1,1,A,-,08,22107,,N,F,A,A,A,H,-,A,D,0,,,Y,,Y,,C,02,0,1,0,0,0,0,0,0,1,"- ","- ",37.784568786621094,-122.39318084716797,"SAN FRANCISCO","SAN FRANCISCO",-122.39325714111328,37.784690856933594
91857910,2022,2022-09-06,9350,2022-08-27,1710,022432,,6,2,7,3801,0,1,2,,2,010,"US-101 S/B","LINCOLN BLVD",528.00,N,N,A,-,Y,SF,,101,,R,9.376,H,,L,N,4,0,1,1,A,-,08,22107,,N,E,I,A,A,H,-,A,D,0,,,,,Y,,A,01,0,0,1,0,0,0,0,0,0,"- ","- ",37.803348541259766,-122.47074127197266,"SAN FRANCISCO","SAN FRANCISCO",-122.470703125,37.803409576416016
91861391,2022,2022-09-12,9335,2022-08-31,0555,018053,,3,3,7,3801,0,1,1,,1,083,"I-80 E/B","EAST OF THE MAIN STREET EAST EDGE UNDER CROSSING",36.00,E,N,A,-,Y,SF,,80,,,5.802,H,,R,Y,4,0,2,4,A,-,03,22350,,N,C,C,A,A,H,-,C,D,0,,,,,Y,,A,01,0,0,2,0,0,0,0,0,0,"- ","- ",37.787559509277344,-122.38925170898438,"SAN FRANCISCO","SAN FRANCISCO",-122.38926696777344,37.787570953369141
91863612,2022,2022-09-13,9350,2022-08-27,0635,022433,,6,1,7,3801,0,2,4,,1,016,"SR-1 N/B TO US-101 N/B","LINCOLN BLVD. U/C",1532.00,S,N,B,C,Y,,,,,,,,,,N,3,0,1,2,A,-,03,22350,,N,B,C,A,B,H,-,A,D,0,,,,,Y,,A,01,0,1,0,0,0,0,0,0,0,"- ","- ",37.804039001464844,-122.47019195556641,"SAN FRANCISCO","SAN FRANCISCO",-122.47019195556641,37.804039001464844
91864187,2022,2022-09-14,9335,2022-09-03,0300,022241,,6,3,7,3801,0,1,1,,1,083,"I-80 E/B","THE EMBARCADERO UNDERCROSSING",3440.00,E,N,A,-,Y,SF,,80,,,6.565,H,,R,Y,3,0,1,3,A,-,03,22350,,N,C,C,A,A,H,-,C,D,0,,,,,Y,Y,A,01,0,1,0,0,0,0,0,0,0,"- ","- ",37.795978546142578,-122.37995147705078,"SAN FRANCISCO","SAN FRANCISCO",-122.38003540039062,37.796035766601562
91864370,2022,2022-09-14,9350,2022-09-10,1315,022432,,6,1,7,3801,0,1,2,,2,020,"US-101 N/B","LINCOLN BLVD",2112.00,N,N,A,-,Y,,,,,,,,,,N,3,0,1,3,A,-,08,22107,,M,B,C,A,A,H,-,A,C,0,,,Y,,Y,,C,02,0,1,0,0,0,0,0,0,1,"- ","- ",37.81121826171875,-122.47752380371094,"SAN FRANCISCO","SAN FRANCISCO",-122.47759246826172,37.811210632324219
91864611,2022,2022-09-14,9335,2022-09-06,1630,021588,,2,2,7,3801,0,1,1,,1,083,"I-80 EASTBOUND FROM 5TH STREET","3RD STREET",25.00,W,N,A,-,Y,SF,,80,,,5.225,H,,R,N,4,0,1,2,A,-,03,22350,,N,C,C,A,A,H,-,A,D,0,,,,,Y,,D,22,0,0,1,0,0,0,0,0,0,"- ","- ",37.781841278076172,-122.39678192138672,"SAN FRANCISCO","SAN FRANCISCO",-122.39668273925781,37.781768798828125
91865176,2022,2022-09-15,9335,2022-08-31,2010,023067,,3,2,7,3801,0,1,1,,2,080,"I-80 E/B","15TH STREET UNDER CROSSING",175.00,W,N,A,-,Y,SF,,80,,,3.883,H,,R,Y,4,0,1,3,A,-,03,22350,,N,C,C,A,A,H,-,D,D,0,,,,,Y,,A,01,0,0,1,0,0,0,0,0,0,"- ","- ",37.766750335693359,-122.40496826171875,"SAN FRANCISCO","SAN FRANCISCO",-122.40495300292969,37.766750335693359
91865291,2022,2022-09-15,9335,2022-09-06,2205,022416,,2,3,7,3801,0,1,1,,2,022,"I-280 S/B","GENEVA AVENUE",70.00,N,N,A,-,Y,SF,,280,,R,1.674,H,,L,Y,4,0,1,2,A,-,03,22350,,N,C,C,A,A,H,-,C,D,0,,,,,Y,,A,01,0,0,1,0,0,0,0,0,0,"- ","- ",37.721668243408203,-122.44828033447266,"SAN FRANCISCO","SAN FRANCISCO",-122.44818115234375,37.721660614013672
91865698,2022,2022-09-15,9350,2022-09-10,0225,022614,,6,3,7,3801,0,1,3,,2,011,"US-101 NB TO TO SR-1 S/B","LINCOLN BLVD. U/C",303.00,N,N,A,-,Y,SF,,101,,R,9.333,H,,R,Y,3,0,2,2,A,-,05,21651,B,N,A,C,A,A,H,-,C,D,0,,,,,Y,,A,01,0,1,1,0,0,0,0,0,0,"- ","- ",37.803531646728516,-122.46974182128906,"SAN FRANCISCO","SAN FRANCISCO",-122.46987152099609,37.803306579589844
91866394,2022,2022-09-16,9335,2022-09-06,2018,022897,,2,2,7,3801,0,1,2,,2,013,"US-101 N/B","3RD ST. UNDERCROSSING",1267.00,N,N,A,-,Y,SF,,101,,,0.816,H,,R,Y,2,0,1,1,A,-,01,23152,A,N,E,I,A,A,H,-,D,D,0,,,,,Y,Y,A,01,1,0,0,0,0,0,0,0,0,"- ","- ",37.719570159912109,-122.39972686767578,"SAN FRANCISCO","SAN FRANCISCO",-122.39959716796875,37.719593048095703
91866650,2022,2022-09-16,9335,2022-09-12,1015,018053,,1,1,7,3801,0,1,1,,2,080,"I-80 E/B TO 4TH STREET","4TH STREET",420.00,W,N,A,-,Y,SF,,80,,,4.920,H,,R,N,4,0,1,2,A,-,03,22350,,N,C,C,A,A,H,-,A,D,0,,,,,Y,,A,01,0,0,1,0,0,0,0,0,0,"- ","- ",37.779048919677734,-122.39967346191406,"SAN FRANCISCO","SAN FRANCISCO",-122.39980316162109,37.779148101806641
91867733,2022,2022-09-19,9335,2022-09-08,1055,022920,,4,1,7,3801,0,1,2,,2,015,"US-101 S/B","POTRERO AVE",350.00,N,N,A,-,Y,SF,,101,,R,4.581,H,,L,N,4,0,2,2,A,-,03,22350,,F,C,C,A,A,H,-,A,D,0,,,,,Y,,-,99,0,0,2,0,0,0,0,0,0,"- ","- ",37.769020080566406,-122.40927886962891,"SAN FRANCISCO","SAN FRANCISCO",-122.40927124023438,37.769050598144531
91868060,2022,2022-09-19,9335,2022-07-16,1930,022823,,6,2,7,3801,0,1,2,,2,013,"US-101 S/B TO PAUL AVENUE","SAN BRUNO AVENUE",60.00,N,N,A,-,Y,,,,,,,,,,Y,4,0,1,1,A,-,01,23152,A,N,E,8,A,A,H,-,A,A,0,,,,,Y,Y,A,01,0,0,1,0,0,0,0,0,0,"- ","- ",37.721668243408203,-122.40093231201172,"SAN FRANCISCO","SAN FRANCISCO",-122.40093231201172,37.721668243408203
91868552,2022,2022-09-20,9335,2022-09-08,1825,022860,,4,2,7,3801,0,1,2,,2,012,"US-101 TO AIRPORT BLVD/BAYSHORE BLVD","AIRPORT BLVD",60.00,N,N,A,-,Y,,,,,,,,,,N,4,0,1,3,A,-,03,22350,,N,C,C,A,A,H,-,A,A,0,,,,,Y,,A,08,0,0,1,0,0,0,0,0,0,"- ","- ",37.667621612548828,-122.39550018310547,"SAN FRANCISCO","SAN FRANCISCO",-122.40575408935547,37.657993316650391
91869010,2022,2022-09-20,9335,2022-09-15,0910,022032,,4,1,7,3801,0,1,1,,2,080,"I-80 W/B","HARRIET ST",200.00,W,N,B,-,Y,SF,,80,,,4.585,H,,L,N,3,0,1,2,A,-,07,21658,A,F,B,2,A,A,H,-,A,D,0,,,Y,,Y,,-,99,0,1,0,0,0,0,0,0,1,"- ","- ",37.776229858398438,-122.40486907958984,"SAN FRANCISCO","SAN FRANCISCO",-122.40489196777344,37.776248931884766
91869072,2022,2022-09-20,9335,2022-09-15,1646,022188,,4,2,7,3801,0,1,1,,2,080,"I-80 E/B","4TH STREET UNDERCROSSING",61.00,W,N,A,-,Y,SF,,80,,,4.988,H,,R,N,4,0,1,2,A,-,07,21658,A,N,B,C,A,A,H,-,A,D,0,,,Y,,Y,,A,01,0,0,1,0,0,0,0,0,1,"- ","- ",37.779861450195312,-122.39897155761719,"SAN FRANCISCO","SAN FRANCISCO",-122.39896392822266,37.779853820800781
91869137,2022,2022-09-20,9335,2022-09-12,1650,022860,,1,2,7,3801,0,1,2,,2,014,"US-101 S/B","22ND ST PEDESTRIAN OVERCROSSING",350.00,S,N,A,-,Y,SF,,101,,,3.456,H,,L,N,4,0,1,2,A,-,03,22350,,N,C,C,A,A,H,-,A,D,0,,,,,Y,,D,22,0,0,1,0,0,0,0,0,0,"- ","- ",37.755908966064453,-122.40323638916016,"SAN FRANCISCO","SAN FRANCISCO",-122.40327453613281,37.755905151367188
91869620,2022,2022-09-21,9335,2022-09-14,2034,023063,,3,2,7,3801,0,1,1,,2,080,"I-80 EASTBOUND","4TH ST ROAD EDGE",18.00,W,N,A,-,Y,SF,,80,,,5.061,H,,R,N,4,0,1,2,A,-,03,22350,,F,C,C,A,A,H,-,C,D,0,,,,,Y,,-,99,0,0,1,0,0,0,0,0,0,"- ","- ",37.780071258544922,-122.398681640625,"SAN FRANCISCO","SAN FRANCISCO",-122.39869689941406,37.780078887939453
91869757,2022,2022-09-21,9335,2022-09-15,1715,022241,,4,2,7,3801,0,1,2,,2,015,"US-101 S/B FROM SOUTH VAN NESS","S. VAN NESS AVENUE",510.00,S,N,A,-,Y,,,,,,,,,,N,2,0,1,1,B,-,22,,,N,F,A,A,A,H,-,A,D,0,,,Y,,Y,,C,02,1,0,0,0,0,0,0,0,1,"- ","- ",37.769519805908203,-122.41889953613281,"SAN FRANCISCO","SAN FRANCISCO",-122.41889953613281,37.769519805908203
91869768,2022,2022-09-21,9335,2022-09-12,1640,023063,,1,2,7,3801,0,1,2,,2,013,"US-101 NORTHBOUND","FAITH ST. PEDESTRIAN OVERCROSSING",100.00,S,N,A,-,Y,SF,,101,,,2.574,H,,R,Y,3,0,1,3,D,-,00,,,N,C,C,A,A,H,-,A,D,0,,,Y,,Y,,-,"- ",0,1,0,0,0,0,0,0,1,"- ","- ",37.743431091308594,-122.40606689453125,"SAN FRANCISCO","SAN FRANCISCO",-122.40601348876953,37.743404388427734
91870114,2022,2022-09-21,9335,2022-09-15,1815,022241,,4,2,7,3801,0,1,2,,2,013,"US-101 S/B","CORTLAND AVENUE",182.00,N,N,A,-,Y,SF,,101,,,2.313,H,,L,Y,3,0,1,2,A,-,07,21658,A,F,B,C,A,A,H,-,A,D,0,,,Y,,Y,,-,99,0,1,0,0,0,0,0,0,1,"- ","- ",37.740188598632812,-122.40814971923828,"SAN FRANCISCO","SAN FRANCISCO",-122.40806579589844,37.740180969238281