CASE_ID,ACCIDENT_YEAR,PROC_DATE,JURIS,COLLISION_DATE,COLLISION_TIME,OFFICER_ID,REPORTING_DISTRICT,DAY_OF_WEEK,CHP_SHIFT,POPULATION,CNTY_CITY_LOC,SPECIAL_COND,BEAT_TYPE,CHP_BEAT_TYPE,CITY_DIVISION_LAPD,CHP_BEAT_CLASS,BEAT_NUMBER,PRIMARY_RD,SECONDARY_RD,DISTANCE,DIRECTION,INTERSECTION,WEATHER_1,WEATHER_2,STATE_HWY_IND,CALTRANS_COUNTY,CALTRANS_DISTRICT,STATE_ROUTE,ROUTE_SUFFIX,POSTMILE_PREFIX,POSTMILE,LOCATION_TYPE,RAMP_INTERSECTION,SIDE_OF_HWY,TOW_AWAY,COLLISION_SEVERITY,NUMBER_KILLED,NUMBER_INJURED,PARTY_COUNT,PRIMARY_COLL_FACTOR,PCF_CODE_OF_VIOL,PCF_VIOL_CATEGORY,PCF_VIOLATION,PCF_VIOL_SUBSECTION,HIT_AND_RUN,TYPE_OF_COLLISION,MVIW,PED_ACTION,ROAD_SURFACE,ROAD_COND_1,ROAD_COND_2,LIGHTING,CONTROL_DEVICE,CHP_ROAD_TYPE,PEDESTRIAN_ACCIDENT,BICYCLE_ACCIDENT,MOTORCYCLE_ACCIDENT,TRUCK_ACCIDENT,NOT_PRIVATE_PROPERTY,ALCOHOL_INVOLVED,STWD_VEHTYPE_AT_FAULT,CHP_VEHTYPE_AT_FAULT,COUNT_SEVERE_INJ,COUNT_VISIBLE_INJ,COUNT_COMPLAINT_PAIN,COUNT_PED_KILLED,COUNT_PED_INJURED,COUNT_BICYCLIST_KILLED,COUNT_BICYCLIST_INJURED,COUNT_MC_KILLED,COUNT_MC_INJURED,PRIMARY_RAMP,SECONDARY_RAMP,LATITUDE,LONGITUDE,COUNTY,CITY,POINT_X,POINT_Y
91912836,2022,2022-11-08,9335,2022-11-04,1804,022823,,5,2,7,3801,0,1,2,,2,013,"US-101 S/B","BLANKEN AVE.",177.00,S,N,A,-,Y,SF,,101,,,0.141,H,,L,N,4,0,1,2,A,-,03,22350,,N,C,C,A,A,H,-,C,D,0,,,,,Y,,A,01,0,0,1,0,0,0,0,0,0,"- ","- ",37.710399627685547,-122.39550018310547,"SAN FRANCISCO","SAN FRANCISCO",-122.39559173583984,37.71038818359375
91913603,2022,2022-11-09,9335,2022-11-01,0325,023082,,2,3,7,3801,0,1,1,,1,081,"I-80 WESTBOUND TO HARRISON STREET","2ND STREET UNDERCROSSING",450.00,E,N,A,-,Y,,,,,,,,,,N,4,0,1,1,A,-,01,23152,A,M,E,I,A,A,H,-,D,A,0,,,,,Y,Y,A,01,0,0,1,0,0,0,0,0,0,"- ","- ",37.784069061279297,-122.39256286621094,"SAN FRANCISCO","SAN FRANCISCO",-122.39256286621094,37.784069061279297
91913787,2022,2022-11-09,9335,2022-11-01,1205,020658,,2,1,7,3801,0,1,1,,2,022,"I-280 S/B","SOUTH ROAD EDGE OF GENEVA AVENUE",216.00,S,N,C,-,Y,SF,,280,,R,1.607,H,,L,Y,4,0,1,2,A,-,03,22350,,N,C,C,A,B,H,-,A,D,0,,,,,Y,,A,01,0,0,1,0,0,0,0,0,0,"- ","- ",37.720680236816406,-122.44838714599609,"SAN FRANCISCO","SAN FRANCISCO",-122.44830322265625,37.720672607421875
91913838,2022,2022-11-09,9335,2022-11-05,1405,017672,,6,2,7,3801,0,1,1,,1,083,"I-80 E/B","STERLING STREET",920.00,E,N,B,-,Y,SF,,80,,,5.803,H,,R,N,4,0,2,2,A,-,08,22107,,N,E,I,A,B,H,-,A,D,0,,,,,Y,,A,07,0,0,2,0,0,0,0,0,0,"- ","- ",37.787559509277344,-122.38922119140625,"SAN FRANCISCO","SAN FRANCISCO",-122.38925170898438,37.787582397460938
91914020,2022,2022-11-09,9335,2022-11-06,1037,020384,,7,1,7,3801,0,1,1,,2,080,"I-80 W/B TO 9TH STREET","8TH STREET",130.00,E,N,A,-,Y,,,,,,,,,,N,4,0,2,2,A,-,03,22350,,F,C,C,A,A,H,-,A,A,0,,,,,Y,,-,99,0,0,2,0,0,0,0,0,0,"- ","- ",37.773788452148438,-122.40789794921875,"SAN FRANCISCO","SAN FRANCISCO",-122.40789794921875,37.773788452148438
91914023,2022,2022-11-09,9335,2022-11-07,1448,021390,,1,2,7,3801,0,1,1,,1,083,"I-80 E/B FROM ESSEX ST.","HARRISON ST.",455.00,E,N,B,-,Y,SF,,80,,,5.572,H,,R,N,4,0,1,2,A,-,03,22350,,F,C,C,A,A,H,-,A,D,0,,,,,Y,,-,99,0,0,1,0,0,0,0,0,0,"- ","- ",37.785308837890625,-122.39234161376953,"SAN FRANCISCO","SAN FRANCISCO",-122.39222717285156,37.785175323486328
91914030,2022,2022-11-09,9335,2022-11-07,2355,023067,,1,3,7,3801,0,1,1,,1,083,"I-80 EASTBOUND","TREASURE ISLAND ROAD OVERCROSSING",200.00,W,N,C,-,Y,SF,,80,,,7.680,H,,R,Y,3,0,2,1,A,-,03,22350,,N,E,I,A,B,H,-,C,D,0,,,,,Y,,A,01,0,1,1,0,0,0,0,0,0,"- ","- ",37.808528900146484,-122.36669921875,"SAN FRANCISCO","SAN FRANCISCO",-122.36673736572266,37.808547973632812
91914999,2022,2022-11-10,9350,2022-11-05,0725,022432,,6,1,7,3801,0,1,2,,2,010,"US-101 N/B TO SR-1 S/B","LINCOLN AVE",1584.00,S,N,C,-,Y,SF,,101,,R,9.390,H,,R,Y,4,0,1,1,A,-,03,22350,,N,E,I,A,B,H,-,A,D,0,,,,,Y,,A,07,0,0,1,0,0,0,0,0,0,"- ","- ",37.803779602050781,-122.47075653076172,"SAN FRANCISCO","SAN FRANCISCO",-122.47081756591797,37.803703308105469
91915581,2022,2022-11-11,9335,2022-10-27,2130,022802,,4,2,7,3801,0,1,1,,1,081,"I-80 W/B","THE BEALE ST U/C",800.00,W,N,A,-,Y,SF,,80,,,5.570,H,,L,Y,3,0,1,2,A,-,01,23152,A,N,C,C,A,A,H,-,C,D,0,,,,,Y,Y,A,01,0,1,0,0,0,0,0,0,0,"- ","- ",37.785289764404297,-122.39237213134766,"SAN FRANCISCO","SAN FRANCISCO",-122.39226531982422,37.785160064697266
91915673,2022,2022-11-11,9335,2022-11-08,0353,021301,,2,3,7,3801,0,1,1,,2,023,"I-280 S/B","SAN JOSE AVE OVER-CROSSING",36.00,N,N,C,-,Y,SF,,280,,R,1.479,H,,L,Y,3,0,1,1,A,-,01,23152,A,N,E,I,A,B,H,-,C,D,0,,,,,Y,Y,A,01,0,1,0,0,0,0,0,0,0,"- ","- ",37.71875,-122.44847106933594,"SAN FRANCISCO","SAN FRANCISCO",-122.44853973388672,37.718753814697266
91917170,2022,2022-11-14,9335,2022-08-25,0851,022823,,4,1,7,3801,1,4,S,,2,901,"MISSION ST. AT 6TH ST.","7TH ST.",347.00,E,N,A,-,N,,,,,,,,,,N,3,0,1,2,A,-,12,22454,A,N,E,G,A,A,H,-,A,A,0,,Y,,,Y,,L,04,0,1,0,0,0,0,1,0,0,"- ","- ",37.780158996582031,-122.40969848632812,"SAN FRANCISCO","SAN FRANCISCO",-122.41005706787109,37.779888153076172
91917180,2022,2022-11-14,9335,2022-11-03,1625,022937,,4,2,7,3801,0,1,1,,2,080,"I-80 E/B","4TH ST",100.00,E,N,A,-,Y,SF,,80,,,5.096,H,,R,Y,4,0,1,2,C,-,18,,,N,B,C,A,A,H,-,D,D,0,,,,,Y,,-,"- ",0,0,1,0,0,0,0,0,0,"- ","- ",37.780521392822266,-122.39837646484375,"SAN FRANCISCO","SAN FRANCISCO",-122.39826965332031,37.780437469482422
91917226,2022,2022-11-14,9335,2022-11-05,1535,019799,,6,2,7,3801,0,1,1,,1,081,"I-80 W/B","SFOBB TOWER #3",85.00,E,N,B,-,Y,SF,,80,,,6.539,H,,L,Y,3,0,1,2,A,-,03,22350,,N,C,C,A,B,H,-,A,D,0,,,Y,,Y,,C,02,0,1,0,0,0,0,0,0,1,"- ","- ",37.795700073242188,-122.38025665283203,"SAN FRANCISCO","SAN FRANCISCO",-122.38034057617188,37.795753479003906
91917232,2022,2022-11-14,9335,2022-11-06,0405,023063,,7,3,7,3801,0,1,1,,1,081,"I-80 WB TO 5TH ST.","5TH ST.",60.00,E,N,A,-,Y,SF,,80,,,4.884,H,,L,Y,4,0,1,2,A,-,01,23152,A,N,C,C,A,A,H,-,C,A,0,,,,,Y,Y,A,01,0,0,1,0,0,0,0,0,0,"- ","- ",37.779041290283203,-122.40065002441406,"SAN FRANCISCO","SAN FRANCISCO",-122.40070343017578,37.779083251953125
91917237,2022,2022-11-14,9335,2022-11-06,1335,021222,,7,1,7,3801,0,1,2,,2,013,"US-101 SOUTHBOUND","PHYSICAL GOREPONT OF US-101 SOUTHBOUND TO 3RD STRE",300.00,N,N,A,-,Y,SF,,101,,,0.890,H,,L,Y,2,0,3,2,A,-,03,22350,,N,C,C,A,A,H,-,A,D,0,,,,,Y,,D,22,1,0,2,0,0,0,0,0,0,"- ","- ",37.720470428466797,-122.39987182617188,"SAN FRANCISCO","SAN FRANCISCO",-122.40011596679688,37.720424652099609
91917241,2022,2022-12-19,9335,2022-11-06,2200,023063,,7,3,7,3801,0,1,1,,2,024,"I-280 SB","23RD ST. UNDERCROSSING",265.00,N,N,C,-,Y,SF,,280,,R,6.023,H,,L,Y,4,0,1,1,A,-,08,22107,,N,E,I,A,B,H,-,C,D,0,,,,,Y,,A,01,0,0,1,0,0,0,0,0,0,"- ","- ",37.756008148193359,-122.39238739013672,"SAN FRANCISCO","SAN FRANCISCO",-122.39240264892578,37.756008148193359
91918044,2022,2022-11-15,9335,2022-11-09,0700,020658,,3,1,7,3801,0,1,1,,1,081,"I-80 W/B","WEST EDGE OF YERBA BUENA ISLAND TUNNEL",2798.00,E,N,A,-,Y,SF,,80,,R,8.346,H,,L,Y,2,0,1,2,A,-,07,21658,A,N,C,C,A,A,H,-,A,D,0,,,Y,,Y,,A,01,1,0,0,0,0,0,0,0,1,"- ","- ",37.815650939941406,-122.35823059082031,"SAN FRANCISCO","SAN FRANCISCO",-122.35836029052734,37.815792083740234
91918083,2022,2022-11-15,9335,2022-09-30,1652,022823,,5,2,7,3801,0,1,2,,2,014,"US-101 S/B","23RD ST.",338.00,S,N,A,-,Y,SF,,101,,,3.296,H,,L,Y,3,0,2,4,A,-,03,22350,,N,C,C,A,A,H,-,A,D,0,,,,,Y,,A,01,0,2,0,0,0,0,0,0,0,"- ","- ",37.753509521484375,-122.40299987792969,"SAN FRANCISCO","SAN FRANCISCO",-122.40305328369141,37.753505706787109
91919154,2022,2022-11-16,9335,2022-11-10,0617,018053,,4,1,7,3801,0,1,1,,2,080,"I-80 E/B","ALAMEDA STREET U/C",720.00,W,N,A,-,Y,SF,,80,,,3.868,H,,R,Y,3,0,1,3,A,-,08,22107,,N,E,I,A,A,A,-,A,D,0,,,,,Y,,A,01,0,1,0,0,0,0,0,0,0,"- ","- ",37.76654052734375,-122.40496826171875,"SAN FRANCISCO","SAN FRANCISCO",-122.40494537353516,37.76654052734375
91920196,2022,2022-11-17,9335,2022-11-12,0005,022703,,6,3,7,3801,0,1,2,,2,015,"US-101 SOUTBOUND TO I-80 EASTBOUND","THE DIVISION STREET UNDERCROSSING",105.00,N,N,A,-,Y,SF,,80,,L,4.077,H,,L,Y,3,0,1,2,A,-,03,22350,,N,B,C,A,A,H,-,D,D,0,,,,,Y,,A,01,0,1,0,0,0,0,0,0,0,"- ","- ",37.769371032714844,-122.40599060058594,"SAN FRANCISCO","SAN FRANCISCO",-122.40601348876953,37.769382476806641
91920565,2022,2022-11-17,9335,2022-11-13,0120,022703,,7,3,7,3801,0,1,2,,2,015,"US-101 SOUTHBOUND TO I-80 EASTBOUND","THE DIVISION STREET UNDERCROSSING",85.00,N,N,A,-,Y,SF,,80,,L,4.064,H,,R,Y,4,0,1,1,A,-,01,23152,A,N,E,I,A,A,H,-,D,D,0,,,,,Y,Y,A,01,0,0,1,0,0,0,0,0,0,"- ","- ",37.769451141357422,-122.40545654296875,"SAN FRANCISCO","SAN FRANCISCO",-122.40550994873047,37.769466400146484
91920571,2022,2022-11-17,9335,2022-11-13,1550,021222,,7,2,7,3801,0,1,1,,2,080,"I-80 WESTBOUND","OAK GROVE STREET",40.00,E,N,A,-,Y,SF,,80,,,4.762,H,,L,N,4,0,1,2,A,-,03,22350,,N,C,C,A,A,H,-,A,D,0,,,,,Y,,A,01,0,0,1,0,0,0,0,0,0,"- ","- ",37.777870178222656,-122.40235137939453,"SAN FRANCISCO","SAN FRANCISCO",-122.40232086181641,37.777843475341797
91921222,2022,2022-11-18,9335,2022-11-14,1200,020658,,1,1,7,3801,0,1,1,,2,080,"I-80 E/B","THE EAST ROAD EDGE OF BRANNON STREET",50.00,E,N,A,-,Y,SF,,80,,,4.207,H,,R,N,3,0,1,2,A,-,07,21658,A,N,C,C,A,A,H,-,A,D,0,,,,,Y,,A,01,0,1,0,0,0,0,0,0,0,"- ","- ",37.771209716796875,-122.40593719482422,"SAN FRANCISCO","SAN FRANCISCO",-122.40592193603516,37.771217346191406
91921227,2022,2022-11-18,9335,2022-11-14,1345,022920,,1,1,7,3801,0,1,2,,2,014,"US-101 S/B","THE 23RD STREET OVERCROSSING",100.00,N,N,A,-,Y,SF,,101,,,3.388,H,,L,N,4,0,2,2,A,-,03,22350,,N,C,C,A,A,H,-,A,D,0,,,,,Y,,D,22,0,0,2,0,0,0,0,0,0,"- ","- ",37.754840850830078,-122.40325164794922,"SAN FRANCISCO","SAN FRANCISCO",-122.40317535400391,37.754844665527344
91921255,2022,2022-11-18,9335,2022-11-14,1800,021328,,1,2,7,3801,0,1,2,,2,013,"US-101 S/B","CESAR CHAVEZ UNDERCROSSING",1300.00,S,N,A,-,Y,SF,,101,,,2.746,H,,L,N,4,0,1,2,A,-,03,22350,,N,C,C,A,A,H,-,C,D,0,,,,,Y,,A,01,0,0,1,0,0,0,0,0,0,"- ","- ",37.745761871337891,-122.405029296875,"SAN FRANCISCO","SAN FRANCISCO",-122.40495300292969,37.745742797851562
91921394,2022,2022-11-18,9335,2022-11-16,1555,018688,,3,2,7,3801,0,1,1,,1,081,"I-80 W/B","SPEAR ST.",855.00,E,N,A,-,Y,SF,,80,,,6.023,H,,L,N,4,0,1,2,A,-,03,22350,,N,C,C,A,A,H,-,A,D,0,,,,,Y,,D,22,0,0,1,0,0,0,0,0,0,"- ","- ",37.790050506591797,-122.38661956787109,"SAN FRANCISCO","SAN FRANCISCO",-122.38658905029297,37.790027618408203
91921702,2022,2022-12-13,9335,2022-11-14,1600,022920,,1,2,7,3801,0,1,1,,1,081,"I-80 W/B","THE EMBACADERO UNDERCROSSING",2370.00,E,N,A,-,Y,SF,,80,,,6.366,H,,L,N,4,0,1,2,A,-,07,21658,A,F,B,C,A,A,H,-,A,D,0,,,,,Y,,-,99,0,0,1,0,0,0,0,0,0,"- ","- ",37.793949127197266,-122.38262176513672,"SAN FRANCISCO","SAN FRANCISCO",-122.38243865966797,37.793827056884766
91922899,2022,2022-11-21,9335,2022-11-12,1825,022823,,6,2,7,3801,0,1,2,,2,013,"US-101 N/B","CORTLAND AVENUE",405.00,N,N,A,-,Y,SF,,101,,,2.360,H,,R,N,4,0,1,2,A,-,03,22350,,N,C,C,A,A,H,-,C,D,0,,,,,Y,,A,07,0,0,1,0,0,0,0,0,0,"- ","- ",37.740779876708984,-122.40767669677734,"SAN FRANCISCO","SAN FRANCISCO",-122.40773773193359,37.740791320800781
91922997,2022,2022-11-21,9335,2022-11-12,1830,022823,,6,2,7,3801,0,1,2,,2,013,"US-101 S/B","CORTLAND AVE.",400.00,N,N,A,-,Y,SF,,101,,,2.356,H,,L,N,4,0,4,3,A,-,03,22350,,M,C,C,A,A,H,-,C,D,0,,,,,Y,,-,99,0,0,4,0,0,0,0,0,0,"- ","- ",37.740779876708984,-122.40799713134766,"SAN FRANCISCO","SAN FRANCISCO",-122.40792083740234,37.740768432617188
91925173,2022,2022-11-23,9335,2022-11-15,1533,018688,,2,2,7,3801,0,1,1,,1,083,"I-80 E/B","TREASURE ISLAND ON RAMP PHYSICAL GORE POINT",1086.00,E,N,A,-,Y,SF,,80,,R,8.229,H,,R,N,4,0,2,3,A,-,07,21658,A,F,F,0,A,A,H,-,A,D,0,,,,,Y,,-,99,0,0,2,0,0,0,0,0,0,"- ","- ",37.814308166503906,-122.35974884033203,"SAN FRANCISCO","SAN FRANCISCO",-122.35986328125,37.814434051513672
91925324,2022,2022-11-23,9335,2022-11-15,1725,022920,,2,2,7,3801,0,1,2,,2,014,"US-101 SB","THE 23RD STREET OVERCROSSING",133.00,S,N,A,-,Y,SF,,101,,,3.336,H,,L,Y,3,0,2,3,A,-,03,22350,,M,C,C,A,A,H,-,D,D,0,,,,,Y,,A,01,0,1,1,0,0,0,0,0,0,"- ","- ",37.754070281982422,-122.40309906005859,"SAN FRANCISCO","SAN FRANCISCO",-122.40309906005859,37.754070281982422
91925431,2022,2022-11-23,9335,2022-10-26,1550,021754,,3,2,7,3801,0,1,1,,2,022,"I-280 S/B FROM SAN JOSE AVENUE","BADEN STREET O/C",100.00,N,N,A,-,Y,SF,,280,,R,2.494,H,,L,Y,4,0,1,3,A,-,03,22350,,N,C,C,A,A,H,-,A,D,0,,,,,Y,,D,22,0,0,1,0,0,0,0,0,0,"- ","- ",37.730388641357422,-122.4390869140625,"SAN FRANCISCO","SAN FRANCISCO",-122.43904876708984,37.730308532714844
91927424,2022,2022-11-28,9335,2022-11-17,1755,023063,,4,2,7,3801,0,1,1,,2,080,"I-80 EB","3RD ST.",143.00,E,N,A,-,Y,SF,,80,,,5.279,H,,R,N,4,0,1,3,A,-,03,22350,,N,C,C,A,A,H,-,D,D,0,,,,,Y,,A,01,0,0,1,0,0,0,0,0,0,"- ","- ",37.782318115234375,-122.39600372314453,"SAN FRANCISCO","SAN FRANCISCO",-122.39603424072266,37.782341003417969
91927955,2022,2022-11-28,9335,2022-11-20,0230,023063,,7,3,7,3801,0,1,1,,2,023,"I-280 SB","LYELL ST.",257.00,N,N,A,-,Y,SF,,280,,R,2.976,H,,L,Y,2,0,1,1,A,-,01,23152,A,N,E,8,A,A,H,-,D,D,0,,,,,Y,Y,A,01,1,0,0,0,0,0,0,0,0,"- ","- ",37.732440948486328,-122.43058013916016,"SAN FRANCISCO","SAN FRANCISCO",-122.43058013916016,37.732383728027344
91929013,2022,2022-11-29,9335,2022-11-18,0250,023082,,5,3,7,3801,0,1,2,,2,015,"US-101 SOUTHBOUND TO I-80 EASTBOUND","OF DIVISION STREET",45.00,W,N,A,-,Y,SF,,80,,L,4.066,H,,R,Y,4,0,1,1,A,-,01,23152,A,M,E,I,A,A,H,-,A,D,0,,,,,Y,Y,A,07,0,0,1,0,0,0,0,0,0,"- ","- ",37.769489288330078,-122.40553283691406,"SAN FRANCISCO","SAN FRANCISCO",-122.40550231933594,37.769481658935547
91929109,2022,2022-11-29,9335,2022-11-20,0300,022096,,7,3,7,3801,0,1,2,,2,013,"US-101 N/B","BLANKEN AVENUE",1531.00,N,N,A,-,Y,SF,,101,,,0.316,H,,R,Y,4,0,1,2,A,-,01,23152,A,N,C,C,A,A,H,-,C,D,0,,,,,Y,Y,A,01,0,0,1,0,0,0,0,0,0,"- ","- ",37.712898254394531,-122.39620208740234,"SAN FRANCISCO","SAN FRANCISCO",-122.39621734619141,37.712894439697266
91929135,2022,2022-11-29,9335,2022-11-20,0500,022802,,7,3,7,3801,0,1,1,,1,083,"I-80 E/B","THE TREASURE ISLAND RD O/C",2215.00,W,N,A,-,Y,SF,,80,,,7.302,H,,R,Y,4,0,2,2,A,-,03,22350,,N,C,C,A,A,H,-,C,D,0,,,,,Y,,A,01,0,0,2,0,0,0,0,0,0,"- ","- ",37.804191589355469,-122.37104797363281,"SAN FRANCISCO","SAN FRANCISCO",-122.37114715576172,37.804256439208984
91929171,2022,2022-11-29,9335,2022-11-21,1820,023044,,1,2,7,3801,0,1,2,,2,013,"I-280 NORTHBOUND TO US-101 NORTHBOUND","ALEMANY BOULEVARD",454.00,N,N,A,-,Y,SF,,101,,,2.104,H,,R,N,4,0,1,3,A,-,03,22350,,N,C,C,A,A,H,-,C,D,0,,,,,Y,,A,07,0,0,1,0,0,0,0,0,0,"- ","- ",37.737178802490234,-122.40753173828125,"SAN FRANCISCO","SAN FRANCISCO",-122.40769195556641,37.737144470214844
91931978,2022,2022-12-02,9335,2022-10-27,2000,023065,,4,2,7,3801,0,1,2,,2,014,"US-101 SOUTHBOUND","THE 23RD STREET OVERCROSSING",450.00,N,N,A,-,Y,SF,,101,,,3.449,H,,L,N,4,0,2,4,A,-,03,22350,,M,C,C,A,A,H,-,E,D,0,,,,,Y,,D,22,0,0,2,0,0,0,0,0,0,"- ","- ",37.755790710449219,-122.40334320068359,"SAN FRANCISCO","SAN FRANCISCO",-122.40325927734375,37.75579833984375
91931999,2022,2022-12-02,9335,2022-10-27,1900,023065,,4,2,7,3801,0,1,1,,2,022,"I-280 NORTHBOUND","THE FARALLONES STREET PEDESTRIAN OVERCROSSING",600.00,N,N,A,-,Y,SF,,280,,R,1.176,H,,R,N,4,0,2,2,A,-,03,22350,,M,C,C,A,A,H,-,C,D,0,,,,,Y,,-,99,0,0,2,0,0,0,0,0,0,"- ","- ",37.714801788330078,-122.45033264160156,"SAN FRANCISCO","SAN FRANCISCO",-122.45034790039062,37.714813232421875
91933586,2022,2022-12-05,9335,2022-11-19,1055,021588,,6,1,7,3801,0,1,1,,1,081,"I-80 WESTBOUND","THE EMBARCADERO",220.00,E,N,A,-,Y,SF,,80,,,5.956,H,,L,Y,4,0,1,3,C,-,18,,,N,B,C,A,A,H,-,A,D,0,,,,,Y,,-,"- ",0,0,1,0,0,0,0,0,0,"- ","- ",37.789291381835938,-122.38742065429688,"SAN FRANCISCO","SAN FRANCISCO",-122.38740539550781,37.789276123046875
91933589,2022,2022-12-05,9335,2022-11-19,1310,021588,,6,1,7,3801,0,1,1,,1,081,"I-80 WESTBOUND TO YERBA BUENA OFF","YERBA BUENA DR",0.00,,Y,A,-,Y,,,,,,,,,,N,4,0,1,1,A,-,01,23152,A,N,E,E,A,A,H,-,A,A,0,,,,,Y,Y,A,01,0,0,1,0,0,0,0,0,0,"- ","- ",37.812259674072266,-122.36447906494141,"SAN FRANCISCO","SAN FRANCISCO",,
91933921,2022,2022-12-05,9335,2022-11-23,1500,023044,,3,2,7,3801,0,1,1,,2,023,"I-280 NORTHBOUND","GENEVA AVENUE",235.00,S,N,A,-,Y,SF,,280,,R,1.597,H,,R,N,3,0,2,2,A,-,03,22350,,N,C,C,A,A,H,-,A,D,0,,,,,Y,,A,01,0,2,0,0,0,0,0,0,0,"- ","- ",37.720508575439453,-122.44805145263672,"SAN FRANCISCO","SAN FRANCISCO",-122.44816589355469,37.720516204833984
91933928,2022,2022-12-05,9335,2022-11-23,1545,022920,,3,2,7,3801,0,1,1,,1,083,"I-80 E/B","THE YERBA BUENA ISLAND TUNNEL",1000.00,W,N,A,-,Y,SF,,80,,,7.525,H,,R,Y,4,0,1,3,A,-,03,22350,,N,C,C,A,A,H,-,A,D,0,,,,,Y,,A,01,0,0,1,0,0,0,0,0,0,"- ","- ",37.806911468505859,-122.36872100830078,"SAN FRANCISCO","SAN FRANCISCO",-122.36848449707031,37.806751251220703
91935307,2022,2022-12-06,9335,2022-11-25,1400,022823,,5,2,7,3801,0,1,2,,2,014,"US-101 S/B","17TH ST.",187.00,S,N,A,-,Y,SF,,101,,,4.097,H,,L,N,4,0,1,2,A,-,07,21658,A,N,B,C,A,A,H,-,A,D,0,,,,,Y,,A,01,0,0,1,0,0,0,0,0,0,"- ","- ",37.764091491699219,-122.40514373779297,"SAN FRANCISCO","SAN FRANCISCO",-122.40512847900391,37.764091491699219
91935374,2022,2022-12-06,9335,2022-11-27,2355,023063,,7,3,7,3801,0,1,2,,2,013,"US-101 NB","PAUL AVE.",250.00,N,N,A,-,Y,SF,,101,,,1.180,H,,R,Y,4,0,1,2,A,-,03,22350,,F,C,C,A,A,H,-,D,D,0,,,,,Y,,-,99,0,0,1,0,0,0,0,0,0,"- ","- ",37.724479675292969,-122.40151977539062,"SAN FRANCISCO","SAN FRANCISCO",-122.40141296386719,37.724510192871094
91935397,2022,2022-12-06,9335,2022-11-28,0840,018804,,1,1,7,3801,0,1,2,,2,013,"US 101 S/B","SAN BRUNO AVE",31.00,N,N,A,-,Y,,,,,,,,,,N,4,0,1,2,A,-,03,22350,,N,C,C,A,A,H,-,A,D,0,,,,,Y,,A,07,0,0,1,0,0,0,0,0,0,"- ","- ",37.721698760986328,-122.40094757080078,"SAN FRANCISCO","SAN FRANCISCO",-122.40585327148438,37.767982482910156
91935493,2022,2022-12-06,9335,2022-11-29,1627,021328,,2,2,7,3801,0,1,1,,2,022,"I-280 S/B FROM SAN JOSE AVE.","BADEN ST. OVERCROSSING",650.00,N,N,A,-,Y,SF,,280,,R,2.591,H,,L,N,4,0,1,2,A,-,04,21703,,N,C,C,A,A,H,-,B,D,0,,,,,Y,,A,01,0,0,1,0,0,0,0,0,0,"- ","- ",37.730979919433594,-122.43744659423828,"SAN FRANCISCO","SAN FRANCISCO",-122.43739318847656,37.730873107910156
91936045,2022,2022-12-07,9335,2022-11-28,2206,023067,,1,3,7,3801,0,1,1,,1,081,"I-80 W/B","NORTHGATE ROAD",4115.00,E,N,A,-,Y,ALA,,80,,R,0.007,H,,L,Y,4,0,1,1,A,-,01,23152,A,N,E,I,A,A,H,-,C,D,0,,,,,Y,Y,A,01,0,0,1,0,0,0,0,0,0,"- ","- ",37.819328308105469,-122.349609375,"SAN FRANCISCO","SAN FRANCISCO",-122.34958648681641,37.819236755371094
91936048,2022,2022-12-07,9335,2022-11-30,1015,020384,,3,1,7,3801,0,1,1,,1,081,"I-80 W/B","SFOBB CENTER ANCHORAGE",1320.00,W,N,A,-,Y,SF,,80,,,6.512,H,,L,N,4,0,1,2,A,-,03,22350,,N,C,C,A,A,H,-,A,D,0,,,,,Y,,A,01,0,0,1,0,0,0,0,0,0,"- ","- ",37.795600891113281,-122.38088226318359,"SAN FRANCISCO","SAN FRANCISCO",-122.38066864013672,37.795455932617188