CASE_ID,ACCIDENT_YEAR,PROC_DATE,JURIS,COLLISION_DATE,COLLISION_TIME,OFFICER_ID,REPORTING_DISTRICT,DAY_OF_WEEK,CHP_SHIFT,POPULATION,CNTY_CITY_LOC,SPECIAL_COND,BEAT_TYPE,CHP_BEAT_TYPE,CITY_DIVISION_LAPD,CHP_BEAT_CLASS,BEAT_NUMBER,PRIMARY_RD,SECONDARY_RD,DISTANCE,DIRECTION,INTERSECTION,WEATHER_1,WEATHER_2,STATE_HWY_IND,CALTRANS_COUNTY,CALTRANS_DISTRICT,STATE_ROUTE,ROUTE_SUFFIX,POSTMILE_PREFIX,POSTMILE,LOCATION_TYPE,RAMP_INTERSECTION,SIDE_OF_HWY,TOW_AWAY,COLLISION_SEVERITY,NUMBER_KILLED,NUMBER_INJURED,PARTY_COUNT,PRIMARY_COLL_FACTOR,PCF_CODE_OF_VIOL,PCF_VIOL_CATEGORY,PCF_VIOLATION,PCF_VIOL_SUBSECTION,HIT_AND_RUN,TYPE_OF_COLLISION,MVIW,PED_ACTION,ROAD_SURFACE,ROAD_COND_1,ROAD_COND_2,LIGHTING,CONTROL_DEVICE,CHP_ROAD_TYPE,PEDESTRIAN_ACCIDENT,BICYCLE_ACCIDENT,MOTORCYCLE_ACCIDENT,TRUCK_ACCIDENT,NOT_PRIVATE_PROPERTY,ALCOHOL_INVOLVED,STWD_VEHTYPE_AT_FAULT,CHP_VEHTYPE_AT_FAULT,COUNT_SEVERE_INJ,COUNT_VISIBLE_INJ,COUNT_COMPLAINT_PAIN,COUNT_PED_KILLED,COUNT_PED_INJURED,COUNT_BICYCLIST_KILLED,COUNT_BICYCLIST_INJURED,COUNT_MC_KILLED,COUNT_MC_INJURED,PRIMARY_RAMP,SECONDARY_RAMP,LATITUDE,LONGITUDE,COUNTY,CITY,POINT_X,POINT_Y
91936270,2022,2022-12-07,9335,2022-11-24,1335,020991,,4,1,7,3801,0,1,2,,2,015,"US-101 S/B","HARRISON ST.",533.00,S,N,A,-,Y,SF,,101,,R,4.754,H,,L,Y,2,0,5,4,A,-,01,23152,A,N,C,C,A,A,H,-,A,D,0,,,,,Y,Y,A,01,1,0,4,0,0,0,0,0,0,"- ","- ",37.769428253173828,-122.41139221191406,"SAN FRANCISCO","SAN FRANCISCO",-122.41139221191406,37.769386291503906
91936281,2022,2023-10-02,9335,2022-11-24,1239,018053,,4,1,7,3801,0,1,1,,1,083,"I-80 E/B","YERBA BUENA ISLAND WEST EDGE",132.00,E,N,A,-,Y,SF,,80,,,7.740,H,,R,Y,3,0,9,8,A,-,07,21658,A,N,C,C,A,A,H,-,A,A,0,,,,,Y,,A,01,0,1,8,0,0,0,0,0,0,"- ","- ",37.809280395507812,-122.3660888671875,"SAN FRANCISCO","SAN FRANCISCO",-122.36603546142578,37.809242248535156
91936315,2022,2022-12-07,9335,2022-12-01,0830,022920,,4,1,7,3801,0,1,1,,2,021,"SR1 N/B TO I-280 N/B","THE D STREET OVERCROSSING",1780.00,S,N,B,C,Y,SM,,1,,R,47.823,H,,R,Y,4,0,1,2,A,-,03,22350,,N,D,2,A,B,H,-,A,D,0,,,,,Y,,A,01,0,0,1,0,0,0,0,0,0,"- ","- ",37.678211212158203,-122.47128295898438,"SAN FRANCISCO","SAN FRANCISCO",-122.47126770019531,37.678207397460938
91937141,2022,2022-12-08,9335,2022-12-02,0650,022486,,5,1,7,3801,0,1,2,,2,014,"US-101 N/B","23RD STREET OVERCROSSING",905.00,S,N,A,-,Y,SF,,101,,,3.777,H,,R,N,4,0,2,2,A,-,03,22350,,N,C,C,A,A,H,-,A,D,0,,,,,Y,,D,22,0,0,2,0,0,0,0,0,0,"- ","- ",37.759681701660156,-122.40621185302734,"SAN FRANCISCO","SAN FRANCISCO",-122.40615081787109,37.759693145751953
91937325,2022,2022-12-08,9335,2022-12-05,0745,020658,,1,1,7,3801,0,1,1,,1,081,"I-80 W/B","SPEAR STREET",1056.00,E,N,A,-,Y,SF,,80,,,6.062,H,,L,Y,3,0,2,3,A,-,03,22350,,N,C,C,A,B,H,-,A,D,0,,,,,Y,,A,01,0,2,0,0,0,0,0,0,0,"- ","- ",37.790550231933594,-122.38625335693359,"SAN FRANCISCO","SAN FRANCISCO",-122.38611602783203,37.790458679199219
91938152,2022,2022-12-09,9335,2022-12-05,1535,023044,,1,2,7,3801,0,1,1,,2,023,"I-280 SOUTHBOUND","FARALLONES STREET PEDESTRIAN OVER CROSS",774.00,N,N,A,-,Y,SF,,280,,R,1.214,H,,L,N,4,0,1,2,A,-,03,22350,,N,C,C,A,A,H,-,A,D,0,,,,,Y,,D,22,0,0,1,0,0,0,0,0,0,"- ","- ",37.715320587158203,-122.45015716552734,"SAN FRANCISCO","SAN FRANCISCO",-122.45008850097656,37.715274810791016
91938216,2022,2022-12-09,9335,2022-12-06,0745,020658,,2,1,7,3801,0,1,1,,2,023,"I-280 N/B","MISSION STREET",370.00,S,N,A,-,Y,SF,,280,,R,3.030,H,,R,N,3,0,1,3,A,-,03,22350,,M,C,C,A,B,H,-,A,D,0,,,,,Y,,-,99,0,1,0,0,0,0,0,0,0,"- ","- ",37.732128143310547,-122.42964172363281,"SAN FRANCISCO","SAN FRANCISCO",-122.42964172363281,37.732124328613281
91938217,2022,2022-12-09,9335,2022-12-01,0845,022920,,4,1,7,3801,0,1,1,,2,021,"I-280 S/B","THE JOHN DALY TUNNEL SOUTH EDGE",104.00,S,N,B,C,Y,SM,,280,,M,27.235,H,,L,N,4,0,1,2,A,-,03,22350,,N,C,2,A,B,H,-,A,D,0,,,,,Y,,A,01,0,0,1,0,0,0,0,0,0,"- ","- ",37.705978393554688,-122.47123718261719,"SAN FRANCISCO","SAN FRANCISCO",-122.47122192382812,37.705974578857422
91938261,2022,2022-12-09,9335,2022-12-01,0835,022920,,4,1,7,3801,0,1,1,,2,021,"I-280 N/B","THE SCHOOL STREET OVERCROSSING",752.00,S,N,B,C,Y,SM,,280,,R,26.200,H,,R,Y,4,0,1,2,A,-,03,22350,,N,B,I,A,B,H,-,A,D,0,,,,Y,Y,,A,07,0,0,1,0,0,0,0,0,0,"- ","- ",37.691150665283203,-122.47042846679688,"SAN FRANCISCO","SAN FRANCISCO",-122.47024536132812,37.691150665283203
91938281,2022,2022-12-09,9335,2022-12-07,1354,023082,,3,1,7,3801,0,1,1,,2,080,"I-80 WESTBOUND","HARRIET ST",150.00,W,N,A,-,Y,SF,,80,,,4.596,H,,L,N,3,0,1,3,A,-,03,22350,,M,C,C,A,A,H,-,A,D,0,,,,,Y,,A,01,0,1,0,0,0,0,0,0,0,"- ","- ",37.776309967041016,-122.40470886230469,"SAN FRANCISCO","SAN FRANCISCO",-122.40473937988281,37.776344299316406
91938392,2022,2022-12-09,9335,2022-12-07,1845,023063,,3,2,7,3801,0,1,2,,2,013,"I-280 NB TO US-101 NB","ALEMANY BLVD.",236.00,S,N,A,-,Y,SF,,101,,,2.103,H,,R,N,3,0,2,3,A,-,03,22350,,F,C,C,A,A,H,-,D,D,0,,,,,Y,,-,99,0,1,1,0,0,0,0,0,0,"- ","- ",37.737159729003906,-122.40753173828125,"SAN FRANCISCO","SAN FRANCISCO",-122.40768432617188,37.737125396728516
91938398,2022,2022-12-09,9335,2022-12-08,1720,021424,,4,2,7,3801,0,1,2,,2,013,"US-101 S/B","CESAR CHAVEZ STREET",1500.00,S,N,B,-,Y,SF,,101,,,2.710,H,,L,N,4,0,1,2,A,-,03,22350,,N,C,C,A,B,H,-,C,D,0,,,,,Y,,A,01,0,0,1,0,0,0,0,0,0,"- ","- ",37.745258331298828,-122.4051513671875,"SAN FRANCISCO","SAN FRANCISCO",-122.40512084960938,37.745250701904297
91939415,2022,2022-12-12,9335,2022-11-29,1045,021588,,2,1,7,3801,0,1,2,,2,013,"US 101 SOUTHBOUND FROM CESAR CHAVEZ","BAYSHORE BOULEVARD U/C",120.00,S,N,A,-,Y,SF,,101,,,2.915,H,,L,N,4,0,1,1,A,-,08,22107,,N,E,I,A,A,H,-,A,D,0,,,Y,,Y,,C,02,0,0,1,0,0,0,0,0,1,"- ","- ",37.7481689453125,-122.40440368652344,"SAN FRANCISCO","SAN FRANCISCO",-122.40421295166016,37.748130798339844
91939508,2022,2022-12-12,9335,2022-12-02,1850,022897,,5,2,7,3801,0,1,2,,2,013,"US-101 N/B","PAUL AVE. UNDERCROSSING",150.00,N,N,A,-,Y,SF,,101,,,1.161,H,,R,N,4,0,1,2,A,-,03,22350,,M,C,C,A,A,H,-,D,D,0,,,,,Y,,A,07,0,0,1,0,0,0,0,0,0,"- ","- ",37.724258422851562,-122.40122985839844,"SAN FRANCISCO","SAN FRANCISCO",-122.40129852294922,37.7242431640625
91939593,2022,2022-12-12,9335,2022-12-03,1810,022187,,6,2,7,3801,0,1,1,,2,024,"I-280 S/B","THE NORTH ROADWAY EDGE OF THE 22ND STREET UNDER-CR",80.00,N,N,C,-,Y,SF,,280,,R,6.186,H,,L,N,4,0,3,2,A,-,03,22350,,N,D,2,A,B,H,-,D,D,0,,,,,Y,,A,07,0,0,3,0,0,0,0,0,0,"- ","- ",37.757980346679688,-122.39251708984375,"SAN FRANCISCO","SAN FRANCISCO",-122.39244842529297,37.757980346679688
91939653,2022,2022-12-12,9335,2022-12-05,0205,022802,,1,3,7,3801,0,1,1,,1,083,"I-80 E/B","TREASURE ISLAND RD O/C",3165.00,W,N,B,-,Y,SF,,80,,,7.127,H,,R,Y,4,0,2,2,A,-,07,21658,A,N,B,C,A,A,H,-,C,D,0,,,,,Y,,A,01,0,0,2,0,0,0,0,0,0,"- ","- ",37.802219390869141,-122.37313842773438,"SAN FRANCISCO","SAN FRANCISCO",-122.37324523925781,37.802291870117188
91940087,2022,2022-12-12,9335,2022-12-11,1500,021916,,7,2,7,3801,0,1,1,,2,022,"I-280 S/B","BADEN STREET OVERCROSSING",215.00,S,N,C,-,Y,SF,,280,,R,2.422,H,,L,Y,4,0,1,1,A,-,03,22350,,N,E,I,A,B,H,-,A,D,0,,,,,Y,,A,01,0,0,1,0,0,0,0,0,0,"- ","- ",37.729789733886719,-122.44023132324219,"SAN FRANCISCO","SAN FRANCISCO",-122.44026947021484,37.7298583984375
91940728,2022,2022-12-13,9335,2022-12-08,1001,018804,,4,1,7,3801,0,1,2,,2,013,"US 101 S/B","18TH STREET PEDESTRIAN OVERCROSSING",265.00,N,N,A,-,Y,SF,,101,,,4.010,H,,L,N,4,0,1,2,A,-,03,22350,,N,C,C,A,A,H,-,A,D,0,,,,,Y,,A,07,0,0,1,0,0,0,0,0,0,"- ","- ",37.762851715087891,-122.40540313720703,"SAN FRANCISCO","SAN FRANCISCO",-122.40544891357422,37.762866973876953
91940733,2022,2022-12-13,9335,2022-12-05,0206,022802,,1,3,7,3801,0,1,1,,1,083,"I-80 E/B","TREASURE ISLAND RD O/C",3060.00,W,N,B,-,Y,SF,,80,,,7.148,H,,R,Y,4,0,2,2,A,-,03,22350,,N,C,C,A,A,H,-,C,D,0,,,,,Y,,A,01,0,0,2,0,0,0,0,0,0,"- ","- ",37.802421569824219,-122.37281799316406,"SAN FRANCISCO","SAN FRANCISCO",-122.37299346923828,37.802532196044922
91940768,2022,2022-12-13,9335,2022-12-07,1500,023044,,3,2,7,3801,0,1,1,,2,024,"I-280 NORTHBOUND","18TH STREET",650.00,S,N,A,-,Y,SF,,280,,R,6.445,H,,R,N,4,0,2,2,A,-,03,22350,,N,C,C,A,A,H,-,A,D,0,,,,,Y,,A,01,0,0,2,0,0,0,0,0,0,"- ","- ",37.760929107666016,-122.39232635498047,"SAN FRANCISCO","SAN FRANCISCO",-122.39237213134766,37.76092529296875
91940802,2022,2023-05-05,9335,2022-06-07,0328,022179,,2,3,7,3801,0,1,2,,2,015,"US-101 S/B TO I-80 E/B","DIVISION STREET UNDERCROSSING",179.00,N,N,A,-,Y,SF,,80,,L,4.036,H,,R,Y,1,1,0,3,A,-,01,23152,G,N,E,I,A,A,C,-,C,D,0,,,Y,Y,Y,Y,C,02,0,0,0,0,0,0,0,1,0,"- ","- ",37.769180297851562,-122.40564727783203,"SAN FRANCISCO","SAN FRANCISCO",-122.40569305419922,37.769210815429688
91941150,2022,2022-12-13,9350,2022-11-26,0355,022578,,6,3,7,3801,0,1,2,,2,020,"US-101 S/B","LINCOLN BOULEVARD U/C",1025.00,N,N,A,-,Y,,,,,,,,,,Y,4,0,1,1,A,-,01,23152,A,N,E,I,A,A,H,-,C,D,0,,,,,Y,Y,A,01,0,0,1,0,0,0,0,0,0,"- ","- ",37.80841064453125,-122.47692108154297,"SAN FRANCISCO","SAN FRANCISCO",-122.4769287109375,37.808403015136719
91941813,2022,2022-12-14,9335,2022-12-06,0125,021301,,2,3,7,3801,0,1,1,,2,024,"I-280 SB TO PENNSYLVANIA AVE","25TH ST",235.00,N,N,C,-,Y,,,,,,,,,,Y,4,0,1,1,A,-,08,22107,,N,E,I,A,B,H,-,C,D,0,,,,,Y,,A,01,0,0,1,0,0,0,0,0,0,"- ","- ",37.753288269042969,-122.39241027832031,"SAN FRANCISCO","SAN FRANCISCO",-122.39241027832031,37.753288269042969
91942434,2022,2022-12-14,9335,2022-12-06,2142,023067,,2,2,7,3801,0,1,1,,1,081,"I-80 WESTBOUND","TREASURE ISLAND RD",1230.00,W,N,A,-,Y,SF,,80,,,7.485,H,,L,Y,4,0,1,2,A,-,03,22350,,N,C,C,A,A,H,-,C,D,0,,,,,Y,,A,01,0,0,1,0,0,0,0,0,0,"- ","- ",37.806468963623047,-122.36920166015625,"SAN FRANCISCO","SAN FRANCISCO",-122.36895751953125,37.806308746337891
91943465,2022,2022-12-15,9335,2022-12-07,1330,023063,,3,1,7,3801,0,1,1,,1,083,"I-80 EASTBOUND","TREASURE ISLAND RD",922.00,W,N,A,-,Y,SF,,80,,,7.546,H,,R,Y,4,0,1,2,A,-,03,22350,,N,C,C,A,A,H,-,A,D,0,,,,,Y,,A,07,0,0,1,0,0,0,0,0,0,"- ","- ",37.807060241699219,-122.36833953857422,"SAN FRANCISCO","SAN FRANCISCO",-122.36823272705078,37.806987762451172
91943554,2022,2022-12-15,9335,2022-12-14,1839,023044,,3,2,7,3801,0,1,2,,2,013,"US-101 NORTHBOUND","PAUL AVENUE",225.00,N,N,A,-,Y,SF,,101,,,1.166,H,,R,N,4,0,1,2,A,-,03,22350,,N,C,C,A,A,H,-,C,D,0,,,,,Y,,A,01,0,0,1,0,0,0,0,0,0,"- ","- ",37.724311828613281,-122.40132904052734,"SAN FRANCISCO","SAN FRANCISCO",-122.40132904052734,37.724311828613281
91945486,2022,2022-12-19,9335,2022-12-10,2115,022179,,6,2,7,3801,0,1,2,,2,013,"US-101 N/B","PAUL AVENUE UNDERCROSSING",225.00,N,N,C,-,Y,SF,,101,,,1.172,H,,R,Y,4,0,1,2,A,-,08,22107,,N,B,2,A,B,H,-,C,D,0,,,,,Y,,D,22,0,0,1,0,0,0,0,0,0,"- ","- ",37.724369049072266,-122.40146636962891,"SAN FRANCISCO","SAN FRANCISCO",-122.40135955810547,37.724399566650391
91945516,2022,2022-12-19,9335,2022-12-07,2218,023067,,3,3,7,3801,0,1,1,,1,081,"I-80 WESTBOUND","NORTHGATE RD",155.00,W,N,A,-,Y,SF,,80,,R,7.972,H,,L,N,4,0,1,3,A,-,07,21658,A,M,B,C,A,A,H,-,C,D,0,,,,,Y,,-,99,0,0,1,0,0,0,0,0,0,"- ","- ",37.811931610107422,-122.36325836181641,"SAN FRANCISCO","SAN FRANCISCO",-122.36338806152344,37.811985015869141
91946167,2022,2022-12-19,9335,2022-12-13,1117,018804,,2,1,7,3801,0,1,1,,2,023,"I-280 S/B","SILVER AVE",39.00,N,N,A,-,Y,,,,,,,,,,N,4,0,2,2,A,-,03,22350,,F,C,C,A,A,H,-,D,D,0,,,,,Y,,-,99,0,0,2,0,0,0,0,0,0,"- ","- ",37.733131408691406,-122.4049072265625,"SAN FRANCISCO","SAN FRANCISCO",,
91946760,2022,2022-12-20,9335,2022-12-11,1230,020384,,7,1,7,3801,0,1,1,,1,081,"I-80 W/B","THE EMBARCADERO",1162.00,E,N,B,-,Y,SF,,80,,,6.146,H,,L,Y,4,0,1,2,A,-,03,22350,,N,C,C,A,A,H,-,A,D,0,,,,,Y,,A,01,0,0,1,0,0,0,0,0,0,"- ","- ",37.791408538818359,-122.3851318359375,"SAN FRANCISCO","SAN FRANCISCO",-122.38510131835938,37.791389465332031
91946775,2022,2022-12-20,9335,2022-12-13,2319,021672,,2,3,7,3801,0,1,1,,2,080,"I-80 E/B","7TH STREET",724.00,W,N,A,-,Y,SF,,80,,,4.355,H,,R,N,4,0,1,4,A,-,08,22107,,M,B,C,A,A,H,-,C,D,0,,,,,Y,,A,01,0,0,1,0,0,0,0,0,0,"- ","- ",37.773250579833984,-122.40657043457031,"SAN FRANCISCO","SAN FRANCISCO",-122.40657806396484,37.773250579833984
91946838,2022,2022-12-20,9335,2022-12-11,2240,021754,,7,3,7,3801,0,1,2,,2,013,"US-101 N/B","BACON STREET UNDERCROSSING",315.00,N,N,A,-,Y,SF,,101,,,1.485,H,,R,Y,4,0,1,1,A,-,08,22107,,N,E,I,A,A,H,-,C,D,0,,,,,Y,,A,01,0,0,1,0,0,0,0,0,0,"- ","- ",37.728858947753906,-122.40294647216797,"SAN FRANCISCO","SAN FRANCISCO",-122.40305328369141,37.728832244873047
91947018,2022,2022-12-20,9335,2022-12-13,0605,022920,,2,1,7,3801,0,1,1,,1,083,"I-80 E/B","THE YERBA BUENA ISLAND TUNNEL WEST EDGE",290.00,W,N,A,-,Y,SF,,80,,,7.664,H,,R,Y,4,0,1,2,A,-,07,21658,A,N,B,2,A,A,H,-,B,D,0,,,,,Y,,A,07,0,0,1,0,0,0,0,0,0,"- ","- ",37.808399200439453,-122.36696624755859,"SAN FRANCISCO","SAN FRANCISCO",-122.36689758300781,37.808361053466797
91947394,2022,2022-12-20,9335,2022-12-17,1305,021328,,6,1,7,3801,0,1,1,,2,080,"I-80 E/B","BRANNAN ST. UNDERCROSSING",100.00,E,N,A,-,Y,SF,,80,,,4.217,H,,R,N,4,0,1,2,A,-,03,22350,,N,C,C,A,A,H,-,A,D,0,,,,,Y,,A,01,0,0,1,0,0,0,0,0,0,"- ","- ",37.771358489990234,-122.40599060058594,"SAN FRANCISCO","SAN FRANCISCO",-122.40602111816406,37.771350860595703
91947979,2022,2022-12-21,9350,2022-12-16,1855,022634,,5,2,7,3801,0,1,2,,2,020,"US-101 S/B","LINCOLN BLVD. U/C",475.00,N,N,A,-,Y,,,,,,,,,,N,3,0,1,1,A,-,08,22107,,N,E,I,A,A,H,-,A,D,0,,,,,Y,,A,08,0,1,0,0,0,0,0,0,0,"- ","- ",37.807281494140625,-122.47566223144531,"SAN FRANCISCO","SAN FRANCISCO",-122.47575378417969,37.807182312011719
91948189,2022,2022-12-21,9335,2022-12-19,0830,018804,,1,1,7,3801,0,1,1,,2,023,"I-280 N/B","SAN JOSE AVENUE",109.00,S,N,B,-,Y,SF,,280,,R,1.438,H,,R,N,4,0,1,1,A,-,08,22107,,M,E,I,A,A,H,-,A,D,0,,,,,Y,,A,01,0,0,1,0,0,0,0,0,0,"- ","- ",37.718250274658203,-122.44825744628906,"SAN FRANCISCO","SAN FRANCISCO",-122.44843292236328,37.718265533447266
91948218,2022,2022-12-21,9335,2022-12-19,1552,018688,,1,2,7,3801,0,1,1,,1,081,"I-80 W/B","SPEAR ST.",1164.00,E,N,B,-,Y,SF,,80,,,6.080,H,,L,N,4,0,1,4,A,-,03,22350,,N,C,C,A,A,H,-,A,D,0,,,,,Y,,A,01,0,0,1,0,0,0,0,0,0,"- ","- ",37.790691375732422,-122.38594818115234,"SAN FRANCISCO","SAN FRANCISCO",-122.38590240478516,37.790657043457031
91948231,2022,2022-12-21,9335,2022-12-19,1707,018688,,1,2,7,3801,0,1,1,,2,080,"I-80 E/B","5TH ST.",130.00,W,N,B,-,Y,SF,,80,,,4.803,H,,R,N,4,0,1,2,A,-,21,22106,,N,C,C,A,A,H,-,B,D,0,,,,,Y,,A,07,0,0,1,0,0,0,0,0,0,"- ","- ",37.777988433837891,-122.40133666992188,"SAN FRANCISCO","SAN FRANCISCO",-122.40132141113281,37.777973175048828
91948917,2022,2023-01-31,9335,2022-12-13,0550,018804,,2,3,7,3801,0,1,1,,2,023,"I-280 N/B","BARNEVELD AVE.",206.00,S,N,A,-,Y,SF,,280,,R,4.219,H,,R,N,3,0,1,2,D,-,00,,,N,E,I,A,A,H,-,D,D,0,,,,,Y,,-,"- ",0,1,0,0,0,0,0,0,0,"- ","- ",37.734550476074219,-122.40885162353516,"SAN FRANCISCO","SAN FRANCISCO",-122.40882873535156,37.734519958496094
91948938,2022,2022-12-22,9335,2022-12-15,2305,021301,,4,3,7,3801,0,1,1,,2,023,"I-280 N/B TO GENEVA AVE","GENEVA AVE",38.00,S,N,A,-,Y,SF,,280,,R,1.632,H,,R,Y,4,0,1,2,A,-,01,23152,A,N,C,C,A,A,H,-,D,A,0,,,,,Y,Y,A,01,0,0,1,0,0,0,0,0,0,"- ","- ",37.720981597900391,-122.44783020019531,"SAN FRANCISCO","SAN FRANCISCO",-122.44810485839844,37.721000671386719
91949026,2022,2022-12-22,9335,2022-11-01,0716,020772,,2,1,7,3801,0,1,2,,2,013,"US-101 S/B","ALANA WAY",748.00,N,N,B,-,Y,SF,,101,,,0.174,H,,L,N,3,0,1,4,A,-,03,22350,,N,C,C,A,B,H,-,A,D,0,,,,,Y,,A,07,0,1,0,0,0,0,0,0,0,"- ","- ",37.710899353027344,-122.39560699462891,"SAN FRANCISCO","SAN FRANCISCO",-122.39570617675781,37.710887908935547
91949036,2022,2022-12-22,9335,2022-12-09,0200,021754,,5,3,7,3801,0,1,2,,2,013,"US-101 SB TO I-280 SB","ALEMANY BLVD. U/C",85.00,N,N,A,-,Y,SF,,101,,,2.164,H,,L,Y,4,0,1,2,A,-,08,22107,,F,B,C,A,A,H,-,D,D,0,,,,,Y,,-,99,0,0,1,0,0,0,0,0,0,"- ","- ",37.737960815429688,-122.40830230712891,"SAN FRANCISCO","SAN FRANCISCO",-122.40805816650391,37.737991333007812
91949680,2022,2022-12-22,9350,2022-12-05,1903,022556,,1,2,7,3801,0,1,2,,2,020,"US-101 NB","LINCOLN BLVD. UNDERCROSSING",620.00,N,N,A,-,Y,,,,,,,,,,N,4,0,2,3,A,-,03,22350,,N,C,C,A,A,H,-,C,D,0,,,,,Y,,A,08,0,0,2,0,0,0,0,0,0,"- ","- ",37.807701110839844,-122.47582244873047,"SAN FRANCISCO","SAN FRANCISCO",-122.47591400146484,37.807598114013672
91951094,2022,2022-12-23,9335,2022-12-11,2222,022703,,7,3,7,3801,0,1,1,,1,083,"I-80 EASTBOUND","THE TREASURE ISLAND RD",50.00,E,N,C,-,Y,SF,,80,,,7.733,H,,R,N,3,0,1,1,A,-,01,23152,A,N,E,I,A,B,H,-,C,D,0,,,,,Y,Y,A,01,0,1,0,0,0,0,0,0,0,"- ","- ",37.809181213378906,-122.36615753173828,"SAN FRANCISCO","SAN FRANCISCO",-122.36613464355469,37.809162139892578
91951291,2022,2022-12-23,9335,2022-12-16,0140,022416,,5,3,7,3801,0,1,2,,2,013,"US-101 S/B","ALANA WAY",1003.00,N,N,A,-,Y,SF,,101,,,0.354,H,,L,Y,4,0,1,2,A,-,01,23152,A,N,A,C,A,A,H,-,D,A,0,,,,,Y,Y,A,01,0,0,1,0,0,0,0,0,0,"- ","- ",37.713310241699219,-122.39668273925781,"SAN FRANCISCO","SAN FRANCISCO",-122.39675903320312,37.713275909423828
91951473,2022,2022-12-23,9335,2022-12-13,1745,023044,,2,2,7,3801,0,1,2,,2,014,"US-101 SOUTHBOUND","22ND STREET PEDESTRIAN OVERCROSSING",208.00,N,N,A,-,Y,SF,,101,,,3.256,H,,L,Y,4,0,1,2,A,-,03,22350,,N,C,C,A,A,H,-,C,D,0,,,,,Y,,A,01,0,0,1,0,0,0,0,0,0,"- ","- ",37.7529296875,-122.40294647216797,"SAN FRANCISCO","SAN FRANCISCO",-122.40299987792969,37.752925872802734
91951489,2022,2022-12-23,9335,2022-11-08,0204,023082,,2,3,7,3801,0,1,2,,2,013,"US-101 NORTHBOUND","PAUL AVENUE UNDERCROSSING",180.00,S,N,C,G,Y,SF,,101,,,1.075,H,,R,Y,4,0,2,1,A,-,03,22350,,N,E,I,A,B,H,-,C,D,0,,,,,Y,,J,48,0,0,2,0,0,0,0,0,0,"- ","- ",37.723079681396484,-122.40072631835938,"SAN FRANCISCO","SAN FRANCISCO",-122.40081787109375,37.723060607910156
91951550,2022,2022-12-23,9335,2022-12-19,1340,018688,,1,1,7,3801,0,1,1,,2,080,"I-80 W/B","6TH ST.",73.00,W,N,B,-,Y,SF,,80,,,4.646,H,,L,N,4,0,1,2,A,-,07,21658,A,N,B,C,A,A,H,-,A,D,0,,,,,Y,,A,08,0,0,1,0,0,0,0,0,0,"- ","- ",37.776798248291016,-122.40402221679688,"SAN FRANCISCO","SAN FRANCISCO",-122.40400695800781,37.776782989501953
91951568,2022,2022-12-23,9335,2022-12-21,0750,018053,,3,1,7,3801,0,1,1,,1,081,"I-80 W/B","WEST EDGE OF YERBA BUENA ISLAND TUNNEL",702.00,W,N,A,-,Y,SF,,80,,,7.585,H,,L,Y,4,0,3,2,A,-,03,22350,,N,C,C,A,A,H,-,A,D,0,,,,,Y,,A,01,0,0,3,0,0,0,0,0,0,"- ","- ",37.807540893554688,-122.36792755126953,"SAN FRANCISCO","SAN FRANCISCO",-122.36775970458984,37.807426452636719
91952775,2022,2022-12-27,9335,2022-12-17,1205,023082,,6,1,7,3801,0,1,2,,2,015,"US-101 NORTHBOUND","BRANNON STREET UNDERCROSSING",550.00,N,N,A,-,Y,,,,,,,,,,Y,3,0,1,1,A,-,08,22107,,M,E,I,A,A,H,-,A,D,0,,,,,Y,,A,01,0,1,0,0,0,0,0,0,0,"- ","- ",37.768550872802734,-122.76854705810547,"SAN FRANCISCO","SAN FRANCISCO",-122.40933990478516,37.769657135009766