CASE_ID,ACCIDENT_YEAR,PROC_DATE,JURIS,COLLISION_DATE,COLLISION_TIME,OFFICER_ID,REPORTING_DISTRICT,DAY_OF_WEEK,CHP_SHIFT,POPULATION,CNTY_CITY_LOC,SPECIAL_COND,BEAT_TYPE,CHP_BEAT_TYPE,CITY_DIVISION_LAPD,CHP_BEAT_CLASS,BEAT_NUMBER,PRIMARY_RD,SECONDARY_RD,DISTANCE,DIRECTION,INTERSECTION,WEATHER_1,WEATHER_2,STATE_HWY_IND,CALTRANS_COUNTY,CALTRANS_DISTRICT,STATE_ROUTE,ROUTE_SUFFIX,POSTMILE_PREFIX,POSTMILE,LOCATION_TYPE,RAMP_INTERSECTION,SIDE_OF_HWY,TOW_AWAY,COLLISION_SEVERITY,NUMBER_KILLED,NUMBER_INJURED,PARTY_COUNT,PRIMARY_COLL_FACTOR,PCF_CODE_OF_VIOL,PCF_VIOL_CATEGORY,PCF_VIOLATION,PCF_VIOL_SUBSECTION,HIT_AND_RUN,TYPE_OF_COLLISION,MVIW,PED_ACTION,ROAD_SURFACE,ROAD_COND_1,ROAD_COND_2,LIGHTING,CONTROL_DEVICE,CHP_ROAD_TYPE,PEDESTRIAN_ACCIDENT,BICYCLE_ACCIDENT,MOTORCYCLE_ACCIDENT,TRUCK_ACCIDENT,NOT_PRIVATE_PROPERTY,ALCOHOL_INVOLVED,STWD_VEHTYPE_AT_FAULT,CHP_VEHTYPE_AT_FAULT,COUNT_SEVERE_INJ,COUNT_VISIBLE_INJ,COUNT_COMPLAINT_PAIN,COUNT_PED_KILLED,COUNT_PED_INJURED,COUNT_BICYCLIST_KILLED,COUNT_BICYCLIST_INJURED,COUNT_MC_KILLED,COUNT_MC_INJURED,PRIMARY_RAMP,SECONDARY_RAMP,LATITUDE,LONGITUDE,COUNTY,CITY,POINT_X,POINT_Y
91954007,2022,2022-12-28,9335,2022-12-22,0955,020384,,4,1,7,3801,0,1,1,,2,022,"I-280 S/B","OCEAN AVENUE",600.00,N,N,B,-,Y,SF,,280,,R,1.887,H,,L,N,4,0,1,1,A,-,08,22107,,N,H,A,A,A,H,-,A,D,0,,,,,Y,,A,07,0,0,1,0,0,0,0,0,0,"- ","- ",37.72467041015625,-122.44730377197266,"SAN FRANCISCO","SAN FRANCISCO",-122.44718933105469,37.724632263183594
91954016,2022,2022-12-28,9335,2022-12-22,1815,021916,,4,2,7,3801,0,1,1,,2,022,"I-280 S/B","GENEVA AVENUE OVERCROSSING",970.00,S,N,A,-,Y,SF,,280,,R,1.468,H,,L,Y,4,0,1,2,A,-,03,22350,,M,C,C,A,A,H,-,A,D,0,,,,,Y,,-,99,0,0,1,0,0,0,0,0,0,"- ","- ",37.718608856201172,-122.44864654541016,"SAN FRANCISCO","SAN FRANCISCO",-122.44856262207031,37.718605041503906
91954580,2022,2022-12-28,9335,2022-12-23,1520,023063,,5,2,7,3801,0,1,1,,2,080,"I-80 WESTBOUND","5TH ST.",348.00,E,N,A,-,Y,SF,,80,,,5.132,H,,L,N,4,0,1,2,A,-,03,22350,,N,C,C,A,A,H,-,A,D,0,,,,,Y,,A,07,0,0,1,0,0,0,0,0,0,"- ","- ",37.781101226806641,-122.39817810058594,"SAN FRANCISCO","SAN FRANCISCO",-122.398193359375,37.781108856201172
91954583,2022,2022-12-28,9335,2022-12-24,1300,023082,,6,1,7,3801,0,1,1,,2,022,"I-280 NORTHBOUND","THE FARALLONES PEDESTRIAN STREET OVERPASSING",180.00,S,N,A,-,Y,SF,,280,,R,1.029,H,,R,Y,4,0,2,2,A,-,03,22350,,N,C,C,A,A,H,-,A,D,0,,,,,Y,,A,07,0,0,2,0,0,0,0,0,0,"- ","- ",37.713199615478516,-122.45217895507812,"SAN FRANCISCO","SAN FRANCISCO",-122.45222473144531,37.713233947753906
91955335,2022,2022-12-29,9335,2022-12-27,0645,022860,,2,1,7,3801,0,1,1,,2,024,"I-280 N/B","THE MCKINNON AVE UNDERCROSSING",400.00,N,N,B,C,Y,SF,,280,,R,5.006,H,,R,N,4,0,1,1,A,-,08,22107,,N,E,I,A,B,H,-,A,D,0,,,,,Y,,A,01,0,0,1,0,0,0,0,0,0,"- ","- ",37.742069244384766,-122.39771270751953,"SAN FRANCISCO","SAN FRANCISCO",-122.39776611328125,37.742099761962891
91955358,2022,2022-12-29,9335,2022-05-15,0105,022486,,7,3,7,3801,0,1,1,,1,083,"I-80 E/B","TREASURE ISLAND RD",500.00,W,N,A,-,Y,SF,,80,,,7.627,H,,R,Y,4,0,2,4,A,-,01,23152,A,M,C,C,A,A,H,-,C,D,0,,,,,Y,Y,A,01,0,0,2,0,0,0,0,0,0,"- ","- ",37.807918548583984,-122.36730194091797,"SAN FRANCISCO","SAN FRANCISCO",-122.36727905273438,37.807907104492188
91958366,2022,2023-01-03,9335,2022-12-26,0220,022179,,1,3,7,3801,0,1,1,,2,080,"I-80 E/B","BRYANT ST",85.00,W,N,A,-,Y,SF,,80,,,4.309,H,,R,N,4,0,1,2,A,-,03,22350,,N,C,2,A,A,C,-,C,D,0,,,,,Y,,A,01,0,0,1,0,0,0,0,0,0,"- ","- ",37.772571563720703,-122.40648651123047,"SAN FRANCISCO","SAN FRANCISCO",-122.40655517578125,37.772560119628906
91959372,2022,2023-01-04,9335,2022-12-17,0050,022795,,6,3,7,3801,0,1,1,,1,083,"I-80 E/B","TREASURE ISLAND ROAD",940.00,W,N,A,-,Y,SF,,80,,,7.539,H,,R,N,4,0,1,2,A,-,07,21658,A,N,B,C,A,A,H,-,C,D,0,,,,,Y,,A,01,0,0,1,0,0,0,0,0,0,"- ","- ",37.807010650634766,-122.36846160888672,"SAN FRANCISCO","SAN FRANCISCO",-122.36830902099609,37.806911468505859
91959645,2022,2023-01-04,9335,2022-12-27,0530,020658,,2,3,7,3801,0,1,2,,2,013,"US-101 N/B","PAUL AVENUE UNDER-CROSSING",400.00,S,N,B,C,Y,SF,,101,,,1.043,H,,R,N,3,0,1,3,A,-,08,22107,,N,B,C,A,B,H,-,C,D,0,,,,,Y,,A,01,0,1,0,0,0,0,0,0,0,"- ","- ",37.722599029541016,-122.40074920654297,"SAN FRANCISCO","SAN FRANCISCO",-122.40064239501953,37.722625732421875
91960273,2022,2023-01-04,9335,2022-12-30,0112,021301,,5,3,7,3801,0,1,1,,2,023,"I-280 S/B","GENEVA AVE OVER-CROSSING",149.00,S,N,C,-,Y,SF,,280,,R,1.615,H,,L,Y,4,0,1,1,A,-,01,23152,A,N,E,I,A,B,H,-,C,D,0,,,,,Y,Y,A,01,0,0,1,0,0,0,0,0,0,"- ","- ",37.720790863037109,-122.44819641113281,"SAN FRANCISCO","SAN FRANCISCO",-122.44828796386719,37.720798492431641
91960277,2022,2023-01-04,9335,2022-12-30,0130,022179,,5,3,7,3801,0,1,2,,2,013,"US-101 N/B","25TH ST",110.00,S,N,C,-,Y,SF,,101,,,3.164,H,,R,Y,4,0,1,1,A,-,08,22107,,N,E,I,A,B,H,-,C,D,0,,,,,Y,,A,01,0,0,1,0,0,0,0,0,0,"- ","- ",37.751609802246094,-122.40303802490234,"SAN FRANCISCO","SAN FRANCISCO",-122.40293884277344,37.751594543457031
91960309,2022,2023-01-04,9335,2022-12-31,0427,022179,,6,3,7,3801,0,1,1,,1,083,"I-80 E/B","TREASURE ISLAND RD",100.00,E,N,C,-,Y,SF,,80,,,7.744,H,,R,N,4,0,2,1,A,-,08,22107,,N,E,I,A,B,H,-,C,D,0,,,,,Y,,A,01,0,0,2,0,0,0,0,0,0,"- ","- ",37.809200286865234,-122.36585998535156,"SAN FRANCISCO","SAN FRANCISCO",-122.36598968505859,37.809291839599609
91960312,2022,2023-01-04,9335,2022-12-31,1030,019581,,6,1,7,3801,0,1,1,,1,081,"I-80 W/B","BEALE ST.",150.00,W,N,B,C,Y,SF,,80,,,5.692,H,,L,Y,3,0,1,2,A,-,07,21658,A,N,B,C,A,B,H,-,A,D,0,,,,,Y,,-,"- ",0,1,0,0,0,0,0,0,0,"- ","- ",37.786281585693359,-122.3905029296875,"SAN FRANCISCO","SAN FRANCISCO",-122.39059448242188,37.786346435546875
91960320,2023,2023-01-05,9335,2023-01-02,2025,023111,,1,2,7,3801,0,1,1,,1,083,"I-80 E/B","THE TREASURE ISLAND TUNNEL",2140.00,W,N,C,-,Y,SF,,80," "," ",7.730,H,,R,N,4,0,1,1,A,-,08,22107,,N,E,I,A,B,H,-,C,D,0,,,,,Y,,A,01,0,0,1,0,0,0,0,0,0,"- ","- ",37.809169769287109,-122.3662109375,"SAN FRANCISCO","SAN FRANCISCO",-122.36616516113281,37.809135437011719
91960955,2022,2023-01-05,9335,2022-12-31,2300,022823,,6,3,7,3801,0,1,2,,2,013,"US-101 N/B TO CESAR CHAVEZ ST.","BAYSHORE BLVD.",35.00,E,N,A,-,Y,,,,,,,,,,Y,4,0,1,3,A,-,01,23152,A,F,C,C,A,A,H,-,C,A,0,,,,,Y,Y,A,08,0,0,1,0,0,0,0,0,0,"- ","- ",37.746940612792969,-122.40386962890625,"SAN FRANCISCO","SAN FRANCISCO",-122.40386962890625,37.746940612792969
91961890,2022,2023-01-06,9335,2022-11-17,0254,023082,,4,3,7,3801,0,1,1,,2,022,"I-280 SOUTHBOUND TO SAN JOSE AVENUE","SICKLES AVENUE",915.00,N,N,A,-,Y,SF,,280,,R,0.974,H,,L,Y,3,0,1,1,A,-,08,22107,,M,H,J,A,A,H,-,C,D,0,,,,,Y,,A,01,0,1,0,0,0,0,0,0,0,"- ","- ",37.712898254394531,-122.45320892333984,"SAN FRANCISCO","SAN FRANCISCO",-122.45301055908203,37.712753295898438
91963202,2022,2023-01-09,9335,2022-12-30,1300,022920,,5,1,7,3801,0,1,2,,2,015,"US-101 N/B","10TH STREET UNDERCROSSING",55.00,S,N,B,-,Y,SF,,101,,R,4.600,H,,R,Y,4,0,1,1,A,-,03,22350,,N,E,I,A,A,H,-,A,D,0,,,,,Y,,D,22,0,0,1,0,0,0,0,0,0,"- ","- ",37.769878387451172,-122.40875244140625,"SAN FRANCISCO","SAN FRANCISCO",-122.40876007080078,37.769905090332031
91964350,2022,2023-01-10,9335,2022-12-28,2225,022024,,3,3,7,3801,0,1,1,,1,081,"I-80 W/B FREMONT ST. OFF-RAMP","FOLSOM STREET UNDER-CROSSING",208.00,N,N,A,-,Y,,,,,,,,,,N,3,0,1,3,A,-,03,22350,,N,C,2,E,B,H,-,C,A,0,Y,,,,Y,,A,07,0,1,0,0,1,0,0,0,0,"- ","- ",37.786960601806641,-122.39608001708984,"SAN FRANCISCO","SAN FRANCISCO",,
91965930,2023,2023-01-11,9335,2023-01-05,1120,020658,,4,1,7,3801,0,1,1,,1,081,"I-80 W.B","WEST EDGE OF YERBA BUENA ISLAND TUNNEL",300.00,W,N,B,C,Y,SF,,80," "," ",7.662,H,,R,Y,3,0,2,2,A,-,03,22350,,N,C,C,A,B,H,-,A,D,0,,,,,Y,,D,22,0,2,0,0,0,0,0,0,0,"- ","- ",37.808319091796875,-122.36689758300781,"SAN FRANCISCO","SAN FRANCISCO",-122.36692047119141,37.808330535888672
91967660,2022,2023-01-13,9335,2022-12-31,1322,021997,,6,1,7,3801,0,1,2,,2,014,"US-101 S/B","23RD STREET OVERCROSSING",70.00,S,N,C,-,Y,SF,,101,,,3.348,H,,L,N,4,0,2,4,A,-,03,22350,,N,C,C,A,B,C,-,A,D,0,,,,,Y,,A,01,0,0,2,0,0,0,0,0,0,"- ","- ",37.754238128662109,-122.40315246582031,"SAN FRANCISCO","SAN FRANCISCO",-122.40311431884766,37.754241943359375
91968220,2023,2023-01-13,9335,2023-01-06,"815 ",023118,,5,1,7,3801,0,1,1,,2,023,"I-280 N/B","OCEAN AVENUE",500.00,N,N,B,-,Y,SF,,280," ",R,1.885,H,,R,Y,3,0,1,3,A,-,03,22350,,N,C,C,A,B,H,-,E,D,0,,,,,Y,,A,01,0,1,0,0,0,0,0,0,0,"- ","- ",37.724571228027344,-122.44699096679688,"SAN FRANCISCO","SAN FRANCISCO",-122.447021484375,37.724578857421875
91972006,2023,2023-01-19,9335,2023-01-10,1320,020658,,2,1,7,3801,0,1,1,,2,080,"I-80 WB TO 5TH STREET","THE EAST ROADWAY EDGE OF 5TH STREET",350.00,E,N,C,-,Y,SF,,80," "," ",4.905,H,,L,N,4,0,1,5,A,-,03,22350,,N,C,C,A,B,H,-,A,D,0,,,,,Y,Y,A,01,0,0,1,0,0,0,0,0,0,"- ","- ",37.779170989990234,-122.40025329589844,"SAN FRANCISCO","SAN FRANCISCO",-122.40042877197266,37.779308319091797
91972134,2023,2023-01-19,9350,2023-01-14,1714,022432,,6,2,7,3801,0,1,2,,2,020,"US-101 S/B","CONZELMAN ROAD",2112.00,S,N,C,G,Y,,,,,,,,,,N,3,0,1,1,C,-,18,,,N,F,I,A,B,H,-,C,D,0,,,,Y,Y,,-,"- ",0,1,0,0,0,0,0,0,0,"- ","- ",37.824901580810547,-122.47915649414062,"SAN FRANCISCO","SAN FRANCISCO",-122.47943115234375,37.824859619140625
91973685,2023,2023-01-23,9335,2023-01-12,1215,023119,,4,1,7,3801,0,1,1,,2,022,"I-280 S/B TO OCEAN AVE","OCEAN AVE O/C",918.00,N,N,A,-,Y,SF,,280," ",R,1.944,H,,L,N,4,0,1,2,A,-,03,22350,,N,C,C,A,A,H,-,A,D,0,,,,,Y,,E,22,0,0,1,0,0,0,0,0,0,"- ","- ",37.725460052490234,-122.4468994140625,"SAN FRANCISCO","SAN FRANCISCO",-122.44672393798828,37.725379943847656
91977943,2023,2023-01-26,9335,2023-01-09,"25  ",022860,,1,3,7,3801,0,1,2,,2,013,"US-101 S/B","BLANKEN AVE UNDERCROSSING",400.00,N,N,C,-,Y,SF,,101," "," ",0.256,H,,L,N,4,0,1,3,A,-,08,22107,,N,B,C,A,B,H,-,D,D,0,,,,,Y,,A,01,0,0,1,0,0,0,0,0,0,"- ","- ",37.712028503417969,-122.39598846435547,"SAN FRANCISCO","SAN FRANCISCO",-122.39604949951172,37.712013244628906
91978004,2023,2023-01-26,9335,2023-01-17,"930 ",021957,,2,1,7,3801,0,1,1,,2,022,"I-280 S/B FROM BOSWORTH ST.","THERESA ST. PEDESTRAIN OVER-CROSSING",224.00,S,N,A,-,Y,SF,,280," ",R,2.582,H,,L,Y,4,0,1,2,A,-,03,22350,,N,C,C,A,A,H,-,A,D,0,,,,,Y,,A,01,0,0,1,0,0,0,0,0,0,"- ","- ",37.730918884277344,-122.43760681152344,"SAN FRANCISCO","SAN FRANCISCO",-122.43756103515625,37.730819702148438
91978111,2023,2023-01-26,9335,2023-01-13,1100,022007,,5,1,7,3801,0,1,1,,2,023,"I-280 N/B","ST. MARY'S FOOTBRIDGE PEDESTRIAN OVER-CROSSING",34.00,S,N,B,C,Y,SF,,280," ",R,3.518,H,,R,N,2,0,2,1,A,-,08,22107,,N,E,I,A,B,H,-,A,D,0,,,,,Y,,A,07,2,0,0,0,0,0,0,0,0,"- ","- ",37.731849670410156,-122.42079925537109,"SAN FRANCISCO","SAN FRANCISCO",-122.4207763671875,37.731754302978516
91978314,2023,2023-01-26,9335,2023-01-17,1153,023167,,2,1,7,3801,0,1,2,,2,013,"US 101 N/B TO 3RD STREET","3RD STREET OVERCROSSING",883.00,S,N,A,-,Y,SF,,101," "," ",0.389,H,,R,Y,2,0,2,1,A,-,01,23152,A,N,E,I,A,A,H,-,A,D,0,,,,,Y,Y,A,07,1,1,0,0,0,0,0,0,0,"- ","- ",37.713951110839844,-122.39665985107422,"SAN FRANCISCO","SAN FRANCISCO",-122.39688873291016,37.713829040527344
91981357,2023,2023-01-30,9335,2023-01-16,1232,018804,,1,1,7,3801,0,1,1,,2,023,"I-280 N/B TO US 101 S/B","SILVER AVE",785.00,S,N,A,-,Y,SF,,101," "," ",1.620,H,,R,Y,2,0,2,1,A,-,08,22107,,N,E,I,A,A,H,-,A,D,0,,,,,Y,,A,01,1,1,0,0,0,0,0,0,0,"- ","- ",37.730701446533203,-122.40386962890625,"SAN FRANCISCO","SAN FRANCISCO",-122.40398406982422,37.730667114257812
91981359,2023,2023-01-30,9335,2023-01-17,1518,023111,,2,2,7,3801,0,1,1,,1,081,"I-80 W/B","THE EMBARCADERO UNDERCROSSING",8428.00,E,N,A,-,Y,SF,,80," "," ",7.505,H,,L,N,4,0,1,2,A,-,03,22350,,M,C,C,A,A,H,-,A,D,0,,,,,Y,,-,99,0,0,1,0,0,0,0,0,0,"- ","- ",37.806671142578125,-122.36892700195312,"SAN FRANCISCO","SAN FRANCISCO",-122.36872100830078,37.806529998779297
91981365,2023,2023-01-30,9335,2023-01-19,1821,023167,,4,2,7,3801,0,1,1,,1,081,"I-80 W/B","NORTHGATE ROAD",1700.00,E,N,A,-,Y,SF,,80," ",R,8.422,H,,L,Y,4,0,3,3,A,-,04,21703,,N,C,C,A,A,H,-,C,D,0,,,,,Y,,A,01,0,0,3,0,0,0,0,0,0,"- ","- ",37.816291809082031,-122.35707092285156,"SAN FRANCISCO","SAN FRANCISCO",-122.35718536376953,37.816432952880859
91981366,2023,2023-01-30,9335,2023-01-19,2030,023121,,4,2,7,3801,0,1,1,,2,080,"I-80 E/B","DIVISION ST",136.00,E,N,A,-,Y,SF,,80," "," ",4.123,H,,R,N,4,0,1,2,A,-,03,22350,,N,C,C,A,A,H,-,C,A,0,,,,,Y,,A,01,0,0,1,0,0,0,0,0,0,"- ","- ",37.770130157470703,-122.40534210205078,"SAN FRANCISCO","SAN FRANCISCO",-122.40533447265625,37.770130157470703
91981370,2023,2023-01-30,9335,2023-01-20,1710,019799,,5,2,7,3801,0,1,1,,1,081,"I-80 W/B","FREMONT ST. OFF RAMP",700.00,E,N,A,-,Y,SF,,80," "," ",5.687,H,,L,N,4,0,1,2,A,-,03,22350,,M,C,C,A,A,H,-,B,A,0,,,,,Y,,B,01,0,0,1,0,0,0,0,0,0,"- ","- ",37.786331176757812,-122.39071655273438,"SAN FRANCISCO","SAN FRANCISCO",-122.39066314697266,37.786289215087891
91983379,2023,2023-01-31,9335,2023-01-29,"600 ",023067,,7,1,7,3801,0,1,2,,2,013,"US-101 S/B","ALEMANY BLVD",52.00,N,N,A,-,Y,SF,,101," "," ",2.160,H,,L,Y,3,0,1,1,A,-,01,23152,A,N,E,I,A,A,H,-,D,D,0,,,,,Y,,A,01,0,1,0,0,0,0,0,0,0,"- ","- ",37.737941741943359,-122.40799713134766,"SAN FRANCISCO","SAN FRANCISCO",-122.40804290771484,37.737934112548828
91985005,2023,2023-02-02,9335,2023-01-11,1605,023121,,3,2,7,3801,0,1,2,,2,013,"US 101 N/B","SILVER AVE",3050.00,S,N,A,-,Y,SF,,101," "," ",1.204,H,,R,Y,4,0,1,3,A,-,03,22350,,N,C,C,A,B,H,-,A,D,0,,,,,Y,,A,08,0,0,1,0,0,0,0,0,0,"- ","- ",37.724849700927734,-122.40151977539062,"SAN FRANCISCO","SAN FRANCISCO",-122.40154266357422,37.724845886230469
91985008,2023,2023-02-02,9335,2023-01-14,"701 ",023118,,6,1,7,3801,0,1,1,,1,083,"I-80 E/B","ARMY RD",1320.00,E,N,B,C,Y,SF,,80," ",R,8.473,H,,R,Y,4,0,1,1,A,-,01,23152,A,N,E,I,A,B,H,-,C,D,0,,,,,Y,Y,A,01,0,0,1,0,0,0,0,0,0,"- ","- ",37.816509246826172,-122.35617065429688,"SAN FRANCISCO","SAN FRANCISCO",-122.35615539550781,37.816493988037109
91985012,2023,2023-02-02,9335,2023-01-14,"704 ",023118,,6,1,7,3801,0,1,1,,1,083,"I-80 E/B","ARMY RD",1320.00,E,N,B,C,Y,SF,,80," ",R,8.479,H,,R,Y,4,0,1,2,A,-,01,23152,G,M,D,C,A,B,H,-,C,D,0,,,,,Y,Y,D,22,0,0,1,0,0,0,0,0,0,"- ","- ",37.816551208496094,-122.35608673095703,"SAN FRANCISCO","SAN FRANCISCO",-122.3560791015625,37.816535949707031
91985017,2023,2023-02-02,9335,2023-01-15,2340,022920,,7,3,7,3801,0,1,1,,2,022,"I-280 S/B","HAVELOCK STREET OVERCROSSING",430.00,S,N,C,-,Y,,,,,,,,,,Y,4,0,2,1,A,-,08,22107,,N,E,I,A,B,H,-,D,D,0,,,,,Y,,A,01,0,0,2,0,0,0,0,0,0,"- ","- ",37.726669311523438,-122.44676208496094,"SAN FRANCISCO","SAN FRANCISCO",-122.44612121582031,37.726169586181641
91985439,2023,2023-02-03,9335,2023-01-23,1445,023121,,1,2,7,3801,0,1,2,,2,015,"US 101 SB","DIVISION STREET",100.00,S,N,A,-,Y,SF,,101," ",R,4.424,H,,R,Y,4,0,1,3,A,-,01,23152,F,N,C,C,A,A,H,-,A,D,0,,,,,Y,,A,07,0,0,1,0,0,0,0,0,0,"- ","- ",37.768440246582031,-122.40630340576172,"SAN FRANCISCO","SAN FRANCISCO",-122.40624237060547,37.768489837646484
91986337,2023,2023-02-03,9335,2023-01-24,1130,021957,,2,1,7,3801,0,1,1,,2,023,"I-280 NB","ALEMANY BLVD. O/C",272.00,N,N,A,-,Y,SF,,280," ",R,3.928,H,,R,N,4,0,2,2,A,-,03,22350,,N,C,C,A,A,H,-,A,D,0,,,,Y,Y,,F,26,0,0,2,0,0,0,0,0,0,"- ","- ",37.732498168945312,-122.41358947753906,"SAN FRANCISCO","SAN FRANCISCO",-122.41362762451172,37.732563018798828
91986370,2023,2023-02-03,9335,2023-01-25,"50  ",022024,,3,3,7,3801,0,1,1,,2,024,"I-280 S/B","16TH ST UNDERCROSSING",208.00,N,N,A,-,Y,SF,,280," ",R,6.927,H,,L,N,3,0,1,2,A,-,11,21954,A,N,G,B,E,A,H,-,D,D,0,Y,,,,Y,,N,60,0,1,0,0,1,0,0,0,0,"- ","- ",37.767059326171875,-122.39550018310547,"SAN FRANCISCO","SAN FRANCISCO",-122.39552307128906,37.767040252685547
91986760,2023,2023-02-06,9335,2023-01-25,1610,023111,,3,2,7,3801,0,1,2,,2,013,"US-101 N/B","CESAR CHAVEZ STREET UNDERCROSSING",600.00,S,N,A,-,Y,SF,,101," "," ",2.893,H,,R,N,4,0,1,2,A,-,03,22350,,N,C,C,A,A,H,-,A,D,0,,,,,Y,,D,22,0,0,1,0,0,0,0,0,0,"- ","- ",37.747730255126953,-122.40409851074219,"SAN FRANCISCO","SAN FRANCISCO",-122.40412902832031,37.747737884521484
91987007,2023,2023-02-06,9335,2023-01-26,1705,023167,,4,2,7,3801,0,1,1,,2,022,"I-280 S/B","ALEMANY BLVD",608.00,S,N,A,-,Y,SF,,280," ",R,0.346,H,,L,Y,4,0,1,2,A,-,03,22350,,N,C,C,A,A,H,-,C,D,0,,,,,Y,,A,01,0,0,1,0,0,0,0,0,0,"- ","- ",37.710628509521484,-122.46357727050781,"SAN FRANCISCO","SAN FRANCISCO",-122.46357727050781,37.710578918457031
91988351,2023,2023-02-07,9335,2023-01-26,"820 ",021957,,4,1,7,3801,0,1,2,,2,015,"US-101 SB","15TH ST. UNDERCROSSING",10.00,N,N,A,-,Y,SF,,101," ",R,4.322,H,,L,N,4,0,1,2,A,-,03,22350,,N,C,C,A,A,H,-,A,D,0,,,,,Y,,A,07,0,0,1,0,0,0,0,0,0,"- ","- ",37.767311096191406,-122.40545654296875,"SAN FRANCISCO","SAN FRANCISCO",-122.40548706054688,37.767307281494141
91991155,2023,2023-02-10,9335,2023-01-15,1720,021222,,7,2,7,3801,0,1,1,,2,022,"I-280 NORTHBOUND","GENEVA AVE",760.00,S,N,C,-,Y,SF,,280," ",R,1.497,H,,R,N,4,0,1,2,A,-,08,22107,,N,B,C,A,B,H,-,C,D,0,,,,,Y,,A,01,0,0,1,0,0,0,0,0,0,"- ","- ",37.719100952148438,-122.44821166992188,"SAN FRANCISCO","SAN FRANCISCO",-122.44833374023438,37.719108581542969
91991160,2023,2023-02-10,9335,2023-01-25,"925 ",018804,,3,1,7,3801,0,1,2,,2,013,"US 101 N/B","PAUL AVENUE",612.00,N,N,A,-,Y,SF,,101," "," ",1.255,H,,R,N,4,0,1,2,A,-,08,22107,,N,C,C,A,A,H,-,A,D,0,,,,Y,Y,,I,20,0,0,1,0,0,0,0,0,0,"- ","- ",37.725589752197266,-122.40174865722656,"SAN FRANCISCO","SAN FRANCISCO",-122.40179443359375,37.725578308105469
91991162,2023,2023-02-10,9335,2023-01-28,"215 ",022823,,6,3,7,3801,0,1,1,,2,023,"I-280 S/B","ALEMANY BLVD.",262.00,S,N,A,-,Y,SF,,280," ",R,3.825,H,,L,Y,4,0,1,1,A,-,01,23152,A,N,E,I,A,A,H,-,C,D,0,,,,,Y,Y,A,01,0,0,1,0,0,0,0,0,0,"- ","- ",37.7322998046875,-122.41532135009766,"SAN FRANCISCO","SAN FRANCISCO",-122.41527557373047,37.732189178466797
91991165,2023,2023-02-10,9335,2023-01-28,2026,023082,,6,2,7,3801,0,1,1,,2,022,"I-280 NORTHBOUND TO 19TH AVENUE","JOHN DALY BOULEVARD OVERCROSSING",690.00,S,N,A,-,Y,SM,,280," ",M,27.019,H,,R,Y,4,0,3,2,A,-,07,21658,A,N,C,C,A,A,H,-,C,D,0,,,,,Y,,A,01,0,0,3,0,0,0,0,0,0,"- ","- ",37.702960968017578,-122.47148895263672,"SAN FRANCISCO","SAN FRANCISCO",-122.4713134765625,37.702953338623047
91991625,2023,2023-02-10,9335,2023-01-31,"915 ",021957,,2,1,7,3801,0,1,2,,2,013,"US-101 S/B","BACON ST. UNDER-CROSSING",495.00,S,N,A,-,Y,SF,,101," "," ",1.318,H,,L,Y,4,0,4,2,A,-,03,22350,,N,C,C,A,A,H,-,A,D,0,,,,,Y,,A,01,0,0,4,0,0,0,0,0,0,"- ","- ",37.726459503173828,-122.40245056152344,"SAN FRANCISCO","SAN FRANCISCO",-122.40243530273438,37.726463317871094
91992324,2023,2023-02-13,9335,2023-01-31,1555,023121,,2,2,7,3801,0,1,1,,2,023,"I-280 NB TO US-101 NB","SAN BRUNO AVE",180.00,S,N,A,-,Y,,,,,,,,,,Y,3,0,1,2,A,-,01,23152,A,N,C,2,A,A,H,-,A,D,0,,,,,Y,Y,A,07,0,1,0,0,0,0,0,0,0,"- ","- ",37.735321044921875,-122.40823364257812,"SAN FRANCISCO","SAN FRANCISCO",-122.40823364257812,37.735321044921875