CASE_ID,ACCIDENT_YEAR,PROC_DATE,JURIS,COLLISION_DATE,COLLISION_TIME,OFFICER_ID,REPORTING_DISTRICT,DAY_OF_WEEK,CHP_SHIFT,POPULATION,CNTY_CITY_LOC,SPECIAL_COND,BEAT_TYPE,CHP_BEAT_TYPE,CITY_DIVISION_LAPD,CHP_BEAT_CLASS,BEAT_NUMBER,PRIMARY_RD,SECONDARY_RD,DISTANCE,DIRECTION,INTERSECTION,WEATHER_1,WEATHER_2,STATE_HWY_IND,CALTRANS_COUNTY,CALTRANS_DISTRICT,STATE_ROUTE,ROUTE_SUFFIX,POSTMILE_PREFIX,POSTMILE,LOCATION_TYPE,RAMP_INTERSECTION,SIDE_OF_HWY,TOW_AWAY,COLLISION_SEVERITY,NUMBER_KILLED,NUMBER_INJURED,PARTY_COUNT,PRIMARY_COLL_FACTOR,PCF_CODE_OF_VIOL,PCF_VIOL_CATEGORY,PCF_VIOLATION,PCF_VIOL_SUBSECTION,HIT_AND_RUN,TYPE_OF_COLLISION,MVIW,PED_ACTION,ROAD_SURFACE,ROAD_COND_1,ROAD_COND_2,LIGHTING,CONTROL_DEVICE,CHP_ROAD_TYPE,PEDESTRIAN_ACCIDENT,BICYCLE_ACCIDENT,MOTORCYCLE_ACCIDENT,TRUCK_ACCIDENT,NOT_PRIVATE_PROPERTY,ALCOHOL_INVOLVED,STWD_VEHTYPE_AT_FAULT,CHP_VEHTYPE_AT_FAULT,COUNT_SEVERE_INJ,COUNT_VISIBLE_INJ,COUNT_COMPLAINT_PAIN,COUNT_PED_KILLED,COUNT_PED_INJURED,COUNT_BICYCLIST_KILLED,COUNT_BICYCLIST_INJURED,COUNT_MC_KILLED,COUNT_MC_INJURED,PRIMARY_RAMP,SECONDARY_RAMP,LATITUDE,LONGITUDE,COUNTY,CITY,POINT_X,POINT_Y
92046598,2023,2023-04-17,9335,2023-04-05,2153,023111,,3,2,7,3801,0,1,2,,2,013,"US-101 N/B","3RD STREET OVERCROSSING",1656.00,N,N,A,-,Y,SF,,101," "," ",0.904,H,,R,Y,4,0,1,2,A,-,01,23152,A,N,B,C,A,A,H,-,C,D,0,,,,,Y,Y,A,01,0,0,1,0,0,0,0,0,0,"- ","- ",37.720790863037109,-122.39990234375,"SAN FRANCISCO","SAN FRANCISCO",-122.39995574951172,37.720779418945312
92046957,2023,2023-04-17,9335,2023-04-07,1445,023119,,5,2,7,3801,0,1,1,,2,080,"I-80 W/B TO 5TH STREET","5TH STREET",145.00,E,N,A,-,Y,SF,,80," "," ",4.881,H,,L,Y,4,0,3,4,A,-,08,22107,,N,E,8,A,A,H,-,A,A,0,,,,,Y,,A,01,0,0,3,0,0,0,0,0,0,"- ","- ",37.778999328613281,-122.40065765380859,"SAN FRANCISCO","SAN FRANCISCO",-122.40073394775391,37.779060363769531
92047007,2023,2023-04-17,9335,2023-04-08,2030,022920,,6,2,7,3801,0,1,1,,2,080,"I-80 W/B","THE DIVISION STREET UNDERCROSSING",135.00,W,N,A,-,Y,SF,,80," "," ",4.061,H,,L,Y,4,0,2,3,A,-,04,21703,,N,C,C,A,A,H,-,C,D,0,,,,,Y,,A,01,0,0,2,0,0,0,0,0,0,"- ","- ",37.769279479980469,-122.40550231933594,"SAN FRANCISCO","SAN FRANCISCO",-122.40553283691406,37.769275665283203
92047048,2023,2023-04-17,9335,2023-02-12,"45  ",022802,,7,3,7,3801,0,1,1,,1,083,"I-80 E/B","THE BEALE ST U/C",305.00,W,N,A,-,Y,SF,,80," "," ",5.662,H,,R,Y,4,0,1,2,A,-,07,21658,A,F,B,C,A,A,H,-,C,D,0,,,,,Y,,-,99,0,0,1,0,0,0,0,0,0,"- ","- ",37.786060333251953,-122.39102172851562,"SAN FRANCISCO","SAN FRANCISCO",-122.39095306396484,37.786018371582031
92047050,2023,2023-04-17,9335,2023-02-19,1600,023167,,7,2,7,3801,0,1,1,,1,081,"I-80 W/B","TREASURE ISLAND RD",860.00,W,N,A,-,Y,SF,,80," "," ",7.558,H,,L,Y,4,0,3,3,A,-,07,21658,A,M,B,C,A,A,H,-,A,D,0,,,,,Y,,-,99,0,0,3,0,0,0,0,0,0,"- ","- ",37.807239532470703,-122.36826324462891,"SAN FRANCISCO","SAN FRANCISCO",-122.36808776855469,37.807125091552734
92047485,2023,2023-04-18,9350,2023-04-11,1520,022468,,2,2,7,3801,0,1,2,,2,020,"US-101 N/B","TOLL PLAZA",2270.00,N,N,A,-,Y,,,,,,,,,,N,4,0,1,2,A,-,07,21658,A,F,B,C,A,A,H,-,A,D,0,,,,,Y,,-,99,0,0,1,0,0,0,0,0,0,"- ","- ",37.813278198242188,-122.47776031494141,"SAN FRANCISCO","SAN FRANCISCO",-122.47785186767578,37.813266754150391
92047493,2023,2023-04-18,9335,2023-04-16,1300,022920,,7,1,7,3801,0,1,2,,2,013,"US-101 N/B","THE ALEMANY BLVD UNCERCROSSING",40.00,N,N,A,-,Y,SF,,101," "," ",2.161,H,,R,N,4,0,1,2,A,-,03,22350,,N,C,C,A,A,H,-,A,D,0,,,,,Y,,A,01,0,0,1,0,0,0,0,0,0,"- ","- ",37.737960815429688,-122.40788269042969,"SAN FRANCISCO","SAN FRANCISCO",-122.40791320800781,37.737957000732422
92047898,2023,2023-04-18,9335,2023-04-12,1540,021424,,3,2,7,3801,0,1,1,,2,024,"I-280 N/B","22ND STREET",100.00,N,N,A,-,Y,SF,,280," ",R,6.193,H,,R,N,4,0,1,2,A,-,03,22350,,N,C,C,A,A,H,-,A,D,0,,,,,Y,,A,01,0,0,1,0,0,0,0,0,0,"- ","- ",37.758060455322266,-122.39215087890625,"SAN FRANCISCO","SAN FRANCISCO",-122.39224243164062,37.758064270019531
92048024,2023,2023-04-18,9335,2023-04-17,1415,022920,,1,2,7,3801,0,1,1,,2,022,"I-280 N/B","THE SICKLES AVENUE UNDERCROSSING",695.00,N,N,A,-,Y,SF,,280," ",R,0.928,H,,R,N,4,0,1,2,A,-,03,22350,,N,C,C,A,A,H,-,A,D,0,,,,,Y,,A,07,0,0,1,0,0,0,0,0,0,"- ","- ",37.712089538574219,-122.45340728759766,"SAN FRANCISCO","SAN FRANCISCO",-122.4534912109375,37.712154388427734
92048780,2023,2023-04-19,9335,2023-04-11,"755 ",021588,,2,1,7,3801,0,1,1,,2,024,"I-280 NORTHBOUND","ELMIRA STREET",35.00,N,N,A,-,Y,SF,,280," ",R,4.526,H,,R,Y,4,0,1,3,A,-,03,22350,,N,C,C,A,A,H,-,A,D,0,,,,,Y,,A,01,0,0,1,0,0,0,0,0,0,"- ","- ",37.736560821533203,-122.40364837646484,"SAN FRANCISCO","SAN FRANCISCO",-122.40364837646484,37.736557006835938
92048894,2023,2023-04-19,9335,2023-04-16,1715,023119,,7,2,7,3801,0,1,1,,1,081,"I-80 W/B","FOREST HILL ROAD",530.00,E,N,A,-,Y,SF,,80," ",R,7.902,H,,L,N,4,0,1,2,A,-,03,22350,,N,C,2,A,A,H,-,A,D,0,,,,,Y,,A,07,0,0,1,0,0,0,0,0,0,"- ","- ",37.811050415039062,-122.36399078369141,"SAN FRANCISCO","SAN FRANCISCO",-122.36408996582031,37.811107635498047
92049833,2023,2023-04-20,9335,2023-01-24,1635,023121,,2,2,7,3801,0,1,2,,2,014,"US-101 N/B","18TH STREET PEDESTRIAN OVERCROSSING",6.00,N,N,A,-,Y,SF,,101," "," ",3.960,H,,R,Y,3,0,3,6,A,-,01,23152,F,F,C,2,A,A,H,-,A,D,0,,,,,Y,,A,01,0,1,2,0,0,0,0,0,0,"- ","- ",37.762130737304688,-122.40560913085938,"SAN FRANCISCO","SAN FRANCISCO",-122.4056396484375,37.762142181396484
92049966,2023,2023-04-21,9335,2023-04-09,"441 ",023044,,7,3,7,3801,0,1,2,,2,014,"US-101 SOUTHBOUND","17TH STREET UNDERCROSSING",301.00,S,N,A,-,Y,SF,,101," "," ",4.074,H,,L,Y,4,0,1,2,A,-,08,22107,,N,C,2,A,A,H,-,C,D,0,,,,,Y,,A,01,0,0,1,0,0,0,0,0,0,"- ","- ",37.763759613037109,-122.4051513671875,"SAN FRANCISCO","SAN FRANCISCO",-122.40516662597656,37.763763427734375
92049978,2023,2023-04-21,9335,2023-04-08,"105 ",023067,,6,3,7,3801,0,1,1,,1,081,"I-80 W/B","MACALLA RD",2550.00,E,N,A,-,Y,SF,,80," ",R,8.425,H,,L,Y,3,0,3,3,A,-,01,23152,A,N,C,C,A,A,H,-,C,A,0,,,,,Y,Y,A,01,0,1,2,0,0,0,0,0,0,"- ","- ",37.816398620605469,-122.35709381103516,"SAN FRANCISCO","SAN FRANCISCO",-122.35713958740234,37.816459655761719
92051410,2023,2023-04-24,9335,2023-04-16,"425 ",022897,,7,3,7,3801,0,1,1,,2,024,"I-280 S/B","GALVEZ AVE",30.00,S,N,A,-,Y,SF,,280," ",R,5.239,H,,L,Y,4,0,2,1,A,-,08,22107,,N,E,I,A,A,H,-,D,D,0,,,,,Y,,A,01,0,0,2,0,0,0,0,0,0,"- ","- ",37.744800567626953,-122.39524841308594,"SAN FRANCISCO","SAN FRANCISCO",-122.39529418945312,37.744827270507812
92051453,2023,2023-04-24,9335,2023-04-13,1550,023118,,4,2,7,3801,0,1,2,,2,013,"US 101 N/B","FAITH STREET PEDESTRIAN OVERCROSSING",795.00,S,N,A,-,Y,SF,,101," "," ",2.457,H,,R,Y,3,0,2,5,A,-,07,21658,A,N,C,C,A,A,H,-,A,D,0,,,,,Y,,A,01,0,2,0,0,0,0,0,0,0,"- ","- ",37.742031097412109,-122.40705871582031,"SAN FRANCISCO","SAN FRANCISCO",-122.4071044921875,37.742046356201172
92052017,2023,2023-04-24,9335,2023-04-18,1555,022920,,2,2,7,3801,0,1,2,,2,013,"US-101 N/B","THE PAUL AVENUE UNDERCROSSING",635.00,N,N,A,-,Y,SF,,101," "," ",0.990,H,,R,N,3,0,1,2,A,-,03,22350,,N,C,C,A,A,H,-,A,D,0,,,,,Y,,A,07,0,1,0,0,0,0,0,0,0,"- ","- ",37.721931457519531,-122.40035247802734,"SAN FRANCISCO","SAN FRANCISCO",-122.40036773681641,37.721927642822266
92052185,2023,2023-04-25,9335,2023-04-16,"340 ",023044,,7,3,7,3801,0,1,1,,1,083,"I-80 EASTBOUND","TREASURE ISLAND ROAD",619.00,W,N,A,-,Y,SF,,80," "," ",7.603,H,,R,Y,4,0,2,5,A,-,01,23152,A,N,C,C,A,A,H,-,C,D,0,,,,,Y,Y,A,01,0,0,2,0,0,0,0,0,0,"- ","- ",37.807701110839844,-122.36765289306641,"SAN FRANCISCO","SAN FRANCISCO",-122.36754608154297,37.807628631591797
92053794,2023,2023-08-03,9335,2023-03-04,1118,023044,,6,1,7,3801,0,1,1,,2,023,"I-280 NORTHBOUND","SAN JOSE AVENUE OVERPASS",41.00,N,N,B,-,Y,SF,,280," ",R,1.480,H,,R,Y,4,0,1,2,A,-,03,22350,,F,C,C,A,A,H,-,A,D,0,,,,,Y,,-,99,0,0,1,0,0,0,0,0,0,"- ","- ",37.718868255615234,-122.44833374023438,"SAN FRANCISCO","SAN FRANCISCO",-122.4483642578125,37.7188720703125
92053917,2023,2023-04-26,9335,2023-04-24,"740 ",023167,,1,1,7,3801,0,1,1,,2,023,"I-280 S/B","ALEMANY BLVD",465.00,N,N,A,-,Y,SF,,280," ",R,3.964,H,,L,Y,4,0,1,3,A,-,08,22107,,N,E,2,A,A,H,-,A,D,0,,,,,Y,Y,A,01,0,0,1,0,0,0,0,0,0,"- ","- ",37.732978820800781,-122.41295623779297,"SAN FRANCISCO","SAN FRANCISCO",-122.41301727294922,37.733051300048828
92054189,2023,2023-04-26,9335,2023-04-26,1230,023118,,3,1,7,3801,0,1,1,,1,082,"I-80 W/B","SFOBB TOLL PLAZA",2640.00,W,N,A,-,Y,ALA,,80," ",R,1.463,H,,L,N,4,0,1,2,A,-,03,22350,,N,C,C,A,A,H,-,A,D,0,,,,,Y,,A,01,0,0,1,0,0,0,0,0,0,"- ","- ",37.822509765625,-122.32314300537109,"SAN FRANCISCO","SAN FRANCISCO",-122.32315826416016,37.822601318359375
92054488,2023,2023-04-27,9335,2023-04-26,1600,022525,,3,2,7,3801,0,1,1,,2,022,"I-280 SB TO OCEAN AVENUE","HAVELOCK ST PEDESTRIAN O/C",400.00,S,N,A,-,Y,SF,,280," ",R,1.967,H,,L,Y,4,0,1,2,A,-,03,22350,,N,C,C,A,A,H,-,A,D,0,,,,,Y,,A,01,0,0,1,0,0,0,0,0,0,"- ","- ",37.725749969482422,-122.44667816162109,"SAN FRANCISCO","SAN FRANCISCO",-122.44651031494141,37.725669860839844
92054866,2023,2023-04-27,9350,2023-04-23,1936,022411,,7,2,7,3801,0,1,3,,2,011,"US-101 S/B TO SR-1","LINCOLN BLVD. U/C",530.00,N,N,A,-,Y,SF,,101," ",R,9.375,H,,L,Y,3,0,2,1,A,-,08,22107,,N,E,I,A,A,H,-,A,D,0,,,,,Y,,A,01,0,2,0,0,0,0,0,0,0,"- ","- ",37.803340911865234,-122.47073364257812,"SAN FRANCISCO","SAN FRANCISCO",-122.47068786621094,37.803401947021484
92054962,2023,2023-04-27,9350,2023-04-17,2220,022577,,1,3,7,3801,0,1,2,,1,120,"US-101 SOUTHBOUND","CONZELMAN ROAD",1800.00,S,N,A,G,Y,,,,,,,,,,Y,3,0,1,2,A,-,03,22350,,N,F,A,A,A,H,-,C,D,0,,Y,,,Y,Y,L,04,0,1,0,0,0,0,1,0,0,"- ","- ",37.825389862060547,-122.47930145263672,"SAN FRANCISCO","SAN FRANCISCO",-122.47950744628906,37.825359344482422
92058233,2023,2023-05-01,9335,2023-04-27,1715,022525,,4,2,7,3801,0,1,2,,2,015,"US-101 S/B","TRAINOR ST U/C",100.00,S,N,A,-,Y,SF,,101," ",R,4.903,H,,L,Y,4,0,3,2,A,-,03,22350,,N,C,C,A,A,H,-,A,D,0,,,,,Y,,A,07,0,0,3,0,0,0,0,0,0,"- ","- ",37.769458770751953,-122.41410064697266,"SAN FRANCISCO","SAN FRANCISCO",-122.41410064697266,37.769481658935547
92058257,2023,2023-05-01,9335,2023-04-21,"240 ",022897,,5,3,7,3801,0,1,1,,1,083,"I-80 E/B","SAN FRANCISCO COUNTY / ALEMEDA COUNTY LINE",1320.00,W,N,A,-,Y,SF,,80," ",R,8.667,H,,R,Y,2,0,1,2,A,-,01,23152,A,M,E,I,A,A,H,-,C,D,0,,,,,Y,Y,A,01,1,0,0,0,0,0,0,0,0,"- ","- ",37.818088531494141,-122.35317993164062,"SAN FRANCISCO","SAN FRANCISCO",-122.35311126708984,37.817974090576172
92059338,2023,2023-05-02,9335,2023-04-26,1250,023118,,3,1,7,3801,0,1,1,,1,083,"I-80 E/B","TREASURE ISLAND RD",250.00,W,N,A,-,Y,SF,,80," "," ",7.672,H,,R,Y,4,0,1,3,A,-,03,22350,,N,C,C,A,A,H,-,A,D,0,,,,,Y,,A,01,0,0,1,0,0,0,0,0,0,"- ","- ",37.808460235595703,-122.3668212890625,"SAN FRANCISCO","SAN FRANCISCO",-122.36681365966797,37.808456420898438
92059355,2023,2023-05-02,9335,2023-04-24,1050,023167,,1,1,7,3801,0,1,2,,2,014,"US 101 N/B","25TH STREET OVERCROSSING",270.00,N,N,A,-,Y,SF,,101," "," ",3.268,H,,R,Y,4,0,1,2,A,-,07,21658,A,N,C,2,A,A,H,-,A,D,0,,,,,Y,,A,01,0,0,1,0,0,0,0,0,0,"- ","- ",37.753101348876953,-122.40276336669922,"SAN FRANCISCO","SAN FRANCISCO",-122.40281677246094,37.753097534179688
92059361,2023,2023-05-02,9335,2023-04-24,1355,023111,,1,1,7,3801,0,1,2,,2,013,"US-101 N/B","17TH STREET UNDERCROSSING",1683.00,S,N,A,-,Y,SF,,101," "," ",3.809,H,,R,N,4,0,1,2,A,-,03,22350,,N,C,C,A,A,H,-,A,D,0,,,Y,,Y,,C,02,0,0,1,0,0,0,0,0,1,"- ","- ",37.760120391845703,-122.40634155273438,"SAN FRANCISCO","SAN FRANCISCO",-122.40626525878906,37.7601318359375
92060156,2023,2023-05-03,9335,2023-04-26,1135,018053,,3,1,7,3801,0,1,1,,1,081,"I-80 W/B","SAN FRANCISCO COUNTY LINE",1748.00,W,N,A,-,Y,SF,,80," ",R,8.617,H,,L,Y,4,0,2,3,A,-,08,22107,,N,B,C,E,A,D,-,A,D,0,Y,,,Y,Y,,D,22,0,0,2,0,1,0,0,0,0,"- ","- ",37.818099975585938,-122.35417938232422,"SAN FRANCISCO","SAN FRANCISCO",-122.35411071777344,37.817989349365234
92060324,2023,2023-05-03,9335,2023-05-02,"810 ",020610,,2,1,7,3801,0,1,1,,2,023,"I-280 N/B","ALEMANY BLVD N/B O/C",525.00,N,N,C,-,Y,SF,,280," ",R,3.976,H,,R,N,4,0,2,2,A,-,03,22350,,N,C,C,A,B,H,-,A,D,0,,,,,Y,,A,01,0,0,2,0,0,0,0,0,0,"- ","- ",37.732898712158203,-122.41282653808594,"SAN FRANCISCO","SAN FRANCISCO",-122.41282653808594,37.732898712158203
92061414,2023,2023-05-04,9335,2023-05-02,1520,017667,,2,2,7,3801,0,1,1,,2,023,"I-280 N/B","MISSION STREET",95.00,N,N,B,C,Y,SF,,280," ",R,3.138,H,,R,N,3,0,2,2,A,-,08,22107,,N,C,C,A,B,H,-,A,D,0,,,,,Y,,A,07,0,2,0,0,0,0,0,0,0,"- ","- ",37.731769561767578,-122.42777252197266,"SAN FRANCISCO","SAN FRANCISCO",-122.42777252197266,37.731754302978516
92062636,2023,2023-05-05,9335,2023-03-28,"356 ",023167,,2,3,7,3801,0,1,1,,1,083,"I-80 E/B","FOREST HILL ROAD",500.00,E,N,A,-,Y,SF,,80," ",R,7.899,H,,R,N,4,0,1,1,C,-,18,,,M,E,I,A,A,D,-,C,A,0,,,,,Y,,-,"- ",0,0,1,0,0,0,0,0,0,"- ","- ",37.810970306396484,-122.36396789550781,"SAN FRANCISCO","SAN FRANCISCO",-122.36412811279297,37.811065673828125
92063830,2023,2023-05-08,9335,2023-05-01,1620,021424,,1,2,7,3801,1,4,S,,2,901,"DARIEN WAY, 700 BLOCK","WESTGATE DR",75.00,E,N,A,-,N,,,,,,,,,,N,4,0,1,2,A,-,21,22106,,N,B,C,A,A,H,-,A,D,0,,,,,Y,,A,01,0,0,1,0,0,0,0,0,0,"- ","- ",37.730579376220703,-122.46428680419922,"SAN FRANCISCO","SAN FRANCISCO",-122.46436309814453,37.730709075927734
92064363,2023,2023-05-08,9335,2023-05-04,1005,020384,,4,1,7,3801,0,1,1,,1,081,"I-80 W/B","THE EMBARCADERO",800.00,E,N,B,-,Y,SF,,80," "," ",6.084,H,,L,Y,4,0,1,4,A,-,03,22350,,N,C,C,A,A,H,-,A,D,0,,,,,Y,,I,11,0,0,1,0,0,0,0,0,0,"- ","- ",37.790779113769531,-122.38596343994141,"SAN FRANCISCO","SAN FRANCISCO",-122.38584899902344,37.790702819824219
92065238,2023,2023-05-09,9335,2023-05-08,1805,022048,,1,2,7,3801,0,1,2,,2,013,"US-101 N/B","PAUL AVE",50.00,N,N,A,-,Y,SF,,101," "," ",1.147,H,,R,Y,4,0,1,2,A,-,03,22350,,N,C,C,A,A,H,-,A,D,0,,,,,Y,,D,22,0,0,1,0,0,0,0,0,0,"- ","- ",37.724048614501953,-122.40120697021484,"SAN FRANCISCO","SAN FRANCISCO",-122.40121459960938,37.724048614501953
92065370,2023,2023-05-10,9335,2023-04-28,1745,022525,,5,2,7,3801,0,1,1,,1,081,"I-80 W/B","YERBA BUENA ISLAND TUNNEL",4224.00,E,N,A,-,Y,SF,,80," ",R,8.613,H,,L,Y,3,0,2,4,A,-,01,23152,A,N,B,C,A,A,H,-,A,D,0,,,,,Y,Y,A,01,0,1,1,0,0,0,0,0,0,"- ","- ",37.818019866943359,-122.35420227050781,"SAN FRANCISCO","SAN FRANCISCO",-122.35416412353516,37.817966461181641
92065649,2023,2023-05-10,9350,2023-05-08,"430 ",023069,,1,3,7,3801,0,1,2,,2,010,"US-101 N/B","LYON ST",686.00,N,N,A,-,Y,SF,,101," ",R,8.183,H,,R,Y,4,0,1,1,A,-,08,22107,,N,E,I,A,A,H,-,C,D,0,,,,,Y,,A,07,0,0,1,0,0,0,0,0,0,"- ","- ",37.802299499511719,-122.44975280761719,"SAN FRANCISCO","SAN FRANCISCO",-122.44971466064453,37.802326202392578
92066164,2023,2023-05-11,9335,2023-04-29,"345 ",023044,,6,3,7,3801,0,1,1,,2,080,"I-80 WESTBOUND","7TH STREET",62.00,E,N,A,-,Y,SF,,80," "," ",4.513,H,,L,Y,4,0,2,2,A,-,01,23152,F,N,C,C,A,A,H,-,C,D,0,,,,,Y,,A,01,0,0,2,0,0,0,0,0,0,"- ","- ",37.775539398193359,-122.40586853027344,"SAN FRANCISCO","SAN FRANCISCO",-122.40586853027344,37.775539398193359
92067136,2023,2023-05-11,9335,2023-04-30,2000,023119,,7,2,7,3801,0,1,1,,1,083,"I-80 E/B","EMBARCADERO STREET",117.00,E,N,A,-,Y,SF,,80," "," ",5.944,H,,R,Y,4,0,2,2,A,-,07,21658,A,N,B,C,A,A,H,-,B,D,0,,,,,Y,,A,01,0,0,2,0,0,0,0,0,0,"- ","- ",37.789218902587891,-122.38764953613281,"SAN FRANCISCO","SAN FRANCISCO",-122.38754272460938,37.789146423339844
92067163,2023,2023-05-11,9335,2023-05-04,1945,023119,,4,2,7,3801,0,1,1,,1,081,"I-80 W/B TO HARRISON STREET","HARRISON OFF-RAMP PHYSICAL GORE POINT",167.00,W,N,A,-,Y,SF,,80," "," ",5.496,H,,L,Y,4,0,1,1,A,-,08,22107,,N,E,I,A,A,H,-,B,D,0,,,,,Y,,A,01,0,0,1,0,0,0,0,0,0,"- ","- ",37.784439086914062,-122.39328002929688,"SAN FRANCISCO","SAN FRANCISCO",-122.39340209960938,37.784633636474609
92068658,2023,2023-05-15,9335,2023-05-03,1424,017667,,3,2,7,3801,0,1,1,,2,023,"I-280 N/B","SAN JOSE AVE.",2000.00,S,N,B,C,Y,SF,,280," ",R,3.176,H,,R,Y,3,0,1,2,A,-,08,22107,,N,B,C,A,B,H,-,A,D,0,,,,,Y,,A,01,0,1,0,0,0,0,0,0,0,"- ","- ",37.731670379638672,-122.42707061767578,"SAN FRANCISCO","SAN FRANCISCO",-122.42709350585938,37.731605529785156
92068962,2023,2023-05-30,9335,2023-04-29,2225,023063,,6,3,7,3801,0,1,1,,1,083,"I-80 EASTBOUND","TREASURE ISLAND RD.",582.00,E,N,A,-,Y,SF,,80," "," ",7.826,H,,R,Y,3,0,1,5,A,-,07,21658,A,N,B,C,A,A,H,-,C,D,0,,,,,Y,,A,01,0,1,0,0,0,0,0,0,0,"- ","- ",37.81024169921875,-122.36499786376953,"SAN FRANCISCO","SAN FRANCISCO",-122.36495208740234,37.810203552246094
92069685,2023,2023-05-16,9335,2023-05-02,2250,021754,,2,3,7,3801,0,1,1,,1,081,"I-80 WB","YERBA BUENA ISLAND TUNNEL",6336.00,E,N,C,-,Y,ALA,,80," ",R,0.159,H,,L,Y,3,0,1,2,A,-,08,22107,,N,B,C,A,B,H,-,C,D,0,,,,,Y,,A,01,0,1,0,0,0,0,0,0,0,"- ","- ",37.819740295410156,-122.34686279296875,"SAN FRANCISCO","SAN FRANCISCO",-122.34683990478516,37.819675445556641
92069693,2023,2023-05-16,9335,2023-05-05,1925,023119,,5,2,7,3801,0,1,1,,2,023,"I-280 N/B TO US-101 N/B","ALEMANY BLVD O/C",732.00,N,N,A,-,Y,SF,,280," ",R,4.019,H,,R,Y,4,0,1,2,A,-,08,22107,,N,E,J,A,A,H,-,B,D,0,,,,,Y,,A,01,0,0,1,0,0,0,0,0,0,"- ","- ",37.733249664306641,-122.41217803955078,"SAN FRANCISCO","SAN FRANCISCO",-122.41213989257812,37.733192443847656
92069701,2023,2023-05-16,9335,2023-05-06,"900 ",021588,,6,1,7,3801,0,1,1,,2,022,"I-280 NORTHBOUND","SICKLES AVE",1584.00,N,N,C,-,Y,SF,,280," ",R,1.101,H,,R,Y,4,0,1,1,A,-,08,22107,,N,E,I,A,B,H,-,A,D,0,,,,,Y,,A,07,0,0,1,0,0,0,0,0,0,"- ","- ",37.713939666748047,-122.45121765136719,"SAN FRANCISCO","SAN FRANCISCO",-122.45130920410156,37.714004516601562
92069895,2023,2023-05-16,9335,2023-05-06,1045,021588,,6,1,7,3801,0,1,2,,2,013,"US-101 NORTHBOUND","18TH STREET PEDESTRIAN BRIDGE",300.00,S,N,B,-,Y,SF,,101," "," ",3.900,H,,R,N,4,0,2,4,A,-,03,22350,,N,C,C,A,A,H,-,A,D,0,,,,,Y,,A,01,0,0,2,0,0,0,0,0,0,"- ","- ",37.761398315429688,-122.40617370605469,"SAN FRANCISCO","SAN FRANCISCO",-122.40608978271484,37.761371612548828
92070786,2023,2023-05-17,9335,2023-05-03,1104,018053,,3,1,7,3801,0,1,1,,1,083,"I-80 E/B","YERBA BUENA ISLAND TUNNEL EAST EDGE",135.00,E,N,A,-,Y,SF,,80," ",R,7.951,H,,R,Y,4,0,3,6,A,-,07,21658,A,N,E,8,A,A,H,-,A,D,0,,,,,Y,,A,01,0,0,3,0,0,0,0,0,0,"- ","- ",37.811691284179688,-122.36360931396484,"SAN FRANCISCO","SAN FRANCISCO",-122.36358642578125,37.811679840087891
92070985,2023,2023-05-17,9335,2023-05-08,1320,021588,,1,1,7,3801,0,1,1,,2,022,"I-280 SOUTHBOUND","HAVELOCK STREET PEDESTRIAN BRIDGE",174.00,N,N,A,-,Y,SF,,280," ",R,2.059,H,,L,N,4,0,1,2,A,-,07,21658,A,N,B,C,A,A,H,-,A,D,0,,,,,Y,,A,07,0,0,1,0,0,0,0,0,0,"- ","- ",37.726829528808594,-122.44564819335938,"SAN FRANCISCO","SAN FRANCISCO",-122.44556427001953,37.726776123046875
92071267,2023,2023-05-17,9335,2023-05-13,"645 ",022703,,6,1,7,3801,0,1,1,,1,081,"I-80 WESTBOUND","THE TREASURE ISLAND ROAD OVERCROSSING",1960.00,W,N,B,-,Y,SF,,80," "," ",7.352,H,,L,Y,4,0,1,2,A,-,03,22350,,N,C,C,A,A,H,-,A,D,0,,,,,Y,,A,07,0,0,1,0,0,0,0,0,0,"- ","- ",37.804901123046875,-122.37068176269531,"SAN FRANCISCO","SAN FRANCISCO",-122.37055206298828,37.804813385009766