CASE_ID,ACCIDENT_YEAR,PROC_DATE,JURIS,COLLISION_DATE,COLLISION_TIME,OFFICER_ID,REPORTING_DISTRICT,DAY_OF_WEEK,CHP_SHIFT,POPULATION,CNTY_CITY_LOC,SPECIAL_COND,BEAT_TYPE,CHP_BEAT_TYPE,CITY_DIVISION_LAPD,CHP_BEAT_CLASS,BEAT_NUMBER,PRIMARY_RD,SECONDARY_RD,DISTANCE,DIRECTION,INTERSECTION,WEATHER_1,WEATHER_2,STATE_HWY_IND,CALTRANS_COUNTY,CALTRANS_DISTRICT,STATE_ROUTE,ROUTE_SUFFIX,POSTMILE_PREFIX,POSTMILE,LOCATION_TYPE,RAMP_INTERSECTION,SIDE_OF_HWY,TOW_AWAY,COLLISION_SEVERITY,NUMBER_KILLED,NUMBER_INJURED,PARTY_COUNT,PRIMARY_COLL_FACTOR,PCF_CODE_OF_VIOL,PCF_VIOL_CATEGORY,PCF_VIOLATION,PCF_VIOL_SUBSECTION,HIT_AND_RUN,TYPE_OF_COLLISION,MVIW,PED_ACTION,ROAD_SURFACE,ROAD_COND_1,ROAD_COND_2,LIGHTING,CONTROL_DEVICE,CHP_ROAD_TYPE,PEDESTRIAN_ACCIDENT,BICYCLE_ACCIDENT,MOTORCYCLE_ACCIDENT,TRUCK_ACCIDENT,NOT_PRIVATE_PROPERTY,ALCOHOL_INVOLVED,STWD_VEHTYPE_AT_FAULT,CHP_VEHTYPE_AT_FAULT,COUNT_SEVERE_INJ,COUNT_VISIBLE_INJ,COUNT_COMPLAINT_PAIN,COUNT_PED_KILLED,COUNT_PED_INJURED,COUNT_BICYCLIST_KILLED,COUNT_BICYCLIST_INJURED,COUNT_MC_KILLED,COUNT_MC_INJURED,PRIMARY_RAMP,SECONDARY_RAMP,LATITUDE,LONGITUDE,COUNTY,CITY,POINT_X,POINT_Y
92071309,2023,2023-05-17,9335,2023-05-15,"840 ",018804,,1,1,7,3801,0,1,2,,2,013,"US 101 N/B","24TH STREET",195.00,N,N,B,-,Y,SF,,101," "," ",3.320,H,,R,N,3,0,1,2,A,-,07,21658,A,N,B,C,A,A,H,-,A,D,0,,,Y,,Y,,A,01,0,1,0,0,0,0,0,0,1,"- ","- ",37.753841400146484,-122.40296936035156,"SAN FRANCISCO","SAN FRANCISCO",-122.40287780761719,37.75384521484375
92071903,2023,2023-05-18,9335,2023-05-11,1723,022048,,4,2,7,3801,0,1,2,,2,014,"US-101 SB","23RD ST",50.00,N,N,A,-,Y,SF,,101," "," ",3.381,H,,L,Y,4,0,5,5,A,-,03,22350,,N,C,C,A,A,H,-,A,D,0,,,,,Y,,A,01,0,0,5,0,0,0,0,0,0,"- ","- ",37.754741668701172,-122.40312194824219,"SAN FRANCISCO","SAN FRANCISCO",-122.40316009521484,37.754737854003906
92072225,2023,2023-05-18,9335,2023-05-07,1345,023119,,7,1,7,3801,0,1,1,,1,081,"I-80 W/B","BEALE STREET",127.00,W,N,A,-,Y,SF,,80," "," ",5.693,H,,L,Y,3,0,2,4,A,-,03,22350,,F,C,C,A,A,H,-,A,D,0,,,,,Y,,-,99,0,1,1,0,0,0,0,0,0,"- ","- ",37.786380767822266,-122.39060974121094,"SAN FRANCISCO","SAN FRANCISCO",-122.39057922363281,37.786361694335938
92073109,2023,2023-05-19,9335,2023-05-16,1715,020979,,2,2,7,3801,0,1,2,,2,013,"US-101 N/B","PAUL AVE",879.00,S,N,A,-,Y,SF,,101," "," ",0.946,H,,R,N,4,0,1,2,A,-,03,22350,,N,C,C,A,A,H,-,A,D,0,,,,,Y,,D,22,0,0,1,0,0,0,0,0,0,"- ","- ",37.721340179443359,-122.400146484375,"SAN FRANCISCO","SAN FRANCISCO",-122.40015411376953,37.721340179443359
92074059,2023,2023-05-22,9335,2023-05-14,1008,023119,,7,1,7,3801,0,1,2,,2,013,"US-101 S/B TO SILVER AVE","SAN BRUNO AVE",48.00,N,N,A,-,Y,SF,,101," "," ",1.687,H,,L,N,4,0,3,2,A,-,07,21658,A,N,B,C,A,A,H,-,A,A,0,,,,,Y,,I,20,0,0,3,0,0,0,0,0,0,"- ","- ",37.731399536132812,-122.40492248535156,"SAN FRANCISCO","SAN FRANCISCO",-122.40464019775391,37.731479644775391
92075288,2023,2023-06-12,9335,2023-05-20,1250,022703,,6,1,7,3801,0,1,2,,2,013,"US-101 NORTHBOUND","THE PAUL AVENUE UNDERCROSSING.",230.00,N,N,B,-,Y,SF,,101," "," ",1.168,H,,R,N,4,0,3,3,A,-,03,22350,,N,C,C,A,A,H,-,A,D,0,,,,,Y,,A,01,0,0,3,0,0,0,0,0,0,"- ","- ",37.724338531494141,-122.40132904052734,"SAN FRANCISCO","SAN FRANCISCO",-122.40133666992188,37.724338531494141
92075316,2023,2023-05-23,9335,2023-05-19,"730 ",023119,,5,1,7,3801,0,1,1,,2,022,"I-280 N/B","SAN JOSE AVENUE O/C",40.00,S,N,A,-,Y,SF,,280," ",R,1.440,H,,R,Y,4,0,1,1,C,-,18,,,N,E,I,A,A,H,-,A,D,0,,,,,Y,,-,"- ",0,0,1,0,0,0,0,0,0,"- ","- ",37.718299865722656,-122.44846343994141,"SAN FRANCISCO","SAN FRANCISCO",-122.44842529296875,37.718296051025391
92077270,2023,2023-05-25,9350,2023-05-16,1124,017729,,2,1,7,3801,0,1,2,,2,020,"US-101 S/B","NORTH TOWER OF GOLDEN GATE BRIDGE",175.00,S,N,E,-,Y,,,,,,,,,,Y,3,0,1,2,A,-,07,21658,A,N,C,C,A,A,H,-,A,D,0,,,,,Y,,A,07,0,1,0,0,0,0,0,0,0,"- ","- ",37.825069427490234,-122.47920227050781,"SAN FRANCISCO","SAN FRANCISCO",-122.47945404052734,37.825031280517578
92080362,2023,2023-11-06,9335,2023-05-17,1140,023111,,3,1,7,3801,0,1,2,,2,013,"US-101 N/B","BAYSHORE BOULEVARD OVERCROSSING",3082.00,N,N,A,-,Y,SF,,101," "," ",1.190,H,,R,Y,4,0,1,2,A,-,07,21658,A,N,B,C,A,A,H,-,C,D,0,,,,,Y,,-,"- ",0,0,1,0,0,0,0,0,0,"- ","- ",37.724651336669922,-122.40145874023438,"SAN FRANCISCO","SAN FRANCISCO",-122.40146636962891,37.724647521972656
92080379,2023,2023-05-29,9335,2023-05-11,2225,022920,,4,3,7,3801,0,1,1,,2,022,"I-280 S/B","THE LYELL STREET UNDERCROSSING",505.00,S,N,A,-,Y,SF,,280," ",R,2.809,H,,L,N,4,0,1,2,A,-,03,22350,,N,C,2,A,A,H,-,C,D,0,,,,,Y,,A,01,0,0,1,0,0,0,0,0,0,"- ","- ",37.731868743896484,-122.43361663818359,"SAN FRANCISCO","SAN FRANCISCO",-122.43363952636719,37.731906890869141
92080433,2023,2023-05-29,9335,2023-05-20,1300,023119,,6,1,7,3801,0,1,2,,2,014,"US-101 N/B TO OCTAVIA BLVD","OCTAVIA BLVD",457.00,S,N,A,-,Y,SF,,101," ",M,5.381,H,,R,Y,4,0,2,7,A,-,03,22350,,N,B,C,A,A,H,-,A,A,0,,,,,Y,,A,01,0,0,2,0,0,0,0,0,0,"- ","- ",37.770778656005859,-122.42243957519531,"SAN FRANCISCO","SAN FRANCISCO",-122.42244720458984,37.770774841308594
92080499,2023,2023-05-29,9335,2023-05-23,1201,021957,,2,1,7,3801,0,1,1,,1,081,"I-80 W/B","TREASURE ISLAND RD. OVERCROSSING",130.00,W,N,A,-,Y,SF,,80," "," ",7.693,H,,L,N,4,0,2,2,A,-,03,22350,,N,C,C,A,A,H,-,A,D,0,,,,,Y,,A,01,0,0,2,0,0,0,0,0,0,"- ","- ",37.808708190917969,-122.36659240722656,"SAN FRANCISCO","SAN FRANCISCO",-122.36659240722656,37.808712005615234
92080504,2023,2023-05-29,9335,2023-05-23,1440,018688,,2,2,7,3801,0,1,1,,2,080,"I-80 E/B","BRYANT ST.",30.00,W,N,A,-,Y,SF,,80," "," ",4.316,H,,R,N,4,0,1,2,A,-,07,21658,A,N,B,C,A,A,H,-,A,D,0,,,,Y,Y,,A,01,0,0,1,0,0,0,0,0,0,"- ","- ",37.772659301757812,-122.40657043457031,"SAN FRANCISCO","SAN FRANCISCO",-122.40657806396484,37.772659301757812
92081065,2023,2023-08-24,9335,2023-05-20,2255,023063,,6,3,7,3801,0,1,1,,2,080,"I-80 EASTBOUND","5TH STREET",204.00,W,N,B,-,Y,SF,,80," "," ",4.790,H,,R,N,3,0,1,2,A,-,07,21658,A,M,B,A,A,A,H,-,C,D,0,,,Y,,Y,,A,07,0,1,0,0,0,0,0,0,1,"- ","- ",37.777919769287109,-122.40158081054688,"SAN FRANCISCO","SAN FRANCISCO",-122.40153503417969,37.777862548828125
92081228,2023,2023-05-30,9335,2023-05-28,"250 ",023063,,7,3,7,3801,0,1,1,,1,083,"I-80 EASTBOUND","TREASURE ISLAND RD",600.00,W,N,A,-,Y,SF,,80," "," ",7.607,H,,R,Y,4,0,1,2,A,-,01,23152,G,N,E,I,A,A,H,-,C,D,0,,,,,Y,Y,A,07,0,0,1,0,0,0,0,0,0,"- ","- ",37.807811737060547,-122.36770629882812,"SAN FRANCISCO","SAN FRANCISCO",-122.36750030517578,37.807670593261719
92081377,2022,2023-05-30,9335,2022-09-01,1140,022823,,4,1,7,3801,0,1,2,,2,014,"US-101 N/B","23RD ST.",112.00,S,N,A,-,Y,SF,,101,,,3.340,H,,R,N,4,0,1,2,A,-,07,21658,A,N,B,C,A,A,H,-,A,D,0,,,,Y,Y,,G,25,0,0,1,0,0,0,0,0,0,"- ","- ",37.754131317138672,-122.40292358398438,"SAN FRANCISCO","SAN FRANCISCO",-122.40290069580078,37.754131317138672
92083685,2023,2024-05-08,9335,2023-05-30,2235,023121,,2,3,7,3801,0,1,1,,1,081,"I-80 W/B","TREASURE ISLAND ROAD",3471.00,W,N,A,-,Y,SF,,80," "," ",7.070,H,,L,Y,1,1,2,2,A,-,03,22350,,N,C,C,A,A,H,-,C,D,0,,,,,Y,,A,01,1,0,1,0,0,0,0,0,0,"- ","- ",37.801811218261719,-122.37416076660156,"SAN FRANCISCO","SAN FRANCISCO",-122.37393188476562,37.801654815673828
92084826,2023,2023-06-02,9335,2023-05-28,1240,018053,,7,1,7,3801,0,1,1,,2,024,"I-280 N/B","16TH STREET UNDER CROSSING",375.00,N,N,A,-,Y,SF,,280," ",R,6.949,H,,R,N,3,0,2,3,A,-,03,22350,,N,C,C,A,A,H,-,A,D,0,,,,,Y,,A,01,0,1,1,0,0,0,0,0,0,"- ","- ",37.767429351806641,-122.39546966552734,"SAN FRANCISCO","SAN FRANCISCO",-122.39549255371094,37.767414093017578
92086446,2023,2023-06-05,9335,2023-04-24,"19  ",017667,,1,3,7,3801,0,1,2,,2,014,"US-101 S/B TO CESAR CHAVEZ ST.","CESAR CHAVEZ ST",135.00,N,N,A,-,Y,SF,,101," "," ",3.028,H,,L,Y,3,0,4,2,A,-,03,22350,,F,C,C,A,A,H,-,C,D,0,,,,,Y,,A,01,0,4,0,0,0,0,0,0,0,"- ","- ",37.749771118164062,-122.40396881103516,"SAN FRANCISCO","SAN FRANCISCO",-122.40370941162109,37.749717712402344
92087052,2023,2023-06-06,9335,2023-05-15,1705,022525,,1,2,7,3801,0,1,1,,1,083,"I-80 EB","TREASURE ISLAND TUNNEL",400.00,E,N,A,-,Y,SF,,80," ",R,8.193,H,,R,N,4,0,1,3,A,-,08,22107,,N,B,C,A,A,H,-,A,D,0,,,Y,,Y,,C,02,0,0,1,0,0,0,0,0,1,"- ","- ",37.814090728759766,-122.36035919189453,"SAN FRANCISCO","SAN FRANCISCO",-122.36039733886719,37.814125061035156
92087289,2023,2023-06-06,9335,2023-04-16,2130,023082,,7,2,7,3801,0,1,1,,2,080,"I-80 E/B","BRYANT STREET",90.00,E,N,A,-,Y,SF,,80," "," ",4.351,H,,R,Y,4,0,1,2,A,-,03,22350,,F,C,2,A,A,H,-,C,D,0,,,Y,,Y,,A,07,0,0,1,0,0,0,0,0,1,"- ","- ",37.773189544677734,-122.40663146972656,"SAN FRANCISCO","SAN FRANCISCO",-122.40658569335938,37.773185729980469
92087330,2023,2023-06-06,9350,2023-06-02,2043,022432,,5,2,7,3801,0,1,2,,2,020,"US-101 S/B","LINCOLN BLVD",485.00,N,N,A,-,Y,,,,,,,,,,Y,4,0,1,1,A,-,03,22350,,N,A,I,A,A,H,-,C,D,0,,,,,Y,,A,08,0,0,1,0,0,0,0,0,0,"- ","- ",37.807258605957031,-122.4757080078125,"SAN FRANCISCO","SAN FRANCISCO",-122.47576904296875,37.807197570800781
92088033,2023,2023-06-07,9335,2023-05-08,"140 ",022860,,1,3,7,3801,0,1,1,,2,023,"I-280 N/B","THE MISSION STREET OVERCROSSING",80.00,N,N,A,-,Y,SF,,280," ",R,3.120,H,,R,Y,2,0,1,1,A,-,01,23152,A,N,E,I,A,A,H,-,D,D,0,,,,,Y,Y,A,01,1,0,0,0,0,0,0,0,0,"- ","- ",37.731758117675781,-122.42810821533203,"SAN FRANCISCO","SAN FRANCISCO",-122.42809295654297,37.731819152832031
92088127,2023,2023-06-07,9335,2023-05-27,1156,021957,,6,1,7,3801,0,1,1,,1,081,"I-80 WB","TREASURE ISLAND RD. OVERCROSSING",1023.00,W,N,A,-,Y,SF,,80," "," ",7.527,H,,L,N,3,0,1,3,A,-,03,22350,,N,C,C,A,A,H,-,A,D,0,,,,,Y,,A,01,0,1,0,0,0,0,0,0,0,"- ","- ",37.806911468505859,-122.36865997314453,"SAN FRANCISCO","SAN FRANCISCO",-122.36845397949219,37.806774139404297
92088463,2023,2023-06-07,9335,2023-05-25,1820,023121,,4,2,7,3801,0,1,1,,2,022,"I-280 S/B","ALEMANY BOULEVARD",400.00,S,N,A,-,Y,SF,,280," ",R,0.397,H,,L,Y,4,0,1,2,A,-,08,22107,,N,E,2,A,A,H,-,A,D,0,,,,,Y,,A,01,0,0,1,0,0,0,0,0,0,"- ","- ",37.710491180419922,-122.462646484375,"SAN FRANCISCO","SAN FRANCISCO",-122.462646484375,37.7105712890625
92089081,2023,2023-06-08,9335,2023-05-24,1757,018804,,3,2,7,3801,0,1,2,,2,013,"US 101 N/B","PAUL AVE",366.00,N,N,A,-,Y,SF,,101," "," ",1.193,H,,R,N,3,0,1,5,A,-,03,22350,,N,C,C,A,A,H,-,A,D,0,,,,,Y,,A,07,0,1,0,0,0,0,0,0,0,"- ","- ",37.724700927734375,-122.40145874023438,"SAN FRANCISCO","SAN FRANCISCO",-122.4014892578125,37.724693298339844
92089107,2023,2023-06-08,9335,2023-06-02,1228,020384,,5,1,7,3801,0,1,1,,1,081,"I-80 W/B",EMBARCADERO,2112.00,E,N,A,-,Y,SF,,80," "," ",6.320,H,,L,N,4,0,1,2,A,-,03,22350,,M,C,C,A,A,H,-,A,D,0,,,,,Y,,-,99,0,0,1,0,0,0,0,0,0,"- ","- ",37.793430328369141,-122.38314819335938,"SAN FRANCISCO","SAN FRANCISCO",-122.38299560546875,37.793323516845703
92089137,2023,2023-06-08,9335,2023-06-02,1900,022823,,5,2,7,3801,0,1,1,,1,083,"I-80 E/B","YERBA BUENA ISLAND",1470.00,W,N,A,-,Y,SF,,80," "," ",7.451,H,,R,N,4,0,1,2,A,-,03,22350,,N,C,C,A,A,H,-,A,D,0,,,,,Y,,A,01,0,0,1,0,0,0,0,0,0,"- ","- ",37.805801391601562,-122.36920166015625,"SAN FRANCISCO","SAN FRANCISCO",-122.36937713623047,37.805915832519531
92089396,2023,2023-06-08,9335,2023-05-09,1033,018804,,2,1,7,3801,0,1,2,,2,013,"US 101 S/B","ALEMANY BLVD.",202.00,N,N,A,-,Y,SF,,101," "," ",2.185,H,,L,N,3,0,1,2,C,-,18,,,N,E,8,A,A,H,-,A,D,0,,,,Y,Y,,-,"- ",0,1,0,0,0,0,0,0,0,"- ","- ",37.738319396972656,-122.40805816650391,"SAN FRANCISCO","SAN FRANCISCO",-122.40811157226562,37.738315582275391
92089502,2023,2023-06-08,9335,2023-06-06,"546 ",018804,,2,3,7,3801,0,1,1,,1,081,"I-80 W/B","ARMY RD.",700.00,E,N,B,-,Y,SF,,80," ",R,8.404,H,,L,N,4,0,2,2,A,-,03,22350,,N,C,C,A,A,H,-,A,D,0,,,,,Y,,A,01,0,0,2,0,0,0,0,0,0,"- ","- ",37.816249847412109,-122.35745239257812,"SAN FRANCISCO","SAN FRANCISCO",-122.35747528076172,37.8162841796875
92089507,2023,2023-06-08,9335,2023-06-03,1513,022920,,6,2,7,3801,0,1,2,,2,015,"US-101 S/B","THE HARRISON STREET UNDERCROSSING",60.00,S,N,A,-,Y,SF,,101," ",R,4.847,H,,L,N,4,0,1,3,A,-,03,22350,,M,C,C,A,A,H,-,A,D,0,,,,,Y,Y,D,22,0,0,1,0,0,0,0,0,0,"- ","- ",37.769439697265625,-122.41309356689453,"SAN FRANCISCO","SAN FRANCISCO",-122.4130859375,37.769458770751953
92089547,2023,2023-06-08,9335,2023-06-07,1555,022703,,3,2,7,3801,0,1,2,,2,013,"US-101 NORTHBOUND","ALEMANY BLVD",45.00,N,N,A,-,Y,SF,,101," "," ",2.051,H,,R,Y,4,0,2,2,A,-,08,22107,,N,C,C,A,A,H,-,A,D,0,,,,,Y,,A,01,0,0,2,0,0,0,0,0,0,"- ","- ",37.736370086669922,-122.40744018554688,"SAN FRANCISCO","SAN FRANCISCO",-122.40737152099609,37.736392974853516
92091439,2023,2023-06-12,9335,2023-06-06,"710 ",023119,,2,1,7,3801,0,1,2,,2,014,"US-101 N/B","16TH STREET",25.00,N,N,B,-,Y,SF,,101," "," ",4.234,H,,R,Y,4,0,1,1,A,-,08,22107,,N,E,I,A,A,H,-,A,D,0,,,,,Y,,A,01,0,0,1,0,0,0,0,0,0,"- ","- ",37.766078948974609,-122.40496826171875,"SAN FRANCISCO","SAN FRANCISCO",-122.40504455566406,37.766075134277344
92091788,2023,2023-06-12,9335,2023-06-08,"636 ",020384,,4,1,7,3801,0,1,2,,2,013,"US-101 N/B","MARIN STREET",480.00,S,N,A,-,Y,,,,,,,,,,Y,4,0,2,3,A,-,03,22350,,N,C,C,A,A,H,-,A,D,0,,,,,Y,,A,01,0,0,2,0,0,0,0,0,0,"- ","- ",37.746829986572266,-122.40386199951172,"SAN FRANCISCO","SAN FRANCISCO",-122.40436553955078,37.746997833251953
92092596,2023,2023-06-13,9335,2023-06-06,"830 ",022032,,2,1,7,3801,0,1,1,,2,023,"I-280 N/B","ST MARY'S PARK FOOTBRIDGE",1610.00,N,N,B,-,Y,SF,,280," ",R,3.842,H,,R,N,4,0,1,2,A,-,03,22350,,N,C,C,A,B,H,-,A,D,0,,,,,Y,,A,07,0,0,1,0,0,0,0,0,0,"- ","- ",37.732051849365234,-122.41504669189453,"SAN FRANCISCO","SAN FRANCISCO",-122.41506195068359,37.732078552246094
92094457,2023,2023-06-15,9335,2023-06-11,"715 ",023119,,7,1,7,3801,0,1,1,,2,022,"I-280 N/B","PAULDING ST O/C",126.00,S,N,A,-,Y,SF,,280," ",R,2.178,H,,R,Y,4,0,1,2,A,-,08,22107,,N,D,2,A,A,H,-,A,D,0,,,,,Y,,A,07,0,0,1,0,0,0,0,0,0,"- ","- ",37.728031158447266,-122.44390106201172,"SAN FRANCISCO","SAN FRANCISCO",-122.44384765625,37.727981567382812
92094483,2023,2023-06-15,9335,2023-06-12,1430,022920,,1,2,7,3801,0,1,1,,2,080,"I-80 W/B","THE EMBACADERO UNDERCROSSING",545.00,E,N,A,-,Y,SF,,80," "," ",6.018,H,,L,N,3,0,2,3,A,-,03,22350,,N,C,C,A,A,H,-,A,D,0,,,,,Y,,A,07,0,1,1,0,0,0,0,0,0,"- ","- ",37.789970397949219,-122.38665008544922,"SAN FRANCISCO","SAN FRANCISCO",-122.38665008544922,37.789970397949219
92094644,2023,2023-06-15,9335,2023-06-06,2115,023118,,2,2,7,3801,0,1,1,,1,081,"I-80 W/B","TREASURE ISLAND RD",500.00,W,N,A,-,Y,SF,,80," "," ",7.631,H,,L,Y,4,0,2,2,A,-,03,22350,,N,C,C,A,A,H,-,D,D,0,,,,,Y,,A,01,0,0,2,0,0,0,0,0,0,"- ","- ",37.808059692382812,-122.367431640625,"SAN FRANCISCO","SAN FRANCISCO",-122.36724090576172,37.807956695556641
92094663,2023,2023-06-15,9335,2023-06-10,1620,021222,,6,2,7,3801,0,1,1,,1,083,"I-80 EASTBOUND","NORTHGATE ROAD",500.00,E,N,A,-,Y,SF,,80," ",R,8.197,H,,R,N,4,0,1,2,A,-,03,22350,,N,C,C,A,A,H,-,A,D,0,,,,,Y,,A,01,0,0,1,0,0,0,0,0,0,"- ","- ",37.814079284667969,-122.36026000976562,"SAN FRANCISCO","SAN FRANCISCO",-122.36033630371094,37.814159393310547
92094746,2023,2023-06-15,9335,2023-06-14,"828 ",018053,,3,1,7,3801,0,1,2,,2,013,"US-101 S/B","CESAR CHAVEZ STREET U/C",865.00,S,N,A,-,Y,SF,,101," "," ",2.845,H,,L,Y,4,0,1,2,A,-,03,22350,,N,C,C,A,A,H,-,A,D,0,,,,,Y,,A,01,0,0,1,0,0,0,0,0,0,"- ","- ",37.747138977050781,-122.40447998046875,"SAN FRANCISCO","SAN FRANCISCO",-122.40453338623047,37.747150421142578
92094826,2023,2023-06-15,9335,2023-06-15,"531 ",020384,,4,3,7,3801,0,1,1,,2,080,"I-80 W/B","2ND ST",250.00,W,N,B,-,Y,SF,,80," "," ",5.358,H,,L,N,4,0,1,3,A,-,03,22350,,N,C,C,A,A,H,-,B,D,0,,,,,Y,,A,01,0,0,1,0,0,0,0,0,0,"- ","- ",37.783279418945312,-122.39518737792969,"SAN FRANCISCO","SAN FRANCISCO",-122.39523315429688,37.783317565917969
92095517,2023,2023-06-16,9335,2023-06-11,"245 ",022860,,7,3,7,3801,0,1,1,,1,083,"I-80 E/B","FOREST HILL ROAD",500.00,E,N,A,-,Y,SF,,80," ",R,7.906,H,,R,Y,4,0,1,1,A,-,08,22107,,N,E,I,A,A,H,-,C,D,0,,,,,Y,,A,01,0,0,1,0,0,0,0,0,0,"- ","- ",37.811069488525391,-122.36393737792969,"SAN FRANCISCO","SAN FRANCISCO",-122.36405944824219,37.811141967773438
92095550,2023,2023-06-16,9335,2023-06-08,1625,022920,,4,2,7,3801,0,1,2,,2,013,"US-101 S/B","THE CORTLAND AVENUE UNDERCROSSING",445.00,N,N,A,-,Y,SF,,101," "," ",2.366,H,,L,Y,3,0,2,3,A,-,03,22350,,N,C,C,A,A,H,-,A,D,0,,,,,Y,,A,01,0,1,1,0,0,0,0,0,0,"- ","- ",37.740898132324219,-122.40782165527344,"SAN FRANCISCO","SAN FRANCISCO",-122.40789031982422,37.740909576416016
92095552,2023,2023-06-16,9335,2023-06-08,1115,023111,,4,1,7,3801,0,1,1,,2,023,"I-280 N/B","BARNEVELD AVENUE",540.00,S,N,A,-,Y,SF,,280," ",R,4.163,H,,R,Y,4,0,1,1,A,-,08,22107,,N,E,I,A,A,H,-,A,D,0,,,,,Y,,A,08,0,0,1,0,0,0,0,0,0,"- ","- ",37.734199523925781,-122.40978240966797,"SAN FRANCISCO","SAN FRANCISCO",-122.40975952148438,37.734157562255859
92095585,2023,2023-06-16,9335,2023-06-03,2005,022920,,6,2,7,3801,0,1,1,,2,022,"I-280 N/B","THE GENEVA STREET OVERCROSSING",515.00,S,N,A,-,Y,SF,,280," ",R,1.538,H,,R,Y,4,0,1,2,A,-,07,21658,A,N,C,C,A,A,H,-,C,D,0,,,,,Y,,A,01,0,0,1,0,0,0,0,0,0,"- ","- ",37.719669342041016,-122.44809722900391,"SAN FRANCISCO","SAN FRANCISCO",-122.44825744628906,37.719684600830078
92095817,2023,2023-06-16,9335,2023-06-07,"238 ",019210,,3,3,7,3801,0,1,2,,2,013,"US-101 S/B TO I-280 S/B, TO ALEMANY BLVD","ALEMANY BLVD",10.00,S,N,B,-,Y,,,,,,,,,,Y,3,0,1,1,A,-,08,22107,,M,E,8,A,A,H,-,C,A,0,,,,,Y,,A,01,0,1,0,0,0,0,0,0,0,"- ","- ",37.734619140625,-122.41066741943359,"SAN FRANCISCO","SAN FRANCISCO",-122.40807342529297,37.737972259521484
92096704,2023,2024-10-09,9335,2023-06-10,2204,023063,,6,3,7,3801,0,1,1,,1,083,"I-80 EASTBOUND","BEALE ST.",72.00,E,N,A,-,Y,SF,,80," "," ",5.742,H,,R,Y,4,0,1,3,A,-,07,21658,A,M,C,C,A,A,H,-,C,D,0,,,,,Y,,-,99,0,0,1,0,0,0,0,0,0,"- ","- ",37.786949157714844,-122.39006042480469,"SAN FRANCISCO","SAN FRANCISCO",-122.38999176025391,37.786903381347656
92097021,2023,2023-06-19,9335,2023-06-15,1137,020384,,4,1,7,3801,0,1,1,,2,024,"I-280 N/B","NEWCOMB AVE",150.00,N,N,A,-,Y,SF,,280," ",R,4.908,H,,R,Y,4,0,1,3,A,-,03,22350,,N,C,C,A,A,H,-,A,D,0,,,,,Y,,D,22,0,0,1,0,0,0,0,0,0,"- ","- ",37.740898132324219,-122.39888763427734,"SAN FRANCISCO","SAN FRANCISCO",-122.39884185791016,37.740871429443359
92097581,2023,2023-06-20,9335,2023-06-10,1030,023111,,6,1,7,3801,0,1,2,,2,013,"US-101 NB",I-280,208.00,S,N,A,-,Y,SF,,101," "," ",1.922,H,,R,Y,4,0,1,2,A,-,03,22350,,N,C,C,A,A,H,-,A,D,0,,,,,Y,,A,01,0,0,1,0,0,0,0,0,0,"- ","- ",37.73468017578125,-122.40634918212891,"SAN FRANCISCO","SAN FRANCISCO",-122.40634918212891,37.73468017578125