CASE_ID,ACCIDENT_YEAR,PROC_DATE,JURIS,COLLISION_DATE,COLLISION_TIME,OFFICER_ID,REPORTING_DISTRICT,DAY_OF_WEEK,CHP_SHIFT,POPULATION,CNTY_CITY_LOC,SPECIAL_COND,BEAT_TYPE,CHP_BEAT_TYPE,CITY_DIVISION_LAPD,CHP_BEAT_CLASS,BEAT_NUMBER,PRIMARY_RD,SECONDARY_RD,DISTANCE,DIRECTION,INTERSECTION,WEATHER_1,WEATHER_2,STATE_HWY_IND,CALTRANS_COUNTY,CALTRANS_DISTRICT,STATE_ROUTE,ROUTE_SUFFIX,POSTMILE_PREFIX,POSTMILE,LOCATION_TYPE,RAMP_INTERSECTION,SIDE_OF_HWY,TOW_AWAY,COLLISION_SEVERITY,NUMBER_KILLED,NUMBER_INJURED,PARTY_COUNT,PRIMARY_COLL_FACTOR,PCF_CODE_OF_VIOL,PCF_VIOL_CATEGORY,PCF_VIOLATION,PCF_VIOL_SUBSECTION,HIT_AND_RUN,TYPE_OF_COLLISION,MVIW,PED_ACTION,ROAD_SURFACE,ROAD_COND_1,ROAD_COND_2,LIGHTING,CONTROL_DEVICE,CHP_ROAD_TYPE,PEDESTRIAN_ACCIDENT,BICYCLE_ACCIDENT,MOTORCYCLE_ACCIDENT,TRUCK_ACCIDENT,NOT_PRIVATE_PROPERTY,ALCOHOL_INVOLVED,STWD_VEHTYPE_AT_FAULT,CHP_VEHTYPE_AT_FAULT,COUNT_SEVERE_INJ,COUNT_VISIBLE_INJ,COUNT_COMPLAINT_PAIN,COUNT_PED_KILLED,COUNT_PED_INJURED,COUNT_BICYCLIST_KILLED,COUNT_BICYCLIST_INJURED,COUNT_MC_KILLED,COUNT_MC_INJURED,PRIMARY_RAMP,SECONDARY_RAMP,LATITUDE,LONGITUDE,COUNTY,CITY,POINT_X,POINT_Y
92097645,2023,2023-06-20,9335,2023-06-02,2339,023082,,5,3,7,3801,0,1,1,,1,081,"I-80 W/B","TREASURE ISLAND RD",660.00,W,N,A,-,Y,SF,,80," "," ",7.592,H,,L,Y,4,0,1,3,A,-,07,21658,A,M,C,C,A,A,H,-,A,D,0,,,,,Y,Y,A,01,0,0,1,0,0,0,0,0,0,"- ","- ",37.807640075683594,-122.36788177490234,"SAN FRANCISCO","SAN FRANCISCO",-122.36767578125,37.807506561279297
92097653,2023,2023-06-20,9335,2023-06-08,1540,022920,,4,2,7,3801,0,1,1,,2,022,"I-280 S/B","THE CONGDON STREET OVERCROSSING",65.00,N,N,A,-,Y,SF,,280," ",R,3.296,H,,L,N,4,0,1,2,A,-,03,22350,,N,C,2,A,A,H,-,A,D,0,,,,,Y,,D,22,0,0,1,0,0,0,0,0,0,"- ","- ",37.731510162353516,-122.42478179931641,"SAN FRANCISCO","SAN FRANCISCO",-122.42478179931641,37.731533050537109
92097677,2023,2023-06-20,9335,2023-06-16,1815,022920,,5,2,7,3801,0,1,2,,2,014,"US-101 N/B","THE 18TH STREET PEDESTRIAN OVERCROSSING",123.00,S,N,A,-,Y,SF,,101," "," ",3.934,H,,R,N,3,0,1,2,A,-,03,22350,,N,C,C,A,A,H,-,A,D,0,,,,,Y,,A,01,0,1,0,0,0,0,0,0,0,"- ","- ",37.761821746826172,-122.40589141845703,"SAN FRANCISCO","SAN FRANCISCO",-122.40584564208984,37.761802673339844
92097750,2023,2023-06-20,9350,2023-06-15,1325,022133,,4,1,7,3801,0,1,2,,2,020,"US-101 N/B (GGB MULTI-USE PATH)","LINCOLN BLVD UNDERCROSSING",1728.00,N,N,B,-,Y,,,,,,,,,,N,3,0,1,2,A,-,08,22107,,N,B,G,A,D,H,-,A,D,0,,Y,,,Y,,L,04,0,1,0,0,0,0,1,0,0,"- ","- ",37.81072998046875,-122.47734069824219,"SAN FRANCISCO","SAN FRANCISCO",-122.4775390625,37.810707092285156
92098846,2023,2023-06-21,9335,2023-06-13,2045,021588,,2,2,7,3801,0,1,1,,2,021,"I-280 NORTHBOUND","JUNIPERO SERRA BLVD",950.00,N,N,B,-,Y,SM,,280," ",R,26.690,H,,R,N,4,0,1,2,A,-,03,22350,,N,C,C,A,A,H,-,C,D,0,,,,,Y,,A,01,0,0,1,0,0,0,0,0,0,"- ","- ",37.698299407958984,-122.47133636474609,"SAN FRANCISCO","SAN FRANCISCO",-122.47132110595703,37.698299407958984
92101004,2023,2023-06-23,9350,2023-06-22,2000,022411,,4,2,7,3801,0,1,2,,2,010,"US-101 N/B TO SR-1 S/B","LINCONLN BLVD",1478.00,S,N,A,-,Y,SF,,101," ",R,9.384,H,,R,N,4,0,1,1,A,-,03,22350,,N,F,A,A,B,H,-,B,D,0,,,,,Y,,A,01,0,0,1,0,0,0,0,0,0,"- ","- ",37.803791046142578,-122.47061920166016,"SAN FRANCISCO","SAN FRANCISCO",-122.47071075439453,37.803657531738281
92101682,2023,2023-06-26,9335,2023-06-17,1330,022920,,6,1,7,3801,0,1,1,,2,023,"I-280 N/B","THE 16TH STREET UNDERCROSSING",385.00,N,N,A,-,Y,SF,,280," ",R,6.951,H,,R,N,4,0,1,2,A,-,03,22350,,N,C,C,A,A,H,-,A,D,0,,,,,Y,,A,01,0,0,1,0,0,0,0,0,0,"- ","- ",37.767448425292969,-122.39550018310547,"SAN FRANCISCO","SAN FRANCISCO",-122.39551544189453,37.767436981201172
92101786,2023,2023-06-26,9335,2023-06-19,1525,022703,,1,2,7,3801,0,1,1,,2,023,"I-280 NORTHBOUND","THE ALEMANY BOULEVARD OVERCROSSING",220.00,S,N,A,-,Y,SF,,280," ",R,3.823,H,,R,N,4,0,3,2,A,-,03,22350,,M,B,C,A,A,H,-,A,D,0,,,,,Y,,-,99,0,0,3,0,0,0,0,0,0,"- ","- ",37.732059478759766,-122.41539764404297,"SAN FRANCISCO","SAN FRANCISCO",-122.41538238525391,37.732002258300781
92101792,2023,2023-06-26,9335,2023-06-05,"255 ",023082,,1,3,7,3801,0,1,2,,2,015,"US-101 N/B","MARKET ST",60.00,S,N,A,-,Y,SF,,101," ",M,5.439,H,,R,Y,3,0,1,3,A,-,01,23152,A,N,B,C,A,A,H,-,C,A,0,,,,,Y,Y,A,01,0,1,0,0,0,0,0,0,0,"- ","- ",37.771678924560547,-122.42321014404297,"SAN FRANCISCO","SAN FRANCISCO",-122.42319488525391,37.771686553955078
92101836,2023,2023-06-26,9335,2023-06-17,"655 ",021957,,6,1,7,3801,0,1,1,,2,080,"I-80 WB TO 5TH ST","5TH ST.",190.00,E,N,A,-,Y,SF,,80," "," ",4.878,H,,L,N,4,0,1,2,A,-,01,23152,A,N,E,I,A,A,H,-,A,A,0,,,,,Y,Y,A,01,0,0,1,0,0,0,0,0,0,"- ","- ",37.778980255126953,-122.40072631835938,"SAN FRANCISCO","SAN FRANCISCO",-122.40077972412109,37.779022216796875
92101839,2023,2023-06-26,9335,2023-06-18,"255 ",023067,,7,3,7,3801,0,1,1,,1,083,"I-80 E/B","TREASURE ISLAND RD",672.00,W,N,A,-,Y,SF,,80," "," ",7.593,H,,R,Y,3,0,1,2,A,-,07,21658,A,N,B,D,A,A,H,-,C,D,0,,,,,Y,,A,07,0,1,0,0,0,0,0,0,0,"- ","- ",37.807621002197266,-122.36782836914062,"SAN FRANCISCO","SAN FRANCISCO",-122.36766815185547,37.807514190673828
92102084,2023,2023-06-26,9335,2023-06-18,2315,022179,,7,3,7,3801,0,1,1,,2,022,"I-280 S/B","FARALLONES STREET PEDESTRIAN O/C",270.00,N,N,A,-,Y,SF,,280," ",R,1.118,H,,L,N,4,0,1,2,A,-,03,22350,,M,C,C,A,A,H,-,D,D,0,,,,,Y,,A,01,0,0,1,0,0,0,0,0,0,"- ","- ",37.714298248291016,-122.45130157470703,"SAN FRANCISCO","SAN FRANCISCO",-122.45125579833984,37.714267730712891
92102433,2023,2023-06-26,9335,2023-06-20,1930,021424,,2,2,7,3801,0,1,1,,2,024,"I-280 N/B TO 6TH STREET","TOWNSEND ST",200.00,S,N,A,-,Y,SF,,280," ",T,7.376,H,,R,N,4,0,2,2,A,-,03,22350,,M,C,C,A,A,H,-,A,D,0,,,,,Y,,-,99,0,0,2,0,0,0,0,0,0,"- ","- ",37.773029327392578,-122.39897155761719,"SAN FRANCISCO","SAN FRANCISCO",-122.39897155761719,37.773029327392578
92102849,2023,2023-06-27,9335,2023-06-15,2225,021754,,4,3,7,3801,0,1,2,,2,013,"US-101 S/B","PAUL AVE. UNDERCROSS",380.00,S,N,A,-,Y,SF,,101," "," ",1.051,H,,L,Y,4,0,1,3,A,-,03,22350,,N,C,C,A,A,H,-,C,D,0,,,,,Y,,A,01,0,0,1,0,0,0,0,0,0,"- ","- ",37.722751617431641,-122.40087127685547,"SAN FRANCISCO","SAN FRANCISCO",-122.40094757080078,37.722728729248047
92102856,2023,2023-06-27,9335,2023-06-19,2205,021672,,1,3,7,3801,0,1,1,,1,083,"I-80 E/B","TREASURE ISLAND TUNNEL",4382.00,E,N,A,-,Y,SF,,80," ",R,8.708,H,,R,N,3,0,1,1,A,-,01,23152,A,N,F,A,A,A,H,-,C,D,0,,,,,Y,Y,A,01,0,1,0,0,0,0,0,0,0,"- ","- ",37.818260192871094,-122.35244750976562,"SAN FRANCISCO","SAN FRANCISCO",-122.35243225097656,37.818229675292969
92102901,2023,2023-06-27,9335,2023-06-25,"940 ",018053,,7,1,7,3801,0,1,1,,2,080,"I-80 E/B","16TH STREET UNDERCROSSING",93.00,E,N,A,-,Y,SF,,80," "," ",3.851,H,,R,Y,4,0,1,2,A,-,03,22350,,N,C,C,A,A,H,-,A,D,0,,,,Y,Y,,F,26,0,0,1,0,0,0,0,0,0,"- ","- ",37.766288757324219,-122.40489196777344,"SAN FRANCISCO","SAN FRANCISCO",-122.40493011474609,37.766288757324219
92103090,2023,2023-06-27,9350,2023-06-15,1842,023095,,4,2,7,3801,0,1,2,,1,120,"US101 N/B (GGB MULTIUSE PATH)","LINCOLN BLVD",6864.00,N,N,A,G,Y,,,,,,,,,,N,3,0,1,1,A,-,03,22350,,N,F,A,A,A,H,-,A,D,0,,Y,,,Y,,L,04,0,1,0,0,0,0,1,0,0,"- ","- ",37.824600219726562,-122.47898864746094,"SAN FRANCISCO","SAN FRANCISCO",-122.47930145263672,37.824554443359375
92105098,2023,2023-06-29,9335,2023-06-19,2125,023167,,1,2,7,3801,0,1,2,,2,013,"US 101 N/B","BACON ST",50.00,S,N,A,-,Y,SF,,101," "," ",1.406,H,,R,Y,3,0,1,1,A,-,08,22107,,N,E,I,A,A,H,-,C,D,0,,,,,Y,,A,07,0,1,0,0,0,0,0,0,0,"- ","- ",37.727718353271484,-122.40268707275391,"SAN FRANCISCO","SAN FRANCISCO",-122.40262603759766,37.727737426757812
92108723,2023,2023-07-03,9335,2023-06-17,2030,022920,,6,2,7,3801,0,1,2,,2,013,"US-101 S/B","THE ALEMENAY BOULEVARD UDNERCROSSING",150.00,N,N,A,-,Y,SF,,101," "," ",2.175,H,,L,Y,4,0,2,2,A,-,08,22107,,N,E,8,A,A,H,-,A,D,0,,,,,Y,,A,07,0,0,2,0,0,0,0,0,0,"- ","- ",37.738151550292969,-122.408203125,"SAN FRANCISCO","SAN FRANCISCO",-122.40808868408203,37.7381591796875
92108802,2023,2023-07-03,9335,2023-06-22,1008,021957,,4,1,7,3801,0,1,1,,1,083,"I-80 EB","THE EMBARCADERO",1702.00,E,N,A,-,Y,SF,,80," "," ",6.240,H,,R,N,4,0,1,2,C,-,18,,,N,E,J,A,A,H,-,A,D,0,,,,Y,Y,,-,"- ",0,0,1,0,0,0,0,0,0,"- ","- ",37.792469024658203,-122.384033203125,"SAN FRANCISCO","SAN FRANCISCO",-122.38397216796875,37.792427062988281
92109301,2023,2023-07-04,9335,2023-06-25,2330,023044,,7,3,7,3801,0,1,2,,2,014,"US-101 SOUTHBOUND","CESAR CHAVEZ STREET",329.00,N,N,A,-,Y,SF,,101," "," ",3.069,H,,L,Y,3,0,1,1,A,-,01,23152,A,N,E,I,A,A,H,-,C,D,0,,,,,Y,Y,A,01,0,1,0,0,0,0,0,0,0,"- ","- ",37.750339508056641,-122.40377044677734,"SAN FRANCISCO","SAN FRANCISCO",-122.40352630615234,37.750289916992188
92109500,2023,2023-07-05,9335,2023-06-29,"630 ",018053,,4,1,7,3801,0,1,1,,1,081,"I-80 W/B","YERBA BUENA ISLAND TUNNEL EAST EDGE",2922.00,E,N,A,-,Y,SF,,80," ",R,8.364,H,,L,N,4,0,3,2,A,-,03,22350,,N,C,C,A,A,H,-,A,D,0,,,,,Y,,D,22,0,0,3,0,0,0,0,0,0,"- ","- ",37.815921783447266,-122.35806274414062,"SAN FRANCISCO","SAN FRANCISCO",-122.35809326171875,37.815952301025391
92109734,2023,2023-07-05,9335,2023-07-03,1645,018688,,1,2,7,3801,0,1,2,,2,015,"US-101 S/B","HARRISON ST",180.00,S,N,A,-,Y,SF,,101," ",R,4.824,H,,L,N,4,0,1,2,A,-,03,22350,,N,C,C,A,A,H,-,A,D,0,,,,,Y,,A,07,0,0,1,0,0,0,0,0,0,"- ","- ",37.769439697265625,-122.41265869140625,"SAN FRANCISCO","SAN FRANCISCO",-122.41265869140625,37.769447326660156
92109974,2023,2023-07-05,9335,2023-06-28,1430,022703,,3,2,7,3801,0,1,1,,1,083,"I-80 EASTBOUND","THE NORTHGATE ROAD UNDERCROSSING",115.00,E,N,A,-,Y,SF,,80," ",R,8.126,H,,R,N,2,0,1,2,A,-,08,22107,,N,E,0,A,A,H,-,A,D,0,,,Y,,Y,,C,02,1,0,0,0,0,0,0,0,1,"- ","- ",37.813480377197266,-122.361328125,"SAN FRANCISCO","SAN FRANCISCO",-122.36138916015625,37.813529968261719
92110115,2023,2023-07-05,9335,2023-06-30,"930 ",021957,,5,1,7,3801,0,1,1,,1,081,"I-80 W/B","TREASURE ISLAND RD.",1056.00,W,N,A,-,Y,SF,,80," "," ",7.521,H,,L,N,4,0,2,3,A,-,03,22350,,N,C,C,A,A,H,-,A,A,0,,,,,Y,,-,33,0,0,2,0,0,0,0,0,0,"- ","- ",37.806819915771484,-122.36871337890625,"SAN FRANCISCO","SAN FRANCISCO",-122.36853790283203,37.80670166015625
92110125,2023,2023-07-05,9335,2023-06-30,"55  ",023082,,5,3,7,3801,0,1,1,,1,083,"I-80 E/B","TREASURE ISLAND RD",2080.00,W,N,A,-,Y,SF,,80," "," ",7.327,H,,R,N,4,0,1,3,A,-,03,22350,,F,C,C,A,A,D,-,C,D,0,,,,,Y,,A,08,0,0,1,0,0,0,0,0,0,"- ","- ",37.804641723632812,-122.37101745605469,"SAN FRANCISCO","SAN FRANCISCO",-122.37085723876953,37.804531097412109
92110554,2023,2023-07-06,9350,2023-06-24,"39  ",022577,,6,3,7,3801,0,1,2,,2,010,"US101 NORTHBOUND","LINCOLN BLVD",365.00,N,N,A,-,Y,,,,,,,,,,N,3,0,1,2,A,-,01,23152,G,M,E,I,A,A,C,D,C,D,0,,,,,Y,Y,A,01,0,1,0,0,0,0,0,0,0,"- ","- ",37.807170867919922,-122.47521209716797,"SAN FRANCISCO","SAN FRANCISCO",-122.47530364990234,37.807064056396484
92111553,2023,2023-07-07,9335,2023-07-06,1415,018688,,4,2,7,3801,0,1,1,,2,080,"I-80 E/B","7TH ST.",375.00,W,N,B,-,Y,SF,,80," "," ",4.407,H,,R,N,4,0,1,2,A,-,07,21658,A,N,B,C,A,A,H,-,A,D,0,,,Y,,Y,,A,01,0,0,1,0,0,0,0,0,1,"- ","- ",37.774040222167969,-122.40632629394531,"SAN FRANCISCO","SAN FRANCISCO",-122.40633392333984,37.774040222167969
92111568,2023,2023-07-07,9335,2023-07-02,2303,023082,,7,3,7,3801,0,1,2,,2,015,"US-101 S/B","15TH STREET",20.00,N,N,A,-,Y,SF,,101," ",R,4.323,H,,L,N,4,0,1,2,A,-,03,22350,,N,C,C,A,A,H,-,C,D,0,,,,,Y,,A,01,0,0,1,0,0,0,0,0,0,"- ","- ",37.767330169677734,-122.40550231933594,"SAN FRANCISCO","SAN FRANCISCO",-122.40548706054688,37.767330169677734
92111790,2023,2023-07-07,9335,2023-07-06,"930 ",018399,,4,1,7,3801,0,1,1,,1,083,"I-80 E/B","2ND ST",319.00,E,N,B,-,Y,SF,,80," "," ",5.465,H,,R,N,4,0,1,3,A,-,08,22107,,N,E,I,A,A,H,-,A,D,0,,,,,Y,,A,07,0,0,1,0,0,0,0,0,0,"- ","- ",37.784259796142578,-122.39376068115234,"SAN FRANCISCO","SAN FRANCISCO",-122.39372253417969,37.784229278564453
92111821,2023,2023-07-07,9335,2023-06-30,1515,022795,,5,2,7,3801,0,1,2,,2,013,"US-101 N/B","CESAR CHAVEZ STREET",1900.00,S,N,A,-,Y,SF,,101," "," ",2.638,H,,R,N,4,0,1,2,A,-,03,22350,,N,C,C,A,A,H,-,A,D,0,,,,,Y,,-,"- ",0,0,1,0,0,0,0,0,0,"- ","- ",37.744159698486328,-122.40535736083984,"SAN FRANCISCO","SAN FRANCISCO",-122.40541839599609,37.744182586669922
92111975,2023,2023-07-07,9335,2023-06-27,2235,023118,,2,3,7,3801,0,1,1,,1,081,"I-80 W/B","THE EMBARCADERO",3696.00,E,N,B,-,Y,SF,,80," "," ",6.596,H,,L,Y,4,0,1,2,A,-,03,22350,,N,C,C,A,A,H,-,C,D,0,,,,,Y,,A,01,0,0,1,0,0,0,0,0,0,"- ","- ",37.796531677246094,-122.37985992431641,"SAN FRANCISCO","SAN FRANCISCO",-122.37965393066406,37.79638671875
92111976,2023,2023-07-07,9335,2023-06-30,"840 ",021957,,5,1,7,3801,0,1,1,,1,081,"I-80 W/B","I-80 WB",4815.00,W,N,A,-,Y,SF,,80," "," ",6.818,H,,L,N,4,0,1,1,A,-,08,22107,,N,F,A,A,A,H,-,A,D,0,,,Y,,Y,,C,02,0,0,1,0,0,0,0,0,1,"- ","- ",37.798988342285156,-122.37718200683594,"SAN FRANCISCO","SAN FRANCISCO",-122.37696838378906,37.798847198486328
92113690,2023,2023-07-11,9335,2023-07-06,2300,023063,,4,3,7,3801,0,1,1,,1,081,"I-80 WESTBOUND","MACALLA RD",3326.00,E,N,A,-,Y,SF,,80," ",R,8.564,H,,L,Y,4,0,1,2,A,-,03,22350,,N,C,C,A,A,H,-,C,D,0,,,,,Y,,A,07,0,0,1,0,0,0,0,0,0,"- ","- ",37.817581176757812,-122.35494232177734,"SAN FRANCISCO","SAN FRANCISCO",-122.35494232177734,37.817581176757812
92115159,2023,2023-07-12,9335,2023-07-11,1611,018688,,2,2,7,3801,0,1,1,,1,083,"I-80 E/B","CECTER ANCHORAGE",3086.00,E,N,A,-,Y,SF,,80," "," ",7.352,H,,R,Y,4,0,2,2,A,-,03,22350,,N,C,C,A,A,H,-,A,D,0,,,,,Y,,A,01,0,0,2,0,0,0,0,0,0,"- ","- ",37.804821014404297,-122.37055206298828,"SAN FRANCISCO","SAN FRANCISCO",-122.37054443359375,37.804817199707031
92115673,2023,2023-07-13,9335,2023-06-30,"445 ",023082,,5,3,7,3801,0,1,1,,1,083,"I-80 E/B","TREASURE ISLAND RD",1500.00,E,N,B,-,Y,SF,,80," ",R,8.026,H,,R,N,4,0,1,2,A,-,03,22350,,N,C,C,A,A,H,-,C,D,0,,,,Y,Y,,F,26,0,0,1,0,0,0,0,0,0,"- ","- ",37.812370300292969,-122.36255645751953,"SAN FRANCISCO","SAN FRANCISCO",-122.36275482177734,37.812534332275391
92115912,2023,2023-07-13,9335,2023-07-10,1820,022703,,1,2,7,3801,0,1,2,,2,014,"US-101 NORTHBOUND","THE 23RD STREET OVERCROSSING",85.00,S,N,A,-,Y,SF,,101," "," ",3.347,H,,R,N,4,0,1,2,A,-,03,22350,,M,C,C,A,A,H,-,A,D,0,,,,,Y,,A,01,0,0,1,0,0,0,0,0,0,"- ","- ",37.754230499267578,-122.40287780761719,"SAN FRANCISCO","SAN FRANCISCO",-122.40290832519531,37.754226684570312
9211654,2021,2021-03-04,3801,2021-01-19,2031,104,,2,5,7,3801,0,0,0,,0,,"24TH ST","SAN JOSE AV",29.00,E,N,A,-,N,,,,,,,,,,N,1,1,0,2,A,-,11,21950,B,N,-,B,-,A,H,-,C,D,0,Y,,,,Y,,N,60,0,0,0,1,0,0,0,0,0,"- ","- ",,,"SAN FRANCISCO","SAN FRANCISCO",-122.42150115966797,37.7520751953125
92116765,2023,2023-07-14,9350,2023-07-09,1310,022432,,7,1,7,3801,0,1,2,,2,020,"US-101 N/B","CONZELMAN ROAD",2112.00,S,N,A,-,Y,,,,,,,,,,Y,4,0,5,4,A,-,03,22350,,N,C,C,A,A,H,-,A,D,0,,,,,Y,,A,01,0,0,5,0,0,0,0,0,0,"- ","- ",37.825241088867188,-122.47913360595703,"SAN FRANCISCO","SAN FRANCISCO",-122.47939300537109,37.825202941894531
9211845,2021,2021-04-15,3801,2021-03-08,1356,1251,,1,5,7,3801,0,0,0,,0,3C14D,"GOETTINGEN ST","DWIGHT ST",157.00,S,N,A,-,N,,,,,,,,,,N,2,0,1,1,A,-,03,22350,,N,E,I,A,A,H,-,A,D,0,,Y,,,Y,,L,04,1,0,0,0,0,0,1,0,0,"- ","- ",,,"SAN FRANCISCO","SAN FRANCISCO",-122.40508270263672,37.723270416259766
92118953,2023,2023-07-17,9335,2023-07-07,1520,023118,,5,2,7,3801,0,1,1,,2,022,"I-280 N/B","SAN JOSE AVE",775.00,S,N,A,-,Y,SF,,280," ",R,1.254,H,,R,Y,4,0,1,2,A,-,07,21658,A,N,B,C,A,A,H,-,A,D,0,,,,,Y,,A,01,0,0,1,0,0,0,0,0,0,"- ","- ",37.715690612792969,-122.44940185546875,"SAN FRANCISCO","SAN FRANCISCO",-122.44944763183594,37.715713500976562
92118978,2023,2023-07-17,9335,2023-07-12,1515,019434,,3,2,7,3801,0,1,1,,2,080,"EB I-80","5TH STREET UNDER-CROSSING",120.00,W,N,A,-,Y,SF,,80," "," ",4.805,H,,R,N,4,0,2,2,A,-,03,22350,,N,C,C,A,A,H,-,A,D,0,,,,,Y,,A,01,0,0,2,0,0,0,0,0,0,"- ","- ",37.778030395507812,-122.40133666992188,"SAN FRANCISCO","SAN FRANCISCO",-122.40129852294922,37.777984619140625
92119044,2023,2023-07-17,9335,2023-07-14,"755 ",022823,,5,1,7,3801,0,1,1,,1,081,"I-80 W/B","BEALE ST",545.00,W,N,B,-,Y,SF,,80," "," ",5.616,H,,L,Y,3,0,2,2,A,-,03,22350,,N,C,C,A,A,H,-,A,D,0,,,,,Y,,A,01,0,2,0,0,0,0,0,0,0,"- ","- ",37.785579681396484,-122.39160919189453,"SAN FRANCISCO","SAN FRANCISCO",-122.39155578613281,37.785533905029297
92119048,2023,2023-07-17,9335,2023-07-14,1545,022823,,5,2,7,3801,0,1,1,,2,023,"I-280 S/B","JUSTIN ST.",65.00,N,N,A,-,Y,SF,,280," ",R,3.242,H,,L,Y,4,0,1,2,A,-,03,22350,,N,C,C,A,A,H,-,A,D,0,,,,,Y,,A,01,0,0,1,0,0,0,0,0,0,"- ","- ",37.731658935546875,-122.42578125,"SAN FRANCISCO","SAN FRANCISCO",-122.42578887939453,37.731601715087891
92119472,2023,2023-07-18,9335,2023-07-11,"130 ",019999,,2,3,7,3801,0,1,2,,2,013,"US-101 N/B","SOUTH OF CESAR CHAVEZ ST.",1584.00,S,N,A,-,Y,SF,,101," "," ",2.695,H,,R,N,3,0,1,1,A,-,08,22107,,N,F,A,A,A,H,-,D,D,0,,,Y,,Y,,C,02,0,1,0,0,0,0,0,0,1,"- ","- ",37.744930267333984,-122.40496063232422,"SAN FRANCISCO","SAN FRANCISCO",-122.40504455566406,37.744949340820312
92120507,2023,2023-07-19,9335,2023-07-09,2124,023111,,7,2,7,3801,0,1,1,,1,081,"I-80 W/B","NAVY ROAD UNDERCROSSING",1649.00,E,N,A,-,Y,SF,,80," ",R,8.507,H,,L,Y,4,0,1,2,A,-,08,22107,,N,C,2,A,A,H,-,C,D,0,,,,,Y,,A,01,0,0,1,0,0,0,0,0,0,"- ","- ",37.817089080810547,-122.35581970214844,"SAN FRANCISCO","SAN FRANCISCO",-122.35584259033203,37.817119598388672
92120979,2023,2023-07-19,9335,2023-07-11,1933,019434,,2,2,7,3801,0,1,2,,2,015,"S/B US-101","BRANNAN STREET UNDER-CROSSING",170.00,S,N,A,-,Y,SF,,80," "," ",4.153,H,,R,Y,4,0,2,4,A,-,03,22350,,N,B,C,A,A,H,-,B,D,0,,,,,Y,,A,01,0,0,2,0,0,0,0,0,0,"- ","- ",37.770511627197266,-122.40557861328125,"SAN FRANCISCO","SAN FRANCISCO",-122.40549468994141,37.770538330078125
92121009,2023,2023-07-19,9335,2023-07-17,1242,023367,,1,1,7,3801,0,1,1,,1,081,"I-80 W/B","BEAL ST UNDER-CROSSING",606.00,W,N,A,-,Y,SF,,80," "," ",5.626,H,,L,N,4,0,1,2,A,-,03,22350,,N,C,C,A,A,H,-,A,D,0,,,,,Y,,A,01,0,0,1,0,0,0,0,0,0,"- ","- ",37.785480499267578,-122.39124298095703,"SAN FRANCISCO","SAN FRANCISCO",-122.39142608642578,37.785633087158203
92124127,2023,2023-07-24,9335,2023-07-15,1000,022823,,6,1,7,3801,0,1,1,,1,081,"I-80 W/B","BEALE STREET",20.00,E,N,A,-,Y,SF,,80," "," ",5.732,H,,L,N,4,0,1,3,A,-,03,22350,,N,C,C,A,A,H,-,A,D,0,,,,,Y,,A,08,0,0,1,0,0,0,0,0,0,"- ","- ",37.786720275878906,-122.39000701904297,"SAN FRANCISCO","SAN FRANCISCO",-122.39011383056641,37.786788940429688
92125085,2023,2023-07-25,9335,2023-07-15,"235 ",023067,,6,3,7,3801,0,1,2,,2,014,"US-101 S/B TO CESAR CHAVEZ ST","CESAR CHAVEZ ST",300.00,N,N,A,-,Y,SF,,101," "," ",3.068,H,,L,Y,3,0,1,1,A,-,01,23152,A,N,E,J,A,A,H,-,C,D,0,,,,,Y,Y,A,01,0,1,0,0,0,0,0,0,0,"- ","- ",37.750320434570312,-122.40377807617188,"SAN FRANCISCO","SAN FRANCISCO",-122.40353393554688,37.750270843505859