CASE_ID,ACCIDENT_YEAR,PROC_DATE,JURIS,COLLISION_DATE,COLLISION_TIME,OFFICER_ID,REPORTING_DISTRICT,DAY_OF_WEEK,CHP_SHIFT,POPULATION,CNTY_CITY_LOC,SPECIAL_COND,BEAT_TYPE,CHP_BEAT_TYPE,CITY_DIVISION_LAPD,CHP_BEAT_CLASS,BEAT_NUMBER,PRIMARY_RD,SECONDARY_RD,DISTANCE,DIRECTION,INTERSECTION,WEATHER_1,WEATHER_2,STATE_HWY_IND,CALTRANS_COUNTY,CALTRANS_DISTRICT,STATE_ROUTE,ROUTE_SUFFIX,POSTMILE_PREFIX,POSTMILE,LOCATION_TYPE,RAMP_INTERSECTION,SIDE_OF_HWY,TOW_AWAY,COLLISION_SEVERITY,NUMBER_KILLED,NUMBER_INJURED,PARTY_COUNT,PRIMARY_COLL_FACTOR,PCF_CODE_OF_VIOL,PCF_VIOL_CATEGORY,PCF_VIOLATION,PCF_VIOL_SUBSECTION,HIT_AND_RUN,TYPE_OF_COLLISION,MVIW,PED_ACTION,ROAD_SURFACE,ROAD_COND_1,ROAD_COND_2,LIGHTING,CONTROL_DEVICE,CHP_ROAD_TYPE,PEDESTRIAN_ACCIDENT,BICYCLE_ACCIDENT,MOTORCYCLE_ACCIDENT,TRUCK_ACCIDENT,NOT_PRIVATE_PROPERTY,ALCOHOL_INVOLVED,STWD_VEHTYPE_AT_FAULT,CHP_VEHTYPE_AT_FAULT,COUNT_SEVERE_INJ,COUNT_VISIBLE_INJ,COUNT_COMPLAINT_PAIN,COUNT_PED_KILLED,COUNT_PED_INJURED,COUNT_BICYCLIST_KILLED,COUNT_BICYCLIST_INJURED,COUNT_MC_KILLED,COUNT_MC_INJURED,PRIMARY_RAMP,SECONDARY_RAMP,LATITUDE,LONGITUDE,COUNTY,CITY,POINT_X,POINT_Y
92125301,2023,2023-07-25,9335,2023-07-19,1550,022032,,3,2,7,3801,0,1,2,,2,013,"US-101 N/B","PAUL AVE",120.00,S,N,A,-,Y,SF,,101," "," ",1.104,H,,R,N,4,0,1,2,A,-,03,22350,,N,C,C,A,A,H,-,A,D,0,,,,,Y,,A,07,0,0,1,0,0,0,0,0,0,"- ","- ",37.723411560058594,-122.40109252929688,"SAN FRANCISCO","SAN FRANCISCO",-122.40097045898438,37.723442077636719
92125633,2023,2023-07-25,9335,2023-07-19,1550,023357,,3,2,7,3801,0,1,2,,2,013,"US 101 N/B","PAUL STREET",280.00,S,N,A,-,Y,SF,,101," "," ",1.066,H,,R,Y,4,0,3,5,A,-,03,22350,,F,C,C,A,A,H,-,A,D,0,,,,,Y,,-,99,0,0,3,0,0,0,0,0,0,"- ","- ",37.722930908203125,-122.4007568359375,"SAN FRANCISCO","SAN FRANCISCO",-122.40076446533203,37.722930908203125
92125641,2023,2023-07-25,9335,2023-07-18,"900 ",023378,,2,1,7,3801,0,1,1,,2,024,"I-280 N/B","CESAR CHAVEZ",150.00,N,N,A,-,Y,SF,,280," ",R,5.664,H,,R,N,4,0,1,2,A,-,03,22350,,N,C,C,A,A,H,-,A,D,0,,,,,Y,,A,01,0,0,1,0,0,0,0,0,0,"- ","- ",37.750690460205078,-122.39153289794922,"SAN FRANCISCO","SAN FRANCISCO",-122.39150238037109,37.750682830810547
92125648,2023,2023-07-25,9335,2023-07-18,1325,023338,,2,1,7,3801,0,1,1,,2,021,"S/B I-280 TO WESTBOROUGH BLVD","WESTBOROUGH BLVD",100.00,N,N,A,-,Y,,,,,,,,,,Y,4,0,1,1,A,-,08,22107,,N,E,I,A,A,H,-,A,A,0,,,,,Y,,A,01,0,0,1,0,0,0,0,0,0,"- ","- ",37.645191192626953,-122.45018768310547,"SAN FRANCISCO","SAN FRANCISCO",-122.45008087158203,37.645858764648438
92128009,2023,2023-07-27,9335,2023-07-24,1701,021424,,1,2,7,3801,0,1,1,,1,083,"I-80 E/B","TREASURE ISLAND RD",5280.00,W,N,A,-,Y,SF,,80," "," ",6.744,H,,R,N,4,0,1,2,A,-,03,22350,,N,C,C,A,A,H,-,A,D,0,,,,,Y,,A,08,0,0,1,0,0,0,0,0,0,"- ","- ",37.798099517822266,-122.37796783447266,"SAN FRANCISCO","SAN FRANCISCO",-122.37786102294922,37.798027038574219
9213022,2022,2022-03-30,3801,2022-02-08,1125,4331,SOUTH,2,5,7,3801,0,0,0,,0,3B5A,"16TH ST","KANSAS ST",0.00,,Y,A,-,N,,,,,,,,,,Y,3,0,1,2,A,-,12,21453,A,N,-,-,A,A,H,-,A,A,0,,,,,Y,,J,48,0,1,0,0,0,0,0,0,0,"- ","- ",,,"SAN FRANCISCO","SAN FRANCISCO",-122.40363311767578,37.766033172607422
9213026,2022,2022-03-21,3801,2022-02-06,2016,327,MISSI,7,5,7,3801,0,0,0,,0,3D12C,"S VAN NESS AV","13TH ST",90.00,S,N,A,-,N,,,,,,,,,,N,4,0,1,2,A,-,08,22107,,N,B,C,A,A,H,-,C,A,0,,,,,Y,,-,"- ",0,0,1,0,0,0,0,0,0,"- ","- ",,,"SAN FRANCISCO","SAN FRANCISCO",-122.41782379150391,37.769405364990234
9213027,2022,2022-04-06,3801,2022-02-18,0219,2457,SOUTH,5,5,7,3801,0,0,0,,0,3B14E,"EDDY ST","LARKIN ST",0.00,,Y,A,-,N,,,,,,,,,,Y,4,0,2,2,A,-,12,21453,A,N,D,D,A,A,H,-,C,A,0,,,,,Y,,A,01,0,0,2,0,0,0,0,0,0,"- ","- ",,,"SAN FRANCISCO","SAN FRANCISCO",-122.41751861572266,37.783294677734375
92131031,2023,2023-07-28,9335,2023-06-13,1625,022186,,2,2,7,3801,0,1,1,,2,080,"I-80 E/B","4TH STREET U/C",138.00,E,N,B,-,Y,SF,,80," "," ",5.092,H,,R,N,4,0,1,2,A,-,03,22350,,N,C,C,A,A,H,-,A,D,0,,,,,Y,,A,07,0,0,1,0,0,0,0,0,0,"- ","- ",37.780361175537109,-122.39827728271484,"SAN FRANCISCO","SAN FRANCISCO",-122.39832305908203,37.780391693115234
92131033,2023,2023-07-28,9335,2023-07-07,1825,022186,,5,2,7,3801,0,1,1,,1,083,"I-80 E/B","YERBA BUENA ISLAND TUNNEL",3325.00,E,N,A,-,Y,SF,,80," ",R,8.449,H,,R,Y,4,0,1,2,A,-,07,21658,A,N,B,C,A,A,H,-,A,D,0,,,Y,,Y,,A,01,0,0,1,0,0,0,0,0,1,"- ","- ",37.816299438476562,-122.35652923583984,"SAN FRANCISCO","SAN FRANCISCO",-122.35652160644531,37.816291809082031
92131373,2023,2023-12-11,9335,2023-07-29,"200 ",023063,,6,3,7,3801,0,1,2,,2,013,"US-101 SOUTHBOUND","SOUTH OF THE WEST RDWY EDGE OF US-101 SB OF THIRD",280.00,S,N,A,-,Y,SF,,101," "," ",0.869,H,,L,Y,1,1,0,2,A,-,01,23153,A,N,C,C,A,A,H,-,D,D,0,,,Y,,Y,Y,A,07,0,0,0,0,0,0,0,1,0,"- ","- ",37.720111846923828,-122.40007019042969,"SAN FRANCISCO","SAN FRANCISCO",-122.4000244140625,37.720119476318359
92132117,2023,2023-07-31,9335,2023-07-22,1335,023119,,6,1,7,3801,0,1,1,,1,083,"I-80 E/B","TREASURE ISLAND RD",555.00,W,N,A,-,Y,SF,,80," "," ",7.616,H,,R,N,4,0,1,2,A,-,08,22107,,N,E,I,A,A,H,-,A,D,0,,,,,Y,,A,01,0,0,1,0,0,0,0,0,0,"- ","- ",37.807899475097656,-122.36765289306641,"SAN FRANCISCO","SAN FRANCISCO",-122.36740112304688,37.807765960693359
92133011,2023,2023-08-01,9335,2023-07-25,1057,023343,,2,1,7,3801,0,1,1,,1,081,"INTERSTATE 80","YBI/TI OFF-RAMP",900.00,E,N,A,-,Y,SF,,80," ",R,8.303,H,,L,N,3,0,1,3,A,-,03,22350,,N,C,C,A,A,H,-,A,D,0,,,,,Y,,D,22,0,1,0,0,0,0,0,0,0,"- ","- ",37.815330505371094,-122.35894775390625,"SAN FRANCISCO","SAN FRANCISCO",-122.35902404785156,37.815406799316406
92134518,2023,2023-08-02,9335,2023-07-19,1900,023338,,3,2,7,3801,0,1,1,,2,080,"I-80 E/B","2ND ST UC",100.00,E,N,A,-,Y,SF,,80," "," ",5.386,H,,R,N,4,0,2,2,A,-,03,22350,,M,C,C,A,A,H,-,A,D,0,,,,,Y,,A,01,0,0,2,0,0,0,0,0,0,"- ","- ",37.783489227294922,-122.39476776123047,"SAN FRANCISCO","SAN FRANCISCO",-122.39471435546875,37.783443450927734
92134641,2023,2023-08-02,9335,2023-07-30,"147 ",023082,,7,3,7,3801,0,1,1,,2,080,"I-80 EASTBOUND FROM BRYANT STREET","BRYANT ST",125.00,W,N,A,-,Y,SF,,80," "," ",4.360,H,,R,N,3,0,1,1,A,-,08,22107,,N,E,J,A,A,H,-,C,D,0,,,,,Y,,A,01,0,1,0,0,0,0,0,0,0,"- ","- ",37.773338317871094,-122.40667724609375,"SAN FRANCISCO","SAN FRANCISCO",-122.40656280517578,37.773326873779297
92134991,2023,2023-08-03,9335,2023-07-26,1753,023312,,3,2,7,3801,0,1,1,,1,083,"I-80 E/B","BEALE ST U/C",250.00,E,N,A,-,Y,SF,,80," "," ",5.672,H,,R,N,3,0,1,2,A,-,03,22350,,N,C,C,A,A,H,-,A,D,0,,,,,Y,,A,07,0,1,0,0,0,0,0,0,0,"- ","- ",37.786079406738281,-122.39077758789062,"SAN FRANCISCO","SAN FRANCISCO",-122.39083862304688,37.786121368408203
92135017,2023,2023-08-03,9335,2023-04-23,2138,023067,,7,2,7,3801,0,1,2,,2,014,"US-101 S/B","15 STREET",10.00,S,N,A,-,Y,SF,,101," ",R,4.310,H,,L,Y,4,0,1,2,A,-,01,23152,A,F,C,C,A,A,H,-,C,D,0,,,,,Y,Y,A,01,0,0,1,0,0,0,0,0,0,"- ","- ",37.767139434814453,-122.40543365478516,"SAN FRANCISCO","SAN FRANCISCO",-122.40546417236328,37.767135620117188
92135589,2023,2023-08-03,9335,2023-05-14,1442,022186,,7,2,7,3801,0,1,2,,2,013,"US-101 N/B TO CESAR CHAVEZ","FAITH STREET PEDESTRIAN O/C",1220.00,N,N,A,-,Y,,,,,,,,,,N,4,0,1,2,A,-,03,22350,,M,C,C,A,A,H,-,A,D,0,,,,,Y,,-,99,0,0,1,0,0,0,0,0,0,"- ","- ",37.746959686279297,-122.40389251708984,"SAN FRANCISCO","SAN FRANCISCO",-122.40389251708984,37.746959686279297
92135682,2023,2023-08-03,9335,2023-07-13,1530,022186,,4,2,7,3801,0,1,1,,1,083,"I-80 E/B","YERBA BUENA ISLAND TUNNEL",1515.00,E,N,A,-,Y,SF,,80," ",R,8.106,H,,R,Y,3,0,1,2,A,-,07,21658,A,N,B,C,A,A,H,-,A,D,0,,,Y,,Y,,A,01,0,1,0,0,0,0,0,0,1,"- ","- ",37.813301086425781,-122.36161804199219,"SAN FRANCISCO","SAN FRANCISCO",-122.36165618896484,37.813331604003906
92138708,2023,2023-08-08,9350,2023-07-19,1200,013918,,3,1,7,3801,0,1,2,,2,020,"US 101 N/B (GGB EAST SIDEWALK)","NORTH TOWER OF GOLDEN GATE BRIDGE",2640.00,S,N,B,-,Y,,,,,,,,,,N,4,0,1,2,A,-,03,22350,,F,B,G,A,A,H,-,A,D,0,,Y,,,Y,,M,91,0,0,1,0,0,0,1,0,0,"- ","- ",37.819839477539062,-122.47841644287109,"SAN FRANCISCO","SAN FRANCISCO",-122.46370697021484,37.801658630371094
92139526,2023,2023-08-09,9335,2023-08-02,"855 ",023343,,3,1,7,3801,0,1,1,,2,023,"I-280 N/B","MISSION STREET OC",1500.00,S,N,A,-,Y,SF,,280," ",R,2.781,H,,R,Y,3,0,1,2,A,-,08,22107,,N,C,2,A,A,H,-,A,D,0,,,,,Y,,A,01,0,1,0,0,0,0,0,0,0,"- ","- ",37.73162841796875,-122.43395233154297,"SAN FRANCISCO","SAN FRANCISCO",-122.43393707275391,37.731601715087891
92139964,2023,2023-08-09,9335,2023-07-31,1230,023367,,1,1,7,3801,0,1,2,,2,015,"US-101 S/B","SOUTH VAN NESS UNDER-CROSSING",523.00,S,N,A,-,Y,SF,,101," ",R,5.018,H,,L,Y,4,0,1,3,A,-,03,22350,,N,C,C,A,A,H,-,A,A,0,,,,,Y,,D,22,0,0,1,0,0,0,0,0,0,"- ","- ",37.769588470458984,-122.41619110107422,"SAN FRANCISCO","SAN FRANCISCO",-122.41619110107422,37.769561767578125
92139985,2023,2023-08-09,9335,2023-07-15,1820,022186,,6,2,7,3801,0,1,1,,1,083,"I-80 E/B","YERBA BUENA ISLAND TUNNEL",3450.00,E,N,A,-,Y,SF,,80," ",R,8.472,H,,R,N,3,0,2,2,A,-,08,22107,,N,B,C,A,A,H,-,A,D,0,,,,,Y,,A,01,0,1,1,0,0,0,0,0,0,"- ","- ",37.8165283203125,-122.35621643066406,"SAN FRANCISCO","SAN FRANCISCO",-122.35617828369141,37.816478729248047
92139995,2023,2023-08-09,9335,2023-08-06,1357,022823,,7,1,7,3801,0,1,1,,2,080,"I-80 E/B","BEALE ST",261.00,W,N,A,-,Y,SF,,80," "," ",5.667,H,,R,N,4,0,1,2,A,-,03,22350,,N,C,C,A,A,H,-,A,D,0,,,,,Y,,A,07,0,0,1,0,0,0,0,0,0,"- ","- ",37.78607177734375,-122.39089965820312,"SAN FRANCISCO","SAN FRANCISCO",-122.39089965820312,37.786067962646484
92140110,2023,2023-08-09,9335,2023-08-07,1713,023338,,1,2,7,3801,0,1,2,,2,013,"US 101 S/B","PAUL AVE UC",280.00,N,N,A,-,Y,SF,,101," "," ",1.270,H,,L,Y,3,0,1,3,A,-,03,22350,,N,C,C,A,A,H,-,A,D,0,,,,,Y,,A,08,0,1,0,0,0,0,0,0,0,"- ","- ",37.725780487060547,-122.40219116210938,"SAN FRANCISCO","SAN FRANCISCO",-122.40217590332031,37.725784301757812
92140388,2023,2023-08-10,9335,2023-07-30,2245,022860,,7,3,7,3801,0,1,2,,2,014,"US-101 S/B","15TH STREET UNDERCROSSING",150.00,N,N,A,-,Y,SF,,101," ",R,4.347,H,,L,N,2,0,1,1,A,-,03,22350,,N,E,I,A,A,H,-,C,D,0,,,Y,,Y,,C,02,1,0,0,0,0,0,0,0,1,"- ","- ",37.767681121826172,-122.40556335449219,"SAN FRANCISCO","SAN FRANCISCO",-122.40559387207031,37.767665863037109
92140561,2023,2023-08-10,9335,2023-08-08,"805 ",023379,,2,1,7,3801,0,1,1,,1,081,"I-80 W/B","MAIN ST",500.00,E,N,A,-,Y,SF,,80," "," ",6.287,H,,L,N,3,0,1,2,A,-,03,22350,,N,C,C,A,A,H,-,A,D,0,,,,,Y,,A,08,0,1,0,0,0,0,0,0,0,"- ","- ",37.793079376220703,-122.38356781005859,"SAN FRANCISCO","SAN FRANCISCO",-122.38339233398438,37.792957305908203
92141556,2023,2023-08-11,9335,2023-08-02,1030,023367,,3,1,7,3801,0,1,1,,1,081,"I-80 W/B","BEALE ST UNDER CROSSING",258.00,E,N,A,-,Y,SF,,80," "," ",5.767,H,,L,N,3,0,1,2,A,-,03,22350,,N,C,C,A,A,H,-,A,A,0,,,,,Y,,A,07,0,1,0,0,0,0,0,0,0,"- ","- ",37.7872314453125,-122.3897705078125,"SAN FRANCISCO","SAN FRANCISCO",-122.38969421386719,37.787178039550781
92141560,2023,2023-08-11,9335,2023-08-09,"421 ",022596,,3,3,7,3801,0,1,1,,2,023,"I-280 N/B","SAN BRUNO AVENUE UNDERCOSSING",817.00,S,N,A,-,Y,SF,,280," ",R,4.161,H,,R,Y,4,0,1,1,A,-,08,22107,,N,E,I,A,A,H,-,C,D,0,,,,,Y,,A,01,0,0,1,0,0,0,0,0,0,"- ","- ",37.734180450439453,-122.40981292724609,"SAN FRANCISCO","SAN FRANCISCO",-122.4097900390625,37.734146118164062
92141837,2023,2023-08-11,9335,2023-07-29,"650 ",022795,,6,1,7,3801,0,1,2,,2,013,"US-101 S/B","CESAR CHAVEZ STREET",910.00,S,N,A,-,Y,SF,,101," "," ",2.823,H,,L,Y,3,0,2,2,A,-,08,22107,,N,C,C,A,A,H,-,A,D,0,,,,,Y,,-,99,0,1,1,0,0,0,0,0,0,"- ","- ",37.746841430664062,-122.40463256835938,"SAN FRANCISCO","SAN FRANCISCO",-122.40463256835938,37.746841430664062
92143093,2023,2023-08-14,9335,2023-08-02,1209,023367,,3,1,7,3801,0,1,1,,2,023,"I-280 N/B FROM ALEMANY BLVD","ALEMANY BLVD OVER-CROSSING",400.00,S,N,A,-,Y,SF,,280," ",R,3.785,H,,R,Y,4,0,1,2,A,-,17,23114,A,M,F,J,A,A,H,-,A,A,0,,,,,Y,,-,99,0,0,1,0,0,0,0,0,0,"- ","- ",37.731819152832031,-122.41602325439453,"SAN FRANCISCO","SAN FRANCISCO",-122.41603851318359,37.731903076171875
92143247,2023,2023-08-14,9335,2023-08-05,"250 ",023119,,6,3,7,3801,0,1,1,,2,080,"I-80 W/B","9TH STREET OFF RAMP PHYSICAL GORE POINT",25.00,E,N,A,-,Y,SF,,80," "," ",4.476,H,,L,Y,4,0,1,1,A,-,01,23152,A,N,E,I,A,A,H,-,C,D,0,,,,,Y,Y,A,07,0,0,1,0,0,0,0,0,0,"- ","- ",37.775131225585938,-122.40632629394531,"SAN FRANCISCO","SAN FRANCISCO",-122.40627288818359,37.775100708007812
92143250,2023,2023-08-14,9335,2023-07-31,"815 ",022795,,1,1,7,3801,0,1,1,,1,081,"I-80 W/B","FREMONT STREET",230.00,E,N,A,-,Y,,,,,,,,,,N,4,0,2,1,C,-,18,,,N,E,A,A,A,G,-,A,D,0,,,,,Y,,-,"- ",0,0,2,0,0,0,0,0,0,"- ","- ",37.788059234619141,-122.39492034912109,"SAN FRANCISCO","SAN FRANCISCO",,
92143278,2023,2023-08-14,9335,2023-07-30,"307 ",023111,,7,3,7,3801,0,1,1,,1,083,"I-80 E/B FROM 1ST STREET","2ND STREET",854.00,E,N,A,-,Y,SF,,80," "," ",5.578,H,,R,N,4,0,1,1,A,-,03,22350,,N,E,I,A,A,H,-,C,D,0,,,,,Y,,D,22,0,0,1,0,0,0,0,0,0,"- ","- ",37.785358428955078,-122.39224243164062,"SAN FRANCISCO","SAN FRANCISCO",-122.39212799072266,37.785224914550781
92143395,2023,2023-10-25,9335,2023-08-03,1340,023366,,4,1,7,3801,0,1,2,,2,013,"US-101 NB","23RD STREET OVERCROSSING",100.00,N,N,B,-,Y,SF,,101," "," ",3.400,H,,R,Y,4,0,2,2,A,-,03,22350,,N,C,C,A,A,H,-,A,D,0,,,,,Y,,A,01,0,0,2,0,0,0,0,0,0,"- ","- ",37.755031585693359,-122.40303802490234,"SAN FRANCISCO","SAN FRANCISCO",-122.40298461914062,37.755031585693359
92143423,2023,2023-09-18,9335,2023-08-11,"905 ",023373,,5,1,7,3801,0,1,1,,2,024,"I-280 N/B TO KING STREET","5TH ST",350.00,S,N,A,-,Y,,,,,,,,,,N,4,0,2,2,A,-,03,22350,,N,C,C,A,A,H,-,A,D,0,,,,,Y,,A,01,0,0,2,0,0,0,0,0,0,"- ","- ",37.773708343505859,-122.39714813232422,"SAN FRANCISCO","SAN FRANCISCO",-122.39714813232422,37.773708343505859
92144027,2023,2023-08-15,9350,2023-08-10,"107 ",022574,,4,3,7,3801,0,1,2,,2,010,"US-101 NB TO SR-1 SB","LINCOLN BLVD",470.00,N,N,B,-,Y,SF,,101," ",R,9.384,H,,R,N,3,0,1,1,A,-,03,22350,,N,F,A,A,B,H,-,C,D,0,,,Y,,Y,,C,02,0,1,0,0,0,0,0,0,1,"- ","- ",37.803600311279297,-122.47074890136719,"SAN FRANCISCO","SAN FRANCISCO",-122.47071075439453,37.803657531738281
92145233,2023,2023-08-16,9335,2023-08-08,"821 ",023367,,2,1,7,3801,0,1,2,,2,014,"US-101 S/B","23RD ST OVER-CROSSING",162.00,N,N,A,-,Y,SF,,101," "," ",3.339,H,,L,N,4,0,1,2,A,-,03,22350,,N,C,C,A,A,H,-,A,A,0,,,,,Y,,A,01,0,0,1,0,0,0,0,0,0,"- ","- ",37.754119873046875,-122.40316009521484,"SAN FRANCISCO","SAN FRANCISCO",-122.40310668945312,37.754123687744141
92146910,2023,2023-10-05,9335,2023-08-16,1800,021424,,3,2,7,3801,0,1,1,,1,083,"I-80 E/B","PHYSICAL REVERSE GORE POINT OF I-80 EASTBOUND FROM",294.00,W,N,A,-,Y,SF,,80," ",R,7.976,H,,R,N,1,1,1,2,A,-,03,22350,,N,C,C,A,A,H,-,A,D,0,,,,,Y,,A,01,0,0,1,0,0,0,0,0,0,"- ","- ",37.81195068359375,-122.36324310302734,"SAN FRANCISCO","SAN FRANCISCO",-122.36338043212891,37.812004089355469
92147256,2023,2023-08-18,9350,2023-08-11,1139,022432,,5,1,7,3801,0,1,3,,2,011,"SR-1 S/B","LAKE STREET",2112.00,N,N,A,-,Y,SF,,1," "," ",6.273,H,,L,Y,3,0,7,3,A,-,03,22350,,N,C,C,A,A,H,-,A,D,0,,,,,Y,,A,01,0,3,4,0,0,0,0,0,0,"- ","- ",37.791740417480469,-122.46977233886719,"SAN FRANCISCO","SAN FRANCISCO",-122.46976470947266,37.791740417480469
92148519,2023,2023-11-06,9335,2023-08-10,1700,023378,,4,2,7,3801,0,1,1,,1,081,"US-101 N/B","SILVER AVE O/C",670.00,N,N,A,-,Y,SF,,101," "," ",1.901,H,,R,N,4,0,2,2,A,-,07,21658,A,N,B,C,A,A,H,-,A,D,0,,,,,Y,,-,"- ",0,0,2,0,0,0,0,0,0,"- ","- ",37.734409332275391,-122.40615081787109,"SAN FRANCISCO","SAN FRANCISCO",-122.40618133544922,37.734397888183594
92148526,2023,2023-08-21,9335,2023-08-08,1340,023338,,2,1,7,3801,0,1,1,,2,022,"I-280 N/B","LYELL ST",250.00,S,N,A,-,Y,SF,,280," ",R,2.964,H,,R,Y,4,0,1,3,A,-,03,22350,,F,C,2,A,A,H,-,A,D,0,,,,,Y,,A,01,0,0,1,0,0,0,0,0,0,"- ","- ",37.732139587402344,-122.43081665039062,"SAN FRANCISCO","SAN FRANCISCO",-122.43082427978516,37.732173919677734
92148534,2023,2023-08-21,9335,2023-08-11,1640,023378,,5,2,7,3801,0,1,2,,2,013,"US-101 N/B","THE PAUL AVENUE UNDERCROSSING",276.00,S,N,A,-,Y,SF,,101," "," ",1.070,H,,R,N,4,0,3,3,A,-,03,22350,,N,C,C,A,A,H,-,A,D,0,,,,,Y,,A,01,0,0,3,0,0,0,0,0,0,"- ","- ",37.722988128662109,-122.40077972412109,"SAN FRANCISCO","SAN FRANCISCO",-122.40078735351562,37.722988128662109
92148586,2023,2023-08-21,9335,2023-08-15,"525 ",023338,,2,3,7,3801,0,1,2,,2,013,"US-101 N/B","THE FAITH STREET PEDESTRIAN OVERCROSSING",650.00,S,N,B,-,Y,SF,,101," "," ",2.486,H,,R,Y,4,0,1,2,A,-,03,22350,,N,C,C,A,A,H,-,B,D,0,,,,,Y,,D,22,0,0,1,0,0,0,0,0,0,"- ","- ",37.742420196533203,-122.40691375732422,"SAN FRANCISCO","SAN FRANCISCO",-122.4068603515625,37.742393493652344
92148864,2023,2023-08-21,9335,2023-08-09,"755 ",023367,,3,1,7,3801,0,1,2,,2,013,"US-101 S/B","PAUL AVE UNDER-CROSSING",250.00,N,N,A,-,Y,SF,,101," "," ",1.074,H,,L,N,4,0,1,2,A,-,03,22350,,N,C,C,A,A,H,-,A,A,0,,,,,Y,,A,01,0,0,1,0,0,0,0,0,0,"- ","- ",37.723060607910156,-122.40104675292969,"SAN FRANCISCO","SAN FRANCISCO",-122.40107727050781,37.723052978515625
92148923,2023,2023-08-21,9335,2023-08-09,2320,021754,,3,3,7,3801,0,1,2,,2,013,"US-101 SB","23RD STREET OVERCROSSING",320.00,S,N,A,-,Y,SF,,101," "," ",3.299,H,,L,Y,4,0,2,2,A,-,03,22350,,N,C,C,A,A,H,-,C,D,0,,,,,Y,,A,01,0,0,2,0,0,0,0,0,0,"- ","- ",37.753551483154297,-122.40309143066406,"SAN FRANCISCO","SAN FRANCISCO",-122.40305328369141,37.753551483154297
92148947,2023,2023-08-21,9335,2023-08-10,"120 ",022596,,4,3,7,3801,0,1,2,,2,014,"US-101 N/B","18TH STREET PEDESTRIAN OVERCROSSING",88.00,S,N,A,-,Y,SF,,101," "," ",3.940,H,,R,Y,4,0,1,2,A,-,07,21658,A,M,B,C,A,A,H,-,C,D,0,,,,,Y,Y,-,99,0,0,1,0,0,0,0,0,0,"- ","- ",37.761890411376953,-122.40579986572266,"SAN FRANCISCO","SAN FRANCISCO",-122.40579223632812,37.761886596679688
92149964,2023,2023-08-22,9335,2023-08-10,"815 ",023343,,4,1,7,3801,0,1,1,,2,024,"NB 280 TO CESAR CHAVEZ STREET","EVANS AVE U/C",600.00,S,N,A,-,Y,SF,,280," ",R,5.209,H,,R,N,4,0,1,4,A,-,07,21658,A,N,B,2,A,A,H,-,A,D,0,,,,Y,Y,,A,07,0,0,1,0,0,0,0,0,0,"- ","- ",37.744380950927734,-122.39512634277344,"SAN FRANCISCO","SAN FRANCISCO",-122.39534759521484,37.744510650634766
92151027,2023,2023-08-23,9335,2023-08-15,2340,023111,,2,3,7,3801,0,1,1,,1,083,"E/B I-80","THE EMBARCADERO UNDERCROSSING",1540.00,E,N,A,-,Y,SF,,80," "," ",6.214,H,,R,Y,4,0,1,2,A,-,03,22350,,N,C,C,A,A,H,-,C,D,0,,,,,Y,,A,01,0,0,1,0,0,0,0,0,0,"- ","- ",37.792171478271484,-122.38432312011719,"SAN FRANCISCO","SAN FRANCISCO",-122.38427734375,37.792140960693359
92151655,2023,2023-08-23,9335,2023-08-22,"945 ",021957,,2,1,7,3801,0,1,1,,2,080,"I-80 WB TO FREMONT ST.","2ND ST UNDERCROSSING",388.00,E,N,A,-,Y,,,,,,,,,,N,4,0,1,2,A,-,03,22350,,N,C,C,A,A,H,-,A,D,0,,,,,Y,,A,07,0,0,1,0,0,0,0,0,0,"- ","- ",37.78533935546875,-122.39447021484375,"SAN FRANCISCO","SAN FRANCISCO",-122.39447021484375,37.78533935546875