CASE_ID,ACCIDENT_YEAR,PROC_DATE,JURIS,COLLISION_DATE,COLLISION_TIME,OFFICER_ID,REPORTING_DISTRICT,DAY_OF_WEEK,CHP_SHIFT,POPULATION,CNTY_CITY_LOC,SPECIAL_COND,BEAT_TYPE,CHP_BEAT_TYPE,CITY_DIVISION_LAPD,CHP_BEAT_CLASS,BEAT_NUMBER,PRIMARY_RD,SECONDARY_RD,DISTANCE,DIRECTION,INTERSECTION,WEATHER_1,WEATHER_2,STATE_HWY_IND,CALTRANS_COUNTY,CALTRANS_DISTRICT,STATE_ROUTE,ROUTE_SUFFIX,POSTMILE_PREFIX,POSTMILE,LOCATION_TYPE,RAMP_INTERSECTION,SIDE_OF_HWY,TOW_AWAY,COLLISION_SEVERITY,NUMBER_KILLED,NUMBER_INJURED,PARTY_COUNT,PRIMARY_COLL_FACTOR,PCF_CODE_OF_VIOL,PCF_VIOL_CATEGORY,PCF_VIOLATION,PCF_VIOL_SUBSECTION,HIT_AND_RUN,TYPE_OF_COLLISION,MVIW,PED_ACTION,ROAD_SURFACE,ROAD_COND_1,ROAD_COND_2,LIGHTING,CONTROL_DEVICE,CHP_ROAD_TYPE,PEDESTRIAN_ACCIDENT,BICYCLE_ACCIDENT,MOTORCYCLE_ACCIDENT,TRUCK_ACCIDENT,NOT_PRIVATE_PROPERTY,ALCOHOL_INVOLVED,STWD_VEHTYPE_AT_FAULT,CHP_VEHTYPE_AT_FAULT,COUNT_SEVERE_INJ,COUNT_VISIBLE_INJ,COUNT_COMPLAINT_PAIN,COUNT_PED_KILLED,COUNT_PED_INJURED,COUNT_BICYCLIST_KILLED,COUNT_BICYCLIST_INJURED,COUNT_MC_KILLED,COUNT_MC_INJURED,PRIMARY_RAMP,SECONDARY_RAMP,LATITUDE,LONGITUDE,COUNTY,CITY,POINT_X,POINT_Y
9223774,2021,2021-03-20,3801,2021-01-12,0845,1871,INGLE,2,5,7,3801,0,0,0,,0,901,"AMAZON AV","EDINBURGH ST",0.00,,Y,A,-,N,,,,,,,,,,Y,3,0,1,3,A,-,12,22450,A,N,D,C,A,A,H,-,A,A,0,,,,,Y,,A,08,0,1,0,0,0,0,0,0,0,"- ","- ",,,"SAN FRANCISCO","SAN FRANCISCO",-122.43619537353516,37.715679168701172
9223775,2021,2021-03-20,3801,2021-01-11,2307,2124,TENDE,1,5,7,3801,0,0,0,,0,3J13E,"HYDE ST","EDDY ST",0.00,,Y,A,-,N,,,,,,,,,,N,4,0,1,2,A,-,10,21950,A,N,G,B,B,A,H,-,C,A,0,Y,,,,Y,,A,01,0,0,1,0,1,0,0,0,0,"- ","- ",,,"SAN FRANCISCO","SAN FRANCISCO",-122.41588592529297,37.783512115478516
9223776,2021,2021-03-20,3801,2021-01-11,1510,1398,TRAFF,1,5,7,3801,0,0,0,,0,,"MONTEREY BL","FOERSTER ST",0.00,,Y,A,-,N,,,,,,,,,,N,4,0,1,2,A,-,11,21453,D,N,D,B,B,A,H,-,A,A,0,Y,,,,Y,,N,60,0,0,1,0,1,0,0,0,0,"- ","- ",,,"SAN FRANCISCO","SAN FRANCISCO",-122.44886779785156,37.731544494628906
9223777,2021,2021-03-20,3801,2021-01-21,0941,2727,NORTH,4,5,7,3801,0,0,0,,0,3E11A,"OCTAVIA ST","PAGE ST",20.00,S,N,A,-,N,,,,,,,,,,Y,3,0,1,5,A,-,03,22350,,N,B,C,A,A,H,-,A,A,0,,,Y,,Y,,C,02,0,1,0,0,0,0,0,0,1,"- ","- ",,,"SAN FRANCISCO","SAN FRANCISCO",-122.42410278320312,37.773826599121094
9223778,2021,2021-03-20,3801,2021-01-21,0230,2023,PARK,4,5,7,3801,0,0,0,,0,002,"17TH ST","CLAYTON ST",250.00,E,N,A,-,N,,,,,,,,,,N,3,0,1,1,A,-,03,22350,,N,F,G,A,A,H,-,C,D,0,,Y,,,Y,,L,04,0,1,0,0,0,0,1,0,0,"- ","- ",,,"SAN FRANCISCO","SAN FRANCISCO",-122.44590759277344,37.761833190917969
9223779,2021,2021-03-20,3801,2021-01-19,2244,LEE1128,PARK,2,5,7,3801,0,0,0,,0,,"MASONIC AV","ANZA AV",0.00,,Y,A,-,N,,,,,,,,,,N,3,0,2,2,D,-,00,,,N,D,C,A,A,H,-,C,A,0,,,,,Y,,-,"- ",0,1,1,0,0,0,0,0,0,"- ","- ",,,"SAN FRANCISCO","SAN FRANCISCO",-122.44754028320312,37.781036376953125
9223780,2021,2021-03-20,3801,2021-01-20,1910,2400,SOUTH,3,5,7,3801,0,0,0,,0,3-CAR,"CLEVELAND ST","SHERMAN ST",16.00,W,N,A,-,N,,,,,,,,,,N,4,0,1,2,A,-,21,22106,,N,C,E,A,A,H,-,C,D,0,,,,,Y,,A,07,0,0,1,0,0,0,0,0,0,"- ","- ",,,"SAN FRANCISCO","SAN FRANCISCO",-122.40650177001953,37.776927947998047
9223784,2021,2021-03-23,3801,2021-01-09,1510,,NORTH,6,5,7,3801,0,0,0,,0,3E3D,"POLK ST","PACIFIC AV",0.00,,Y,A,-,N,,,,,,,,,,,4,0,1,2,A,-,09,21804,A,N,B,G,A,A,H,-,A,-,0,,Y,,,Y,,A,01,0,0,1,0,0,0,1,0,0,"- ","- ",,,"SAN FRANCISCO","SAN FRANCISCO",-122.42158508300781,37.795032501220703
9223800,2021,2021-03-26,3801,2021-01-09,1230,2483,NORTH,6,5,7,3801,0,0,0,,0,3E14C,"FRANKLIN ST","SACRAMENTO ST",12.00,S,N,A,-,N,,,,,,,,,,N,4,0,1,2,A,-,03,22350,,N,C,C,A,A,H,-,A,A,0,,,,,Y,,A,01,0,0,1,0,0,0,0,0,0,"- ","- ",,,"SAN FRANCISCO","SAN FRANCISCO",-122.42415618896484,37.791057586669922
9223801,2021,2021-03-22,3801,2021-01-18,1825,1817,CENTR,1,5,7,3801,0,0,0,,0,3A13C,"MONTGOMERY ST","CLAY ST",0.00,,Y,A,-,N,,,,,,,,,,Y,4,0,2,2,A,-,12,21453,A,N,D,C,A,A,H,-,C,A,0,,,,,Y,,A,01,0,0,2,0,0,0,0,0,0,"- ","- ",,,"SAN FRANCISCO","SAN FRANCISCO",-122.40312194824219,37.794681549072266
9223802,2021,2021-03-22,3801,2021-01-18,1905,1642,NORTH,1,5,7,3801,0,0,0,,0,3E11D,"GOUGH ST","GROVE ST",0.00,,Y,A,-,N,,,,,,,,,,N,4,0,1,2,A,-,08,22107,,N,B,C,A,A,H,-,C,A,0,,,Y,,Y,,C,03,0,0,1,0,0,0,0,0,1,"- ","- ",,,"SAN FRANCISCO","SAN FRANCISCO",-122.42316436767578,37.777805328369141
9223803,2021,2021-03-22,3801,2021-01-18,1105,1917,TARAV,1,5,7,3801,0,0,0,,0,3116A,"ALEMANY BL","SICKLES AV",0.00,,Y,A,-,N,,,,,,,,,,N,4,0,1,2,A,-,10,21950,A,N,G,B,B,A,H,-,A,A,0,Y,,,,Y,,I,19,0,0,1,0,1,0,0,0,0,"- ","- ",,,"SAN FRANCISCO","SAN FRANCISCO",-122.45491790771484,37.710514068603516
9223804,2021,2021-03-22,3801,2021-01-18,0900,2126,CENTR,1,5,7,3801,0,0,0,,0,3A11A,"LEAVENWORTH ST","ELLIS ST",0.00,,Y,A,-,N,,,,,,,,,,N,3,0,1,2,D,-,00,,,F,G,B,E,A,H,-,A,A,0,Y,,,,Y,,-,"- ",0,1,0,0,1,0,0,0,0,"- ","- ",,,"SAN FRANCISCO","SAN FRANCISCO",-122.41442108154297,37.784671783447266
9223805,2021,2021-03-22,3801,2021-01-16,1303,1825,SOUTH,6,5,7,3801,0,0,0,,0,3B13C,"8TH ST","FOLSOM ST",0.00,,Y,A,-,N,,,,,,,,,,Y,4,0,1,2,A,-,03,22350,,F,C,D,A,A,H,-,A,A,0,,,,,Y,,A,01,0,0,1,0,0,0,0,0,0,"- ","- ",,,"SAN FRANCISCO","SAN FRANCISCO",-122.41004943847656,37.774990081787109
9223806,2021,2021-03-22,3801,2021-01-01,1433,2465,BAYVI,5,5,7,3801,0,0,0,,0,3C13C,"HOLLISTER AV","HAWES ST",29.00,,N,A,-,N,,,,,,,,,,N,4,0,1,2,A,-,11,21954,A,N,G,B,E,A,H,-,A,D,0,Y,,,,Y,,N,60,0,0,1,0,1,0,0,0,0,"- ","- ",,,"SAN FRANCISCO","SAN FRANCISCO",-122.39054870605469,37.718666076660156
9223807,2021,2021-03-22,3801,2021-01-01,1643,2379,INGLE,5,5,7,3801,0,0,0,,0,3H15D,"OCEAN AV","FRIDA KAHLO WY",0.00,,Y,A,-,N,,,,,,,,,,N,4,0,1,1,C,-,18,,,N,H,G,A,A,H,-,A,A,0,,Y,,,Y,,-,"- ",0,0,1,0,0,0,1,0,0,"- ","- ",,,"SAN FRANCISCO","SAN FRANCISCO",-122.45233154296875,37.723068237304688
9223808,2021,2021-03-22,3801,2021-01-01,1752,1886,BAYVI,5,5,7,3801,0,0,0,,0,3C12D,"BAYSHORE BL","SALINAS AV",0.00,,Y,A,-,N,,,,,,,,,,Y,3,0,1,2,A,-,08,22107,,N,D,C,A,A,H,-,C,D,0,,,,,Y,,A,01,0,1,0,0,0,0,0,0,0,"- ","- ",,,"SAN FRANCISCO","SAN FRANCISCO",-122.39991760253906,37.7215576171875
9223809,2021,2021-03-23,3801,2021-01-02,0632,1892,TENDE,6,5,7,3801,0,0,0,,0,908,"MASON ST","ELLIS ST",0.00,,Y,B,C,N,,,,,,,,,,N,4,0,1,2,A,-,10,21950,C,F,G,B,B,C,H,-,C,A,0,Y,,,,Y,,A,08,0,0,1,0,1,0,0,0,0,"- ","- ",,,"SAN FRANCISCO","SAN FRANCISCO",-122.40946197509766,37.785331726074219
9223810,2021,2021-03-23,3801,2021-01-02,1430,1377,INGLE,6,5,7,3801,0,0,0,,0,3H16C,"SAN JOSE AV","REFERENCE POIMNT",4752.00,S,N,B,C,N,,,,,,,,,,Y,4,0,1,1,A,-,03,22350,,N,E,I,A,B,H,-,A,D,0,,,,,Y,,A,01,0,0,1,0,0,0,0,0,0,"- ","- ",,,"SAN FRANCISCO","SAN FRANCISCO",,
9223811,2021,2021-03-23,3801,2021-01-04,0730,652,PARK,1,5,7,3801,0,0,0,,0,003,"STANYAN ST","FULTON ST",5.00,S,N,B,G,N,,,,,,,,,,N,4,0,1,2,A,-,11,21954,A,N,D,B,D,B,H,-,B,D,0,Y,,,,Y,,N,60,0,0,1,0,1,0,0,0,0,"- ","- ",,,"SAN FRANCISCO","SAN FRANCISCO",-122.45465850830078,37.774738311767578
9223812,2021,2021-03-23,3801,2021-01-03,2346,709,BAYVI,7,5,7,3801,0,0,0,,0,3C15E,"CARROLL AV","INGALLS ST",0.00,,Y,A,-,N,,,,,,,,,,Y,3,0,1,2,A,-,12,22450,A,F,A,C,A,B,A,-,C,D,0,,,,,Y,,A,01,0,1,0,0,0,0,0,0,0,"- ","- ",,,"SAN FRANCISCO","SAN FRANCISCO",-122.38963317871094,37.722862243652344
9223813,2021,2021-03-23,3801,2021-01-03,2110,2023,PARK,7,5,7,3801,0,0,0,,0,003,"MASONIC AV","FELL ST",0.00,,Y,B,-,N,,,,,,,,,,N,3,0,1,2,-,-,"- ",,A,N,D,G,A,A,H,-,C,A,0,,Y,,,Y,,L,04,0,1,0,0,0,0,1,0,0,"- ","- ",,,"SAN FRANCISCO","SAN FRANCISCO",-122.44591522216797,37.772983551025391
9223814,2021,2021-03-23,3801,2021-01-03,2016,2490,NORTH,7,5,7,3801,0,0,0,,0,3E15D,"FRANKLIN ST","OFARRELL ST",0.00,,Y,A,-,N,,,,,,,,,,N,4,0,1,2,A,-,04,21703,,N,C,C,A,A,H,-,C,A,0,,,Y,,Y,,A,01,0,0,1,0,0,0,0,0,1,"- ","- ",,,"SAN FRANCISCO","SAN FRANCISCO",-122.42282867431641,37.7845458984375
9223815,2021,2021-03-23,3801,2021-01-03,1730,246,RICHM,7,5,7,3801,0,0,0,,0,5CAR,"FULTON ST","GREAT HWY",20.00,E,N,A,-,N,,,,,,,,,,Y,4,0,3,2,A,-,01,23152,A,F,C,C,A,A,H,-,C,A,0,,,,,Y,Y,A,01,0,0,3,0,0,0,0,0,0,"- ","- ",,,"SAN FRANCISCO","SAN FRANCISCO",-122.51107788085938,37.771297454833984
9223816,2021,2021-03-23,3801,2021-01-04,1809,2435,MISSI,1,5,7,3801,0,0,0,,0,001,"GUERRERO ST","DUBOCE AV",0.00,,Y,A,-,N,,,,,,,,,,N,4,0,1,2,A,-,12,21453,A,F,G,B,B,A,H,-,C,A,0,Y,,,,Y,Y,A,01,0,0,1,0,1,0,0,0,0,"- ","- ",,,"SAN FRANCISCO","SAN FRANCISCO",-122.42459106445312,37.769741058349609
9223817,2021,2021-03-23,3801,2021-01-04,2105,540,SOUTH,1,5,7,3801,0,0,0,,0,3B12,"HOWARD ST","MARY ST",55.00,E,N,A,-,N,,,,,,,,,,N,4,0,1,2,A,-,05,21651,B,N,F,A,A,A,H,-,C,D,0,,Y,Y,,Y,,L,04,0,0,1,0,0,0,0,0,1,"- ","- ",,,"SAN FRANCISCO","SAN FRANCISCO",-122.40557098388672,37.781005859375
9223818,2021,2021-03-23,3801,2021-01-04,2205,1246,MISSI,1,5,7,3801,0,0,0,,0,3D16E,POTRERO,"POTRERO 915",0.00,,-,A,-,N,,,,,,,,,,N,4,0,1,2,A,-,10,21950,,N,A,B,-,A,-,-,C,-,0,Y,,,,Y,,A,08,0,0,1,0,1,0,0,0,0,"- ","- ",,,"SAN FRANCISCO","SAN FRANCISCO",,
9223819,2021,2021-03-23,3801,2021-01-04,2327,1094,TECHT,1,5,7,3801,0,0,0,,0,3J13E,"POLK ST","HAYES ST",0.00,,Y,A,-,N,,,,,,,,,,N,4,0,2,3,A,-,03,22350,,F,C,C,A,A,H,-,C,A,0,,,,,Y,,A,01,0,0,2,0,0,0,0,0,0,"- ","- ",,,"SAN FRANCISCO","SAN FRANCISCO",-122.41803741455078,37.777507781982422
9223820,2021,2021-03-23,3801,2021-01-05,0805,1122,NORTH,2,5,7,3801,0,0,0,,0,0E3,"ELLIS ST","POLK ST",0.00,,Y,A,-,N,,,,,,,,,,Y,4,0,2,2,A,-,08,22101,D,N,D,C,A,B,H,-,B,A,0,,,,,Y,,A,01,0,0,2,0,0,0,0,0,0,"- ","- ",,,"SAN FRANCISCO","SAN FRANCISCO",-122.41934967041016,37.784042358398438
9223821,2021,2021-03-29,3801,2021-01-11,0750,845,TRAFF,1,5,7,3801,0,0,0,,0,4B2D,"MARKET ST","LARKIN ST",0.00,,Y,B,-,N,,,,,,,,,,Y,4,0,3,2,A,-,12,21453,A,F,D,C,A,A,H,-,A,A,0,,,,,Y,,A,01,0,0,3,0,0,0,0,0,0,"- ","- ",,,"SAN FRANCISCO","SAN FRANCISCO",-122.41632843017578,37.777500152587891
9223822,2021,2021-03-29,3801,2021-01-09,1438,1856,INGLE,6,5,7,3801,0,0,0,,0,0H3,"SILLIMAN ST","MADISON ST",0.00,,Y,A,-,N,,,,,,,,,,N,4,0,1,2,A,-,11,21954,A,F,G,B,E,A,H,-,A,D,0,Y,,,,Y,,N,60,0,0,1,0,1,0,0,0,0,"- ","- ",,,"SAN FRANCISCO","SAN FRANCISCO",-122.42284393310547,37.726585388183594
9223824,2021,2021-03-29,3801,2021-01-01,0004,1730,TRAFF,5,5,7,3801,0,0,0,,0,4B1H,ELLIS,"CYRIL MAGNIN ST",0.00,,Y,A,-,N,,,,,,,,,,Y,3,0,1,2,A,-,05,21650,,F,A,G,A,A,H,-,C,A,0,,Y,,,Y,,L,04,0,1,0,0,0,0,1,0,0,"- ","- ",,,"SAN FRANCISCO","SAN FRANCISCO",-122.40866088867188,37.785427093505859
9223825,2021,2021-03-29,3801,2021-01-06,1745,309,TARAV,3,5,7,3801,0,0,0,,0,,"VICENTE ST","SUNSET BL",0.00,,Y,A,-,N,,,,,,,,,,N,3,0,1,2,A,-,09,21801,,N,B,G,A,B,H,-,C,A,0,,Y,,,Y,,A,01,0,1,0,0,0,0,1,0,0,"- ","- ",,,"SAN FRANCISCO","SAN FRANCISCO",-122.49427032470703,37.738502502441406
9223826,2021,2021-04-01,3801,2021-01-15,2339,2471,CENTR,5,5,7,3801,0,0,0,,0,3A15E,"FRONT ST","PINE ST",0.00,,Y,A,-,N,,,,,,,,,,Y,3,0,2,1,A,-,03,22350,,N,E,I,A,A,H,-,C,A,0,,,,,Y,,A,01,0,1,1,0,0,0,0,0,0,"- ","- ",,,"SAN FRANCISCO","SAN FRANCISCO",-122.39862060546875,37.792385101318359
9223827,2021,2021-03-29,3801,2021-01-15,2212,2279,INGLE,5,5,7,3801,0,0,0,,0,005,"RUSSIA AV","MADRID ST",0.00,,Y,A,-,N,,,,,,,,,,Y,4,0,1,4,A,-,12,22450,A,F,D,C,A,A,H,-,C,A,0,,,,,Y,,A,01,0,0,1,0,0,0,0,0,0,"- ","- ",,,"SAN FRANCISCO","SAN FRANCISCO",-122.43396759033203,37.720069885253906
9223828,2021,2021-03-29,3801,2021-01-15,2119,1886,BAYVW,5,5,7,3801,0,0,0,,0,3C15E,"GILMAN AV","HAWES ST",330.00,N,N,A,-,N,,,,,,,,,,Y,3,0,1,2,A,-,03,22350,,N,D,C,A,A,H,-,D,D,0,,,Y,,Y,,C,02,0,1,0,0,0,0,0,0,1,"- ","- ",,,"SAN FRANCISCO","SAN FRANCISCO",-122.39093017578125,37.719806671142578
9223829,2021,2021-03-29,3801,2021-01-15,2040,964,NORTH,5,5,7,3801,0,0,0,,0,3E13D,"GOLDEN GATE AV","VAN NESS AV",0.00,,Y,A,-,N,,,,,,,,,,Y,4,0,1,2,A,-,12,21453,A,F,D,C,A,A,D,-,C,A,0,,,,,Y,,A,01,0,0,1,0,0,0,0,0,0,"- ","- ",,,"SAN FRANCISCO","SAN FRANCISCO",-122.42038726806641,37.781028747558594
9223830,2021,2021-03-29,3801,2021-01-15,1834,2384,MISSI,5,5,7,3801,0,0,0,,0,3D16D,"CESAR CHAVEZ ST","GUERRERO ST",0.00,,Y,B,-,N,,,,,,,,,,Y,4,0,1,2,A,-,09,21801,,N,D,C,A,A,-,-,C,A,0,,,,,Y,,A,01,0,0,1,0,0,0,0,0,0,"- ","- ",,,"SAN FRANCISCO","SAN FRANCISCO",-122.4224853515625,37.748016357421875
9223831,2021,2021-03-29,3801,2021-01-15,1701,1347,NORTH,5,5,7,3801,0,0,0,,0,003,"MCALLISTER ST","VAN NESS AV",0.00,,Y,A,-,N,,,,,,,,,,Y,4,0,1,2,A,-,12,21453,A,N,D,C,A,A,H,-,B,A,0,,,,,Y,,A,07,0,0,1,0,0,0,0,0,0,"- ","- ",,,"SAN FRANCISCO","SAN FRANCISCO",-122.42020416259766,37.780055999755859
9223832,2021,2021-03-29,3801,2021-01-15,1356,4286,RICHM,5,5,7,3801,0,0,0,,0,0G4,"CALIFORNIA ST","21ST AV",0.00,,Y,A,-,N,,,,,,,,,,N,4,0,1,4,A,-,09,21802,A,N,D,C,A,A,H,-,A,A,0,,,,,Y,,A,01,0,0,1,0,0,0,0,0,0,"- ","- ",,,"SAN FRANCISCO","SAN FRANCISCO",-122.48072052001953,37.784069061279297
9223833,2021,2021-03-29,3801,2021-01-15,1200,1377,INGLE,5,5,7,3801,0,0,0,,0,3H73,EDINBURGHST,"RUSSIA ST",0.00,,Y,A,-,N,,,,,,,,,,N,3,0,1,2,A,-,12,22450,A,F,B,-,A,A,H,-,A,A,0,,,,,Y,,M,94,0,1,0,0,0,0,0,0,0,"- ","- ",,,"SAN FRANCISCO","SAN FRANCISCO",-122.43318176269531,37.719692230224609
9223834,2021,2021-03-29,3801,2021-01-14,2010,637,SOUTH,4,5,7,3801,0,0,0,,0,3B13D,"BRYANT ST","8TH ST",26.00,N,N,A,-,N,,,,,,,,,,Y,4,0,1,1,A,-,03,22350,,N,E,I,A,A,H,-,C,A,0,,,,,Y,,A,01,0,0,1,0,0,0,0,0,0,"- ","- ",,,"SAN FRANCISCO","SAN FRANCISCO",-122.40691375732422,37.772556304931641
9223835,2021,2021-03-29,3801,2021-01-17,2159,539,MISSI,7,5,7,3801,0,0,0,,0,002,"MARKET ST","CLAYTON ST",0.00,,Y,A,-,N,,,,,,,,,,N,4,0,2,2,A,-,03,22350,,N,C,C,A,A,H,-,C,A,0,,,Y,,Y,,A,01,0,0,2,0,0,0,0,0,2,"- ","- ",,,"SAN FRANCISCO","SAN FRANCISCO",-122.4437255859375,37.758148193359375
9223836,2021,2021-03-29,3801,2021-01-17,2121,4022,RICH,7,5,7,3801,0,0,0,,0,3G13A,"GEARY BL","15TH AV",0.00,,Y,A,-,N,,,,,,,,,,Y,2,0,2,2,A,-,09,21801,A,N,D,D,A,A,H,-,C,A,0,,,,,Y,,A,01,1,1,0,0,0,0,0,0,0,"- ","- ",,,"SAN FRANCISCO","SAN FRANCISCO",-122.47399139404297,37.780632019042969
9223837,2021,2021-03-29,3801,2021-01-17,2028,2726,RICHM,7,5,7,3801,0,0,0,,0,901,"42ND AV","POINT LOBOS AV",0.00,,Y,A,-,N,,,,,,,,,,Y,4,0,2,2,A,-,12,22450,A,M,D,C,A,A,H,-,D,-,0,,,,,Y,Y,A,01,0,0,2,0,0,0,0,0,0,"- ","- ",,,"SAN FRANCISCO","SAN FRANCISCO",-122.5029296875,37.779640197753906
9223838,2021,2022-08-22,3801,2021-01-17,1708,1173,RICH,7,5,7,3801,0,0,0,,0,901,"FULTON ST","38TH AV",0.00,,Y,A,-,N,,,,,,,,,,Y,4,0,1,4,A,-,03,22350,,N,D,E,A,A,H,-,A,D,0,,,,,Y,,A,01,0,0,1,0,0,0,0,0,0,"- ","- ",,,"SAN FRANCISCO","SAN FRANCISCO",-122.49810028076172,37.771938323974609
9223839,2021,2021-03-29,3801,2021-01-17,1530,299,CENTR,7,5,7,3801,0,0,0,,0,3A12D,"THE EMBARCADERO","FERRY PLAZA",0.00,,Y,A,-,N,,,,,,,,,,Y,4,0,1,2,A,-,12,21453,A,M,B,C,A,A,H,-,A,A,0,,,Y,,Y,,C,02,0,0,1,0,0,0,0,0,1,"- ","- ",,,"SAN FRANCISCO","SAN FRANCISCO",-122.39302825927734,37.794403076171875
9223840,2021,2021-03-29,3801,2021-01-17,1452,1888,RICHM,7,5,7,3801,0,0,0,,0,,"GREAT HWY","LINCOLN WY",900.00,N,N,A,-,N,,,,,,,,,,N,3,0,1,2,A,-,09,21800,,N,A,G,A,A,H,-,A,D,0,,Y,,,Y,,A,01,0,1,0,0,0,0,1,0,0,"- ","- ",,,"SAN FRANCISCO","SAN FRANCISCO",-122.5103759765625,37.766510009765625
9223841,2021,2021-03-19,3801,2021-01-31,0628,2405,SOUTH,7,5,7,3801,0,0,0,,0,3B13A,"OCTAVIA ST","MARKET ST",0.00,,Y,A,-,N,,,,,,,,,,N,4,0,3,2,A,-,08,22107,,N,C,C,A,A,H,-,C,A,0,,,,,Y,,A,01,0,0,3,0,0,0,0,0,0,"- ","- ",,,"SAN FRANCISCO","SAN FRANCISCO",-122.42359161376953,37.771774291992188
9223842,2021,2021-03-19,3801,2021-01-29,0807,2495,BAYVI,5,5,7,3801,0,0,0,,0,3C13A,"EVANS AV","3RD ST",0.00,,Y,A,-,N,,,,,,,,,,Y,4,0,2,3,A,-,12,21453,A,N,D,I,A,A,H,-,A,A,0,,,,,Y,,A,07,0,0,2,0,0,0,0,0,0,"- ","- ",,,"SAN FRANCISCO","SAN FRANCISCO",-122.38801574707031,37.742733001708984
9223853,2021,2021-03-22,3801,2021-01-28,2122,327,RICHM,4,5,7,3801,0,0,0,,0,1801,"19TH AV","ANZA ST",0.00,,Y,A,-,N,,,,,,,,,,Y,2,0,2,2,A,-,01,23152,A,N,D,C,A,B,H,-,C,A,0,,,Y,,Y,Y,C,02,2,0,0,0,0,0,0,0,2,"- ","- ",,,"SAN FRANCISCO","SAN FRANCISCO",-122.47819519042969,37.778453826904297
9223854,2021,2021-03-22,3801,2021-01-28,1949,1074,MISSI,4,5,7,3801,0,0,0,,0,3D11D,"GUERRERO ST","17TH ST",10.00,S,N,A,-,N,,,,,,,,,,N,3,0,1,2,A,-,10,21950,A,N,G,B,B,-,H,-,C,A,0,Y,,,,Y,,A,01,0,1,0,0,1,0,0,0,0,"- ","- ",,,"SAN FRANCISCO","SAN FRANCISCO",-122.42392730712891,37.763141632080078
9223855,2021,2021-03-22,3801,2021-01-24,1734,2124,TENDE,7,5,7,3801,0,0,0,,0,3J13D,"JESSIE ST","9TH ST",0.00,,Y,A,-,N,,,,,,,,,,N,4,0,2,2,A,-,12,22450,A,N,H,-,A,B,H,-,A,D,0,,,Y,,Y,,A,01,0,0,2,0,0,0,0,0,2,"- ","- ",,,"SAN FRANCISCO","SAN FRANCISCO",-122.41532897949219,37.776706695556641
9223856,2021,2021-03-22,3801,2021-01-23,0841,1043,TRAFF,6,5,7,3801,0,0,0,,0,4B102,"19TH AV","ORTEGA ST",0.00,,Y,A,-,N,,,,,,,,,,N,2,0,1,2,A,-,11,21453,D,N,G,B,B,A,H,-,A,A,0,Y,,,,Y,,N,60,1,0,0,0,1,0,0,0,0,"- ","- ",,,"SAN FRANCISCO","SAN FRANCISCO",-122.47631072998047,37.752361297607422
9223857,2021,2021-03-22,3801,2021-01-18,1241,1486,TRAFF,1,5,7,3801,0,0,0,,0,4B5A,"POTRERO AV","20TH ST",11.00,S,N,A,-,N,,,,,,,,,,N,2,0,1,2,A,-,10,21950,A,N,G,B,B,A,H,-,A,A,0,Y,,,,Y,,A,01,1,0,0,0,1,0,0,0,0,"- ","- ",,,"SAN FRANCISCO","SAN FRANCISCO",-122.40694427490234,37.75933837890625
9223858,2021,2021-03-24,3801,2021-01-30,2015,2499,SOUTH,6,5,7,3801,0,0,0,,0,,"13TH ST","HARRISON ST",0.00,,Y,A,-,N,,,,,,,,,,Y,4,0,1,4,A,-,12,21453,A,F,B,C,A,A,H,-,C,A,0,,,,,Y,,D,22,0,0,1,0,0,0,0,0,0,"- ","- ",,,"SAN FRANCISCO","SAN FRANCISCO",-122.41340637207031,37.769454956054688
9223859,2021,2021-03-22,3801,2021-01-30,1925,1148,MISSI,6,5,7,3801,0,0,0,,0,3D15D,"MISSION ST","16TH ST",0.00,,Y,A,-,N,,,,,,,,,,N,4,0,1,2,A,-,10,21950,A,F,G,B,B,A,H,-,C,A,0,Y,,,,Y,,A,07,0,0,1,0,1,0,0,0,0,"- ","- ",,,"SAN FRANCISCO","SAN FRANCISCO",-122.41967010498047,37.765052795410156
9223860,2021,2021-03-22,3801,2021-01-31,1630,643,TARAV,7,5,7,3801,0,0,0,,0,3I11D,"19TH AV","IRVING ST",0.00,,Y,A,-,N,,,,,,,,,,Y,4,0,1,2,A,-,03,22350,,F,C,C,A,A,H,-,A,A,0,,,,,Y,,A,01,0,0,1,0,0,0,0,0,0,"- ","- ",,,"SAN FRANCISCO","SAN FRANCISCO",-122.47720336914062,37.763557434082031
9223869,2021,2021-03-04,3801,2021-01-17,1409,1238,NORTH,7,5,7,3801,0,0,0,,0,3E11A,"FELL ST","FRANKLIN ST",8.00,E,N,A,-,N,,,,,,,,,,Y,4,0,1,2,A,-,03,22350,,F,B,C,A,A,H,-,A,A,0,,,,,Y,,A,01,0,0,1,0,0,0,0,0,0,"- ","- ",,,"SAN FRANCISCO","SAN FRANCISCO",-122.42111206054688,37.776165008544922
9223876,2021,2021-03-08,3801,2021-01-16,0542,1892,TENDE,6,5,7,3801,0,0,0,,0,908,"JONES ST","EDDY ST",0.00,,Y,A,-,N,,,,,,,,,,Y,3,0,2,2,A,-,12,21453,A,N,D,C,A,A,H,-,C,A,0,,,,,Y,,A,01,0,1,1,0,0,0,0,0,0,"- ","- ",,,"SAN FRANCISCO","SAN FRANCISCO",-122.41259002685547,37.783943176269531
9223881,2021,2021-06-02,3801,2021-01-05,1232,1823,MISSI,2,5,7,3801,0,0,0,,0,3D11C,"17TH ST","DOLORES ST",0.00,,Y,A,-,N,,,,,,,,,,N,4,0,1,2,A,-,08,22108,,N,D,B,E,A,H,-,A,D,0,Y,,,,Y,,A,01,0,0,1,0,1,0,0,0,0,"- ","- ",,,"SAN FRANCISCO","SAN FRANCISCO",-122.42630004882812,37.763008117675781