CASE_ID,ACCIDENT_YEAR,PROC_DATE,JURIS,COLLISION_DATE,COLLISION_TIME,OFFICER_ID,REPORTING_DISTRICT,DAY_OF_WEEK,CHP_SHIFT,POPULATION,CNTY_CITY_LOC,SPECIAL_COND,BEAT_TYPE,CHP_BEAT_TYPE,CITY_DIVISION_LAPD,CHP_BEAT_CLASS,BEAT_NUMBER,PRIMARY_RD,SECONDARY_RD,DISTANCE,DIRECTION,INTERSECTION,WEATHER_1,WEATHER_2,STATE_HWY_IND,CALTRANS_COUNTY,CALTRANS_DISTRICT,STATE_ROUTE,ROUTE_SUFFIX,POSTMILE_PREFIX,POSTMILE,LOCATION_TYPE,RAMP_INTERSECTION,SIDE_OF_HWY,TOW_AWAY,COLLISION_SEVERITY,NUMBER_KILLED,NUMBER_INJURED,PARTY_COUNT,PRIMARY_COLL_FACTOR,PCF_CODE_OF_VIOL,PCF_VIOL_CATEGORY,PCF_VIOLATION,PCF_VIOL_SUBSECTION,HIT_AND_RUN,TYPE_OF_COLLISION,MVIW,PED_ACTION,ROAD_SURFACE,ROAD_COND_1,ROAD_COND_2,LIGHTING,CONTROL_DEVICE,CHP_ROAD_TYPE,PEDESTRIAN_ACCIDENT,BICYCLE_ACCIDENT,MOTORCYCLE_ACCIDENT,TRUCK_ACCIDENT,NOT_PRIVATE_PROPERTY,ALCOHOL_INVOLVED,STWD_VEHTYPE_AT_FAULT,CHP_VEHTYPE_AT_FAULT,COUNT_SEVERE_INJ,COUNT_VISIBLE_INJ,COUNT_COMPLAINT_PAIN,COUNT_PED_KILLED,COUNT_PED_INJURED,COUNT_BICYCLIST_KILLED,COUNT_BICYCLIST_INJURED,COUNT_MC_KILLED,COUNT_MC_INJURED,PRIMARY_RAMP,SECONDARY_RAMP,LATITUDE,LONGITUDE,COUNTY,CITY,POINT_X,POINT_Y
9227542,2021,2021-04-13,3801,2021-02-21,1445,4314,RICHM,7,5,7,3801,0,0,0,,0,0G4,"CALIFORNIA ST","15TH AV",10.00,W,N,A,-,N,,,,,,,,,,N,2,0,1,1,D,-,00,,,N,F,A,A,A,H,-,A,D,0,,Y,,,Y,,-,"- ",1,0,0,0,0,0,1,0,0,"- ","- ",,,"SAN FRANCISCO","SAN FRANCISCO",-122.47429656982422,37.784366607666016
9227543,2021,2021-04-12,3801,2021-02-19,1155,143,CENTR,5,5,7,3801,0,0,0,,0,3A00,"KEARNY ST","KEARNY ST 900",0.00,,N,A,-,N,,,,,,,,,,,4,0,1,2,A,-,07,21658,A,F,B,E,A,A,H,-,A,A,0,,,Y,,Y,,A,01,0,0,1,0,0,0,0,0,1,"- ","- ",,,"SAN FRANCISCO","SAN FRANCISCO",,
9227544,2021,2021-04-12,3801,2021-02-19,1308,2272,CENTR,5,5,7,3801,0,0,0,,0,3A13C,BROADWAY,LEAVENWORTH,79.00,W,N,B,-,N,,,,,,,,,,N,4,0,1,2,A,-,21,22106,,N,D,C,A,B,-,-,A,D,0,,,,,Y,,A,07,0,0,1,0,0,0,0,0,0,"- ","- ",,,"SAN FRANCISCO","SAN FRANCISCO",-122.4171142578125,37.796588897705078
9227545,2021,2021-04-22,3801,2021-02-18,1314,4117,TARAV,4,5,7,3801,0,0,0,,0,3I13B,"LINCOLN WY","21ST AV",0.00,,Y,A,-,N,,,,,,,,,,N,4,0,2,2,A,-,04,21703,,N,C,D,A,A,H,-,A,A,0,,,,,Y,,A,01,0,0,2,0,0,0,0,0,0,"- ","- ",,,"SAN FRANCISCO","SAN FRANCISCO",-122.47942352294922,37.765357971191406
9227546,2021,2021-04-13,3801,2021-02-17,0750,2405,SOUTH,3,5,7,3801,0,0,0,,0,3B14A,"12TH ST","SOUTH VAN NESS AV",0.00,,Y,A,-,N,,,,,,,,,,N,4,0,2,2,A,-,10,21950,A,N,G,B,B,A,H,-,A,D,0,Y,,Y,,Y,,C,02,0,0,2,0,1,0,0,0,1,"- ","- ",,,"SAN FRANCISCO","SAN FRANCISCO",-122.41876983642578,37.773540496826172
9227547,2021,2021-04-13,3801,2021-02-16,1553,1435,TRAFF,2,5,7,3801,0,0,0,,0,4B4I,"LAKE MERCED BL","HIGUERA AV",346.00,N,N,A,-,N,,,,,,,,,,N,4,0,1,2,A,-,03,22350,,N,H,B,F,A,H,-,A,D,0,Y,Y,,,Y,,L,04,0,0,1,0,1,0,0,0,0,"- ","- ",,,"SAN FRANCISCO","SAN FRANCISCO",-122.48511505126953,37.719261169433594
9227548,2021,2021-04-13,3801,2021-02-27,2005,1860,SOUTH,6,5,7,3801,0,0,0,,0,3B13D,"MARKET ST","2ND ST",0.00,,Y,A,-,N,,,,,,,,,,Y,4,0,1,1,A,-,03,22350,,N,E,I,A,A,H,-,C,A,0,,,,,Y,,A,01,0,0,1,0,0,0,0,0,0,"- ","- ",,,"SAN FRANCISCO","SAN FRANCISCO",-122.40139770507812,37.789234161376953
9227549,2021,2021-04-13,3801,2021-02-27,1840,2044,SOUTH,6,5,7,3801,0,0,0,,0,3B14D,"SOUTH VAN NESS AV","PLUM ST",60.00,N,N,A,-,N,,,,,,,,,,N,4,0,1,2,A,-,04,21703,,N,C,-,A,A,H,-,C,D,0,,,,,Y,,A,01,0,0,1,0,0,0,0,0,0,"- ","- ",,,"SAN FRANCISCO","SAN FRANCISCO",-122.41796112060547,37.771030426025391
9227550,2021,2021-04-13,3801,2021-02-24,0750,1593,PARK,3,5,7,3801,0,0,0,,0,PARK,"HERMANN ST","LAGUNA ST",82.00,W,N,A,-,N,,,,,,,,,,N,4,0,1,2,A,-,09,21801,A,N,D,G,A,A,H,-,A,D,0,,Y,,,Y,,-,,0,0,1,0,0,0,1,0,0,"- ","- ",,,"SAN FRANCISCO","SAN FRANCISCO",-122.42540740966797,37.770843505859375
9227551,2021,2021-04-13,3801,2021-02-23,1723,4314,RICHM,2,5,7,3801,0,0,0,,0,0G2,"FULTON ST","PARSONS ST",26.00,E,N,A,-,N,,,,,,,,,,N,3,0,2,2,-,-,"- ",,,N,B,C,A,A,H,-,A,D,0,,,Y,,Y,,A,01,0,2,0,0,0,0,0,0,2,"- ","- ",,,"SAN FRANCISCO","SAN FRANCISCO",-122.45518493652344,37.774681091308594
9227552,2021,2021-04-13,3801,2021-02-24,1345,2477,PARK,3,5,7,3801,0,0,0,,0,3F43C,"HAIGHT ST","LYON ST",0.00,,Y,A,-,N,,,,,,,,,,Y,4,0,3,2,A,-,08,22107,,N,D,C,A,A,H,-,A,D,0,,,,,Y,,A,01,0,0,3,0,0,0,0,0,0,"- ","- ",,,"SAN FRANCISCO","SAN FRANCISCO",-122.44200897216797,37.770641326904297
9227553,2021,2021-04-13,3801,2021-02-25,1904,203,MISSI,4,5,7,3801,0,0,0,,0,,"SOUTH VAN NESS AV","25TH ST",0.00,,Y,A,-,N,,,,,,,,,,Y,4,0,2,2,A,-,08,22107,,N,D,C,A,A,H,-,C,A,0,,,,,Y,,A,01,0,0,2,0,0,0,0,0,0,"- ","- ",,,"SAN FRANCISCO","SAN FRANCISCO",-122.41616821289062,37.750778198242188
9227554,2021,2021-04-13,3801,2021-02-25,1420,1246,MISSI,4,5,7,3801,0,0,0,,0,,"DOLORES ST","24TH ST",10.00,S,N,A,-,N,,,,,,,,,,N,2,0,1,2,A,-,11,21453,D,N,G,B,B,A,H,-,A,A,0,Y,,,,Y,,N,60,1,0,0,0,1,0,0,0,0,"- ","- ",,,"SAN FRANCISCO","SAN FRANCISCO",-122.42522430419922,37.751811981201172
9227556,2021,2021-04-13,3801,2021-02-24,0933,392,MISSI,3,5,7,3801,0,0,0,,0,3D14A,"CAPP ST","18TH ST",0.00,,Y,A,-,N,,,,,,,,,,Y,4,0,1,2,A,-,12,21453,A,N,D,C,A,A,H,-,A,A,0,,,,,Y,,A,01,0,0,1,0,0,0,0,0,0,"- ","- ",,,"SAN FRANCISCO","SAN FRANCISCO",-122.41826629638672,37.761894226074219
9227557,2021,2021-04-13,3801,2021-02-24,1430,283,MISSO,3,5,7,3801,0,0,0,,0,0D2,"GUERRERO ST","25TH ST",118.00,N,N,A,-,N,,,,,,,,,,N,4,0,1,2,-,-,"- ",,,N,B,G,A,A,H,-,-,A,0,,Y,,,Y,,A,08,0,0,1,0,0,0,1,0,0,"- ","- ",,,"SAN FRANCISCO","SAN FRANCISCO",-122.42275238037109,37.750713348388672
9227558,2021,2021-04-13,3801,2021-02-10,1437,4023,MISSI,3,5,7,3801,0,0,0,,0,3D45C,"MISSION ST","SYCAMORE ST",55.00,N,N,A,-,N,,,,,,,,,,N,4,0,1,2,A,-,08,22102,,N,D,C,A,A,H,-,A,D,0,,,,,Y,,A,01,0,0,1,0,0,0,0,0,0,"- ","- ",,,"SAN FRANCISCO","SAN FRANCISCO",-122.41947174072266,37.762870788574219
9227559,2021,2021-04-13,3801,2021-02-10,2357,899,MISSI,3,5,7,3801,0,0,0,,0,3D14E,"MISSION ST","CESAR CHAVEZ ST",0.00,,Y,A,-,N,,,,,,,,,,Y,4,0,1,2,A,-,04,21703,,N,C,A,A,A,H,-,C,A,0,,,,,Y,,D,22,0,0,1,0,0,0,0,0,0,"- ","- ",,,"SAN FRANCISCO","SAN FRANCISCO",-122.41819763183594,37.748222351074219
9227561,2021,2021-04-07,3801,2021-02-10,0630,1871,INGLE,3,5,7,3801,0,0,0,,0,901,"MISSION ST","GENEVA AV",0.00,,Y,A,-,N,,,,,,,,,,Y,3,0,1,2,A,-,09,21801,A,F,D,C,A,A,H,-,C,A,0,,,,,Y,,A,07,0,1,0,0,0,0,0,0,0,"- ","- ",,,"SAN FRANCISCO","SAN FRANCISCO",-122.44100189208984,37.716388702392578
92275616,2023,2024-01-01,9335,2023-12-20,"105 ",022703,,3,3,7,3801,0,1,1,,2,022,"I-280 SOUTHBOUND","THE NORTH ROADWAY EDGE OF ALEMANY BOULEVARD",45.00,S,N,C,-,Y,SF,,280," ",R,0.482,H,,L,Y,4,0,1,1,A,-,01,23152,A,N,E,I,A,B,H,-,D,D,0,,,,,Y,Y,A,01,0,0,1,0,0,0,0,0,0,"- ","- ",37.710689544677734,-122.46112060546875,"SAN FRANCISCO","SAN FRANCISCO",-122.46111297607422,37.710578918457031
9227562,2021,2021-04-07,3801,2021-02-11,2045,713,CENTR,4,5,7,3801,0,0,0,,0,3A14D,"STOCKTON ST","JACKSON ST",128.00,N,N,A,-,N,,,,,,,,,,N,3,0,1,2,A,-,03,22350,,N,C,C,A,B,H,-,C,A,0,,Y,,,Y,,A,01,0,1,0,0,0,0,1,0,0,"- ","- ",,,"SAN FRANCISCO","SAN FRANCISCO",-122.40829467773438,37.796176910400391
9227563,2021,2021-04-14,3801,2021-02-07,1845,1878,INGLE,7,5,7,3801,0,0,0,,0,3H11D,"MISSION ST","VIRGINIA AV",0.00,,Y,A,-,N,,,,,,,,,,N,4,0,3,3,A,-,12,21453,A,N,D,C,A,A,H,-,C,A,0,,,,,Y,,A,01,0,0,3,0,0,0,0,0,0,"- ","- ",,,"SAN FRANCISCO","SAN FRANCISCO",-122.42150115966797,37.743148803710938
9227566,2021,2021-04-07,3801,2021-02-21,2137,1045,BAYVI,7,5,7,3801,0,0,0,,0,0C2,"EVANS AV","RANKIN ST",0.00,,N,A,-,N,,,,,,,,,,N,4,0,1,2,A,-,07,21658,A,F,B,C,A,A,H,-,C,A,0,,,,,Y,,A,01,0,0,1,0,0,0,0,0,0,"- ","- ",,,"SAN FRANCISCO","SAN FRANCISCO",-122.39220428466797,37.745109558105469
92275660,2023,2024-01-01,9335,2023-10-09,"820 ",023474,,1,1,7,3801,0,1,1,,2,022,"I-280 N/B","BADEN ST OVERCROSSING",245.00,N,N,A,-,Y,SF,,280," ",R,2.322,H,,R,N,4,0,1,3,A,-,07,21658,A,N,B,C,A,A,H,-,A,D,0,,,,,Y,,-,"- ",0,0,1,0,0,0,0,0,0,"- ","- ",37.729091644287109,-122.441650390625,"SAN FRANCISCO","SAN FRANCISCO",-122.441650390625,37.729087829589844
92275661,2023,2024-01-01,9335,2023-12-11,1438,023558,,1,2,7,3801,0,1,2,,2,014,"RT 101","17TH ST. UNDERCROSSING",90.00,S,N,A,-,Y,SF,,101," "," ",4.117,H,,R,N,4,0,1,2,A,-,03,22350,,N,C,C,A,A,H,-,A,D,0,,,,,Y,,A,01,0,0,1,0,0,0,0,0,0,"- ","- ",37.764408111572266,-122.40496063232422,"SAN FRANCISCO","SAN FRANCISCO",-122.40489196777344,37.764404296875
9227567,2021,2021-04-07,3801,2021-02-20,1912,670,INGLE,6,5,7,3801,0,0,0,,0,3H16D,"SUNNYDALE AV","SAWYER ST",0.00,,Y,A,-,N,,,,,,,,,,Y,4,0,1,2,A,-,12,22450,A,N,D,C,A,A,H,-,C,A,0,,,,,Y,,A,01,0,0,1,0,0,0,0,0,0,"- ","- ",,,"SAN FRANCISCO","SAN FRANCISCO",-122.41508483886719,37.711647033691406
92275675,2023,2024-01-01,9335,2023-10-27,2040,023167,,5,2,7,3801,0,1,2,,2,015,"US-101 S/B","10TH STREET",260.00,S,N,A,-,Y,SF,,101," ",R,4.596,H,,R,N,4,0,1,2,A,-,07,21658,A,M,B,C,A,A,H,-,B,D,0,,,,,Y,,-,99,0,0,1,0,0,0,0,0,0,"- ","- ",37.770069122314453,-122.40872955322266,"SAN FRANCISCO","SAN FRANCISCO",-122.40867614746094,37.769924163818359
9227568,2021,2021-04-14,3801,2021-02-20,1244,4035,BAYVI,6,5,7,3801,0,0,0,,0,3C12B,"EVANS AV","NAPOLEON ST",100.00,N,N,A,-,N,,,,,,,,,,Y,4,0,1,2,-,-,"- ",,A,F,D,C,A,A,H,-,A,A,0,,,,,Y,,-,,0,0,1,0,0,0,0,0,0,"- ","- ",,,"SAN FRANCISCO","SAN FRANCISCO",-122.39618682861328,37.747428894042969
9227569,2021,2021-04-14,3801,2021-02-20,1121,2195,SOUTH,6,5,7,3801,0,0,0,,0,004,"DIVISION ST","8TH AV",0.00,,Y,A,-,N,,,,,,,,,,N,3,0,1,2,A,-,12,22450,A,N,C,G,A,A,H,-,A,D,0,,Y,,,Y,,L,04,0,1,0,0,0,0,1,0,0,"- ","- ",,,"SAN FRANCISCO","SAN FRANCISCO",-122.40385437011719,37.77001953125
9227570,2021,2021-04-14,3801,2021-02-19,2236,2141,MISSI,5,5,7,3801,0,0,0,,0,210114,"SOUTH VAN NESS AV","18TH ST",0.00,,Y,A,-,N,,,,,,,,,,Y,4,0,2,2,A,-,12,21453,A,F,D,C,A,A,H,-,C,A,0,,,,,Y,,A,01,0,0,2,0,0,0,0,0,0,"- ","- ",,,"SAN FRANCISCO","SAN FRANCISCO",-122.41719818115234,37.761947631835938
9227571,2021,2021-04-07,3801,2021-02-19,1846,2279,INGLE,5,5,7,3801,0,0,0,,0,005,"HURON AV","SICKLES AV",0.00,,Y,A,-,N,,,,,,,,,,N,4,0,1,3,A,-,09,21800,A,N,D,G,A,A,H,-,C,A,0,,Y,,,Y,,L,04,0,0,1,0,0,0,1,0,0,"- ","- ",,,"SAN FRANCISCO","SAN FRANCISCO",-122.45323944091797,37.709182739257812
9227572,2021,2021-04-12,3801,2021-02-16,0511,1094,TENDE,2,5,7,3801,0,0,0,,0,3J13E,"HYDE ST","TURK ST",0.00,,Y,A,-,N,,,,,,,,,,N,4,0,1,2,A,-,03,22350,,N,C,J,A,A,H,-,C,D,0,,,,,Y,,A,01,0,0,1,0,0,0,0,0,0,"- ","- ",,,"SAN FRANCISCO","SAN FRANCISCO",-122.41569519042969,37.782566070556641
9227573,2021,2021-04-12,3801,2021-02-15,1920,4314,RICHM,1,5,7,3801,0,0,0,,0,0G3,"CELEMENT ST","7TH AV",111.00,W,N,B,-,N,,,,,,,,,,,3,0,1,2,A,-,06,21750,,N,B,C,A,A,H,-,C,D,0,,,Y,,Y,,C,03,0,1,0,0,0,0,0,0,1,"- ","- ",,,"SAN FRANCISCO","SAN FRANCISCO",-122.46585083007812,37.782871246337891
9227574,2021,2021-04-07,3801,2021-02-15,1755,2008,MISSI,1,5,7,3801,0,0,0,,0,3D15D,"13TH ST","MISSION ST",50.00,E,N,A,-,N,,,,,,,,,,N,3,0,1,2,A,-,04,21703,,F,C,C,A,A,H,-,B,B,0,,,,,Y,,-,,0,1,0,0,0,0,0,0,0,"- ","- ",,,"SAN FRANCISCO","SAN FRANCISCO",-122.41974639892578,37.769977569580078
9227575,2021,2021-04-07,3801,2021-02-15,1550,1832,TENDE,1,5,7,3801,0,0,0,,0,3J11C,"LEAVENWORTH ST","TURK ST",0.00,,Y,A,-,N,,,,,,,,,,N,3,0,1,2,A,-,12,21453,A,N,D,G,A,A,H,-,A,A,0,,Y,,,Y,,A,01,0,1,0,0,0,0,1,0,0,"- ","- ",,,"SAN FRANCISCO","SAN FRANCISCO",-122.41403961181641,37.782802581787109
9227576,2021,2021-04-12,3801,2021-02-15,1506,209,NORTH,1,5,7,3801,0,0,0,,0,03E,"LAGUNA ST","MCALLISTER ST",0.00,,Y,A,-,N,,,,,,,,,,Y,4,0,2,2,A,-,12,21453,A,N,D,C,A,A,-,-,A,A,0,,,,,Y,,A,01,0,0,2,0,0,0,0,0,0,"- ","- ",,,"SAN FRANCISCO","SAN FRANCISCO",-122.42681884765625,37.779262542724609
9227577,2021,2021-04-12,3801,2021-02-15,1020,1968,NORTH,1,5,7,3801,0,0,0,,0,3E41C,"EDDY ST","POLK ST",0.00,,Y,C,-,N,,,,,,,,,,N,3,0,1,2,A,-,11,21954,A,N,A,B,B,B,H,-,A,A,0,Y,,,,Y,,A,01,0,1,0,0,1,0,0,0,0,"- ","- ",,,"SAN FRANCISCO","SAN FRANCISCO",-122.41918182373047,37.7830810546875
9227578,2021,2021-04-13,3801,2021-02-15,0912,1861,TARAV,1,5,7,3801,0,0,0,,0,3I13A,"NORIEGA ST","32ND AV",50.00,W,N,C,-,N,,,,,,,,,,N,4,0,1,2,A,-,03,22350,,N,G,I,F,B,H,-,A,D,0,Y,,,,Y,,A,07,0,0,1,0,1,0,0,0,0,"- ","- ",,,"SAN FRANCISCO","SAN FRANCISCO",-122.49057006835938,37.753620147705078
9227579,2021,2021-04-12,3801,2021-02-14,2300,595,INGLE,7,5,7,3801,0,0,0,,0,3H15E,"SILVER AV","MISSION ST",20.00,E,N,C,-,N,,,,,,,,,,N,3,0,1,2,A,-,11,21456,B,N,G,B,D,B,-,-,C,A,0,Y,,,,Y,Y,-,"- ",0,1,0,0,1,0,0,0,0,"- ","- ",,,"SAN FRANCISCO","SAN FRANCISCO",-122.43121337890625,37.728721618652344
9227580,2021,2021-04-12,3801,2021-02-14,1940,2272,CENTR,7,5,7,3801,0,0,0,,0,002,"POLK ST","BROADWAY ST",49.00,N,N,B,-,N,,,,,,,,,,Y,4,0,1,2,A,-,09,21801,A,N,B,C,A,A,H,-,A,A,0,,,Y,,Y,,A,01,0,0,1,0,0,0,0,0,1,"- ","- ",,,"SAN FRANCISCO","SAN FRANCISCO",-122.42179107666016,37.796073913574219
9227581,2021,2021-03-27,3801,2021-02-14,1150,73,TRAFF,7,5,7,3801,0,0,0,,0,4K1G,"JOHN F KENNEDY DR","STANYAN ST",0.00,,Y,A,B,N,,,,,,,,,,N,2,0,1,1,C,-,18,,,N,H,-,A,A,H,-,-,A,0,,Y,,,Y,,-,"- ",1,0,0,0,0,0,1,0,0,"- ","- ",,,"SAN FRANCISCO","SAN FRANCISCO",-122.45400238037109,37.771507263183594
9227582,2021,2021-03-27,3801,2021-02-27,1432,1876,NORTH,6,5,7,3801,0,0,0,,0,3E12A,"MCALLISTER ST","SCOTT ST",0.00,,Y,A,-,N,,,,,,,,,,N,4,0,1,2,A,-,03,22350,,N,-,-,A,A,H,-,B,-,0,,Y,,,Y,,A,08,0,0,1,0,0,0,1,0,0,"- ","- ",,,"SAN FRANCISCO","SAN FRANCISCO",-122.43669891357422,37.778011322021484
9227583,2021,2021-03-27,3801,2021-02-27,1410,1053,TARAV,6,5,7,3801,0,0,0,,0,3I15A,"SKYLINE DR","JOHN MUIR DR",12.00,S,N,A,-,N,,,,,,,,,,Y,4,0,1,2,A,-,03,22350,,N,C,C,A,A,H,-,A,A,0,,,,,Y,,A,01,0,0,1,0,0,0,0,0,0,"- ","- ",,,"SAN FRANCISCO","SAN FRANCISCO",-122.50016021728516,37.718917846679688
9227584,2021,2021-03-27,3801,2021-02-27,1321,2483,NORTH,6,5,7,3801,0,0,0,,0,3E13A,"VAN NESS AV","FRANCISCO ST",0.00,,Y,A,-,N,,,,,,,,,,Y,4,0,1,2,A,-,12,21453,A,N,D,C,A,A,H,-,A,A,0,,,,,Y,,A,01,0,0,1,0,0,0,0,0,0,"- ","- ",,,"SAN FRANCISCO","SAN FRANCISCO",-122.42496490478516,37.803203582763672
92275845,2023,2024-01-01,9335,2023-11-03,"550 ",023063,,5,3,7,3801,0,1,1,,1,081,"I-80 WESTBOUND","TREASURE ISLAND RD",518.00,W,N,A,-,Y,SF,,80," "," ",7.623,H,,L,N,4,0,1,2,A,-,03,22350,,N,C,C,A,A,H,-,C,D,0,,,,,Y,,A,01,0,0,1,0,0,0,0,0,0,"- ","- ",37.807979583740234,-122.3675537109375,"SAN FRANCISCO","SAN FRANCISCO",-122.36732482910156,37.807857513427734
9227585,2021,2021-03-27,3801,2021-02-27,1054,1920,MISSI,6,5,7,3801,0,0,0,,0,3D13A,"GUERRERO ST","23RD ST",0.00,,Y,A,-,N,,,,,,,,,,Y,4,0,1,1,A,-,03,22350,,N,E,I,A,A,H,-,A,D,0,,,Y,,Y,,C,03,0,0,1,0,0,0,0,0,1,"- ","- ",,,"SAN FRANCISCO","SAN FRANCISCO",-122.42303466796875,37.753559112548828
9227586,2021,2021-03-27,3801,2021-02-26,1927,1474,BAYVI,5,5,7,3801,0,0,0,,0,3C13D,"BAYSHORE BL","EGBERT AV",0.00,,Y,A,-,N,,,,,,,,,,N,3,0,1,2,A,-,10,21950,A,N,G,B,B,A,H,-,C,A,0,Y,,,,Y,,A,01,0,1,0,0,1,0,0,0,0,"- ","- ",,,"SAN FRANCISCO","SAN FRANCISCO",-122.40219879150391,37.727947235107422
9227588,2021,2021-03-27,3801,2021-02-26,1550,4020,MISSI,5,5,7,3801,0,0,0,,0,3D45C,"VALENCIA ST","22ND ST",0.00,,Y,A,-,N,,,,,,,,,,N,3,0,1,2,A,-,10,21950,A,N,G,B,B,A,H,-,A,A,0,Y,,,,Y,,A,01,0,1,0,0,1,0,0,0,0,"- ","- ",,,"SAN FRANCISCO","SAN FRANCISCO",-122.42096710205078,37.755306243896484
9227589,2021,2021-03-27,3801,2021-02-21,1500,1238,NORTH,7,5,7,3801,0,0,0,,0,3E00,"CARL ST","STANYAN ST",0.00,,Y,F,-,N,,,,,,,,,,N,3,0,2,2,A,-,08,22100,B,F,B,C,A,-,G,-,A,A,0,,,Y,,Y,,A,01,0,2,0,0,0,0,0,0,2,"- ","- ",,,"SAN FRANCISCO","SAN FRANCISCO",-122.45275115966797,37.765422821044922
9227590,2021,2021-03-27,3801,2021-02-26,0630,1920,MISSI,5,5,7,3801,0,0,0,,0,3D13A,"MARKET ST","EUREKA ST",0.00,,Y,A,-,N,,,,,,,,,,N,4,0,1,2,A,-,10,21950,A,N,D,B,B,A,H,-,B,A,0,Y,,,,Y,,A,01,0,0,1,0,1,0,0,0,0,"- ","- ",,,"SAN FRANCISCO","SAN FRANCISCO",-122.43834686279297,37.761722564697266
9227591,2021,2021-03-27,3801,2021-02-25,1623,1225,SOUTH,4,5,7,3801,0,0,0,,0,3B12D,"3RD ST","BRYANT ST",0.00,,Y,A,-,N,,,,,,,,,,N,4,0,2,3,A,-,03,22350,,N,C,C,A,A,H,-,A,A,0,,,,,Y,,A,07,0,0,2,0,0,0,0,0,0,"- ","- ",,,"SAN FRANCISCO","SAN FRANCISCO",-122.39585113525391,37.781307220458984
9227592,2021,2021-03-27,3801,2021-02-13,2101,2723,INGLE,6,5,7,3801,0,0,0,,0,3H13D,"GENEVA AV","MADRID ST",0.00,,Y,-,-,N,,,,,,,,,,Y,4,0,1,2,A,-,04,21703,,N,C,-,A,A,H,-,C,A,0,,,,,Y,,A,01,0,0,1,0,0,0,0,0,0,"- ","- ",,,"SAN FRANCISCO","SAN FRANCISCO",-122.43781280517578,37.714950561523438
9227593,2021,2021-03-27,3801,2021-02-13,1956,668,NORTH,6,5,7,3801,0,0,0,,0,,"VAN NESS AV","GEARY ST",0.00,,Y,A,-,N,,,,,,,,,,N,2,0,1,2,A,-,03,22350,,F,C,C,A,A,H,-,C,A,0,,,,,Y,,A,01,1,0,0,0,0,0,0,0,0,"- ","- ",,,"SAN FRANCISCO","SAN FRANCISCO",-122.42131805419922,37.785697937011719
9227594,2021,2021-03-27,3801,2021-02-13,1842,1184,MISSI,6,5,7,3801,0,0,0,,0,3D14D,"VALENCIA ST","15TH ST",0.00,,Y,A,-,N,,,,,,,,,,N,4,0,1,2,A,-,08,22103,,N,D,G,A,A,H,-,C,D,0,,Y,,,Y,,A,01,0,0,1,0,0,0,1,0,0,"- ","- ",,,"SAN FRANCISCO","SAN FRANCISCO",-122.42203521728516,37.766529083251953
9227595,2021,2021-03-27,3801,2021-02-13,1531,2731,RICHM,6,5,7,3801,0,0,0,,0,0G4,"CLEMENT ST","25TH AV",90.00,W,N,A,-,N,,,,,,,,,,N,3,0,1,2,A,-,17,22517,,N,B,G,A,A,H,-,A,D,0,,Y,,,Y,,A,01,0,1,0,0,0,0,1,0,0,"- ","- ",,,"SAN FRANCISCO","SAN FRANCISCO",-122.48519134521484,37.782005310058594
9227596,2021,2021-03-27,3801,2021-02-13,1248,2727,NORTH,6,5,7,3801,0,0,0,,0,3E13A,"VAN NESS AV",GEARY,50.00,S,N,A,-,N,,,,,,,,,,Y,3,0,1,1,A,-,03,22350,,N,E,I,A,A,H,-,A,D,0,,,,,Y,,A,01,0,1,0,0,0,0,0,0,0,"- ","- ",,,"SAN FRANCISCO","SAN FRANCISCO",-122.42143249511719,37.785545349121094
9227597,2021,2021-03-27,3801,2021-02-13,0856,1920,MISSI,6,5,7,3801,0,0,0,,0,3D11A,"MARKET ST","NOE ST",0.00,,Y,A,-,N,,,,,,,,,,N,3,0,1,2,A,-,11,21955,,N,G,B,D,A,B,-,A,A,0,Y,,,,Y,,N,60,0,1,0,0,1,0,0,0,0,"- ","- ",,,"SAN FRANCISCO","SAN FRANCISCO",-122.43313598632812,37.764244079589844
9227598,2021,2021-03-27,3801,2021-02-13,1230,2164,MISSI,6,5,7,3801,0,0,0,,0,3D13A,"FOLSOM ST","21ST ST",0.00,,Y,A,-,N,,,,,,,,,,N,4,0,1,2,A,-,09,21801,A,F,-,G,A,A,H,-,C,A,0,,Y,,,Y,,-,,0,0,1,0,0,0,1,0,0,"- ","- ",,,"SAN FRANCISCO","SAN FRANCISCO",-122.41452026367188,37.757305145263672
9227599,2021,2021-03-27,3801,2021-02-12,2352,1463,SOUTH,5,5,7,3801,0,0,0,,0,0B2,"5TH ST","HARRISON ST",0.00,,Y,A,-,N,,,,,,,,,,N,3,0,1,3,A,-,05,21650,1,N,H,A,A,A,H,-,C,A,0,,Y,Y,,Y,,L,04,0,1,0,0,0,0,0,0,1,"- ","- ",,,"SAN FRANCISCO","SAN FRANCISCO",-122.40187072753906,37.779056549072266
9227600,2021,2021-03-27,3801,2021-02-12,2244,2148,MISSI,5,5,7,3801,0,0,0,,0,3D15E,"CAPP ST","19TH ST",137.00,S,N,A,-,N,,,,,,,,,,N,4,0,2,2,A,-,03,22350,,N,D,A,A,-,H,-,C,D,0,,,,,Y,,A,01,0,0,2,0,0,0,0,0,0,"- ","- ",,,"SAN FRANCISCO","SAN FRANCISCO",-122.41807556152344,37.759914398193359