CASE_ID,ACCIDENT_YEAR,PROC_DATE,JURIS,COLLISION_DATE,COLLISION_TIME,OFFICER_ID,REPORTING_DISTRICT,DAY_OF_WEEK,CHP_SHIFT,POPULATION,CNTY_CITY_LOC,SPECIAL_COND,BEAT_TYPE,CHP_BEAT_TYPE,CITY_DIVISION_LAPD,CHP_BEAT_CLASS,BEAT_NUMBER,PRIMARY_RD,SECONDARY_RD,DISTANCE,DIRECTION,INTERSECTION,WEATHER_1,WEATHER_2,STATE_HWY_IND,CALTRANS_COUNTY,CALTRANS_DISTRICT,STATE_ROUTE,ROUTE_SUFFIX,POSTMILE_PREFIX,POSTMILE,LOCATION_TYPE,RAMP_INTERSECTION,SIDE_OF_HWY,TOW_AWAY,COLLISION_SEVERITY,NUMBER_KILLED,NUMBER_INJURED,PARTY_COUNT,PRIMARY_COLL_FACTOR,PCF_CODE_OF_VIOL,PCF_VIOL_CATEGORY,PCF_VIOLATION,PCF_VIOL_SUBSECTION,HIT_AND_RUN,TYPE_OF_COLLISION,MVIW,PED_ACTION,ROAD_SURFACE,ROAD_COND_1,ROAD_COND_2,LIGHTING,CONTROL_DEVICE,CHP_ROAD_TYPE,PEDESTRIAN_ACCIDENT,BICYCLE_ACCIDENT,MOTORCYCLE_ACCIDENT,TRUCK_ACCIDENT,NOT_PRIVATE_PROPERTY,ALCOHOL_INVOLVED,STWD_VEHTYPE_AT_FAULT,CHP_VEHTYPE_AT_FAULT,COUNT_SEVERE_INJ,COUNT_VISIBLE_INJ,COUNT_COMPLAINT_PAIN,COUNT_PED_KILLED,COUNT_PED_INJURED,COUNT_BICYCLIST_KILLED,COUNT_BICYCLIST_INJURED,COUNT_MC_KILLED,COUNT_MC_INJURED,PRIMARY_RAMP,SECONDARY_RAMP,LATITUDE,LONGITUDE,COUNTY,CITY,POINT_X,POINT_Y
92276357,2023,2024-01-02,9350,2023-12-21,1702,023482,,4,2,7,3801,0,1,2,,1,120,"US-101 S/B","MERCHANT RD",4752.00,N,N,A,-,Y,,,,,,,,,,Y,4,0,1,2,A,-,03,22350,,N,C,C,A,A,H,-,A,D,0,,,,,Y,,A,01,0,0,1,0,0,0,0,0,0,"- ","- ",37.819850921630859,-122.47856903076172,"SAN FRANCISCO","SAN FRANCISCO",-122.47878265380859,37.819828033447266
92277727,2023,2024-01-03,9335,2023-12-22,1720,023373,,5,2,7,3801,0,1,1,,2,080,"I-80 E/B","7TH ST",633.00,W,N,A,-,Y,SF,,80," "," ",4.343,H,,R,N,3,0,2,2,A,-,03,22350,,N,C,C,A,A,H,-,B,D,0,,,,,Y,,A,01,0,2,0,0,0,0,0,0,0,"- ","- ",37.773059844970703,-122.40659332275391,"SAN FRANCISCO","SAN FRANCISCO",-122.40659332275391,37.773059844970703
92278187,2023,2024-01-03,9335,2023-10-06,1615,023373,,5,2,7,3801,0,1,1,,2,022,"I-280 SB","FARALLONES STREET PEDESTRIAN OVERCROSSING",570.00,N,N,A,-,Y,SF,,280," ",R,1.175,H,,L,N,3,0,1,2,A,-,03,22350,,N,C,C,A,A,H,-,A,D,0,,,,,Y,,A,01,0,1,0,0,0,0,0,0,0,"- ","- ",37.714908599853516,-122.45063018798828,"SAN FRANCISCO","SAN FRANCISCO",-122.4505615234375,37.714859008789062
92278434,2023,2024-01-03,9335,2023-12-03,"30  ",023067,,7,3,7,3801,0,1,1,,2,023,"I-280 N/B","ALEMANY BLVD",80.00,S,N,A,-,Y,SF,,280," ",R,3.850,H,,R,Y,3,0,3,3,A,-,03,22350,,F,C,C,A,A,H,-,B,D,0,,,,,Y,,A,01,0,2,1,0,0,0,0,0,0,"- ","- ",37.732089996337891,-122.41490936279297,"SAN FRANCISCO","SAN FRANCISCO",-122.4149169921875,37.73211669921875
92279301,2024,2024-01-04,9350,2024-01-02,1325,022133,,2,1,7,3801,0,1,2,,2,010,"US-101 NB","LINCOLN BLVD UNDERCROSSING",50.00,N,N,B,-,Y,,,,,,,,,,Y,4,0,2,2,A,-,07,21658,A,N,B,C,A,A,H,-,A,D,0,,,,,Y,,A,01,0,0,2,0,0,0,0,0,0,"- ","- ",37.806541442871094,-122.47457885742188,"SAN FRANCISCO","SAN FRANCISCO",-122.47463989257812,37.806472778320312
9228002,2021,2021-03-26,3801,2021-02-12,1128,1507,BAYVI,5,5,7,3801,0,0,0,,0,3C15C,"3RD ST","HOLLISTER AV",35.00,S,N,A,-,N,,,,,,,,,,,4,0,1,2,A,-,21,22106,,N,B,C,A,A,H,-,A,A,0,,,,,Y,,A,01,0,0,1,0,0,0,0,0,0,"- ","- ",,,"SAN FRANCISCO","SAN FRANCISCO",-122.39608764648438,37.721637725830078
9228005,2021,2021-04-12,3801,2021-02-22,1014,4035,BAYVI,1,5,7,3801,0,0,0,,0,3C12B,"EVANS AV","NAPOLEON ST",0.00,,Y,A,-,N,,,,,,,,,,Y,4,0,1,2,A,-,08,22107,,N,B,C,A,A,H,-,A,A,0,,,,Y,Y,Y,F,27,0,0,1,0,0,0,0,0,0,"- ","- ",,,"SAN FRANCISCO","SAN FRANCISCO",-122.39595031738281,37.747234344482422
9228017,2021,2021-04-12,3801,2021-02-13,2041,2239,INGLE,6,5,7,3801,0,0,0,,0,3H11D,"SAN JOSE AV","30TH ST",0.00,,Y,A,-,N,,,,,,,,,,Y,4,0,1,2,A,-,09,21801,A,N,D,D,A,A,H,-,C,A,0,,,,,Y,,A,01,0,0,1,0,0,0,0,0,0,"- ","- ",,,"SAN FRANCISCO","SAN FRANCISCO",-122.42333984375,37.742301940917969
9228029,2021,2021-03-26,3801,2021-02-05,1816,1144,RICHM,5,5,7,3801,0,0,0,,0,,"BUSH ST","PRESIDIO AV",0.00,,Y,A,-,N,,,,,,,,,,N,4,0,1,2,A,-,08,22107,,N,G,B,B,A,H,-,C,A,0,Y,,,,Y,Y,M,96,0,0,1,0,1,0,0,0,0,"- ","- ",,,"SAN FRANCISCO","SAN FRANCISCO",-122.44641876220703,37.785366058349609
9228030,2021,2021-04-02,3801,2021-02-19,0920,1418,TARAV,5,5,7,3801,0,0,0,,0,0I6,"GENEVA AV","RT 280",0.00,W,N,C,-,N,,,,,,,,,,N,4,0,1,3,A,-,03,22350,,N,C,E,A,-,H,-,A,D,0,,,,,Y,,D,22,0,0,1,0,0,0,0,0,0,"- ","- ",,,"SAN FRANCISCO","SAN FRANCISCO",-122.447998046875,37.721267700195312
92280300,2023,2024-01-05,9335,2023-12-23,"230 ",023167,,6,3,7,3801,0,1,2,,2,015,"US-101 S/B TO I-80 E/B","BRANNAN ST",315.00,N,N,A,-,Y,SF,,80," ",L,4.128,H,,R,Y,4,0,1,1,A,-,01,23152,A,N,E,I,A,A,H,-,C,D,0,,,,,Y,Y,A,01,0,0,1,0,0,0,0,0,0,"- ","- ",37.770130157470703,-122.40538787841797,"SAN FRANCISCO","SAN FRANCISCO",-122.40543365478516,37.770126342773438
92280310,2023,2024-01-05,9335,2023-10-08,"840 ",023111,,7,1,7,3801,0,1,1,,2,022,"I-280 N/B","SAN JOSE AVE OVERCROSSING",269.00,S,N,B,-,Y,SF,,280," ",R,1.401,H,,R,Y,3,0,1,3,A,-,01,23152,A,N,C,C,A,A,H,-,A,D,0,,,,,Y,Y,A,01,0,1,0,0,0,0,0,0,0,"- ","- ",37.717720031738281,-122.44847869873047,"SAN FRANCISCO","SAN FRANCISCO",-122.44850158691406,37.717720031738281
9228037,2021,2021-03-26,3801,2021-02-03,1057,2727,NORTH,3,5,7,3801,0,0,0,,0,3E17A,"VALLEJO ST","FRANKLIN ST",48.00,E,N,A,-,N,,,,,,,,,,Y,4,0,1,5,A,-,01,23152,F,N,C,E,A,A,H,-,A,D,0,,,Y,,Y,,A,07,0,0,1,0,0,0,0,0,0,"- ","- ",,,"SAN FRANCISCO","SAN FRANCISCO",-122.42507934570312,37.7965087890625
9228042,2021,2021-04-12,3801,2021-02-04,0740,1053,TARAV,4,5,7,3801,0,0,0,,0,3I13A,"IRVING ST","41ST AV",6.00,E,N,A,-,N,,,,,,,,,,N,3,0,1,2,A,-,10,21950,A,N,G,B,B,A,H,-,A,A,0,Y,,,,Y,,D,22,0,1,0,0,1,0,0,0,0,"- ","- ",,,"SAN FRANCISCO","SAN FRANCISCO",-122.50067138671875,37.762519836425781
9228045,2021,2021-04-09,3801,2021-02-23,1034,156,BAYVI,2,5,7,3801,0,0,0,,0,,"CARROLL AV","JENNINGS ST",0.00,,N,A,-,N,,,,,,,,,,,4,0,1,2,A,-,21,22106,,N,H,C,A,A,H,-,A,D,0,,,,,Y,,A,01,0,0,1,0,0,0,0,0,0,"- ","- ",,,"SAN FRANCISCO","SAN FRANCISCO",-122.39151000976562,37.723896026611328
9228049,2021,2021-03-26,3801,2021-02-02,0850,1871,INGLE,2,5,7,3801,0,0,0,,0,901,"MISSION ST","MOUNT VERNON AV",0.00,,Y,A,-,N,,,,,,,,,,Y,4,0,1,2,A,-,05,21650,,F,A,C,A,B,C,-,A,A,0,,,,,Y,,B,07,0,0,1,0,0,0,0,0,0,"- ","- ",,,"SAN FRANCISCO","SAN FRANCISCO",-122.44264984130859,37.714607238769531
9228054,2021,2021-03-26,3801,2021-02-07,1021,1688,TENDE,7,5,7,3801,0,0,0,,0,,"VAN NESS AV","MARKET ST",0.00,,Y,A,-,N,,,,,,,,,,N,3,0,1,2,A,-,12,21453,A,N,D,C,A,A,H,-,A,A,0,,,,,Y,,M,94,0,1,0,0,0,0,0,0,0,"- ","- ",,,"SAN FRANCISCO","SAN FRANCISCO",-122.41925811767578,37.775169372558594
92280756,2024,2024-01-08,9335,2024-01-05,"656 ",022187,,5,1,7,3801,0,1,1,,1,081,"I-80 W/B","THE EMBARCADERO UNDER-CROSSING",556.00,E,N,A,-,Y,SF,,80," "," ",6.024,H,,L,N,4,0,1,2,A,-,03,22350,,M,C,C,A,A,H,-,A,D,0,,,,,Y,,-,99,0,0,1,0,0,0,0,0,0,"- ","- ",37.79010009765625,-122.38668060302734,"SAN FRANCISCO","SAN FRANCISCO",-122.38658142089844,37.790031433105469
92280759,2024,2024-01-08,9335,2024-01-02,2315,023504,,2,3,7,3801,0,1,1,,2,022,"I-280 N/B","BADEN ST OVERCROSSING",40.00,S,N,C,-,Y,SF,,280," ",R,2.453,H,,R,Y,4,0,1,1,A,-,08,22107,,N,E,I,A,B,H,-,D,D,0,,,,,Y,,A,07,0,0,1,0,0,0,0,0,0,"- ","- ",37.729808807373047,-122.43952178955078,"SAN FRANCISCO","SAN FRANCISCO",-122.43956756591797,37.729904174804688
9228078,2021,2021-04-12,3801,2021-02-09,1042,2491,INGLE,2,5,7,3801,0,0,0,,0,3H16A,"LYELL ST","CAYUGA AV",0.00,,Y,A,-,N,,,,,,,,,,N,3,0,1,2,A,-,09,21800,A,N,D,C,A,A,H,-,A,D,0,,,,,Y,,D,22,0,1,0,0,0,0,0,0,0,"- ","- ",,,"SAN FRANCISCO","SAN FRANCISCO",-122.43141937255859,37.731033325195312
92281003,2023,2024-01-08,9335,2023-09-14,1923,023367,,4,2,7,3801,0,1,2,,2,014,"US-101 S/B","18TH STREET PEDESTRIAN OVERCROSSING",315.00,N,N,A,-,Y,SF,,101," "," ",4.020,H,,L,Y,3,0,1,2,A,-,13,22515,A,M,D,C,A,A,H,-,B,D,0,,,,,Y,,A,01,0,1,0,0,0,0,0,0,0,"- ","- ",37.762989044189453,-122.40538024902344,"SAN FRANCISCO","SAN FRANCISCO",-122.40538787841797,37.762992858886719
9228116,2021,2021-04-15,3801,2021-02-16,1721,463,NGLES,2,5,7,3801,0,0,0,,0,3H15D,"PERSIA AV","MUNICH ST",0.00,,Y,A,-,N,,,,,,,,,,Y,4,0,1,2,A,-,09,21802,A,N,D,C,A,A,-,-,A,D,0,,,,Y,Y,,A,01,0,0,1,0,0,0,0,0,0,"- ","- ",,,"SAN FRANCISCO","SAN FRANCISCO",-122.42800140380859,37.719322204589844
9228161,2021,2021-03-26,3801,2021-02-12,2240,2400,SOUTH,5,5,7,3801,0,0,0,,0,3CAR,"HARRISON ST","7TH ST",65.00,W,N,A,-,N,,,,,,,,,,N,4,0,1,2,A,-,08,22101,D,N,D,C,A,A,H,-,C,A,0,,,,,Y,,A,01,0,0,1,0,0,0,0,0,0,"- ","- ",,,"SAN FRANCISCO","SAN FRANCISCO",-122.40644073486328,37.775417327880859
9228162,2021,2021-03-26,3801,2021-02-12,1719,970,SOUTH,5,5,7,3801,0,0,0,,0,0J4,"10TH ST","MISSION ST",20.00,N,N,A,-,N,,,,,,,,,,N,4,0,1,2,A,-,09,21804,A,N,D,C,A,A,H,-,B,A,0,,,,,Y,,A,01,0,0,1,0,0,0,0,0,0,"- ","- ",,,"SAN FRANCISCO","SAN FRANCISCO",-122.41596221923828,37.775318145751953
9228163,2021,2021-04-02,3801,2021-02-28,2033,2433,INGLE,7,5,7,3801,0,0,0,,0,3H13D,"SAN BRUNO","RT 101",0.00,,Y,A,-,Y,SF,4,101,-,-,1.049,R,1,S,Y,3,0,1,1,A,-,03,22350,,N,E,I,A,A,H,-,C,D,0,,,,,Y,,A,01,0,1,0,0,0,0,0,0,0,"- ",SF,,,"SAN FRANCISCO","SAN FRANCISCO",-122.40094757080078,37.722724914550781
9228164,2021,2021-03-26,3801,2021-02-28,1720,2342,NORTH,7,5,7,3801,0,0,0,,0,3E16D,"LOMBARD ST","PIERCE ST",0.00,,Y,A,-,N,,,,,,,,,,N,4,0,1,2,A,-,09,21801,A,N,H,A,A,A,H,-,B,D,0,,,Y,,Y,,A,01,0,0,1,0,0,0,0,0,1,"- ","- ",,,"SAN FRANCISCO","SAN FRANCISCO",-122.43933868408203,37.799423217773438
9228165,2021,2021-03-26,3801,2021-02-28,1552,1239,MISSI,7,5,7,3801,0,0,0,,0,5CAR,"MISSION ST","14TH ST",0.00,,Y,A,-,N,,,,,,,,,,N,4,0,1,2,A,-,12,21453,A,N,H,G,A,A,H,-,A,A,0,,Y,,,Y,,L,04,0,0,1,0,0,0,1,0,0,"- ","- ",,,"SAN FRANCISCO","SAN FRANCISCO",-122.41996765136719,37.768291473388672
9228166,2021,2021-03-26,3801,2021-02-28,0330,1378,BAYVI,7,5,7,3801,0,0,0,,0,3C13E,"INGALLS ST","ROSIE LEE LN",0.00,,Y,A,-,N,,,,,,,,,,Y,4,0,1,1,A,-,03,22350,,N,E,I,A,A,H,-,C,D,0,,,,,Y,Y,A,01,0,0,1,0,0,0,0,0,0,"- ","- ",,,"SAN FRANCISCO","SAN FRANCISCO",-122.37934112548828,37.731681823730469
9228167,2021,2021-03-26,3801,2021-02-25,0600,1482,TENDE,4,5,7,3801,0,0,0,,0,3J13A,"EDDY ST","HYDE ST",204.00,E,N,A,-,N,,,,,,,,,,N,3,0,1,2,A,-,09,21804,A,N,D,G,A,A,H,-,B,A,0,,Y,,,Y,,L,04,0,1,0,0,0,0,1,0,0,"- ","- ",,,"SAN FRANCISCO","SAN FRANCISCO",-122.41519165039062,37.783603668212891
9228168,2021,2021-03-26,3801,2021-02-19,1510,4132,MISSI,5,5,7,3801,0,0,0,,0,,"GUERRERO ST","DORLAND ST",78.00,N,N,A,-,N,,,,,,,,,,N,2,0,1,2,A,-,08,22107,,N,B,C,A,A,H,-,A,D,0,,,Y,,Y,,C,03,1,0,0,0,0,0,0,0,1,"- ","- ",,,"SAN FRANCISCO","SAN FRANCISCO",-122.42388916015625,37.762565612792969
9228169,2021,2021-03-26,3801,2021-02-04,2203,1741,RICHM,4,5,7,3801,0,0,0,,0,3G15E,"FULTON ST","25TH AV",0.00,,Y,A,-,N,,,,,,,,,,Y,4,0,1,2,A,-,12,21453,A,N,D,C,A,A,H,-,C,A,0,,,,,Y,,A,01,0,0,1,0,0,0,0,0,0,"- ","- ",,,"SAN FRANCISCO","SAN FRANCISCO",-122.48418426513672,37.772567749023438
9228170,2021,2021-03-26,3801,2021-02-04,1022,2001,INGLE,4,5,7,3801,0,0,0,,0,3H105,"SAN JOSE","30TH ST",0.00,,Y,A,-,N,,,,,,,,,,Y,4,0,2,2,A,-,12,21453,A,N,D,C,A,A,H,-,A,A,0,,,,,Y,,A,01,0,0,2,0,0,0,0,0,0,"- ","- ",,,"SAN FRANCISCO","SAN FRANCISCO",-122.42333984375,37.742301940917969
9228171,2021,2021-03-26,3801,2021-02-04,0910,1501,INGLE,4,5,7,3801,0,0,0,,0,3H16A,"BRAZIL AV","LONDON ST",0.00,,Y,A,-,N,,,,,,,,,,N,4,0,1,2,A,-,10,21950,A,F,G,B,B,A,H,-,A,A,0,Y,,,,Y,,A,01,0,0,1,0,1,0,0,0,0,"- ","- ",,,"SAN FRANCISCO","SAN FRANCISCO",-122.43402099609375,37.724319458007812
9228172,2021,2021-03-26,3801,2021-02-10,0824,1574,SOUTH,3,5,7,3801,0,0,0,,0,3B14A,"HARRISON ST","MAIN ST",0.00,,Y,A,-,N,,,,,,,,,,Y,4,0,2,2,A,-,09,21801,A,N,D,C,A,A,H,-,A,A,0,,,,,Y,,A,01,0,0,2,0,0,0,0,0,0,"- ","- ",,,"SAN FRANCISCO","SAN FRANCISCO",-122.39031982421875,37.78814697265625
9228173,2021,2021-03-26,3801,2021-02-09,1445,2467,BAYVI,2,5,7,3801,0,0,0,,0,3C11C,"DE HARO ST","22ND ST",0.00,,Y,A,-,N,,,,,,,,,,N,3,0,1,2,A,-,11,21954,A,M,G,B,D,A,H,-,A,-,0,Y,,,,Y,,N,60,0,1,0,0,1,0,0,0,0,"- ","- ",,,"SAN FRANCISCO","SAN FRANCISCO",-122.40087127685547,37.757194519042969
9228174,2021,2021-03-26,3801,2021-02-08,1830,1642,,1,5,7,3801,0,0,0,,0,3E14D,"SUTTER ST","BUCHANAN ST",0.00,,Y,A,-,N,,,,,,,,,,N,4,0,1,2,A,-,03,22350,,F,C,C,A,A,H,-,C,A,0,,,,,Y,Y,A,01,0,0,1,0,0,0,0,0,0,"- ","- ",,,"SAN FRANCISCO","SAN FRANCISCO",-122.42997741699219,37.786510467529297
9228175,2021,2021-03-26,3801,2021-02-07,0413,1951,SOUTH,7,5,7,3801,0,0,0,,0,0B4,"GOUGH ST","MARKET ST",0.00,,Y,A,-,N,,,,,,,,,,N,4,0,1,2,A,-,12,21453,A,F,D,C,A,A,-,-,C,A,0,,,,,Y,,-,,0,0,1,0,0,0,0,0,0,"- ","- ",,,"SAN FRANCISCO","SAN FRANCISCO",-122.42221069335938,37.772872924804688
9228176,2021,2021-03-26,3801,2021-02-07,0212,1414,MISSI,7,5,7,3801,0,0,0,,0,3D11E,"DOLORES ST","18TH ST",246.00,S,N,A,-,N,,,,,,,,,,Y,4,0,1,3,A,-,07,21658,A,F,C,E,A,A,H,-,C,A,0,,,,,Y,,-,,0,0,1,0,0,0,0,0,0,"- ","- ",,,"SAN FRANCISCO","SAN FRANCISCO",-122.42609405517578,37.760765075683594
9228177,2021,2021-03-26,3801,2021-02-06,1944,2408,MISSI,6,5,7,3801,0,0,0,,0,3D11D,"PORTOLA DR","CLIPPER ST",0.00,,Y,A,-,N,,,,,,,,,,Y,4,0,1,2,A,-,09,21801,A,N,D,C,A,A,H,-,C,A,0,,,,,Y,,A,01,0,0,1,0,0,0,0,0,0,"- ","- ",,,"SAN FRANCISCO","SAN FRANCISCO",-122.44483947753906,37.746936798095703
9228178,2021,2021-03-26,3801,2021-02-06,1522,1499,MISSI,6,5,7,3801,0,0,0,,0,3D00,"HARRISON ST","11TH ST",40.00,W,N,A,-,N,,,,,,,,,,N,4,0,1,2,A,-,17,22517,,F,B,C,A,A,H,-,A,A,0,,,,,Y,,A,01,0,0,1,0,0,0,0,0,0,"- ","- ",,,"SAN FRANCISCO","SAN FRANCISCO",-122.41257476806641,37.770553588867188
9228179,2021,2021-03-26,3801,2021-02-06,1204,905,MISSI,6,5,7,3801,0,0,0,,0,3D13C,"S VAN NESS AV","23RD ST",87.00,S,N,A,-,N,,,,,,,,,,,4,0,2,2,A,-,03,22350,,N,C,C,A,A,H,-,A,A,0,,,,,Y,,A,01,0,0,2,0,0,0,0,0,0,"- ","- ",,,"SAN FRANCISCO","SAN FRANCISCO",-122.41641235351562,37.75372314453125
9228180,2021,2021-03-26,3801,2021-02-10,0614,1297,BAYVI,3,5,7,3801,0,0,0,,0,3C12A,"BAY SHORE BL","WATERLOO ST",0.00,,Y,A,-,N,,,,,,,,,,Y,4,0,2,3,A,-,08,22107,,M,D,C,A,B,H,-,C,A,0,,,,,Y,,A,08,0,0,2,0,0,0,0,0,0,"- ","- ",,,"SAN FRANCISCO","SAN FRANCISCO",-122.40701293945312,37.739223480224609
9228181,2021,2021-03-23,3801,2021-02-05,0819,2019,BAYVI,5,5,7,3801,0,0,0,,0,,"EVANS AV","MENDELL ST",0.00,,Y,A,-,N,,,,,,,,,,N,4,0,1,2,A,-,09,21801,A,N,D,C,A,A,H,-,A,A,0,,,,,Y,,A,01,0,0,1,0,0,0,0,0,0,"- ","- ",,,"SAN FRANCISCO","SAN FRANCISCO",-122.38475799560547,37.740852355957031
9228182,2021,2021-03-23,3801,2021-02-10,1440,1499,MISSI,3,5,7,3801,0,0,0,,0,3D00,"RANDALL ST","WHITNEY ST",70.00,E,N,A,-,N,,,,,,,,,,N,4,0,1,2,A,-,03,22350,,F,C,C,A,A,H,-,A,A,0,,,,,Y,,A,01,0,0,1,0,0,0,0,0,0,"- ","- ",,,"SAN FRANCISCO","SAN FRANCISCO",-122.42754364013672,37.73968505859375
9228183,2021,2021-03-23,3801,2021-02-17,1015,1453,SOUTH,3,5,7,3801,0,0,0,,0,3B13A,"9TH ST","HARRISON ST",0.00,,Y,A,-,N,,,,,,,,,,Y,4,0,1,2,A,-,08,22101,D,N,D,C,A,A,H,-,A,A,0,,,,,Y,,A,01,0,0,1,0,0,0,0,0,0,"- ","- ",,,"SAN FRANCISCO","SAN FRANCISCO",-122.41004943847656,37.772533416748047
9228184,2021,2021-03-23,3801,2021-02-24,1844,986,TARAV,3,5,7,3801,0,0,0,,0,,"SAN JOSE AV","FARALLONES ST",280.00,N,N,A,-,N,,,,,,,,,,Y,3,0,1,3,A,-,01,23152,A,N,C,E,A,A,H,-,C,D,0,,,,,Y,Y,A,01,0,1,0,0,0,0,0,0,0,"- ","- ",,,"SAN FRANCISCO","SAN FRANCISCO",-122.45159912109375,37.714748382568359
9228185,2021,2021-03-23,3801,2021-02-24,1217,1251,BAYVI,3,5,7,3801,0,0,0,,0,3C14A,"FELTON ST","CAMBRIDGE ST",0.00,,Y,A,-,N,,,,,,,,,,Y,4,0,1,5,A,-,06,21750,A,N,D,C,A,A,H,-,A,A,0,,,,,Y,,A,01,0,0,1,0,0,0,0,0,0,"- ","- ",,,"SAN FRANCISCO","SAN FRANCISCO",-122.41840362548828,37.726432800292969
9228186,2021,2021-03-23,3801,2021-02-19,0850,1561,MISSI,5,5,7,3801,0,0,0,,0,3D16A,"POTRERO AV","17TH ST",0.00,,Y,C,-,N,,,,,,,,,,Y,4,0,2,3,A,-,09,21801,,N,D,C,A,B,H,-,A,A,0,,,,,Y,,A,01,0,0,2,0,0,0,0,0,0,"- ","- ",,,"SAN FRANCISCO","SAN FRANCISCO",-122.40743255615234,37.764484405517578
9228187,2021,2021-03-23,3801,2021-02-18,0631,1482,TENDE,4,5,7,3801,0,0,0,,0,3J13A,"LARKIN ST","WILLOW ST",0.00,,Y,A,-,N,,,,,,,,,,N,2,0,1,2,A,-,17,21657,,N,A,G,A,A,H,-,B,A,0,,Y,,,Y,,L,04,1,0,0,0,0,0,1,0,0,"- ","- ",,,"SAN FRANCISCO","SAN FRANCISCO",-122.41762542724609,37.783782958984375
9228188,2021,2021-03-23,3801,2021-02-18,0600,1892,TENDE,4,5,7,3801,0,0,0,,0,,"MASON ST","MARKET ST",0.00,,Y,A,-,N,,,,,,,,,,Y,4,0,1,3,A,-,03,22350,,N,C,E,A,A,H,-,C,A,0,,,,,Y,,A,01,0,0,1,0,0,0,0,0,0,"- ","- ",,,"SAN FRANCISCO","SAN FRANCISCO",-122.40908050537109,37.783233642578125
9228189,2021,2021-03-23,3801,2021-02-18,0539,2023,PARK,4,5,7,3801,0,0,0,,0,001,"FREDERICK ST","STANYAN ST",0.00,,Y,A,-,N,,,,,,,,,,N,4,0,1,2,A,-,12,21453,A,N,D,G,A,A,H,-,C,A,0,,Y,,,Y,,L,04,0,0,1,0,0,0,1,0,0,"- ","- ",,,"SAN FRANCISCO","SAN FRANCISCO",-122.45295715332031,37.766376495361328
9228190,2021,2021-03-23,3801,2021-02-18,0517,924,CENTR,4,5,7,3801,0,0,0,,0,3A12E,"LEAVENWORTH ST","GEARY ST",20.00,N,N,A,-,N,,,,,,,,,,N,4,0,1,2,A,-,09,21804,A,N,B,C,A,A,D,-,C,A,0,,,,,Y,,M,94,0,0,1,0,0,0,0,0,0,"- ","- ",,,"SAN FRANCISCO","SAN FRANCISCO",-122.41481018066406,37.786594390869141
9228191,2021,2021-03-23,3801,2021-02-17,1825,2723,INGLE,3,5,7,3801,0,0,0,,0,3H15D,"MISSION ST","RUSSIA AV",0.00,,Y,F,-,N,,,,,,,,,,N,3,0,1,2,A,-,11,21954,A,N,D,B,B,A,H,-,C,A,0,Y,,Y,,Y,,N,60,0,1,0,0,1,0,0,0,0,"- ","- ",,,"SAN FRANCISCO","SAN FRANCISCO",-122.43717956542969,37.721572875976562
9228192,2021,2021-03-23,3801,2021-02-14,2042,2148,MISSI,7,5,7,3801,0,0,0,,0,SD13E,"OCTAVIA ST","OAK ST",0.00,,Y,F,-,N,,,,,,,,,,N,4,0,1,2,A,-,08,22101,D,N,B,C,A,-,G,-,-,-,0,,,,,Y,,A,01,0,0,1,0,0,0,0,0,0,"- ","- ",,,"SAN FRANCISCO","SAN FRANCISCO",-122.42430114746094,37.774799346923828
9228193,2021,2021-03-23,3801,2021-02-22,1420,2467,BAYVI,1,5,7,3801,0,0,0,,0,3C11C,"GALVEZ ST","GALVEZ ST 1515",0.00,,Y,A,-,N,,,,,,,,,,Y,4,0,1,1,C,-,18,,,N,A,I,A,A,H,-,A,A,0,,,,,Y,,-,"- ",0,0,1,0,0,0,0,0,0,"- ","- ",,,"SAN FRANCISCO","SAN FRANCISCO",,
9228194,2021,2021-03-23,3801,2021-02-22,1230,2467,BAYVI,1,5,7,3801,0,0,0,,0,3C11C,"BAYSHORE BL","MARIN ST",0.00,,Y,A,-,N,,,,,,,,,,N,4,0,1,2,A,-,09,21804,A,F,D,-,A,A,-,-,A,A,0,,,,,Y,,-,"- ",0,0,1,0,0,0,0,0,0,"- ","- ",,,"SAN FRANCISCO","SAN FRANCISCO",-122.40351867675781,37.748123168945312
9228195,2021,2021-03-23,3801,2021-02-21,2325,359,CENTR,7,5,7,3801,0,0,0,,0,3A5E,"MARKET ST","BUSH ST",50.00,E,N,A,-,N,,,,,,,,,,N,4,0,1,1,A,-,03,22350,,N,E,I,A,-,H,-,C,A,0,,,Y,,Y,Y,C,03,0,0,1,0,0,0,0,0,1,"- ","- ",,,"SAN FRANCISCO","SAN FRANCISCO",-122.39901733398438,37.791149139404297
9228196,2021,2021-03-23,3801,2021-02-21,2215,1836,TARAV,7,5,7,3801,0,0,0,,0,3I15E,"JUAN BAUTISTA CIR","JOSEPHA AV",0.00,,Y,A,-,N,,,,,,,,,,Y,3,0,1,1,A,-,03,22350,,N,F,I,A,A,H,-,C,D,0,,,,,Y,,A,01,0,1,0,0,0,0,0,0,0,"- ","- ",,,"SAN FRANCISCO","SAN FRANCISCO",-122.47774505615234,37.7174072265625
9228197,2021,2021-03-23,3801,2021-02-21,1558,1345,MISSI,7,5,7,3801,0,0,0,,0,0D1,"DOLORES ST","19TH ST",0.00,,Y,A,-,N,,,,,,,,,,N,3,0,1,2,A,-,11,21950,B,N,D,B,B,A,H,-,A,A,0,Y,,,,Y,,N,60,0,1,0,0,1,0,0,0,0,"- ","- ",,,"SAN FRANCISCO","SAN FRANCISCO",-122.42600250244141,37.759849548339844