CASE_ID,ACCIDENT_YEAR,PROC_DATE,JURIS,COLLISION_DATE,COLLISION_TIME,OFFICER_ID,REPORTING_DISTRICT,DAY_OF_WEEK,CHP_SHIFT,POPULATION,CNTY_CITY_LOC,SPECIAL_COND,BEAT_TYPE,CHP_BEAT_TYPE,CITY_DIVISION_LAPD,CHP_BEAT_CLASS,BEAT_NUMBER,PRIMARY_RD,SECONDARY_RD,DISTANCE,DIRECTION,INTERSECTION,WEATHER_1,WEATHER_2,STATE_HWY_IND,CALTRANS_COUNTY,CALTRANS_DISTRICT,STATE_ROUTE,ROUTE_SUFFIX,POSTMILE_PREFIX,POSTMILE,LOCATION_TYPE,RAMP_INTERSECTION,SIDE_OF_HWY,TOW_AWAY,COLLISION_SEVERITY,NUMBER_KILLED,NUMBER_INJURED,PARTY_COUNT,PRIMARY_COLL_FACTOR,PCF_CODE_OF_VIOL,PCF_VIOL_CATEGORY,PCF_VIOLATION,PCF_VIOL_SUBSECTION,HIT_AND_RUN,TYPE_OF_COLLISION,MVIW,PED_ACTION,ROAD_SURFACE,ROAD_COND_1,ROAD_COND_2,LIGHTING,CONTROL_DEVICE,CHP_ROAD_TYPE,PEDESTRIAN_ACCIDENT,BICYCLE_ACCIDENT,MOTORCYCLE_ACCIDENT,TRUCK_ACCIDENT,NOT_PRIVATE_PROPERTY,ALCOHOL_INVOLVED,STWD_VEHTYPE_AT_FAULT,CHP_VEHTYPE_AT_FAULT,COUNT_SEVERE_INJ,COUNT_VISIBLE_INJ,COUNT_COMPLAINT_PAIN,COUNT_PED_KILLED,COUNT_PED_INJURED,COUNT_BICYCLIST_KILLED,COUNT_BICYCLIST_INJURED,COUNT_MC_KILLED,COUNT_MC_INJURED,PRIMARY_RAMP,SECONDARY_RAMP,LATITUDE,LONGITUDE,COUNTY,CITY,POINT_X,POINT_Y
92288424,2024,2024-01-16,9335,2024-01-11,"720 ",023378,,4,1,7,3801,0,1,2,,2,013,"US-101 S/B","THE FAITH STREET PEDESTRIAN OVERCROSSING.",1230.00,N,N,A,-,Y,SF,,101," "," ",2.855,H,,L,N,4,0,1,2,A,-,08,22107,,N,E,I,A,A,H,-,A,D,0,,,,,Y,,A,07,0,0,1,0,0,0,0,0,0,"- ","- ",37.747280120849609,-122.40441131591797,"SAN FRANCISCO","SAN FRANCISCO",-122.40447998046875,37.747295379638672
92288528,2024,2024-01-17,9335,2024-01-08,1820,019949,,1,2,7,3801,0,1,1,,2,022,"I-280 N/B","FARALLONES ST",60.00,S,N,A,-,Y,SF,,280," ",R,1.017,H,,R,N,4,0,1,2,A,-,03,22350,,N,C,C,A,A,H,-,C,D,0,,,,,Y,,A,01,0,0,1,0,0,0,0,0,0,"- ","- ",37.713058471679688,-122.45231628417969,"SAN FRANCISCO","SAN FRANCISCO",-122.45237731933594,37.713100433349609
92288998,2024,2024-01-17,9350,2024-01-15,1526,022432,,1,2,7,3801,0,1,2,,1,120,"WEST SIDEWALK GOLDEN GATE BRIDGE","LINCOLN BLVD",3168.00,N,N,A,-,N,,,,,,,,,,N,4,0,1,1,A,-,08,22107,,N,E,I,A,A,H,-,A,D,0,,Y,,,Y,,L,04,0,0,1,0,0,0,1,0,0,"- ","- ",37.814300537109375,-122.47804260253906,"SAN FRANCISCO","SAN FRANCISCO",-122.48783111572266,37.687507629394531
92289404,2024,2024-01-17,9335,2024-01-15,1400,023595,,1,2,7,3801,0,1,2,,2,013,"US-101 S/B TO PAUL AVE.","SAN BRUNO AVE",52.00,N,N,A,-,Y,,,,,,,,,,N,3,0,1,2,A,-,03,22350,,M,C,C,A,A,H,-,A,D,0,,,,,Y,,-,99,0,1,0,0,0,0,0,0,0,"- ","- ",37.721721649169922,-122.40091705322266,"SAN FRANCISCO","SAN FRANCISCO",-122.40091705322266,37.721721649169922
92290746,2023,2024-01-18,9335,2023-10-02,2220,023367,,1,3,7,3801,0,1,2,,2,014,"US-101 S/B","18TH STREET PEDESTRIAN OVERCROSSING",239.00,S,N,A,-,Y,SF,,101," "," ",3.912,H,,L,N,4,0,1,3,A,-,03,22350,,N,C,C,A,A,H,-,D,D,0,,,Y,,Y,,C,02,0,0,1,0,0,0,0,0,1,"- ","- ",37.761589050292969,-122.40619659423828,"SAN FRANCISCO","SAN FRANCISCO",-122.40618896484375,37.761585235595703
92291110,2024,2024-01-19,9335,2024-01-02,2325,023603,,2,3,7,3801,0,1,1,,2,024,"I-280 S/B TO US-101 S/B","AUGUSTA STREET UNDERCROSSING",460.00,N,N,C,-,Y,,,,,,,,,,Y,4,0,1,1,A,-,08,22107,,N,E,I,A,B,F,-,C,D,0,,,,,Y,,A,01,0,0,1,0,0,0,0,0,0,"- ","- ",37.735591888427734,-122.40451049804688,"SAN FRANCISCO","SAN FRANCISCO",-122.40451049804688,37.735591888427734
92291140,2024,2024-01-19,9335,2024-01-05,2339,023121,,5,3,7,3801,0,1,1,,1,081,"I-80 WESTBOUND","TREASURE ISLAND ROAD",1500.00,W,N,A,-,Y,SF,,80," "," ",7.439,H,,L,Y,3,0,1,2,A,-,03,22350,,N,C,2,A,A,H,-,C,D,0,,,,,Y,,A,01,0,1,0,0,0,0,0,0,0,"- ","- ",37.805950164794922,-122.36975860595703,"SAN FRANCISCO","SAN FRANCISCO",-122.36951446533203,37.8057861328125
92291884,2023,2024-01-19,9335,2023-12-27,1750,023603,,3,2,7,3801,0,1,2,,2,014,"US-101 SOUTHBOUND","22ND STREET PEDESTRIAN OVERCROSSING",131.00,S,N,C,-,Y,SF,,101," "," ",3.494,H,,L,N,4,0,1,2,A,-,03,22350,,N,C,C,A,B,H,-,C,D,0,,,,,Y,,A,01,0,0,1,0,0,0,0,0,0,"- ","- ",37.756500244140625,-122.40338897705078,"SAN FRANCISCO","SAN FRANCISCO",-122.40341186523438,37.756492614746094
92291886,2023,2024-01-19,9335,2023-12-31,2345,023489,,7,3,7,3801,0,1,1,,1,081,"I-80 W/B","BEALE STREET UNDER-CROSSING",125.00,E,N,A,-,Y,SF,,80," "," ",5.752,H,,L,Y,4,0,1,3,A,-,03,22350,,N,C,C,A,B,H,-,B,D,0,,,,,Y,,A,01,0,0,1,0,0,0,0,0,0,"- ","- ",37.787040710449219,-122.38990020751953,"SAN FRANCISCO","SAN FRANCISCO",-122.38986968994141,37.787017822265625
92292836,2023,2024-01-22,9335,2023-01-06,"155 ",022703,,5,3,7,3801,0,1,1,,2,022,"I-280 SOUTHBOUND","THE PAULDING STREET OVERCROSSING",356.00,S,N,B,-,Y,SF,,280," ",R,2.131,H,,L,Y,1,1,1,2,A,-,05,21651,C,F,A,C,A,B,H,-,D,D,0,,,,,Y,,A,01,0,1,0,0,0,0,0,0,0,"- ","- ",37.727569580078125,-122.44474029541016,"SAN FRANCISCO","SAN FRANCISCO",-122.44470977783203,37.727546691894531
92294059,2024,2024-01-22,9335,2024-01-15,1640,020324,,1,2,7,3801,0,1,1,,1,081,"I-80 W/B","THE EMBARCADERO",7920.00,E,N,B,-,Y,SF,,80," "," ",7.026,H,,L,N,4,0,1,1,C,-,18,,,N,E,I,A,A,H,-,A,D,0,,,,,Y,,-,"- ",0,0,1,0,0,0,0,0,0,"- ","- ",37.801338195800781,-122.37471008300781,"SAN FRANCISCO","SAN FRANCISCO",-122.37445068359375,37.801166534423828
92294134,2024,2024-01-23,9335,2024-01-13,1430,023483,,6,2,7,3801,0,1,1,,1,081,"I-80 W/B","FOREST HILL RD",3900.00,W,N,C,-,Y,SF,,80," "," ",7.022,H,,L,N,4,0,1,2,A,-,03,22350,,N,C,C,A,B,H,-,A,D,0,,,,,Y,,A,01,0,0,1,0,0,0,0,0,0,"- ","- ",37.801219940185547,-122.37464904785156,"SAN FRANCISCO","SAN FRANCISCO",-122.37449645996094,37.801120758056641
92294136,2024,2024-01-23,9335,2024-01-13,1910,023483,,6,2,7,3801,0,1,1,,1,081,"I-80 W/B","FOREST HILL RD",2300.00,E,N,C,-,Y,SF,,80," ",R,8.242,H,,L,N,4,0,1,2,A,-,08,22107,,N,B,I,A,B,H,-,C,A,0,,,,,Y,,A,01,0,0,1,0,0,0,0,0,0,"- ","- ",37.814708709716797,-122.35980224609375,"SAN FRANCISCO","SAN FRANCISCO",-122.35994720458984,37.814865112304688
92294489,2024,2024-01-23,9350,2024-01-16,1620,022432,,2,2,7,3801,0,1,2,,2,010,"US-101 S/B","GIRARD ROAD",100.00,S,N,C,-,Y,SF,,101," ",R,8.272,H,,L,Y,4,0,1,2,A,-,03,22350,,M,C,C,A,B,H,-,A,D,0,,,,,Y,,A,01,0,0,1,0,0,0,0,0,0,"- ","- ",37.803108215332031,-122.45102691650391,"SAN FRANCISCO","SAN FRANCISCO",-122.45104217529297,37.803085327148438
92294621,2024,2024-01-23,9350,2024-01-14,1050,022532,,7,1,7,3801,0,1,2,,1,120,"US-101 S/B (GGB WEST SIDEWALK)","CONZELMAN RD",2850.00,S,N,A,-,Y,,,,,,,,,,N,3,0,1,2,B,-,22,,,N,B,G,A,A,H,-,A,D,0,,Y,,,Y,,L,04,0,1,0,0,0,0,1,0,0,"- ","- ",37.822498321533203,-122.47901153564453,"SAN FRANCISCO","SAN FRANCISCO",-122.4791259765625,37.822486877441406
92295869,2023,2024-01-24,9335,2023-12-07,2210,023474,,4,3,7,3801,0,1,1,,2,085,"I-80 E/B FROM BRYANT STREET","BRYANT ST",18.00,E,N,A,-,Y,SF,,80," "," ",5.624,H,,R,N,4,0,1,2,A,-,01,23152,A,M,C,C,A,A,H,-,C,D,0,,,,,Y,Y,A,01,0,0,1,0,0,0,0,0,0,"- ","- ",37.785549163818359,-122.39137268066406,"SAN FRANCISCO","SAN FRANCISCO",-122.39144897460938,37.785617828369141
92296184,2023,2024-01-24,9335,2023-10-29,1340,022920,,7,1,7,3801,0,1,1,,1,083,"I-80 E/B FROM HILLCREST RD.","THE SAN FRANCISCO OAKLAND BAY BRIDGE S.A.S. TOWER",1637.00,W,N,A,-,Y,,,,,,,,,,Y,4,0,1,2,A,-,03,22350,,N,C,C,A,A,H,-,A,A,0,,,,,Y,,A,01,0,0,1,0,0,0,0,0,0,"- ","- ",37.812149047851562,-122.36264801025391,"SAN FRANCISCO","SAN FRANCISCO",-122.36264801025391,37.812149047851562
92296215,2023,2024-01-24,9335,2023-10-04,1630,022186,,3,2,7,3801,0,1,1,,1,081,"I-80 W/B","SPEAR STREET",2111.00,E,N,A,-,Y,SF,,80," "," ",6.235,H,,L,N,4,0,1,2,A,-,07,21658,A,F,B,C,A,A,H,-,A,D,0,,,Y,,Y,,-,99,0,0,1,0,0,0,0,0,1,"- ","- ",37.792270660400391,-122.38388061523438,"SAN FRANCISCO","SAN FRANCISCO",-122.384033203125,37.792373657226562
92297173,2024,2024-01-25,9335,2024-01-12,1812,023483,,5,2,7,3801,0,1,1,,2,080,"I-80 W/B","7TH STREET",186.00,E,N,A,-,Y,SF,,80," "," ",4.535,H,,L,N,4,0,2,4,A,-,03,22350,,M,C,C,A,A,H,-,C,D,0,,,,,Y,,-,99,0,0,2,0,0,0,0,0,0,"- ","- ",37.775798797607422,-122.40563201904297,"SAN FRANCISCO","SAN FRANCISCO",-122.40560150146484,37.775775909423828
92297219,2024,2024-01-25,9335,2024-01-17,1924,023595,,3,2,7,3801,0,1,2,,2,013,"US-101 S/B","PAUL AVE UNDERCROSSING",320.00,S,N,A,-,Y,SF,,101," "," ",1.069,H,,L,Y,2,0,1,2,A,-,07,21658,A,N,C,C,A,A,H,-,D,D,0,,,Y,,Y,,C,03,1,0,0,0,0,0,0,0,1,"- ","- ",37.722980499267578,-122.40106201171875,"SAN FRANCISCO","SAN FRANCISCO",-122.40105438232422,37.722980499267578
92297362,2024,2024-01-25,9335,2024-01-13,2210,023265,,6,3,7,3801,0,1,1,,2,023,"I-280 S/B","OCEAN AVENUE",1584.00,N,N,C,-,Y,SF,,280," ",R,2.106,H,,L,Y,3,0,1,1,A,-,08,22107,,N,E,I,A,B,H,-,C,D,0,,,,,Y,,A,07,0,1,0,0,0,0,0,0,0,"- ","- ",37.727119445800781,-122.44480133056641,"SAN FRANCISCO","SAN FRANCISCO",-122.44502258300781,37.727291107177734
92298039,2023,2024-01-26,9335,2023-11-02,1220,023063,,4,1,7,3801,0,1,2,,2,014,"US-101 SOUTHBOUND","23RD STREET OVERCROSSING",42.00,S,N,A,-,Y,SF,,101," "," ",3.353,H,,L,N,4,0,1,4,A,-,03,22350,,M,C,C,A,A,H,-,A,D,0,,,,,Y,,A,01,0,0,1,0,0,0,0,0,0,"- ","- ",37.754318237304688,-122.40308380126953,"SAN FRANCISCO","SAN FRANCISCO",-122.40312194824219,37.754318237304688
92298456,2024,2024-01-26,9335,2024-01-13,"320 ",023483,,6,3,7,3801,0,1,2,,2,013,"US-101 S/B","SILVER AVE",2000.00,N,N,A,-,Y,SF,,101," "," ",2.155,H,,L,Y,4,0,1,2,A,-,03,22350,,N,A,C,A,A,H,-,C,D,0,,,,,Y,,A,01,0,0,1,0,0,0,0,0,0,"- ","- ",37.737869262695312,-122.40802764892578,"SAN FRANCISCO","SAN FRANCISCO",-122.40802764892578,37.737869262695312
92298632,2023,2024-01-29,9335,2023-12-29,"650 ",021200,,5,1,7,3801,0,1,2,,2,013,"US-101 NB","PAUL AVENUE",300.00,S,N,C,-,Y,SF,,101," "," ",1.015,H,,R,N,3,0,1,2,A,-,08,22107,,N,D,C,A,B,H,-,A,D,0,,,,,Y,,A,01,0,1,0,0,0,0,0,0,0,"- ","- ",37.722251892089844,-122.40052795410156,"SAN FRANCISCO","SAN FRANCISCO",-122.40048980712891,37.722259521484375
92298674,2024,2024-01-29,9335,2024-01-18,"900 ",023464,,4,1,7,3801,0,1,2,,2,014,"US 101 SOUTHBOUND","16TH STREET UNDERCROSSING",235.00,N,N,A,-,Y,SF,,101," ",R,4.270,H,,L,N,4,0,1,2,B,-,22,,,N,B,C,A,A,H,-,A,D,0,,,,Y,Y,,F,25,0,0,1,0,0,0,0,0,0,"- ","- ",37.766571044921875,-122.40534973144531,"SAN FRANCISCO","SAN FRANCISCO",-122.40538024902344,37.766567230224609
92298862,2024,2024-01-29,9335,2024-01-01,"156 ",023167,,1,3,7,3801,0,1,1,,1,083,"I-80 E/B","NORTHGATE ROAD",670.00,E,N,A,-,Y,SF,,80," ",R,8.234,H,,R,Y,4,0,1,3,A,-,01,23152,A,N,E,8,A,A,H,-,C,D,0,,,,,Y,Y,A,07,0,0,1,0,0,0,0,0,0,"- ","- ",37.814498901367188,-122.35980987548828,"SAN FRANCISCO","SAN FRANCISCO",-122.35978698730469,37.814479827880859
92298944,2023,2024-01-29,9335,2023-10-31,1615,023367,,2,2,7,3801,0,1,1,,2,024,"I-280 S/B FROM 6TH STREET","TOWNSEND STREET",645.00,S,N,A,-,Y,SF,,280," ",T,7.302,H,,L,Y,4,0,1,2,A,-,03,22350,,N,C,C,A,A,H,-,A,D,0,,,,,Y,,A,07,0,0,1,0,0,0,0,0,0,"- ","- ",37.771999359130859,-122.39824676513672,"SAN FRANCISCO","SAN FRANCISCO",-122.3983154296875,37.771984100341797
9230024,2021,2021-03-19,3801,2021-01-12,1535,2374,INGLE,2,5,7,3801,0,0,0,,0,0H4,"SAN JOSE AV","COLONIAL WY",55.00,S,N,B,-,N,,,,,,,,,,N,4,0,1,2,A,-,17,22517,,N,B,G,A,A,H,-,A,D,0,,Y,,,Y,,A,01,0,0,1,0,0,0,1,0,0,"- ","- ",,,"SAN FRANCISCO","SAN FRANCISCO",-122.44055938720703,37.728305816650391
9230025,2021,2021-03-19,3801,2021-01-10,1945,1216,BAYVI,7,5,7,3801,0,0,0,,0,3C12E,"BAYSHORE BL","OAKDALE AV",0.00,,Y,A,-,N,,,,,,,,,,Y,4,0,1,3,A,-,03,22350,,N,C,C,A,A,H,-,C,A,0,,,,,Y,,A,01,0,0,1,0,0,0,0,0,0,"- ","- ",,,"SAN FRANCISCO","SAN FRANCISCO",-122.40522003173828,37.743038177490234
9230066,2021,2021-03-24,3801,2021-02-01,0845,2357,NORTH,1,5,7,3801,0,0,0,,0,,"FRANKLIN ST","CALIFORNIA ST",0.00,,Y,A,-,N,,,,,,,,,,N,4,0,1,2,A,-,08,22107,,N,D,C,A,A,H,-,A,A,0,,,Y,,Y,,A,07,0,0,1,0,0,0,0,0,1,"- ","- ",,,"SAN FRANCISCO","SAN FRANCISCO",-122.42397308349609,37.7901611328125
92301893,2023,2024-01-31,9335,2023-09-05,"155 ",023067,,2,3,7,3801,0,1,1,,2,023,"I-280 N/B","ST. MARY'S PARK FOOTBRIDGE",110.00,N,N,A,-,Y,SF,,280," ",R,3.547,H,,R,Y,4,0,1,2,A,-,07,21658,A,M,B,C,A,A,H,-,B,D,0,,,,,Y,Y,-,99,0,0,1,0,0,0,0,0,0,"- ","- ",37.731788635253906,-122.42024993896484,"SAN FRANCISCO","SAN FRANCISCO",-122.42025756835938,37.731822967529297
92301995,2024,2024-01-31,9335,2024-01-19,1550,023592,,5,2,7,3801,0,1,2,,2,013,"US-101 N/B","CORTLAND AVE",220.00,N,N,C,-,Y,SF,,101," "," ",2.322,H,,R,Y,3,0,2,2,A,-,01,23152,A,N,C,C,A,B,H,-,A,D,0,,,,,Y,Y,A,01,0,1,1,0,0,0,0,0,0,"- ","- ",37.740268707275391,-122.40776062011719,"SAN FRANCISCO","SAN FRANCISCO",-122.40787506103516,37.740287780761719
92302245,2024,2024-01-31,9335,2024-01-28,"755 ",022703,,7,1,7,3801,0,1,2,,2,015,"US-101 NORTHBOUND","15TH ST",265.00,N,N,A,-,Y,SF,,101," ",R,4.369,H,,R,Y,4,0,1,2,A,-,08,22107,,M,B,8,A,A,H,-,A,D,0,,,,,Y,,A,01,0,0,1,0,0,0,0,0,0,"- ","- ",37.767978668212891,-122.40547180175781,"SAN FRANCISCO","SAN FRANCISCO",-122.40554809570312,37.767940521240234
92303318,2024,2024-02-01,9335,2024-01-30,1825,019949,,2,2,7,3801,0,1,1,,2,024,"I-280 N/B","MISSION BAY DRIVE",240.00,N,N,A,-,Y,SF,,280," ",T,7.199,H,,R,Y,4,0,2,3,A,-,03,22350,,N,C,C,A,A,H,-,D,D,0,,,,,Y,,A,07,0,0,2,0,0,0,0,0,0,"- ","- ",37.770771026611328,-122.39775848388672,"SAN FRANCISCO","SAN FRANCISCO",-122.39745330810547,37.770778656005859
92303347,2024,2024-02-02,9335,2024-01-31,1900,021357,,3,2,7,3801,0,1,2,,2,013,"UNITED STATES HIGHWAY 101 S/B","ALEMANY BLVD",1162.00,N,N,C,-,Y,SF,,280," ",R,4.106,H,,L,Y,4,0,1,2,A,-,03,22350,,N,C,C,A,B,C,-,D,D,0,,,,,Y,,A,01,0,0,1,0,0,0,0,0,0,"- ","- ",37.734210968017578,-122.41088104248047,"SAN FRANCISCO","SAN FRANCISCO",-122.41083526611328,37.734134674072266
92303377,2024,2024-02-02,9335,2024-01-26,2310,023095,,5,3,7,3801,0,1,2,,2,013,"US -101 N/B","BAY SHORE BLVD",210.00,N,N,A,-,Y,SF,,101," "," ",0.629,H,,R,Y,3,0,1,1,A,-,08,22107,,N,E,I,A,A,H,-,C,D,0,,,,,Y,,A,01,0,1,0,0,0,0,0,0,0,"- ","- ",37.716949462890625,-122.39881134033203,"SAN FRANCISCO","SAN FRANCISCO",-122.39889526367188,37.716934204101562
92303380,2024,2024-02-02,9335,2024-01-21,"145 ",023167,,7,3,7,3801,0,1,2,,2,014,"US-101 S/B","16TH ST",65.00,N,N,C,-,Y,SF,,101," ",R,4.243,H,,L,N,4,0,1,3,A,-,07,21658,A,M,B,2,A,B,H,-,C,D,0,,,,,Y,,-,99,0,0,1,0,0,0,0,0,0,"- ","- ",37.766189575195312,-122.4052734375,"SAN FRANCISCO","SAN FRANCISCO",-122.40531921386719,37.766185760498047
92304132,2024,2024-02-02,9335,2024-01-05,1100,023312,,5,1,7,3801,0,1,2,,2,013,"US-101 S/B","SILVER AVE O/C",86.00,N,N,A,-,Y,SF,,101," "," ",1.797,H,,L,N,2,0,1,2,A,-,11,21954,A,N,G,B,E,A,H,-,A,D,0,Y,,,,Y,,N,60,1,0,0,0,1,0,0,0,0,"- ","- ",37.73291015625,-122.40554046630859,"SAN FRANCISCO","SAN FRANCISCO",-122.40550231933594,37.732925415039062
92304194,2024,2024-02-02,9335,2024-01-14,2304,023504,,7,3,7,3801,0,1,1,,1,081,"I-80 W/B TO HARRISON STREET","BEALE STREET",1267.00,W,N,A,-,Y,SF,,80," "," ",5.483,H,,R,Y,2,0,1,1,A,-,03,22350,,N,E,8,A,A,H,-,C,A,0,,,,,Y,,A,07,1,0,0,0,0,0,0,0,0,"- ","- ",37.784229278564453,-122.39328765869141,"SAN FRANCISCO","SAN FRANCISCO",-122.39349365234375,37.784412384033203
92304305,2024,2024-02-02,9335,2024-01-19,"130 ",023366,,5,3,7,3801,0,1,1,,1,083,"I-80 E/B","CECTER ANCHORAGE",615.00,E,N,A,-,Y,SF,,80," "," ",6.893,H,,R,Y,4,0,1,3,A,-,03,22350,,N,C,C,A,A,D,G,C,D,0,,,,,Y,,A,01,0,0,1,0,0,0,0,0,0,"- ","- ",37.799751281738281,-122.37616729736328,"SAN FRANCISCO","SAN FRANCISCO",-122.37606048583984,37.799678802490234
92304590,2023,2024-02-05,9335,2023-10-14,1330,023167,,6,1,7,3801,0,1,2,,2,015,"US-101 S/B","15TH ST",165.00,N,N,A,-,Y,SF,,101," ",R,4.351,H,,L,N,3,0,1,1,A,-,08,22107,,N,F,A,A,A,H,-,A,D,0,,,Y,,Y,,C,02,0,1,0,0,0,0,0,0,1,"- ","- ",37.767738342285156,-122.40557861328125,"SAN FRANCISCO","SAN FRANCISCO",-122.40563201904297,37.767719268798828
92304653,2024,2024-02-05,9335,2024-01-28,2032,023464,,7,2,7,3801,0,1,1,,1,081,"I-80 W/B","BEALE ST UNDERCROSSING",170.00,E,N,A,-,Y,SF,,80," "," ",5.755,H,,L,Y,4,0,2,3,A,-,03,22350,,N,C,C,A,A,H,-,C,D,0,,,,,Y,,D,22,0,0,2,0,0,0,0,0,0,"- ","- ",37.787040710449219,-122.38981628417969,"SAN FRANCISCO","SAN FRANCISCO",-122.38983154296875,37.78704833984375
92304655,2024,2024-10-28,9335,2024-01-13,"920 ",023111,,6,1,7,3801,0,1,1,,2,022,"I-280 N/B","LYELL STREET UNDERCROSSING",126.00,N,N,C,-,Y,SF,,280," ",R,2.935,H,,R,Y,4,0,1,2,A,-,07,21658,A,M,B,C,A,B,H,-,A,D,0,,,,,Y,,-,"- ",0,0,1,0,0,0,0,0,0,"- ","- ",37.732200622558594,-122.43132781982422,"SAN FRANCISCO","SAN FRANCISCO",-122.43132781982422,37.732162475585938
92304684,2024,2024-02-05,9335,2024-02-02,"930 ",022187,,5,1,7,3801,0,1,1,,1,081,"I-80 W/B","THE NAVY ROAD UNDER-CROSSING",1742.00,E,N,C,-,Y,SF,,80," ",R,8.515,H,,L,N,4,0,1,1,A,-,03,22350,,N,F,A,A,B,H,-,A,D,0,,,Y,,Y,,C,02,0,0,1,0,0,0,0,0,1,"- ","- ",37.817131042480469,-122.35569000244141,"SAN FRANCISCO","SAN FRANCISCO",-122.35572814941406,37.817176818847656
92305153,2024,2024-02-05,9335,2024-01-27,1105,023464,,6,1,7,3801,0,1,2,,2,014,"US-101 SOUTHBOUND","22ND STREET PEDESTRIAN OVERCROSSING",485.00,N,N,A,-,Y,SF,,101," "," ",3.612,H,,L,N,4,0,2,3,A,-,03,22350,,N,C,C,A,A,H,-,A,D,0,,,,,Y,,A,07,0,0,2,0,0,0,0,0,0,"- ","- ",37.757888793945312,-122.40463256835938,"SAN FRANCISCO","SAN FRANCISCO",-122.40463256835938,37.757884979248047
92305163,2023,2024-02-05,9335,2023-12-20,"730 ",023592,,3,1,7,3801,0,1,2,,2,014,"US-101 S/B","CESAR CHAVEZ ST",1320.00,N,N,C,-,Y,SF,,101," "," ",3.265,H,,L,N,4,0,1,3,A,-,03,22350,,M,C,C,A,B,H,-,B,D,0,,,,,Y,,A,01,0,0,1,0,0,0,0,0,0,"- ","- ",37.753059387207031,-122.40309143066406,"SAN FRANCISCO","SAN FRANCISCO",-122.40301513671875,37.753063201904297
92305178,2024,2024-02-05,9350,2024-01-25,"815 ",022532,,4,1,7,3801,0,1,2,,2,010,"US-101 N/B","LINCOLN BLVD",475.00,S,N,A,-,Y,SF,,101," ",R,9.561,H,,R,Y,4,0,1,2,A,-,01,23152,F,N,C,C,A,A,H,-,A,D,0,,,,,Y,,A,01,0,0,1,0,0,0,0,0,0,"- ","- ",37.805259704589844,-122.473388671875,"SAN FRANCISCO","SAN FRANCISCO",-122.47339630126953,37.805191040039062
92306078,2024,2024-02-05,9335,2024-01-28,1500,023685,,7,2,7,3801,0,1,1,,1,081,"I-80 W/B","WEST EDGE OF TREASURE ISLAND TUNNEL",100.00,E,N,A,-,Y,SF,,80," "," ",7.761,H,,L,N,4,0,2,2,A,-,07,21658,A,N,C,C,A,A,H,-,A,D,0,,,,,Y,,A,07,0,0,2,0,0,0,0,0,0,"- ","- ",37.809478759765625,-122.36576843261719,"SAN FRANCISCO","SAN FRANCISCO",-122.36576843261719,37.809478759765625
92306083,2024,2024-02-05,9335,2024-01-31,1945,021357,,3,2,7,3801,0,1,1,,2,023,"I-280 S/B","MISSION STREET",230.00,S,N,C,-,Y,SF,,280," ",R,3.057,H,,L,Y,4,0,1,1,A,-,03,22350,,N,E,I,A,B,H,-,D,D,0,,,,,Y,,-,"- ",0,0,1,0,0,0,0,0,0,"- ","- ",37.732128143310547,-122.42910003662109,"SAN FRANCISCO","SAN FRANCISCO",-122.42906188964844,37.73223876953125
92306091,2024,2024-02-06,9335,2024-01-30,1610,023536,,2,2,7,3801,0,1,1,,2,080,"I-80 WESTBOUND","THE 4TH ST. UNDERCROSSING",35.00,E,N,B,-,Y,SF,,80," "," ",5.073,H,,L,Y,4,0,1,2,A,-,03,22350,,N,C,C,A,A,H,-,A,D,0,,,,,Y,,A,01,0,0,1,0,0,0,0,0,0,"- ","- ",37.780498504638672,-122.39894104003906,"SAN FRANCISCO","SAN FRANCISCO",-122.39894866943359,37.780506134033203