CASE_ID,ACCIDENT_YEAR,PROC_DATE,JURIS,COLLISION_DATE,COLLISION_TIME,OFFICER_ID,REPORTING_DISTRICT,DAY_OF_WEEK,CHP_SHIFT,POPULATION,CNTY_CITY_LOC,SPECIAL_COND,BEAT_TYPE,CHP_BEAT_TYPE,CITY_DIVISION_LAPD,CHP_BEAT_CLASS,BEAT_NUMBER,PRIMARY_RD,SECONDARY_RD,DISTANCE,DIRECTION,INTERSECTION,WEATHER_1,WEATHER_2,STATE_HWY_IND,CALTRANS_COUNTY,CALTRANS_DISTRICT,STATE_ROUTE,ROUTE_SUFFIX,POSTMILE_PREFIX,POSTMILE,LOCATION_TYPE,RAMP_INTERSECTION,SIDE_OF_HWY,TOW_AWAY,COLLISION_SEVERITY,NUMBER_KILLED,NUMBER_INJURED,PARTY_COUNT,PRIMARY_COLL_FACTOR,PCF_CODE_OF_VIOL,PCF_VIOL_CATEGORY,PCF_VIOLATION,PCF_VIOL_SUBSECTION,HIT_AND_RUN,TYPE_OF_COLLISION,MVIW,PED_ACTION,ROAD_SURFACE,ROAD_COND_1,ROAD_COND_2,LIGHTING,CONTROL_DEVICE,CHP_ROAD_TYPE,PEDESTRIAN_ACCIDENT,BICYCLE_ACCIDENT,MOTORCYCLE_ACCIDENT,TRUCK_ACCIDENT,NOT_PRIVATE_PROPERTY,ALCOHOL_INVOLVED,STWD_VEHTYPE_AT_FAULT,CHP_VEHTYPE_AT_FAULT,COUNT_SEVERE_INJ,COUNT_VISIBLE_INJ,COUNT_COMPLAINT_PAIN,COUNT_PED_KILLED,COUNT_PED_INJURED,COUNT_BICYCLIST_KILLED,COUNT_BICYCLIST_INJURED,COUNT_MC_KILLED,COUNT_MC_INJURED,PRIMARY_RAMP,SECONDARY_RAMP,LATITUDE,LONGITUDE,COUNTY,CITY,POINT_X,POINT_Y
92306116,2024,2024-02-06,9335,2024-02-02,1700,023483,,5,2,7,3801,0,1,1,,2,022,"I-280 SOUTHBOUND","ST. CHARLES AVE.",1550.00,N,N,A,-,Y,SF,,280," ",R,0.296,H,,L,N,4,0,1,1,C,-,18,,,N,H,A,A,A,H,-,A,D,0,,,,,Y,,-,"- ",0,0,1,0,0,0,0,0,0,"- ","- ",37.7105712890625,-122.46449279785156,"SAN FRANCISCO","SAN FRANCISCO",-122.46448516845703,37.710525512695312
9230772,2021,2021-02-24,3801,2021-01-29,1605,2163,NORTH,5,5,7,3801,0,0,0,,0,3E15D,"LEAVENWORTH ST","CHESTNUT ST",205.00,S,N,A,-,N,,,,,,,,,,Y,4,0,1,4,A,-,05,21651,,N,B,C,A,A,H,-,A,D,0,,,,,Y,,A,01,0,0,1,0,0,0,0,0,0,"- ","- ",,,"SAN FRANCISCO","SAN FRANCISCO",-122.41806030273438,37.802574157714844
92310093,2024,2024-02-09,9335,2024-02-03,"610 ",023312,,6,1,7,3801,0,1,1,,2,080,"I-80 E/B","BRYANT ST U/C",130.00,E,N,B,-,Y,SF,,80," "," ",4.224,H,,R,Y,2,0,3,1,A,-,01,23152,A,N,E,I,A,B,H,-,C,D,0,,,,,Y,Y,A,01,1,0,2,0,0,0,0,0,0,"- ","- ",37.771461486816406,-122.40599060058594,"SAN FRANCISCO","SAN FRANCISCO",-122.40606689453125,37.771430969238281
92310150,2024,2024-02-09,9335,2024-01-19,1920,023592,,5,2,7,3801,0,1,2,,2,015,"US-101 S/B FROM 10TH ST","BRANNAN ST",65.00,S,N,C,-,Y,SF,,101," ",R,4.513,H,,R,N,4,0,1,2,A,-,03,22350,,M,C,C,A,B,H,-,C,D,0,,,,,Y,,-,99,0,0,1,0,0,0,0,0,0,"- ","- ",37.769321441650391,-122.40747833251953,"SAN FRANCISCO","SAN FRANCISCO",-122.40740966796875,37.769378662109375
92310840,2024,2024-03-07,9335,2024-02-01,"535 ",023474,,4,3,7,3801,0,1,1,,2,022,"I-280 N/B","CONGDON ST",422.00,N,N,C,-,Y,SF,,280," ",R,3.302,H,,R,Y,3,0,2,3,A,-,08,22107,,N,B,2,A,B,H,-,C,D,0,,,,,Y,,A,07,0,2,0,0,0,0,0,0,0,"- ","- ",37.731399536132812,-122.42479705810547,"SAN FRANCISCO","SAN FRANCISCO",-122.4248046875,37.731361389160156
92310861,2024,2024-02-12,9335,2024-01-26,"240 ",023167,,5,3,7,3801,0,1,1,,1,083,"I-80 E/B","TREASURE ISLAND RD",2750.00,W,N,A,-,Y,SF,,80," "," ",7.205,H,,R,Y,3,0,3,3,A,-,01,23152,A,N,C,C,A,A,D,-,C,A,0,,,,,Y,Y,A,07,0,3,0,0,0,0,0,0,0,"- ","- ",37.803298950195312,-122.37249755859375,"SAN FRANCISCO","SAN FRANCISCO",-122.37230682373047,37.803173065185547
92310862,2023,2024-02-12,9335,2023-10-11,"827 ",023489,,3,1,7,3801,0,1,1,,1,081,"I-80 W/B","SFOBB CENTER ANCHORAGE",747.00,W,N,A,-,Y,SF,,80," "," ",6.647,H,,L,N,4,0,1,2,A,-,07,21658,A,N,B,C,A,A,H,-,A,D,0,,,,,Y,,A,07,0,0,1,0,0,0,0,0,0,"- ","- ",37.797000885009766,-122.37911224365234,"SAN FRANCISCO","SAN FRANCISCO",-122.37903594970703,37.796951293945312
92311077,2024,2024-02-12,9335,2024-02-04,"206 ",023111,,7,3,7,3801,0,1,2,,2,013,"US-101 S/B","22ND STREET PEDESTRIAN OVERCROSSING",15.00,S,N,C,-,Y,SF,,101," "," ",3.514,H,,L,Y,2,0,3,4,A,-,01,23152,A,N,C,C,E,B,H,-,C,D,0,Y,,,,Y,Y,A,01,1,2,0,0,1,0,0,0,0,"- ","- ",37.756801605224609,-122.40351104736328,"SAN FRANCISCO","SAN FRANCISCO",-122.40354919433594,37.756790161132812
92311089,2024,2024-02-12,9335,2024-01-20,1815,023338,,6,2,7,3801,0,1,2,,2,013,"US-101 SB","THE SAN BRUNO AVENUE OVERCROSSING",294.00,N,N,C,-,Y,SF,,101," "," ",0.632,H,,L,Y,3,0,1,2,A,-,07,21658,A,N,B,C,A,B,H,-,B,D,0,,,,Y,Y,,-,"- ",0,1,0,0,0,0,0,0,0,"- ","- ",37.716758728027344,-122.39904022216797,"SAN FRANCISCO","SAN FRANCISCO",-122.3990478515625,37.716758728027344
92311105,2023,2024-02-12,9335,2023-09-10,"518 ",023366,,7,3,7,3801,0,1,1,,1,083,"I-80 E/B FROM 1ST ST","2ND ST",950.00,E,N,A,-,Y,SF,,80," "," ",5.592,H,,R,Y,3,0,1,1,A,-,01,23152,A,N,E,I,A,A,H,-,C,D,0,,,,,Y,Y,A,01,0,1,0,0,0,0,0,0,0,"- ","- ",37.785469055175781,-122.39203643798828,"SAN FRANCISCO","SAN FRANCISCO",-122.39192199707031,37.785331726074219
92311796,2024,2024-02-12,9335,2024-01-12,1810,021200,,5,2,7,3801,0,1,3,,2,041,"SR-1 NB","JOHN DALY BOULEVARD",500.00,N,N,B,-,Y,SM,,1," ",R,48.529,H,,R,N,4,0,1,2,A,-,21,22106,,N,C,C,A,A,H,-,C,D,0,,,,,Y,,A,07,0,0,1,0,0,0,0,0,0,"- ","- ",37.707801818847656,-122.47112274169922,"SAN FRANCISCO","SAN FRANCISCO",-122.47108459472656,37.707798004150391
92312110,2024,2024-02-12,9335,2024-01-30,2230,023504,,2,3,7,3801,0,1,1,,1,083,"I-80 E/B","4TH STREET",350.00,W,N,A,-,Y,SF,,80," "," ",4.934,H,,R,Y,3,0,2,3,A,-,01,23152,A,N,C,C,A,A,H,-,C,D,0,,,,,Y,Y,A,07,0,1,1,0,0,0,0,0,0,"- ","- ",37.779251098632812,-122.39958953857422,"SAN FRANCISCO","SAN FRANCISCO",-122.39963531494141,37.779285430908203
92312182,2024,2024-02-12,9335,2024-02-07,"940 ",023592,,3,1,7,3801,0,1,1,,2,080,"I-80 W/B","15TH ST",10.00,E,N,C,-,Y,SF,,80," "," ",3.920,H,,R,N,4,0,1,3,A,-,03,22350,,N,C,C,A,B,H,-,A,D,0,,,,,Y,,A,07,0,0,1,0,0,0,0,0,0,"- ","- ",37.767280578613281,-122.40499114990234,"SAN FRANCISCO","SAN FRANCISCO",-122.40497589111328,37.767280578613281
92312218,2024,2024-02-13,9335,2024-02-07,1632,020324,,3,2,7,3801,0,1,1,,1,083,"I-80 E/B","TREASURE ISLAND RD",2640.00,W,N,B,-,Y,SF,,80," "," ",7.222,H,,R,N,4,0,1,1,C,-,18,,,N,E,J,A,A,H,-,A,D,0,,,,,Y,,-,"- ",0,0,1,0,0,0,0,0,0,"- ","- ",37.803421020507812,-122.3721923828125,"SAN FRANCISCO","SAN FRANCISCO",-122.37210083007812,37.803363800048828
92312221,2024,2024-02-13,9335,2024-02-04,"830 ",023378,,7,1,7,3801,0,1,1,,2,022,"I-280 N/B","SCHOOL STREET",710.00,S,N,C,-,Y,SM,,280," ",R,26.213,H,,R,Y,4,0,1,2,A,-,07,21658,A,N,B,C,A,B,H,-,A,D,0,,,,,Y,,A,07,0,0,1,0,0,0,0,0,0,"- ","- ",37.691341400146484,-122.47029113769531,"SAN FRANCISCO","SAN FRANCISCO",-122.47024536132812,37.691341400146484
92313060,2024,2024-02-13,9335,2024-02-10,1940,023464,,6,2,7,3801,0,1,1,,2,080,"I-80 W/B","HARRIET ST UNDERCROSSING",70.00,W,N,A,-,Y,SF,,80," "," ",4.611,H,,L,Y,4,0,1,2,A,-,03,22350,,N,C,C,A,A,H,-,D,D,0,,,,,Y,,A,07,0,0,1,0,0,0,0,0,0,"- ","- ",37.7764892578125,-122.40453338623047,"SAN FRANCISCO","SAN FRANCISCO",-122.40451812744141,37.776481628417969
9231330,2021,2021-03-09,3801,2021-01-15,0655,969,PARK,5,5,7,3801,0,0,0,,0,3F13A,"STANYAN ST","OAK ST",0.00,,Y,A,-,N,,,,,,,,,,Y,3,0,1,2,A,-,17,21451,A,N,D,C,A,A,H,-,A,A,0,,,,,Y,,A,01,0,1,0,0,0,0,0,0,0,"- ","- ",,,"SAN FRANCISCO","SAN FRANCISCO",-122.45395660400391,37.771354675292969
9231496,2021,2021-03-25,3801,2021-02-28,1432,1574,,7,5,7,3801,0,0,0,,0,3B15C,"THE EMBARCADERO","FOLSOM ST",300.00,S,N,A,-,N,,,,,,,,,,Y,4,0,2,2,A,-,04,21703,,N,C,C,A,A,H,-,A,A,0,,,,,Y,,A,01,0,0,2,0,0,0,0,0,0,"- ","- ",,,"SAN FRANCISCO","SAN FRANCISCO",-122.38942718505859,37.790176391601562
9231504,2021,2021-03-24,3801,2021-02-04,1044,1422,,4,5,7,3801,0,0,0,,0,,"SHAFTER AVE","KEITH ST",0.00,,Y,A,-,N,,,,,,,,,,Y,3,0,3,5,A,-,12,22450,A,N,F,C,A,A,H,-,A,A,0,,,,,Y,,A,08,0,1,2,0,0,0,0,0,0,"- ","- ",,,"SAN FRANCISCO","SAN FRANCISCO",-122.38887023925781,37.72998046875
9231539,2021,2021-03-26,3801,2021-02-06,1404,1926,TENDE,6,5,7,3801,0,0,0,,0,3J51C,"11TH ST","MISSION ST",0.00,,Y,A,-,N,,,,,,,,,,N,4,0,1,2,D,-,00,,,N,B,B,A,A,H,-,A,A,0,,,,,Y,,-,"- ",0,0,1,0,0,0,0,0,0,"- ","- ",,,"SAN FRANCISCO","SAN FRANCISCO",-122.41709899902344,37.774330139160156
9231540,2021,2021-03-25,3801,2021-02-27,1630,417,TARAV,6,5,7,3801,0,0,0,,0,3I16D,"BROTHERHOOD WY","JUNIPERO SERRA BL",0.00,,Y,A,-,Y,SF,4,1,-,R,0.358,R,1,N,N,4,0,1,2,A,-,04,21703,,N,C,C,A,A,H,-,A,A,0,,,,,Y,,A,01,0,0,1,0,0,0,0,0,0,"- ","- ",,,"SAN FRANCISCO","SAN FRANCISCO",-122.47124481201172,37.71319580078125
92315410,2024,2024-02-15,9335,2024-01-31,1335,023654,,3,1,7,3801,0,1,2,,2,013,US-101,"3RD STREET",167.00,N,N,C,-,Y,SF,,101," "," ",0.598,H,,R,N,3,0,1,1,A,-,08,22107,,N,E,I,A,B,H,-,A,D,0,,,,,Y,,A,01,0,1,0,0,0,0,0,0,0,"- ","- ",37.716449737548828,-122.39888000488281,"SAN FRANCISCO","SAN FRANCISCO",-122.39874267578125,37.71649169921875
92315419,2024,2024-02-15,9335,2024-01-17,"720 ",023378,,3,1,7,3801,0,1,2,,2,013,"US-101 N/B TO SILVER AVENUE","BACON STREET UNDERCROSSING",1450.00,N,N,B,-,Y,SF,,101," "," ",1.693,H,,R,Y,4,0,1,1,A,-,08,22107,,N,E,I,A,B,H,-,A,D,0,,,,,Y,,A,01,0,0,1,0,0,0,0,0,0,"- ","- ",37.731658935546875,-122.40445709228516,"SAN FRANCISCO","SAN FRANCISCO",-122.40451049804688,37.731639862060547
92315422,2023,2024-05-17,9335,2023-12-21,"630 ",023357,,4,1,7,3801,0,1,1,,1,081,"I-80 W/B","BEALE ST",476.45,W,N,A,-,Y,SF,,80," "," ",5.630,H,,L,N,4,0,1,2,A,-,03,22350,,M,C,C,A,A,H,-,B,D,0,,,,,Y,,D,22,0,0,1,0,0,0,0,0,0,"- ","- ",37.785678863525391,-122.39138031005859,"SAN FRANCISCO","SAN FRANCISCO",-122.39137268066406,37.785671234130859
92315432,2024,2024-02-15,9335,2024-02-05,"235 ",023111,,1,3,7,3801,0,1,1,,1,081,"I-80 W/B","2ND STREET UNDERCROSSING",653.00,E,N,C,-,Y,SF,,80," "," ",5.542,H,,L,Y,4,0,1,1,A,-,03,22350,,N,E,I,A,B,H,-,C,D,0,,,,Y,Y,,G,25,0,0,1,0,0,0,0,0,0,"- ","- ",37.784889221191406,-122.39263153076172,"SAN FRANCISCO","SAN FRANCISCO",-122.39267730712891,37.784946441650391
92315477,2024,2024-02-15,9335,2024-02-04,"24  ",022416,,7,3,7,3801,0,1,2,,2,012,"US-101 N/B","SAN BRUNO AVENUE",4118.00,N,N,C,-,Y,SM,,101," ",R,21.181,H,,R,Y,4,0,1,3,A,-,03,22350,,F,C,C,A,B,H,-,C,D,0,,,,,Y,Y,-,99,0,0,1,0,0,0,0,0,0,"- ","- ",37.642551422119141,-122.4058837890625,"SAN FRANCISCO","SAN FRANCISCO",-122.40597534179688,37.642543792724609
92315480,2024,2024-02-15,9335,2024-02-04,1525,023536,,7,2,7,3801,0,1,1,,1,081,"I-80 WESTBOUND","THE EMBARCADERO UNDERCROSSING",4593.00,E,N,C,G,Y,SF,,80," "," ",6.777,H,,L,N,4,0,2,1,C,-,18,,,N,E,J,A,B,H,-,A,D,0,,,,,Y,,-,"- ",0,0,2,0,0,0,0,0,0,"- ","- ",37.798488616943359,-122.37760925292969,"SAN FRANCISCO","SAN FRANCISCO",-122.37746429443359,37.798393249511719
92316941,2023,2024-03-13,9335,2023-12-13,1100,023504,,3,1,7,3801,0,1,1,,1,083,"I-80 E/B","FOREST HILL ROAD",180.00,E,N,A,-,Y,SF,,80," "," ",7.826,H,,R,N,4,0,1,2,A,-,03,22350,,F,C,C,A,A,H,-,A,D,0,,,,,Y,,-,99,0,0,1,0,0,0,0,0,0,"- ","- ",37.810188293457031,-122.36492919921875,"SAN FRANCISCO","SAN FRANCISCO",-122.36495208740234,37.810203552246094
92316968,2023,2024-02-19,9335,2023-10-20,1840,022795,,5,2,7,3801,0,1,1,,1,083,"I-80 E/B","BEALE STREET",315.00,W,N,A,-,Y,SF,,80," "," ",5.658,H,,R,N,3,0,1,2,A,-,07,21658,A,N,B,C,A,A,H,-,A,D,0,,,Y,,Y,,C,02,0,1,0,0,0,0,0,0,1,"- ","- ",37.7860107421875,-122.39108276367188,"SAN FRANCISCO","SAN FRANCISCO",-122.39101409912109,37.785964965820312
92316981,2023,2024-02-19,9335,2023-10-20,1440,022703,,5,2,7,3801,0,1,1,,1,081,"I-80 W/B","THE EMBARCADERO UNDERCROSSING",1315.00,E,N,A,-,Y,SF,,80," "," ",6.161,H,,L,Y,4,0,3,2,A,-,03,22350,,N,C,C,A,A,H,-,A,D,0,,,,,Y,,A,01,0,0,3,0,0,0,0,0,0,"- ","- ",37.791580200195312,-122.38494873046875,"SAN FRANCISCO","SAN FRANCISCO",-122.38491821289062,37.791557312011719
92316996,2023,2024-02-19,9335,2023-10-20,2130,022802,,5,2,7,3801,0,1,1,,2,022,"I-280 N/B","ST CHARLES AVE O/C",725.00,N,N,A,-,Y,SF,,280," ",R,0.126,H,,R,Y,3,0,1,2,A,-,01,23152,A,F,C,C,A,A,H,-,C,D,0,,,Y,,Y,Y,C,02,0,1,0,0,0,0,0,0,1,"- ","- ",37.709461212158203,-122.46700286865234,"SAN FRANCISCO","SAN FRANCISCO",-122.46704864501953,37.709518432617188
92317465,2024,2024-02-19,9335,2024-02-11,2025,023483,,7,2,7,3801,0,1,1,,1,081,"I-80 WESTBOUND","SECOND ST. UNDERCROSSING",900.00,E,N,A,-,Y,SF,,80," "," ",5.592,H,,L,Y,4,0,3,3,A,-,03,22350,,N,C,C,A,A,H,-,C,D,0,,,,,Y,,-,"- ",0,0,3,0,0,0,0,0,0,"- ","- ",37.785388946533203,-122.39198303222656,"SAN FRANCISCO","SAN FRANCISCO",-122.39192962646484,37.785331726074219
92317469,2024,2024-02-19,9335,2024-02-11,1716,023483,,7,2,7,3801,0,1,2,,2,014,"US-101 SOUTHBOUND","18TH ST PEDESTRIAN BRIDGE OVERCROSSING",680.00,S,N,A,-,Y,SF,,101," "," ",3.826,H,,L,N,4,0,1,2,A,-,07,21658,A,N,B,C,A,A,H,-,A,D,0,,,Y,,Y,,A,01,0,0,1,0,0,0,0,0,1,"- ","- ",37.760410308837891,-122.40656280517578,"SAN FRANCISCO","SAN FRANCISCO",-122.40650177001953,37.760410308837891
92317482,2024,2024-02-19,9335,2024-02-14,"855 ",022703,,3,1,7,3801,0,1,1,,2,080,"I-80 WESTBOUND TO 5TH STREET","THE FOURTH STREET UNDERCROSSING",670.00,W,N,A,-,Y,SF,,80," "," ",4.878,H,,L,Y,4,0,1,3,A,-,03,22350,,N,C,C,A,A,H,-,A,A,0,,,,,Y,,D,22,0,0,1,0,0,0,0,0,0,"- ","- ",37.779010772705078,-122.4007568359375,"SAN FRANCISCO","SAN FRANCISCO",-122.40077972412109,37.779026031494141
9231782,2021,2021-04-14,3801,2021-03-15,1351,2475,CENTR,1,5,7,3801,0,0,0,,0,4CAR,"COLUMBUS AV",BROADWAY,0.00,,Y,A,-,N,,,,,,,,,,Y,4,0,1,2,A,-,08,22101,D,N,D,C,A,A,H,-,A,A,0,,,,,Y,,J,43,0,0,1,0,0,0,0,0,0,"- ","- ",,,"SAN FRANCISCO","SAN FRANCISCO",-122.40663909912109,37.797893524169922
92317845,2024,2024-02-20,9335,2024-02-14,2020,020324,,3,2,7,3801,0,1,1,,2,080,"I-80 E/B","BRANNAN ST.",98.00,E,N,B,-,Y,SF,,80," "," ",4.220,H,,R,N,4,0,1,2,A,-,07,21658,A,M,B,C,A,B,H,-,D,D,0,,,,,Y,,-,99,0,0,1,0,0,0,0,0,0,"- ","- ",37.771389007568359,-122.40602111816406,"SAN FRANCISCO","SAN FRANCISCO",-122.40603637695312,37.771385192871094
9231804,2021,2021-04-16,3801,2021-03-24,1645,76,TRAFF,3,5,7,3801,0,0,0,,0,4B3B,"INDUSTRIAL ST","QUESADA AV",0.00,,Y,A,-,N,,,,,,,,,,Y,4,0,1,3,A,-,08,22107,,N,B,C,A,A,H,-,A,D,0,,,,,Y,,A,01,0,0,1,0,0,0,0,0,0,"- ","- ",,,"SAN FRANCISCO","SAN FRANCISCO",-122.40199279785156,37.739395141601562
92319553,2023,2024-02-21,9335,2023-10-27,1810,023167,,5,2,7,3801,0,1,1,,2,023,"I-280 S/B","MISSION ST",135.00,S,N,A,-,Y,SF,,280," ",R,3.080,H,,L,N,4,0,1,3,A,-,03,22350,,N,C,2,A,A,H,-,A,D,0,,,,,Y,,A,07,0,0,1,0,0,0,0,0,0,"- ","- ",37.732189178466797,-122.42862701416016,"SAN FRANCISCO","SAN FRANCISCO",-122.42864227294922,37.732147216796875
92319605,2023,2024-02-21,9335,2023-11-02,"800 ",023191,,4,1,7,3801,0,1,2,,2,013,"US-101 S/B","SILVER AVENUE",578.00,S,N,A,-,Y,SF,,101," "," ",1.657,H,,L,N,4,0,1,2,A,-,08,22107,,N,C,C,A,A,H,-,A,D,0,,,,,Y,,D,22,0,0,1,0,0,0,0,0,0,"- ","- ",37.7310791015625,-122.40447235107422,"SAN FRANCISCO","SAN FRANCISCO",-122.40445709228516,37.731082916259766
92320248,2023,2024-02-22,9335,2023-12-09,1335,023595,,6,1,7,3801,0,1,1,,2,022,"I-280 S/B","CONGDON STREET OVERCROSSING",76.00,N,N,A,-,Y,SF,,280," ",R,3.243,H,,L,Y,3,0,1,3,A,-,07,21658,A,M,B,C,A,A,H,-,A,D,0,,,,,Y,,A,01,0,1,0,0,0,0,0,0,0,"- ","- ",37.731590270996094,-122.42578887939453,"SAN FRANCISCO","SAN FRANCISCO",-122.42578887939453,37.731601715087891
92320652,2023,2024-02-22,9335,2023-11-07,2020,023474,,2,2,7,3801,0,1,1,,2,024,"I-280 N/B","20TH ST UNDERCROSSING",177.00,S,N,A,-,Y,SF,,280," ",R,6.431,H,,R,N,3,0,2,2,A,-,03,22350,,N,C,C,A,A,H,-,D,D,0,,,,,Y,,D,22,0,1,1,0,0,0,0,0,0,"- ","- ",37.760768890380859,-122.39227294921875,"SAN FRANCISCO","SAN FRANCISCO",-122.39235687255859,37.760761260986328
92320660,2023,2024-02-22,9335,2023-10-23,1225,018804,,1,1,7,3801,0,1,1,,2,080,"I-80 W/B","5TH STREET",178.00,E,N,A,-,Y,SF,,80," "," ",4.868,H,,L,N,3,0,1,2,A,-,03,22350,,F,G,B,E,A,H,-,A,A,0,Y,,,,Y,,-,99,0,1,0,0,1,0,0,0,0,"- ","- ",37.77899169921875,-122.4010009765625,"SAN FRANCISCO","SAN FRANCISCO",-122.40090942382812,37.778919219970703
92320661,2024,2024-02-22,9335,2024-02-08,"910 ",021237,,4,1,7,3801,0,1,2,,2,013,"US101 S/B","CESAR CHAVEZ STREET",1000.00,S,N,A,-,Y,SF,,101," "," ",2.885,H,,L,N,4,0,2,2,A,-,03,22350,,N,C,C,A,A,H,-,A,D,0,,,,,Y,,A,01,0,0,2,0,0,0,0,0,0,"- ","- ",37.747718811035156,-122.40434265136719,"SAN FRANCISCO","SAN FRANCISCO",-122.40434265136719,37.747722625732422
92320738,2023,2024-02-22,9335,2023-10-31,1635,023366,,2,2,7,3801,0,1,2,,2,013,"US-101 N/B","PAUL AVE",435.00,N,N,A,-,Y,SF,,101," "," ",1.208,H,,R,N,4,0,1,2,A,-,03,22350,,N,C,C,A,A,H,-,A,D,0,,,,,Y,,A,01,0,0,1,0,0,0,0,0,0,"- ","- ",37.724910736083984,-122.40151977539062,"SAN FRANCISCO","SAN FRANCISCO",-122.40156555175781,37.724899291992188
9232111,2021,2021-05-21,3801,2021-03-31,1101,1994,TRAFF,3,5,7,3801,0,0,0,,0,4B3G,"MARKET ST","HYDE ST",182.00,E,N,A,-,N,,,,,,,,,,Y,3,0,6,6,C,-,18,,,N,C,C,C,A,H,-,A,A,0,Y,,,,Y,,-,"- ",0,3,3,0,3,0,0,0,0,"- ","- ",,,"SAN FRANCISCO","SAN FRANCISCO",-122.414306640625,37.779056549072266
92321362,2023,2024-02-23,9335,2023-11-05,"440 ",023119,,7,3,7,3801,0,1,1,,1,081,"I-80 W/B","BEALE ST",102.00,E,N,A,-,Y,SF,,80," "," ",5.747,H,,L,Y,3,0,1,2,A,-,03,22350,,F,C,C,A,A,H,-,C,D,0,,,,,Y,Y,-,99,0,1,0,0,0,0,0,0,0,"- ","- ",37.786949157714844,-122.38992309570312,"SAN FRANCISCO","SAN FRANCISCO",-122.38993072509766,37.786956787109375
92321379,2023,2024-02-23,9335,2023-08-27,"735 ",018399,,7,1,7,3801,0,1,1,,1,081,"I-80 W/B","CECTER ANCHORAGE",752.00,E,N,A,-,Y,,,,,,,,,,N,2,0,3,3,A,-,03,22350,,N,C,C,A,A,H,-,C,D,0,,,,,Y,,A,01,1,1,1,0,0,0,0,0,0,"- ","- ",37.800498962402344,-122.37563323974609,"SAN FRANCISCO","SAN FRANCISCO",-122.37551116943359,37.800369262695312
92321740,2024,2024-02-23,9335,2024-01-17,1941,023489,,3,2,7,3801,0,1,2,,2,013,"US-101 SOUTHBOUND","SILVER AVENUE",529.00,N,N,A,-,Y,SF,,101," "," ",2.086,H,,L,Y,4,0,1,2,A,-,03,22350,,F,C,C,A,A,H,-,B,D,0,,,,,Y,,A,01,0,0,1,0,0,0,0,0,0,"- ","- ",37.736858367919922,-122.40770721435547,"SAN FRANCISCO","SAN FRANCISCO",-122.40773773193359,37.736854553222656
92322014,2024,2024-02-26,9335,2024-02-13,1110,023474,,2,1,7,3801,0,1,1,,1,081,"I-80 W/B","BEALE ST",450.00,E,N,A,-,Y,SF,,80," "," ",5.638,H,,L,N,3,0,1,2,A,-,07,21658,A,N,B,C,A,A,H,-,A,D,0,,,,,Y,,A,01,0,1,0,0,0,0,0,0,0,"- ","- ",37.785770416259766,-122.39128112792969,"SAN FRANCISCO","SAN FRANCISCO",-122.39125823974609,37.785755157470703
92322317,2024,2024-02-26,9335,2024-02-07,1327,022920,,3,1,7,3801,0,1,2,,2,013,"US-101 N/B","THE FAITH STREET OVERCROSSING",100.00,S,N,B,-,Y,SF,,101," "," ",2.590,H,,R,N,4,0,1,2,A,-,03,22350,,N,C,C,A,A,H,-,A,D,0,,,,,Y,,D,22,0,0,1,0,0,0,0,0,0,"- ","- ",37.743568420410156,-122.40579986572266,"SAN FRANCISCO","SAN FRANCISCO",-122.40586090087891,37.743598937988281
92322540,2023,2024-02-26,9335,2023-10-26,"439 ",023312,,4,3,7,3801,0,1,1,,1,083,"I-80 W/B","BEALE ST U/C",727.00,W,N,A,-,Y,SF,,80," "," ",5.581,H,,L,Y,4,0,1,3,A,-,03,22350,,M,C,C,A,A,H,-,C,D,0,,,,,Y,,A,01,0,0,1,0,0,0,0,0,0,"- ","- ",37.785369873046875,-122.39218139648438,"SAN FRANCISCO","SAN FRANCISCO",-122.39208221435547,37.785251617431641