CASE_ID,ACCIDENT_YEAR,PROC_DATE,JURIS,COLLISION_DATE,COLLISION_TIME,OFFICER_ID,REPORTING_DISTRICT,DAY_OF_WEEK,CHP_SHIFT,POPULATION,CNTY_CITY_LOC,SPECIAL_COND,BEAT_TYPE,CHP_BEAT_TYPE,CITY_DIVISION_LAPD,CHP_BEAT_CLASS,BEAT_NUMBER,PRIMARY_RD,SECONDARY_RD,DISTANCE,DIRECTION,INTERSECTION,WEATHER_1,WEATHER_2,STATE_HWY_IND,CALTRANS_COUNTY,CALTRANS_DISTRICT,STATE_ROUTE,ROUTE_SUFFIX,POSTMILE_PREFIX,POSTMILE,LOCATION_TYPE,RAMP_INTERSECTION,SIDE_OF_HWY,TOW_AWAY,COLLISION_SEVERITY,NUMBER_KILLED,NUMBER_INJURED,PARTY_COUNT,PRIMARY_COLL_FACTOR,PCF_CODE_OF_VIOL,PCF_VIOL_CATEGORY,PCF_VIOLATION,PCF_VIOL_SUBSECTION,HIT_AND_RUN,TYPE_OF_COLLISION,MVIW,PED_ACTION,ROAD_SURFACE,ROAD_COND_1,ROAD_COND_2,LIGHTING,CONTROL_DEVICE,CHP_ROAD_TYPE,PEDESTRIAN_ACCIDENT,BICYCLE_ACCIDENT,MOTORCYCLE_ACCIDENT,TRUCK_ACCIDENT,NOT_PRIVATE_PROPERTY,ALCOHOL_INVOLVED,STWD_VEHTYPE_AT_FAULT,CHP_VEHTYPE_AT_FAULT,COUNT_SEVERE_INJ,COUNT_VISIBLE_INJ,COUNT_COMPLAINT_PAIN,COUNT_PED_KILLED,COUNT_PED_INJURED,COUNT_BICYCLIST_KILLED,COUNT_BICYCLIST_INJURED,COUNT_MC_KILLED,COUNT_MC_INJURED,PRIMARY_RAMP,SECONDARY_RAMP,LATITUDE,LONGITUDE,COUNTY,CITY,POINT_X,POINT_Y
92322562,2023,2024-02-26,9335,2023-10-31,2240,023312,,2,3,7,3801,0,1,1,,1,081,"I-80 W/B","NAVY RD U/C",1145.00,E,N,A,-,Y,SF,,80," ",R,8.410,H,,L,N,3,0,1,1,A,-,01,23152,G,N,E,I,A,A,H,-,C,D,0,,,,,Y,Y,-,"- ",0,1,0,0,0,0,0,0,0,"- ","- ",37.816181182861328,-122.35726165771484,"SAN FRANCISCO","SAN FRANCISCO",-122.35738372802734,37.816329956054688
92324088,2024,2024-02-27,9335,2024-02-18,2000,023366,,7,2,7,3801,0,1,1,,1,083,"I-80 E/B","TREASURE ISLAND RD",315.00,E,N,C,-,Y,SF,,80," "," ",7.795,H,,R,Y,4,0,1,2,A,-,08,22107,,N,D,D,A,B,F,G,C,D,0,,,,,Y,,A,01,0,0,1,0,0,0,0,0,0,"- ","- ",37.809829711914062,-122.36528778076172,"SAN FRANCISCO","SAN FRANCISCO",-122.36533355712891,37.809864044189453
92324225,2023,2024-02-27,9335,2023-12-14,2015,023373,,4,2,7,3801,0,1,1,,1,083,"I-80 E/B","TREASURE ISLAND RD",5386.00,W,N,A,-,Y,SF,,80," "," ",6.714,H,,R,Y,2,0,1,2,A,-,03,22350,,N,C,C,A,A,H,-,C,D,0,,,Y,,Y,,C,02,1,0,0,0,0,0,0,0,1,"- ","- ",37.79779052734375,-122.37835693359375,"SAN FRANCISCO","SAN FRANCISCO",-122.37822723388672,37.797698974609375
92324523,2024,2024-02-27,9335,2024-02-23,"628 ",023357,,5,1,7,3801,0,1,1,,1,081,"I-80 W/B","NAVY RD",950.00,E,N,A,-,Y,SF,,80," ",R,8.367,H,,L,N,4,0,1,2,A,-,03,22350,,N,C,C,A,A,H,-,A,D,0,,,,,Y,,A,01,0,0,1,0,0,0,0,0,0,"- ","- ",37.815841674804688,-122.35793304443359,"SAN FRANCISCO","SAN FRANCISCO",-122.35805511474609,37.815975189208984
92325634,2023,2024-02-28,9335,2023-10-21,"210 ",022802,,6,3,7,3801,0,1,2,,2,013,"US-101 S/B TO I-280 S/B TO ALEMANY BLVD","ALEMANY BLVD",65.00,S,N,A,-,Y,,,,,,,,,,Y,3,0,1,1,A,-,01,23152,A,N,E,I,A,A,H,-,C,A,0,,,,,Y,Y,A,07,0,1,0,0,0,0,0,0,0,"- ","- ",37.734569549560547,-122.41056060791016,"SAN FRANCISCO","SAN FRANCISCO",-122.40804290771484,37.737823486328125
92326223,2024,2024-02-29,9335,2024-02-27,1518,019949,,2,2,7,3801,0,1,1,,2,080,"I-80 E/B","3RD ST",220.00,E,N,A,-,Y,SF,,80," "," ",5.279,H,,R,N,4,0,1,2,A,-,03,22350,,N,C,C,A,A,H,-,A,D,0,,,,,Y,,D,22,0,0,1,0,0,0,0,0,0,"- ","- ",37.782371520996094,-122.39607238769531,"SAN FRANCISCO","SAN FRANCISCO",-122.39603424072266,37.782341003417969
92326414,2023,2024-02-29,9335,2023-12-11,1443,023603,,1,2,7,3801,0,1,2,,2,013,"US-101 NORTHBOUND","16TH STREET",400.00,S,N,A,-,Y,SF,,101," "," ",4.143,H,,R,Y,3,0,3,5,A,-,03,22350,,N,C,C,A,A,H,-,A,D,0,,,,,Y,,A,07,0,1,2,0,0,0,0,0,0,"- ","- ",37.7647705078125,-122.40484619140625,"SAN FRANCISCO","SAN FRANCISCO",-122.40489959716797,37.7647705078125
92326823,2024,2024-05-30,9335,2024-02-14,1230,023654,,3,1,7,3801,0,1,2,,2,015,"US-101 N/B","MISSION ST",2323.00,S,N,C,-,Y,SF,,101," ",R,4.778,H,,R,Y,3,0,1,3,A,-,08,22107,,N,B,C,A,B,H,-,A,D,0,,,,,Y,,A,01,0,1,0,0,0,0,0,0,0,"- ","- ",37.769561767578125,-122.41178894042969,"SAN FRANCISCO","SAN FRANCISCO",-122.41178894042969,37.769535064697266
92327598,2024,2024-03-01,9335,2024-02-28,1330,023592,,3,1,7,3801,0,1,1,,1,081,"I-80 W/B","FREMONT ST U/C",70.00,E,N,A,-,Y,SF,,80," "," ",5.639,H,,L,N,4,0,1,2,A,-,03,22350,,N,C,C,A,A,H,-,A,D,0,,,,,Y,,A,01,0,0,1,0,0,0,0,0,0,"- ","- ",37.785781860351562,-122.39127349853516,"SAN FRANCISCO","SAN FRANCISCO",-122.39125061035156,37.785762786865234
92329975,2024,2024-03-05,9335,2024-02-23,1244,023367,,5,1,7,3801,0,1,2,,2,014,"US-101 N/B FROM CESAR CHAVEZ STREET","25TH ST PEDESTRIAN BRIDGE",40.00,N,N,A,-,Y,SF,,101," "," ",3.224,H,,R,N,4,0,1,3,A,-,03,22350,,N,C,C,A,A,H,-,A,D,0,,,,,Y,,D,22,0,0,1,0,0,0,0,0,0,"- ","- ",37.752460479736328,-122.4027099609375,"SAN FRANCISCO","SAN FRANCISCO",-122.40283203125,37.752464294433594
92330024,2024,2024-03-05,9335,2024-02-25,"810 ",023378,,7,1,7,3801,0,1,2,,2,014,"US-101 S/B","CESAR CHAVEZ UNDERCROSSING",1000.00,N,N,A,-,Y,SF,,101," "," ",3.202,H,,L,Y,4,0,1,1,A,-,08,22107,,N,E,I,A,A,H,-,A,D,0,,,,,Y,,A,01,0,0,1,0,0,0,0,0,0,"- ","- ",37.752159118652344,-122.40296173095703,"SAN FRANCISCO","SAN FRANCISCO",-122.40304565429688,37.752166748046875
92330076,2024,2024-03-05,9335,2024-02-26,1452,023464,,1,2,7,3801,0,1,1,,2,022,"I-280 S/B","OCEAN AVE OVERCROSSING",45.00,S,N,A,-,Y,SF,,280," ",R,1.755,H,,L,N,4,0,1,2,A,-,03,22350,,N,C,C,A,A,H,-,A,D,0,,,,,Y,,A,07,0,0,1,0,0,0,0,0,0,"- ","- ",37.722820281982422,-122.44803619384766,"SAN FRANCISCO","SAN FRANCISCO",-122.44795227050781,37.722805023193359
92330091,2024,2024-03-05,9335,2024-02-27,1955,022596,,2,2,7,3801,0,1,2,,2,015,"US-101 N/B","MARKET STREET PROLONGATION",315.00,S,N,A,-,Y,SF,,101," ",M,5.409,H,,R,N,4,0,1,2,A,-,03,22350,,N,C,C,A,A,H,-,C,D,0,,,,,Y,,A,01,0,0,1,0,0,0,0,0,0,"- ","- ",37.771068572998047,-122.42279052734375,"SAN FRANCISCO","SAN FRANCISCO",-122.42276763916016,37.771083831787109
92330226,2024,2024-03-05,9335,2024-02-24,1435,023464,,6,2,7,3801,0,1,2,,2,013,"US-101 NORTHBOUND","PAUL AVE UNDERCROSSING",630.00,S,N,A,-,Y,SF,,101," "," ",0.994,H,,R,Y,4,0,4,4,A,-,03,22350,,N,C,C,A,A,H,-,A,D,0,,,,,Y,,A,07,0,0,4,0,0,0,0,0,0,"- ","- ",37.721988677978516,-122.40036773681641,"SAN FRANCISCO","SAN FRANCISCO",-122.400390625,37.72198486328125
92330310,2024,2024-03-13,9335,2024-02-29,1554,022416,,4,2,7,3801,0,1,1,,2,080,"I-80 E/B","8TH ST",300.00,W,N,B,C,Y,SF,,80," "," ",4.192,H,,R,N,3,0,1,3,A,-,07,21658,A,N,B,C,A,B,H,-,A,D,0,,,Y,,Y,,A,01,0,1,0,0,0,0,0,0,1,"- ","- ",37.771018981933594,-122.40583801269531,"SAN FRANCISCO","SAN FRANCISCO",-122.40579986572266,37.771038055419922
92330651,2023,2024-03-06,9335,2023-11-12,"955 ",021200,,7,1,7,3801,0,1,2,,2,013,"US 101 SB","THIRD ST",700.00,S,N,A,-,Y,SF,,101," "," ",0.509,H,,L,N,3,0,1,1,A,-,08,22107,,N,E,I,A,A,H,-,A,D,0,,,,,Y,,A,01,0,1,0,0,0,0,0,0,0,"- ","- ",37.715110778808594,-122.39823913574219,"SAN FRANCISCO","SAN FRANCISCO",-122.39823913574219,37.715110778808594
92331293,2023,2024-03-06,9335,2023-11-26,1458,020772,,7,2,7,3801,0,1,1,,2,022,I-280,"PAULDING ST OVERCROSSING",215.00,S,N,A,-,Y,SF,,280," ",R,2.147,H,,R,N,3,0,1,1,A,-,08,22107,,N,F,A,A,A,H,-,A,D,0,,,Y,,Y,,C,02,0,1,0,0,0,0,0,0,1,"- ","- ",37.727680206298828,-122.44429016113281,"SAN FRANCISCO","SAN FRANCISCO",-122.44429016113281,37.727680206298828
92331510,2024,2024-03-06,9350,2024-01-25,"915 ",023453,,4,1,7,3801,0,1,2,,2,020,"US-101 S/B","MERCHANT ROAD",200.00,N,N,B,-,Y,,,,,,,,,,N,4,0,1,2,A,-,17,23114,A,M,H,C,A,A,H,-,A,D,0,,,,,Y,,-,99,0,0,1,0,0,0,0,0,0,"- ","- ",37.808570861816406,-122.47695159912109,"SAN FRANCISCO","SAN FRANCISCO",-122.47702026367188,37.808509826660156
92332431,2024,2024-03-07,9335,2024-02-20,2253,023536,,2,3,7,3801,0,1,1,,1,083,"I-80 E/B","THE MACALLA RD. UNDERCROSSING",480.00,W,N,C,-,Y,SF,,80," "," ",7.846,H,,R,Y,2,0,1,2,A,-,07,21658,A,N,B,C,A,B,H,-,C,D,0,,,,,Y,,-,"- ",1,0,0,0,0,0,0,0,0,"- ","- ",37.810440063476562,-122.36473846435547,"SAN FRANCISCO","SAN FRANCISCO",-122.36473083496094,37.810432434082031
92332436,2024,2024-03-07,9335,2024-02-24,2330,023366,,6,3,7,3801,0,1,1,,1,081,"I-80 W/B","TREASURE ISLAND RD",1056.00,W,N,A,-,Y,SF,,80," "," ",7.543,H,,L,Y,4,0,1,2,A,-,08,22107,,N,F,J,A,A,H,-,C,D,0,,,Y,,Y,,C,02,0,0,1,0,0,0,0,0,1,"- ","- ",37.807071685791016,-122.36844635009766,"SAN FRANCISCO","SAN FRANCISCO",-122.36827087402344,37.806949615478516
92332452,2024,2024-03-07,9335,2024-02-18,2025,023504,,7,2,7,3801,0,1,2,,2,015,"US-101 NB","17TH STREET",570.00,N,N,C,-,Y,SF,,101," ",R,4.249,H,,R,Y,4,0,1,4,A,-,08,22107,,N,E,I,A,B,H,-,C,D,0,,,,,Y,,-,"- ",0,0,1,0,0,0,0,0,0,"- ","- ",37.766281127929688,-122.40508270263672,"SAN FRANCISCO","SAN FRANCISCO",-122.40507507324219,37.766281127929688
92333860,2024,2024-03-11,9335,2024-02-09,1540,023483,,5,2,7,3801,0,1,1,,1,081,"I-80 WESTBOUND","TREASURE ISLAND ROAD OVERCROSSING",1950.00,W,N,A,-,Y,SF,,80," "," ",7.356,H,,L,N,3,0,2,4,A,-,03,22350,,M,C,C,A,A,H,-,A,D,0,,,,,Y,,-,99,0,2,0,0,0,0,0,0,0,"- ","- ",37.805019378662109,-122.37075805664062,"SAN FRANCISCO","SAN FRANCISCO",-122.37051391601562,37.804851531982422
92334300,2024,2024-03-11,9335,2024-02-08,1340,023489,,4,1,7,3801,0,1,2,,2,013,"US-101 SOUTHBOUND","SILVER AVENUE OVER-CROSSING",1109.00,N,N,A,-,Y,SF,,101," "," ",1.985,H,,L,Y,4,0,1,2,A,-,03,22350,,N,C,C,A,A,H,-,A,D,0,,,,,Y,,A,01,0,0,1,0,0,0,0,0,0,"- ","- ",37.735481262207031,-122.406982421875,"SAN FRANCISCO","SAN FRANCISCO",-122.40699768066406,37.7354736328125
92334310,2024,2024-03-11,9335,2024-02-26,1425,023603,,1,2,7,3801,0,1,1,,2,023,"I-280 S/B","FARALLONES STREET PEDESTRIAN OVERCROSSING",1042.00,N,N,A,-,Y,SF,,280," ",R,1.248,H,,L,Y,2,0,3,4,A,-,01,23152,G,N,A,C,A,A,H,-,A,D,0,,,,,Y,,A,01,2,1,0,0,0,0,0,0,0,"- ","- ",37.715660095214844,-122.44972229003906,"SAN FRANCISCO","SAN FRANCISCO",-122.44972229003906,37.715660095214844
92336121,2023,2024-03-12,9335,2023-12-02,"155 ",023118,,6,3,7,3801,0,1,1,,1,081,"I-80 W/B TO HARRISON STREET","2ND ST",370.00,E,N,C,-,Y,SF,,80," "," ",5.486,H,,R,Y,4,0,2,1,A,-,03,22350,,N,E,I,A,B,H,-,D,D,0,,,,,Y,,A,07,0,0,2,0,0,0,0,0,0,"- ","- ",37.784328460693359,-122.39331817626953,"SAN FRANCISCO","SAN FRANCISCO",-122.39344787597656,37.784442901611328
92336576,2024,2024-03-12,9335,2024-01-30,2000,023595,,2,2,7,3801,0,1,2,,2,014,"US-101 S/B","22ND ST PED OVERCROSSING",430.00,N,N,A,-,Y,SF,,101," "," ",3.601,H,,L,N,4,0,1,2,A,-,03,22350,,N,C,C,A,A,H,-,D,D,0,,,,,Y,,A,07,0,0,1,0,0,0,0,0,0,"- ","- ",37.757770538330078,-122.40451049804688,"SAN FRANCISCO","SAN FRANCISCO",-122.40449523925781,37.757781982421875
92337379,2024,2024-03-13,9335,2024-02-29,2305,023593,,4,3,7,3801,0,1,2,,2,013,"US-101 S/B","CESAR CHAVEZ STREET",548.00,S,N,C,-,Y,SF,,101," "," ",2.907,H,,L,Y,4,0,1,3,A,-,08,22107,,N,E,I,A,B,H,-,C,D,0,,,,,Y,,A,01,0,0,1,0,0,0,0,0,0,"- ","- ",37.748008728027344,-122.40418243408203,"SAN FRANCISCO","SAN FRANCISCO",-122.40425109863281,37.748023986816406
92337413,2024,2024-03-13,9335,2024-02-02,1832,023483,,5,2,7,3801,0,1,2,,2,015,"US-101 SOUTHBOUND","FOLSOM ST. UNDERCROSSING",600.00,S,N,A,-,Y,SF,,101," ",R,4.866,H,,L,N,4,0,2,2,A,-,03,22350,,N,C,C,A,A,H,-,C,D,0,,,,,Y,,A,01,0,0,2,0,0,0,0,0,0,"- ","- ",37.769439697265625,-122.41342926025391,"SAN FRANCISCO","SAN FRANCISCO",-122.41342926025391,37.769466400146484
92337490,2023,2024-03-13,9335,2023-12-04,"20  ",023111,,1,3,7,3801,0,1,1,,1,083,"I-80 E/B","TREASURE ISLAND RD",4920.00,W,N,A,-,Y,SF,,80," "," ",6.797,H,,R,N,4,0,2,2,A,-,03,22350,,F,C,C,A,A,H,-,C,D,0,,,,,Y,,-,99,0,0,2,0,0,0,0,0,0,"- ","- ",37.798740386962891,-122.37740325927734,"SAN FRANCISCO","SAN FRANCISCO",-122.37722015380859,37.798618316650391
92337531,2023,2024-03-13,9335,2023-12-30,"655 ",023366,,6,1,7,3801,0,1,1,,2,080,"I-80 W/B","BRANNAN STREET",55.00,E,N,C,-,Y,SF,,80," "," ",4.191,H,,L,Y,3,0,1,2,A,-,08,22107,,N,E,J,F,B,H,-,B,D,0,Y,,,,Y,,D,22,0,1,0,0,1,0,0,0,0,"- ","- ",37.771068572998047,-122.40605926513672,"SAN FRANCISCO","SAN FRANCISCO",-122.4061279296875,37.771049499511719
92338551,2023,2024-03-14,9335,2023-12-31,2155,023489,,7,2,7,3801,0,1,1,,2,080,"I-80 E/B","5TH STREET UNDER-CROSSING",126.00,W,N,C,-,Y,SF,,80," "," ",4.805,H,,R,N,4,0,1,2,A,-,03,22350,,N,C,C,A,B,H,-,C,D,0,,,,,Y,,A,01,0,0,1,0,0,0,0,0,0,"- ","- ",37.777969360351562,-122.40128326416016,"SAN FRANCISCO","SAN FRANCISCO",-122.40129089355469,37.777988433837891
92338820,2024,2024-03-15,9335,2024-02-11,2105,023489,,7,2,7,3801,0,1,1,,2,022,"I-280 N/B","SAN JOSE AVENUE OVER-CROSSING",1426.00,S,N,B,-,Y,SF,,280," ",R,1.176,H,,R,Y,4,0,1,2,A,-,07,21658,A,F,B,C,A,B,H,-,C,D,0,,,,,Y,,-,99,0,0,1,0,0,0,0,0,0,"- ","- ",37.714801788330078,-122.45033264160156,"SAN FRANCISCO","SAN FRANCISCO",-122.45034790039062,37.714813232421875
92339128,2024,2024-03-15,9350,2024-03-07,"120 ",023669,,4,3,7,3801,0,1,2,,2,010,"US-101 S/B","GIRARD RD UC",200.00,N,N,A,-,Y,SF,,101," ",R,8.348,H,,L,N,4,0,1,1,A,-,08,22107,,N,E,I,A,A,H,-,C,D,0,,,,,Y,,A,01,0,0,1,0,0,0,0,0,0,"- ","- ",37.803348541259766,-122.45245361328125,"SAN FRANCISCO","SAN FRANCISCO",-122.45243835449219,37.803276062011719
92339494,2024,2024-03-15,9335,2024-03-03,1012,023111,,7,1,7,3801,0,1,1,,2,024,"I-280 N/B TO CESAR CHAVEZ STREET","CESAR CHAVEZ STREET",18.00,S,N,B,-,Y,SF,,280," ",R,5.601,H,,R,N,4,0,1,2,B,-,22,,,N,C,C,A,B,H,-,A,A,0,,,,,Y,,J,48,0,0,1,0,0,0,0,0,0,"- ","- ",37.749881744384766,-122.39219665527344,"SAN FRANCISCO","SAN FRANCISCO",-122.39189147949219,37.749771118164062
92339986,2024,2024-03-18,9335,2024-03-09,2000,022920,,6,2,7,3801,0,1,1,,2,080,"I-80 W/B","THE 7TH STREET UNDERCROSSING",590.00,W,N,A,-,Y,SF,,80," "," ",4.379,H,,L,N,4,0,1,2,A,-,08,22107,,N,E,8,A,A,H,-,C,D,0,,,,,Y,,A,01,0,0,1,0,0,0,0,0,0,"- ","- ",37.773719787597656,-122.40676879882812,"SAN FRANCISCO","SAN FRANCISCO",-122.40682983398438,37.773723602294922
92340816,2024,2024-03-18,9335,2024-03-06,"335 ",023044,,3,3,7,3801,0,1,1,,2,080,"I-80 WESTBOUND TO 5TH STREET","5TH STREET",378.00,E,N,B,-,Y,SF,,80," "," ",4.910,H,,L,N,4,0,1,1,A,-,01,23152,A,N,E,I,A,B,H,-,C,D,0,,,,,Y,Y,A,01,0,0,1,0,0,0,0,0,0,"- ","- ",37.779209136962891,-122.40017700195312,"SAN FRANCISCO","SAN FRANCISCO",-122.40036773681641,37.779354095458984
92341186,2023,2024-03-19,9335,2023-11-02,1520,022920,,4,2,7,3801,0,1,1,,1,083,"I-80 E/B","THE YERBA BUENA ISLAND TUNNEL EAST EDGE",1920.00,E,N,A,-,Y,SF,,80," ",R,8.184,H,,R,N,4,0,1,2,A,-,07,21658,A,N,C,C,A,A,H,-,A,D,0,,,,,Y,,D,22,0,0,1,0,0,0,0,0,0,"- ","- ",37.813968658447266,-122.36045837402344,"SAN FRANCISCO","SAN FRANCISCO",-122.36053466796875,37.814048767089844
92341196,2023,2024-03-19,9335,2023-12-26,1455,023593,,2,2,7,3801,0,1,1,,2,080,"I-80 WESTBOUND","BRANNAN ST UNDERCROSSING",32.00,W,N,A,-,Y,SF,,80," "," ",4.164,H,,L,N,4,0,2,2,A,-,03,22350,,N,C,C,A,A,H,-,A,D,0,,,,Y,Y,,F,26,0,0,2,0,0,0,0,0,0,"- ","- ",37.770671844482422,-122.40602874755859,"SAN FRANCISCO","SAN FRANCISCO",-122.40596008300781,37.770687103271484
92341214,2024,2024-03-19,9335,2024-03-08,1715,023119,,5,2,7,3801,0,1,2,,2,013,"US 101 S/B","FAITH STREET O/C",114.00,S,N,A,-,Y,SF,,101," "," ",2.593,H,,L,Y,4,0,1,1,A,-,08,22107,,N,E,I,A,A,H,-,A,D,0,,,,,Y,,A,01,0,0,1,0,0,0,0,0,0,"- ","- ",37.743679046630859,-122.40596008300781,"SAN FRANCISCO","SAN FRANCISCO",-122.40602111816406,37.74371337890625
92341677,2024,2024-03-19,9335,2024-02-15,2330,023595,,4,3,7,3801,0,1,2,,2,015,"US-101 N/B TO MISION STREET","MISSION STREET",260.00,S,N,A,-,Y,SF,,101," ",M,5.177,H,,R,Y,4,0,2,3,A,-,03,22350,,N,C,C,A,A,H,-,D,D,0,,,,,Y,,A,07,0,0,2,0,0,0,0,0,0,"- ","- ",37.770149230957031,-122.41895294189453,"SAN FRANCISCO","SAN FRANCISCO",-122.41897583007812,37.770046234130859
92341974,2024,2024-03-19,9335,2024-03-07,2110,023378,,4,2,7,3801,0,1,2,,2,010,"US-101 N/B","MILLBRAE AVENUE",3250.00,N,N,A,-,Y,SM,,101," "," ",18.562,H,,R,Y,4,0,1,2,A,-,07,21658,A,N,C,C,A,A,H,-,C,D,0,,,,,Y,,A,01,0,0,1,0,0,0,0,0,0,"- ","- ",37.608489990234375,-122.38893890380859,"SAN FRANCISCO","SAN FRANCISCO",-122.38905334472656,37.608375549316406
92342118,2024,2024-03-19,9335,2024-03-07,"600 ",023558,,4,1,7,3801,0,1,1,,1,081,"I-80 W/B","YERBA BUENA ISLAND TUNNEL",200.00,W,N,A,-,Y,SF,,80," "," ",7.834,H,,L,N,4,0,1,2,B,-,22,,,N,B,C,A,A,H,-,B,D,0,,,,,Y,,A,01,0,0,1,0,0,0,0,0,0,"- ","- ",37.810348510742188,-122.36492919921875,"SAN FRANCISCO","SAN FRANCISCO",-122.36485290527344,37.810302734375
92342165,2024,2024-03-19,9335,2024-03-11,"712 ",023357,,1,1,7,3801,0,1,1,,1,081,"I-80 W/B","BEALE ST",110.00,E,N,A,-,Y,SF,,80," "," ",5.750,H,,L,N,4,0,1,2,A,-,03,22350,,N,C,C,A,A,H,-,E,D,0,,,,,Y,,A,07,0,0,1,0,0,0,0,0,0,"- ","- ",37.786998748779297,-122.38990783691406,"SAN FRANCISCO","SAN FRANCISCO",-122.389892578125,37.786991119384766
92342263,2024,2024-03-19,9335,2024-03-14,"812 ",022187,,4,1,7,3801,0,1,1,,2,022,"I-280 S/B","THE PAULDING STREET OVER-CROSSING",93.00,S,N,A,-,Y,SF,,280," ",R,2.186,H,,L,Y,4,0,2,2,A,-,03,22350,,N,C,C,A,A,H,-,A,D,0,,,,,Y,,A,01,0,0,2,0,0,0,0,0,0,"- ","- ",37.728069305419922,-122.44399261474609,"SAN FRANCISCO","SAN FRANCISCO",-122.44399261474609,37.728069305419922
92342676,2024,2024-03-20,9335,2024-03-11,"525 ",023685,,1,3,7,3801,0,1,2,,2,013,"US-101 S/B","HOLLADAY AVE OVERCROSSING",440.00,S,N,B,-,Y,SF,,101," "," ",2.528,H,,L,N,4,0,1,1,A,-,08,22107,,M,E,J,A,B,H,-,C,D,0,,,,,Y,,A,01,0,0,1,0,0,0,0,0,0,"- ","- ",37.743000030517578,-122.40673065185547,"SAN FRANCISCO","SAN FRANCISCO",-122.40665435791016,37.742958068847656
92342727,2024,2024-03-20,9335,2024-03-15,"950 ",018371,,5,1,7,3801,0,1,1,,1,083,"I-80 E/B TO 4TH ST","4TH ST",150.00,W,N,A,-,Y,SF,,80," "," ",4.956,H,,R,N,4,0,1,3,A,-,03,22350,,N,C,C,A,A,H,-,A,A,0,,,,,Y,,A,01,0,0,1,0,0,0,0,0,0,"- ","- ",37.779338836669922,-122.39910888671875,"SAN FRANCISCO","SAN FRANCISCO",-122.39935302734375,37.779521942138672
92342928,2024,2024-03-20,9335,2024-03-15,1805,019799,,5,2,7,3801,0,1,1,,1,083,"I-80 E/B","WEST EDGE OF TI TUNNEL",2112.00,W,N,A,-,Y,SF,,80," "," ",7.324,H,,R,Y,3,0,1,2,A,-,03,22350,,N,C,C,A,A,H,-,A,D,0,,,,,Y,,A,01,0,1,0,0,0,0,0,0,0,"- ","- ",37.804660797119141,-122.37113189697266,"SAN FRANCISCO","SAN FRANCISCO",-122.37088775634766,37.804500579833984
92343033,2024,2024-03-20,9335,2024-03-12,1020,023685,,2,1,7,3801,0,1,1,,1,083,"I-80 E/B","TREASURE ISLAND RD",330.00,E,N,B,-,Y,SF,,80," "," ",7.782,H,,R,Y,2,0,1,1,A,-,08,22107,,N,E,I,A,B,H,-,A,D,0,,,,,Y,,A,01,1,0,0,0,0,0,0,0,0,"- ","- ",37.809661865234375,-122.36541748046875,"SAN FRANCISCO","SAN FRANCISCO",-122.36550140380859,37.809719085693359
92343059,2024,2024-03-20,9335,2024-02-27,1530,023603,,2,2,7,3801,0,1,2,,2,013,"US-101 N/B","CORTLAND AVE UNDERCROSSING",140.00,S,N,A,-,Y,SF,,101," "," ",2.303,H,,R,N,4,0,1,2,A,-,03,22350,,N,C,C,A,A,H,-,A,D,0,,,,,Y,,A,01,0,0,1,0,0,0,0,0,0,"- ","- ",37.740058898925781,-122.40821838378906,"SAN FRANCISCO","SAN FRANCISCO",-122.40792846679688,37.740024566650391