CASE_ID,ACCIDENT_YEAR,PROC_DATE,JURIS,COLLISION_DATE,COLLISION_TIME,OFFICER_ID,REPORTING_DISTRICT,DAY_OF_WEEK,CHP_SHIFT,POPULATION,CNTY_CITY_LOC,SPECIAL_COND,BEAT_TYPE,CHP_BEAT_TYPE,CITY_DIVISION_LAPD,CHP_BEAT_CLASS,BEAT_NUMBER,PRIMARY_RD,SECONDARY_RD,DISTANCE,DIRECTION,INTERSECTION,WEATHER_1,WEATHER_2,STATE_HWY_IND,CALTRANS_COUNTY,CALTRANS_DISTRICT,STATE_ROUTE,ROUTE_SUFFIX,POSTMILE_PREFIX,POSTMILE,LOCATION_TYPE,RAMP_INTERSECTION,SIDE_OF_HWY,TOW_AWAY,COLLISION_SEVERITY,NUMBER_KILLED,NUMBER_INJURED,PARTY_COUNT,PRIMARY_COLL_FACTOR,PCF_CODE_OF_VIOL,PCF_VIOL_CATEGORY,PCF_VIOLATION,PCF_VIOL_SUBSECTION,HIT_AND_RUN,TYPE_OF_COLLISION,MVIW,PED_ACTION,ROAD_SURFACE,ROAD_COND_1,ROAD_COND_2,LIGHTING,CONTROL_DEVICE,CHP_ROAD_TYPE,PEDESTRIAN_ACCIDENT,BICYCLE_ACCIDENT,MOTORCYCLE_ACCIDENT,TRUCK_ACCIDENT,NOT_PRIVATE_PROPERTY,ALCOHOL_INVOLVED,STWD_VEHTYPE_AT_FAULT,CHP_VEHTYPE_AT_FAULT,COUNT_SEVERE_INJ,COUNT_VISIBLE_INJ,COUNT_COMPLAINT_PAIN,COUNT_PED_KILLED,COUNT_PED_INJURED,COUNT_BICYCLIST_KILLED,COUNT_BICYCLIST_INJURED,COUNT_MC_KILLED,COUNT_MC_INJURED,PRIMARY_RAMP,SECONDARY_RAMP,LATITUDE,LONGITUDE,COUNTY,CITY,POINT_X,POINT_Y
92343095,2023,2024-03-20,9335,2023-11-02,1550,022860,,4,2,7,3801,0,1,2,,2,014,"US-101 N/B","18TH STREET PEDESTRIAN OVERCROSSING",50.00,S,N,A,-,Y,SF,,101," "," ",3.948,H,,R,N,4,0,1,2,A,-,03,22350,,M,C,C,A,A,H,-,A,D,0,,,,,Y,,A,08,0,0,1,0,0,0,0,0,0,"- ","- ",37.761970520019531,-122.40570831298828,"SAN FRANCISCO","SAN FRANCISCO",-122.40573883056641,37.761981964111328
92343143,2024,2024-03-20,9335,2024-03-18,1655,023119,,1,2,7,3801,0,1,2,,2,013,"US-101 N/B","BAYSHORE BLVD O/C",780.00,S,N,A,-,Y,SF,,101," "," ",0.407,H,,R,Y,4,0,1,2,A,-,03,22350,,N,C,C,A,A,H,-,A,D,0,,,,,Y,,A,01,0,0,1,0,0,0,0,0,0,"- ","- ",37.714038848876953,-122.39707946777344,"SAN FRANCISCO","SAN FRANCISCO",-122.39707183837891,37.714042663574219
92343153,2024,2024-03-20,9335,2024-03-17,2330,023366,,7,3,7,3801,0,1,1,,1,083,"I-80 E/B","NORTH GATE ROAD",4488.00,E,N,A,-,Y,ALA,,80," ",R,0.112,H,,R,Y,4,0,2,2,A,-,03,22350,,N,C,C,A,A,H,-,C,D,0,,,,,Y,,A,01,0,0,2,0,0,0,0,0,0,"- ","- ",37.819229125976562,-122.34761047363281,"SAN FRANCISCO","SAN FRANCISCO",-122.34758758544922,37.819149017333984
92343310,2024,2024-03-21,9335,2024-01-08,2219,023504,,1,3,7,3801,0,1,1,,1,083,"I-80 E/B","ARMY ROAD",2000.00,E,N,A,-,Y,SF,,80," ",R,8.655,H,,R,Y,2,0,2,2,A,-,01,23152,A,N,B,2,A,A,H,-,C,D,0,,,,,Y,Y,A,01,1,0,1,0,0,0,0,0,0,"- ","- ",37.817989349365234,-122.35337066650391,"SAN FRANCISCO","SAN FRANCISCO",-122.35331726074219,37.817897796630859
92343323,2023,2024-03-21,9335,2023-11-25,"620 ",021200,,6,1,7,3801,0,1,2,,2,013,"US101 SB","ALEMANY BOULEVARD",140.00,N,N,A,-,Y,SF,,101," "," ",2.311,H,,L,N,4,0,1,1,A,-,08,22107,,F,E,C,A,A,H,-,D,D,0,,,,,Y,,A,01,0,0,1,0,0,0,0,0,0,"- ","- ",37.740161895751953,-122.408203125,"SAN FRANCISCO","SAN FRANCISCO",-122.40807342529297,37.740142822265625
92344858,2023,2024-03-22,9335,2023-11-23,1648,023474,,4,2,7,3801,0,1,1,,2,023,"I-280 S/B","JUSTIN DRIVE OVERCROSSING",3643.00,N,N,A,-,Y,SF,,280," ",R,3.930,H,,L,N,4,0,1,2,A,-,03,22350,,F,C,C,A,A,H,-,D,D,0,,,,,Y,,-,99,0,0,1,0,0,0,0,0,0,"- ","- ",37.732791900634766,-122.41352081298828,"SAN FRANCISCO","SAN FRANCISCO",-122.41352844238281,37.732799530029297
92345029,2024,2024-03-22,9335,2024-01-20,1941,023338,,6,2,7,3801,0,1,1,,2,023,"I-280 N/B TO US-101 S/B","THE NORTH ALAMANY BOULEVARD OVERCROSSING",860.00,N,N,B,-,Y,SF,,280," ",R,4.036,H,,R,Y,2,0,4,4,A,-,07,21658,A,M,B,C,E,B,H,-,B,D,0,Y,,,,Y,Y,A,08,1,0,3,0,1,0,0,0,0,"- ","- ",37.733150482177734,-122.41175079345703,"SAN FRANCISCO","SAN FRANCISCO",-122.41185760498047,37.733310699462891
92345030,2024,2024-03-22,9335,2024-01-20,1940,023338,,6,2,7,3801,0,1,1,,2,023,"I-280 N/B","THE NORTH ALEMANY BOULEVARD OVERCROSSING",850.00,N,N,B,-,Y,SF,,280," ",R,4.035,H,,R,N,3,0,1,1,A,-,01,23152,A,N,E,I,A,B,H,-,B,D,0,,,,,Y,Y,A,07,0,1,0,0,0,0,0,0,0,"- ","- ",37.733219146728516,-122.41181945800781,"SAN FRANCISCO","SAN FRANCISCO",-122.41188049316406,37.733303070068359
92345041,2023,2024-03-22,9335,2023-12-30,2300,022860,,6,3,7,3801,0,1,2,,2,014,"US-101 N/B","22RD STREET OVERCROSSING",400.00,N,N,A,-,Y,SF,,101," "," ",3.601,H,,R,Y,2,0,3,2,A,-,01,23152,A,N,C,C,A,A,H,-,D,D,0,,,,,Y,Y,A,01,2,0,1,0,0,0,0,0,0,"- ","- ",37.757789611816406,-122.40426635742188,"SAN FRANCISCO","SAN FRANCISCO",-122.40424346923828,37.7578125
92345376,2024,2024-03-25,9335,2024-02-21,1340,023592,,3,1,7,3801,0,2,S,,2,901,"BRANNAN STREET","9TH STREET",100.00,W,N,B,-,N,,,,,,,,,,N,4,0,1,2,A,-,21,22106,,N,C,C,A,B,H,-,A,A,0,,,,Y,Y,,F,26,0,0,1,0,0,0,0,0,0,"- ","- ",37.769798278808594,-122.4073486328125,"SAN FRANCISCO","SAN FRANCISCO",-122.40723419189453,37.769866943359375
92345403,2023,2024-03-25,9335,2023-12-10,"357 ",022860,,7,3,7,3801,0,1,1,,1,083,"I-80 E/B","TREASURE ISLAND ROAD",3000.00,W,N,A,-,Y,SF,,80," "," ",7.126,H,,R,Y,2,0,3,3,C,-,18,,,N,E,C,E,A,H,-,D,D,0,Y,,,,Y,,-,"- ",2,1,0,0,1,0,0,0,0,"- ","- ",37.802330017089844,-122.37332153320312,"SAN FRANCISCO","SAN FRANCISCO",-122.37325286865234,37.802284240722656
92345404,2023,2024-03-25,9335,2023-12-10,"355 ",022860,,7,3,7,3801,0,1,1,,1,083,"I-80 E/B","TREASURE ISLAND ROAD",3200.00,W,N,A,-,Y,SF,,80," "," ",7.119,H,,R,Y,2,0,2,2,A,-,03,22350,,N,C,C,A,A,H,-,D,D,0,,,,,Y,,A,01,1,1,0,0,0,0,0,0,0,"- ","- ",37.802291870117188,-122.37346649169922,"SAN FRANCISCO","SAN FRANCISCO",-122.37334442138672,37.802204132080078
92347202,2024,2024-03-26,9350,2024-03-17,"950 ",023700,,7,1,7,3801,0,1,2,,2,020,"US-101 SOUTHBOUND","LINCOLN BLVD",435.00,N,N,A,-,Y,,,,,,,,,,N,4,0,1,1,A,-,03,22350,,N,E,I,A,A,H,-,A,D,0,,,,,Y,,A,01,0,0,1,0,0,0,0,0,0,"- ","- ",37.807209014892578,-122.47577667236328,"SAN FRANCISCO","SAN FRANCISCO",-122.47577667236328,37.807209014892578
92347247,2024,2024-03-26,9335,2024-03-14,1125,023357,,4,1,7,3801,0,1,1,,1,081,"I-80 W/B","TREASURE ISLAND RD",5069.00,W,N,A,-,Y,SF,,80," "," ",6.772,H,,L,N,3,0,3,3,A,-,03,22350,,N,C,C,A,A,H,-,A,D,0,,,,,Y,,A,01,0,2,1,0,0,0,0,0,0,"- ","- ",37.798370361328125,-122.3775634765625,"SAN FRANCISCO","SAN FRANCISCO",-122.37751770019531,37.798343658447266
92347309,2024,2024-03-26,9335,2024-03-11,"350 ",023464,,1,3,7,3801,0,1,1,,2,024,"I-280 S/B","16TH STREET UNDERCROSSING",170.00,N,N,A,-,Y,SF,,280," ",R,6.921,H,,L,Y,4,0,1,2,A,-,07,21658,A,N,B,C,A,B,H,-,D,D,0,,,,,Y,,A,01,0,0,1,0,0,0,0,0,0,"- ","- ",37.766979217529297,-122.39541625976562,"SAN FRANCISCO","SAN FRANCISCO",-122.39543151855469,37.7669677734375
92347485,2024,2024-03-26,9335,2024-02-16,1155,023474,,5,1,7,3801,0,1,2,,2,013,"US-101 NB","CORTLAND AVE",570.00,S,N,A,-,Y,SF,,101," "," ",2.390,H,,R,Y,4,0,4,4,A,-,07,21658,A,N,B,C,A,A,H,-,A,D,0,,,,,Y,,A,01,0,0,4,0,0,0,0,0,0,"- ","- ",37.7412109375,-122.40762329101562,"SAN FRANCISCO","SAN FRANCISCO",-122.40758514404297,37.741199493408203
92347534,2024,2024-03-26,9335,2024-03-17,"100 ",023121,,7,3,7,3801,0,1,1,,1,083,"I-80 WESTBOUND","CECTER ANCHORAGE",420.00,W,N,A,-,Y,SF,,80," "," ",6.660,H,,L,N,4,0,1,3,A,-,08,22107,,N,B,2,A,A,H,-,C,D,0,,,,,Y,,A,01,0,0,1,0,0,0,0,0,0,"- ","- ",37.797191619873047,-122.3790283203125,"SAN FRANCISCO","SAN FRANCISCO",-122.37888336181641,37.797092437744141
92347790,2024,2024-03-26,9335,2024-03-16,2050,023654,,6,2,7,3801,0,1,2,,2,013,"US-101 S/B","CESAR CHAVEZ STREET",1584.00,N,N,B,-,Y,SF,,101," "," ",3.332,H,,L,N,4,0,1,2,A,-,03,22350,,N,C,C,A,A,H,-,B,D,0,,,,,Y,,A,01,0,0,1,0,0,0,0,0,0,"- ","- ",37.754009246826172,-122.40316772460938,"SAN FRANCISCO","SAN FRANCISCO",-122.40309906005859,37.754013061523438
92347858,2024,2024-03-27,9335,2024-03-16,"35  ",023366,,6,3,7,3801,0,1,1,,1,083,"I-80 E/B","BEALE ST",170.00,W,N,A,-,Y,,,,,,,,,,N,4,0,1,2,A,-,07,21658,A,N,B,C,A,A,H,-,C,D,0,,,,,Y,,A,01,0,0,1,0,0,0,0,0,0,"- ","- ",37.786350250244141,-122.39006805419922,"SAN FRANCISCO","SAN FRANCISCO",-122.39019012451172,37.786495208740234
92348444,2024,2024-03-27,9335,2024-03-24,1309,019581,,7,1,7,3801,0,1,1,,2,080,"I-80 W/B","3RD ST.",350.00,E,N,A,-,Y,SF,,80," "," ",5.306,H,,L,N,4,0,1,2,A,-,03,22350,,N,C,C,A,A,H,-,A,D,0,,,,,Y,,A,01,0,0,1,0,0,0,0,0,0,"- ","- ",37.782760620117188,-122.39585113525391,"SAN FRANCISCO","SAN FRANCISCO",-122.39590454101562,37.782806396484375
92348754,2023,2024-03-27,9335,2023-11-02,1950,022860,,4,2,7,3801,0,1,1,,2,024,"I-280 N/B","16TH ST UNDERCROSSING",430.00,N,N,A,-,Y,SF,,280," ",R,6.956,H,,R,N,4,0,1,2,A,-,03,22350,,N,C,C,A,A,H,-,C,D,0,,,,,Y,,M,94,0,0,1,0,0,0,0,0,0,"- ","- ",37.767528533935547,-122.39553833007812,"SAN FRANCISCO","SAN FRANCISCO",-122.39558410644531,37.767494201660156
92348808,2024,2024-03-27,9335,2024-03-26,"845 ",022703,,2,1,7,3801,0,1,1,,1,081,"I-80 WESTBOUND","NORTHGATE ROAD",265.00,E,N,A,-,Y,SF,,80," ",R,8.156,H,,L,N,4,0,1,2,A,-,03,22350,,M,C,C,A,A,H,-,A,D,0,,,,,Y,,-,99,0,0,1,0,0,0,0,0,0,"- ","- ",37.814048767089844,-122.36119079589844,"SAN FRANCISCO","SAN FRANCISCO",-122.36122894287109,37.814090728759766
92348946,2023,2024-03-28,9335,2023-11-07,1750,023366,,2,2,7,3801,0,1,2,,2,014,"US-101 S/B","CESAR CHAVEZ ST",196.00,N,N,A,-,Y,SF,,101," "," ",3.046,H,,L,Y,4,0,2,4,A,-,03,22350,,N,C,C,A,A,H,-,C,D,0,,,,,Y,,A,01,0,0,2,0,0,0,0,0,0,"- ","- ",37.749980926513672,-122.40370178222656,"SAN FRANCISCO","SAN FRANCISCO",-122.40362548828125,37.749965667724609
92348953,2023,2024-03-28,9335,2023-11-13,1605,023367,,1,2,7,3801,0,1,2,,2,015,"US-101 N/B TO MISSION STREET","MISSION STREET",420.00,S,N,A,-,Y,SF,,101," ",M,5.142,H,,R,N,4,0,1,2,A,-,03,22350,,N,C,C,A,A,H,-,B,A,0,,,,,Y,,A,01,0,0,1,0,0,0,0,0,0,"- ","- ",37.770061492919922,-122.41832733154297,"SAN FRANCISCO","SAN FRANCISCO",-122.41835021972656,37.76995849609375
92350022,2023,2024-03-29,9335,2023-11-02,1845,022860,,4,2,7,3801,0,1,2,,2,013,"US-101 N/B","CORTLAND AVE UNDERCROSSING",170.00,S,N,A,-,Y,SF,,101," "," ",2.240,H,,R,N,4,0,1,3,A,-,03,22350,,N,C,C,A,A,H,-,B,D,0,,,,,Y,,A,01,0,0,1,0,0,0,0,0,0,"- ","- ",37.739120483398438,-122.40802764892578,"SAN FRANCISCO","SAN FRANCISCO",-122.40800476074219,37.739120483398438
92350032,2023,2024-03-29,9335,2023-11-09,1055,018804,,4,1,7,3801,0,1,1,,2,023,"I-280 S/B","FARALLONES ST. PEDESTRIAN OVERCROSSING",600.00,N,N,A,-,Y,SF,,280," ",R,1.180,H,,L,N,4,0,1,2,A,-,00,21960,A,M,G,B,D,A,H,-,A,D,0,Y,,,,Y,,-,"- ",0,0,1,0,1,0,0,0,0,"- ","- ",37.714920043945312,-122.45050048828125,"SAN FRANCISCO","SAN FRANCISCO",-122.45049285888672,37.714912414550781
92350293,2024,2024-03-29,9335,2024-03-28,1521,021424,,4,2,7,3801,0,1,1,,2,023,"I-280 N/B","MISSION ST",315.00,S,N,A,-,Y,SF,,280," ",R,3.041,H,,R,N,3,0,2,2,A,-,03,22350,,N,C,C,A,A,H,-,A,D,0,,,,,Y,,A,01,0,2,0,0,0,0,0,0,0,"- ","- ",37.732139587402344,-122.42945098876953,"SAN FRANCISCO","SAN FRANCISCO",-122.42945861816406,37.732093811035156
92350306,2024,2024-03-29,9335,2024-03-09,"136 ",023483,,6,3,7,3801,0,1,1,,1,083,"I-80 EASTBOUND","FOREST HILL ROAD",1360.00,E,N,A,-,Y,SF,,80," ",R,8.029,H,,R,Y,4,0,1,2,A,-,03,22350,,F,C,C,A,A,H,-,C,D,0,,,,,Y,,-,99,0,0,1,0,0,0,0,0,0,"- ","- ",37.812431335449219,-122.36254119873047,"SAN FRANCISCO","SAN FRANCISCO",-122.36270141601562,37.812568664550781
92350344,2024,2024-03-29,9335,2024-03-28,1520,021424,,4,2,7,3801,0,1,1,,2,023,"I-280 N/B","MISSION ST",300.00,S,N,A,-,Y,SF,,280," ",R,3.045,H,,R,N,3,0,1,1,A,-,08,22107,,N,F,A,A,A,H,-,A,D,0,,,Y,,Y,,C,02,0,1,0,0,0,0,0,0,1,"- ","- ",37.732128143310547,-122.42936706542969,"SAN FRANCISCO","SAN FRANCISCO",-122.42938232421875,37.732082366943359
92350847,2023,2024-03-29,9335,2023-12-30,"840 ",023366,,6,1,7,3801,0,1,1,,1,081,"I-80 W/B","TREASURE ISLAND RD",2376.00,W,N,C,-,Y,SF,,80," "," ",7.285,H,,L,Y,4,0,5,7,A,-,03,22350,,N,C,C,A,B,H,-,A,D,0,,,,,Y,,-,"- ",0,0,5,0,0,0,0,0,0,"- ","- ",37.804191589355469,-122.37153625488281,"SAN FRANCISCO","SAN FRANCISCO",-122.37135314941406,37.804065704345703
92350915,2024,2024-04-01,9335,2024-03-19,1433,023593,,2,2,7,3801,0,1,1,,1,083,"I-80 E/B","CECTER ANCHORAGE",47.00,W,N,A,-,Y,SF,,80," "," ",6.744,H,,R,Y,4,0,1,2,A,-,03,22350,,N,C,C,A,A,H,-,A,D,0,,,Y,,Y,,C,02,0,0,1,0,0,0,0,0,1,"- ","- ",37.798141479492188,-122.37803649902344,"SAN FRANCISCO","SAN FRANCISCO",-122.37786865234375,37.798023223876953
92351147,2024,2024-04-01,9335,2024-03-25,2240,023483,,1,3,7,3801,0,1,2,,2,015,"US-101 S/B TO I-80 E/B","DIVISION STREET UNDERCROSSING",85.00,S,N,A,-,Y,SF,,80," ",L,4.115,H,,R,Y,4,0,1,1,A,-,03,22350,,N,E,I,A,A,H,-,C,D,0,,,,,Y,,A,07,0,0,1,0,0,0,0,0,0,"- ","- ",37.769989013671875,-122.40538024902344,"SAN FRANCISCO","SAN FRANCISCO",-122.40542602539062,37.769989013671875
92351328,2024,2024-04-01,9335,2024-03-22,1100,023167,,5,1,7,3801,0,1,1,,2,023,"I-280 S/B","JUSTIN DR",680.00,N,N,A,-,Y,SF,,280," ",R,3.359,H,,L,Y,4,0,2,3,A,-,07,21658,A,M,B,2,A,A,H,-,A,D,0,,,,,Y,,A,01,0,0,2,0,0,0,0,0,0,"- ","- ",37.731620788574219,-122.42365264892578,"SAN FRANCISCO","SAN FRANCISCO",-122.42363739013672,37.731544494628906
92351348,2024,2024-04-01,9335,2024-03-11,"115 ",023366,,1,3,7,3801,0,1,1,,1,083,"I-80 E/B",DIVISION,90.00,W,N,C,-,Y,SF,,80," "," ",4.053,H,,R,Y,4,0,1,1,A,-,08,22107,,N,E,I,A,B,F,-,C,D,0,,,,,Y,,-,"- ",0,0,1,0,0,0,0,0,0,"- ","- ",37.769168853759766,-122.40512084960938,"SAN FRANCISCO","SAN FRANCISCO",-122.40516662597656,37.769168853759766
92351399,2024,2024-04-01,9335,2024-03-26,1700,022860,,2,2,7,3801,0,1,1,,2,022,"I-280 S/B","GENEVA AVE OVERCROSSING",1160.00,S,N,A,-,Y,SF,,280," ",R,1.432,H,,L,Y,4,0,2,3,A,-,03,22350,,N,C,C,A,A,H,-,A,D,0,,,,,Y,,A,07,0,0,2,0,0,0,0,0,0,"- ","- ",37.71807861328125,-122.44869995117188,"SAN FRANCISCO","SAN FRANCISCO",-122.44862365722656,37.718074798583984
92351855,2024,2024-04-02,9335,2024-03-29,2035,023118,,5,2,7,3801,0,1,2,,2,013,"US-101 S/B TO SAN BRUNO AVENUE","SAN BRUNO AVENUE",15.00,S,N,B,C,Y,,,,,,,,,,N,4,0,2,2,A,-,03,22350,,N,C,C,A,B,H,-,D,D,0,,,,,Y,,A,07,0,0,2,0,0,0,0,0,0,"- ","- ",37.731311798095703,-122.40499114990234,"SAN FRANCISCO","SAN FRANCISCO",-122.40499114990234,37.731311798095703
92351857,2024,2024-04-02,9335,2024-03-30,"525 ",023167,,6,3,7,3801,0,1,1,,2,080,"I-80 W/B TO 5TH STREET","5TH STREET",230.00,E,N,B,-,Y,SF,,80," "," ",4.886,H,,L,N,4,0,1,1,A,-,03,22350,,N,E,I,A,B,H,-,C,D,0,,,,,Y,,A,01,0,0,1,0,0,0,0,0,0,"- ","- ",37.779010772705078,-122.40054321289062,"SAN FRANCISCO","SAN FRANCISCO",-122.40067291259766,37.779109954833984
92351862,2024,2024-04-02,9335,2024-03-29,1005,023558,,5,1,7,3801,0,1,1,,2,080,"I-80 E/B","5TH STREET UNDERCROSSING",350.00,E,N,B,C,Y,SF,,80," "," ",4.905,H,,R,N,4,0,1,2,A,-,08,22107,,N,C,C,A,B,H,-,A,D,0,,,,,Y,,A,07,0,0,1,0,0,0,0,0,0,"- ","- ",37.77899169921875,-122.39998626708984,"SAN FRANCISCO","SAN FRANCISCO",-122.39999389648438,37.77899169921875
92352334,2024,2024-04-02,9335,2024-04-01,2140,023044,,1,2,7,3801,0,1,1,,2,080,"I-80 WESTBOUND","BRANNAN STREET",54.00,E,N,A,-,Y,SF,,80," "," ",4.196,H,,L,Y,4,0,1,2,A,-,03,22350,,N,C,C,A,A,H,-,C,D,0,,,,,Y,,A,01,0,0,1,0,0,0,0,0,0,"- ","- ",37.771129608154297,-122.40611267089844,"SAN FRANCISCO","SAN FRANCISCO",-122.40616607666016,37.771114349365234
92352600,2024,2024-04-02,9335,2024-03-16,"415 ",023378,,6,3,7,3801,0,1,1,,2,022,I-280,"LYELL ST",190.00,N,N,A,-,Y,SF,,280," ",R,2.911,H,,R,Y,3,0,2,2,C,-,18,,,N,D,C,A,A,H,-,D,D,0,,,,,Y,,-,"- ",0,2,0,0,0,0,0,0,0,"- ","- ",37.732231140136719,-122.43177795410156,"SAN FRANCISCO","SAN FRANCISCO",-122.43175506591797,37.732109069824219
92352635,2024,2024-04-02,9335,2024-03-05,"628 ",022703,,2,1,7,3801,0,1,1,,1,081,"I-80 WESTBOUND","THE EMBARCADERO",4440.00,E,N,B,-,Y,SF,,80," "," ",6.727,H,,L,Y,4,0,1,2,A,-,03,22350,,F,C,C,A,B,H,-,B,D,0,,,Y,,Y,,C,02,0,0,1,0,0,0,0,0,1,"- ","- ",37.797920227050781,-122.37818908691406,"SAN FRANCISCO","SAN FRANCISCO",-122.37806701660156,37.797836303710938
92352665,2024,2024-04-02,9335,2024-03-16,"414 ",023378,,6,3,7,3801,0,1,1,,2,022,"I-280 S/B","LYELL ST UNDERCROSSING",190.00,N,N,A,-,Y,SF,,280," ",R,2.946,H,,L,Y,3,0,1,1,A,-,08,22107,,N,E,I,A,A,H,-,D,D,0,,,,,Y,,-,"- ",0,1,0,0,0,0,0,0,0,"- ","- ",37.732269287109375,-122.43112945556641,"SAN FRANCISCO","SAN FRANCISCO",-122.43113708496094,37.73236083984375
92353140,2024,2024-04-02,9335,2024-02-26,1715,023592,,1,2,7,3801,0,1,1,,1,083,"I-80 E/B","BEALE STREET U/C",750.00,W,N,A,-,Y,SF,,80," "," ",5.579,H,,R,Y,4,0,1,2,A,-,07,21658,A,N,B,C,A,A,H,-,A,D,0,,,Y,,Y,,A,07,0,0,1,0,0,0,0,0,1,"- ","- ",37.785240173339844,-122.39212799072266,"SAN FRANCISCO","SAN FRANCISCO",-122.39212036132812,37.785232543945312
92356622,2024,2024-04-05,9335,2024-04-01,1128,023118,,1,1,7,3801,0,1,2,,2,014,"US-101 N/B","23RD ST",322.00,S,N,A,-,Y,SF,,101," "," ",3.301,H,,R,Y,4,0,1,2,A,-,03,22350,,N,C,C,A,A,H,-,A,D,0,,,,Y,Y,,A,01,0,0,1,0,0,0,0,0,0,"- ","- ",37.753570556640625,-122.40281677246094,"SAN FRANCISCO","SAN FRANCISCO",-122.40284729003906,37.753566741943359
92356970,2024,2024-04-05,9335,2024-04-03,1039,023167,,3,1,7,3801,0,1,2,,2,015,"US-101 S/B","FOLSOM ST",180.00,S,N,A,-,Y,SF,,101," ",R,4.946,H,,L,Y,4,0,3,4,A,-,03,22350,,N,C,2,A,A,H,-,A,D,0,,,,,Y,,A,01,0,0,3,0,0,0,0,0,0,"- ","- ",37.769489288330078,-122.41488647460938,"SAN FRANCISCO","SAN FRANCISCO",-122.41488647460938,37.769500732421875
92357062,2023,2024-04-05,9335,2023-11-17,"747 ",022860,,5,1,7,3801,0,1,2,,2,013,"US-101 S/B","FAITH STREET PEDESTRIAN OVERCROSSING",1000.00,S,N,A,-,Y,SF,,101," "," ",2.418,H,,L,N,4,0,1,2,A,-,07,21658,A,M,B,C,A,A,H,-,A,D,0,,,,,Y,,-,99,0,0,1,0,0,0,0,0,0,"- ","- ",37.741600036621094,-122.40757751464844,"SAN FRANCISCO","SAN FRANCISCO",-122.40760040283203,37.741607666015625
92357619,2024,2024-04-05,9335,2024-03-17,"233 ",023464,,7,3,7,3801,0,1,2,,2,014,"US-101 SOUTHBOUND","25TH ST UNDERCROSSING",219.00,S,N,A,-,Y,SF,,101," "," ",3.143,H,,L,Y,3,0,2,2,A,-,01,23153,A,M,D,C,A,A,H,-,C,D,0,,,,,Y,Y,A,07,0,1,1,0,0,0,0,0,0,"- ","- ",37.751350402832031,-122.4034423828125,"SAN FRANCISCO","SAN FRANCISCO",-122.40318298339844,37.751316070556641
92357929,2024,2024-04-08,9335,2024-03-26,1700,023603,,2,2,7,3801,0,1,2,,2,014,"US-101 N/B","18TH ST. PEDESTRIAN OVERCROSSING",75.00,S,N,A,-,Y,SF,,101," "," ",3.944,H,,R,Y,4,0,1,2,A,-,07,21658,A,N,B,C,A,A,H,-,A,D,0,,,Y,,Y,,-,"- ",0,0,1,0,0,0,0,0,1,"- ","- ",37.761951446533203,-122.40580749511719,"SAN FRANCISCO","SAN FRANCISCO",-122.40576171875,37.761932373046875
92358417,2023,2024-04-08,9335,2023-11-15,"55  ",023167,,3,3,7,3801,0,1,2,,2,015,"I-80 E/B FROM US-101 S/B","BRANNAN ST",260.00,N,N,A,-,Y,SF,,80," "," ",4.136,H,,R,N,4,0,1,1,A,-,01,23152,A,N,E,I,A,A,H,-,C,D,0,,,,,Y,Y,A,01,0,0,1,0,0,0,0,0,0,"- ","- ",37.770309448242188,-122.40544128417969,"SAN FRANCISCO","SAN FRANCISCO",-122.4053955078125,37.770320892333984
92358884,2024,2024-04-08,9335,2024-04-08,"347 ",023489,,1,3,7,3801,0,1,1,,1,081,"I-80 W/B","MAIN STREET UNDER-CROSSING",282.00,E,N,A,-,Y,SF,,80," "," ",5.850,H,,L,Y,4,0,1,2,A,-,03,22350,,N,C,C,A,A,H,-,C,D,0,,,,,Y,,A,01,0,0,1,0,0,0,0,0,0,"- ","- ",37.788089752197266,-122.388671875,"SAN FRANCISCO","SAN FRANCISCO",-122.38868713378906,37.788101196289062