CASE_ID,ACCIDENT_YEAR,PROC_DATE,JURIS,COLLISION_DATE,COLLISION_TIME,OFFICER_ID,REPORTING_DISTRICT,DAY_OF_WEEK,CHP_SHIFT,POPULATION,CNTY_CITY_LOC,SPECIAL_COND,BEAT_TYPE,CHP_BEAT_TYPE,CITY_DIVISION_LAPD,CHP_BEAT_CLASS,BEAT_NUMBER,PRIMARY_RD,SECONDARY_RD,DISTANCE,DIRECTION,INTERSECTION,WEATHER_1,WEATHER_2,STATE_HWY_IND,CALTRANS_COUNTY,CALTRANS_DISTRICT,STATE_ROUTE,ROUTE_SUFFIX,POSTMILE_PREFIX,POSTMILE,LOCATION_TYPE,RAMP_INTERSECTION,SIDE_OF_HWY,TOW_AWAY,COLLISION_SEVERITY,NUMBER_KILLED,NUMBER_INJURED,PARTY_COUNT,PRIMARY_COLL_FACTOR,PCF_CODE_OF_VIOL,PCF_VIOL_CATEGORY,PCF_VIOLATION,PCF_VIOL_SUBSECTION,HIT_AND_RUN,TYPE_OF_COLLISION,MVIW,PED_ACTION,ROAD_SURFACE,ROAD_COND_1,ROAD_COND_2,LIGHTING,CONTROL_DEVICE,CHP_ROAD_TYPE,PEDESTRIAN_ACCIDENT,BICYCLE_ACCIDENT,MOTORCYCLE_ACCIDENT,TRUCK_ACCIDENT,NOT_PRIVATE_PROPERTY,ALCOHOL_INVOLVED,STWD_VEHTYPE_AT_FAULT,CHP_VEHTYPE_AT_FAULT,COUNT_SEVERE_INJ,COUNT_VISIBLE_INJ,COUNT_COMPLAINT_PAIN,COUNT_PED_KILLED,COUNT_PED_INJURED,COUNT_BICYCLIST_KILLED,COUNT_BICYCLIST_INJURED,COUNT_MC_KILLED,COUNT_MC_INJURED,PRIMARY_RAMP,SECONDARY_RAMP,LATITUDE,LONGITUDE,COUNTY,CITY,POINT_X,POINT_Y
92359229,2024,2024-04-09,9335,2024-04-08,1705,023119,,1,2,7,3801,0,1,1,,2,023,"I-280 N/B FROM US-101 N/B","SILVER AVE",206.00,N,N,A,-,Y,,,,,,,,,,N,3,0,1,1,A,-,03,22350,,N,E,J,A,A,H,-,A,D,0,,,Y,,Y,,C,02,0,1,0,0,0,0,0,0,1,"- ","- ",37.733558654785156,-122.40505218505859,"SAN FRANCISCO","SAN FRANCISCO",,
92359987,2024,2024-04-09,9335,2024-03-16,1315,022860,,6,1,7,3801,0,1,1,,1,081,"I-80 W/B TO FREMONT STREET","BEALE ST UNDERCROSSING",775.00,W,N,A,-,Y,SF,,80," "," ",5.573,H,,L,N,4,0,1,2,A,-,03,22350,,M,C,C,A,A,H,-,A,D,0,,,,,Y,,-,99,0,0,1,0,0,0,0,0,0,"- ","- ",37.785331726074219,-122.39232635498047,"SAN FRANCISCO","SAN FRANCISCO",-122.3922119140625,37.785186767578125
92360051,2024,2024-04-09,9335,2024-01-05,2200,023379,,5,3,7,3801,0,1,2,,2,015,US-101,"DIVISION ST",540.00,S,N,A,-,Y,SF,,101," ",R,4.374,H,,R,Y,4,0,1,2,A,-,07,21658,A,F,B,C,A,A,H,-,C,D,0,,,Y,,Y,,-,99,0,0,1,0,0,0,0,0,1,"- ","- ",37.768028259277344,-122.40554046630859,"SAN FRANCISCO","SAN FRANCISCO",-122.40559387207031,37.768001556396484
92363846,2023,2024-04-15,9335,2023-11-12,"405 ",023067,,7,3,7,3801,0,1,1,,1,083,"I-80 E/B","TREASURE ISLAND RD",10040.00,W,N,A,-,Y,SF,,80," "," ",7.522,H,,R,Y,4,0,1,4,A,-,03,22350,,F,C,C,A,A,H,-,C,D,0,,,,,Y,Y,A,01,0,0,1,0,0,0,0,0,0,"- ","- ",37.806800842285156,-122.36865234375,"SAN FRANCISCO","SAN FRANCISCO",-122.36852264404297,37.806713104248047
92363854,2023,2024-04-15,9335,2023-11-18,"424 ",023312,,6,3,7,3801,0,1,1,,1,081,"I-80 W/B","4TH ST U/C",243.00,E,N,B,C,Y,SF,,80," "," ",5.117,H,,L,Y,3,0,1,1,A,-,08,22107,,N,F,I,A,B,H,-,C,D,0,,,,,Y,,A,08,0,1,0,0,0,0,0,0,0,"- ","- ",37.780879974365234,-122.39827728271484,"SAN FRANCISCO","SAN FRANCISCO",-122.39838409423828,37.780960083007812
92363902,2024,2024-04-15,9335,2024-01-14,"235 ",023121,,7,3,7,3801,0,1,1,,2,022,"I-280 SOUTHBOUND","GENEVA AVENUE",260.00,S,N,C,-,Y,SF,,280," ",R,1.597,H,,L,N,4,0,1,2,A,-,03,22350,,M,C,2,A,B,H,-,D,D,0,,,,,Y,Y,-,99,0,0,1,0,0,0,0,0,0,"- ","- ",37.720531463623047,-122.44830322265625,"SAN FRANCISCO","SAN FRANCISCO",-122.44832611083984,37.720531463623047
92363904,2023,2024-04-15,9335,2023-11-19,1545,022860,,7,2,7,3801,0,1,2,,2,013,"US-101 S/B","CORTLAND AVE UNDERCROSSING",410.00,N,N,A,-,Y,SF,,101," "," ",2.358,H,,L,N,4,0,1,2,A,-,06,21755,A,M,C,C,A,A,H,-,A,D,0,,,Y,,Y,,A,07,0,0,1,0,0,0,0,0,1,"- ","- ",37.740798950195312,-122.40789031982422,"SAN FRANCISCO","SAN FRANCISCO",-122.40791320800781,37.740802764892578
92365975,2024,2024-04-17,9335,2024-04-08,"610 ",019914,,1,1,7,3801,0,1,1,,1,081,"I-80 WB","BEALE ST U/C",10.00,W,N,A,-,Y,SF,,80," "," ",5.705,H,,L,N,4,0,1,2,A,-,03,22350,,M,C,C,A,A,H,-,E,D,0,,,,,Y,,-,99,0,0,1,0,0,0,0,0,0,"- ","- ",37.786468505859375,-122.39041137695312,"SAN FRANCISCO","SAN FRANCISCO",-122.39044189453125,37.786491394042969
92367018,2024,2024-04-17,9335,2024-04-06,1700,023593,,6,2,7,3801,0,1,2,,2,013,"US-101 NORTHBOUND","PAUL AVE UNDERCROSSING",90.00,S,N,A,-,Y,SF,,101," "," ",1.139,H,,R,Y,4,0,1,3,A,-,03,22350,,N,C,C,A,A,H,-,A,D,0,,,,,Y,,A,01,0,0,1,0,0,0,0,0,0,"- ","- ",37.723930358886719,-122.40116882324219,"SAN FRANCISCO","SAN FRANCISCO",-122.40116882324219,37.723930358886719
92367571,2024,2024-04-18,9335,2024-03-05,"50  ",023592,,2,3,7,3801,0,1,2,,2,013,"US-101 N/B TO I-80 E/B","16TH ST",25.00,N,N,A,-,Y,SF,,101," "," ",4.237,H,,R,Y,4,0,1,1,A,-,08,22107,,N,E,8,A,A,H,-,C,D,0,,,,,Y,,A,07,0,0,1,0,0,0,0,0,0,"- ","- ",37.766120910644531,-122.40495300292969,"SAN FRANCISCO","SAN FRANCISCO",-122.40505218505859,37.76611328125
92368265,2024,2024-04-18,9335,2024-04-08,1545,023504,,1,2,7,3801,0,1,2,,2,013,"US 101 SB","FAITH STREET PEDESTRIAN OVERCROSS",325.00,S,N,A,-,Y,SF,,101," "," ",2.550,H,,L,N,4,0,1,2,A,-,08,22107,,N,B,C,A,A,H,-,A,D,0,,,,,Y,,A,01,0,0,1,0,0,0,0,0,0,"- ","- ",37.743209838867188,-122.40643310546875,"SAN FRANCISCO","SAN FRANCISCO",-122.40644073486328,37.743213653564453
92368688,2024,2024-04-19,9335,2024-04-10,1630,023592,,3,2,7,3801,0,1,2,,2,013,"US-101 S/B","ALEMANY BLVD U/C",140.00,N,N,A,-,Y,SF,,101," "," ",2.175,H,,L,Y,4,0,1,1,A,-,08,22107,,N,E,I,A,A,H,-,A,D,0,,,,,Y,,A,07,0,0,1,0,0,0,0,0,0,"- ","- ",37.738151550292969,-122.40818786621094,"SAN FRANCISCO","SAN FRANCISCO",-122.40808868408203,37.7381591796875
92368696,2024,2024-04-19,9335,2024-04-10,1340,023504,,3,1,7,3801,0,1,2,,2,013,"US-101 SB","ALEMANY BOULEVARD",160.00,N,N,A,-,Y,SF,,101," "," ",2.178,H,,L,Y,4,0,1,1,A,-,08,22107,,N,E,8,A,A,H,-,A,D,0,,,,,Y,,A,01,0,0,1,0,0,0,0,0,0,"- ","- ",37.738189697265625,-122.408203125,"SAN FRANCISCO","SAN FRANCISCO",-122.40808868408203,37.738201141357422
92368835,2024,2024-04-19,9335,2024-04-11,"900 ",023536,,4,1,7,3801,0,1,2,,2,013,"US-101 SOUTHBOUND","THE PAUL AVE UNDERCROSSING",125.00,N,N,A,-,Y,SF,,101," "," ",1.161,H,,L,N,4,0,2,2,A,-,03,22350,,N,C,C,A,A,H,-,A,D,0,,,,,Y,,D,22,0,0,2,0,0,0,0,0,0,"- ","- ",37.724250793457031,-122.40164184570312,"SAN FRANCISCO","SAN FRANCISCO",-122.40158081054688,37.724266052246094
92369135,2024,2024-04-19,9335,2024-04-10,1505,023504,,3,2,7,3801,0,1,2,,2,014,"US 101 SB","22ND STREET PEDESTRIAN OVERCROSS",320.00,N,N,A,-,Y,SF,,101," "," ",3.581,H,,L,Y,4,0,1,4,A,-,03,22350,,N,C,C,A,A,H,-,A,D,0,,,,,Y,,A,01,0,0,1,0,0,0,0,0,0,"- ","- ",37.757621765136719,-122.40419769287109,"SAN FRANCISCO","SAN FRANCISCO",-122.40424346923828,37.757587432861328
92369173,2024,2024-04-19,9335,2024-04-12,2145,017331,,5,2,7,3801,0,1,1,,2,080,"I-80 W/B","8TH ST",1267.00,E,N,B,-,Y,SF,,80," "," ",4.570,H,,L,Y,4,0,1,2,A,-,03,22350,,N,C,C,A,B,H,-,C,D,0,,,,,Y,,A,01,0,0,1,0,0,0,0,0,0,"- ","- ",37.776130676269531,-122.40512084960938,"SAN FRANCISCO","SAN FRANCISCO",-122.40510559082031,37.776115417480469
92371126,2024,2024-04-22,9335,2024-04-13,"315 ",023121,,6,3,7,3801,0,1,2,,2,013,"US-101 NORTHBOUND","BAYSHORE BOULEVARD",2370.00,N,N,C,-,Y,SF,,101," "," ",1.048,H,,R,N,4,0,1,1,A,-,08,22107,,N,E,8,A,B,H,-,C,D,0,,,,,Y,,A,01,0,0,1,0,0,0,0,0,0,"- ","- ",37.722660064697266,-122.40081024169922,"SAN FRANCISCO","SAN FRANCISCO",-122.40066528320312,37.722694396972656
92371314,2024,2024-04-22,9335,2024-01-15,"30  ",023121,,1,3,7,3801,0,1,1,,2,080,"I-80 EASTBOUND","8TH STREET",147.00,W,N,A,-,Y,SF,,80," "," ",4.174,H,,R,Y,4,0,1,2,A,-,08,22107,,N,B,2,A,A,H,-,A,D,0,,,,,Y,Y,A,01,0,0,1,0,0,0,0,0,0,"- ","- ",37.770801544189453,-122.40567016601562,"SAN FRANCISCO","SAN FRANCISCO",-122.4056396484375,37.770809173583984
92371332,2024,2024-04-22,9335,2024-02-15,1200,023367,,4,1,7,3801,0,1,1,,1,081,"I-80 W/B","TREASURE ISLAND RD",650.00,W,N,A,-,Y,SF,,80," "," ",7.598,H,,L,N,4,0,3,2,A,-,03,22350,,F,C,C,A,A,H,-,A,D,0,,,,,Y,,-,99,0,0,3,0,0,0,0,0,0,"- ","- ",37.807720184326172,-122.36785125732422,"SAN FRANCISCO","SAN FRANCISCO",-122.36761474609375,37.807563781738281
92371338,2024,2024-04-22,9335,2024-04-13,2230,023366,,6,3,7,3801,0,1,1,,1,083,"I-80 E/B","NORTH GATE ROAD",1056.00,E,N,A,-,Y,SF,,80," ",R,8.329,H,,R,Y,2,0,3,2,A,-,01,23153,A,N,C,C,A,A,H,-,A,D,0,,,,,Y,Y,A,01,2,0,1,0,0,0,0,0,0,"- ","- ",37.815280914306641,-122.35835266113281,"SAN FRANCISCO","SAN FRANCISCO",-122.35836029052734,37.815296173095703
92371623,2024,2024-04-22,9335,2024-04-21,1325,023167,,7,1,7,3801,0,1,1,,2,023,"I-280 N/B TO US-101 N/B","ALEMANY BLVD",270.00,S,N,A,-,Y,SF,,101," "," ",2.098,H,,R,N,4,0,1,2,A,-,03,22350,,N,C,C,A,A,H,-,A,D,0,,,,,Y,,A,01,0,0,1,0,0,0,0,0,0,"- ","- ",37.737079620361328,-122.40753173828125,"SAN FRANCISCO","SAN FRANCISCO",-122.40766143798828,37.737052917480469
92373216,2024,2024-04-23,9335,2024-04-16,"905 ",022703,,2,1,7,3801,0,1,1,,1,081,"I-80 WESTBOUND","FOREST HILL ROAD",140.00,W,N,A,-,Y,SF,,80," "," ",7.776,H,,L,N,4,0,1,2,A,-,03,22350,,M,C,C,A,A,H,-,A,D,0,,,,,Y,,A,01,0,0,1,0,0,0,0,0,0,"- ","- ",37.809589385986328,-122.36550140380859,"SAN FRANCISCO","SAN FRANCISCO",-122.36557769775391,37.809646606445312
92374300,2024,2024-04-24,9335,2024-04-17,2255,023483,,3,3,7,3801,0,1,2,,2,013,"US-101 S/B FROM CESAR CHAVEZ STREET","CESAR CHAVEZ ST. UNDERCROSSING",430.00,S,N,A,-,Y,SF,,101," "," ",2.907,H,,L,Y,4,0,1,2,A,-,03,22350,,N,E,I,A,A,H,-,C,D,0,,,,,Y,,A,01,0,0,1,0,0,0,0,0,0,"- ","- ",37.748050689697266,-122.40438842773438,"SAN FRANCISCO","SAN FRANCISCO",-122.40425109863281,37.748020172119141
92375185,2024,2024-04-25,9335,2024-04-18,1055,023118,,4,1,7,3801,0,1,1,,2,023,"I-280 S/B","ALEMANY BOULEVARD OVERCROSSING SOUTH EDGE",45.00,S,N,A,-,Y,SF,,280," ",R,3.264,H,,L,Y,4,0,1,2,A,-,03,22350,,N,C,C,A,A,H,-,A,D,0,,,,,Y,,A,01,0,0,1,0,0,0,0,0,0,"- ","- ",37.731529235839844,-122.42537689208984,"SAN FRANCISCO","SAN FRANCISCO",-122.42537689208984,37.731559753417969
92375797,2024,2024-04-26,9350,2024-04-21,1318,022432,,7,1,7,3801,0,1,2,,2,020,"US-101 S/B","LINCOLN BLVD.",475.00,N,N,A,-,Y,,,,,,,,,,N,4,0,1,1,A,-,08,22107,,N,E,I,A,A,H,-,A,D,0,,,,,Y,Y,D,22,0,0,1,0,0,0,0,0,0,"- ","- ",37.807209014892578,-122.47576904296875,"SAN FRANCISCO","SAN FRANCISCO",-122.47480773925781,37.806438446044922
92376179,2024,2024-04-26,9335,2024-04-23,2000,023119,,2,2,7,3801,0,1,1,,2,024,"I-280 N/B","6TH STREET OFF RAMP PHYSICAL GORE POINT",326.00,N,N,A,-,Y,SF,,280," ",T,7.127,H,,R,Y,4,0,2,1,A,-,08,22107,,N,E,I,A,A,H,-,D,D,0,,,,,Y,,A,01,0,0,2,0,0,0,0,0,0,"- ","- ",37.769641876220703,-122.39762115478516,"SAN FRANCISCO","SAN FRANCISCO",-122.39731597900391,37.769676208496094
92376789,2024,2024-04-29,9335,2024-04-20,"212 ",023489,,6,3,7,3801,0,1,2,,2,013,"US-101 S/B","BACON STREET UNDER-CROSSING",535.00,N,N,A,-,Y,SF,,101," "," ",1.530,H,,L,Y,4,0,1,1,A,-,08,22107,,N,F,I,A,A,H,-,C,D,0,,,,,Y,,A,01,0,0,1,0,0,0,0,0,0,"- ","- ",37.729381561279297,-122.40360260009766,"SAN FRANCISCO","SAN FRANCISCO",-122.40365600585938,37.729362487792969
92376792,2024,2024-04-29,9335,2024-03-24,"126 ",023367,,7,3,7,3801,0,1,2,,2,013,"US-101 N/B","PAUL AVE",300.00,N,N,B,-,Y,SF,,101," "," ",1.179,H,,R,Y,4,0,1,1,A,-,08,22107,,N,E,I,A,B,H,-,C,D,0,,,,,Y,,A,07,0,0,1,0,0,0,0,0,0,"- ","- ",37.724521636962891,-122.40129852294922,"SAN FRANCISCO","SAN FRANCISCO",-122.40140533447266,37.724494934082031
92377877,2024,2024-04-30,9335,2024-04-19,1420,023367,,5,2,7,3801,0,1,2,,2,014,"US-101 S/B","25TH ST PEDESTRIAN BRIDGE OVERCROSSING",65.00,S,N,A,-,Y,SF,,101," "," ",3.203,H,,L,N,4,0,1,2,A,-,03,22350,,N,C,C,A,A,H,-,A,D,0,,,,,Y,,A,01,0,0,1,0,0,0,0,0,0,"- ","- ",37.752178192138672,-122.40306854248047,"SAN FRANCISCO","SAN FRANCISCO",-122.40304565429688,37.752178192138672
92377924,2024,2024-04-30,9335,2024-02-15,"750 ",023654,,4,1,7,3801,0,1,2,,2,013,"US-101 S/B","CESAR CHAVEZ STREET",3062.00,S,N,B,C,Y,SF,,101," "," ",2.396,H,,L,Y,4,0,1,3,A,-,03,22350,,M,C,C,A,B,H,-,B,D,0,,,,,Y,,A,01,0,0,1,0,0,0,0,0,0,"- ","- ",37.741298675537109,-122.40769195556641,"SAN FRANCISCO","SAN FRANCISCO",-122.40774536132812,37.741313934326172
92380342,2024,2024-05-02,9335,2024-02-16,1739,023489,,5,2,7,3801,0,1,1,,2,022,"I-280 NORTHBOUND FROM SAN JOSE AVENUE","SICKLES AVENUE UNDER-CROSSING",48.00,N,N,A,-,Y,SF,,280," ",R,0.800,H,,R,N,4,0,1,2,A,-,03,22350,,M,C,C,A,A,H,-,B,D,0,,,,,Y,,-,99,0,0,1,0,0,0,0,0,0,"- ","- ",37.710830688476562,-122.45523834228516,"SAN FRANCISCO","SAN FRANCISCO",-122.45535278320312,37.711002349853516
92381165,2024,2024-05-03,9335,2024-04-22,1635,023119,,1,2,7,3801,0,1,1,,2,022,"I-280 N/B","SAN JOSE AVE",822.00,S,N,A,-,Y,SF,,280," ",R,1.296,H,,R,N,4,0,1,2,A,-,07,21658,A,M,B,C,A,A,H,-,A,D,0,,,,,Y,,-,99,0,0,1,0,0,0,0,0,0,"- ","- ",37.716251373291016,-122.44907379150391,"SAN FRANCISCO","SAN FRANCISCO",-122.44905090332031,37.716243743896484
92381167,2024,2024-05-03,9335,2024-04-22,1223,023118,,1,1,7,3801,0,1,2,,2,014,"US-101 S/B","18TH STREET PEDESTRIAN BRIDGE SOUTH EDGE",520.00,S,N,A,-,Y,SF,,101," "," ",3.858,H,,L,Y,4,0,1,2,A,-,07,21658,A,N,C,C,A,A,H,-,A,D,0,,,,Y,Y,,F,56,0,0,1,0,0,0,0,0,0,"- ","- ",37.760860443115234,-122.40647888183594,"SAN FRANCISCO","SAN FRANCISCO",-122.40645599365234,37.760856628417969
92381174,2023,2024-05-03,9335,2023-11-13,"825 ",023367,,1,1,7,3801,0,1,1,,1,081,"I-80 W/B","CECTER ANCHORAGE",1521.00,W,N,A,-,Y,SF,,80," "," ",6.475,H,,L,Y,4,0,1,3,A,-,07,21658,A,F,C,C,A,A,H,-,A,D,0,,,Y,,Y,,-,99,0,0,1,0,0,0,0,0,1,"- ","- ",37.795101165771484,-122.38121032714844,"SAN FRANCISCO","SAN FRANCISCO",-122.38111877441406,37.795040130615234
92381329,2024,2024-05-03,9335,2024-04-25,2000,023593,,4,2,7,3801,0,1,1,,2,080,"I-80 EASTBOUND","MORRIS ST",169.00,E,N,A,-,Y,SF,,80," "," ",4.668,H,,R,N,4,0,1,2,A,-,07,21658,A,N,C,C,A,A,H,-,C,D,0,,,,,Y,,A,01,0,0,1,0,0,0,0,0,0,"- ","- ",37.776889801025391,-122.40337371826172,"SAN FRANCISCO","SAN FRANCISCO",-122.40339660644531,37.776927947998047
92382053,2024,2024-05-06,9335,2024-04-14,2315,023121,,7,3,7,3801,0,1,2,,2,014,"US-101 SOUTHBOUND","17TH STREET",10.00,N,N,A,-,Y,SF,,101," "," ",4.141,H,,L,Y,4,0,1,1,A,-,01,23152,A,N,E,8,A,A,H,-,C,D,0,,,,,Y,Y,A,07,0,0,1,0,0,0,0,0,0,"- ","- ",37.764739990234375,-122.40503692626953,"SAN FRANCISCO","SAN FRANCISCO",-122.4051513671875,37.764732360839844
92383561,2024,2024-05-07,9335,2024-05-06,"300 ",022860,,1,3,7,3801,0,1,1,,2,024,"I-280 S/B","THE NORTH ROADWAY EDGE OF 23RD STREET",30.00,S,N,A,-,Y,SF,,280," ",R,5.966,H,,L,Y,4,0,1,1,A,-,08,22107,,N,B,J,A,A,H,-,D,D,0,,,,,Y,,A,07,0,0,1,0,0,0,0,0,0,"- ","- ",37.755130767822266,-122.39232635498047,"SAN FRANCISCO","SAN FRANCISCO",-122.39218902587891,37.755157470703125
92384311,2024,2024-05-08,9335,2024-02-21,"905 ",023654,,3,1,7,3801,1,4,S,,2,901,"FELL STREET W/B","STEINER STREET",110.00,E,N,B,-,N,,,,,,,,,,N,4,0,1,2,A,-,21,22106,,F,B,C,A,A,H,-,A,D,0,,,,,Y,,-,99,0,0,1,0,0,0,0,0,0,"- ","- ",37.774688720703125,-122.43235778808594,"SAN FRANCISCO","SAN FRANCISCO",-122.43227386474609,37.774730682373047
92384757,2023,2024-05-08,9335,2023-11-01,"910 ",023489,,3,1,7,3801,0,1,2,,2,014,"US-101 S/B","CESAR CHAVEZ ST",1373.00,N,N,A,-,Y,SF,,101," "," ",3.275,H,,L,Y,3,0,1,2,A,-,07,21658,A,N,C,C,A,A,H,-,A,D,0,,,Y,,Y,,A,07,0,1,0,0,0,0,0,0,1,"- ","- ",37.753200531005859,-122.40296936035156,"SAN FRANCISCO","SAN FRANCISCO",-122.40302276611328,37.753196716308594
92386234,2024,2024-05-09,9335,2024-05-07,1230,022187,,2,1,7,3801,0,1,2,,2,014,"US-101 S/B","THE 23RD STREET OVER-CROSSING",358.00,S,N,A,-,Y,SF,,101," "," ",3.292,H,,L,N,3,0,2,3,A,-,03,22350,,N,C,C,A,A,H,-,A,D,0,,,,,Y,,D,22,0,1,1,0,0,0,0,0,0,"- ","- ",37.753448486328125,-122.40308380126953,"SAN FRANCISCO","SAN FRANCISCO",-122.40304565429688,37.753452301025391
92387432,2024,2024-05-13,9335,2024-04-27,"210 ",023379,,6,3,7,3801,0,1,2,,2,014,"US-101 S/B","23RD ST",332.00,S,N,A,-,Y,SF,,101," "," ",3.297,H,,L,Y,4,0,1,1,A,-,01,23152,A,N,E,I,A,A,H,-,C,D,0,,,,,Y,Y,A,07,0,0,1,0,0,0,0,0,0,"- ","- ",37.753509521484375,-122.40316772460938,"SAN FRANCISCO","SAN FRANCISCO",-122.40305328369141,37.753517150878906
92388568,2024,2024-05-13,9335,2024-05-04,1850,023558,,6,2,7,3801,0,1,1,,2,023,"I-280 S/B","ALEMANY BLVD OVERCROSSING",150.00,N,N,B,-,Y,SF,,280," ",R,3.310,H,,L,Y,4,0,1,2,A,-,08,22107,,N,B,2,A,A,H,-,A,D,0,,,,,Y,,A,01,0,0,1,0,0,0,0,0,0,"- ","- ",37.731510162353516,-122.42453002929688,"SAN FRANCISCO","SAN FRANCISCO",-122.42453002929688,37.731533050537109
92389230,2024,2024-05-14,9335,2024-05-06,2310,022596,,1,3,7,3801,0,1,1,,1,081,"I-80 W/B","BEALE STREET UNDERCROSSING",210.00,E,N,A,-,Y,SF,,80," "," ",5.767,H,,L,N,4,0,1,2,A,-,07,21658,A,M,B,C,A,A,H,-,C,D,0,,,,,Y,,-,99,0,0,1,0,0,0,0,0,0,"- ","- ",37.78717041015625,-122.38967895507812,"SAN FRANCISCO","SAN FRANCISCO",-122.38969421386719,37.787178039550781
9239141,2021,2021-04-20,3801,2021-03-25,1927,2727,NORTH,4,5,7,3801,0,0,0,,0,3E15D,"MARINA BL","BUCHANAN ST",0.00,,Y,A,-,N,,,,,,,,,,Y,4,0,1,2,A,-,09,21801,A,N,A,C,A,A,H,-,B,A,0,,,Y,,Y,,A,01,0,0,1,0,0,0,0,0,1,"- ","- ",,,"SAN FRANCISCO","SAN FRANCISCO",-122.43370819091797,37.805038452148438
9239142,2021,2021-04-23,3801,2021-03-25,1922,299,CENTR,4,5,7,3801,0,0,0,,0,3A4D,"THE EMBARCADERO","WASHINGTON ST",383.00,N,N,A,-,N,,,,,,,,,,N,3,0,1,1,-,-,"- ",,,N,H,A,A,A,-,-,A,D,0,,Y,,,Y,,L,04,0,1,0,0,0,0,1,0,0,"- ","- ",,,"SAN FRANCISCO","SAN FRANCISCO",-122.39631652832031,37.797504425048828
9239143,2021,2021-04-20,3801,2021-03-25,1905,335,TARAV,4,5,7,3801,0,0,0,,0,3I16D,"OCEAN AV","KEYSTONE WY",102.00,E,N,A,-,N,,,,,,,,,,Y,2,0,1,2,A,-,08,22107,,N,D,C,A,A,H,-,A,D,0,,,Y,,Y,,A,01,1,0,0,0,0,0,0,0,1,"- ","- ",,,"SAN FRANCISCO","SAN FRANCISCO",-122.46253204345703,37.725372314453125
9239144,2021,2021-04-20,3801,2021-03-31,2242,1402,SOUTH,3,5,7,3801,0,0,0,,0,3B15E,"9TH ST","HOWARD ST",0.00,,Y,A,-,N,,,,,,,,,,N,4,0,2,2,A,-,04,21703,,N,C,C,A,A,H,-,C,A,0,,,,,Y,,A,07,0,0,2,0,0,0,0,0,0,"- ","- ",,,"SAN FRANCISCO","SAN FRANCISCO",-122.41315460205078,37.774997711181641
9239145,2021,2021-04-20,3801,2021-03-14,1330,2163,NORTH,7,5,7,3801,0,0,0,,0,3E15D,"LAGUNA ST","UNION ST",0.00,,Y,B,-,N,,,,,,,,,,N,4,0,1,1,C,-,18,,,N,H,A,A,A,H,-,A,D,0,,Y,,,Y,,-,"- ",0,0,1,0,0,0,1,0,0,"- ","- ",,,"SAN FRANCISCO","SAN FRANCISCO",-122.4305419921875,37.797714233398438
9239146,2021,2021-04-20,3801,2021-03-14,1816,1148,MISSI,7,5,7,3801,0,0,0,,0,3D12D,"16TH ST","VALENCIA ST",8.00,E,N,B,C,N,,,,,,,,,,N,4,0,1,2,A,-,10,21950,A,N,G,B,B,B,H,-,A,A,0,Y,,,,Y,,A,01,0,0,1,0,1,0,0,0,0,"- ","- ",,,"SAN FRANCISCO","SAN FRANCISCO",-122.42185974121094,37.764911651611328
9239147,2021,2021-04-20,3801,2021-03-14,1340,1052,RICHM,7,5,7,3801,0,0,0,,0,3G4C,"FULTON ST","14TH AV",14.00,W,N,A,-,N,,,,,,,,,,N,4,0,1,2,A,-,08,22107,,N,H,A,A,A,H,-,A,D,0,,,Y,,Y,,A,01,0,0,1,0,0,0,0,0,1,"- ","- ",,,"SAN FRANCISCO","SAN FRANCISCO",-122.47236633300781,37.773097991943359
9239148,2021,2021-04-23,3801,2021-03-14,1315,1394,TARAV,7,5,7,3801,0,0,0,,0,TARAV,"NORIEGA ST","20TH AV",0.00,,Y,A,-,N,,,,,,,,,,N,4,0,1,2,A,-,03,22350,,N,C,E,A,A,H,-,A,A,0,,,,,Y,,A,01,0,0,1,0,0,0,0,0,0,"- ","- ",,,"SAN FRANCISCO","SAN FRANCISCO",-122.47756958007812,37.754173278808594