CASE_ID,ACCIDENT_YEAR,PROC_DATE,JURIS,COLLISION_DATE,COLLISION_TIME,OFFICER_ID,REPORTING_DISTRICT,DAY_OF_WEEK,CHP_SHIFT,POPULATION,CNTY_CITY_LOC,SPECIAL_COND,BEAT_TYPE,CHP_BEAT_TYPE,CITY_DIVISION_LAPD,CHP_BEAT_CLASS,BEAT_NUMBER,PRIMARY_RD,SECONDARY_RD,DISTANCE,DIRECTION,INTERSECTION,WEATHER_1,WEATHER_2,STATE_HWY_IND,CALTRANS_COUNTY,CALTRANS_DISTRICT,STATE_ROUTE,ROUTE_SUFFIX,POSTMILE_PREFIX,POSTMILE,LOCATION_TYPE,RAMP_INTERSECTION,SIDE_OF_HWY,TOW_AWAY,COLLISION_SEVERITY,NUMBER_KILLED,NUMBER_INJURED,PARTY_COUNT,PRIMARY_COLL_FACTOR,PCF_CODE_OF_VIOL,PCF_VIOL_CATEGORY,PCF_VIOLATION,PCF_VIOL_SUBSECTION,HIT_AND_RUN,TYPE_OF_COLLISION,MVIW,PED_ACTION,ROAD_SURFACE,ROAD_COND_1,ROAD_COND_2,LIGHTING,CONTROL_DEVICE,CHP_ROAD_TYPE,PEDESTRIAN_ACCIDENT,BICYCLE_ACCIDENT,MOTORCYCLE_ACCIDENT,TRUCK_ACCIDENT,NOT_PRIVATE_PROPERTY,ALCOHOL_INVOLVED,STWD_VEHTYPE_AT_FAULT,CHP_VEHTYPE_AT_FAULT,COUNT_SEVERE_INJ,COUNT_VISIBLE_INJ,COUNT_COMPLAINT_PAIN,COUNT_PED_KILLED,COUNT_PED_INJURED,COUNT_BICYCLIST_KILLED,COUNT_BICYCLIST_INJURED,COUNT_MC_KILLED,COUNT_MC_INJURED,PRIMARY_RAMP,SECONDARY_RAMP,LATITUDE,LONGITUDE,COUNTY,CITY,POINT_X,POINT_Y
9239149,2021,2021-04-20,3801,2021-03-14,1220,2439,CENTR,7,5,7,3801,0,0,0,,0,3A11C,"FRANCISCO ST","POWELL ST",250.00,E,N,A,-,N,,,,,,,,,,Y,4,0,1,4,A,-,06,21751,,M,B,E,A,A,H,-,A,D,0,,,,,Y,,A,01,0,0,1,0,0,0,0,0,0,"- ","- ",,,"SAN FRANCISCO","SAN FRANCISCO",-122.41091918945312,37.805015563964844
9239150,2021,2021-04-20,3801,2021-03-14,0630,1418,TARAV,7,5,7,3801,0,0,0,,0,0I2,"NORIEGA ST","28TH AV",97.00,W,N,B,-,N,,,,,,,,,,Y,3,0,3,4,A,-,08,22107,,M,B,E,A,A,H,-,D,D,0,,,,,Y,,A,01,0,1,2,0,0,0,0,0,0,"- ","- ",,,"SAN FRANCISCO","SAN FRANCISCO",-122.48645782470703,37.753795623779297
9239151,2021,2021-04-20,3801,2021-03-13,2103,1480,MISSI,6,5,7,3801,0,0,0,,0,3D15E,"16TH ST","POTRERO AV",0.00,,Y,A,-,N,,,,,,,,,,N,4,0,1,2,A,-,12,21453,A,N,-,C,A,-,H,-,C,A,0,,,,,Y,,A,01,0,0,1,0,0,0,0,0,0,"- ","- ",,,"SAN FRANCISCO","SAN FRANCISCO",-122.40756225585938,37.765773773193359
9239152,2021,2021-04-20,3801,2021-03-13,1900,2089,BAYVI,6,5,7,3801,0,0,0,,0,3C61,"LA SALLE AV","OSCEOLA LN",50.00,E,N,A,-,N,,,,,,,,,,Y,3,0,2,3,A,-,05,21650,,F,B,E,A,A,H,-,C,A,0,,,,,Y,,A,01,0,1,1,0,0,0,0,0,0,"- ","- ",,,"SAN FRANCISCO","SAN FRANCISCO",-122.38367462158203,37.732395172119141
9239153,2021,2021-04-20,3801,2021-03-13,1934,2089,BAYVI,6,5,7,3801,0,0,0,,0,003,"INGALLS ST","GEORGE CT",25.00,N,N,A,-,N,,,,,,,,,,Y,4,0,1,2,A,-,07,21658,A,N,B,E,A,A,H,-,C,A,0,,,,,Y,,A,01,0,0,1,0,0,0,0,0,0,"- ","- ",,,"SAN FRANCISCO","SAN FRANCISCO",-122.38225555419922,37.730628967285156
9239154,2021,2021-04-20,3801,2021-03-13,1714,1244,TARAV,6,5,7,3801,0,0,0,,0,3I2,"IRVING ST","20TH AV",45.00,E,N,A,-,N,,,,,,,,,,N,3,0,1,2,A,-,08,22102,,N,D,G,A,A,H,-,A,A,0,,Y,,,Y,,-,,0,1,0,0,0,0,1,0,0,"- ","- ",,,"SAN FRANCISCO","SAN FRANCISCO",-122.47805786132812,37.763515472412109
9239155,2021,2021-04-20,3801,2021-03-13,1716,1876,NORTH,6,5,7,3801,0,0,0,,0,3E12D,"STEINER ST","GOLDEN GATE AV",0.00,,Y,A,-,N,,,,,,,,,,N,3,0,1,2,A,-,12,21453,A,N,B,J,A,A,H,-,A,A,0,,,Y,,Y,,O,05,0,1,0,0,0,0,0,0,1,"- ","- ",,,"SAN FRANCISCO","SAN FRANCISCO",-122.43357849121094,37.779354095458984
9239156,2021,2021-04-20,3801,2021-03-13,1703,1173,RICHM,6,5,7,3801,0,0,0,,0,901,"34TH AV","BALBOA ST",0.00,,Y,A,-,N,,,,,,,,,,N,2,0,1,1,D,-,00,,,N,-,-,A,A,H,-,A,D,0,,Y,,,Y,,-,"- ",1,0,0,0,0,0,1,0,0,"- ","- ",,,"SAN FRANCISCO","SAN FRANCISCO",-122.49412536621094,37.775871276855469
9239157,2021,2021-04-20,3801,2021-03-13,1430,4046,MISSI,6,5,7,3801,0,0,0,,0,3D16D,"DOLORES ST","23RD ST",0.00,,Y,A,-,N,,,,,,,,,,N,4,0,1,2,A,-,10,21950,A,N,A,B,B,A,H,-,A,A,0,Y,,,,Y,,A,01,0,0,1,0,1,0,0,0,0,"- ","- ",,,"SAN FRANCISCO","SAN FRANCISCO",-122.42539978027344,37.753414154052734
9239158,2021,2021-04-20,3801,2021-03-14,2250,901,INGLE,7,5,7,3801,0,0,0,,0,3H13E,"SAN JOSE AV","THERESA ST",125.00,E,N,B,-,N,,,,,,,,,,Y,3,0,3,1,A,-,03,22350,,N,E,I,A,B,H,-,C,D,0,,,,,Y,,A,01,0,2,1,0,0,0,0,0,0,"- ","- ",,,"SAN FRANCISCO","SAN FRANCISCO",-122.43607330322266,37.730518341064453
9239159,2021,2021-04-20,3801,2021-03-10,2205,2483,NORTH,3,5,7,3801,0,0,0,,0,3E13E,"HAIGHT ST","OCTAVIA ST",0.00,,Y,C,-,N,,,,,,,,,,N,4,0,1,2,A,-,03,22350,,N,H,G,A,B,H,-,C,A,0,,Y,,,Y,,L,04,0,0,1,0,0,0,1,0,0,"- ","- ",,,"SAN FRANCISCO","SAN FRANCISCO",-122.42392730712891,37.772964477539062
9239160,2021,2021-04-20,3801,2021-03-10,1754,2435,BAYVI,3,5,7,3801,0,0,0,,0,001,"MARIPOSA ST","PENNSYLVANIA AV",0.00,,Y,B,-,N,,,,,,,,,,Y,4,0,1,2,A,-,01,23152,A,N,A,D,A,A,H,-,C,A,0,,,,,Y,Y,A,01,0,0,1,0,0,0,0,0,0,"- ","- ",,,"SAN FRANCISCO","SAN FRANCISCO",-122.39375305175781,37.764034271240234
9239161,2021,2021-04-21,3801,2021-03-10,1145,1701,TARAV,3,5,7,3801,0,0,0,,0,2CAR,"NORIEGA ST","32ND AV",0.00,,Y,-,-,N,,,,,,,,,,N,4,0,1,2,A,-,21,22106,,F,-,-,-,-,-,-,-,-,0,Y,,,,Y,,D,22,0,0,1,0,1,0,0,0,0,"- ","- ",,,"SAN FRANCISCO","SAN FRANCISCO",-122.49040222167969,37.753631591796875
9239162,2021,2021-04-20,3801,2021-03-03,1450,1347,NORTH,3,5,7,3801,0,0,0,,0,003,"GOUGH ST","GROVE ST",0.00,,Y,A,-,N,,,,,,,,,,N,4,0,1,3,A,-,03,22350,,F,C,C,A,A,H,-,A,A,0,,,,,Y,,A,07,0,0,1,0,0,0,0,0,0,"- ","- ",,,"SAN FRANCISCO","SAN FRANCISCO",-122.42316436767578,37.777805328369141
9239163,2021,2021-04-20,3801,2021-03-03,1350,2089,BAYVI,3,5,7,3801,0,0,0,,0,3CAR,"INNES AV","NEWHALL ST",0.00,,Y,A,-,N,,,,,,,,,,Y,4,0,1,3,A,-,05,21650,,N,D,E,A,A,H,-,A,A,0,,,,,Y,,A,01,0,0,1,0,0,0,0,0,0,"- ","- ",,,"SAN FRANCISCO","SAN FRANCISCO",-122.38882446289062,37.739421844482422
9239164,2021,2021-04-20,3801,2021-03-02,1836,426,NORTH,2,5,7,3801,0,0,0,,0,3E13D,"OFARRELL ST","POLK ST",60.00,W,N,A,-,N,,,,,,,,,,,4,0,1,2,A,-,08,22107,,N,C,C,A,A,H,-,C,A,0,,,,,Y,,A,01,0,0,1,0,0,0,0,0,0,"- ","- ",,,"SAN FRANCISCO","SAN FRANCISCO",-122.41975402832031,37.784942626953125
9239165,2021,2021-04-23,3801,2021-03-01,1900,2408,MISSI,1,5,7,3801,0,0,0,,0,3D13D,"CESAR CHAVEZ ST","FOLSOM ST",0.00,,Y,-,-,N,,,,,,,,,,N,4,0,1,2,A,-,10,21950,A,N,-,-,-,-,-,-,-,-,0,Y,,,,Y,,A,01,0,0,1,0,1,0,0,0,0,"- ","- ",,,"SAN FRANCISCO","SAN FRANCISCO",-122.41368103027344,37.748313903808594
9239166,2021,2021-04-19,3801,2021-03-02,1535,4102,SOUTH,2,5,7,3801,0,0,0,,0,3B15C,"MARKET ST","OCTAVIA ST",0.00,,Y,A,-,N,,,,,,,,,,N,3,0,1,2,A,-,12,21453,A,N,D,G,A,A,H,-,A,A,0,,Y,,,Y,,L,04,0,1,0,0,0,0,1,0,0,"- ","- ",,,"SAN FRANCISCO","SAN FRANCISCO",-122.42359161376953,37.771774291992188
9239167,2021,2021-04-19,3801,2021-03-02,1228,905,MISSI,2,5,7,3801,0,0,0,,0,3D13C,"GUERRERO ST","20TH ST",0.00,,Y,A,-,N,,,,,,,,,,Y,3,0,1,2,A,-,08,22107,,N,D,C,A,A,H,-,A,A,0,,,Y,,Y,,A,01,0,1,0,0,0,0,0,0,1,"- ","- ",,,"SAN FRANCISCO","SAN FRANCISCO",-122.42346954345703,37.758358001708984
9239168,2021,2021-04-19,3801,2021-03-01,1909,2496,SOUTH,1,5,7,3801,0,0,0,,0,3B12D,"MISSION ST","5TH ST",41.00,W,N,A,-,N,,,,,,,,,,Y,2,0,1,2,A,-,03,22350,,N,G,B,D,A,H,-,C,A,0,Y,,,,Y,,A,07,1,0,0,0,1,0,0,0,0,"- ","- ",,,"SAN FRANCISCO","SAN FRANCISCO",-122.40658569335938,37.782661437988281
9239169,2021,2021-04-19,3801,2021-03-01,1843,2081,CENTR,1,5,7,3801,0,0,0,,0,004,"COLUMBUS AV","GREEN ST",143.00,S,N,A,-,N,,,,,,,,,,N,2,0,1,2,A,-,11,21954,A,N,G,B,E,A,H,-,C,D,0,Y,,,,Y,,N,60,1,0,0,0,1,0,0,0,0,"- ","- ",,,"SAN FRANCISCO","SAN FRANCISCO",-122.40862274169922,37.799224853515625
9239170,2021,2021-04-19,3801,2021-03-08,1510,1644,TENDE,1,5,7,3801,0,0,0,,0,3J15D,"OFARRELL ST","LARKIN ST",0.00,,Y,A,-,N,,,,,,,,,,N,4,0,1,2,A,-,10,21950,A,F,G,B,B,A,-,-,A,A,0,Y,,,,Y,,-,99,0,0,1,0,1,0,0,0,0,"- ","- ",,,"SAN FRANCISCO","SAN FRANCISCO",-122.41790008544922,37.785167694091797
9239171,2021,2021-04-23,3801,2021-03-08,0831,156,BAYVI,1,5,7,3801,0,0,0,,0,3C60,"3RD ST","VANDYKE AV",0.00,,Y,A,-,N,,,,,,,,,,Y,4,0,1,1,C,-,18,,,N,A,I,A,A,H,-,A,A,0,,,,,Y,,-,"- ",0,0,1,0,0,0,0,0,0,"- ","- ",,,"SAN FRANCISCO","SAN FRANCISCO",-122.39257049560547,37.729206085205078
9239172,2021,2021-04-19,3801,2021-03-07,1425,2465,BAYVI,7,5,7,3801,0,0,0,,0,3C13C,"ROSIE LEE LN","ESPANOLA ST",19.00,W,N,A,-,N,,,,,,,,,,N,2,0,1,2,A,-,08,22100,B,N,A,C,A,A,H,-,A,D,0,,,Y,,Y,,C,03,1,0,0,0,0,0,0,0,1,"- ","- ",,,"SAN FRANCISCO","SAN FRANCISCO",-122.37972259521484,37.73175048828125
9239173,2021,2021-04-19,3801,2021-03-07,1417,2375,RICHM,7,5,7,3801,0,0,0,,0,3G3A,"CLEMENT ST","FUNSTON AV",0.00,,Y,A,-,N,,,,,,,,,,Y,4,0,2,2,A,-,09,21802,A,N,D,C,A,A,H,-,A,A,0,,,,,Y,,A,01,0,0,2,0,0,0,0,0,0,"- ","- ",,,"SAN FRANCISCO","SAN FRANCISCO",-122.47191619873047,37.7825927734375
9239174,2021,2021-04-19,3801,2021-03-06,1855,2080,CENTR,6,5,7,3801,0,0,0,,0,,"MARKET ST","NEW MONTGOMERY ST",0.00,,Y,A,-,N,,,,,,,,,,Y,4,0,2,1,A,-,07,21658,A,N,F,I,A,A,H,-,C,A,0,,,,,Y,,A,01,0,0,2,0,0,0,0,0,0,"- ","- ",,,"SAN FRANCISCO","SAN FRANCISCO",-122.40199279785156,37.788768768310547
9239175,2021,2021-04-19,3801,2021-03-06,0915,242,NORTH,6,5,7,3801,0,0,0,,0,901,"LAGUNA ST","UNION ST",0.00,,Y,A,-,N,,,,,,,,,,N,3,0,2,3,A,-,12,22450,A,N,D,G,A,A,H,-,A,D,0,,Y,,,Y,,L,04,0,2,0,0,0,0,2,0,0,"- ","- ",,,"SAN FRANCISCO","SAN FRANCISCO",-122.4305419921875,37.797714233398438
9239176,2021,2021-04-19,3801,2021-03-04,2031,1111,BAYVI,4,5,7,3801,0,0,0,,0,3C90,"JAMESTOWN AV","3RD ST",155.00,E,N,A,-,N,,,,,,,,,,Y,4,0,1,2,A,-,01,23152,A,N,A,E,A,A,H,-,C,A,0,,,,,Y,Y,A,01,0,0,1,0,0,0,0,0,0,"- ","- ",,,"SAN FRANCISCO","SAN FRANCISCO",-122.39626312255859,37.720024108886719
9239177,2021,2021-04-20,3801,2021-03-04,1104,73,TRAFF,4,5,7,3801,0,0,0,,0,4K1G,"GUERRERO ST","14TH ST",65.00,N,N,A,-,N,,,,,,,,,,Y,2,0,2,3,C,-,18,,,N,B,C,A,A,H,-,A,D,0,,,,,Y,,-,"- ",1,0,1,0,0,0,0,0,0,"- ","- ",,,"SAN FRANCISCO","SAN FRANCISCO",-122.42443084716797,37.768199920654297
9239178,2021,2021-04-19,3801,2021-03-04,0730,4307,NORTH,4,5,7,3801,0,0,0,,0,3E12A,"DIVISADERO ST","OAK ST",0.00,,Y,A,-,N,,,,,,,,,,N,3,0,1,2,D,-,00,,,N,H,A,A,A,H,-,A,A,0,,Y,,,Y,,-,"- ",0,1,0,0,0,0,1,0,0,"- ","- ",,,"SAN FRANCISCO","SAN FRANCISCO",-122.43743133544922,37.773143768310547
9239179,2021,2021-04-20,3801,2021-03-15,1155,1968,NORTH,1,5,7,3801,0,0,0,,0,3E41C,"OCTAVIA ST","OAK ST",0.00,,Y,A,-,N,,,,,,,,,,Y,4,0,1,2,A,-,12,21453,A,N,B,C,A,A,H,-,A,A,0,,,,,Y,,A,01,0,0,1,0,0,0,0,0,0,"- ","- ",,,"SAN FRANCISCO","SAN FRANCISCO",-122.42430114746094,37.774799346923828
92391990,2024,2024-05-16,9335,2024-05-05,"515 ",023312,,7,3,7,3801,0,1,2,,2,015,"US-101 S/B TO I-80 EB","DIVISION STREET U/C",80.00,S,N,A,-,Y,SF,,80," ",L,4.114,H,,R,Y,4,0,2,1,A,-,01,23152,A,N,E,I,A,A,H,-,C,D,0,,,,,Y,Y,A,01,0,0,2,0,0,0,0,0,0,"- ","- ",37.769981384277344,-122.40538787841797,"SAN FRANCISCO","SAN FRANCISCO",-122.40542602539062,37.769981384277344
92392015,2024,2024-05-16,9335,2024-05-08,1456,023367,,3,2,7,3801,0,1,1,,2,080,"I-80 E/B","4TH STREET",280.00,E,N,A,-,Y,SF,,80," "," ",5.121,H,,R,Y,4,0,1,3,A,-,03,22350,,N,C,C,A,A,H,-,A,D,0,,,Y,,Y,,C,02,0,0,1,0,0,0,0,0,1,"- ","- ",37.780670166015625,-122.39791870117188,"SAN FRANCISCO","SAN FRANCISCO",-122.39795684814453,37.780696868896484
9239202,2021,2021-04-29,3801,2021-03-18,1908,2441,INGLE,4,5,7,3801,0,0,0,,0,3H15D,"AMAZON AV","EDINBURGH ST",34.00,,N,A,C,N,,,,,,,,,,Y,4,0,1,3,A,-,03,22350,,N,F,E,A,B,H,-,C,-,0,,,,,Y,,A,07,0,0,1,0,0,0,0,0,0,"- ","- ",,,"SAN FRANCISCO","SAN FRANCISCO",-122.43619537353516,37.715679168701172
92392034,2024,2024-05-16,9335,2024-05-02,1430,023338,,4,2,7,3801,0,1,1,,1,081,"I-80 W/B","THE 2ND STREET UNDERCROSSING",287.00,E,N,A,-,Y,SF,,80," "," ",5.472,H,,L,N,4,0,1,2,A,-,03,22350,,M,C,C,A,A,H,-,A,D,0,,,,,Y,,-,99,0,0,1,0,0,0,0,0,0,"- ","- ",37.784408569335938,-122.39372253417969,"SAN FRANCISCO","SAN FRANCISCO",-122.39374542236328,37.784431457519531
92392046,2024,2024-05-30,9335,2024-05-03,"810 ",023312,,5,1,7,3801,0,1,1,,2,080,"I-80 E/B","7TH ST U/C",590.00,W,N,A,-,Y,SF,,80," "," ",4.367,H,,R,Y,4,0,1,2,D,-,00,,,N,C,C,A,A,H,-,A,D,0,,,,,Y,,-,"- ",0,0,1,0,0,0,0,0,0,"- ","- ",37.773441314697266,-122.40650177001953,"SAN FRANCISCO","SAN FRANCISCO",-122.40653991699219,37.773445129394531
9239206,2021,2021-04-23,3801,2021-03-18,1200,504,NORTH,4,5,7,3801,0,0,0,,0,3A41C,"FELL ST","FRANKLIN ST",0.00,,Y,C,-,N,,,,,,,,,,Y,4,0,1,2,A,-,12,21453,A,N,D,C,A,B,H,-,A,A,0,,,,,Y,,I,11,0,0,1,0,0,0,0,0,0,"- ","- ",,,"SAN FRANCISCO","SAN FRANCISCO",-122.421142578125,37.776142120361328
9239210,2021,2021-04-21,3801,2021-03-23,0859,1210,INGLE,2,5,7,3801,0,0,0,,0,0H3,"MISSION ST","EXCELSIOR AV",0.00,,Y,A,-,N,,,,,,,,,,Y,4,0,1,2,A,-,03,22350,,N,C,C,A,A,H,-,A,A,0,,,,,Y,,A,01,0,0,1,0,0,0,0,0,0,"- ","- ",,,"SAN FRANCISCO","SAN FRANCISCO",-122.43363952636719,37.726234436035156
9239214,2021,2021-05-04,3801,2021-03-24,2227,2288,INGLE,3,5,7,3801,0,0,0,,0,3H13E,"ALEMANY BL","JUSTIN DR",231.00,N,N,A,-,N,,,,,,,,,,Y,3,0,1,2,-,-,"- ",,A,N,A,C,A,A,H,-,C,D,0,,,,,Y,Y,A,01,0,1,0,0,0,0,0,0,0,"- ","- ",,,"SAN FRANCISCO","SAN FRANCISCO",-122.42595672607422,37.731800079345703
9239222,2021,2021-05-04,3801,2021-03-29,1215,624,NORTH,1,5,7,3801,0,0,0,,0,006,"VAN NESS AV","CHESTNUT ST",0.00,,Y,A,-,N,,,,,,,,,,Y,4,0,1,3,A,-,12,21453,A,N,-,C,A,A,H,-,A,A,0,,,,,Y,,A,01,0,0,1,0,0,0,0,0,0,"- ","- ",,,"SAN FRANCISCO","SAN FRANCISCO",-122.42478179931641,37.802257537841797
9239226,2021,2021-04-21,3801,2021-03-05,1603,299,CENTR,5,5,7,3801,0,0,0,,0,3A12D,"MONTGOMERY ST","BUSH ST",0.00,,Y,A,-,N,,,,,,,,,,Y,4,0,1,2,A,-,08,22107,,N,B,C,A,A,H,-,A,A,0,,,,Y,Y,,A,01,0,0,1,0,0,0,0,0,0,"- ","- ",,,"SAN FRANCISCO","SAN FRANCISCO",-122.40235900878906,37.790973663330078
9239242,2021,2021-05-04,3801,2021-03-26,2324,2741,INGLE,5,5,7,3801,0,0,0,,0,3HI5E,"POPE ST","MORSE ST",235.00,W,N,A,-,N,,,,,,,,,,Y,4,0,1,2,A,-,00,21650,D,N,A,E,A,A,H,-,C,D,0,,,,,Y,,A,01,0,0,1,0,0,0,0,0,0,"- ","- ",,,"SAN FRANCISCO","SAN FRANCISCO",-122.44086456298828,37.713249206542969
92392450,2023,2024-05-17,9335,2023-11-19,1650,023338,,7,2,7,3801,0,1,1,,1,083,"I-80 E/B","THE BEALE STREET UNDERCROSSING",240.00,E,N,A,-,Y,SF,,80," "," ",5.773,H,,R,N,3,0,1,2,A,-,07,21658,A,F,B,C,A,A,H,-,A,D,0,,,Y,,Y,,-,99,0,1,0,0,0,0,0,0,1,"- ","- ",37.787311553955078,-122.38970184326172,"SAN FRANCISCO","SAN FRANCISCO",-122.38961029052734,37.787250518798828
9239266,2021,2021-05-04,3801,2021-03-03,0652,4115,SOUTH,3,5,7,3801,0,0,0,,0,3B14A,"MARKET ST","GOUGH ST",0.00,,Y,A,-,N,,,,,,,,,,N,3,0,1,2,A,-,08,22100,A,N,D,G,A,A,H,-,A,A,0,,Y,,,Y,,D,22,0,1,0,0,0,0,1,0,0,"- ","- ",,,"SAN FRANCISCO","SAN FRANCISCO",-122.42221069335938,37.772872924804688
9239270,2021,2021-04-29,3801,2021-01-18,1321,2195,SOUTH,1,5,7,3801,0,0,0,,0,004,"OTIS ST","MCCOPPIN ST",107.00,S,N,A,-,N,,,,,,,,,,N,4,0,1,3,A,-,03,22350,,N,C,E,A,A,H,-,A,A,0,,,,Y,Y,,A,07,0,0,1,0,0,0,0,0,0,"- ","- ",,,"SAN FRANCISCO","SAN FRANCISCO",-122.42030334472656,37.771488189697266
9239277,2021,2021-04-23,3801,2021-03-19,1230,2439,CENTR,5,5,7,3801,0,0,0,,0,3A11C,"1ST ST","STEVENSON ST",35.00,S,N,A,-,N,,,,,,,,,,Y,4,0,1,2,D,-,00,,,N,B,C,A,A,H,-,A,D,0,,,,Y,Y,,-,"- ",0,0,1,0,0,0,0,0,0,"- ","- ",,,"SAN FRANCISCO","SAN FRANCISCO",-122.39851379394531,37.790531158447266
92392988,2024,2024-05-17,9335,2024-04-19,1600,023593,,5,2,7,3801,0,1,1,,1,081,"I-80 WESTBOUND","FOREST RD",65.00,E,N,A,-,Y,SF,,80," "," ",7.817,H,,L,N,4,0,2,2,A,-,03,22350,,M,C,C,A,A,H,-,A,D,0,,,,,Y,,A,08,0,0,2,0,0,0,0,0,0,"- ","- ",37.810089111328125,-122.36502838134766,"SAN FRANCISCO","SAN FRANCISCO",-122.36505889892578,37.810108184814453
92393525,2024,2024-05-20,9335,2024-04-28,"5   ",023366,,7,3,7,3801,0,1,2,,2,014,"US-101 S/B","18TH ST PEDESTRIAN OVERCROSSING",85.00,N,N,A,-,Y,SF,,101," "," ",3.973,H,,L,Y,4,0,1,1,A,-,01,23152,A,N,E,I,A,A,H,-,C,D,0,,,,,Y,Y,A,01,0,0,1,0,0,0,0,0,0,"- ","- ",37.762348175048828,-122.40566253662109,"SAN FRANCISCO","SAN FRANCISCO",-122.40570831298828,37.762371063232422
92393548,2024,2024-05-20,9335,2024-05-13,1332,023367,,1,1,7,3801,0,1,1,,1,083,"I-80 E/B","NORTH GATE RD",140.00,E,N,A,-,Y,SF,,80," ",R,8.133,H,,R,N,4,0,1,2,A,-,03,22350,,N,C,C,A,A,H,-,A,D,0,,,,,Y,,A,08,0,0,1,0,0,0,0,0,0,"- ","- ",37.813568115234375,-122.36125946044922,"SAN FRANCISCO","SAN FRANCISCO",-122.36129760742188,37.8135986328125
92393729,2024,2024-05-20,9335,2024-05-17,1650,023536,,5,2,7,3801,0,1,1,,1,081,"I-80 W/B","THE MACALLA RD UNDERCROSSING",792.00,W,N,A,-,Y,SF,,80," "," ",7.832,H,,L,N,4,0,1,2,A,-,03,22350,,N,C,C,A,A,H,-,A,D,0,,,,,Y,,D,22,0,0,1,0,0,0,0,0,0,"- ","- ",37.81024169921875,-122.36483001708984,"SAN FRANCISCO","SAN FRANCISCO",-122.36488342285156,37.810272216796875
92393732,2024,2024-05-20,9335,2024-05-17,1450,023536,,5,2,7,3801,0,1,1,,1,081,"I-80 WESTBOUND","THE EMBARCADERO UNDERCROSSING",2500.00,E,N,A,-,Y,SF,,80," "," ",6.393,H,,L,N,4,0,2,2,A,-,03,22350,,N,C,C,A,A,H,-,A,D,0,,,,,Y,,D,22,0,0,2,0,0,0,0,0,0,"- ","- ",37.794219970703125,-122.38223266601562,"SAN FRANCISCO","SAN FRANCISCO",-122.38210296630859,37.794136047363281
92394336,2024,2024-05-20,9335,2024-05-19,"110 ",023366,,7,3,7,3801,0,1,1,,1,083,"I-80 E/B","SAN FRANCISCO/ OAKLAND BAY BRIDGE CENTER ANCHORAGE",360.00,E,N,A,-,Y,SF,,80," "," ",6.830,H,,R,Y,4,0,1,2,A,-,03,22350,,N,C,C,A,A,H,-,C,D,0,,,,,Y,,A,01,0,0,1,0,0,0,0,0,0,"- ","- ",37.79901123046875,-122.37686920166016,"SAN FRANCISCO","SAN FRANCISCO",-122.37682342529297,37.798980712890625
92394354,2024,2024-05-20,9335,2024-05-17,2255,023379,,5,3,7,3801,0,1,1,,2,023,"I-280 N/B FROM ALEMANY BLVD.","ALEMANY BLVD",964.00,S,N,A,-,Y,SF,,280," ",R,3.675,H,,R,Y,4,0,1,2,A,-,03,22350,,N,C,C,A,A,H,-,C,D,0,,,,,Y,,A,01,0,0,1,0,0,0,0,0,0,"- ","- ",37.731708526611328,-122.41799926757812,"SAN FRANCISCO","SAN FRANCISCO",-122.41799926757812,37.731861114501953
92394449,2024,2024-05-20,9335,2024-05-14,2248,023044,,2,3,7,3801,0,1,2,,2,013,"US-101 SOUTHBOUND","SILVER AVENUE",1077.00,N,N,A,-,Y,SF,,101," "," ",1.976,H,,L,Y,4,0,1,3,A,-,01,23152,F,N,B,C,A,A,H,-,C,D,0,,,,,Y,,A,01,0,0,1,0,0,0,0,0,0,"- ","- ",37.735309600830078,-122.40706634521484,"SAN FRANCISCO","SAN FRANCISCO",-122.40693664550781,37.735355377197266
9239608,2021,2021-03-27,3801,2021-02-05,2225,2702,NORTH,5,5,7,3801,0,0,0,,0,3E13E,"POLK ST","GOLDEN GATE AV",0.00,,Y,A,-,N,,,,,,,,,,N,4,0,2,2,A,-,03,22350,,N,C,C,A,A,H,-,C,A,0,,,,,Y,,A,01,0,0,2,0,0,0,0,0,0,"- ","- ",,,"SAN FRANCISCO","SAN FRANCISCO",-122.41880035400391,37.781227111816406
92396124,2023,2024-05-22,9335,2023-08-27,"230 ",023082,,7,3,7,3801,0,1,1,,2,024,"I-280 S/B","OAKDALE AVENUE",53.00,S,N,A,-,Y,SF,,280," ",R,4.821,H,,L,Y,1,1,1,2,A,-,11,21954,A,N,G,B,E,A,H,-,D,D,0,Y,,,,Y,Y,N,60,0,0,1,1,0,0,0,0,0,"- ","- ",37.739688873291016,-122.39984130859375,"SAN FRANCISCO","SAN FRANCISCO",-122.39987945556641,37.739711761474609
9239625,2021,2021-03-22,3801,2021-02-23,2159,899,MISSI,2,5,7,3801,0,0,0,,0,3D14E,"24TH AV","POTRERO AV",0.00,,Y,A,-,N,,,,,,,,,,N,4,0,1,2,A,-,04,21703,,N,C,D,A,A,H,-,C,A,0,,,,,Y,,A,01,0,0,1,0,0,0,0,0,0,"- ","- ",,,"SAN FRANCISCO","SAN FRANCISCO",-122.40631866455078,37.752994537353516