CASE_ID,ACCIDENT_YEAR,PROC_DATE,JURIS,COLLISION_DATE,COLLISION_TIME,OFFICER_ID,REPORTING_DISTRICT,DAY_OF_WEEK,CHP_SHIFT,POPULATION,CNTY_CITY_LOC,SPECIAL_COND,BEAT_TYPE,CHP_BEAT_TYPE,CITY_DIVISION_LAPD,CHP_BEAT_CLASS,BEAT_NUMBER,PRIMARY_RD,SECONDARY_RD,DISTANCE,DIRECTION,INTERSECTION,WEATHER_1,WEATHER_2,STATE_HWY_IND,CALTRANS_COUNTY,CALTRANS_DISTRICT,STATE_ROUTE,ROUTE_SUFFIX,POSTMILE_PREFIX,POSTMILE,LOCATION_TYPE,RAMP_INTERSECTION,SIDE_OF_HWY,TOW_AWAY,COLLISION_SEVERITY,NUMBER_KILLED,NUMBER_INJURED,PARTY_COUNT,PRIMARY_COLL_FACTOR,PCF_CODE_OF_VIOL,PCF_VIOL_CATEGORY,PCF_VIOLATION,PCF_VIOL_SUBSECTION,HIT_AND_RUN,TYPE_OF_COLLISION,MVIW,PED_ACTION,ROAD_SURFACE,ROAD_COND_1,ROAD_COND_2,LIGHTING,CONTROL_DEVICE,CHP_ROAD_TYPE,PEDESTRIAN_ACCIDENT,BICYCLE_ACCIDENT,MOTORCYCLE_ACCIDENT,TRUCK_ACCIDENT,NOT_PRIVATE_PROPERTY,ALCOHOL_INVOLVED,STWD_VEHTYPE_AT_FAULT,CHP_VEHTYPE_AT_FAULT,COUNT_SEVERE_INJ,COUNT_VISIBLE_INJ,COUNT_COMPLAINT_PAIN,COUNT_PED_KILLED,COUNT_PED_INJURED,COUNT_BICYCLIST_KILLED,COUNT_BICYCLIST_INJURED,COUNT_MC_KILLED,COUNT_MC_INJURED,PRIMARY_RAMP,SECONDARY_RAMP,LATITUDE,LONGITUDE,COUNTY,CITY,POINT_X,POINT_Y
9239627,2021,2021-03-22,3801,2021-02-24,1210,1003,,3,5,7,3801,0,0,0,,0,001,"MISSION ST","VIRGINA AV",0.00,,Y,A,-,N,,,,,,,,,,Y,3,0,1,2,A,-,07,21658,A,N,B,C,A,A,H,-,A,A,0,,,,,Y,,A,01,0,1,0,0,0,0,0,0,0,"- ","- ",,,"SAN FRANCISCO","SAN FRANCISCO",-122.42150115966797,37.743148803710938
9239637,2021,2021-03-22,3801,2021-02-15,1425,1359,INGLE,1,5,7,3801,0,0,0,,0,3G15C,"ALEMANY BL","FOOTE AV",25.00,S,N,B,-,N,,,,,,,,,,Y,4,0,1,2,A,-,03,22350,,F,C,C,A,B,-,-,A,A,0,,,,,Y,,A,01,0,0,1,0,0,0,0,0,0,"- ","- ",,,"SAN FRANCISCO","SAN FRANCISCO",-122.44739532470703,37.714637756347656
9239638,2021,2021-03-22,3801,2021-02-14,1817,668,NORTH,7,5,7,3801,0,0,0,,0,3E14D,"SCOTT ST","POST ST",0.00,,Y,C,-,N,,,,,,,,,,N,4,0,1,2,A,-,03,22350,,N,B,E,A,B,H,-,D,D,0,,,,,Y,,A,01,0,0,1,0,0,0,0,0,0,"- ","- ",,,"SAN FRANCISCO","SAN FRANCISCO",-122.43799591064453,37.784530639648438
9239681,2021,2021-04-13,3801,2021-01-17,1429,1994,TRAFF,7,5,7,3801,0,0,0,,0,4B3G,"OCEAN AV","JULES AV",0.00,,Y,-,-,N,,,,,,,,,,Y,2,0,1,2,A,-,08,22100,B,N,D,C,A,A,H,-,A,A,0,,,Y,,Y,,A,01,1,0,0,0,0,0,0,0,1,"- ","- ",,,"SAN FRANCISCO","SAN FRANCISCO",-122.46123504638672,37.724948883056641
92397578,2024,2024-05-24,9335,2024-05-20,"820 ",018804,,1,1,7,3801,0,1,1,,1,083,"I-80 E/B","TREASURE ISLAND",1278.00,W,N,A,-,Y,SF,,80," "," ",7.373,H,,R,N,4,0,1,2,A,-,07,21658,A,N,B,C,A,A,H,-,A,D,0,,,,Y,Y,,A,01,0,0,1,0,0,0,0,0,0,"- ","- ",37.805141448974609,-122.37043762207031,"SAN FRANCISCO","SAN FRANCISCO",-122.37030029296875,37.805049896240234
92398466,2024,2024-05-27,9335,2024-05-14,"925 ",023118,,2,1,7,3801,0,1,1,,2,023,"I-280 N/B","ALEMANY BLVD",1320.00,N,N,A,-,Y,SF,,280," ",R,4.143,H,,R,N,3,0,1,2,A,-,03,22350,,N,C,C,A,A,H,-,A,D,0,,,Y,,Y,,C,02,0,1,0,0,0,0,0,0,1,"- ","- ",37.734119415283203,-122.41014099121094,"SAN FRANCISCO","SAN FRANCISCO",-122.41009521484375,37.734039306640625
92398732,2024,2024-05-27,9335,2024-04-24,1301,022703,,3,1,7,3801,0,1,2,,2,013,"US-101 SOUTHBOUND","BLANKEN AVENUE",215.00,S,N,A,-,Y,SF,,101," "," ",0.136,H,,L,Y,2,0,2,4,A,-,03,22350,,N,C,C,A,A,H,-,A,D,0,,,,Y,Y,,A,07,1,0,1,0,0,0,0,0,0,"- ","- ",37.710319519042969,-122.39552307128906,"SAN FRANCISCO","SAN FRANCISCO",-122.39556884765625,37.710311889648438
92398736,2024,2024-05-27,9335,2024-05-15,1520,023737,,3,2,7,3801,0,1,2,,2,013,"US-101 NORTHBOUND","PAUL AVE",558.00,S,N,A,-,Y,SF,,101," "," ",1.016,H,,R,N,3,0,1,4,A,-,03,22350,,N,C,C,A,A,H,-,A,D,0,,,,,Y,,A,01,0,1,0,0,0,0,0,0,0,"- ","- ",37.722278594970703,-122.40048980712891,"SAN FRANCISCO","SAN FRANCISCO",-122.40049743652344,37.722278594970703
92398784,2024,2024-05-27,9335,2024-05-03,"328 ",017331,,5,3,7,3801,0,1,1,,1,083,"I-80 E/B","I-80 E/B TO YERBA BUENA ISLAND",30.00,W,N,B,-,Y,SF,,80," ",R,7.901,H,,R,Y,3,0,2,2,A,-,01,23152,A,M,C,C,A,A,H,-,C,D,0,,,,,Y,Y,A,01,0,1,1,0,0,0,0,0,0,"- ","- ",37.811019897460938,-122.36399841308594,"SAN FRANCISCO","SAN FRANCISCO",-122.36411285400391,37.811084747314453
92398793,2024,2024-05-27,9335,2024-05-18,"410 ",023593,,6,3,7,3801,0,1,2,,2,012,"US-101 SOUTHBOUND","S AIRPORT BLVD UNDERCROSSING",4572.00,S,N,A,-,Y,SM,,101," ",R,21.027,H,,L,Y,4,0,1,2,A,-,07,21658,A,N,B,C,A,A,H,-,C,D,0,,,,,Y,,A,07,0,0,1,0,0,0,0,0,0,"- ","- ",37.6402587890625,-122.40586090087891,"SAN FRANCISCO","SAN FRANCISCO",-122.40583038330078,37.640266418457031
92398955,2024,2024-05-27,9335,2024-05-19,2230,023603,,7,3,7,3801,0,1,1,,1,081,"I-80 W/B","7TH STREET UNDERCROSSING",190.00,E,N,A,-,Y,SF,,80," "," ",4.537,H,,L,N,4,0,1,2,A,-,03,22350,,N,C,C,A,A,H,-,C,D,0,,,,,Y,,A,01,0,0,1,0,0,0,0,0,0,"- ","- ",37.775779724121094,-122.40554809570312,"SAN FRANCISCO","SAN FRANCISCO",-122.40557098388672,37.775798797607422
92398956,2024,2024-05-27,9335,2024-05-17,"228 ",023603,,5,3,7,3801,0,1,2,,2,013,"US-101 N/B","CORTLAND AVENUE UNDERCROSSING",630.00,N,N,A,-,Y,SF,,101," "," ",2.403,H,,R,N,4,0,1,2,A,-,07,21658,A,N,B,C,A,A,H,-,C,D,0,,,,Y,Y,,G,25,0,0,1,0,0,0,0,0,0,"- ","- ",37.741348266601562,-122.407470703125,"SAN FRANCISCO","SAN FRANCISCO",-122.40750122070312,37.741359710693359
92398957,2024,2024-05-27,9335,2024-05-11,1515,023167,,6,2,7,3801,0,1,1,,2,024,"I-280 N/B","SAN BRUNO AVE",190.00,S,N,A,-,Y,SF,,280," ",R,4.279,H,,R,Y,4,0,1,3,A,-,03,22350,,N,C,C,A,A,H,-,A,D,0,,,,,Y,,A,01,0,0,1,0,0,0,0,0,0,"- ","- ",37.734901428222656,-122.4078369140625,"SAN FRANCISCO","SAN FRANCISCO",-122.40782928466797,37.734870910644531
92398958,2024,2024-05-27,9335,2024-05-23,"800 ",023118,,4,1,7,3801,0,1,1,,1,081,"I-80 W/B","THE EMBARCADERO",1056.00,E,N,A,-,Y,SF,,80," "," ",6.131,H,,L,Y,4,0,1,2,A,-,07,21658,A,N,B,C,A,A,H,-,A,D,0,,,Y,,Y,,A,01,0,0,1,0,0,0,0,0,1,"- ","- ",37.791309356689453,-122.38539886474609,"SAN FRANCISCO","SAN FRANCISCO",-122.38527679443359,37.791225433349609
9240131,2021,2021-04-23,3801,2021-03-07,2048,1166,TARAV,7,5,7,3801,0,0,0,,0,5CAR,"19TH AV","WINSTON DR",0.00,,Y,A,G,Y,SF,4,1,-,-,1.350,I,5,N,Y,2,0,2,3,A,-,12,21453,A,N,D,C,A,A,H,-,C,A,0,,,,,Y,,A,01,1,1,0,0,0,0,0,0,0,"- ","- ",,,"SAN FRANCISCO","SAN FRANCISCO",-122.47480773925781,37.726924896240234
92401990,2023,2024-05-30,9335,2023-12-01,1105,023357,,5,1,7,3801,0,1,1,,2,080,"I-80 E/B","BRANNAN ST",90.00,W,N,A,-,Y,SF,,80," "," ",4.172,H,,R,N,4,0,1,3,A,-,03,22350,,N,C,C,A,A,H,-,A,D,0,,,,,Y,,D,22,0,0,1,0,0,0,0,0,0,"- ","- ",37.770778656005859,-122.40563201904297,"SAN FRANCISCO","SAN FRANCISCO",-122.40562438964844,37.770782470703125
92402330,2024,2024-05-30,9335,2024-05-18,1120,023167,,6,1,7,3801,0,1,1,,2,023,"I-280 N/B TO US-101 N/B","SAN BRUNO AVE",605.00,S,N,A,-,Y,SF,,280," ",R,4.191,H,,R,N,4,0,1,2,A,-,03,22350,,N,C,C,A,A,H,-,A,D,0,,,,,Y,,A,01,0,0,1,0,0,0,0,0,0,"- ","- ",37.734458923339844,-122.40939331054688,"SAN FRANCISCO","SAN FRANCISCO",-122.40930938720703,37.734333038330078
92402342,2024,2024-06-07,9335,2024-04-04,1515,023603,,4,2,7,3801,1,4,S,,2,901,"THE EMBARCADERO","KEARNEY ST. PROLONGATION",30.00,S,N,B,-,N,,,,,,,,,,N,4,0,3,1,A,-,08,22107,,N,E,I,A,A,H,-,A,A,0,,,,,Y,,H,64,0,0,3,0,0,0,0,0,0,"- ","- ",37.807231903076172,-122.40708160400391,"SAN FRANCISCO","SAN FRANCISCO",-122.40721893310547,37.807361602783203
92402547,2024,2024-05-30,9335,2024-05-24,1330,023592,,5,1,7,3801,0,1,1,,2,080,"I-80 W/B","DIVISION ST",170.00,E,N,A,-,Y,SF,,80," "," ",4.125,H,,L,Y,4,0,1,1,A,-,08,22107,,N,E,I,A,A,H,-,A,D,0,,,,,Y,,A,01,0,0,1,0,0,0,0,0,0,"- ","- ",37.770149230957031,-122.40580749511719,"SAN FRANCISCO","SAN FRANCISCO",-122.40575408935547,37.770164489746094
92402605,2024,2024-05-30,9335,2024-05-22,1410,023338,,3,2,7,3801,0,1,1,,1,081,"I-80 W/B","THE SAN FRANCISCO/ALAMEDA COUNTY LINE",55.00,W,N,A,-,Y,SF,,80," ",R,8.847,H,,L,Y,4,0,2,2,A,-,03,22350,,N,C,C,A,A,H,-,A,D,0,,,,,Y,,A,01,0,0,2,0,0,0,0,0,0,"- ","- ",37.819160461425781,-122.35005950927734,"SAN FRANCISCO","SAN FRANCISCO",-122.35005950927734,37.819160461425781
92402654,2024,2024-05-30,9335,2024-03-09,1032,023111,,6,1,7,3801,0,1,2,,2,014,"US-101 S/B","23RD STREET OVERCROSSING",350.00,N,N,A,-,Y,SF,,101," "," ",3.432,H,,L,Y,4,0,1,4,A,-,03,22350,,M,C,C,A,A,H,-,A,D,0,,,,,Y,,A,07,0,0,1,0,0,0,0,0,0,"- ","- ",37.755538940429688,-122.4031982421875,"SAN FRANCISCO","SAN FRANCISCO",-122.40323638916016,37.755538940429688
92403361,2024,2024-05-31,9335,2024-01-25,1245,023685,,4,1,7,3801,0,1,1,,1,083,"I-80 E/B","THE YERBA BUENA ISLAND EAST TUNNEL EDGE",70.00,E,N,A,-,Y,SF,,80," "," ",7.832,H,,R,N,4,0,1,1,C,-,18,,,N,E,J,A,A,H,-,A,D,0,,,,,Y,,-,"- ",0,0,1,0,0,0,0,0,0,"- ","- ",37.81024169921875,-122.36482238769531,"SAN FRANCISCO","SAN FRANCISCO",-122.36487579345703,37.810276031494141
92403396,2024,2024-05-31,9335,2024-05-17,1435,023558,,5,2,7,3801,0,1,1,,2,023,"I-280 S/B","ALEMANY BLVD OVERCROSSING",200.00,S,N,A,-,Y,SF,,280," ",R,3.833,H,,L,N,4,0,1,2,A,-,07,21658,A,N,B,C,A,A,H,-,A,D,0,,,,,Y,,A,07,0,0,1,0,0,0,0,0,0,"- ","- ",37.732208251953125,-122.41513061523438,"SAN FRANCISCO","SAN FRANCISCO",-122.41513824462891,37.732223510742188
92403410,2024,2024-05-31,9335,2024-05-18,1410,023558,,6,2,7,3801,0,1,2,,2,013,"US-101 N/B","PAUL AVENUE UNDERCROSSING",150.00,N,N,A,-,Y,SF,,101," "," ",1.149,H,,R,Y,4,0,3,4,A,-,03,22350,,N,C,C,A,A,H,-,A,D,0,,,,,Y,,A,07,0,0,3,0,0,0,0,0,0,"- ","- ",37.724071502685547,-122.40122985839844,"SAN FRANCISCO","SAN FRANCISCO",-122.40122985839844,37.724071502685547
92403414,2024,2024-05-31,9335,2024-05-18,1842,023558,,6,2,7,3801,0,1,2,,2,013,"US-101 N/B","CORTLAND AVENUE UNDERCROSSING",750.00,N,N,A,-,Y,SF,,101," "," ",2.428,H,,R,N,4,0,1,2,A,-,03,22350,,N,B,C,A,A,H,-,A,D,0,,,Y,,Y,,C,02,0,0,1,0,0,0,0,0,1,"- ","- ",37.741661071777344,-122.40728759765625,"SAN FRANCISCO","SAN FRANCISCO",-122.40733337402344,37.741672515869141
92403523,2024,2024-05-31,9335,2024-05-24,"724 ",023357,,5,1,7,3801,0,1,1,,1,083,"I-80 E/B","TREASURE ISLAND RD",144.00,E,N,B,-,Y,SF,,80," "," ",7.750,H,,R,N,3,0,2,2,A,-,07,21658,A,N,C,C,A,A,H,-,A,D,0,,,,,Y,,D,22,0,2,0,0,0,0,0,0,0,"- ","- ",37.809368133544922,-122.36592102050781,"SAN FRANCISCO","SAN FRANCISCO",-122.36590576171875,37.809360504150391
92403906,2024,2024-06-03,9335,2024-05-17,"830 ",023474,,5,1,7,3801,0,1,1,,1,083,"I-80 E/B","TREASURE ISLAND RD",1290.00,W,N,A,-,Y,SF,,80," "," ",7.452,H,,R,N,3,0,2,2,A,-,03,22350,,N,C,C,A,A,H,-,A,D,0,,,,,Y,,A,01,0,2,0,0,0,0,0,0,0,"- ","- ",37.806011199951172,-122.36946105957031,"SAN FRANCISCO","SAN FRANCISCO",-122.36935424804688,37.805938720703125
92403959,2024,2024-06-03,9335,2024-05-25,"533 ",023312,,6,3,7,3801,0,1,1,,1,081,"I-80 W/B","SPEAR ST U/C",0.00,,Y,B,-,Y,SF,,80," "," ",5.861,H,,L,Y,3,0,1,3,A,-,03,22350,,F,C,C,A,B,H,-,B,D,0,,,,,Y,Y,A,08,0,1,0,0,0,0,0,0,0,"- ","- ",37.788230895996094,-122.38855743408203,"SAN FRANCISCO","SAN FRANCISCO",-122.3885498046875,37.788223266601562
9240414,2021,2022-02-17,3801,2021-03-21,2130,382,NORTH,7,5,7,3801,0,0,0,,0,,"LOMBARD ST","SCOTT ST",105.00,E,N,A,-,Y,SF,4,101,-,-,7.630,H,-,S,N,3,0,1,2,A,-,03,22350,,F,C,G,A,A,H,-,C,A,0,,Y,,,Y,,-,,0,1,0,0,0,0,1,0,0,"- ","- ",,,"SAN FRANCISCO","SAN FRANCISCO",-122.44145202636719,37.799129486083984
9240418,2021,2022-02-17,3801,2021-03-25,1701,472,TARAV,4,5,7,3801,0,0,0,,0,3I15D,"19TH AV","SLOAT BL",0.00,,Y,A,-,Y,SF,4,1,-,-,1.897,I,5,N,N,4,0,1,2,A,-,12,21453,A,N,D,C,A,A,H,-,A,A,0,,,,,Y,,A,01,0,0,1,0,0,0,0,0,0,"- ","- ",,,"SAN FRANCISCO","SAN FRANCISCO",-122.47508239746094,37.734642028808594
9240442,2021,2022-02-17,3801,2021-03-11,1755,2419,RICHM,4,5,7,3801,0,0,0,,0,901,"PARK PRESIDIO BYPASS DR","FULTON ST",1584.00,S,N,A,-,Y,SF,4,1,-,-,4.680,H,-,S,Y,4,0,1,2,A,-,04,21703,,N,C,C,A,A,H,-,B,A,0,,,,,Y,,A,01,0,0,1,0,0,0,0,0,0,"- ","- ",,,"SAN FRANCISCO","SAN FRANCISCO",-122.47718811035156,37.772445678710938
92406438,2024,2024-06-05,9335,2024-05-05,"630 ",023357,,7,1,7,3801,0,1,1,,1,081,"I-80 W/B","TREASURE ISLAND RD",3010.00,W,N,A,-,Y,SF,,80," "," ",7.154,H,,L,Y,3,0,2,2,A,-,03,22350,,N,C,C,A,A,H,-,A,D,0,,,,,Y,,A,01,0,2,0,0,0,0,0,0,0,"- ","- ",37.802768707275391,-122.3731689453125,"SAN FRANCISCO","SAN FRANCISCO",-122.37291717529297,37.802600860595703
92406746,2024,2024-06-24,9335,2024-05-25,1220,019914,,6,1,7,3801,0,1,1,,2,080,"U.S.-101 S/B","15TH STREET U/C",10.00,S,N,A,-,Y,SF,,80," "," ",3.868,H,,L,Y,4,0,1,2,A,-,07,21658,A,N,C,C,A,A,H,-,A,D,0,,,Y,,Y,,A,01,0,0,1,0,0,0,0,0,1,"- ","- ",37.767269134521484,-122.40531921386719,"SAN FRANCISCO","SAN FRANCISCO",-122.40534210205078,37.767269134521484
92407611,2024,2024-06-06,9350,2024-05-26,1915,023698,,7,2,7,3801,0,1,2,,2,010,"US-101 N/B","SR-1 U/C",475.00,S,N,A,-,Y,SF,,101," ",R,9.294,H,,R,Y,4,0,2,1,A,-,08,22107,,N,E,I,A,A,H,-,A,D,0,,,,,Y,,A,07,0,0,2,0,0,0,0,0,0,"- ","- ",37.803199768066406,-122.46913146972656,"SAN FRANCISCO","SAN FRANCISCO",-122.46917724609375,37.803085327148438
92407649,2024,2024-08-14,9335,2024-05-28,1432,023860,,2,2,7,3801,0,1,2,,2,014,"US 101 S/B","18TH ST PEDESTRIAN O/C",265.00,N,N,A,-,Y,SF,,101," "," ",4.010,H,,L,N,3,0,1,2,A,-,03,22350,,N,C,C,A,A,H,-,A,D,0,,,,,Y,,A,01,0,1,0,0,0,0,0,0,0,"- ","- ",37.762851715087891,-122.40540313720703,"SAN FRANCISCO","SAN FRANCISCO",-122.40544891357422,37.762866973876953
92408076,2024,2024-08-14,9335,2024-05-26,1925,023685,,7,2,7,3801,0,1,2,,2,015,"US-101 S/B TO I-80 E/B","DIVISION ST",40.00,S,N,A,-,Y,SF,,80," ",L,4.105,H,,R,N,4,0,1,1,A,-,08,22107,,N,E,I,A,A,H,-,A,D,0,,,,,Y,,A,07,0,0,1,0,0,0,0,0,0,"- ","- ",37.769878387451172,-122.40540313720703,"SAN FRANCISCO","SAN FRANCISCO",-122.40542602539062,37.769882202148438
92409030,2024,2024-06-07,9335,2024-01-21,2126,023111,,7,2,7,3801,0,1,1,,2,022,"I-280 S/B","HAVELOCK STREET PEDESTRIAN OVERCROSSING",252.00,N,N,C,-,Y,SF,,280," ",R,2.082,H,,L,Y,4,0,4,2,A,-,08,22107,,N,B,C,A,B,H,-,C,D,0,,,,,Y,Y,A,07,0,0,4,0,0,0,0,0,0,"- ","- ",37.727058410644531,-122.44534301757812,"SAN FRANCISCO","SAN FRANCISCO",-122.44529724121094,37.727035522460938
92409033,2024,2024-06-07,9335,2024-05-07,"925 ",023474,,2,1,7,3801,0,1,1,,1,081,"I-80 W/B","NORTHGATE RD",3700.00,E,N,A,-,Y,SF,,80," ",R,8.787,H,,L,N,3,0,2,2,A,-,03,22350,,N,C,C,A,A,H,-,A,D,0,,,,,Y,,A,01,0,2,0,0,0,0,0,0,0,"- ","- ",37.818950653076172,-122.35115814208984,"SAN FRANCISCO","SAN FRANCISCO",-122.35117340087891,37.818977355957031
92409261,2024,2024-06-07,9350,2024-05-23,1350,023669,,4,1,7,3801,0,1,2,,1,120,"US-101 N/B (GGB EAST WALKWAY)","MERCHANT RD",4235.00,N,N,A,-,N,,,,,,,,,,N,3,0,1,2,A,-,08,22107,,M,B,G,A,A,H,-,A,D,0,,Y,,,Y,,L,04,0,1,0,0,0,0,1,0,0,"- ","- ",37.817768096923828,-122.47823333740234,"SAN FRANCISCO","SAN FRANCISCO",-122.47453308105469,37.806819915771484
92409593,2024,2024-06-10,9335,2024-06-01,2110,023603,,6,2,7,3801,0,1,2,,2,015,"US-101 S/B TO I-80 E/B","DIVISION STREET UNDERCROSSING",70.00,N,N,A,-,Y,SF,,80," ",L,4.067,H,,R,N,4,0,1,1,A,-,08,22107,,N,E,I,A,A,H,-,C,D,0,,,,,Y,,A,01,0,0,1,0,0,0,0,0,0,"- ","- ",37.769481658935547,-122.40544891357422,"SAN FRANCISCO","SAN FRANCISCO",-122.40550231933594,37.769493103027344
92409594,2024,2024-06-10,9335,2024-05-31,1835,023536,,5,2,7,3801,0,1,1,,2,023,"I-280 SB","SAN JOSE AVE. OVERCROSSING",305.00,S,N,A,-,Y,SF,,280," ",R,1.393,H,,L,N,4,0,2,2,D,-,00,,,N,B,C,A,A,H,-,A,D,0,,,,,Y,,-,"- ",0,0,2,0,0,0,0,0,0,"- ","- ",37.717521667480469,-122.44864654541016,"SAN FRANCISCO","SAN FRANCISCO",-122.44869995117188,37.717525482177734
92409597,2024,2024-06-10,9335,2024-06-03,1050,018804,,1,1,7,3801,0,1,A,,2,089,"I-80 E/B PEDESTRIAN/BICYCLE PATHWAY","TREASURE ISLAND",2020.00,E,N,A,-,N,,,,,,,,,,N,3,0,1,1,B,-,22,,,N,F,G,A,A,H,-,A,D,0,,Y,,,Y,,L,04,0,1,0,0,0,0,1,0,0,"- ","- ",37.81787109375,-122.35311126708984,"SAN FRANCISCO","SAN FRANCISCO",,
92409759,2024,2024-06-10,9335,2024-05-31,"258 ",023464,,5,3,7,3801,0,1,1,,1,083,"I-80 E/B","THE EMBARCADERO UNDERCROSSING",1109.00,E,N,A,-,Y,SF,,80," "," ",6.135,H,,R,Y,2,0,2,4,A,-,03,22350,,N,C,C,E,A,H,-,D,D,0,Y,,,,Y,,A,07,1,1,0,0,1,0,0,0,0,"- ","- ",37.791301727294922,-122.38529205322266,"SAN FRANCISCO","SAN FRANCISCO",-122.38523864746094,37.791263580322266
92409770,2024,2024-06-10,9335,2024-05-31,2328,023737,,5,3,7,3801,0,1,1,,2,080,"I-80 WESTBOUND TO 8TH STREET","8TH STREET",15.00,E,N,A,-,Y,,,,,,,,,,N,4,0,1,2,B,-,22,,,N,C,C,A,A,H,-,C,D,0,,,,,Y,,J,48,0,0,1,0,0,0,0,0,0,"- ","- ",37.773410797119141,-122.40788269042969,"SAN FRANCISCO","SAN FRANCISCO",-122.4066162109375,37.772079467773438
92409771,2024,2024-06-10,9335,2024-05-29,"859 ",023357,,3,1,7,3801,0,1,2,,2,015,"US-101 N/B TO MISSION STREET","MISSION ST",302.00,S,N,A,-,Y,SF,,101," ",M,5.169,H,,R,N,4,0,1,2,A,-,07,21658,A,N,B,C,A,A,H,-,A,D,0,,,,,Y,,A,01,0,0,1,0,0,0,0,0,0,"- ","- ",37.770149230957031,-122.41880035400391,"SAN FRANCISCO","SAN FRANCISCO",-122.41883087158203,37.770027160644531
92409773,2024,2024-06-10,9335,2024-06-04,"735 ",023167,,2,1,7,3801,0,1,1,,2,080,"I-80 W/B","5TH STREET",110.00,W,N,A,-,Y,SF,,80," "," ",4.812,H,,L,Y,4,0,1,3,A,-,03,22350,,N,C,C,A,A,H,-,A,D,0,,,,,Y,,A,01,0,0,1,0,0,0,0,0,0,"- ","- ",37.778369903564453,-122.40168762207031,"SAN FRANCISCO","SAN FRANCISCO",-122.40164947509766,37.778339385986328
92409779,2024,2024-06-10,9335,2024-06-05,2145,023373,,3,2,7,3801,0,1,1,,1,081,"I-80 W/B","THE EMBARCADERO",3379.00,E,N,A,-,Y,SF,,80," "," ",6.559,H,,L,Y,3,0,2,3,A,-,03,22350,,N,C,C,A,A,H,-,C,D,0,,,,,Y,,A,01,0,2,0,0,0,0,0,0,0,"- ","- ",37.796119689941406,-122.38031768798828,"SAN FRANCISCO","SAN FRANCISCO",-122.38010406494141,37.795970916748047
92409801,2024,2024-06-10,9335,2024-06-06,"805 ",023832,,4,1,7,3801,0,1,1,,2,022,"I-280 NORTHBOUND","GENEVA AVE",139.00,N,N,B,-,Y,SF,,280," ",R,1.685,H,,R,Y,4,0,1,2,A,-,03,22350,,N,C,C,A,A,H,-,A,D,0,,,,,Y,,A,07,0,0,1,0,0,0,0,0,0,"- ","- ",37.721778869628906,-122.44802093505859,"SAN FRANCISCO","SAN FRANCISCO",-122.44799041748047,37.721775054931641
92411507,2024,2024-06-11,9350,2024-06-08,1531,022432,,6,2,7,3801,0,1,2,,2,020,"US-101 S/B","LINCOLN BLVD",475.00,N,N,A,-,Y,,,,,,,,,,Y,3,0,1,1,A,-,08,22107,,N,E,9,A,A,H,-,A,D,0,,,,Y,Y,,G,25,0,1,0,0,0,0,0,0,0,"- ","- ",37.807201385498047,-122.47576904296875,"SAN FRANCISCO","SAN FRANCISCO",-122.47480773925781,37.806438446044922
92414147,2024,2024-06-13,9335,2024-06-06,"620 ",022703,,4,1,7,3801,0,1,2,,2,013,"US-101 NORTHBOUND","SILVER AVENUE.",800.00,S,N,A,-,Y,SF,,101," "," ",1.620,H,,R,N,4,0,1,1,A,-,08,22107,,N,E,I,A,A,H,-,A,D,0,,,,,Y,,A,01,0,0,1,0,0,0,0,0,0,"- ","- ",37.730609893798828,-122.40416717529297,"SAN FRANCISCO","SAN FRANCISCO",-122.40398406982422,37.730667114257812
92414171,2024,2024-06-13,9335,2024-06-06,1325,023474,,4,1,7,3801,0,1,1,,2,080,"I-80 W/B","3RD ST",642.00,E,N,A,-,Y,SF,,80," "," ",5.358,H,,L,N,4,0,1,2,A,-,03,22350,,N,C,C,A,A,H,-,A,D,0,,,,,Y,,A,07,0,0,1,0,0,0,0,0,0,"- ","- ",37.783290863037109,-122.39520263671875,"SAN FRANCISCO","SAN FRANCISCO",-122.39523315429688,37.783317565917969