CASE_ID,ACCIDENT_YEAR,PROC_DATE,JURIS,COLLISION_DATE,COLLISION_TIME,OFFICER_ID,REPORTING_DISTRICT,DAY_OF_WEEK,CHP_SHIFT,POPULATION,CNTY_CITY_LOC,SPECIAL_COND,BEAT_TYPE,CHP_BEAT_TYPE,CITY_DIVISION_LAPD,CHP_BEAT_CLASS,BEAT_NUMBER,PRIMARY_RD,SECONDARY_RD,DISTANCE,DIRECTION,INTERSECTION,WEATHER_1,WEATHER_2,STATE_HWY_IND,CALTRANS_COUNTY,CALTRANS_DISTRICT,STATE_ROUTE,ROUTE_SUFFIX,POSTMILE_PREFIX,POSTMILE,LOCATION_TYPE,RAMP_INTERSECTION,SIDE_OF_HWY,TOW_AWAY,COLLISION_SEVERITY,NUMBER_KILLED,NUMBER_INJURED,PARTY_COUNT,PRIMARY_COLL_FACTOR,PCF_CODE_OF_VIOL,PCF_VIOL_CATEGORY,PCF_VIOLATION,PCF_VIOL_SUBSECTION,HIT_AND_RUN,TYPE_OF_COLLISION,MVIW,PED_ACTION,ROAD_SURFACE,ROAD_COND_1,ROAD_COND_2,LIGHTING,CONTROL_DEVICE,CHP_ROAD_TYPE,PEDESTRIAN_ACCIDENT,BICYCLE_ACCIDENT,MOTORCYCLE_ACCIDENT,TRUCK_ACCIDENT,NOT_PRIVATE_PROPERTY,ALCOHOL_INVOLVED,STWD_VEHTYPE_AT_FAULT,CHP_VEHTYPE_AT_FAULT,COUNT_SEVERE_INJ,COUNT_VISIBLE_INJ,COUNT_COMPLAINT_PAIN,COUNT_PED_KILLED,COUNT_PED_INJURED,COUNT_BICYCLIST_KILLED,COUNT_BICYCLIST_INJURED,COUNT_MC_KILLED,COUNT_MC_INJURED,PRIMARY_RAMP,SECONDARY_RAMP,LATITUDE,LONGITUDE,COUNTY,CITY,POINT_X,POINT_Y
92414336,2024,2024-06-13,9335,2024-05-31,"835 ",023474,,5,1,7,3801,0,1,1,,2,022,"I-280 N/B","BADEN ST",654.00,S,N,A,-,Y,SF,,280," ",R,2.338,H,,R,N,3,0,1,3,A,-,08,22107,,N,C,C,A,A,H,-,A,D,0,,,,,Y,,A,01,0,1,0,0,0,0,0,0,0,"- ","- ",37.729148864746094,-122.44138336181641,"SAN FRANCISCO","SAN FRANCISCO",-122.44140625,37.729190826416016
92414460,2024,2024-08-02,9335,2024-06-07,2330,023593,,5,3,7,3801,0,1,1,,1,083,"I-80 EASTBOUND","FOREST HILL ROAD",1638.00,E,N,A,-,Y,SF,,80," ",R,8.111,H,,R,Y,4,0,1,3,A,-,07,21658,A,N,B,C,A,A,H,-,C,D,0,,,,,Y,,A,07,0,0,1,0,0,0,0,0,0,"- ","- ",37.813331604003906,-122.36151885986328,"SAN FRANCISCO","SAN FRANCISCO",-122.36158752441406,37.813385009765625
92414480,2024,2024-06-14,9335,2024-06-06,"8   ",022048,,4,3,7,3801,0,1,1,,2,080,"INTERSTATE 80 WESTBOUND TO FIFTH STREET","FIFTH STREET",1109.00,E,N,A,-,Y,SF,,80," "," ",5.113,H,,L,Y,2,0,2,1,A,-,08,22107,,F,E,I,A,A,H,-,C,C,0,,,,,Y,,A,01,1,0,1,0,0,0,0,0,0,"- ","- ",37.78076171875,-122.39823913574219,"SAN FRANCISCO","SAN FRANCISCO",-122.3984375,37.780914306640625
92414841,2023,2024-06-14,9335,2023-12-07,2011,023312,,4,2,7,3801,0,1,2,,2,015,"US-101 N/B","MISSION ST U/C",153.00,N,N,A,-,Y,SF,,101," ",M,5.263,H,,R,N,4,0,1,4,A,-,03,22350,,M,C,C,A,A,H,-,C,D,0,,,,,Y,,A,07,0,0,1,0,0,0,0,0,0,"- ","- ",37.770118713378906,-122.42051696777344,"SAN FRANCISCO","SAN FRANCISCO",-122.42051696777344,37.7701416015625
92415470,2023,2024-06-17,9335,2023-08-27,"252 ",023111,,7,3,7,3801,0,1,2,,2,013,"US-101 N/B","BAYSHORE BLVD OVERCROSSING",1129.00,N,N,A,-,Y,SF,,101," "," ",0.772,H,,R,Y,1,2,1,2,A,-,01,23152,A,N,A,C,A,A,H,-,C,D,0,,,,,Y,Y,A,01,1,0,0,0,0,0,0,0,0,"- ","- ",37.718978881835938,-122.39949798583984,"SAN FRANCISCO","SAN FRANCISCO",-122.39943695068359,37.718990325927734
92415498,2024,2024-06-17,9335,2024-06-02,1600,023489,,7,2,7,3801,0,1,1,,2,080,"I-80 E/B","4TH STREET UNDER-CROSSING",266.00,W,N,A,-,Y,SF,,80," "," ",4.949,H,,R,N,3,0,1,3,A,-,03,22350,,N,B,C,A,A,H,-,A,D,0,,,Y,,Y,,C,02,0,1,0,0,0,0,0,0,1,"- ","- ",37.779441833496094,-122.39943695068359,"SAN FRANCISCO","SAN FRANCISCO",-122.39944458007812,37.779445648193359
92418206,2024,2024-06-19,9335,2024-05-26,2209,023603,,7,3,7,3801,0,1,2,,2,013,"US-101 S/B","BACON STREET UNDERCROSSING",495.00,S,N,A,-,Y,SF,,101," "," ",1.319,H,,L,Y,4,0,1,2,A,-,08,22107,,N,B,C,A,A,H,-,C,D,0,,,Y,,Y,,C,02,0,0,1,0,0,0,0,0,1,"- ","- ",37.726478576660156,-122.40238189697266,"SAN FRANCISCO","SAN FRANCISCO",-122.40243530273438,37.726467132568359
92419123,2024,2024-06-20,9335,2024-04-20,"216 ",023489,,6,3,7,3801,0,1,2,,2,013,"US-101 SOUTHBOUND","BACON STREET UNDER-CROSSING",539.00,N,N,A,-,Y,SF,,101," "," ",1.528,H,,L,Y,4,0,1,3,A,-,03,22350,,N,B,C,A,A,H,-,C,D,0,,,Y,,Y,,A,01,0,0,1,0,0,0,0,0,0,"- ","- ",37.729351043701172,-122.40361022949219,"SAN FRANCISCO","SAN FRANCISCO",-122.40364837646484,37.729339599609375
92419437,2024,2024-06-20,9335,2024-06-12,"527 ",023357,,3,3,7,3801,0,1,1,,1,081,"I-80 W/B","WEST EDGE OF THE TREASURE ISLAND TUNNEL",959.00,W,N,A,-,Y,SF,,80," "," ",7.539,H,,L,Y,4,0,1,2,A,-,04,21703,,N,C,C,A,A,H,-,B,D,0,,,,,Y,,-,"- ",0,0,1,0,0,0,0,0,0,"- ","- ",37.806991577148438,-122.36843109130859,"SAN FRANCISCO","SAN FRANCISCO",-122.36830902099609,37.806911468505859
92420602,2024,2024-06-21,9335,2024-05-23,2205,023373,,4,3,7,3801,0,1,1,,1,081,"I-80 W/B","TREASURE ISLAND RD",3802.00,W,N,A,-,Y,,,,,,,,,,N,3,0,1,1,A,-,08,22107,,M,B,C,A,A,H,-,C,D,0,,,,,Y,,A,08,0,1,0,0,0,0,0,0,0,"- ","- ",37.801239013671875,-122.37484741210938,"SAN FRANCISCO","SAN FRANCISCO",-122.36534881591797,37.809883117675781
92420607,2024,2024-06-21,9335,2024-05-11,"627 ",023474,,6,1,7,3801,0,1,1,,2,021,"I-280 N/B","JOHN DALY OVERCROSSING",523.00,S,N,A,-,Y,SM,,280," ",M,27.061,H,,R,N,2,0,1,1,A,-,08,22107,,M,E,I,A,A,H,-,B,D,0,,,,,Y,,A,01,1,0,0,0,0,0,0,0,0,"- ","- ",37.703548431396484,-122.4713134765625,"SAN FRANCISCO","SAN FRANCISCO",-122.47127532958984,37.703548431396484
92421162,2024,2024-06-24,9335,2024-06-08,"430 ",023379,,6,3,7,3801,0,1,1,,1,083,"I-80 E/B","TREASURE ISLAND RD",2112.00,W,N,A,-,Y,SF,,80," "," ",7.240,H,,R,Y,3,0,1,2,A,-,01,23152,A,N,C,C,A,A,H,-,C,D,0,,,,,Y,Y,A,07,0,1,0,0,0,0,0,0,0,"- ","- ",37.803668975830078,-122.37204742431641,"SAN FRANCISCO","SAN FRANCISCO",-122.37188720703125,37.803562164306641
92423049,2024,2024-06-25,9335,2024-06-11,1100,023832,,2,1,7,3801,0,1,1,,1,081,"I-80 W/B","NORTH GATE ROAD UNDERCROSSING",1610.00,E,N,A,-,Y,SF,,80," ",R,8.407,H,,L,Y,4,0,1,2,A,-,04,21703,,N,C,C,A,A,H,-,A,D,0,,,,,Y,,A,01,0,0,1,0,0,0,0,0,0,"- ","- ",37.816181182861328,-122.35732269287109,"SAN FRANCISCO","SAN FRANCISCO",-122.35742950439453,37.816310882568359
92424292,2024,2024-06-26,9335,2024-06-13,1110,023312,,4,1,7,3801,0,1,1,,1,081,"I-80 W/B","TREASURE ISLAND RD O/C",2890.00,W,N,B,-,Y,SF,,80," "," ",7.179,H,,L,Y,3,0,1,2,A,-,03,22350,,N,C,2,A,A,H,-,A,D,0,,,Y,,Y,,-,"- ",0,1,0,0,0,0,0,0,1,"- ","- ",37.803028106689453,-122.37286376953125,"SAN FRANCISCO","SAN FRANCISCO",-122.37262725830078,37.802875518798828
92424739,2024,2024-06-27,9335,2024-06-06,1010,023312,,4,1,7,3801,0,1,2,,2,014,"US-101 S/B","22ND ST PEDESTRIAN O/C",80.00,S,N,A,-,Y,SF,,101," "," ",3.533,H,,L,Y,4,0,1,3,A,-,08,22107,,N,B,2,A,A,H,-,A,D,0,,,,,Y,,A,01,0,0,1,0,0,0,0,0,0,"- ","- ",37.757038116455078,-122.40373229980469,"SAN FRANCISCO","SAN FRANCISCO",-122.40371704101562,37.757045745849609
92424946,2024,2024-06-27,9335,2024-06-20,"844 ",023312,,4,1,7,3801,0,1,1,,2,080,"I-80 W/B TO 5TH STREET","5TH ST",20.00,E,N,B,-,Y,,,,,,,,,,N,4,0,2,3,A,-,21,22106,,M,C,C,A,A,H,-,A,D,0,,,,,Y,,A,01,0,0,2,0,0,0,0,0,0,"- ","- ",37.779048919677734,-122.40144348144531,"SAN FRANCISCO","SAN FRANCISCO",-122.40127563476562,37.778640747070312
92424954,2024,2024-06-27,9335,2024-06-20,"845 ",023312,,4,1,7,3801,0,1,1,,2,080,"I-80 W/B TO 5TH STREET","5TH ST",18.00,E,N,B,-,Y,,,,,,,,,,N,4,0,2,3,A,-,07,21658,A,M,C,C,A,A,H,-,A,D,0,,,,,Y,,A,01,0,0,2,0,0,0,0,0,0,"- ","- ",37.779041290283203,-122.40145874023438,"SAN FRANCISCO","SAN FRANCISCO",-122.40127563476562,37.778636932373047
92426025,2024,2024-06-28,9335,2024-06-15,1110,023312,,6,1,7,3801,0,1,1,,2,024,"I-280 N/B","18TH ST O/C",340.00,S,N,A,-,Y,SF,,280," ",R,6.522,H,,R,Y,4,0,1,4,A,-,03,22350,,M,C,C,A,A,H,-,A,D,0,,,,,Y,,A,01,0,0,1,0,0,0,0,0,0,"- ","- ",37.761859893798828,-122.39244079589844,"SAN FRANCISCO","SAN FRANCISCO",-122.39247894287109,37.761856079101562
92426043,2024,2024-06-28,9335,2024-06-11,1456,023860,,2,2,7,3801,0,1,1,,2,080,"I-80 W/B","2ND ST",120.00,E,N,A,-,Y,SF,,80," "," ",5.438,H,,L,N,3,0,1,2,A,-,03,22350,,F,C,C,A,A,H,-,A,D,0,,,,,Y,,-,99,0,1,0,0,0,0,0,0,0,"- ","- ",37.784069061279297,-122.39417266845703,"SAN FRANCISCO","SAN FRANCISCO",-122.39420318603516,37.784095764160156
92426138,2024,2024-06-28,9335,2024-06-13,"710 ",023357,,4,1,7,3801,0,1,2,,2,013,"US-101 N/B","PAUL AVE UNDERCROSSING",293.00,S,N,A,-,Y,SF,,101," "," ",1.062,H,,R,N,4,0,1,2,A,-,17,23114,A,F,E,J,A,A,H,-,A,D,0,,,,,Y,,-,99,0,0,1,0,0,0,0,0,0,"- ","- ",37.722888946533203,-122.40074157714844,"SAN FRANCISCO","SAN FRANCISCO",-122.40074920654297,37.722888946533203
92426191,2024,2024-06-28,9335,2024-06-18,1750,023118,,2,2,7,3801,0,1,1,,2,080,"I-80 W/B","3RD STREET",50.00,W,N,A,-,Y,SF,,80," "," ",5.221,H,,L,N,4,0,1,2,A,-,03,22350,,N,C,C,A,A,H,-,A,D,0,,,,,Y,,A,01,0,0,1,0,0,0,0,0,0,"- ","- ",37.781909942626953,-122.39694976806641,"SAN FRANCISCO","SAN FRANCISCO",-122.39701080322266,37.781963348388672
92426304,2024,2024-06-28,9335,2024-06-18,1024,023357,,2,1,7,3801,0,1,1,,1,081,"I-80 W/B","THE EMBARCADERO",2218.00,E,N,A,-,Y,SF,,80," "," ",6.331,H,,L,N,4,0,1,2,A,-,03,22350,,N,C,C,A,A,H,-,A,D,0,,,,,Y,,A,01,0,0,1,0,0,0,0,0,0,"- ","- ",37.793479919433594,-122.38292694091797,"SAN FRANCISCO","SAN FRANCISCO",-122.38286590576172,37.793437957763672
92426655,2024,2024-07-01,9335,2024-06-13,1400,023685,,4,2,7,3801,0,1,2,,2,013,"I-280 S/B TO US-101","BACON ST",855.00,N,N,A,-,Y,SF,,101," "," ",1.584,H,,R,N,4,0,1,3,A,-,03,22350,,N,C,D,A,A,H,-,A,D,0,,,,Y,Y,,A,01,0,0,1,0,0,0,0,0,0,"- ","- ",37.730201721191406,-122.40363311767578,"SAN FRANCISCO","SAN FRANCISCO",-122.40373992919922,37.730167388916016
92426663,2024,2024-07-01,9335,2024-06-20,1040,023654,,4,1,7,3801,0,1,2,,2,014,"US-101 SOUTHHBOUND","23RD STREET OVERCROSSING",150.00,S,N,A,-,Y,SF,,101," "," ",3.333,H,,R,Y,4,0,1,3,A,-,03,22350,,N,C,C,A,A,H,-,A,D,0,,,,,Y,,D,22,0,0,1,0,0,0,0,0,0,"- ","- ",37.754020690917969,-122.40309143066406,"SAN FRANCISCO","SAN FRANCISCO",-122.40289306640625,37.754032135009766
92426671,2024,2024-07-01,9335,2024-06-20,1130,019914,,4,1,7,3801,0,1,1,,1,081,"I-80 WB","TREASURE ISLAND ROAD OC",1000.00,W,N,A,-,Y,SF,,80," "," ",7.633,H,,L,N,4,0,1,2,A,-,07,21658,A,N,B,C,A,A,H,-,A,D,0,,,,,Y,,-,"- ",0,0,1,0,0,0,0,0,0,"- ","- ",37.808059692382812,-122.36736297607422,"SAN FRANCISCO","SAN FRANCISCO",-122.36721801757812,37.8079833984375
92426845,2024,2024-07-01,9335,2024-06-09,"240 ",023593,,7,3,7,3801,0,1,2,,2,013,"US-101 SOUTHBOUND TO SILVER AVENUE","SILVER AVENUE",484.00,N,N,A,-,Y,SF,,101," "," ",1.765,H,,L,Y,4,0,1,2,A,-,01,23152,G,N,C,C,A,A,H,-,C,D,0,,,,,Y,Y,A,01,0,0,1,0,0,0,0,0,0,"- ","- ",37.732460021972656,-122.40537261962891,"SAN FRANCISCO","SAN FRANCISCO",-122.40526580810547,37.732494354248047
92427840,2024,2024-07-01,9335,2024-06-14,1139,023367,,5,1,7,3801,0,1,1,,2,023,"I-280 S/B","MISSION ST",30.00,S,N,A,-,Y,SF,,280," ",R,3.105,H,,L,N,4,0,1,1,A,-,08,22107,,N,E,I,A,A,H,-,A,D,0,,,,,Y,,-,"- ",0,0,1,0,0,0,0,0,0,"- ","- ",37.732158660888672,-122.42816925048828,"SAN FRANCISCO","SAN FRANCISCO",-122.42820739746094,37.732048034667969
92427846,2024,2024-07-01,9335,2024-06-15,1156,023367,,6,1,7,3801,0,1,1,,2,024,"I-280 N/B","18TH ST",320.00,S,N,A,-,Y,SF,,280," ",R,6.529,H,,R,N,4,0,2,2,A,-,03,22350,,N,C,C,A,A,H,-,A,D,0,,,,,Y,,A,01,0,0,2,0,0,0,0,0,0,"- ","- ",37.761940002441406,-122.39244842529297,"SAN FRANCISCO","SAN FRANCISCO",-122.39248657226562,37.761936187744141
92429876,2024,2024-07-03,9335,2024-06-12,"845 ",023167,,3,1,7,3801,0,1,2,,2,013,"US-101 S/B","FAITH ST OVERCROSSING",775.00,N,N,A,-,Y,SF,,101," "," ",2.763,H,,L,N,4,0,1,2,A,-,07,21658,A,N,C,C,A,A,H,-,A,D,0,,,,Y,Y,,A,07,0,0,1,0,0,0,0,0,0,"- ","- ",37.745990753173828,-122.40487670898438,"SAN FRANCISCO","SAN FRANCISCO",-122.40487670898438,37.745990753173828
92432334,2024,2024-07-08,9335,2024-06-16,"335 ",023121,,7,3,7,3801,0,1,2,,2,014,"US-101 SOUTHBOUND","18TH STREET PEDESTRIAN OVERCROSSING",70.00,S,N,A,-,Y,SF,,101," "," ",3.945,H,,L,Y,2,0,3,2,A,-,01,23152,G,N,C,C,A,A,H,-,D,D,0,,,,,Y,Y,A,08,1,2,0,0,0,0,0,0,0,"- ","- ",37.762031555175781,-122.40598297119141,"SAN FRANCISCO","SAN FRANCISCO",-122.40593719482422,37.762012481689453
92433324,2024,2024-07-08,9335,2024-06-29,1730,023592,,6,2,7,3801,0,1,1,,2,021,"I-280 N/B","JOHN DALY BLVD O/C",160.00,S,N,A,-,Y,SM,,280," ",M,27.122,H,,R,Y,4,0,1,3,A,-,03,22350,,N,C,C,A,A,H,-,A,D,0,,,,,Y,,A,01,0,0,1,0,0,0,0,0,0,"- ","- ",37.704441070556641,-122.47145843505859,"SAN FRANCISCO","SAN FRANCISCO",-122.47122192382812,37.70440673828125
92434195,2024,2024-07-09,9335,2024-06-27,1100,023654,,4,1,7,3801,0,1,1,,2,080,"I-80 EASTBOUND","16TH STREET UNDERCROSSING",30.00,E,N,A,-,Y,SF,,80," "," ",3.840,H,,R,Y,4,0,2,2,A,-,00,23153,F,N,B,C,A,A,H,-,A,D,0,,,,,Y,,A,01,0,0,2,0,0,0,0,0,0,"- ","- ",37.766139984130859,-122.40489196777344,"SAN FRANCISCO","SAN FRANCISCO",-122.40492248535156,37.766139984130859
92434540,2024,2024-07-10,9335,2024-07-04,"735 ",023504,,4,1,7,3801,0,1,2,,2,013,"US-101 SB","ALEMANY BOULEVARD",1108.00,N,N,A,-,Y,SF,,101," "," ",2.368,H,,L,Y,4,0,1,1,A,-,08,22107,,N,E,8,A,A,H,-,A,D,0,,,,,Y,,-,"- ",0,0,1,0,0,0,0,0,0,"- ","- ",37.740928649902344,-122.40779876708984,"SAN FRANCISCO","SAN FRANCISCO",-122.40788269042969,37.740943908691406
92438071,2024,2024-07-12,9335,2024-06-16,1835,023603,,7,2,7,3801,0,1,2,,2,013,"US-101 S/B","PAUL AVENUE UNDERCROSSING",145.00,N,N,A,-,Y,SF,,101," "," ",1.157,H,,L,Y,4,0,2,2,A,-,07,21658,A,N,C,C,A,A,H,-,A,D,0,,,,,Y,,-,"- ",0,0,2,0,0,0,0,0,0,"- ","- ",37.724208831787109,-122.40157318115234,"SAN FRANCISCO","SAN FRANCISCO",-122.40155792236328,37.724212646484375
92439203,2024,2024-07-15,9350,2024-07-11,1550,022411,,4,2,7,3801,0,1,2,,2,010,"US-101 N/B","LINCOLN BLVD U/C",540.00,S,N,A,-,Y,SF,,101," ",R,9.554,H,,R,N,3,0,1,2,A,-,08,22107,,N,B,C,A,A,H,-,A,D,0,,,Y,,Y,,C,02,0,1,0,0,0,0,0,0,1,"- ","- ",37.805210113525391,-122.47324371337891,"SAN FRANCISCO","SAN FRANCISCO",-122.47325897216797,37.805156707763672
92439349,2024,2024-07-15,9335,2024-07-07,"250 ",023464,,7,3,7,3801,0,1,2,,2,013,"US-101 SOUTHBOUND","ALEMANY BLVD UNDERCROSSING",170.00,N,N,A,-,Y,SF,,101," "," ",2.175,H,,L,Y,4,0,6,3,A,-,08,22107,,N,D,C,A,A,H,-,C,D,0,,,,,Y,,A,01,0,0,6,0,0,0,0,0,0,"- ","- ",37.738151550292969,-122.40818786621094,"SAN FRANCISCO","SAN FRANCISCO",-122.40808868408203,37.7381591796875
92439559,2024,2024-07-15,9335,2024-07-06,1120,023474,,6,1,7,3801,0,1,1,,2,023,"I-280 S/B","LYELL ST",790.00,S,N,A,-,Y,SF,,280," ",R,2.875,H,,L,N,4,0,1,2,A,-,21,22106,,N,C,C,A,A,H,-,A,A,0,,,,,Y,,A,01,0,0,1,0,0,0,0,0,0,"- ","- ",37.732280731201172,-122.43247985839844,"SAN FRANCISCO","SAN FRANCISCO",-122.43245697021484,37.732189178466797
92439566,2024,2024-07-15,9335,2024-07-07,"155 ",023167,,7,3,7,3801,0,1,2,,2,015,"US-101 S/B TO I-80 E/B","DIVISION ST",70.00,S,N,A,-,Y,SF,,80," ",L,4.068,H,,R,N,4,0,1,1,A,-,08,22107,,N,E,I,A,A,H,-,C,D,0,,,,,Y,,A,01,0,0,1,0,0,0,0,0,0,"- ","- ",37.769489288330078,-122.40544128417969,"SAN FRANCISCO","SAN FRANCISCO",-122.40549468994141,37.769504547119141
92440658,2024,2024-07-16,9335,2024-07-10,"845 ",019914,,3,1,7,3801,0,1,2,,2,012,"US 101 NB","23RD ST OC",650.00,N,N,A,-,Y,SF,,101," "," ",3.494,H,,R,Y,4,0,1,3,A,-,03,22350,,N,C,C,A,A,H,-,A,D,0,,,,,Y,,A,08,0,0,1,0,0,0,0,0,0,"- ","- ",37.756488800048828,-122.40328216552734,"SAN FRANCISCO","SAN FRANCISCO",-122.40320587158203,37.756504058837891
92441487,2024,2024-07-17,9335,2024-03-09,"205 ",023474,,6,3,7,3801,0,1,1,,2,023,"I-280 N/B","MISSION ST",520.00,S,N,A,-,Y,SF,,280," ",R,2.996,H,,R,Y,1,1,0,1,A,-,01,23152,A,N,E,I,A,A,H,-,C,D,0,,,,,Y,Y,A,07,0,0,0,0,0,0,0,0,0,"- ","- ",37.732089996337891,-122.43025970458984,"SAN FRANCISCO","SAN FRANCISCO",-122.43025207519531,37.732170104980469
92441669,2024,2024-07-17,9335,2024-07-07,"735 ",023845,,7,1,7,3801,0,1,2,,2,013,"US-101 NB","16TH STREET",29.00,N,N,B,-,Y,SF,,101," "," ",4.236,H,,R,Y,4,0,1,2,A,-,08,22107,,N,E,8,A,A,H,-,A,D,0,,,,,Y,,A,01,0,0,1,0,0,0,0,0,0,"- ","- ",37.766109466552734,-122.40496063232422,"SAN FRANCISCO","SAN FRANCISCO",-122.40504455566406,37.766101837158203
92441703,2024,2024-07-17,9335,2024-07-11,"154 ",023737,,4,3,7,3801,0,1,1,,2,080,"I-80 WESTBOUND","15 STREET STREET",117.00,E,N,A,-,Y,SF,,80," "," ",3.929,H,,L,N,4,0,1,2,A,-,03,22350,,N,C,C,A,A,H,-,D,D,0,,,,,Y,,A,07,0,0,1,0,0,0,0,0,0,"- ","- ",37.767589569091797,-122.40544128417969,"SAN FRANCISCO","SAN FRANCISCO",-122.40537261962891,37.767593383789062
92441936,2024,2024-07-17,9335,2024-06-18,2349,022048,,2,3,7,3801,0,1,2,,2,014,"US-101 N/B","23RD ST",100.00,N,N,A,-,Y,SF,,101," "," ",3.391,H,,R,N,4,0,1,2,A,-,03,22350,,F,C,C,A,A,H,-,C,D,0,,,,,Y,,-,"- ",0,0,1,0,0,0,0,0,0,"- ","- ",37.754901885986328,-122.40303039550781,"SAN FRANCISCO","SAN FRANCISCO",-122.40296936035156,37.754901885986328
92443434,2024,2024-07-19,9335,2024-07-04,2205,023737,,4,3,7,3801,0,1,2,,2,014,"US-101 SOUTHBOUND","18TH STREET PEDESTRIAN OVERCROSSING",527.00,S,N,A,-,Y,SF,,101," "," ",3.856,H,,L,Y,4,0,1,2,A,-,01,23152,A,N,B,C,A,A,H,-,D,D,0,,,,,Y,,A,01,0,0,1,0,0,0,0,0,0,"- ","- ",37.760810852050781,-122.40641021728516,"SAN FRANCISCO","SAN FRANCISCO",-122.40646362304688,37.760822296142578
92443586,2024,2024-07-19,9335,2024-06-16,"40  ",023737,,7,3,7,3801,0,1,1,,2,080,"I-80 WESTBOUND TO FIFTH STREET","5TH STREET",88.00,E,N,A,-,Y,,,,,,,,,,Y,4,0,1,2,A,-,01,23152,A,N,C,C,A,A,H,-,C,A,0,,,,,Y,Y,A,01,0,0,1,0,0,0,0,0,0,"- ","- ",37.779048919677734,-122.40135955810547,"SAN FRANCISCO","SAN FRANCISCO",-122.40110778808594,37.778774261474609
92444358,2024,2024-07-22,9335,2024-07-19,1900,023592,,5,2,7,3801,0,1,1,,1,083,"I-80 E/B","TREASURE ISLAND RD",5122.00,W,N,A,-,Y,SF,,80," "," ",6.755,H,,R,N,3,0,1,2,A,-,03,22350,,N,C,C,A,A,H,-,A,D,0,,,,,Y,,A,08,0,1,0,0,0,0,0,0,0,"- ","- ",37.798271179199219,-122.37789916992188,"SAN FRANCISCO","SAN FRANCISCO",-122.37772369384766,37.798152923583984
9246885,2021,2021-04-20,3801,2021-03-12,1614,2727,NORTH,5,5,7,3801,0,0,0,,0,3A15D,"MARINA BL","WEBSTER ST",0.00,,Y,A,-,N,,,,,,,,,,Y,4,0,1,2,A,-,03,22350,,F,C,C,A,A,H,-,A,A,0,,,,,Y,,A,01,0,0,1,0,0,0,0,0,0,"- ","- ",,,"SAN FRANCISCO","SAN FRANCISCO",-122.43563079833984,37.806175231933594
9247106,2021,2021-04-29,3801,2021-03-03,2104,1252,RICHM,3,5,7,3801,0,0,0,,0,0G3,"6TH AV","ANZA ST",0.00,,Y,A,-,N,,,,,,,,,,,4,0,1,2,A,-,12,22450,A,N,G,G,A,A,H,-,C,C,0,,Y,,,Y,,-,"- ",0,0,1,0,0,0,1,0,0,"- ","- ",,,"SAN FRANCISCO","SAN FRANCISCO",-122.46414947509766,37.779102325439453
9247405,2021,2021-04-30,3801,2021-03-12,1953,1994,TRAFF,5,5,7,3801,0,0,0,,0,4B3G,"LINCOLN WY","7TH AV",2.00,W,N,A,-,N,,,,,,,,,,N,3,0,1,2,A,-,11,21456,C,N,G,B,B,A,H,-,C,A,0,Y,,,,Y,,N,60,0,1,0,0,1,0,0,0,0,"- ","- ",,,"SAN FRANCISCO","SAN FRANCISCO",-122.46430969238281,37.766040802001953
9247417,2021,2021-04-28,3801,2021-02-19,0910,2722,PARK,5,5,7,3801,0,0,0,,0,3F13A,"HAIGHT ST","MASONIC AV",0.00,,Y,B,C,N,,,,,,,,,,N,4,0,2,2,A,-,09,21453,B,N,D,-,A,B,H,-,A,A,0,,,Y,,Y,,C,06,0,0,2,0,0,0,0,0,0,"- ","- ",,,"SAN FRANCISCO","SAN FRANCISCO",-122.44535064697266,37.770210266113281