CASE_ID,ACCIDENT_YEAR,PROC_DATE,JURIS,COLLISION_DATE,COLLISION_TIME,OFFICER_ID,REPORTING_DISTRICT,DAY_OF_WEEK,CHP_SHIFT,POPULATION,CNTY_CITY_LOC,SPECIAL_COND,BEAT_TYPE,CHP_BEAT_TYPE,CITY_DIVISION_LAPD,CHP_BEAT_CLASS,BEAT_NUMBER,PRIMARY_RD,SECONDARY_RD,DISTANCE,DIRECTION,INTERSECTION,WEATHER_1,WEATHER_2,STATE_HWY_IND,CALTRANS_COUNTY,CALTRANS_DISTRICT,STATE_ROUTE,ROUTE_SUFFIX,POSTMILE_PREFIX,POSTMILE,LOCATION_TYPE,RAMP_INTERSECTION,SIDE_OF_HWY,TOW_AWAY,COLLISION_SEVERITY,NUMBER_KILLED,NUMBER_INJURED,PARTY_COUNT,PRIMARY_COLL_FACTOR,PCF_CODE_OF_VIOL,PCF_VIOL_CATEGORY,PCF_VIOLATION,PCF_VIOL_SUBSECTION,HIT_AND_RUN,TYPE_OF_COLLISION,MVIW,PED_ACTION,ROAD_SURFACE,ROAD_COND_1,ROAD_COND_2,LIGHTING,CONTROL_DEVICE,CHP_ROAD_TYPE,PEDESTRIAN_ACCIDENT,BICYCLE_ACCIDENT,MOTORCYCLE_ACCIDENT,TRUCK_ACCIDENT,NOT_PRIVATE_PROPERTY,ALCOHOL_INVOLVED,STWD_VEHTYPE_AT_FAULT,CHP_VEHTYPE_AT_FAULT,COUNT_SEVERE_INJ,COUNT_VISIBLE_INJ,COUNT_COMPLAINT_PAIN,COUNT_PED_KILLED,COUNT_PED_INJURED,COUNT_BICYCLIST_KILLED,COUNT_BICYCLIST_INJURED,COUNT_MC_KILLED,COUNT_MC_INJURED,PRIMARY_RAMP,SECONDARY_RAMP,LATITUDE,LONGITUDE,COUNTY,CITY,POINT_X,POINT_Y
9247449,2021,2021-04-20,3801,2021-03-07,0230,1845,TARAV,7,5,7,3801,0,0,0,,0,3I15E,"SKYLINE BL","LAKE MERCED BL",0.00,,Y,A,-,N,,,,,,,,,,N,4,0,1,2,A,-,10,21950,A,F,G,B,B,A,H,-,C,A,0,Y,,,,Y,,-,,0,0,1,0,1,0,0,0,0,"- ","- ",,,"SAN FRANCISCO","SAN FRANCISCO",-122.49894714355469,37.731536865234375
9247450,2021,2021-04-20,3801,2021-03-06,2124,4125,RICHM,6,5,7,3801,0,0,0,,0,3G12E,"CALIFORNIA AV","LYON ST",0.00,,Y,A,-,N,,,,,,,,,,Y,3,0,3,2,A,-,09,21453,B,N,B,C,A,A,H,-,C,A,0,,,,,Y,,A,01,0,1,2,0,0,0,0,0,0,"- ","- ",,,"SAN FRANCISCO","SAN FRANCISCO",-122.44540405273438,37.787418365478516
9247451,2021,2021-04-20,3801,2021-03-06,1635,4314,RICHM,6,5,7,3801,0,0,0,,0,0G4,"28TH AV","CLEMENT ST",0.00,,Y,A,-,N,,,,,,,,,,Y,4,0,1,2,A,-,09,21801,A,N,D,C,A,A,H,-,A,A,0,,,,,Y,,A,01,0,0,1,0,0,0,0,0,0,"- ","- ",,,"SAN FRANCISCO","SAN FRANCISCO",-122.48807525634766,37.781856536865234
9247452,2021,2021-04-20,3801,2021-03-06,1345,1385,MISSI,6,5,7,3801,0,0,0,,0,3S41A,"MARKET ST","CASTRO ST",0.00,,Y,A,-,N,,,,,,,,,,N,3,0,1,2,A,-,03,22350,,N,B,G,A,A,H,-,A,A,0,,Y,,,Y,,L,04,0,1,0,0,0,0,1,0,0,"- ","- ",,,"SAN FRANCISCO","SAN FRANCISCO",-122.43515777587891,37.762641906738281
9247453,2021,2021-04-20,3801,2021-03-04,1221,1246,MISSI,4,5,7,3801,0,0,0,,0,3D16D,"14TH ST","FOLSOM ST",5.00,W,N,A,-,N,,,,,,,,,,N,4,0,1,2,A,-,08,22107,,N,B,C,A,A,H,-,A,A,0,,,Y,,Y,,A,01,0,0,1,0,0,0,0,0,1,"- ","- ",,,"SAN FRANCISCO","SAN FRANCISCO",-122.41562652587891,37.768539428710938
9247454,2021,2021-04-22,3801,2021-03-09,2046,2111,MISSI,2,5,7,3801,0,0,0,,0,3D14D,"POTRERO AV","25TH ST",350.00,S,N,C,-,N,,,,,,,,,,Y,4,0,1,1,A,-,03,22350,,N,E,I,A,B,H,-,C,D,0,,,,,Y,,A,07,0,0,1,0,0,0,0,0,0,"- ","- ",,,"SAN FRANCISCO","SAN FRANCISCO",-122.40606689453125,37.750785827636719
9247456,2021,2021-04-21,3801,2021-03-08,1755,540,SOUTH,1,5,7,3801,0,0,0,,0,0B3,"TOWNSEND ST","7TH ST",0.00,,Y,A,-,N,,,,,,,,,,Y,4,0,2,3,A,-,12,21453,A,N,D,C,A,A,H,-,A,A,0,,,,,Y,,A,01,0,0,2,0,0,0,0,0,0,"- ","- ",,,"SAN FRANCISCO","SAN FRANCISCO",-122.40165710449219,37.771831512451172
9247457,2021,2021-04-22,3801,2021-03-08,0850,2148,MISSI,1,5,7,3801,0,0,0,,0,3D11C,"MARKET ST","SANCHEZ ST",0.00,,Y,-,-,N,,,,,,,,,,N,3,0,1,2,A,-,"- ",,,N,-,-,A,-,-,-,-,-,0,,,Y,,Y,,A,01,0,1,0,0,0,0,0,0,1,"- ","- ",,,"SAN FRANCISCO","SAN FRANCISCO",-122.43100738525391,37.765979766845703
9247458,2021,2021-04-20,3801,2021-03-07,1500,905,MISSI,7,5,7,3801,0,0,0,,0,3D15C,"MISSION ST","21ST ST",39.00,S,N,A,-,N,,,,,,,,,,N,3,0,1,2,A,-,08,22102,,N,D,C,A,A,H,-,A,A,0,,,Y,,Y,,A,01,0,1,0,0,0,0,0,0,1,"- ","- ",,,"SAN FRANCISCO","SAN FRANCISCO",-122.41890716552734,37.756912231445312
9247459,2021,2021-04-20,3801,2021-03-07,1700,4314,RICHM,7,5,7,3801,0,0,0,,0,0G5,"BALBOA ST","47TH AV",0.00,,Y,B,-,N,,,,,,,,,,Y,3,0,1,2,A,-,09,21802,A,N,D,C,A,A,H,-,A,A,0,,,,,Y,,A,01,0,1,0,0,0,0,0,0,0,"- ","- ",,,"SAN FRANCISCO","SAN FRANCISCO",-122.50804901123047,37.775230407714844
9247460,2021,2021-04-20,3801,2021-03-06,1006,4286,RICHM,6,5,7,3801,0,0,0,,0,0G1,"MARTIN LUTHER KING JR DR","LINCOLN WY",200.00,N,N,A,-,N,,,,,,,,,,N,3,0,1,2,A,-,21,22106,,N,B,G,A,A,H,-,A,D,0,,Y,,,Y,,A,01,0,1,0,0,0,0,1,0,0,"- ","- ",,,"SAN FRANCISCO","SAN FRANCISCO",-122.50917816162109,37.764495849609375
9247461,2021,2021-04-17,3801,2021-03-14,2021,4187,NORTH,7,5,7,3801,0,0,0,,0,3E15D,"MARINA GREEN","FILLMORE ST",135.00,W,N,B,C,N,,,,,,,,,,N,4,0,1,1,A,-,03,22350,,N,H,J,A,B,H,-,B,D,0,,,,,Y,,A,01,0,0,1,0,0,0,0,0,0,"- ","- ",,,"SAN FRANCISCO","SAN FRANCISCO",-122.43790435791016,37.806339263916016
9247462,2021,2021-04-17,3801,2021-03-13,0523,4347,TARAV,6,5,7,3801,0,0,0,,0,3I11E,"LINCOLN WY","35TH AV",14.00,W,N,A,-,N,,,,,,,,,,Y,4,0,1,2,A,-,08,22107,,N,E,I,A,A,H,-,C,D,0,,,,,Y,,-,99,0,0,1,0,0,0,0,0,0,"- ","- ",,,"SAN FRANCISCO","SAN FRANCISCO",-122.49443817138672,37.764698028564453
9247463,2021,2021-06-03,3801,2021-03-12,2017,2140,MISSI,5,5,7,3801,0,0,0,,0,3D11E,"18TH ST","18TH ST 3638",0.00,,-,A,-,N,,,,,,,,,,N,2,0,1,2,A,-,17,22517,,N,A,G,A,A,H,-,C,D,0,,Y,,,Y,,-,,1,0,0,0,0,0,1,0,0,"- ","- ",,,"SAN FRANCISCO","SAN FRANCISCO",-122.42470899999999,37.761536
9247464,2021,2021-04-17,3801,2021-03-12,1807,,MISSI,5,5,7,3801,0,0,0,,0,3D1,"MISSION ST","MISSION ST 2480",0.00,,-,A,-,N,,,,,,,,,,Y,4,0,1,2,A,-,08,22107,,N,B,C,A,A,H,-,A,D,0,,,,,Y,,A,01,0,0,1,0,0,0,0,0,0,"- ","- ",,,"SAN FRANCISCO","SAN FRANCISCO",-122.41979217529297,37.7705078125
9247465,2021,2021-04-17,3801,2021-03-12,1622,335,TARAV,5,5,7,3801,0,0,0,,0,3I16D,"OCEAN AV","OCEAN AV 1936",0.00,,-,A,-,N,,,,,,,,,,N,3,0,1,2,A,-,17,22517,,N,H,G,A,A,H,-,A,B,0,,Y,,,Y,,-,,0,1,0,0,0,0,1,0,0,"- ","- ",,,"SAN FRANCISCO","SAN FRANCISCO",,
9247466,2021,2021-04-21,3801,2021-03-12,0817,2359,NORTH,5,5,7,3801,0,0,0,,0,0E3,"FRANKLIN ST","MCALLISTER ST",0.00,,Y,A,-,N,,,,,,,,,,N,3,0,1,2,A,-,06,21750,A,N,D,C,A,A,H,-,A,A,0,,,Y,,Y,,C,02,0,1,0,0,0,0,0,0,1,"- ","- ",,,"SAN FRANCISCO","SAN FRANCISCO",-122.42189025878906,37.779876708984375
9247467,2021,2021-04-17,3801,2021-03-12,0723,1418,TARAV,5,5,7,3801,0,0,0,,0,0I3,NORIEGA,"44TH AV",11.00,W,N,A,-,N,,,,,,,,,,N,3,0,1,2,A,-,10,21950,A,N,G,B,B,A,H,-,A,A,0,Y,,,,Y,,A,07,0,1,0,0,1,0,0,0,0,"- ","- ",,,"SAN FRANCISCO","SAN FRANCISCO",-122.5032958984375,37.753040313720703
9247468,2021,2021-04-17,3801,2021-03-11,1734,2163,,4,5,7,3801,0,0,0,,0,,"LAGUNA ST","LAGUNA ST 2806",0.00,,-,A,-,N,,,,,,,,,,Y,3,0,2,2,A,-,05,21650,,N,A,C,A,A,H,-,A,D,0,,,,,Y,,A,01,0,1,1,0,0,0,0,0,0,"- ","- ",,,"SAN FRANCISCO","SAN FRANCISCO",,
9247469,2021,2021-05-26,3801,2021-03-11,1216,1198,MISSI,4,5,7,3801,0,0,0,,0,3D14A,"BARTLETT ST","24TH ST",0.00,,Y,A,-,N,,,,,,,,,,N,3,0,1,2,A,-,17,22517,,N,G,G,A,A,H,-,A,D,0,,Y,,,Y,,A,01,0,1,0,0,0,0,1,0,0,"- ","- ",,,"SAN FRANCISCO","SAN FRANCISCO",-122.41954803466797,37.752182006835938
9247470,2021,2021-04-17,3801,2021-03-11,1130,4307,NORTH,4,5,7,3801,0,0,0,,0,,"FILLMORE ST","EDDY ST",0.00,,Y,A,-,N,,,,,,,,,,Y,4,0,2,2,A,-,08,22107,,N,D,C,A,A,H,-,A,A,0,,,,,Y,,A,01,0,0,2,0,0,0,0,0,0,"- ","- ",,,"SAN FRANCISCO","SAN FRANCISCO",-122.43231964111328,37.781425476074219
9247471,2021,2021-04-17,3801,2021-03-31,1552,9,CENTR,3,5,7,3801,0,0,0,,0,3A13D,"MASON ST","VALLEJO ST",0.00,,Y,A,-,N,,,,,,,,,,Y,4,0,1,2,A,-,05,21460,A,N,D,C,A,A,H,-,A,A,0,,,,,Y,,A,01,0,0,1,0,0,0,0,0,0,"- ","- ",,,"SAN FRANCISCO","SAN FRANCISCO",-122.41209411621094,37.798171997070312
9247472,2021,2021-04-17,3801,2021-03-17,0527,1602,SOUTH,3,5,7,3801,0,0,0,,0,3B14E,"BRYANT ST","5TH ST",0.00,,Y,A,-,N,,,,,,,,,,N,4,0,1,2,A,-,11,21456,C,N,G,B,B,A,H,-,C,A,0,Y,,,,Y,,N,60,0,0,1,0,1,0,0,0,0,"- ","- ",,,"SAN FRANCISCO","SAN FRANCISCO",-122.40029144287109,37.777797698974609
9247473,2021,2021-04-17,3801,2021-03-16,2018,2196,NORTH,2,5,7,3801,0,0,0,,0,,"FILLMORE ST","GOLDEN GATE AV",0.00,,Y,A,-,N,,,,,,,,,,Y,4,0,1,2,A,-,12,21453,A,N,D,D,A,A,H,-,C,A,0,,,,,Y,,-,"- ",0,0,1,0,0,0,0,0,0,"- ","- ",,,"SAN FRANCISCO","SAN FRANCISCO",-122.43193817138672,37.779560089111328
9247474,2021,2021-04-17,3801,2021-03-16,1917,4012,TARAV,2,5,7,3801,0,0,0,,0,3I11D,"19TH AV","ULLOA ST",0.00,,Y,A,-,N,,,,,,,,,,Y,2,0,1,2,A,-,12,21453,A,N,D,C,A,A,H,-,B,A,0,,,,,Y,,A,01,1,0,0,0,0,0,0,0,0,"- ","- ",,,"SAN FRANCISCO","SAN FRANCISCO",-122.47557067871094,37.741195678710938
9247475,2021,2021-04-17,3801,2021-03-13,1635,33,RICHM,6,5,7,3801,0,0,0,,0,901,"12TH AV","GEARY BL",96.00,S,N,B,-,N,,,,,,,,,,Y,3,0,1,3,C,-,18,,,N,B,E,A,A,H,-,A,B,0,,,,,Y,,-,"- ",0,1,0,0,0,0,0,0,0,"- ","- ",,,"SAN FRANCISCO","SAN FRANCISCO",-122.47068023681641,37.780525207519531
9247477,2021,2021-04-17,3801,2021-03-28,0533,2368,NORTH,7,5,7,3801,0,0,0,,0,3E5A,"BAY ST","BUCHANAN ST",51.00,E,N,A,-,N,,,,,,,,,,,3,0,1,1,A,-,01,23152,A,N,A,J,A,A,H,-,C,A,0,,,,,Y,Y,-,,0,1,0,0,0,0,0,0,0,"- ","- ",,,"SAN FRANCISCO","SAN FRANCISCO",-122.43315887451172,37.803092956542969
9247478,2021,2021-04-17,3801,2021-03-28,0128,2740,RICHM,7,5,7,3801,0,0,0,,0,0G3,"GEARY BL","4TH AV",1.00,E,N,A,-,N,,,,,,,,,,N,3,0,1,1,A,-,03,22350,,N,H,A,-,A,H,-,C,-,0,Y,,,,Y,,N,60,0,1,0,0,1,0,0,0,0,"- ","- ",,,"SAN FRANCISCO","SAN FRANCISCO",-122.46214294433594,37.78118896484375
9247479,2021,2021-04-17,3801,2021-03-31,2152,2091,NORTH,3,5,7,3801,0,0,0,,0,3E13E,"GOUGH ST",MCALLISTER,0.00,,Y,A,-,N,,,,,,,,,,Y,2,0,7,4,A,-,01,23152,A,N,D,C,A,A,H,-,C,A,0,,,,,Y,Y,A,01,1,2,4,0,0,0,0,0,0,"- ","- ",,,"SAN FRANCISCO","SAN FRANCISCO",-122.42353820800781,37.779670715332031
9247480,2021,2021-04-17,3801,2021-03-18,1650,76,TRAFF,4,5,7,3801,0,0,0,,0,4B3B,"CALIFORNIA AV",HYDE,55.00,E,N,C,-,N,,,,,,,,,,Y,3,0,1,3,A,-,08,22108,,N,B,C,A,B,H,-,-,D,0,,,,,Y,,A,01,0,1,0,0,0,0,0,0,0,"- ","- ",,,"SAN FRANCISCO","SAN FRANCISCO",-122.41721343994141,37.791011810302734
9247481,2021,2021-04-21,3801,2021-03-27,2314,1490,TARAV,6,5,7,3801,0,0,0,,0,3I15E,"BROTHERHOOD WY","BROTHERHOOD WY 999",0.00,,Y,A,-,N,,,,,,,,,,Y,4,0,1,1,A,-,03,22350,,N,A,I,A,A,H,-,C,A,0,,,,,Y,,A,01,0,0,1,0,0,0,0,0,0,"- ","- ",,,"SAN FRANCISCO","SAN FRANCISCO",,
9247482,2021,2021-04-16,3801,2021-03-27,2126,740,MISSI,6,5,7,3801,0,0,0,,0,0D4,"MISSION ST","24TH ST",41.00,S,N,A,-,N,,,,,,,,,,Y,3,0,5,11,A,-,03,22350,,F,G,E,E,A,H,-,C,D,0,Y,,Y,,Y,,A,01,0,2,3,0,4,0,0,0,1,"- ","- ",,,"SAN FRANCISCO","SAN FRANCISCO",-122.41847991943359,37.752147674560547
9250546,2021,2021-04-28,3801,2021-02-13,1635,143,CENTR,6,5,7,3801,0,0,0,,0,,"STEINER ST","CHESTNUT ST",0.00,,Y,A,-,N,,,,,,,,,,,3,0,1,2,A,-,10,21950,A,N,G,-,B,A,H,-,A,A,0,Y,,,,Y,,A,01,0,1,0,0,1,0,0,0,0,"- ","- ",,,"SAN FRANCISCO","SAN FRANCISCO",-122.43792724609375,37.800601959228516
9252243,2021,2021-04-19,3801,2021-03-21,1841,2732,CENTR,7,5,7,3801,0,0,0,,0,3A13D,"BAY ST",LEAVENWORTH,84.00,E,N,A,-,N,,,,,,,,,,N,4,0,1,2,A,-,00,21400,A,N,B,C,A,A,H,-,A,A,0,,,,,Y,,A,01,0,0,1,0,0,0,0,0,0,"- ","- ",,,"SAN FRANCISCO","SAN FRANCISCO",-122.41827392578125,37.805065155029297
9252244,2021,2021-04-19,3801,2021-03-22,2230,2122,NORTH,1,5,7,3801,0,0,0,,0,3E14E,"WEBSTER ST","CALIFORNIA ST",50.00,S,N,A,-,N,,,,,,,,,,Y,3,0,1,2,A,-,03,22350,,N,B,E,A,A,H,-,C,D,0,,,,,Y,,A,01,0,1,0,0,0,0,0,0,0,"- ","- ",,,"SAN FRANCISCO","SAN FRANCISCO",-122.43215942382812,37.788963317871094
9252245,2021,2021-04-19,3801,2021-03-14,1230,2116,PARK,7,5,7,3801,0,0,0,,0,,"PORTOLA AV","PORTOLA AV 580",0.00,,Y,C,-,N,,,,,,,,,,N,4,0,1,2,A,-,03,22350,,N,C,C,A,B,H,-,A,A,0,,,,,Y,,A,01,0,0,1,0,0,0,0,0,0,"- ","- ",,,"SAN FRANCISCO","SAN FRANCISCO",,
9252246,2021,2021-04-19,3801,2021-03-20,1344,1489,SOUTH,6,5,7,3801,0,0,0,,0,2V14A,"MISSION ST","10TH ST",80.00,S,N,A,-,N,,,,,,,,,,Y,4,0,1,2,A,-,04,21703,,N,C,C,A,A,H,-,A,A,0,,,,,Y,,A,01,0,0,1,0,0,0,0,0,0,"- ","- ",,,"SAN FRANCISCO","SAN FRANCISCO",-122.41610717773438,37.775123596191406
9252247,2021,2021-04-19,3801,2021-03-19,2210,2486,BAYVI,5,5,7,3801,0,0,0,,0,3C15E,"SAN BRUNO AV","SILLIMAN ST",0.00,,Y,A,-,N,,,,,,,,,,N,3,0,1,2,A,-,11,21453,D,F,G,B,B,A,H,-,C,A,0,Y,,,,Y,Y,N,60,0,1,0,0,1,0,0,0,0,"- ","- ",,,"SAN FRANCISCO","SAN FRANCISCO",-122.40512084960938,37.731231689453125
9252248,2021,2021-04-19,3801,2021-03-19,1452,2357,NORTH,5,5,7,3801,0,0,0,,0,3E13A,"VAN NESS AV","FRANCISCO ST",0.00,,Y,A,-,N,,,,,,,,,,N,3,0,1,2,A,-,12,21453,A,N,D,G,A,A,H,-,A,A,0,,Y,,,Y,,A,01,0,1,0,0,0,0,1,0,0,"- ","- ",,,"SAN FRANCISCO","SAN FRANCISCO",-122.42496490478516,37.803203582763672
9252249,2021,2021-04-19,3801,2021-03-19,1520,2419,RICHM,5,5,7,3801,0,0,0,,0,901,"CLEMENT ST","3RD AV",107.00,E,N,A,-,N,,,,,,,,,,N,4,0,1,2,A,-,10,21954,B,N,G,B,D,A,H,-,A,D,0,Y,,,,Y,,A,01,0,0,1,0,1,0,0,0,0,"- ","- ",,,"SAN FRANCISCO","SAN FRANCISCO",-122.46083831787109,37.783107757568359
9252250,2021,2021-04-19,3801,2021-03-19,2037,1713,NORTH,5,5,7,3801,0,0,0,,0,3E13E,"FILLMORE ST","OFARRELL ST",21.00,S,N,A,-,N,,,,,,,,,,N,3,0,1,2,A,-,10,21954,B,F,G,B,E,A,H,-,C,A,0,Y,,,,Y,Y,-,,0,1,0,0,1,0,0,0,0,"- ","- ",,,"SAN FRANCISCO","SAN FRANCISCO",-122.43270111083984,37.783222198486328
9252251,2021,2021-04-19,3801,2021-03-18,1845,2727,NORTH,4,5,7,3801,0,0,0,,0,3E11D,"FELL ST","WEBSTER ST",0.00,,Y,B,-,N,,,,,,,,,,Y,2,0,2,2,A,-,12,21453,A,F,D,C,A,B,H,-,A,A,0,,,,,Y,,A,01,1,1,0,0,0,0,0,0,0,"- ","- ",,,"SAN FRANCISCO","SAN FRANCISCO",-122.42932891845703,37.775123596191406
9252252,2021,2021-04-19,3801,2021-03-20,1739,2408,MISSI,6,5,7,3801,0,0,0,,0,3D11D,"DOLORES ST","DORLAND ST",0.00,,Y,A,-,N,,,,,,,,,,Y,4,0,1,1,A,-,08,22107,,N,E,I,A,A,H,-,A,A,0,,,,,Y,,A,01,0,0,1,0,0,0,0,0,0,"- ","- ",,,"SAN FRANCISCO","SAN FRANCISCO",-122.42623138427734,37.762191772460938
9252253,2021,2021-04-19,3801,2021-03-20,2149,308,RICHM,6,5,7,3801,0,0,0,,0,3G5E,"POINT LOBOS AV","44TH AV",0.00,,Y,A,-,N,,,,,,,,,,Y,4,0,1,2,D,-,00,,,N,D,C,A,A,H,-,C,D,0,,,,,Y,,-,"- ",0,0,1,0,0,0,0,0,0,"- ","- ",,,"SAN FRANCISCO","SAN FRANCISCO",-122.50511932373047,37.779823303222656
9252254,2021,2021-04-19,3801,2021-03-20,2245,2749,TARAV,6,5,7,3801,0,0,0,,0,3I5E,"BROTHERHOOD WY","SUMMIT WY",0.00,,Y,A,-,N,,,,,,,,,,N,3,0,1,1,D,-,00,,,N,E,I,A,A,H,-,C,D,0,,,,,Y,,-,"- ",0,1,0,0,0,0,0,0,0,"- ","- ",,,"SAN FRANCISCO","SAN FRANCISCO",-122.47457885742188,37.713619232177734
9252255,2021,2021-04-19,3801,2021-03-21,0847,2375,RICHM,7,5,7,3801,0,0,0,,0,3G2A,"CLEMENT ST","38TH AV",47.00,W,N,A,-,N,,,,,,,,,,N,3,0,1,1,A,-,03,22350,,N,F,A,A,A,H,-,A,D,0,,,Y,,Y,,C,02,0,1,0,0,0,0,0,0,1,"- ","- ",,,"SAN FRANCISCO","SAN FRANCISCO",-122.49896240234375,37.7813720703125
9252256,2021,2021-04-19,3801,2021-03-21,1742,1920,MISSI,7,5,7,3801,0,0,0,,0,3D14D,"S VAN NESS AV","21ST ST",0.00,,Y,A,-,N,,,,,,,,,,Y,4,0,1,3,A,-,00,22354,,N,H,C,A,A,H,-,A,A,0,,,,,Y,,A,01,0,0,1,0,0,0,0,0,0,"- ","- ",,,"SAN FRANCISCO","SAN FRANCISCO",-122.416748046875,37.757160186767578
9252257,2021,2021-04-19,3801,2021-03-19,0802,2453,MISSI,5,5,7,3801,0,0,0,,0,3D13A,"MISSION ST","21ST ST",100.00,S,N,B,-,N,,,,,,,,,,Y,4,0,1,2,A,-,04,21703,,N,C,C,A,B,H,-,A,D,0,,,,,Y,,A,01,0,0,1,0,0,0,0,0,0,"- ","- ",,,"SAN FRANCISCO","SAN FRANCISCO",-122.41889190673828,37.756748199462891
9252258,2021,2021-04-19,3801,2021-03-15,0256,1453,SOUTH,1,5,7,3801,0,0,0,,0,3B14E,"MISSION ST","S VAN NESS AV",0.00,,Y,A,-,N,,,,,,,,,,Y,3,0,1,1,A,-,01,23152,A,N,E,I,A,A,H,-,C,A,0,,,,,Y,Y,-,,0,1,0,0,0,0,0,0,0,"- ","- ",,,"SAN FRANCISCO","SAN FRANCISCO",-122.41863250732422,37.773109436035156
9252259,2021,2021-04-19,3801,2021-03-24,1754,463,INGLE,3,5,7,3801,0,0,0,,0,3H11D,"DIAMOND ST","BEACON ST",0.00,,Y,A,-,N,,,,,,,,,,Y,3,0,1,2,A,-,09,21802,A,N,C,E,A,A,H,-,A,D,0,,,,,Y,,A,01,0,1,0,0,0,0,0,0,0,"- ","- ",,,"SAN FRANCISCO","SAN FRANCISCO",-122.43550872802734,37.742599487304688
9252261,2021,2021-04-27,3801,2021-03-15,0915,392,MISSI,1,5,7,3801,0,0,0,,0,3D14A,"POTRERO AV","24TH ST",36.00,E,N,A,-,N,,,,,,,,,,Y,3,0,2,2,A,-,03,22350,,N,C,C,A,A,H,-,A,A,0,,,,,Y,,A,01,0,1,1,0,0,0,0,0,0,"- ","- ",,,"SAN FRANCISCO","SAN FRANCISCO",-122.40631103515625,37.752891540527344
9252263,2021,2021-04-27,3801,2021-03-14,2307,1350,BAYVI,7,5,7,3801,0,0,0,,0,3C13E,"3RD ST","OAKDALE AV",0.00,,Y,B,-,N,,,,,,,,,,Y,4,0,1,2,D,-,00,,,N,D,C,A,B,H,-,C,A,0,,,,,Y,,-,"- ",0,0,1,0,0,0,0,0,0,"- ","- ",,,"SAN FRANCISCO","SAN FRANCISCO",-122.39076995849609,37.734832763671875
9252264,2021,2021-04-27,3801,2021-03-15,1620,2132,PARK,1,5,7,3801,0,0,0,,0,3F3D,"ANZA ST","BLAKE ST",20.00,W,N,A,-,N,,,,,,,,,,N,4,0,1,3,A,-,03,22350,,M,C,C,A,A,H,-,A,D,0,,,,,Y,,A,01,0,0,1,0,0,0,0,0,0,"- ","- ",,,"SAN FRANCISCO","SAN FRANCISCO",-122.45088958740234,37.780632019042969
9252265,2021,2021-04-27,3801,2021-03-15,1505,952,CENTR,1,5,7,3801,0,0,0,,0,910,"THE EMBARCADERO","FERRY BUILDING",0.00,,N,A,-,N,,,,,,,,,,Y,3,0,4,2,A,-,03,22350,,N,C,C,A,A,H,-,A,A,0,,,,,Y,,A,01,0,1,3,0,0,0,0,0,0,"- ","- ",,,"SAN FRANCISCO","SAN FRANCISCO",-122.39302825927734,37.794403076171875
9252266,2021,2021-04-27,3801,2021-03-14,1400,2113,SOUTH,7,5,7,3801,0,0,0,,0,3B14D,"17TH ST","VERMONT ST",0.00,,Y,-,-,N,,,,,,,,,,N,3,0,1,2,D,-,00,,,N,H,G,A,-,-,-,-,-,0,,Y,,,Y,,-,"- ",0,1,0,0,0,0,1,0,0,"- ","- ",,,"SAN FRANCISCO","SAN FRANCISCO",-122.40448760986328,37.764682769775391
9252267,2021,2021-04-27,3801,2021-03-15,1420,1364,NORTH,1,5,7,3801,0,0,0,,0,,"GOUGH ST","HAYES ST",0.00,,Y,A,-,N,,,,,,,,,,N,2,0,1,2,A,-,11,21453,D,N,D,B,-,A,H,-,A,A,0,Y,,,,Y,,N,60,1,0,0,0,1,0,0,0,0,"- ","- ",,,"SAN FRANCISCO","SAN FRANCISCO",-122.42296600341797,37.776878356933594
9252268,2021,2021-04-27,3801,2021-03-11,0920,574,MISSI,4,5,7,3801,0,0,0,,0,3D13A,"20TH ST","MISSION ST",0.00,,Y,A,-,N,,,,,,,,,,N,4,0,1,2,A,-,12,21453,A,F,D,C,A,A,H,-,A,A,0,,,,,Y,,A,07,0,0,1,0,0,0,0,0,0,"- ","- ",,,"SAN FRANCISCO","SAN FRANCISCO",-122.41903686523438,37.758628845214844
9252269,2021,2021-04-27,3801,2021-03-11,0838,891,PARK,4,5,7,3801,0,0,0,,0,3F4A,"WALLER ST","STEINER ST",92.00,W,N,A,-,N,,,,,,,,,,N,3,0,1,2,A,-,21,22106,,N,D,G,A,B,H,-,A,D,0,,Y,,,Y,,A,01,0,1,0,0,0,0,1,0,0,"- ","- ",,,"SAN FRANCISCO","SAN FRANCISCO",-122.43220520019531,37.770938873291016
9252270,2021,2021-04-27,3801,2021-03-01,0930,2337,INGLE,1,5,7,3801,0,0,0,,0,3H1A,"ANDERSON ST","EUGENIA AV",0.00,,Y,A,-,N,,,,,,,,,,N,4,0,2,2,A,-,03,22350,,N,C,C,A,A,H,-,A,D,0,,,Y,,Y,,C,02,0,0,2,0,0,0,0,0,0,"- ","- ",,,"SAN FRANCISCO","SAN FRANCISCO",-122.4151611328125,37.7403564453125
9252271,2021,2021-04-27,3801,2021-03-01,0928,1956,TARAV,1,5,7,3801,0,0,0,,0,3CAR,"48TH AV","IRVING ST",262.00,S,N,A,-,N,,,,,,,,,,Y,3,0,1,3,A,-,01,23152,F,N,B,E,A,-,H,-,A,D,0,,,,,Y,,A,01,0,1,0,0,0,0,0,0,0,"- ","- ",,,"SAN FRANCISCO","SAN FRANCISCO",-122.50817108154297,37.761459350585938
9252272,2021,2021-04-27,3801,2021-03-15,1800,2143,BAYVI,1,5,7,3801,0,0,0,,0,,"NAPOLEON ST","NAPOLEON ST 190",0.00,,N,A,-,N,,,,,,,,,,N,3,0,1,2,A,-,04,21703,,N,C,C,A,A,H,-,A,D,0,,,,,Y,,A,01,0,1,0,0,0,0,0,0,0,"- ","- ",,,"SAN FRANCISCO","SAN FRANCISCO",,