CASE_ID,ACCIDENT_YEAR,PROC_DATE,JURIS,COLLISION_DATE,COLLISION_TIME,OFFICER_ID,REPORTING_DISTRICT,DAY_OF_WEEK,CHP_SHIFT,POPULATION,CNTY_CITY_LOC,SPECIAL_COND,BEAT_TYPE,CHP_BEAT_TYPE,CITY_DIVISION_LAPD,CHP_BEAT_CLASS,BEAT_NUMBER,PRIMARY_RD,SECONDARY_RD,DISTANCE,DIRECTION,INTERSECTION,WEATHER_1,WEATHER_2,STATE_HWY_IND,CALTRANS_COUNTY,CALTRANS_DISTRICT,STATE_ROUTE,ROUTE_SUFFIX,POSTMILE_PREFIX,POSTMILE,LOCATION_TYPE,RAMP_INTERSECTION,SIDE_OF_HWY,TOW_AWAY,COLLISION_SEVERITY,NUMBER_KILLED,NUMBER_INJURED,PARTY_COUNT,PRIMARY_COLL_FACTOR,PCF_CODE_OF_VIOL,PCF_VIOL_CATEGORY,PCF_VIOLATION,PCF_VIOL_SUBSECTION,HIT_AND_RUN,TYPE_OF_COLLISION,MVIW,PED_ACTION,ROAD_SURFACE,ROAD_COND_1,ROAD_COND_2,LIGHTING,CONTROL_DEVICE,CHP_ROAD_TYPE,PEDESTRIAN_ACCIDENT,BICYCLE_ACCIDENT,MOTORCYCLE_ACCIDENT,TRUCK_ACCIDENT,NOT_PRIVATE_PROPERTY,ALCOHOL_INVOLVED,STWD_VEHTYPE_AT_FAULT,CHP_VEHTYPE_AT_FAULT,COUNT_SEVERE_INJ,COUNT_VISIBLE_INJ,COUNT_COMPLAINT_PAIN,COUNT_PED_KILLED,COUNT_PED_INJURED,COUNT_BICYCLIST_KILLED,COUNT_BICYCLIST_INJURED,COUNT_MC_KILLED,COUNT_MC_INJURED,PRIMARY_RAMP,SECONDARY_RAMP,LATITUDE,LONGITUDE,COUNTY,CITY,POINT_X,POINT_Y
9252273,2021,2021-04-27,3801,2021-03-15,1752,670,INGLE,1,5,7,3801,0,0,0,,0,3H16D,"BAYSHORE BL","ARLETA AV",0.00,,Y,A,-,N,,,,,,,,,,Y,4,0,6,4,A,-,03,22350,A,N,-,C,A,A,H,-,A,A,0,,,,,Y,,-,,0,0,6,0,0,0,0,0,0,"- ","- ",,,"SAN FRANCISCO","SAN FRANCISCO",-122.40261077880859,37.712268829345703
9252274,2021,2021-04-27,3801,2021-03-31,1700,1052,RICHM,3,5,7,3801,0,0,0,,0,3G4C,"CABRILLO ST","PARK PRESIDIO BL",1.00,N,N,A,-,N,,,,,,,,,,N,4,0,1,2,A,-,09,21801,A,N,D,G,A,A,H,-,A,A,0,,Y,,,Y,,A,01,0,0,1,0,0,0,1,0,0,"- ","- ",,,"SAN FRANCISCO","SAN FRANCISCO",-122.47191619873047,37.775001525878906
9252275,2021,2021-04-27,3801,2021-03-30,0650,2002,PARK,2,5,7,3801,0,0,0,,0,3F13A,"TURK BL","STANYAN ST",0.00,,Y,A,-,N,,,,,,,,,,N,3,0,1,2,A,-,09,21801,A,N,A,G,A,A,H,-,A,A,0,,Y,,,Y,,A,01,0,1,0,0,0,0,1,0,0,"- ","- ",,,"SAN FRANCISCO","SAN FRANCISCO",-122.45523071289062,37.777591705322266
9252522,2021,2021-04-29,3801,2021-02-28,1623,1931,SOUTH,7,5,7,3801,0,0,0,,0,3B13C,"BRYANT ST","6TH ST",0.00,,Y,A,-,N,,,,,,,,,,Y,4,0,2,2,A,-,12,21453,A,N,D,C,A,A,H,-,A,A,0,,,,,Y,,A,08,0,0,2,0,0,0,0,0,0,"- ","- ",,,"SAN FRANCISCO","SAN FRANCISCO",-122.40250396728516,37.776058197021484
9252596,2021,2021-04-22,3801,2021-03-22,1031,156,BAYVI,1,5,7,3801,0,0,0,,0,3C60,"WAYLAND ST","BRUSSELS ST",0.00,,Y,A,-,N,,,,,,,,,,Y,4,0,3,2,A,-,12,22450,A,N,F,C,A,A,H,-,A,D,0,,,,,Y,,A,01,0,0,3,0,0,0,0,0,0,"- ","- ",,,"SAN FRANCISCO","SAN FRANCISCO",-122.40509033203125,37.725921630859375
9252605,2021,2021-04-22,3801,2021-03-10,1830,1125,TARAV,3,5,7,3801,0,0,0,,0,3I11D,"LINCOLN WY","12TH AV",0.00,,Y,C,-,N,,,,,,,,,,Y,3,0,1,2,A,-,03,22350,A,N,C,E,A,B,H,-,B,A,0,,,,,Y,,A,01,0,1,0,0,0,0,0,0,0,"- ","- ",,,"SAN FRANCISCO","SAN FRANCISCO",-122.46966552734375,37.765781402587891
9252606,2021,2021-04-20,3801,2021-03-10,2500,2465,BAYVI,3,5,7,3801,0,0,0,,0,3C13C,"3RD ST","NEWCOMB AV",110.00,N,N,A,-,N,,,,,,,,,,N,4,0,1,2,A,-,08,22107,,N,C,E,A,B,H,-,A,A,0,,,Y,,Y,,C,02,0,0,1,0,0,0,0,0,1,"- ","- ",,,"SAN FRANCISCO","SAN FRANCISCO",-122.39038848876953,37.735919952392578
9252626,2021,2021-04-24,3801,2021-03-20,1400,4267,TARAV,6,5,7,3801,0,0,0,,0,3I41,"LAKE MERCED BL","SUNSET BL",0.00,,Y,A,-,N,,,,,,,,,,Y,4,0,1,1,A,-,03,22350,,N,F,I,A,A,H,-,A,D,0,,,,,Y,,A,07,0,0,1,0,0,0,0,0,0,"- ","- ",,,"SAN FRANCISCO","SAN FRANCISCO",-122.49356079101562,37.729591369628906
9252721,2021,2021-04-24,3801,2021-03-28,1805,4300,NORTH,7,5,7,3801,0,0,0,,0,0E1,"DIVISADERO ST","HAIGHT ST",0.00,,Y,A,-,N,,,,,,,,,,N,3,0,1,2,A,-,11,21453,D,N,D,B,E,A,H,-,A,A,0,Y,,,,Y,,N,60,0,1,0,0,1,0,0,0,0,"- ","- ",,,"SAN FRANCISCO","SAN FRANCISCO",-122.43704223632812,37.771270751953125
9252722,2021,2021-04-24,3801,2021-03-28,2047,2220,NORTH,7,5,7,3801,0,0,0,,0,3E16E,"VAN NESS AV","JACKSON ST",0.00,,Y,A,-,N,,,,,,,,,,Y,4,0,2,2,D,-,00,,,N,D,C,A,A,D,-,C,A,0,,,,,Y,,-,"- ",0,0,2,0,0,0,0,0,0,"- ","- ",,,"SAN FRANCISCO","SAN FRANCISCO",-122.42299652099609,37.793941497802734
9252723,2021,2021-04-27,3801,2021-03-29,0244,1252,RICHM,1,5,7,3801,0,0,0,,0,0G3,"BALBOA ST","4TH AV",80.00,E,N,A,-,N,,,,,,,,,,Y,4,0,1,2,A,-,01,23152,A,N,C,E,A,A,H,-,C,D,0,,,,,Y,Y,-,,0,0,1,0,0,0,0,0,0,"- ","- ",,,"SAN FRANCISCO","SAN FRANCISCO",-122.46161651611328,37.777336120605469
9252724,2021,2021-04-24,3801,2021-03-05,0914,2307,PARK,5,5,7,3801,0,0,0,,0,3F13A,"KEZAR DR","MARTIN LUTHER KING JR DR",0.00,,Y,A,-,N,,,,,,,,,,N,4,0,1,2,A,-,10,21950,A,N,G,B,B,A,H,-,A,A,0,Y,,,,Y,,A,01,0,0,1,0,1,0,0,0,0,"- ","- ",,,"SAN FRANCISCO","SAN FRANCISCO",-122.45867919921875,37.767185211181641
9252725,2021,2021-04-24,3801,2021-03-05,0930,4301,NORTH,5,5,7,3801,0,0,0,,0,3E15A,"CHESTNUT ST","FRAKLIN ST",0.00,,Y,A,-,N,,,,,,,,,,N,4,0,1,2,A,-,12,21453,A,N,D,G,A,A,H,-,A,A,0,,Y,,,Y,,L,04,0,0,1,0,0,0,1,0,0,"- ","- ",,,"SAN FRANCISCO","SAN FRANCISCO",-122.42637634277344,37.802070617675781
9252726,2021,2021-04-24,3801,2021-03-02,1225,2727,NORTH,2,5,7,3801,0,0,0,,0,3E11A,"MONTGOMERY SRT","CHESTNUT ST",15.00,N,N,A,-,N,,,,,,,,,,N,3,0,1,1,A,-,08,22107,,N,F,A,A,A,H,-,A,A,0,,,,,Y,,-,,0,1,0,0,0,0,0,0,0,"- ","- ",,,"SAN FRANCISCO","SAN FRANCISCO",-122.40516662597656,37.804821014404297
9252727,2021,2021-04-24,3801,2021-03-08,1754,1860,SOUTH,1,5,7,3801,0,0,0,,0,3B11D,"EMBARCADERO SOUTH","MISSION ST",0.00,,Y,A,-,N,,,,,,,,,,N,3,0,1,1,A,-,03,22350,,N,-,J,A,A,H,-,A,D,0,,,,,Y,,-,,0,1,0,0,0,0,0,0,0,"- ","- ",,,"SAN FRANCISCO","SAN FRANCISCO",-122.39263153076172,37.793708801269531
9252728,2021,2021-04-24,3801,2021-03-08,1927,2157,SOUTH,1,5,7,3801,0,0,0,,0,3B14D,"10TH ST","HARRISON ST",1.00,S,N,A,-,N,,,,,,,,,,N,4,0,1,2,A,-,00,20950,A,N,G,B,B,-,H,-,C,A,0,Y,,,,Y,,A,07,0,0,1,0,1,0,0,0,0,"- ","- ",,,"SAN FRANCISCO","SAN FRANCISCO",-122.41124725341797,37.771598815917969
9252729,2021,2021-04-24,3801,2021-03-08,0927,4267,TARAV,1,5,7,3801,0,0,0,,0,3I41,"IRVING ST","IRVING ST 2341",0.00,,N,A,-,N,,,,,,,,,,Y,4,0,1,1,A,-,03,22350,,N,E,I,A,A,H,-,A,D,0,,,,,Y,,A,01,0,0,1,0,0,0,0,0,0,"- ","- ",,,"SAN FRANCISCO","SAN FRANCISCO",,
9252730,2021,2021-04-24,3801,2021-03-27,2028,2384,MISSI,6,5,7,3801,0,0,0,,0,1500,"VALENCIA ST","16TH STR",0.00,,Y,A,-,N,,,,,,,,,,N,2,0,1,2,A,-,10,21950,A,N,G,B,B,A,H,-,C,A,0,Y,,,,Y,,A,01,1,0,0,0,1,0,0,0,0,"- ","- ",,,"SAN FRANCISCO","SAN FRANCISCO",-122.42189025878906,37.764907836914062
9252731,2021,2021-04-24,3801,2021-03-27,2114,2708,MISIO,6,5,7,3801,0,0,0,,0,,"MARKET ST","CHURCH ST",0.00,,Y,A,-,N,,,,,,,,,,Y,4,0,1,2,A,-,08,22102,,F,D,C,A,A,H,-,C,A,0,,,,,Y,,A,01,0,0,1,0,0,0,0,0,0,"- ","- ",,,"SAN FRANCISCO","SAN FRANCISCO",-122.42893981933594,37.767608642578125
9252732,2021,2021-04-23,3801,2021-03-07,1040,1540,TARAV,7,5,7,3801,0,0,0,,0,3I11A,"ULLOA ST","39TH AV",0.00,,Y,A,-,N,,,,,,,,,,Y,3,0,1,2,A,-,12,22450,A,N,D,A,A,A,H,-,A,A,0,,,,,Y,,A,01,0,1,0,0,0,0,0,0,0,"- ","- ",,,"SAN FRANCISCO","SAN FRANCISCO",-122.49700164794922,37.740238189697266
9252733,2021,2021-04-24,3801,2021-03-27,1500,1246,MISSI,6,5,7,3801,0,0,0,,0,3D15D,"GRAND VIEW AV","25TH ST",75.00,N,N,A,-,N,,,,,,,,,,Y,2,0,1,2,A,-,21,22106,,N,F,E,A,A,H,-,A,D,0,,,,,Y,,A,01,1,0,0,0,0,0,0,0,0,"- ","- ",,,"SAN FRANCISCO","SAN FRANCISCO",-122.44261169433594,37.749355316162109
9252734,2021,2021-04-23,3801,2021-03-27,0930,976,CENTR,6,5,7,3801,0,0,0,,0,3A11A,"PINE ST","LARKIN ST",0.00,,Y,A,-,N,,,,,,,,,,N,4,0,2,2,A,-,12,21453,A,N,D,C,A,A,H,-,A,A,0,,,,,Y,,A,01,0,0,2,0,0,0,0,0,0,"- ","- ",,,"SAN FRANCISCO","SAN FRANCISCO",-122.41886138916016,37.789829254150391
9252735,2021,2021-04-24,3801,2021-03-27,0816,2728,TENDE,6,5,7,3801,0,0,0,,0,,"EDDY ST","JONES ST",162.00,E,N,A,-,N,,,,,,,,,,N,2,0,1,2,A,-,17,21663,,F,G,B,F,A,H,-,A,D,0,Y,,,,Y,,A,01,1,0,0,0,1,0,0,0,0,"- ","- ",,,"SAN FRANCISCO","SAN FRANCISCO",-122.41204071044922,37.784015655517578
9252736,2021,2021-04-24,3801,2021-03-27,0516,1024,TENDE,6,5,7,3801,0,0,0,,0,3J13E,"GOLDEN GATE AV","HYDE ST",0.00,,Y,A,-,N,,,,,,,,,,N,4,0,1,2,A,-,00,20001,A,F,G,B,E,A,H,-,C,D,0,Y,,,,Y,,-,,0,0,1,0,1,0,0,0,0,"- ","- ",,,"SAN FRANCISCO","SAN FRANCISCO",-122.41549682617188,37.781650543212891
9252737,2021,2021-04-24,3801,2021-03-23,1654,1166,TARAF,2,5,7,3801,0,0,0,,0,5CAR,"CHUMASERO DR","CHUMASERO DR 50",0.00,,N,A,-,N,,,,,,,,,,Y,3,0,1,1,A,-,03,22350,,N,E,I,A,A,H,-,A,D,0,,,,,Y,,A,08,0,1,0,0,0,0,0,0,0,"- ","- ",,,"SAN FRANCISCO","SAN FRANCISCO",,
9252738,2021,2021-04-23,3801,2021-03-22,2500,2088,INGLE,1,5,7,3801,0,0,0,,0,3H15C,"MISSION ST","PERSIA AV",107.00,S,N,A,-,N,,,,,,,,,,Y,4,0,2,3,A,-,05,21460,A,N,A,E,A,A,H,-,A,D,0,,,,,Y,,-,,0,0,2,0,0,0,0,0,0,"- ","- ",,,"SAN FRANCISCO","SAN FRANCISCO",-122.43617248535156,37.722892761230469
9252801,2021,2021-04-28,3801,2021-03-30,1412,1500,CENTR,2,5,7,3801,0,0,0,,0,,"THE EMBARCADERO","CHESTER AV",166.00,N,N,A,-,N,,,,,,,,,,Y,4,0,1,2,A,-,03,22350,,F,C,C,A,A,H,-,A,A,0,,,,,Y,,A,01,0,0,1,0,0,0,0,0,0,"- ","- ",,,"SAN FRANCISCO","SAN FRANCISCO",,
9252802,2021,2021-04-28,3801,2021-03-30,1434,2196,NORTH,2,5,7,3801,0,0,0,,0,3E13D,"FRANKLIN ST","TURK ST",0.00,,Y,A,-,N,,,,,,,,,,N,3,0,1,2,A,-,03,22350,,N,B,C,A,A,H,-,A,A,0,,,Y,,Y,,-,"- ",0,1,0,0,0,0,0,0,1,"- ","- ",,,"SAN FRANCISCO","SAN FRANCISCO",-122.42224884033203,37.781730651855469
9252803,2021,2021-04-28,3801,2021-03-30,1635,4314,RICHM,2,5,7,3801,0,0,0,,0,0G4,"CLEMENT ST","26TH AV",0.00,,Y,A,-,N,,,,,,,,,,Y,3,0,2,2,A,-,09,21802,B,F,D,C,A,A,H,-,A,A,0,,,,,Y,,A,01,0,1,1,0,0,0,0,0,0,"- ","- ",,,"SAN FRANCISCO","SAN FRANCISCO",-122.48593902587891,37.781974792480469
9252804,2021,2021-04-28,3801,2021-03-30,1936,890,BAYVI,2,5,7,3801,0,0,0,,0,BAYVIE,"PRINCETON ST","SWEENY ST",48.00,S,N,A,-,N,,,,,,,,,,Y,4,0,1,3,A,-,01,23152,A,N,H,E,A,A,H,-,C,D,0,,,,,Y,Y,A,01,0,0,1,0,0,0,0,0,0,"- ","- ",,,"SAN FRANCISCO","SAN FRANCISCO",-122.41632080078125,37.730091094970703
9252805,2021,2021-04-27,3801,2021-03-30,0902,1849,TENDE,2,5,7,3801,0,0,0,,0,3J14A,"HYDE ST","TURK ST",0.00,,Y,A,-,N,,,,,,,,,,N,4,0,1,2,D,-,00,,,F,G,B,B,A,-,-,A,A,0,Y,,,,Y,,-,"- ",0,0,1,0,1,0,0,0,0,"- ","- ",,,"SAN FRANCISCO","SAN FRANCISCO",-122.41569519042969,37.782566070556641
9252806,2021,2021-04-27,3801,2021-03-30,0955,2750,PARK,2,5,7,3801,0,0,0,,0,0F4,"SANCHEZ ST",14TH,27.00,N,N,A,-,N,,,,,,,,,,N,3,0,1,1,C,-,18,,,N,E,I,A,A,A,-,A,D,0,,Y,,,Y,,-,"- ",0,1,0,0,0,0,1,0,0,"- ","- ",,,"SAN FRANCISCO","SAN FRANCISCO",-122.43119049072266,37.767673492431641
9252807,2021,2021-04-27,3801,2021-03-30,1900,2008,MISSI,2,5,7,3801,0,0,0,,0,3D15D,"ALABAMA ST","18TH ST",0.00,,Y,A,-,N,,,,,,,,,,N,3,0,1,2,A,-,09,21802,A,N,D,G,A,A,H,-,A,A,0,,Y,,,Y,Y,L,04,0,1,0,0,0,0,1,0,0,"- ","- ",,,"SAN FRANCISCO","SAN FRANCISCO",-122.41201782226562,37.761661529541016
9252808,2021,2021-04-28,3801,2021-03-29,1230,2256,INGLE,1,5,7,3801,0,0,0,,0,3H6C,"SAN JOSE AV","SAINT MARYS AV",217.00,N,N,A,-,N,,,,,,,,,,,4,0,1,3,A,-,08,22107,,N,C,C,A,A,H,-,A,D,0,,,,,Y,,A,01,0,0,1,0,0,0,0,0,0,"- ","- ",,,"SAN FRANCISCO","SAN FRANCISCO",-122.42783355712891,37.735378265380859
9252809,2021,2021-04-28,3801,2021-03-29,1412,2475,CENTR,1,5,7,3801,0,0,0,,0,3A12C,"BUSH ST","MONTGOMERY ST",0.00,,Y,A,-,N,,,,,,,,,,,4,0,1,2,A,-,08,22107,,N,B,C,A,A,H,-,A,A,0,,,,,Y,,A,01,0,0,1,0,0,0,0,0,0,"- ","- ",,,"SAN FRANCISCO","SAN FRANCISCO",-122.40235900878906,37.790973663330078
9252810,2021,2021-04-28,3801,2021-03-29,1400,4314,RICHM,1,5,7,3801,0,0,0,,0,0G4,"FULTON ST","21ST AV",1.00,W,N,A,-,N,,,,,,,,,,Y,3,0,1,2,D,-,00,,,N,C,C,A,A,H,-,A,D,0,,,Y,,Y,,-,"- ",0,1,0,0,0,0,0,0,1,"- ","- ",,,"SAN FRANCISCO","SAN FRANCISCO",-122.47991180419922,37.772750854492188
9252811,2021,2021-04-28,3801,2021-03-29,1635,132,TRAFF,1,5,7,3801,0,0,0,,0,4B4F,"MISSION ST","17TH ST",0.00,,Y,A,-,N,,,,,,,,,,Y,2,0,1,2,A,-,08,22107,,N,B,C,A,A,H,-,A,A,0,,,Y,,Y,,A,01,1,0,0,0,0,0,0,0,1,"- ","- ",,,"SAN FRANCISCO","SAN FRANCISCO",-122.41950225830078,37.763423919677734
9252812,2021,2021-04-28,3801,2021-03-05,1737,1160,SOUTH,5,5,7,3801,0,0,0,,0,0B5,"MISSISSIPPI ST","16TH ST",108.00,S,N,A,-,N,,,,,,,,,,N,4,0,1,3,A,-,17,22517,,N,B,G,A,A,H,-,B,D,0,,Y,,,Y,,-,,0,0,1,0,0,0,1,0,0,"- ","- ",,,"SAN FRANCISCO","SAN FRANCISCO",-122.39493560791016,37.766269683837891
9252813,2021,2021-04-28,3801,2021-03-05,1800,1225,SOURT,5,5,7,3801,0,0,0,,0,3B12D,"3RD ST","MINNA ST",0.00,,Y,A,-,N,,,,,,,,,,Y,3,0,1,2,A,-,08,22107,,N,E,C,A,A,H,-,B,A,0,,,Y,,Y,,A,01,0,1,0,0,0,0,0,0,1,"- ","- ",,,"SAN FRANCISCO","SAN FRANCISCO",-122.40148162841797,37.785842895507812
9252814,2021,2021-04-27,3801,2021-03-06,1330,2743,SOUTH,6,5,7,3801,0,0,0,,0,3B2,"6TH ST","BRYANT ST",0.00,,Y,A,-,N,,,,,,,,,,Y,4,0,2,2,A,-,09,21801,A,F,A,C,A,A,H,-,A,A,0,,,,,Y,,A,01,0,0,2,0,0,0,0,0,0,"- ","- ",,,"SAN FRANCISCO","SAN FRANCISCO",-122.40250396728516,37.776058197021484
9252815,2021,2021-04-28,3801,2021-03-06,1325,4102,SOUTH,6,5,7,3801,0,0,0,,0,3B14C,"FREMONT ST","RT 80 SFOBB",0.00,,Y,A,-,N,,,,,,,,,,Y,4,0,1,3,A,-,05,21460,A,N,D,C,A,A,H,-,A,A,0,,,,,Y,,A,07,0,0,1,0,0,0,0,0,0,"- ",WF,,,"SAN FRANCISCO","SAN FRANCISCO",-122.39431500000001,37.788547999999999
9252816,2021,2021-04-28,3801,2021-03-06,2137,933,CENTR,6,5,7,3801,0,0,0,,0,0A3,"BAY ST","COLUMBUS AV",0.00,,Y,A,-,N,,,,,,,,,,Y,4,0,5,2,A,-,12,21453,A,N,A,C,A,A,H,-,C,A,0,,,,,Y,,A,01,0,0,5,0,0,0,0,0,0,"- ","- ",,,"SAN FRANCISCO","SAN FRANCISCO",-122.41719818115234,37.805194854736328
9252818,2021,2021-04-28,3801,2021-03-28,1047,1725,RICHM,7,5,7,3801,0,0,0,,0,3G2A,"BRODERICK ST","CLAY ST",0.00,,Y,A,-,N,,,,,,,,,,N,4,0,1,2,A,-,12,22450,A,N,B,G,A,A,H,-,A,A,0,,Y,,,Y,,L,04,0,0,1,0,0,0,1,0,0,"- ","- ",,,"SAN FRANCISCO","SAN FRANCISCO",-122.44248199462891,37.789649963378906
9252819,2021,2021-04-29,3801,2021-03-28,1212,2745,BAYVI,7,5,7,3801,0,0,0,,0,3C12C,"PALOU AV","3RD ST",0.00,,Y,A,-,N,,,,,,,,,,N,4,0,1,2,A,-,05,21752,D,F,D,C,A,A,H,-,A,A,0,,,,,Y,,A,01,0,0,1,0,0,0,0,0,0,"- ","- ",,,"SAN FRANCISCO","SAN FRANCISCO",-122.39105987548828,37.734039306640625
9252820,2021,2021-04-28,3801,2021-03-28,1144,86,TARAV,7,5,7,3801,0,0,0,,0,3I4,"JUNIPERRO SERRA","WINSTON DR",0.00,,Y,A,-,N,,,,,,,,,,Y,4,0,3,2,A,-,12,21453,A,N,D,C,A,A,H,-,A,A,0,,,,,Y,,A,07,0,0,3,0,0,0,0,0,0,"- ","- ",,,"SAN FRANCISCO","SAN FRANCISCO",-122.47236633300781,37.726837158203125
9253081,2021,2021-04-21,3801,2021-03-21,0250,1987,CENTR,7,5,7,3801,0,0,0,,0,0A4,EMBARCADERO,"WASHINGTON ST",0.00,,Y,A,-,N,,,,,,,,,,N,3,0,2,1,B,-,22,,,N,H,I,A,A,H,-,C,A,0,,,Y,,Y,Y,C,03,0,1,1,0,0,0,0,0,2,"- ","- ",,,"SAN FRANCISCO","SAN FRANCISCO",-122.39556121826172,37.796642303466797
9253082,2021,2021-04-21,3801,2021-03-18,1530,309,TARAV,4,5,7,3801,0,0,0,,0,,"SLOAT BL","34TH AV",0.00,,Y,C,-,N,,,,,,,,,,Y,4,0,1,2,A,-,12,21453,A,N,D,C,A,B,H,-,A,A,0,,,,,Y,,-,"- ",0,0,1,0,0,0,0,0,0,"- ","- ",,,"SAN FRANCISCO","SAN FRANCISCO",-122.49124908447266,37.734130859375
9253083,2021,2021-04-21,3801,2021-03-17,1940,2163,NORTH,3,5,7,3801,0,0,0,,0,3E16D,"VAN NESS ST","UNION ST",0.00,,Y,A,-,N,,,,,,,,,,Y,4,0,1,2,A,-,01,23152,B,N,D,C,A,A,H,-,C,A,0,,,,,Y,Y,A,01,0,0,1,0,0,0,0,0,0,"- ","- ",,,"SAN FRANCISCO","SAN FRANCISCO",-122.42391967773438,37.798561096191406
9253084,2021,2021-04-21,3801,2021-03-17,1505,1230,TENDE,3,5,7,3801,0,0,0,,0,3J53C,"6TH ST","MARKET ST",42.00,S,N,A,-,N,,,,,,,,,,N,4,0,1,2,A,-,21,22106,,N,D,C,A,A,H,-,A,D,0,,,,,Y,,A,01,0,0,1,0,0,0,0,0,0,"- ","- ",,,"SAN FRANCISCO","SAN FRANCISCO",-122.41019439697266,37.782161712646484
9253085,2021,2021-04-21,3801,2021-03-17,1455,4124,INGLE,3,5,7,3801,0,0,0,,0,3H45,"MISSION ST","GENEVA AV",0.00,,Y,A,-,N,,,,,,,,,,N,3,0,2,2,A,-,03,22350,,N,D,-,A,A,H,-,A,D,0,,Y,,,Y,,-,"- ",0,1,1,0,0,0,1,0,0,"- ","- ",,,"SAN FRANCISCO","SAN FRANCISCO",-122.44100189208984,37.716388702392578
9253086,2021,2021-04-21,3801,2021-03-26,2316,2391,SOUTH,5,5,7,3801,0,0,0,,0,,"MISSION ST","11TH ST",0.00,,Y,A,-,N,,,,,,,,,,Y,4,0,1,2,A,-,08,22102,,F,D,C,A,A,H,-,C,D,0,,,Y,,Y,,A,01,0,0,1,0,0,0,0,0,1,"- ","- ",,,"SAN FRANCISCO","SAN FRANCISCO",-122.41709899902344,37.774330139160156
9253087,2021,2021-04-21,3801,2021-03-26,2014,2384,MISSI,5,5,7,3801,0,0,0,,0,1500-0,"16TH ST","MISSION ST",0.00,,Y,A,B,N,,,,,,,,,,N,3,0,1,2,A,-,00,21955,A,N,A,B,-,A,-,-,C,A,0,Y,,,,Y,Y,N,60,0,1,0,0,1,0,0,0,0,"- ","- ",,,"SAN FRANCISCO","SAN FRANCISCO",-122.41967010498047,37.765052795410156
9253088,2021,2021-04-21,3801,2021-03-26,1901,312,TARAV,5,5,7,3801,0,0,0,,0,"2 CAR","SANTIAGO ST","33RD AV",0.00,,Y,A,-,N,,,,,,,,,,N,4,0,1,2,A,-,09,21802,A,N,D,C,A,A,H,-,A,A,0,,,,,Y,,A,01,0,0,1,0,0,0,0,0,0,"- ","- ",,,"SAN FRANCISCO","SAN FRANCISCO",-122.49082946777344,37.7442626953125
9253089,2021,2021-04-21,3801,2021-03-26,1855,2431,RICHM,5,5,7,3801,0,0,0,,0,3G14D,"FULTON ST","30TH AV",0.00,,Y,A,-,N,,,,,,,,,,N,4,0,1,2,A,-,12,21453,A,N,D,C,A,A,H,-,-,A,0,,,,,Y,,A,01,0,0,1,0,0,0,0,0,0,"- ","- ",,,"SAN FRANCISCO","SAN FRANCISCO",-122.48954010009766,37.772335052490234
9253090,2021,2021-04-21,3801,2021-03-26,1850,246,TARAV,5,5,7,3801,0,0,0,,0,"6 CAR","OCEAN AV","HAROLD ST",75.00,W,N,A,-,N,,,,,,,,,,N,4,0,1,2,A,-,17,22517,,F,G,G,A,A,H,-,A,A,0,,Y,,,Y,Y,A,01,0,0,1,0,0,0,1,0,0,"- ","- ",,,"SAN FRANCISCO","SAN FRANCISCO",-122.45337677001953,37.723323822021484
9253091,2021,2021-04-21,3801,2021-03-26,1620,299,CENTR,5,5,7,3801,0,0,0,,0,3A12D,"KEARNY ST","HARDIE PL",0.00,,Y,A,-,N,,,,,,,,,,N,3,0,1,2,A,-,08,22100,A,N,B,C,A,A,-,-,A,D,0,,,Y,,Y,,A,01,0,1,0,0,0,0,0,0,1,"- ","- ",,,"SAN FRANCISCO","SAN FRANCISCO",-122.40392303466797,37.790279388427734
9253092,2021,2021-04-21,3801,2021-03-26,1255,2495,BAYVI,5,5,7,3801,0,0,0,,0,3C15A,"GILMAN AV","HAWES ST",221.00,E,N,A,-,N,,,,,,,,,,N,4,0,1,2,A,-,05,21651,B,F,D,C,A,A,H,-,A,A,0,,,,,Y,,A,01,0,0,1,0,0,0,0,0,0,"- ","- ",,,"SAN FRANCISCO","SAN FRANCISCO",-122.38937377929688,37.718929290771484
9253093,2021,2021-04-21,3801,2021-03-26,0848,2395,TARAV,5,5,7,3801,0,0,0,,0,003,"SLOAT BL","45TH AV",0.00,,Y,A,-,N,,,,,,,,,,Y,4,0,1,1,A,-,01,23152,F,N,A,I,A,A,H,-,A,A,0,,,,,Y,,A,07,0,0,1,0,0,0,0,0,0,"- ","- ",,,"SAN FRANCISCO","SAN FRANCISCO",-122.50308990478516,37.735542297363281
9253094,2021,2021-04-21,3801,2021-03-26,0645,4307,NORTH,5,5,7,3801,0,0,0,,0,3E12A,"VAN NESS",OFARRELL,0.00,,Y,A,-,N,,,,,,,,,,Y,4,0,1,2,A,-,08,22101,D,F,D,C,A,A,D,H,A,A,0,,,,,Y,,-,99,0,0,1,0,0,0,0,0,0,"- ","- ",,,"SAN FRANCISCO","SAN FRANCISCO",-122.42111968994141,37.784763336181641
9253095,2021,2021-04-21,3801,2021-03-25,1620,417,TARAV,4,5,7,3801,0,0,0,,0,3I16D,"ASHTON AV","OCEAN AV",50.00,S,N,A,-,N,,,,,,,,,,N,3,0,1,2,A,-,11,21954,A,N,B,B,D,A,H,-,A,A,0,Y,Y,,,Y,,N,60,0,1,0,0,1,0,0,0,0,"- ","- ",,,"SAN FRANCISCO","SAN FRANCISCO",-122.46227264404297,37.725143432617188
9253096,2021,2021-04-21,3801,2021-03-25,1320,1688,TENDE,4,5,7,3801,0,0,0,,0,3J11C,"MARKET ST","VAN NESS AV",20.00,E,N,A,-,N,,,,,,,,,,N,4,0,1,2,A,-,"- ",,,N,-,B,F,A,H,-,A,D,0,Y,Y,,,Y,,-,"- ",0,0,1,0,1,0,0,0,0,"- ","- ",,,"SAN FRANCISCO","SAN FRANCISCO",-122.41921234130859,37.77520751953125