CASE_ID,ACCIDENT_YEAR,PROC_DATE,JURIS,COLLISION_DATE,COLLISION_TIME,OFFICER_ID,REPORTING_DISTRICT,DAY_OF_WEEK,CHP_SHIFT,POPULATION,CNTY_CITY_LOC,SPECIAL_COND,BEAT_TYPE,CHP_BEAT_TYPE,CITY_DIVISION_LAPD,CHP_BEAT_CLASS,BEAT_NUMBER,PRIMARY_RD,SECONDARY_RD,DISTANCE,DIRECTION,INTERSECTION,WEATHER_1,WEATHER_2,STATE_HWY_IND,CALTRANS_COUNTY,CALTRANS_DISTRICT,STATE_ROUTE,ROUTE_SUFFIX,POSTMILE_PREFIX,POSTMILE,LOCATION_TYPE,RAMP_INTERSECTION,SIDE_OF_HWY,TOW_AWAY,COLLISION_SEVERITY,NUMBER_KILLED,NUMBER_INJURED,PARTY_COUNT,PRIMARY_COLL_FACTOR,PCF_CODE_OF_VIOL,PCF_VIOL_CATEGORY,PCF_VIOLATION,PCF_VIOL_SUBSECTION,HIT_AND_RUN,TYPE_OF_COLLISION,MVIW,PED_ACTION,ROAD_SURFACE,ROAD_COND_1,ROAD_COND_2,LIGHTING,CONTROL_DEVICE,CHP_ROAD_TYPE,PEDESTRIAN_ACCIDENT,BICYCLE_ACCIDENT,MOTORCYCLE_ACCIDENT,TRUCK_ACCIDENT,NOT_PRIVATE_PROPERTY,ALCOHOL_INVOLVED,STWD_VEHTYPE_AT_FAULT,CHP_VEHTYPE_AT_FAULT,COUNT_SEVERE_INJ,COUNT_VISIBLE_INJ,COUNT_COMPLAINT_PAIN,COUNT_PED_KILLED,COUNT_PED_INJURED,COUNT_BICYCLIST_KILLED,COUNT_BICYCLIST_INJURED,COUNT_MC_KILLED,COUNT_MC_INJURED,PRIMARY_RAMP,SECONDARY_RAMP,LATITUDE,LONGITUDE,COUNTY,CITY,POINT_X,POINT_Y
9253097,2021,2021-04-21,3801,2021-03-25,1035,1074,MISSI,4,5,7,3801,0,0,0,,0,3D11A,"GUERRERO ST","20TH ST",0.00,,Y,A,-,N,,,,,,,,,,,4,0,2,2,A,-,09,21801,A,N,A,D,A,A,H,-,A,A,0,,,Y,,Y,,A,01,0,0,2,0,0,0,0,0,1,"- ","- ",,,"SAN FRANCISCO","SAN FRANCISCO",-122.42346954345703,37.758358001708984
9253098,2021,2021-04-21,3801,2021-03-25,0720,2357,NORTH,4,5,7,3801,0,0,0,,0,3E13A,"FRANKLIN ST","AUSTIN ST",0.00,,Y,A,-,N,,,,,,,,,,N,3,0,1,2,A,-,08,22107,,N,B,C,A,A,H,-,A,D,0,,Y,,,Y,,L,04,0,1,0,0,0,0,1,0,0,"- ","- ",,,"SAN FRANCISCO","SAN FRANCISCO",-122.42367553710938,37.788730621337891
9253099,2021,2021-04-21,3801,2021-03-25,2325,2210,TARAV,4,5,7,3801,0,0,0,,0,0I4,"19TH AV","VICENTE ST",13.00,N,N,A,-,N,,,,,,,,,,Y,4,0,1,3,A,-,01,23153,A,N,C,C,A,A,H,-,C,A,0,,,,,Y,Y,A,01,0,0,1,0,0,0,0,0,0,"- ","- ",,,"SAN FRANCISCO","SAN FRANCISCO",-122.47543334960938,37.739345550537109
9253230,2021,2021-04-28,3801,2021-03-03,1335,2439,CENTR,3,5,7,3801,0,0,0,,0,3A15C,"SACRAMENTO ST","BATTERY ST",0.00,,Y,A,-,N,,,,,,,,,,Y,4,0,1,2,A,-,12,21453,A,N,D,-,A,A,H,-,A,A,0,,,,,Y,,A,01,0,0,1,0,0,0,0,0,0,"- ","- ",,,"SAN FRANCISCO","SAN FRANCISCO",-122.40016174316406,37.794178009033203
9253261,2021,2021-04-27,3801,2021-03-21,2300,2481,SOUTH,7,5,7,3801,0,0,0,,0,005,"3RD ST","16TH ST",0.00,,Y,A,-,N,,,,,,,,,,N,4,0,1,2,A,-,08,22107,,N,A,G,A,A,H,-,C,A,0,,Y,,,Y,,L,04,0,0,1,0,0,0,1,0,0,"- ","- ",,,"SAN FRANCISCO","SAN FRANCISCO",-122.38920593261719,37.766944885253906
9253281,2021,2021-04-21,3801,2021-03-24,0806,1250,SOUTH,3,5,7,3801,0,0,0,,0,3B12A,"2ND ST","MISSION ST",0.00,,Y,A,-,N,,,,,,,,,,N,4,0,1,2,A,-,08,22101,D,N,A,G,A,A,G,-,A,A,0,,Y,,,Y,,-,,0,0,1,0,0,0,1,0,0,"- ","- ",,,"SAN FRANCISCO","SAN FRANCISCO",-122.39978790283203,37.788013458251953
9253282,2021,2021-04-21,3801,2021-03-24,1349,556,SOUTH,3,5,7,3801,0,0,0,,0,,"FREMONT ST","FOLSOM ST",0.00,,Y,A,-,N,,,,,,,,,,Y,4,0,2,2,A,-,09,21801,A,N,A,C,A,A,H,-,A,A,0,,,,,Y,,A,01,0,0,2,0,0,0,0,0,0,"- ","- ",,,"SAN FRANCISCO","SAN FRANCISCO",-122.39360046386719,37.788002014160156
9253283,2021,2021-04-26,3801,2021-03-23,2500,328,CENTR,2,5,7,3801,0,0,0,,0,,"PACIFIC ST","KEARNY ST",0.00,,Y,A,-,N,,,,,,,,,,,4,0,1,2,A,-,08,22100,B,N,B,G,A,A,H,-,A,A,0,,Y,,,Y,,L,04,0,0,1,0,0,0,1,0,0,"- ","- ",,,"SAN FRANCISCO","SAN FRANCISCO",-122.40538787841797,37.79705810546875
9253284,2021,2021-04-21,3801,2021-03-19,2006,2239,INGLE,5,5,7,3801,0,0,0,,0,3H11D,"ALEMANY BL","COTTER ST",46.00,S,N,A,-,N,,,,,,,,,,N,4,0,1,2,A,-,17,22517,,N,H,J,A,A,H,-,D,D,0,,,,,Y,,A,07,0,0,1,0,0,0,0,0,0,"- ","- ",,,"SAN FRANCISCO","SAN FRANCISCO",-122.43511199951172,37.728096008300781
9253285,2021,2021-04-21,3801,2021-03-22,0020,1878,INGLE,1,5,7,3801,0,0,0,,0,0H5,"ALEMANY BL","FARRAGUT AV",0.00,,Y,A,-,N,,,,,,,,,,Y,4,0,1,2,A,-,03,22350,A,F,C,C,A,A,H,-,C,A,0,,,,,Y,,A,01,0,0,1,0,0,0,0,0,0,"- ","- ",,,"SAN FRANCISCO","SAN FRANCISCO",-122.45204162597656,37.71209716796875
9253286,2021,2021-04-21,3801,2021-03-22,1035,4267,TARAV,1,5,7,3801,0,0,0,,0,3I41,"JUDAH ST","27TH AV",0.00,,Y,A,-,N,,,,,,,,,,Y,3,0,1,1,A,-,03,22350,,N,E,I,A,A,H,-,A,D,0,,,,,Y,,A,01,0,1,0,0,0,0,0,0,0,"- ","- ",,,"SAN FRANCISCO","SAN FRANCISCO",-122.48555755615234,37.761325836181641
9253287,2021,2021-04-21,3801,2021-03-22,1440,2716,PARK,1,5,7,3801,0,0,0,,0,2CAR,"17TH ST","URANUS TR",145.00,E,N,A,-,N,,,,,,,,,,Y,4,0,1,2,A,-,03,22350,,N,C,C,A,A,H,-,A,D,0,,,,,Y,,A,01,0,0,1,0,0,0,0,0,0,"- ","- ",,,"SAN FRANCISCO","SAN FRANCISCO",-122.44480133056641,37.76190185546875
9253288,2021,2021-04-21,3801,2021-03-22,1526,2157,SOUTH,1,5,7,3801,0,0,0,,0,3B14D,"11TH ST","MISSION ST",0.00,,Y,A,-,N,,,,,,,,,,,3,0,1,2,A,-,03,22350,,F,G,B,E,A,H,-,A,A,0,Y,,,,Y,,-,,0,1,0,0,1,0,0,0,0,"- ","- ",,,"SAN FRANCISCO","SAN FRANCISCO",-122.41709899902344,37.774330139160156
9253289,2021,2021-04-21,3801,2021-03-22,1648,4047,MISSI,1,5,7,3801,0,0,0,,0,3D41D,"HARTFORD ST","18TH ST",0.00,,Y,A,-,N,,,,,,,,,,N,2,0,1,2,A,-,"- ",,,N,G,B,D,A,H,-,A,D,0,Y,,,,Y,,N,60,1,0,0,0,1,0,0,0,0,"- ","- ",,,"SAN FRANCISCO","SAN FRANCISCO",-122.43388366699219,37.760948181152344
9253290,2021,2021-04-21,3801,2021-03-08,1821,1435,TRAFF,1,5,7,3801,0,0,0,,0,4B41,"KEZAR DR","JOHN F KENNEDY DR",0.00,,Y,A,-,N,,,,,,,,,,N,2,0,1,2,A,-,12,22450,A,N,A,G,A,A,H,-,C,A,0,,Y,,,Y,,L,04,1,0,0,0,0,0,1,0,0,"- ","- ",,,"SAN FRANCISCO","SAN FRANCISCO",-122.45532989501953,37.770858764648438
9253291,2021,2021-04-21,3801,2021-03-25,0740,2310,BAYVI,4,5,7,3801,0,0,0,,0,3C13A,"HUNTERS POINT BL","HAWES ST",30.00,N,N,A,-,N,,,,,,,,,,Y,4,0,1,1,A,-,07,21658,A,N,E,I,A,A,H,-,A,D,0,,,,,Y,,A,01,0,0,1,0,0,0,0,0,0,"- ","- ",,,"SAN FRANCISCO","SAN FRANCISCO",-122.37698364257812,37.733711242675781
9253292,2021,2021-04-21,3801,2021-03-25,1920,FYLES,INGLE,4,5,7,3801,0,0,0,,0,3H16D,"BAYSHROE BL","TUNNEL AV",0.00,,Y,A,-,N,,,,,,,,,,Y,4,0,2,2,A,-,08,22107,,N,D,C,A,A,H,-,A,A,0,,,,,Y,,A,01,0,0,2,0,0,0,0,0,0,"- ","- ",,,"SAN FRANCISCO","SAN FRANCISCO",-122.4007568359375,37.713123321533203
9253293,2021,2021-04-21,3801,2021-03-25,2310,2479,NORTH,4,5,7,3801,0,0,0,,0,3E13E,"GOLDEN GATE AV","VAN NESS AV",0.00,,Y,B,-,N,,,,,,,,,,Y,4,0,1,1,A,-,17,21663,,M,E,J,A,A,H,-,C,A,0,,,,,Y,,A,01,0,0,1,0,0,0,0,0,0,"- ","- ",,,"SAN FRANCISCO","SAN FRANCISCO",-122.42038726806641,37.781028747558594
9253294,2021,2021-04-21,3801,2021-03-24,1521,1601,BAYVI,3,5,7,3801,0,0,0,,0,0CI,"CESAR CHAVEZ ST","VERMONT ST",0.00,,Y,A,-,N,,,,,,,,,,Y,4,0,1,1,A,-,03,22350,,N,E,I,A,A,H,-,A,D,0,,,,,Y,,A,01,0,0,1,0,0,0,0,0,0,"- ","- ",,,"SAN FRANCISCO","SAN FRANCISCO",-122.40283966064453,37.749393463134766
9253295,2021,2021-04-21,3801,2021-03-23,1614,1613,MISSI,2,5,7,3801,0,0,0,,0,004,"24TH ST","FOLSOM ST",0.00,,Y,A,-,N,,,,,,,,,,N,3,0,1,2,A,-,06,21750,A,N,D,C,A,A,H,-,A,A,0,,,,,Y,,A,01,0,1,0,0,0,0,0,0,0,"- ","- ",,,"SAN FRANCISCO","SAN FRANCISCO",-122.41409301757812,37.752506256103516
9253296,2021,2021-04-21,3801,2021-03-23,1814,1512,BAYVI,2,5,7,3801,0,0,0,,0,0C5,"VAN DYKE AV","INGALLS ST",0.00,,Y,A,-,N,,,,,,,,,,N,3,0,1,2,A,-,21,22106,,N,D,G,A,A,H,-,A,D,0,,Y,,,Y,,-,,0,1,0,0,0,0,1,0,0,"- ","- ",,,"SAN FRANCISCO","SAN FRANCISCO",-122.38680267333984,37.725994110107422
9253297,2021,2021-04-21,3801,2021-03-18,1729,575,TENDE,4,5,7,3801,0,0,0,,0,3J11D,"TURK ST","TURK ST 275",0.00,,Y,B,-,N,,,,,,,,,,N,4,0,1,2,A,-,04,21703,,N,C,C,A,B,H,-,A,A,0,,,,,Y,,A,01,0,0,1,0,0,0,0,0,0,"- ","- ",,,"SAN FRANCISCO","SAN FRANCISCO",-122.44535064697266,37.778839111328125
9253298,2021,2021-04-21,3801,2021-03-31,1106,2745,BAYVI,3,5,7,3801,0,0,0,,0,3C14C,"LA SALLE AV","NEWCOMB AV",343.00,W,N,A,-,N,,,,,,,,,,Y,3,0,1,2,A,-,03,22350,,N,F,E,A,A,H,-,A,D,0,,,,,Y,,A,01,0,1,0,0,0,0,0,0,0,"- ","- ",,,"SAN FRANCISCO","SAN FRANCISCO",-122.38571166992188,37.733890533447266
9253299,2021,2021-04-21,3801,2021-03-30,1158,798,NORTH,2,5,7,3801,0,0,0,,0,3E44C,"MCALLISTER ST","LAGUNA ST",0.00,,Y,A,-,N,,,,,,,,,,N,4,0,1,2,A,-,08,22107,,N,B,C,A,A,H,-,A,A,0,,Y,,,Y,,A,01,0,0,1,0,0,0,1,0,0,"- ","- ",,,"SAN FRANCISCO","SAN FRANCISCO",-122.42681884765625,37.779262542724609
9256152,2021,2021-06-08,3801,2021-04-03,1308,845,TRAFF,6,5,7,3801,0,0,0,,0,4B2D,"3RD ST","FOLSOM ST",32.00,N,N,A,-,N,,,,,,,,,,Y,1,1,0,2,A,-,11,21954,A,F,G,B,D,A,H,-,A,A,0,Y,,,,Y,,N,60,0,0,0,1,0,0,0,0,0,"- ","- ",,,"SAN FRANCISCO","SAN FRANCISCO",-122.39903259277344,37.783843994140625
9256170,2021,2021-06-03,3801,2021-04-07,1319,73,TRAFF,3,5,7,3801,0,0,0,,0,4B1H,"18TH ST","CHURCH ST",353.00,E,N,A,-,N,,,,,,,,,,Y,2,0,2,7,C,-,18,,,N,C,C,A,A,H,-,A,D,0,,,,,Y,,-,"- ",1,0,1,0,0,0,0,0,0,"- ","- ",,,"SAN FRANCISCO","SAN FRANCISCO",-122.42716217041016,37.761375427246094
9256317,2021,2021-07-09,3801,2021-01-20,2235,76,TRAFF,3,5,7,3801,0,0,0,,0,4B3B,"JUNIPERO SERRA BL","PALMETTO AV",578.00,S,N,A,-,Y,SF,4,1,-,-,0.070,H,-,N,Y,1,1,0,2,A,-,03,22350,,N,E,I,A,A,H,-,D,D,0,,,,,Y,,A,01,0,0,0,0,0,0,0,0,0,"- ","- ",,,"SAN FRANCISCO","SAN FRANCISCO",-122.47103881835938,37.709053039550781
9256326,2021,2021-07-06,3801,2021-04-07,1549,2305,NORTH,3,5,7,3801,0,0,0,,0,1549,"FILLMORE ST","GOLDEN STATE AV",7.00,S,N,A,-,N,,,,,,,,,,Y,1,1,1,2,A,-,11,21453,D,N,G,B,D,A,H,-,A,A,0,Y,,Y,,Y,,N,60,0,1,0,1,0,0,0,0,1,"- ","- ",,,"SAN FRANCISCO","SAN FRANCISCO",,
9256328,2021,2021-07-09,3801,2021-04-24,0020,4022,RICHM,6,5,7,3801,0,0,0,,0,3G13E,"PARK PRESIDIO BL","RT 1",10.00,S,N,F,-,Y,SF,4,1,-,-,5.500,I,5,N,N,1,1,0,2,A,-,11,21456,C,F,G,B,B,B,H,-,C,A,0,Y,,,,Y,,N,60,0,0,0,1,0,0,0,0,0,"- ","- ",,,"SAN FRANCISCO","SAN FRANCISCO",-122.47225952148438,37.780567169189453
9256356,2021,2021-07-20,3801,2021-03-27,1153,1994,TRAFF,6,5,7,3801,0,0,0,,0,4B3G,"JOHN F KENNEDY DR","CAMBRIDGE ST",78.00,W,N,A,-,N,,,,,,,,,,Y,1,1,0,1,A,-,03,22350,,N,E,I,A,A,G,-,A,D,0,,,Y,,Y,,C,02,0,0,0,0,0,0,0,1,0,"- ","- ",,,"SAN FRANCISCO","SAN FRANCISCO",,
9256391,2021,2023-06-20,3801,2021-02-04,0755,202,TRAFF,4,5,7,3801,0,0,0,,0,4B1D,"LAKE MERCED BL","HIGUERA AV",18.00,N,N,A,-,N,,,,,,,,,,Y,1,1,4,9,A,-,01,23152,A,F,G,B,B,A,H,-,A,A,0,Y,,,,Y,Y,A,07,1,2,1,1,0,0,0,0,0,"- ","- ",,,"SAN FRANCISCO","SAN FRANCISCO",-122.48509979248047,37.718360900878906
9256488,2021,2021-08-12,3801,2021-03-02,1253,120,TRAFF,2,5,7,3801,0,0,0,,0,COH,"GENEVA AV","MISSION ST",0.00,,Y,B,-,N,,,,,,,,,,Y,1,1,0,3,A,-,08,22100,A,F,B,D,B,A,H,-,A,A,0,Y,,Y,,Y,,A,01,0,0,0,1,0,0,0,0,0,"- ","- ",,,"SAN FRANCISCO","SAN FRANCISCO",-122.44100189208984,37.716388702392578
9256801,2021,2021-05-19,3801,2021-04-03,2207,2479,NORTH,6,5,7,3801,0,0,0,,0,3E15E,"LOMBARD ST","SCOTT ST",0.00,,Y,B,-,N,,,,,,,,,,N,2,0,1,1,A,-,03,22350,,N,-,J,A,A,C,-,C,A,0,,,Y,,Y,,C,02,1,0,0,0,0,0,0,0,1,"- ","- ",,,"SAN FRANCISCO","SAN FRANCISCO",-122.44100189208984,37.799209594726562
9256805,2021,2021-05-13,3801,2021-04-07,1553,1920,MISSI,3,5,7,3801,0,0,0,,0,2D200,"DUBOCE AV","MISSION ST",0.00,,Y,A,-,N,,,,,,,,,,Y,4,0,3,2,A,-,08,22101,D,N,D,C,A,A,H,-,A,A,0,,,,,Y,,A,01,0,0,3,0,0,0,0,0,0,"- ","- ",,,"SAN FRANCISCO","SAN FRANCISCO",-122.42018127441406,37.769992828369141
9256809,2021,2021-05-19,3801,2021-04-01,1710,2088,INGLE,4,5,7,3801,0,0,0,,0,,"EDNA ST","JUDSON AV",0.00,,Y,-,-,N,,,,,,,,,,,4,0,1,2,-,-,"- ",,,N,D,G,A,-,-,-,-,A,0,,Y,,,Y,,-,"- ",0,0,1,0,0,0,1,0,0,"- ","- ",,,"SAN FRANCISCO","SAN FRANCISCO",-122.44657135009766,37.728271484375
9256813,2021,2021-05-13,3801,2021-04-07,1120,2743,SOUTH,3,5,7,3801,0,0,0,,0,3B5,"4TH ST","CHINA BASIN ST",0.00,,Y,A,-,N,,,,,,,,,,N,4,0,1,2,A,-,09,21801,A,N,D,G,A,A,H,-,A,A,0,,Y,,,Y,,L,04,0,0,1,0,0,0,1,0,0,"- ","- ",,,"SAN FRANCISCO","SAN FRANCISCO",-122.39132690429688,37.771900177001953
9256817,2021,2021-05-13,3801,2021-04-07,1005,104,TRAFF,3,5,7,3801,0,0,0,,0,4B1I,"LINCOLN WY","21ST AV",5.00,W,N,B,-,N,,,,,,,,,,N,2,0,1,2,A,-,10,21950,A,N,G,B,B,A,H,-,A,D,0,Y,,,,Y,,A,01,1,0,0,0,1,0,0,0,0,"- ","- ",,,"SAN FRANCISCO","SAN FRANCISCO",-122.47947692871094,37.765357971191406
9256873,2021,2021-05-13,3801,2021-03-29,0910,2088,INGLE,1,5,7,3801,0,0,0,,0,3H13C,"DOLORES ST","29TH ST",0.00,,Y,A,-,N,,,,,,,,,,Y,4,0,1,2,A,-,08,22107,,N,D,C,A,A,H,-,A,A,0,,,,,Y,,A,01,0,0,1,0,0,0,0,0,0,"- ","- ",,,"SAN FRANCISCO","SAN FRANCISCO",-122.42446899414062,37.743839263916016
9257360,2021,2021-04-28,3801,2021-02-10,1627,2153,SOUTH,3,5,7,3801,0,0,0,,0,3B15C,"MISSION BAY BL N","4TH ST",0.00,,Y,A,-,N,,,,,,,,,,N,4,0,1,2,A,-,10,21950,A,N,G,B,B,A,H,-,A,A,0,Y,,,,Y,,A,01,0,0,1,0,1,0,0,0,0,"- ","- ",,,"SAN FRANCISCO","SAN FRANCISCO",-122.39127349853516,37.770965576171875
92595464,2024,2024-07-23,9335,2024-07-20,2200,023593,,6,3,7,3801,0,1,2,,2,014,"US-101 NORTHBOUND TO DUBOCE AVE","DUBOCE AVE",764.00,S,N,A,-,Y,SF,,101," ",R,5.074,H,,R,Y,4,0,1,3,A,-,03,22350,,N,C,C,A,A,H,-,C,D,0,,,,,Y,,A,01,0,0,1,0,0,0,0,0,0,"- ","- ",37.769901275634766,-122.41710662841797,"SAN FRANCISCO","SAN FRANCISCO",-122.41712951660156,37.769802093505859
92595576,2024,2024-07-23,9335,2024-07-21,2120,023685,,7,2,7,3801,0,1,1,,2,080,"I-80 W/B","3RD STREET UNDERCROSSING",75.00,W,N,A,-,Y,SF,,80," "," ",5.220,H,,L,N,4,0,1,2,A,-,03,22350,,N,C,C,A,A,H,-,C,D,0,,,,,Y,,A,01,0,0,1,0,0,0,0,0,0,"- ","- ",37.781871795654297,-122.39691925048828,"SAN FRANCISCO","SAN FRANCISCO",-122.39701843261719,37.781959533691406
92595592,2024,2024-07-23,9335,2024-07-21,2120,023654,,7,2,7,3801,0,1,1,,2,080,"I-80 WESTBOUND","4TH STREET UNDERCROSSING",400.00,E,N,B,-,Y,SF,,80," "," ",5.144,H,,L,Y,4,0,1,2,A,-,03,22350,,M,C,C,A,A,H,-,B,D,0,,,,,Y,,A,01,0,0,1,0,0,0,0,0,0,"- ","- ",37.781101226806641,-122.39788818359375,"SAN FRANCISCO","SAN FRANCISCO",-122.39803314208984,37.781223297119141
92595598,2024,2024-07-23,9335,2024-07-22,1440,020324,,1,2,7,3801,0,1,1,,2,080,"I-80 E/B","4TH ST.",95.00,W,N,A,-,Y,SF,,80," "," ",4.980,H,,R,N,4,0,1,2,D,-,00,,,N,C,C,A,A,H,-,A,D,0,,,,,Y,,-,"- ",0,0,1,0,0,0,0,0,0,"- ","- ",37.779739379882812,-122.39900970458984,"SAN FRANCISCO","SAN FRANCISCO",-122.39905548095703,37.779773712158203
92595636,2024,2024-07-23,9335,2024-06-23,2255,023121,,7,3,7,3801,0,1,1,,1,081,"I-80 WESTBOUND","TREASURE ISLAND ROAD",460.00,E,N,A,-,Y,SF,,80," "," ",7.810,H,,L,Y,4,0,1,3,A,-,07,21658,A,F,B,2,A,A,H,-,C,D,0,,,,,Y,Y,A,07,0,0,1,0,0,0,0,0,0,"- ","- ",37.809978485107422,-122.36508941650391,"SAN FRANCISCO","SAN FRANCISCO",-122.36515045166016,37.810024261474609
92595637,2024,2024-07-23,9335,2024-06-17,"856 ",023832,,1,1,7,3801,0,1,2,,2,013,"US-101 N/B","ALANA WAY UNDERCROSSING",546.00,N,N,A,-,Y,SF,,101," "," ",0.137,H,,R,Y,3,0,1,3,A,-,07,21658,A,F,B,C,A,A,H,-,A,D,0,,,,Y,Y,,A,07,0,1,0,0,0,0,0,0,0,"- ","- ",37.710350036621094,-122.39534759521484,"SAN FRANCISCO","SAN FRANCISCO",-122.39531707763672,37.710353851318359
92595676,2024,2024-08-14,9335,2024-06-26,1745,023845,,3,2,7,3801,0,1,2,,2,013,"US-101 N/B","CORTLAND AVE",890.00,N,N,A,-,Y,SF,,101," "," ",2.457,H,,R,Y,4,0,2,2,A,-,08,22107,,N,D,2,A,A,H,-,A,D,0,,,,,Y,,A,08,0,0,2,0,0,0,0,0,0,"- ","- ",37.742019653320312,-122.40704345703125,"SAN FRANCISCO","SAN FRANCISCO",-122.4071044921875,37.742046356201172
92595682,2024,2024-07-24,9335,2024-06-26,1805,023860,,3,2,7,3801,0,1,2,,2,014,"U.S.-101 N/B","22ND ST OVERCROSSING",100.00,N,N,A,-,Y,SF,,101," "," ",3.541,H,,R,N,4,0,1,3,A,-,03,22350,,N,C,C,A,A,H,-,A,D,0,,,,,Y,,A,07,0,0,1,0,0,0,0,0,0,"- ","- ",37.757171630859375,-122.40354919433594,"SAN FRANCISCO","SAN FRANCISCO",-122.403564453125,37.757164001464844
92595683,2024,2024-07-24,9335,2024-06-27,1935,023603,,4,2,7,3801,0,1,2,,2,013,"US-101 S/B","BEATTY AVENUE UNDERCROSSING",690.00,S,N,A,-,Y,SM,,101," "," ",26.011,H,,L,Y,4,0,3,4,A,-,07,21658,A,N,C,C,A,A,C,-,A,D,0,,,,,Y,,A,01,0,0,3,0,0,0,0,0,0,"- ","- ",37.706951141357422,-122.39479827880859,"SAN FRANCISCO","SAN FRANCISCO",-122.39481353759766,37.706947326660156
92596651,2024,2024-07-24,9335,2024-07-07,2336,023167,,7,3,7,3801,0,1,1,,2,024,"I-280 N/B TO CESAR CHAVEZ ST","CESAR CHAVEZ ST",875.00,S,N,A,-,Y,SF,,280," ",R,5.429,H,,R,Y,4,0,1,1,A,-,08,22107,,N,E,I,A,A,H,-,C,D,0,,,,,Y,,A,07,0,0,1,0,0,0,0,0,0,"- ","- ",37.747440338134766,-122.39337921142578,"SAN FRANCISCO","SAN FRANCISCO",-122.39325714111328,37.747394561767578
92596754,2024,2024-07-24,9335,2024-07-12,"200 ",023366,,5,3,7,3801,0,1,1,,2,021,"I-280 S/B","OCEAN AVE",155.00,N,N,A,-,Y,SF,,280," ",R,1.804,H,,L,Y,4,0,2,2,A,-,03,22350,,N,C,C,A,A,H,-,C,D,0,,,,,Y,Y,A,07,0,0,2,0,0,0,0,0,0,"- ","- ",37.723491668701172,-122.44770050048828,"SAN FRANCISCO","SAN FRANCISCO",-122.44772338867188,37.723495483398438
92596984,2024,2024-08-05,9335,2024-07-14,1020,023474,,7,1,7,3801,0,1,1,,2,023,"I-280 N/B","BARNEVELD AVE",1417.00,S,N,B,-,Y,SF,,280," ",R,3.994,H,,R,N,4,0,2,3,A,-,03,22350,,N,C,C,A,A,H,-,A,D,0,,,,,Y,,A,01,0,0,2,0,0,0,0,0,0,"- ","- ",37.73297119140625,-122.41251373291016,"SAN FRANCISCO","SAN FRANCISCO",-122.41254425048828,37.733020782470703
9261364,2021,2021-05-12,3801,2021-04-06,0110,1442,NORTH,2,5,7,3801,0,0,0,,0,3E13E,"VAN NESS AV","GEARY BL",0.00,,Y,A,-,N,,,,,,,,,,Y,4,0,1,2,A,-,12,21453,A,N,D,C,A,A,H,-,C,A,0,,,,,Y,,A,01,0,0,1,0,0,0,0,0,0,"- ","- ",,,"SAN FRANCISCO","SAN FRANCISCO",-122.42146301269531,37.785682678222656
9261372,2021,2021-05-12,3801,2021-04-03,1930,4358,BAYVI,6,5,7,3801,0,0,0,,0,002,"QUINT ST","ARTHUR AV",0.00,,Y,A,-,N,,,,,,,,,,Y,4,0,1,1,A,-,21,22106,,N,C,I,A,A,H,-,C,A,0,,,,,Y,Y,D,22,0,0,1,0,0,0,0,0,0,"- ","- ",,,"SAN FRANCISCO","SAN FRANCISCO",-122.38809204101562,37.746513366699219
9261376,2021,2021-05-12,3801,2021-04-19,1308,1769,INGLE,1,5,7,3801,0,0,0,,0,3H15C,"MOSCOW ST","RUSSIA AV",0.00,,Y,A,-,N,,,,,,,,,,N,4,0,1,2,A,-,21,22106,,N,D,C,A,A,-,-,A,D,0,,,,,Y,,I,19,0,0,1,0,0,0,0,0,0,"- ","- ",,,"SAN FRANCISCO","SAN FRANCISCO",-122.42997741699219,37.718135833740234
9261380,2021,2021-05-12,3801,2021-04-19,1937,1951,SOUTH,1,5,7,3801,0,0,0,,0,0B5,"KANSAS ST","16TH ST",0.00,,Y,A,-,N,,,,,,,,,,N,4,0,1,2,A,-,12,21453,A,N,D,C,A,A,H,-,B,A,0,,,Y,Y,Y,,F,26,0,0,1,0,0,0,0,0,1,"- ","- ",,,"SAN FRANCISCO","SAN FRANCISCO",-122.40363311767578,37.766033172607422
9261384,2021,2021-05-12,3801,2021-04-20,1745,4314,RICHM,2,5,7,3801,0,0,0,,0,0G2,"GEARY BL","STANYAN ST",58.00,E,N,A,-,N,,,,,,,,,,N,4,0,1,2,A,-,03,22350,,F,C,C,A,A,H,-,A,A,0,,,,,Y,Y,D,22,0,0,1,0,0,0,0,0,0,"- ","- ",,,"SAN FRANCISCO","SAN FRANCISCO",-122.45610809326172,37.781448364257812
9261392,2021,2021-05-12,3801,2021-04-19,1528,4047,MISSI,1,5,7,3801,0,0,0,,0,3D41D,"POTRERO AV","16TH ST",150.00,S,N,A,-,N,,,,,,,,,,Y,4,0,1,2,A,-,09,21804,A,N,D,C,A,A,H,-,A,A,0,,,Y,,Y,,D,22,0,0,1,0,0,0,0,0,1,"- ","- ",,,"SAN FRANCISCO","SAN FRANCISCO",-122.40751647949219,37.765357971191406
9261396,2021,2021-05-12,3801,2021-04-14,0746,2722,PARK,3,5,7,3801,0,0,0,,0,2CAR,"7TH AV","JUDAH ST",0.00,,Y,A,-,N,,,,,,,,,,Y,4,0,3,2,A,-,08,22107,,N,A,D,A,A,H,-,A,A,0,,,,,Y,,D,22,0,0,3,0,0,0,0,0,0,"- ","- ",,,"SAN FRANCISCO","SAN FRANCISCO",-122.46404266357422,37.762290954589844