CASE_ID,ACCIDENT_YEAR,PROC_DATE,JURIS,COLLISION_DATE,COLLISION_TIME,OFFICER_ID,REPORTING_DISTRICT,DAY_OF_WEEK,CHP_SHIFT,POPULATION,CNTY_CITY_LOC,SPECIAL_COND,BEAT_TYPE,CHP_BEAT_TYPE,CITY_DIVISION_LAPD,CHP_BEAT_CLASS,BEAT_NUMBER,PRIMARY_RD,SECONDARY_RD,DISTANCE,DIRECTION,INTERSECTION,WEATHER_1,WEATHER_2,STATE_HWY_IND,CALTRANS_COUNTY,CALTRANS_DISTRICT,STATE_ROUTE,ROUTE_SUFFIX,POSTMILE_PREFIX,POSTMILE,LOCATION_TYPE,RAMP_INTERSECTION,SIDE_OF_HWY,TOW_AWAY,COLLISION_SEVERITY,NUMBER_KILLED,NUMBER_INJURED,PARTY_COUNT,PRIMARY_COLL_FACTOR,PCF_CODE_OF_VIOL,PCF_VIOL_CATEGORY,PCF_VIOLATION,PCF_VIOL_SUBSECTION,HIT_AND_RUN,TYPE_OF_COLLISION,MVIW,PED_ACTION,ROAD_SURFACE,ROAD_COND_1,ROAD_COND_2,LIGHTING,CONTROL_DEVICE,CHP_ROAD_TYPE,PEDESTRIAN_ACCIDENT,BICYCLE_ACCIDENT,MOTORCYCLE_ACCIDENT,TRUCK_ACCIDENT,NOT_PRIVATE_PROPERTY,ALCOHOL_INVOLVED,STWD_VEHTYPE_AT_FAULT,CHP_VEHTYPE_AT_FAULT,COUNT_SEVERE_INJ,COUNT_VISIBLE_INJ,COUNT_COMPLAINT_PAIN,COUNT_PED_KILLED,COUNT_PED_INJURED,COUNT_BICYCLIST_KILLED,COUNT_BICYCLIST_INJURED,COUNT_MC_KILLED,COUNT_MC_INJURED,PRIMARY_RAMP,SECONDARY_RAMP,LATITUDE,LONGITUDE,COUNTY,CITY,POINT_X,POINT_Y
9261420,2021,2021-05-12,3801,2021-04-07,2215,4222,INGLE,3,5,7,3801,0,0,0,,0,3H11E,"CRESCENT AV","MURRAY ST",199.00,W,N,A,-,N,,,,,,,,,,Y,3,0,4,2,A,-,05,21651,A,N,A,C,A,A,H,-,C,D,0,,,,,Y,Y,A,01,0,1,3,0,0,0,0,0,0,"- ","- ",,,"SAN FRANCISCO","SAN FRANCISCO",-122.42088317871094,37.735115051269531
9261424,2021,2021-05-12,3801,2021-04-08,0405,1386,SOUTH,4,5,7,3801,0,0,0,,0,3B13E,"VALENCIA ST","MARKET ST",0.00,,Y,A,-,N,,,,,,,,,,Y,4,0,1,2,A,-,03,22350,,N,H,I,A,-,H,-,C,A,0,,,,,Y,,A,01,0,0,1,0,0,0,0,0,0,"- ","- ",,,"SAN FRANCISCO","SAN FRANCISCO",-122.42262268066406,37.772548675537109
9261428,2021,2021-05-14,3801,2021-04-03,1704,2088,INGLE,6,5,7,3801,0,0,0,,0,3H13C,"MISSION ST","29TH ST",340.00,N,N,A,-,N,,,,,,,,,,N,4,0,3,2,A,-,08,22107,,N,C,C,A,A,H,-,A,D,0,,,,,Y,,A,01,0,0,3,0,0,0,0,0,0,"- ","- ",,,"SAN FRANCISCO","SAN FRANCISCO",-122.42035675048828,37.744899749755859
9261439,2021,2021-05-12,3801,2021-04-07,1034,834,MISSI,3,5,7,3801,0,0,0,,0,3D11A,"NOE ST","20TH ST",65.00,N,N,A,-,N,,,,,,,,,,Y,4,0,1,2,A,-,03,22350,,N,C,E,A,A,-,-,A,D,0,,,,Y,Y,,A,01,0,0,1,0,0,0,0,0,0,"- ","- ",,,"SAN FRANCISCO","SAN FRANCISCO",-122.4324951171875,37.757999420166016
9261440,2021,2021-05-12,3801,2021-04-25,0008,2091,NORTH,7,5,7,3801,0,0,0,,0,3E15E,"RICHARDSON AV","LOMBARD ST",0.00,,Y,C,-,N,,,,,,,,,,Y,3,0,3,1,A,-,01,23152,A,N,E,I,A,B,H,-,C,D,0,,,,Y,Y,Y,F,26,0,3,0,0,0,0,0,0,0,"- ","- ",,,"SAN FRANCISCO","SAN FRANCISCO",-122.44487762451172,37.798858642578125
9262483,2021,2021-05-12,3801,2021-04-21,0631,1339,NORTH,3,5,7,3801,0,0,0,,0,,"OCTAVIA ST","OAK ST",0.00,,Y,A,-,N,,,,,,,,,,Y,4,0,1,2,A,-,12,21457,A,N,D,C,A,A,-,-,A,A,0,,,,,Y,,A,01,0,0,1,0,0,0,0,0,0,"- ","- ",,,"SAN FRANCISCO","SAN FRANCISCO",-122.42430114746094,37.774799346923828
9262487,2021,2021-05-12,3801,2021-04-19,1558,2377,TENDE,1,5,7,3801,0,0,0,,0,3J11D,"MARKET ST","9TH ST",0.00,,Y,A,-,N,,,,,,,,,,N,4,0,3,2,A,-,08,22107,,N,B,G,A,A,-,-,A,A,0,,Y,,,Y,,L,04,0,0,3,0,0,0,1,0,0,"- ","- ",,,"SAN FRANCISCO","SAN FRANCISCO",-122.41632843017578,37.777500152587891
9262530,2021,2021-05-13,3801,2021-04-27,0655,179,NORTH,2,5,7,3801,0,0,0,,0,3E12A,"OFARRELL ST","SCOTT ST",30.00,W,N,A,-,N,,,,,,,,,,Y,3,0,1,3,A,-,03,22350,,N,B,E,A,A,-,-,A,A,0,,,,Y,Y,,A,01,0,1,0,0,0,0,0,0,0,"- ","- ",,,"SAN FRANCISCO","SAN FRANCISCO",-122.43772125244141,37.782634735107422
9262542,2021,2021-05-12,3801,2021-04-22,1353,1157,BAYVI,4,5,7,3801,0,0,0,,0,3C13A,"3RD ST","OAKDALE AV",39.00,S,N,A,-,N,,,,,,,,,,N,4,0,1,2,A,-,03,22350,,F,C,C,A,A,H,-,A,A,0,,,,,Y,,A,01,0,0,1,0,0,0,0,0,0,"- ","- ",,,"SAN FRANCISCO","SAN FRANCISCO",-122.39080810546875,37.734725952148438
9262550,2021,2021-05-13,3801,2021-04-21,1700,1666,PARK,3,5,7,3801,0,0,0,,0,4CAR,"HAIGHT ST","BRODERICK ST",0.00,,Y,A,-,N,,,,,,,,,,N,4,0,1,2,A,-,09,21804,A,N,D,C,A,A,H,-,A,A,0,,,Y,,Y,,C,03,0,0,1,0,0,0,0,0,1,"- ","- ",,,"SAN FRANCISCO","SAN FRANCISCO",-122.438720703125,37.771045684814453
9262598,2021,2021-05-11,3801,2021-04-14,0750,244,NORTH,3,5,7,3801,0,0,0,,0,,"WEBSTER ST","FELL ST",0.00,,Y,A,-,N,,,,,,,,,,,4,0,2,2,A,-,09,21801,A,N,-,C,A,A,H,-,A,A,0,,,,,Y,,A,01,0,0,2,0,0,0,0,0,0,"- ","- ",,,"SAN FRANCISCO","SAN FRANCISCO",-122.42932891845703,37.775123596191406
9262678,2021,2021-05-14,3801,2021-04-28,1654,2100,MISSI,3,5,7,3801,0,0,0,,0,3D14D,"17TH ST","BRYANT ST",0.00,,Y,A,-,N,,,,,,,,,,N,3,0,1,2,A,-,17,22517,,N,E,G,A,A,H,-,A,D,0,,Y,,,Y,,-,,0,1,0,0,0,0,1,0,0,"- ","- ",,,"SAN FRANCISCO","SAN FRANCISCO",-122.41038513183594,37.764324188232422
9262679,2021,2021-05-14,3801,2021-04-28,1440,1255,TENDE,3,5,7,3801,0,0,0,,0,,"5TH ST","MINT PLZ",0.00,,Y,A,-,N,,,,,,,,,,,4,0,1,2,A,-,17,21663,,F,G,B,F,A,-,-,A,-,0,Y,,Y,,Y,,C,02,0,0,1,0,1,0,0,0,0,"- ","- ",,,"SAN FRANCISCO","SAN FRANCISCO",-122.40718841552734,37.783313751220703
9262680,2021,2021-05-14,3801,2021-04-28,1200,2745,BAYVI,3,5,7,3801,0,0,0,,0,3C12C,"BAYSHORE BL","JERROLD AV",230.00,S,N,A,-,N,,,,,,,,,,N,4,0,1,2,A,-,08,22107,,N,B,D,A,A,H,-,A,D,0,,,,,Y,,A,01,0,0,1,0,0,0,0,0,0,"- ","- ",,,"SAN FRANCISCO","SAN FRANCISCO",-122.4036865234375,37.746761322021484
9262681,2021,2021-05-12,3801,2021-04-28,0200,1451,NORTH,3,5,7,3801,0,0,0,,0,3E14E,"VAN NESS AV",BROADWAY,0.00,,Y,A,-,N,,,,,,,,,,N,4,0,1,2,A,-,11,21956,A,F,G,B,E,A,-,-,C,A,0,Y,,,,Y,,N,60,0,0,1,0,1,0,0,0,0,"- ","- ",,,"SAN FRANCISCO","SAN FRANCISCO",-122.42332458496094,37.795753479003906
9262682,2021,2021-05-12,3801,2021-04-27,1654,262,TRAFF,2,5,7,3801,0,0,0,,0,4B4G,"BERRY ST","5TH ST",245.00,E,N,A,-,N,,,,,,,,,,N,3,0,1,2,A,-,03,22350,,N,D,J,A,A,H,-,A,D,0,,,,,Y,,M,94,0,1,0,0,0,0,0,0,0,"- ","- ",,,"SAN FRANCISCO","SAN FRANCISCO",-122.39495086669922,37.774505615234375
9262683,2021,2021-05-12,3801,2021-04-18,0526,2483,NORTH,7,5,7,3801,0,0,0,,0,3E11E,"BUSH ST","VAN NESS AV",242.00,E,N,A,-,N,,,,,,,,,,Y,4,0,1,2,A,-,07,21658,,N,C,E,A,A,H,-,C,D,0,,,,,Y,,A,01,0,0,1,0,0,0,0,0,0,"- ","- ",,,"SAN FRANCISCO","SAN FRANCISCO",-122.42108154296875,37.788589477539062
9262684,2021,2021-05-12,3801,2021-04-20,1048,1250,SOUTH,2,5,7,3801,0,0,0,,0,3B14A,"6TH ST","TEHAMA ST",0.00,,Y,A,-,N,,,,,,,,,,N,4,0,1,2,A,-,03,22350,,F,B,C,A,A,H,-,A,D,0,,,,,Y,,A,01,0,0,1,0,0,0,0,0,0,"- ","- ",,,"SAN FRANCISCO","SAN FRANCISCO",-122.40658569335938,37.779308319091797
9262685,2021,2021-05-12,3801,2021-04-20,0945,1609,RICHM,2,5,7,3801,0,0,0,,0,3G2A,"PRESIDIO AV","BUSH ST",0.00,,Y,A,-,N,,,,,,,,,,,4,0,1,2,A,-,09,21801,,N,-,C,A,A,H,-,A,A,0,,,,,Y,,A,01,0,0,1,0,0,0,0,0,0,"- ","- ",,,"SAN FRANCISCO","SAN FRANCISCO",-122.44641876220703,37.785366058349609
9262686,2021,2021-05-12,3801,2021-04-18,1829,2195,NORTH,7,5,7,3801,0,0,0,,0,003,"POLK ST","EDDY ST",0.00,,Y,A,-,N,,,,,,,,,,Y,2,0,1,2,A,-,08,22101,D,N,A,G,A,A,-,-,A,A,0,,Y,,,Y,,A,01,1,0,0,0,0,0,1,0,0,"- ","- ",,,"SAN FRANCISCO","SAN FRANCISCO",-122.41918182373047,37.7830810546875
9262687,2021,2021-05-12,3801,2021-04-18,1308,1540,TARAV,7,5,7,3801,0,0,0,,0,3I1A,"9TH AV","IRVING ST",35.00,S,N,A,-,N,,,,,,,,,,N,3,0,1,1,C,-,18,,,N,H,J,A,A,H,-,A,A,0,,Y,,,Y,,-,"- ",0,1,0,0,0,0,1,0,0,"- ","- ",,,"SAN FRANCISCO","SAN FRANCISCO",-122.46630859375,37.763942718505859
9262688,2021,2021-05-12,3801,2021-04-21,0630,4333,NORTH,3,5,7,3801,0,0,0,,0,0630,"VAN NESS AV","FELL ST",0.00,,Y,A,-,N,,,,,,,,,,N,4,0,1,2,A,-,08,22107,,N,B,C,A,A,D,-,B,A,0,,,,,Y,,A,01,0,0,1,0,0,0,0,0,0,"- ","- ",,,"SAN FRANCISCO","SAN FRANCISCO",-122.41950225830078,37.776382446289062
9262689,2021,2021-05-12,3801,2021-04-21,0332,402,TARAV,3,5,7,3801,0,0,0,,0,3I11E,"19TH AV","JUDAH ST",0.00,,Y,A,-,N,,,,,,,,,,N,4,0,1,2,A,-,03,22350,,F,C,C,A,A,H,-,C,A,0,,,,,Y,,-,99,0,0,1,0,0,0,0,0,0,"- ","- ",,,"SAN FRANCISCO","SAN FRANCISCO",-122.47702789306641,37.761695861816406
9262690,2021,2021-05-12,3801,2021-04-21,2033,893,INGLE,3,5,7,3801,0,0,0,,0,3H16D,"GENEVA AV","BROOKDALE AV",0.00,,Y,A,-,N,,,,,,,,,,N,4,0,2,2,A,-,03,22350,,N,C,D,A,A,H,-,C,A,0,,,,,Y,,A,07,0,0,2,0,0,0,0,0,0,"- ","- ",,,"SAN FRANCISCO","SAN FRANCISCO",-122.42453002929688,37.710071563720703
9262691,2021,2021-05-12,3801,2021-04-21,1341,328,CENTR,3,5,7,3801,0,0,0,,0,3A44C,"631 KEARNY ST","KEARNY ST 631",0.00,,N,A,-,N,,,,,,,,,,N,4,0,2,3,A,-,17,21235,G,N,G,B,F,A,G,-,A,D,0,Y,,Y,,Y,,C,03,0,0,2,0,2,0,0,0,0,"- ","- ",,,"SAN FRANCISCO","SAN FRANCISCO",-122.404749,37.794158000000003
9262692,2021,2021-05-12,3801,2021-04-01,1835,936,CNTRL,4,5,7,3801,0,0,0,,0,3413D,"BAY ST","HYDE ST",0.00,,Y,A,-,N,,,,,,,,,,Y,3,0,2,2,A,-,12,21453,A,F,D,C,A,A,H,-,A,A,0,,,,,Y,,A,01,0,1,1,0,0,0,0,0,0,"- ","- ",,,"SAN FRANCISCO","SAN FRANCISCO",-122.42015838623047,37.804786682128906
9262693,2021,2021-05-12,3801,2021-04-01,1821,9,CENTR,4,5,7,3801,0,0,0,,0,3A13D,"UNION ST","POWELL ST",12.00,W,N,A,-,N,,,,,,,,,,N,3,0,1,2,A,-,11,21950,B,N,G,B,D,A,H,-,A,A,0,Y,,,,Y,,N,60,0,1,0,0,1,0,0,0,0,"- ","- ",,,"SAN FRANCISCO","SAN FRANCISCO",-122.41087341308594,37.800235748291016
9262694,2021,2021-05-12,3801,2021-04-01,1745,2141,MSSN,4,5,7,3801,0,0,0,,0,3D13D,"HARRISON ST","17TH ST",173.00,N,N,A,-,N,,,,,,,,,,N,4,0,1,2,A,-,07,21658,A,F,G,B,E,A,H,-,A,A,0,Y,,,,Y,,A,07,0,0,1,0,1,0,0,0,0,"- ","- ",,,"SAN FRANCISCO","SAN FRANCISCO",-122.41306304931641,37.764564514160156
9262695,2021,2021-05-12,3801,2021-04-01,0025,1201,BAYVW,4,5,7,3801,0,0,0,,0,3C13E,"MENDELL ST","GARGO WY",0.00,,Y,A,-,N,,,,,,,,,,Y,4,0,1,2,A,-,03,22350,,F,C,C,A,A,H,-,C,D,0,,,,,Y,,A,01,0,0,1,0,0,0,0,0,0,"- ","- ",,,"SAN FRANCISCO","SAN FRANCISCO",,
9262696,2021,2021-05-12,3801,2021-04-07,1910,76,TRAFF,3,5,7,3801,0,0,0,,0,4B3B,"LINCOLN WY","31ST AV",35.00,W,N,A,-,N,,,,,,,,,,Y,2,0,1,1,D,-,00,,,N,F,A,A,A,H,-,A,D,0,,,Y,,Y,,-,"- ",1,0,0,0,0,0,0,0,1,"- ","- ",,,"SAN FRANCISCO","SAN FRANCISCO",-122.490234375,37.764892578125
9262697,2021,2021-05-12,3801,2021-04-07,1434,556,SOUTH,3,5,7,3801,0,0,0,,0,,"CHINA BASIN ST","3RD ST",0.00,,Y,A,-,N,,,,,,,,,,N,4,0,1,2,A,-,17,21235,G,N,D,C,A,A,H,-,A,A,0,,,,,Y,,M,94,0,0,1,0,0,0,0,0,0,"- ","- ",,,"SAN FRANCISCO","SAN FRANCISCO",-122.38970947265625,37.772018432617188
9262698,2021,2021-05-12,3801,2021-04-08,1232,724,TARAV,4,5,7,3801,0,0,0,,0,3II6A,"SAN JOSE AV","RICE ST",0.00,,Y,A,-,N,,,,,,,,,,Y,3,0,4,3,A,-,03,22350,,N,C,C,A,A,-,-,A,A,0,,,,,Y,Y,A,01,0,1,3,0,0,0,0,0,0,"- ","- ",,,"SAN FRANCISCO","SAN FRANCISCO",-122.45825958251953,37.708992004394531
9262699,2021,2021-05-12,3801,2021-04-08,2014,2433,INGLE,4,5,7,3801,0,0,0,,0,3H11D,"MISSION ST","30TH ST",0.00,,Y,A,-,N,,,,,,,,,,N,4,0,1,2,A,-,10,21950,A,N,G,B,B,A,H,-,C,A,0,Y,,,,Y,,A,07,0,0,1,0,1,0,0,0,0,"- ","- ",,,"SAN FRANCISCO","SAN FRANCISCO",-122.42195892333984,37.742389678955078
9262702,2021,2021-05-11,3801,2021-04-08,1651,1803,BAYVI,4,5,7,3801,0,0,0,,0,3C14D,"SAN BRUNO AV","SILLIMAN ST",0.00,,Y,A,-,N,,,,,,,,,,Y,4,0,1,3,A,-,12,21453,A,F,D,C,A,A,H,-,A,A,0,,,,,Y,,A,01,0,0,1,0,0,0,0,0,0,"- ","- ",,,"SAN FRANCISCO","SAN FRANCISCO",-122.40512084960938,37.731231689453125
9262703,2021,2021-05-11,3801,2021-04-01,1759,812,BAYVI,4,5,7,3801,0,0,0,,0,002,"BAY SHORE BL","OAKDALE AV",0.00,,Y,A,-,N,,,,,,,,,,Y,4,0,1,2,B,-,22,,,F,C,C,A,A,H,-,A,A,0,,,,,Y,,A,01,0,0,1,0,0,0,0,0,0,"- ","- ",,,"SAN FRANCISCO","SAN FRANCISCO",-122.40522003173828,37.743038177490234
9262704,2021,2021-05-11,3801,2021-04-20,1916,1389,BAYVI,2,5,7,3801,0,0,0,,0,3C90,"INGALLS ST","ROSIE LEE LN",0.00,,Y,A,-,N,,,,,,,,,,Y,2,0,1,3,A,-,01,23152,A,N,B,I,A,A,H,-,C,-,0,,,,,Y,,A,01,1,0,0,0,0,0,0,0,0,"- ","- ",,,"SAN FRANCISCO","SAN FRANCISCO",-122.37934112548828,37.731681823730469
9262705,2021,2021-05-11,3801,2021-04-20,1244,1917,TARAV,2,5,7,3801,0,0,0,,0,3I16A,"MONTICELLO ST","GARFIELD ST",30.00,S,N,A,-,N,,,,,,,,,,Y,3,0,1,2,A,-,13,22515,B,N,H,E,A,A,G,-,A,D,0,,,,,Y,,A,07,0,1,0,0,0,0,0,0,0,"- ","- ",,,"SAN FRANCISCO","SAN FRANCISCO",-122.47076416015625,37.719547271728516
9262706,2021,2021-05-11,3801,2021-04-13,2327,2707,TARAV,2,5,7,3801,0,0,0,,0,6CAR,"JUNIPERO SERRA BL","19TH AV",0.00,,Y,A,-,N,,,,,,,,,,Y,4,0,2,3,A,-,03,22350,,N,C,C,A,A,H,-,C,A,0,,,,,Y,,A,01,0,0,2,0,0,0,0,0,0,"- ","- ",,,"SAN FRANCISCO","SAN FRANCISCO",-122.47271728515625,37.717182159423828
9262707,2021,2021-05-11,3801,2021-04-13,1442,1832,TENDE,2,5,7,3801,0,0,0,,0,3J11C,"TURK ST","HYDE ST",0.00,,Y,A,-,N,,,,,,,,,,N,4,0,1,2,A,-,10,21950,A,F,G,B,B,A,-,-,A,A,0,Y,,,,Y,Y,A,01,0,0,1,0,1,0,0,0,0,"- ","- ",,,"SAN FRANCISCO","SAN FRANCISCO",-122.41569519042969,37.782566070556641
9262708,2021,2021-05-11,3801,2021-04-12,2301,2420,CENTR,1,5,7,3801,0,0,0,,0,0A2,"KEARNY ST","POST ST",0.00,,Y,A,-,N,,,,,,,,,,Y,3,0,2,2,A,-,12,21453,A,N,D,C,A,A,H,-,C,A,0,,,,,Y,,A,01,0,1,1,0,0,0,0,0,0,"- ","- ",,,"SAN FRANCISCO","SAN FRANCISCO",-122.40365600585938,37.788902282714844
9262709,2021,2021-05-11,3801,2021-04-12,1724,307,INGLE,1,5,7,3801,0,0,0,,0,3H16D,"GENEVA AV","GENEVA AV 1640",0.00,,-,A,-,N,,,,,,,,,,Y,3,0,2,2,A,-,08,22107,,N,F,C,A,A,H,-,A,D,0,,,,,Y,,A,01,0,1,1,0,0,0,0,0,0,"- ","- ",,,"SAN FRANCISCO","SAN FRANCISCO",,
9262710,2021,2021-05-19,3801,2021-04-27,1957,1642,NORTH,2,5,7,3801,0,0,0,,0,3E11D,"EDDY ST","GOUGH ST",203.00,W,N,A,-,N,,,,,,,,,,N,4,0,1,2,A,-,03,22350,,N,B,E,A,A,H,-,B,D,0,,,,,Y,,A,01,0,0,1,0,0,0,0,0,0,"- ","- ",,,"SAN FRANCISCO","SAN FRANCISCO",-122.42481231689453,37.782386779785156
9262711,2021,2021-05-11,3801,2021-04-27,1803,1666,PARK,2,5,7,3801,0,0,0,,0,4CAR,"CASTRO ST","STATES ST",0.00,,Y,A,-,N,,,,,,,,,,N,4,0,1,2,A,-,09,21801,A,N,D,G,A,A,H,-,A,A,0,,Y,,,Y,,A,01,0,0,1,0,0,0,1,0,0,"- ","- ",,,"SAN FRANCISCO","SAN FRANCISCO",-122.43527984619141,37.763458251953125
9262712,2021,2021-05-11,3801,2021-04-27,1545,4314,RICHM,2,5,7,3801,0,0,0,,0,0G2,"CALIFORNIA ST","ARGUELLO ST",0.00,,Y,A,-,N,,,,,,,,,,Y,4,0,1,2,A,-,09,21801,A,N,D,C,A,A,H,-,A,A,0,,,,,Y,,A,07,0,0,1,0,0,0,0,0,0,"- ","- ",,,"SAN FRANCISCO","SAN FRANCISCO",-122.45921325683594,37.785671234130859
9262713,2021,2021-05-11,3801,2021-04-27,1129,1972,NORTH,2,5,7,3801,0,0,0,,0,3E13C,"LAGUNA ST","SUTTER ST",0.00,,Y,A,-,N,,,,,,,,,,N,2,0,1,2,A,-,08,22107,,N,G,B,B,A,H,-,A,A,0,Y,,,,Y,,A,01,1,0,0,0,1,0,0,0,0,"- ","- ",,,"SAN FRANCISCO","SAN FRANCISCO",-122.42832946777344,37.786716461181641
9262715,2021,2021-05-11,3801,2021-04-27,0738,2476,BAYVI,2,5,7,3801,0,0,0,,0,3C13A,"JENNINGS ST","WALLACE AV",0.00,,Y,A,-,N,,,,,,,,,,N,4,0,1,2,D,-,00,,,N,G,B,E,A,-,-,A,D,0,Y,,,,Y,,-,"- ",0,0,1,0,1,0,0,0,0,"- ","- ",,,"SAN FRANCISCO","SAN FRANCISCO",-122.38925170898438,37.726417541503906
9262716,2021,2021-05-19,3801,2021-04-27,0705,728,TARAV,2,5,7,3801,0,0,0,,0,3I13A,"ULLOA ST","44TH AV",0.00,,Y,A,-,N,,,,,,,,,,N,2,0,1,2,A,-,10,21950,A,N,G,B,D,A,H,-,A,D,0,Y,,,,Y,,A,01,1,0,0,0,1,0,0,0,0,"- ","- ",,,"SAN FRANCISCO","SAN FRANCISCO",-122.50234985351562,37.739997863769531
9262717,2021,2021-05-11,3801,2021-04-26,1353,392,MISSI,1,5,7,3801,0,0,0,,0,3D14A,"MISSION ST","25TH ST",104.00,N,N,A,-,N,,,,,,,,,,N,3,0,1,2,A,-,07,21658,,N,B,E,A,A,H,-,A,D,0,,,,,Y,,M,94,0,1,0,0,0,0,0,0,0,"- ","- ",,,"SAN FRANCISCO","SAN FRANCISCO",-122.4183349609375,37.750946044921875
9262718,2021,2021-05-11,3801,2021-04-26,0720,2476,,1,5,7,3801,0,0,0,,0,3C13A,"3RD ST","THOMAS AV",0.00,,Y,A,-,N,,,,,,,,,,Y,4,0,1,2,A,-,04,21703,,N,C,C,A,A,-,-,A,A,0,,,,,Y,,A,01,0,0,1,0,0,0,0,0,0,"- ","- ",,,"SAN FRANCISCO","SAN FRANCISCO",-122.39217376708984,37.730854034423828
9262719,2021,2021-05-11,3801,2021-04-25,2004,1033,TENDE,7,5,7,3801,0,0,0,,0,3J15D,"EDDY ST","JONES ST",144.00,W,N,A,-,N,,,,,,,,,,Y,4,0,1,2,A,-,08,22107,,N,C,E,A,A,H,-,B,D,0,,,Y,,Y,,A,01,0,0,1,0,0,0,0,0,0,"- ","- ",,,"SAN FRANCISCO","SAN FRANCISCO",-122.41307830810547,37.78387451171875
9262720,2021,2021-05-11,3801,2021-04-25,1526,54,NORTH,7,5,7,3801,0,0,0,,0,3E13D,"MCALLISTER ST","POLK ST",20.00,E,N,B,C,N,,,,,,,,,,Y,4,0,2,2,A,-,12,21453,A,N,D,C,A,B,H,-,A,A,0,,,,,Y,,A,01,0,0,2,0,0,0,0,0,0,"- ","- ",,,"SAN FRANCISCO","SAN FRANCISCO",-122.41853332519531,37.780281066894531
9262721,2021,2021-05-11,3801,2021-04-25,1451,244,NORTH,7,5,7,3801,0,0,0,,0,3E13A,"GOUGH ST","GROVE ST",75.00,S,N,B,-,N,,,,,,,,,,Y,4,0,1,4,A,-,08,22107,,N,B,C,A,B,H,-,A,D,0,,,Y,,Y,,A,07,0,0,1,0,0,0,0,0,1,"- ","- ",,,"SAN FRANCISCO","SAN FRANCISCO",-122.42311859130859,37.777606964111328
9262722,2021,2021-05-11,3801,2021-04-25,0805,2046,NORTH,7,5,7,3801,0,0,0,,0,3E14A,"FRANKLIN ST","CLAY ST",40.00,S,N,B,-,N,,,,,,,,,,Y,2,0,1,2,A,-,03,22350,,N,B,E,A,A,H,-,A,A,0,,,,,Y,,A,01,1,0,0,0,0,0,0,0,0,"- ","- ",,,"SAN FRANCISCO","SAN FRANCISCO",-122.42430877685547,37.791862487792969
9262723,2021,2021-05-11,3801,2021-04-24,2235,1357,NORTH,6,5,7,3801,0,0,0,,0,3E13E,"GOUGH ST","GOLDEN GATE AV",0.00,,Y,C,-,N,,,,,,,,,,N,4,0,2,2,A,-,12,21453,A,N,D,C,A,B,H,-,C,A,0,,,,,Y,,A,01,0,0,2,0,0,0,0,0,0,"- ","- ",,,"SAN FRANCISCO","SAN FRANCISCO",-122.42372894287109,37.780612945556641
9262724,2021,2021-05-11,3801,2021-04-24,1831,1872,MISSI,6,5,7,3801,0,0,0,,0,3D12D,"S VAN NESS AV","14TH ST",66.00,S,N,A,-,N,,,,,,,,,,N,3,0,1,2,A,-,17,22517,,N,B,E,A,A,H,-,A,D,0,,,,,Y,,A,01,0,1,0,0,0,0,0,0,0,"- ","- ",,,"SAN FRANCISCO","SAN FRANCISCO",-122.41777801513672,37.768238067626953
9262725,2021,2021-05-11,3801,2021-04-22,2052,1347,NORTH,4,5,7,3801,0,0,0,,0,005,"LOMBARD ST","FILLMORE ST",0.00,,Y,B,-,N,,,,,,,,,,N,2,0,1,2,A,-,11,21453,D,N,G,B,D,A,H,-,C,A,0,Y,,,,Y,Y,N,60,1,0,0,0,1,0,0,0,0,"- ","- ",,,"SAN FRANCISCO","SAN FRANCISCO",-122.43605041503906,37.799846649169922
9262726,2021,2021-05-11,3801,2021-04-22,1548,2433,INGLE,4,5,7,3801,0,0,0,,0,3H15D,"MISSION ST","CORTLAND AV",50.00,N,N,A,-,N,,,,,,,,,,Y,4,0,1,2,A,-,01,23152,,F,A,C,A,A,H,-,A,D,0,,,,,Y,,A,01,0,0,1,0,0,0,0,0,0,"- ","- ",,,"SAN FRANCISCO","SAN FRANCISCO",-122.42276000976562,37.741134643554688
9262727,2021,2021-05-11,3801,2021-04-22,1322,2379,INGLE,4,5,7,3801,0,0,0,,0,3H11C,"BANKS ST","JARBOE AV",0.00,,Y,B,-,N,,,,,,,,,,N,3,0,1,1,A,-,03,22350,,N,F,J,A,A,H,-,A,D,0,,,Y,,Y,,C,03,0,1,0,0,0,0,0,0,1,"- ","- ",,,"SAN FRANCISCO","SAN FRANCISCO",-122.41274261474609,37.738269805908203
9262728,2021,2021-05-11,3801,2021-04-22,1210,574,MISSI,4,5,7,3801,0,0,0,,0,3D11A,"DOLORES ST","22ND ST",0.00,,Y,A,-,N,,,,,,,,,,Y,4,0,1,3,A,-,03,22350,,F,C,C,A,A,H,-,A,A,0,,,,,Y,,A,07,0,0,1,0,0,0,0,0,0,"- ","- ",,,"SAN FRANCISCO","SAN FRANCISCO",-122.42552947998047,37.755035400390625
9262729,2021,2021-05-11,3801,2021-04-22,1019,207,CENTR,4,5,7,3801,0,0,0,,0,,"BAY ST","TAYLOR ST",0.00,,Y,B,-,N,,,,,,,,,,N,2,0,1,2,A,-,09,21801,A,N,A,G,A,A,-,-,A,A,0,,Y,,,Y,,A,01,1,0,0,0,0,0,1,0,0,"- ","- ",,,"SAN FRANCISCO","SAN FRANCISCO",-122.41525268554688,37.805408477783203
9262730,2021,2021-05-11,3801,2021-04-05,1412,1875,TARAV,1,5,7,3801,0,0,0,,0,3I5B,"10TH AV","10TH AV 2042",0.00,,Y,A,-,N,,,,,,,,,,Y,3,0,1,3,A,-,03,22350,,N,B,E,A,A,H,-,A,D,0,,,,,Y,,A,01,0,1,0,0,0,0,0,0,0,"- ","- ",,,"SAN FRANCISCO","SAN FRANCISCO",-119.55683898925781,36.503360748291016
9262731,2021,2021-05-11,3801,2021-04-05,0818,1307,CENTR,1,5,7,3801,0,0,0,,0,3A12A,"GEARY ST","TAYLOR ST",0.00,,Y,A,-,N,,,,,,,,,,N,4,0,1,2,A,-,10,21950,A,M,G,B,B,A,H,-,A,A,0,Y,,,,Y,,A,08,0,0,1,0,1,0,0,0,0,"- ","- ",,,"SAN FRANCISCO","SAN FRANCISCO",-122.41151428222656,37.786949157714844