CASE_ID,ACCIDENT_YEAR,PROC_DATE,JURIS,COLLISION_DATE,COLLISION_TIME,OFFICER_ID,REPORTING_DISTRICT,DAY_OF_WEEK,CHP_SHIFT,POPULATION,CNTY_CITY_LOC,SPECIAL_COND,BEAT_TYPE,CHP_BEAT_TYPE,CITY_DIVISION_LAPD,CHP_BEAT_CLASS,BEAT_NUMBER,PRIMARY_RD,SECONDARY_RD,DISTANCE,DIRECTION,INTERSECTION,WEATHER_1,WEATHER_2,STATE_HWY_IND,CALTRANS_COUNTY,CALTRANS_DISTRICT,STATE_ROUTE,ROUTE_SUFFIX,POSTMILE_PREFIX,POSTMILE,LOCATION_TYPE,RAMP_INTERSECTION,SIDE_OF_HWY,TOW_AWAY,COLLISION_SEVERITY,NUMBER_KILLED,NUMBER_INJURED,PARTY_COUNT,PRIMARY_COLL_FACTOR,PCF_CODE_OF_VIOL,PCF_VIOL_CATEGORY,PCF_VIOLATION,PCF_VIOL_SUBSECTION,HIT_AND_RUN,TYPE_OF_COLLISION,MVIW,PED_ACTION,ROAD_SURFACE,ROAD_COND_1,ROAD_COND_2,LIGHTING,CONTROL_DEVICE,CHP_ROAD_TYPE,PEDESTRIAN_ACCIDENT,BICYCLE_ACCIDENT,MOTORCYCLE_ACCIDENT,TRUCK_ACCIDENT,NOT_PRIVATE_PROPERTY,ALCOHOL_INVOLVED,STWD_VEHTYPE_AT_FAULT,CHP_VEHTYPE_AT_FAULT,COUNT_SEVERE_INJ,COUNT_VISIBLE_INJ,COUNT_COMPLAINT_PAIN,COUNT_PED_KILLED,COUNT_PED_INJURED,COUNT_BICYCLIST_KILLED,COUNT_BICYCLIST_INJURED,COUNT_MC_KILLED,COUNT_MC_INJURED,PRIMARY_RAMP,SECONDARY_RAMP,LATITUDE,LONGITUDE,COUNTY,CITY,POINT_X,POINT_Y
9262732,2021,2021-05-11,3801,2021-04-05,1427,1972,NORTH,1,5,7,3801,0,0,0,,0,3E13C,"VAN NESS AV","WASHINGTON ST",45.00,S,N,A,-,N,,,,,,,,,,Y,4,0,1,2,A,-,03,22350,,N,C,C,A,A,D,-,A,A,0,,,,,Y,,A,01,0,0,1,0,0,0,0,0,0,"- ","- ",,,"SAN FRANCISCO","SAN FRANCISCO",-122.42278289794922,37.792957305908203
9262733,2021,2021-05-11,3801,2021-04-03,1727,2098,INGLE,6,5,7,3801,0,0,0,,0,3H15D,"SAN JOSE AV","SAGAMORE ST",0.00,,Y,A,-,N,,,,,,,,,,N,4,0,2,2,A,-,03,22350,,N,C,C,A,A,H,-,A,A,0,,,,,Y,,A,01,0,0,2,0,0,0,0,0,0,"- ","- ",,,"SAN FRANCISCO","SAN FRANCISCO",-122.45581817626953,37.71124267578125
9262734,2021,2021-05-11,3801,2021-04-03,1559,2732,CENTR,6,5,7,3801,0,0,0,,0,3A13D,"BROADWAY ST","LARKIN ST",450.00,E,N,A,-,N,,,,,,,,,,,3,0,1,1,D,-,00,,,N,H,A,A,A,H,-,A,D,0,,,,,Y,,-,"- ",0,1,0,0,0,0,0,0,0,"- ","- ",,,"SAN FRANCISCO","SAN FRANCISCO",-122.41859436035156,37.796417236328125
9262735,2021,2021-05-11,3801,2021-04-02,1824,2239,INGLE,5,5,7,3801,0,0,0,,0,3H11D,"GENEVA AV","RT 280",75.00,W,N,B,-,N,,,,,,,,,,N,4,0,1,2,A,-,08,22107,,N,D,C,A,A,H,-,A,D,0,,,,,Y,,A,01,0,0,1,0,0,0,0,0,0,"- ",NF,,,"SAN FRANCISCO","SAN FRANCISCO",-122.44823455810547,37.721355438232422
9262736,2021,2021-05-11,3801,2021-04-07,2206,359,CENTR,3,5,7,3801,0,0,0,,0,3A14E,"BAY ST","POWELL ST",0.00,,Y,A,-,N,,,,,,,,,,Y,2,0,4,2,A,-,01,23152,A,N,D,C,A,A,H,-,C,A,0,,,,,Y,Y,A,01,1,1,2,0,0,0,0,0,0,"- ","- ",,,"SAN FRANCISCO","SAN FRANCISCO",-122.41194152832031,37.805839538574219
9262737,2021,2021-05-11,3801,2021-04-02,1728,1544,CENTR,5,5,7,3801,0,0,0,,0,3A14D,"EMBARCADERO NORTH","BRADFORD ST",0.00,,Y,A,-,N,,,,,,,,,,N,4,0,1,2,A,-,08,22107,,N,D,G,A,A,-,-,A,A,0,,Y,,,Y,,A,01,0,0,1,0,0,0,1,0,0,"- ","- ",,,"SAN FRANCISCO","SAN FRANCISCO",,
9262738,2021,2021-05-11,3801,2021-04-02,0014,2229,NORTH,5,5,7,3801,0,0,0,,0,3E14E,"VAN NESS AV","GOLDEN GATE AV",0.00,,Y,A,-,N,,,,,,,,,,Y,4,0,2,2,A,-,12,21453,A,N,D,C,A,A,D,-,C,A,0,,,,,Y,,A,01,0,0,2,0,0,0,0,0,0,"- ","- ",,,"SAN FRANCISCO","SAN FRANCISCO",-122.42038726806641,37.781028747558594
9262739,2021,2021-05-11,3801,2021-04-17,1840,2132,PARK,6,5,7,3801,0,0,0,,0,3F60,"14TH ST","CHURCH ST",50.00,W,N,A,-,N,,,,,,,,,,N,3,0,1,1,A,-,03,22350,,N,H,A,A,A,H,-,A,D,0,,,Y,,Y,,C,02,0,1,0,0,0,0,0,0,1,"- ","- ",,,"SAN FRANCISCO","SAN FRANCISCO",-122.42912292480469,37.767704010009766
9262740,2021,2021-05-11,3801,2021-04-17,1040,2094,MISSI,6,5,7,3801,0,0,0,,0,3D14A,"24TH ST","NOE ST",165.00,E,N,A,-,N,,,,,,,,,,N,2,0,1,2,A,-,11,21954,A,N,G,B,D,A,C,-,A,D,0,Y,,,,Y,,N,60,1,0,0,0,1,0,0,0,0,"- ","- ",,,"SAN FRANCISCO","SAN FRANCISCO",-122.43129730224609,37.75146484375
9262741,2021,2021-05-11,3801,2021-04-16,1250,1237,CENTR,5,5,7,3801,0,0,0,,0,3A46C,"BUSH ST","GRANT AV",151.00,E,N,A,-,N,,,,,,,,,,N,2,0,1,1,A,-,03,22350,,N,F,J,A,A,-,-,A,D,0,,Y,,,Y,,L,04,1,0,0,0,0,0,1,0,0,"- ","- ",,,"SAN FRANCISCO","SAN FRANCISCO",-122.40502166748047,37.790634155273438
9262742,2021,2021-05-11,3801,2021-04-15,1045,54,NORTH,4,5,7,3801,0,0,0,,0,3E13D,"FRANKLIN ST","GOLDEN GATE AV",5.00,N,N,A,-,N,,,,,,,,,,N,2,0,1,2,A,-,10,21950,A,F,-,B,B,A,H,-,A,A,0,Y,,,,Y,,-,99,1,0,0,0,1,0,0,0,0,"- ","- ",,,"SAN FRANCISCO","SAN FRANCISCO",-122.42210388183594,37.780834197998047
9262743,2021,2021-05-11,3801,2021-04-16,0423,327,RICHM,5,5,7,3801,0,0,0,,0,901,"PARK PRESIDIO BL","FULTON ST",0.00,,Y,A,-,N,,,,,,,,,,Y,2,0,2,3,A,-,12,21453,A,N,D,C,A,A,H,-,C,A,0,,,,,Y,,A,01,1,0,1,0,0,0,0,0,0,"- ","- ",,,"SAN FRANCISCO","SAN FRANCISCO",-122.47177886962891,37.773124694824219
9262744,2021,2021-05-11,3801,2021-04-29,2054,2731,RICHM,4,5,7,3801,0,0,0,,0,901,"GEARY BL","32ND AV",0.00,,Y,A,-,N,,,,,,,,,,,2,0,2,2,A,-,08,22107,,N,A,C,A,A,H,-,C,A,0,,,,,Y,,A,01,1,0,1,0,0,0,0,0,0,"- ","- ",,,"SAN FRANCISCO","SAN FRANCISCO",-122.49223327636719,37.779811859130859
9262745,2021,2021-05-11,3801,2021-04-24,0152,2457,SOUTH,6,5,7,3801,0,0,0,,0,3B14E,"MISSION ST","10TH ST",0.00,,Y,A,-,N,,,,,,,,,,Y,4,0,1,1,A,-,01,23153,F,N,E,J,A,A,H,-,C,A,0,,,,,Y,,A,01,0,0,1,0,0,0,0,0,0,"- ","- ",,,"SAN FRANCISCO","SAN FRANCISCO",-122.41590881347656,37.775276184082031
9262746,2021,2021-05-28,3801,2021-04-12,1324,4267,TARAV,1,5,7,3801,0,0,0,,0,3I41,"PACHECO ST","10TH AV",0.00,,Y,A,-,N,,,,,,,,,,Y,4,0,2,2,A,-,12,22450,A,N,D,C,A,A,H,-,A,D,0,,,,,Y,,A,01,0,0,2,0,0,0,0,0,0,"- ","- ",,,"SAN FRANCISCO","SAN FRANCISCO",-122.46646118164062,37.75091552734375
9262747,2021,2021-05-11,3801,2021-04-23,0901,4095,TARAV,5,5,7,3801,0,0,0,,0,003,"29TH AV","TARAVAL ST",0.00,,Y,A,-,N,,,,,,,,,,Y,4,0,1,2,A,-,09,21802,A,N,D,C,A,A,H,-,A,A,0,,,,,Y,,A,01,0,0,1,0,0,0,0,0,0,"- ","- ",,,"SAN FRANCISCO","SAN FRANCISCO",-122.48641204833984,37.742588043212891
9262748,2021,2021-05-11,3801,2021-04-23,1254,1299,CENTR,5,5,7,3801,0,0,0,,0,SECTOR,"GRANT AV","COMMERCIAL ST",0.00,,Y,A,-,N,,,,,,,,,,Y,4,0,2,5,A,-,03,22350,,M,B,E,A,A,H,-,A,A,0,,,,,Y,,A,01,0,0,2,0,0,0,0,0,0,"- ","- ",,,"SAN FRANCISCO","SAN FRANCISCO",-122.40618133544922,37.793842315673828
9262749,2021,2021-05-11,3801,2021-04-23,1500,309,TARAV,5,5,7,3801,0,0,0,,0,,"JUNIPERO SERRA BL","BROTHERHOOD WY",0.00,,Y,A,-,N,,,,,,,,,,N,4,0,1,2,A,-,04,21703,,N,C,C,A,A,H,-,A,A,0,,,,,Y,,A,01,0,0,1,0,0,0,0,0,0,"- ","- ",,,"SAN FRANCISCO","SAN FRANCISCO",-122.47118377685547,37.712699890136719
9262751,2021,2021-05-11,3801,2021-04-23,1623,1118,SOUTH,5,5,7,3801,0,0,0,,0,3B13C,"BRANNAN ST","8TH ST",35.00,E,N,A,-,N,,,,,,,,,,Y,4,0,1,2,A,-,08,22107,,N,B,C,A,A,H,-,A,D,0,,,,,Y,,A,01,0,0,1,0,0,0,0,0,0,"- ","- ",,,"SAN FRANCISCO","SAN FRANCISCO",-122.40534973144531,37.771358489990234
9262752,2021,2021-05-11,3801,2021-04-23,1108,1529,CENTR,5,5,7,3801,0,0,0,,0,,"1ST ST",GREENWICH,70.00,N,N,A,-,N,,,,,,,,,,N,2,0,1,2,D,-,00,,,N,C,G,A,A,H,-,A,D,0,,Y,,,Y,Y,-,"- ",1,0,0,0,0,0,1,0,0,"- ","- ",,,"SAN FRANCISCO","SAN FRANCISCO",,
9262753,2021,2021-05-11,3801,2021-04-12,1326,1769,INGLE,1,5,7,3801,0,0,0,,0,3H15C,"SENECA AV","MISSION ST",0.00,,Y,A,-,N,,,,,,,,,,N,4,0,1,2,A,-,10,21950,A,N,G,B,B,A,H,-,A,A,0,Y,,,,Y,,A,01,0,0,1,0,1,0,0,0,0,"- ","- ",,,"SAN FRANCISCO","SAN FRANCISCO",-122.44013214111328,37.717658996582031
9262754,2021,2021-05-11,3801,2021-04-12,1000,4286,RICHM,1,5,7,3801,0,0,0,,0,0G3,"ARGUELLO BL","TURK ST",15.00,S,N,A,-,N,,,,,,,,,,N,3,0,1,2,A,-,08,22107,,N,B,G,A,A,H,-,A,D,0,,Y,,,Y,,A,01,0,1,0,0,0,0,1,0,0,"- ","- ",,,"SAN FRANCISCO","SAN FRANCISCO",-122.45858764648438,37.777210235595703
9262755,2021,2021-05-11,3801,2021-04-12,0815,751,RICHM,1,5,7,3801,0,0,0,,0,3G4A,"FULTON ST","17TH AV",20.00,W,N,A,B,N,,,,,,,,,,N,3,0,1,1,A,-,03,22350,,N,H,A,A,A,H,-,A,D,0,,,Y,,Y,,C,02,0,1,0,0,0,0,0,0,1,"- ","- ",,,"SAN FRANCISCO","SAN FRANCISCO",-122.47570037841797,37.772945404052734
9262756,2021,2021-05-11,3801,2021-04-12,0456,2102,BAYVI,1,5,7,3801,0,0,0,,0,3C14E,"BAY SHORE BL","INDUSTRIAL ST",0.00,,Y,A,-,N,,,,,,,,,,N,4,0,1,2,A,-,12,21453,A,F,G,B,B,A,H,-,C,A,0,Y,,,,Y,,-,,0,0,1,0,1,0,0,0,0,"- ","- ",,,"SAN FRANCISCO","SAN FRANCISCO",-122.40695953369141,37.737998962402344
9262757,2021,2021-05-11,3801,2021-04-11,1539,427,BAYVI,7,5,7,3801,0,0,0,,0,3C15D,"REVERE AV","INGALLS ST",0.00,,Y,A,-,N,,,,,,,,,,Y,4,0,1,7,A,-,06,21750,A,N,D,C,A,A,H,-,A,D,0,,,,,Y,,A,01,0,0,1,0,0,0,0,0,0,"- ","- ",,,"SAN FRANCISCO","SAN FRANCISCO",-122.38455963134766,37.728485107421875
9262758,2021,2021-05-11,3801,2021-04-10,2308,1371,NORTH,6,5,7,3801,0,0,0,,0,005,"NORTH POINT ST","BRODERICK ST",0.00,,N,A,-,N,,,,,,,,,,Y,4,0,1,1,A,-,03,22350,,N,A,I,A,A,H,-,C,A,0,,,,,Y,,A,08,0,0,1,0,0,0,0,0,0,"- ","- ",,,"SAN FRANCISCO","SAN FRANCISCO",-122.44509124755859,37.802555084228516
9262759,2021,2021-05-11,3801,2021-04-08,2215,255,INGLE,4,5,7,3801,0,0,0,,0,3H11E,"SAN JOSE AV","29TH ST",0.00,,Y,A,-,N,,,,,,,,,,N,4,0,2,2,A,-,08,22107,,F,B,C,A,A,H,-,C,D,0,,,,,Y,,A,01,0,0,2,0,0,0,0,0,0,"- ","- ",,,"SAN FRANCISCO","SAN FRANCISCO",-122.42275238037109,37.743930816650391
9262760,2021,2021-05-11,3801,2021-04-08,2253,1402,SOUTH,4,5,7,3801,0,0,0,,0,3B13E,"HARRIET ST","FOLSOM ST",0.00,,Y,A,-,N,,,,,,,,,,Y,4,0,1,2,A,-,03,22350,,N,C,E,A,A,H,-,C,D,0,,,,,Y,,A,01,0,0,1,0,0,0,0,0,0,"- ","- ",,,"SAN FRANCISCO","SAN FRANCISCO",-122.40613555908203,37.778076171875
9262761,2021,2021-05-11,3801,2021-04-14,1509,2196,MISSI,3,5,7,3801,0,0,0,,0,3D16D,"16TH ST","REFERENCE POINT",56.00,W,N,A,-,N,,,,,,,,,,Y,4,0,3,2,A,-,09,21804,A,N,D,C,A,A,H,-,A,D,0,,,,,Y,,A,01,0,0,3,0,0,0,0,0,0,"- ","- ",,,"SAN FRANCISCO","SAN FRANCISCO",,
9262762,2021,2021-05-11,3801,2021-04-09,2040,1268,SOUTH,5,5,7,3801,0,0,0,,0,0B3,"FOLSOM ST","7TH ST",0.00,,Y,A,G,N,,,,,,,,,,N,3,0,1,2,A,-,08,22101,D,F,A,J,A,A,H,-,C,A,0,,,,,Y,,A,01,0,1,0,0,0,0,0,0,0,"- ","- ",,,"SAN FRANCISCO","SAN FRANCISCO",-122.40784454345703,37.776771545410156
9262763,2021,2021-05-11,3801,2021-04-09,1720,2709,PARK,5,5,7,3801,0,0,0,,0,3F13D,"TURK ST","TURK ST  1850",0.00,,Y,A,-,N,,,,,,,,,,N,4,0,1,2,A,-,08,22107,,N,B,C,A,A,H,-,A,D,0,,,,,Y,,A,01,0,0,1,0,0,0,0,0,0,"- ","- ",,,"SAN FRANCISCO","SAN FRANCISCO",-122.44535064697266,37.778839111328125
9262764,2021,2021-05-11,3801,2021-04-09,1442,1574,SOUTH,5,5,7,3801,0,0,0,,0,3B15C,"MISSION ST","11TH ST",0.00,,Y,A,-,N,,,,,,,,,,N,4,0,1,2,A,-,12,21453,A,N,D,C,A,A,H,-,A,A,0,,,,,Y,,A,08,0,0,1,0,0,0,0,0,0,"- ","- ",,,"SAN FRANCISCO","SAN FRANCISCO",-122.41709899902344,37.774330139160156
9262766,2021,2021-05-11,3801,2021-04-09,0858,1157,BAYVI,5,5,7,3801,0,0,0,,0,3C12A,"BAYSHORE BL","COSTA ST",0.00,,Y,A,-,N,,,,,,,,,,N,4,0,1,2,A,-,08,22107,,F,B,C,A,A,H,-,A,D,0,,,Y,,Y,,A,01,0,0,1,0,0,0,0,0,1,"- ","- ",,,"SAN FRANCISCO","SAN FRANCISCO",-122.40444946289062,37.744270324707031
9262768,2021,2021-05-11,3801,2021-04-09,2207,1372,INGLE,5,5,7,3801,0,0,0,,0,3H13E,"BOSWORTH ST","ELK ST",53.00,E,N,A,-,N,,,,,,,,,,Y,4,0,1,2,A,-,15,26453,,N,D,E,A,A,H,-,C,D,0,,,,,Y,,A,01,0,0,1,0,0,0,0,0,0,"- ","- ",,,"SAN FRANCISCO","SAN FRANCISCO",-122.43978118896484,37.734828948974609
9262769,2021,2021-05-11,3801,2021-04-10,1937,2384,MISSI,6,5,7,3801,0,0,0,,0,3D14D,"24TH ST","HARRISON ST",0.00,,Y,A,-,N,,,,,,,,,,N,4,0,4,3,A,-,12,22450,A,F,B,C,A,A,H,-,A,A,0,,,,,Y,,-,,0,0,4,0,0,0,0,0,0,"- ","- ",,,"SAN FRANCISCO","SAN FRANCISCO",-122.41188812255859,37.752651214599609
9262770,2021,2021-06-02,3801,2021-04-14,0350,2708,MISSI,3,5,7,3801,0,0,0,,0,3D00,"S VAN NESS AV","15TH ST",0.00,,Y,A,-,N,,,,,,,,,,Y,4,0,1,2,A,-,17,21657,,N,B,C,A,A,H,-,C,A,0,,,,,Y,,A,01,0,0,1,0,0,0,0,0,0,"- ","- ",,,"SAN FRANCISCO","SAN FRANCISCO",-122.41764068603516,37.766799926757812
9262771,2021,2021-05-11,3801,2021-04-15,2118,1096,CENTR,4,5,7,3801,0,0,0,,0,3A13E,"COLUMBUS AV","UNION ST",0.00,,Y,A,-,N,,,,,,,,,,,4,0,1,2,A,-,10,21950,,N,G,B,B,A,H,-,E,A,0,Y,,,,Y,,A,01,0,0,1,0,1,0,0,0,0,"- ","- ",,,"SAN FRANCISCO","SAN FRANCISCO",-122.41017150878906,37.800304412841797
9262772,2021,2021-05-11,3801,2021-04-15,1724,2044,SOUTH,4,5,7,3801,0,0,0,,0,3B14D,"8TH ST","HERON ST",0.00,,Y,A,-,N,,,,,,,,,,N,4,0,1,2,A,-,08,22107,,N,A,C,A,A,H,-,A,D,0,,,Y,,Y,,A,07,0,0,1,0,0,0,0,0,1,"- ","- ",,,"SAN FRANCISCO","SAN FRANCISCO",-122.4090576171875,37.774204254150391
9262773,2021,2021-05-11,3801,2021-04-18,0325,979,TENDE,7,5,7,3801,0,0,0,,0,3J15E,"MARKET ST","7TH ST",0.00,,Y,A,-,N,,,,,,,,,,N,4,0,1,2,A,-,03,22350,,F,G,B,D,B,H,-,C,A,0,Y,,,,Y,,A,01,0,0,1,0,1,0,0,0,0,"- ","- ",,,"SAN FRANCISCO","SAN FRANCISCO",-122.41251373291016,37.780479431152344
9262774,2021,2021-05-11,3801,2021-04-17,1225,310,TENDE,6,5,7,3801,0,0,0,,0,3J11C,"10TH ST","MISSION ST",67.00,N,N,A,-,N,,,,,,,,,,Y,4,0,1,2,A,-,03,22350,,N,C,C,A,A,H,-,A,D,0,,,Y,,Y,,C,02,0,0,1,0,0,0,0,0,0,"- ","- ",,,"SAN FRANCISCO","SAN FRANCISCO",-122.41607666015625,37.775409698486328
9262775,2021,2021-05-11,3801,2021-04-17,0054,2457,SOUTH,6,5,7,3801,0,0,0,,0,3B14E,"10TH ST","MISSION ST",0.00,,Y,A,-,N,,,,,,,,,,N,4,0,1,2,B,-,22,,,N,G,B,B,A,H,-,C,A,0,Y,,,,Y,,A,01,0,0,1,0,1,0,0,0,0,"- ","- ",,,"SAN FRANCISCO","SAN FRANCISCO",-122.41590881347656,37.775276184082031
9262776,2021,2021-05-28,3801,2021-04-19,2220,2713,TARAV,1,5,7,3801,0,0,0,,0,3I16E,"FAXON AV","GRAFTON AV",185.00,S,N,A,-,N,,,,,,,,,,Y,4,0,1,3,A,-,01,23152,F,M,D,E,A,A,H,-,C,D,0,,,,,Y,Y,A,01,0,0,1,0,0,0,0,0,0,"- ","- ",,,"SAN FRANCISCO","SAN FRANCISCO",-122.46022033691406,37.719490051269531
9262777,2021,2021-05-11,3801,2021-04-19,1834,2008,MISSI,1,5,7,3801,0,0,0,,0,3D15D,"S VAN NESS AV","24TH ST",33.00,N,N,A,-,N,,,,,,,,,,N,4,0,2,3,A,-,07,21658,A,N,E,I,-,A,H,-,A,D,0,Y,,,,Y,,A,01,0,0,2,0,2,0,0,0,0,"- ","- ",,,"SAN FRANCISCO","SAN FRANCISCO",-122.41629028320312,37.752471923828125
9262778,2021,2021-05-11,3801,2021-04-19,1647,233,MISSI,1,5,7,3801,0,0,0,,0,03D,"FOLSOM ST","13TH ST",0.00,,Y,A,-,N,,,,,,,,,,N,4,0,1,2,A,-,12,21453,,N,D,C,A,A,H,-,A,A,0,,,,,Y,,A,01,0,0,1,0,0,0,0,0,0,"- ","- ",,,"SAN FRANCISCO","SAN FRANCISCO",-122.41558837890625,37.769515991210938
9262779,2021,2021-05-11,3801,2021-04-19,1512,4012,TARAV,1,5,7,3801,0,0,0,,0,3I11D,"17TH AV","17TH AV  1467",0.00,,Y,A,-,N,,,,,,,,,,N,2,0,1,2,A,-,06,21750,A,N,-,G,A,A,H,-,A,D,0,,Y,,,Y,,L,04,1,0,0,0,0,0,1,0,0,"- ","- ",,,"SAN FRANCISCO","SAN FRANCISCO",-122.474762,37.760548
9262780,2021,2021-05-11,3801,2021-04-18,1910,1642,NORTH,7,5,7,3801,0,0,0,,0,3E14D,"LOMBARD ST","DIVISION ST",0.00,,Y,A,-,N,,,,,,,,,,N,4,0,1,2,A,-,03,22350,,F,C,C,A,A,-,-,A,A,0,,,,,Y,,-,99,0,0,1,0,0,0,0,0,0,"- ","- ",,,"SAN FRANCISCO","SAN FRANCISCO",,
9262781,2021,2021-05-11,3801,2021-04-17,1204,621,CENTR,6,5,7,3801,0,0,0,,0,3A12C,"THE EMBARCADERO NORTH","WASHINGTON ST",0.00,,Y,A,-,N,,,,,,,,,,N,4,0,1,2,A,-,05,21650,,N,D,G,A,A,H,-,A,D,0,,Y,,,Y,,L,04,0,0,1,0,0,0,1,0,0,"- ","- ",,,"SAN FRANCISCO","SAN FRANCISCO",-122.39556121826172,37.796642303466797
9262782,2021,2021-05-11,3801,2021-04-15,2230,2718,BAYVI,4,5,7,3801,0,0,0,,0,3C11D,"CHARTER OAK AV","HELENA ST",0.00,,Y,A,-,N,,,,,,,,,,N,3,0,1,2,C,-,18,,,N,G,B,E,A,H,-,A,D,0,Y,,,,Y,,-,"- ",0,1,0,0,1,0,0,0,0,"- ","- ",,,"SAN FRANCISCO","SAN FRANCISCO",-122.40380096435547,37.736614227294922
9262783,2021,2021-05-11,3801,2021-04-20,0230,4125,RICHM,2,5,7,3801,0,0,0,,0,3G12E,"BAKER ST","PACIFIC AV",100.00,S,N,A,-,N,,,,,,,,,,Y,3,0,3,1,A,-,00,22335,A,N,E,I,A,A,G,-,C,D,0,,,,,Y,,A,01,0,2,1,0,0,0,0,0,0,"- ","- ",,,"SAN FRANCISCO","SAN FRANCISCO",-122.44459533691406,37.791820526123047
9262784,2021,2021-05-11,3801,2021-04-19,0630,1849,TENDE,1,5,7,3801,0,0,0,,0,3J13A,"TURK ST","TAYLOR ST",0.00,,Y,A,-,N,,,,,,,,,,Y,4,0,1,2,D,-,00,,,N,D,C,A,A,H,-,B,A,0,,,,,Y,,-,"- ",0,0,1,0,0,0,0,0,0,"- ","- ",,,"SAN FRANCISCO","SAN FRANCISCO",-122.41078186035156,37.783206939697266
9262785,2021,2021-05-11,3801,2021-04-21,1820,1194,SOUTH,3,5,7,3801,0,0,0,,0,0B3,"7TH ST","KING ST",0.00,,Y,A,-,N,,,,,,,,,,N,4,0,1,2,A,-,09,21801,A,N,D,G,A,A,H,-,A,D,0,,Y,,,Y,,A,01,0,0,1,0,0,0,1,0,0,"- ","- ",,,"SAN FRANCISCO","SAN FRANCISCO",-122.40081024169922,37.771137237548828
9262786,2021,2021-05-11,3801,2021-04-21,1521,1860,SOUTH,3,5,7,3801,0,0,0,,0,3B12D,"MINNA ST","6TH ST",113.00,E,N,A,-,N,,,,,,,,,,N,3,0,1,2,A,-,21,22106,,F,G,B,D,A,H,-,A,D,0,Y,,,,Y,,A,01,0,1,0,0,1,0,0,0,0,"- ","- ",,,"SAN FRANCISCO","SAN FRANCISCO",-122.40785980224609,37.780773162841797
9262787,2021,2021-05-11,3801,2021-04-20,1759,1833,BAYVI,2,5,7,3801,0,0,0,,0,002,"BAYSHORE BL","INDUSTRIAL ST",0.00,,Y,A,-,N,,,,,,,,,,N,3,0,1,2,A,-,11,21955,,N,G,B,D,A,H,-,A,A,0,Y,,,,Y,,N,60,0,1,0,0,1,0,0,0,0,"- ","- ",,,"SAN FRANCISCO","SAN FRANCISCO",-122.40695953369141,37.737998962402344
9262788,2021,2021-05-11,3801,2021-04-20,1700,4358,BAYVI,2,5,7,3801,0,0,0,,0,3CAR,"MIDDLE POINT RD","INNES AV",0.00,,Y,A,-,N,,,,,,,,,,Y,4,0,1,1,A,-,01,23152,A,N,E,I,A,A,H,-,A,A,0,,,,,Y,Y,A,01,0,0,1,0,0,0,0,0,0,"- ","- ",,,"SAN FRANCISCO","SAN FRANCISCO",-122.37947845458984,37.734138488769531
9262789,2021,2021-05-20,3801,2021-04-20,0331,2479,NORTH,2,5,7,3801,0,0,0,,0,3E13E,"VAN NESS AV","SUTTER ST",0.00,,Y,A,-,N,,,,,,,,,,Y,4,0,1,2,-,-,"- ",,B,F,D,C,A,A,B,-,C,A,0,,,,,Y,,A,01,0,0,1,0,0,0,0,0,0,"- ","- ",,,"SAN FRANCISCO","SAN FRANCISCO",-122.42173767089844,37.787551879882812
9262790,2021,2021-05-11,3801,2021-04-19,1530,2215,NORTH,1,5,7,3801,0,0,0,,0,3E13D,"POLK ST","GOLDEN GATE ST",0.00,,Y,A,-,N,,,,,,,,,,Y,4,0,1,2,A,-,08,22107,A,N,A,C,A,A,H,-,A,A,0,,,,,Y,,A,01,0,0,1,0,0,0,0,0,0,"- ","- ",,,"SAN FRANCISCO","SAN FRANCISCO",-122.41880035400391,37.781227111816406
9262791,2021,2021-05-11,3801,2021-04-18,2017,893,INGLE,7,5,7,3801,0,0,0,,0,3H15D,"ALEMANY BL","LYELL ST",0.00,,Y,A,-,N,,,,,,,,,,N,4,0,1,2,A,-,03,22350,,N,C,C,A,A,H,-,C,A,0,,,,,Y,,A,07,0,0,1,0,0,0,0,0,0,"- ","- ",,,"SAN FRANCISCO","SAN FRANCISCO",-122.43122863769531,37.730609893798828
9262792,2021,2021-05-11,3801,2021-04-18,1711,445,INGLE,7,5,7,3801,0,0,0,,0,3H16D,"NEVADA ST","POWHATTAN AV",307.00,S,N,A,-,N,,,,,,,,,,N,3,0,1,1,C,-,18,,,N,F,J,A,A,A,-,A,D,0,,,Y,,Y,,-,"- ",0,1,0,0,0,0,0,0,1,"- ","- ",,,"SAN FRANCISCO","SAN FRANCISCO",-122.41127777099609,37.740547180175781
9262793,2021,2021-05-11,3801,2021-04-18,0715,2374,INGLE,7,5,7,3801,0,0,0,,0,0H4,"ALEMANY BL","TINGLEY ST",60.00,N,N,A,-,N,,,,,,,,,,Y,2,0,1,3,A,-,21,22106,,N,B,C,A,A,H,-,A,D,0,,,,,Y,,A,01,1,0,0,0,0,0,0,0,0,"- ","- ",,,"SAN FRANCISCO","SAN FRANCISCO",-122.43389892578125,37.7294921875
9262794,2021,2021-05-11,3801,2021-04-09,2316,858,BAYVI,5,5,7,3801,0,0,0,,0,3C13E,"INNES AVE","HAWES ST",0.00,,Y,A,-,N,,,,,,,,,,N,4,0,1,2,A,-,04,21703,,N,C,C,A,A,H,-,C,D,0,,,,,Y,,A,01,0,0,1,0,0,0,0,0,0,"- ","- ",,,"SAN FRANCISCO","SAN FRANCISCO",-122.37764739990234,37.73309326171875
9262795,2021,2021-05-11,3801,2021-04-09,1448,2745,BAYVI,5,5,7,3801,0,0,0,,0,3C14C,"SAN BRUNO AV","BACON ST",4.00,N,N,A,-,N,,,,,,,,,,N,3,0,1,2,A,-,10,21950,A,F,G,B,B,A,H,-,A,A,0,Y,,,,Y,,A,01,0,1,0,0,1,0,0,0,0,"- ","- ",,,"SAN FRANCISCO","SAN FRANCISCO",-122.40361785888672,37.727649688720703