CASE_ID,ACCIDENT_YEAR,PROC_DATE,JURIS,COLLISION_DATE,COLLISION_TIME,OFFICER_ID,REPORTING_DISTRICT,DAY_OF_WEEK,CHP_SHIFT,POPULATION,CNTY_CITY_LOC,SPECIAL_COND,BEAT_TYPE,CHP_BEAT_TYPE,CITY_DIVISION_LAPD,CHP_BEAT_CLASS,BEAT_NUMBER,PRIMARY_RD,SECONDARY_RD,DISTANCE,DIRECTION,INTERSECTION,WEATHER_1,WEATHER_2,STATE_HWY_IND,CALTRANS_COUNTY,CALTRANS_DISTRICT,STATE_ROUTE,ROUTE_SUFFIX,POSTMILE_PREFIX,POSTMILE,LOCATION_TYPE,RAMP_INTERSECTION,SIDE_OF_HWY,TOW_AWAY,COLLISION_SEVERITY,NUMBER_KILLED,NUMBER_INJURED,PARTY_COUNT,PRIMARY_COLL_FACTOR,PCF_CODE_OF_VIOL,PCF_VIOL_CATEGORY,PCF_VIOLATION,PCF_VIOL_SUBSECTION,HIT_AND_RUN,TYPE_OF_COLLISION,MVIW,PED_ACTION,ROAD_SURFACE,ROAD_COND_1,ROAD_COND_2,LIGHTING,CONTROL_DEVICE,CHP_ROAD_TYPE,PEDESTRIAN_ACCIDENT,BICYCLE_ACCIDENT,MOTORCYCLE_ACCIDENT,TRUCK_ACCIDENT,NOT_PRIVATE_PROPERTY,ALCOHOL_INVOLVED,STWD_VEHTYPE_AT_FAULT,CHP_VEHTYPE_AT_FAULT,COUNT_SEVERE_INJ,COUNT_VISIBLE_INJ,COUNT_COMPLAINT_PAIN,COUNT_PED_KILLED,COUNT_PED_INJURED,COUNT_BICYCLIST_KILLED,COUNT_BICYCLIST_INJURED,COUNT_MC_KILLED,COUNT_MC_INJURED,PRIMARY_RAMP,SECONDARY_RAMP,LATITUDE,LONGITUDE,COUNTY,CITY,POINT_X,POINT_Y
9262796,2021,2021-05-11,3801,2021-04-02,1525,2384,MISSI,5,5,7,3801,0,0,0,,0,3D11D,"PORTOLA DR","BURNETT AV",0.00,,Y,A,-,N,,,,,,,,,,Y,2,0,1,2,A,-,12,21453,A,N,D,C,A,A,H,-,A,A,0,,,Y,,Y,,C,03,1,0,0,0,0,0,0,0,1,"- ","- ",,,"SAN FRANCISCO","SAN FRANCISCO",-122.44486999511719,37.747016906738281
9262797,2021,2021-05-11,3801,2021-04-02,0000,1118,SOUTH,5,5,7,3801,0,0,0,,0,3B13C,"RUSS ST","HOWARD ST",0.00,,Y,A,-,N,,,,,,,,,,N,4,0,1,2,A,-,17,21658,B,N,D,-,A,A,H,-,A,A,0,,,Y,,Y,,C,03,0,0,1,0,0,0,0,0,1,"- ","- ",,,"SAN FRANCISCO","SAN FRANCISCO",-122.40824890136719,37.77886962890625
9262798,2021,2021-05-11,3801,2021-04-02,1301,2315,MISSI,5,5,7,3801,0,0,0,,0,3D13C,"15TH ST","SAN BRUNO AV",100.00,E,N,A,-,N,,,,,,,,,,N,2,0,1,2,A,-,08,22107,,F,B,B,-,A,H,-,A,D,0,Y,,,,Y,Y,A,01,1,0,0,0,1,0,0,0,0,"- ","- ",,,"SAN FRANCISCO","SAN FRANCISCO",-122.40537261962891,37.767227172851562
9262799,2021,2021-05-11,3801,2021-04-02,0143,1713,NORTH,5,5,7,3801,0,0,0,,0,3E12E,"HAYES ST","STEINER ST",0.00,,Y,A,-,N,,,,,,,,,,Y,3,0,2,4,A,-,03,22350,,F,C,C,A,A,H,-,C,D,0,,,,,Y,,A,07,0,1,1,0,0,0,0,0,0,"- ","- ",,,"SAN FRANCISCO","SAN FRANCISCO",-122.43283081054688,37.775611877441406
9262800,2021,2021-05-11,3801,2021-04-01,2140,1853,RICHM,4,5,7,3801,0,0,0,,0,3G15E,"POINT LOBOS AV","JUNIPERO SERRA BL",0.00,,Y,A,-,N,,,,,,,,,,,3,0,1,2,A,-,"- ",,,F,D,B,F,A,H,-,C,D,0,Y,Y,,,Y,,-,"- ",0,1,0,0,1,0,0,0,0,"- ","- ",,,"SAN FRANCISCO","SAN FRANCISCO",,
9262839,2021,2021-05-17,3801,2021-04-29,1640,2709,PARK,4,5,7,3801,0,0,0,,0,3F13D,"FELL ST","MASONIC ST",0.00,,Y,A,-,N,,,,,,,,,,N,3,0,1,2,A,-,04,21703,,F,C,G,A,A,H,-,A,D,0,,Y,,,Y,,A,01,0,1,0,0,0,0,1,0,0,"- ","- ",,,"SAN FRANCISCO","SAN FRANCISCO",-122.44591522216797,37.772983551025391
9262840,2021,2021-05-17,3801,2021-04-01,2110,1371,NORTH,4,5,7,3801,0,0,0,,0,005,"GREENWHICH ST","PIERCE ST",0.00,,Y,A,-,N,,,,,,,,,,N,4,0,1,2,A,-,03,22350,,N,D,G,A,A,H,-,C,A,0,,Y,,,Y,,L,04,0,0,1,0,0,0,1,0,0,"- ","- ",,,"SAN FRANCISCO","SAN FRANCISCO",-122.43915557861328,37.798542022705078
9262913,2021,2021-05-14,3801,2021-04-05,0155,2437,BAYVI,1,5,7,3801,0,0,0,,0,3C15E,"HUNTERS POINT EXPY","DONNER AV",391.00,S,N,A,-,N,,,,,,,,,,Y,2,0,2,3,A,-,03,22350,,M,B,E,A,A,H,-,C,D,0,,,,,Y,,A,01,1,0,1,0,0,0,0,0,0,"- ","- ",,,"SAN FRANCISCO","SAN FRANCISCO",,
9262914,2021,2021-05-14,3801,2021-04-04,1944,1355,TARAV,7,5,7,3801,0,0,0,,0,3I16D,"JUNIPERO ST","10TH AV",80.00,N,N,A,-,N,,,,,,,,,,Y,4,0,2,4,A,-,03,22350,,N,D,I,A,A,H,-,B,A,0,,,,,Y,,A,01,0,0,2,0,0,0,0,0,0,"- ","- ",,,"SAN FRANCISCO","SAN FRANCISCO",,
9262915,2021,2021-05-14,3801,2021-04-03,1732,844,CENTR,6,5,7,3801,0,0,0,,0,3A78,"MARKET ST","DRUMM ST",0.00,,Y,A,-,N,,,,,,,,,,N,3,0,2,1,A,-,03,22350,,N,E,I,A,-,A,-,A,A,0,,,Y,,Y,,C,03,0,2,0,0,0,0,0,0,2,"- ","- ",,,"SAN FRANCISCO","SAN FRANCISCO",-122.39634704589844,37.793251037597656
9262916,2021,2021-05-17,3801,2021-04-01,2018,1244,TARAV,4,5,7,3801,0,0,0,,0,002,"LINCOLN WY","30TH AV",0.00,,Y,A,-,N,,,,,,,,,,N,3,0,1,2,A,-,12,21453,A,F,D,G,A,A,H,-,C,A,0,,Y,,,Y,Y,-,,0,1,0,0,0,0,1,0,0,"- ","- ",,,"SAN FRANCISCO","SAN FRANCISCO",-122.48904418945312,37.764934539794922
9262917,2021,2021-05-17,3801,2021-04-06,1823,1666,PARK,2,5,7,3801,0,0,0,,0,4CAR,"SANCHEZ ST","14TH ST",183.00,N,N,A,-,N,,,,,,,,,,N,2,0,1,2,A,-,04,21703,,N,C,G,A,A,H,-,A,A,0,,Y,,,Y,,L,04,1,0,0,0,0,0,1,0,0,"- ","- ",,,"SAN FRANCISCO","SAN FRANCISCO",-122.43122863769531,37.768100738525391
9262918,2021,2021-05-14,3801,2021-04-05,1545,1909,NORTH,1,5,7,3801,0,0,0,,0,NORTH,"VAN NESS AV","SUTTER ST",100.00,S,N,A,-,N,,,,,,,,,,N,4,0,1,2,A,-,04,21703,,N,C,C,A,A,D,-,A,A,0,,,,,Y,,A,01,0,0,1,0,0,0,0,0,0,"- ","- ",,,"SAN FRANCISCO","SAN FRANCISCO",-122.42168426513672,37.787277221679688
9262919,2021,2021-05-17,3801,2021-04-04,0139,2479,NORTH,7,5,7,3801,0,0,0,,0,3E15E,"LOMBARD ST","FILLMORE ST",0.00,,Y,B,G,N,,,,,,,,,,N,2,0,1,2,A,-,03,22350,,F,G,B,D,A,H,-,C,A,0,Y,,,,Y,Y,A,08,1,0,0,0,1,0,0,0,0,"- ","- ",,,"SAN FRANCISCO","SAN FRANCISCO",-122.43605041503906,37.799846649169922
9262920,2021,2021-05-17,3801,2021-04-03,2355,2496,SOUTH,6,5,7,3801,0,0,0,,0,001,"3RD ST","HOWARD ST",83.00,N,N,A,-,N,,,,,,,,,,N,3,0,1,2,C,-,18,,,N,C,E,A,A,A,G,C,D,0,,,,,Y,,-,"- ",0,1,0,0,0,0,0,0,0,"- ","- ",,,"SAN FRANCISCO","SAN FRANCISCO",-122.40068817138672,37.785179138183594
9262995,2021,2021-05-18,3801,2021-04-08,0227,2122,NORTH,4,5,7,3801,0,0,0,,0,3E15E,"RT 101","WEBSTER ST",26.00,W,N,A,-,Y,SF,4,101,-,-,7.260,H,-,S,Y,2,0,1,1,A,-,03,22350,,N,E,I,A,A,H,-,C,A,0,,,,,Y,,A,01,1,0,0,0,0,0,0,0,0,"- ","- ",,,"SAN FRANCISCO","SAN FRANCISCO",-122.43460845947266,37.800010681152344
9262999,2021,2021-05-21,3801,2021-04-12,1218,845,TRAFF,1,5,7,3801,0,0,0,,0,4B2D,"19TH AV","TARAVAL ST",31.00,N,N,A,-,Y,SF,4,1,-,-,2.510,H,-,S,N,2,0,1,2,A,-,21,22106,,N,G,B,F,A,H,-,A,D,0,Y,,,,Y,,A,01,1,0,0,0,1,0,0,0,0,"- ","- ",,,"SAN FRANCISCO","SAN FRANCISCO",-122.47573852539062,37.743194580078125
9263003,2021,2021-05-12,3801,2021-04-28,0739,1561,MISSI,3,5,7,3801,0,0,0,,0,3D15A,"DUBOCE AV","VALENCIA ST",0.00,,Y,A,-,N,,,,,,,,,,Y,4,0,1,2,A,-,09,21801,,N,A,C,A,A,H,-,A,A,0,,,,,Y,,A,01,0,0,1,0,0,0,0,0,0,"- ","- ",,,"SAN FRANCISCO","SAN FRANCISCO",-122.42236328125,37.769866943359375
9263112,2021,2021-05-18,3801,2021-04-23,1935,4300,NORTH,5,5,7,3801,0,0,0,,0,"6 CAR","GREEN ST","VAN NESS AV",0.00,,Y,A,-,Y,SF,4,101,-,-,6.450,I,5,S,N,4,0,1,2,A,-,09,21801,A,F,D,C,A,A,D,-,A,A,0,,,,,Y,,A,01,0,0,1,0,0,0,0,0,0,"- ","- ",,,"SAN FRANCISCO","SAN FRANCISCO",-122.42391204833984,37.797622680664062
9270913,2021,2021-06-08,3801,2021-03-26,0757,957,2,5,5,7,3801,0,0,0,,0,002,"BUCKINGHAM WY","BUCKINGHAM WY 35",0.00,,N,A,-,N,,,,,,,,,,N,3,0,1,1,A,-,08,22107,,N,E,I,A,A,H,-,A,D,0,,,,,Y,,-,,0,1,0,0,0,0,0,0,0,"- ","- ",37.725601196289062,-122.47511291503906,"SAN FRANCISCO","SAN FRANCISCO",-122.47597503662109,37.730087280273438
9274722,2021,2021-07-12,3801,2021-05-26,2030,1244,TARAV,3,5,7,3801,0,0,0,,0,005,"19TH AV","EUCALYPTUS DR",0.00,,Y,A,-,Y,SF,4,1,-,-,1.660,I,5,N,Y,4,0,2,2,A,-,12,21453,A,N,D,C,A,A,H,-,C,A,0,,,,,Y,,A,01,0,0,2,0,0,0,0,0,0,"- ","- ",,,"SAN FRANCISCO","SAN FRANCISCO",-122.47484588623047,37.731086730957031
9274726,2021,2021-07-01,3801,2021-05-27,1719,2745,BAYVI,4,5,7,3801,0,0,0,,0,3C13D,"CORTLAND AV","BAYSHORE BL",45.00,W,N,A,-,N,,,,,,,,,,N,4,0,1,2,A,-,04,21703,,N,C,C,A,A,H,-,A,A,0,,,,,Y,,-,,0,0,1,0,0,0,0,0,0,"- ","- ",,,"SAN FRANCISCO","SAN FRANCISCO",-122.40714263916016,37.739589691162109
9274730,2021,2021-07-01,3801,2021-05-04,0651,1936,TRAFF,2,5,7,3801,0,0,0,,0,4B2G,"MISSION ST","18TH ST",130.00,S,N,A,-,N,,,,,,,,,,Y,3,0,4,2,A,-,05,21460,A,N,A,C,A,A,H,-,A,A,0,,,,,Y,,A,01,0,1,3,0,0,0,0,0,0,"- ","- ",,,"SAN FRANCISCO","SAN FRANCISCO",-122.41934204101562,37.761482238769531
9274738,2021,2021-07-01,3801,2021-05-14,1725,1118,SOUTH,5,5,7,3801,0,0,0,,0,3B13C,"6TH ST","BRYANT ST",44.00,N,N,A,-,N,,,,,,,,,,N,4,0,1,3,A,-,08,22107,,N,B,E,A,A,H,-,A,D,0,,,Y,Y,Y,,C,06,0,0,1,0,0,0,0,0,1,"- ","- ",,,"SAN FRANCISCO","SAN FRANCISCO",-122.40261077880859,37.776145935058594
9274742,2021,2021-07-02,3801,2021-05-26,1020,2046,NORTH,3,5,7,3801,0,0,0,,0,3E14A,"LAGUNA ST","PACIFIC AV",10.00,S,N,A,-,N,,,,,,,,,,N,4,0,1,2,A,-,10,21950,A,N,G,B,B,A,H,-,A,A,0,Y,,,,Y,,D,22,0,0,1,0,1,0,0,0,0,"- ","- ",,,"SAN FRANCISCO","SAN FRANCISCO",-122.42978668212891,37.793952941894531
9274746,2021,2021-07-02,3801,2021-05-27,1213,1693,BAYVI,4,5,7,3801,0,0,0,,0,901,"TOLAND ST","JERROLD AV",95.00,S,N,A,-,N,,,,,,,,,,Y,4,0,1,3,A,-,21,22106,,F,A,C,A,A,H,-,A,D,0,,,,,Y,,D,22,0,0,1,0,0,0,0,0,0,"- ","- ",,,"SAN FRANCISCO","SAN FRANCISCO",-122.39892578125,37.743873596191406
9274750,2021,2021-07-02,3801,2021-05-24,1506,2704,SOUTH,1,5,7,3801,0,0,0,,0,3B11D,"THE EMBARCADERO","BRYANT ST",386.00,N,N,A,-,N,,,,,,,,,,N,4,0,1,2,A,-,03,22350,A,N,C,C,A,A,H,-,A,A,0,,,,,Y,,A,01,0,0,1,0,0,0,0,0,0,"- ","- ",,,"SAN FRANCISCO","SAN FRANCISCO",-122.38803863525391,37.788143157958984
9274985,2021,2021-07-01,3801,2021-05-09,2021,335,TARAV,7,5,7,3801,0,0,0,,0,3I16D,"JUNIPERO SERRA BL","FONT BL",450.00,N,N,A,-,N,,,,,,,,,,N,3,0,1,1,A,-,03,22350,,N,F,A,A,A,H,-,A,B,0,,,,,Y,,A,01,0,1,0,0,0,0,0,0,0,"- ","- ",,,"SAN FRANCISCO","SAN FRANCISCO",-122.47220611572266,37.715599060058594
9275004,2021,2021-07-01,3801,2021-05-26,2040,2482,SOUTH,3,5,7,3801,0,0,0,,0,3B111,"MARKET ST",GUERRERO,0.00,,Y,A,-,N,,,,,,,,,,Y,4,0,2,2,A,-,09,21801,A,N,D,C,A,A,H,-,C,A,0,,,,,Y,,A,07,0,0,2,0,0,0,0,0,0,"- ","- ",,,"SAN FRANCISCO","SAN FRANCISCO",-122.42485809326172,37.770748138427734
9275062,2021,2021-07-01,3801,2021-05-03,1430,987,TENDE,1,5,7,3801,0,0,0,,0,3J54C,"LEAVENWORTH ST","EDDY ST",0.00,,Y,A,-,N,,,,,,,,,,N,4,0,1,2,A,-,08,22107,,N,H,A,A,A,H,-,A,A,0,,Y,,,Y,,-,"- ",0,0,1,0,0,0,1,0,0,"- ","- ",,,"SAN FRANCISCO","SAN FRANCISCO",-122.41423797607422,37.783729553222656
9275081,2021,2021-07-02,3801,2021-05-07,1930,472,TARAV,5,5,7,3801,0,0,0,,0,3I13D,"SUNSET BL","PACHECO ST",53.00,S,N,A,-,N,,,,,,,,,,N,4,0,3,4,A,-,04,21703,,N,C,C,A,A,H,-,A,A,0,,,,,Y,,A,01,0,0,3,0,0,0,0,0,0,"- ","- ",,,"SAN FRANCISCO","SAN FRANCISCO",-122.49504852294922,37.749546051025391
9275082,2021,2021-07-06,3801,2021-05-07,1303,2357,NORTH,5,5,7,3801,0,0,0,,0,3E15A,"VAN NESS AV","GOLDEN GATE AV",13.00,S,N,A,-,N,,,,,,,,,,N,4,0,1,2,A,-,08,22107,,N,B,C,A,A,H,-,A,A,0,,,,,Y,,A,08,0,0,1,0,0,0,0,0,0,"- ","- ",,,"SAN FRANCISCO","SAN FRANCISCO",-122.42037963867188,37.780994415283203
9275083,2021,2021-07-06,3801,2021-05-07,1250,1542,INGLE,5,5,7,3801,0,0,0,,0,,"MANSELL ST","HAMILTON ST",0.00,,Y,A,-,N,,,,,,,,,,Y,4,0,1,2,A,-,00,22755,A,F,B,C,A,A,H,-,A,A,0,,,,,Y,,A,01,0,0,1,0,0,0,0,0,0,"- ","- ",,,"SAN FRANCISCO","SAN FRANCISCO",-122.40703582763672,37.720096588134766
9275084,2021,2021-07-06,3801,2021-05-07,1312,2315,MISSI,5,5,7,3801,0,0,0,,0,3D13C,"DOLORES ST","19TH ST",0.00,,Y,A,-,N,,,,,,,,,,N,2,0,1,2,A,-,03,22350,,N,D,G,A,A,H,-,A,A,0,,Y,,,Y,,L,04,1,0,0,0,0,0,1,0,0,"- ","- ",,,"SAN FRANCISCO","SAN FRANCISCO",-122.42600250244141,37.759849548339844
9275085,2021,2021-07-06,3801,2021-05-07,1245,1359,INGLE,5,5,7,3801,0,0,0,,0,3H16A,"BAY SHORE BL","TUNNEL AV",80.00,N,N,A,-,N,,,,,,,,,,N,3,0,3,2,A,-,03,22350,,N,C,C,A,A,H,-,A,D,0,,,,,Y,,A,01,0,1,2,0,0,0,0,0,0,"- ","- ",,,"SAN FRANCISCO","SAN FRANCISCO",-122.40058898925781,37.713294982910156
9275086,2021,2021-07-06,3801,2021-05-07,1115,1394,TARAV,5,5,7,3801,0,0,0,,0,TARAV5,"ALEMANY BL","JUNIPERO SERRA BL",0.00,,Y,A,-,N,,,,,,,,,,Y,2,0,1,2,A,-,03,22350,,N,C,C,A,A,H,-,A,D,0,,,Y,,Y,,C,02,1,0,0,0,0,0,0,0,1,"- ","- ",,,"SAN FRANCISCO","SAN FRANCISCO",-122.47073364257812,37.709918975830078
9275087,2021,2021-07-06,3801,2021-05-07,0826,2356,NORTH,5,5,7,3801,0,0,0,,0,4CAR,"PINE ST","STEINER ST",0.00,,Y,A,-,N,,,,,,,,,,N,4,0,2,2,A,-,03,22350,,N,C,D,A,A,H,-,A,A,0,,,,,Y,,A,01,0,0,2,0,0,0,0,0,0,"- ","- ",,,"SAN FRANCISCO","SAN FRANCISCO",-122.43528747558594,37.787750244140625
9275088,2021,2021-07-06,3801,2021-05-07,1719,9,CENTR,5,5,7,3801,0,0,0,,0,3A13D,"MARKET ST","FRONT ST",0.00,,Y,A,-,N,,,,,,,,,,N,2,0,1,1,A,-,03,22350,,N,E,I,A,A,H,-,A,A,0,,,Y,,Y,,C,02,1,0,0,0,0,0,0,0,1,"- ","- ",,,"SAN FRANCISCO","SAN FRANCISCO",-122.39833831787109,37.791694641113281
9275089,2021,2021-07-06,3801,2021-05-07,1821,2745,BAYVI,5,5,7,3801,0,0,0,,0,3C11D,"3RD ST","CESAR CHAVEZ ST",0.00,,Y,A,-,N,,,,,,,,,,Y,4,0,2,2,D,-,00,,,N,D,C,A,A,H,-,A,A,0,,,,,Y,,-,"- ",0,0,2,0,0,0,0,0,0,"- ","- ",,,"SAN FRANCISCO","SAN FRANCISCO",-122.38768768310547,37.750228881835938
9275090,2021,2021-07-02,3801,2021-05-07,1445,1052,RICHM,5,5,7,3801,0,0,0,,0,3G4C,"GEARY BL","24TH AV",86.00,W,N,A,-,N,,,,,,,,,,N,4,0,3,3,A,-,03,22350,,N,C,C,A,A,H,-,A,A,0,,,Y,,Y,,A,01,0,0,3,0,0,0,0,0,2,"- ","- ",,,"SAN FRANCISCO","SAN FRANCISCO",-122.48397064208984,37.780204772949219
9275091,2021,2021-07-06,3801,2021-05-07,1501,4118,MISSI,5,5,7,3801,0,0,0,,0,3D11C,"16TH ST","MISSION ST",65.00,W,N,A,-,N,,,,,,,,,,N,4,0,1,2,A,-,11,21955,,N,G,B,D,B,H,-,A,D,0,Y,,,,Y,,N,60,0,0,1,0,1,0,0,0,0,"- ","- ",,,"SAN FRANCISCO","SAN FRANCISCO",-122.41989135742188,37.765037536621094
9275092,2021,2021-07-06,3801,2021-05-07,1433,2450,INGLE,5,5,7,3801,0,0,0,,0,3H16C,"FOLSOM ST","BESSIE ST",5.00,E,N,A,-,N,,,,,,,,,,Y,3,0,1,2,A,-,06,21755,A,N,B,C,A,-,H,-,A,D,0,,,Y,,Y,,C,03,0,1,0,0,0,0,0,0,1,"- ","- ",,,"SAN FRANCISCO","SAN FRANCISCO",-122.41355133056641,37.746799468994141
9275093,2021,2021-07-06,3801,2021-05-17,1200,640,MISSI,1,5,7,3801,0,0,0,,0,3D15C,"FOLSOM ST","15TH ST",0.00,,Y,A,-,N,,,,,,,,,,N,2,0,1,2,A,-,03,22411,,N,D,J,A,A,H,-,A,A,0,,,,,Y,,M,94,1,0,0,0,0,0,0,0,0,"- ","- ",,,"SAN FRANCISCO","SAN FRANCISCO",-122.41545867919922,37.766933441162109
9275094,2021,2021-07-06,3801,2021-05-16,2046,582,CENTR,7,5,7,3801,0,0,0,,0,3A15E,"WASHINGTON ST","DRUMM ST",0.00,,Y,A,-,N,,,,,,,,,,N,2,0,1,1,A,-,05,21650,1,N,E,I,A,A,H,-,C,A,0,,,,,Y,,M,94,1,0,0,0,0,0,0,0,0,"- ","- ",,,"SAN FRANCISCO","SAN FRANCISCO",-122.39698028564453,37.796371459960938
9275095,2021,2021-07-06,3801,2021-05-14,2122,1454,NORTH,5,5,7,3801,0,0,0,,0,3E15E,"WEBSTER ST","LOMBARD ST",0.00,,Y,A,-,N,,,,,,,,,,N,3,0,1,2,A,-,03,22350,,N,D,C,A,A,H,-,C,A,0,,,Y,,Y,,C,02,0,1,0,0,0,0,0,0,1,"- ","- ",,,"SAN FRANCISCO","SAN FRANCISCO",-122.43438720703125,37.800064086914062
9275097,2021,2021-07-06,3801,2021-05-13,1401,1766,TRAFF,4,5,7,3801,0,0,0,,0,4B103,"PAUL AV","BAYSHORE BL",190.00,W,N,A,-,N,,,,,,,,,,Y,4,0,2,2,A,-,03,22350,,N,E,I,A,A,H,-,A,A,0,,,,,Y,,A,08,0,0,2,0,0,0,0,0,0,"- ","- ",,,"SAN FRANCISCO","SAN FRANCISCO",-122.40140533447266,37.723789215087891
9275098,2021,2021-07-06,3801,2021-05-09,2014,2044,SOUTH,7,5,7,3801,0,0,0,,0,3B12D,"MISSION ST","3RD ST",437.00,W,N,A,-,N,,,,,,,,,,N,4,0,1,1,A,-,03,22350,,N,H,J,A,A,A,-,C,D,0,,,Y,,Y,,C,03,0,0,1,0,0,0,0,0,1,"- ","- ",,,"SAN FRANCISCO","SAN FRANCISCO",-122.40306854248047,37.785419464111328
9275099,2021,2021-07-06,3801,2021-05-09,2346,221,RICHM,7,5,7,3801,0,0,0,,0,0F1,"FULTON ST","ARGUELLO BL",67.00,E,N,A,-,N,,,,,,,,,,Y,3,0,1,2,A,-,01,23152,A,N,B,E,A,A,H,-,C,B,0,,,,,Y,Y,A,01,0,1,0,0,0,0,0,0,0,"- ","- ",,,"SAN FRANCISCO","SAN FRANCISCO",-122.45812225341797,37.774318695068359
9275100,2021,2021-07-06,3801,2021-05-09,2356,709,BAYVI,7,5,7,3801,0,0,0,,0,3C12E,"UNIVERSITY ST","BURROWS ST",30.00,S,N,A,-,N,,,,,,,,,,Y,3,0,1,2,A,-,03,22350,,N,B,E,A,A,H,-,C,D,0,,,,,Y,,A,01,0,1,0,0,0,0,0,0,0,"- ","- ",,,"SAN FRANCISCO","SAN FRANCISCO",-122.41404724121094,37.726463317871094
9275102,2021,2021-07-02,3801,2021-05-09,1909,2100,MISSI,7,5,7,3801,0,0,0,,0,3D16D,"26TH ST","BRYANT ST",0.00,,Y,A,-,N,,,,,,,,,,N,4,0,1,2,A,-,11,21950,B,N,G,B,B,A,C,-,A,A,0,Y,,,,Y,,N,60,0,0,1,0,1,0,0,0,0,"- ","- ",,,"SAN FRANCISCO","SAN FRANCISCO",-122.40885925292969,37.749618530273438
9275103,2021,2021-07-02,3801,2021-05-07,0100,671,CENTR,5,5,7,3801,0,0,0,,0,3A11E,"GEARY ST","MASON ST",0.00,,Y,A,-,N,,,,,,,,,,N,4,0,1,2,A,-,12,21453,A,F,D,C,A,A,H,-,C,A,0,,,Y,,Y,,A,01,0,0,1,0,0,0,0,0,1,"- ","- ",,,"SAN FRANCISCO","SAN FRANCISCO",-122.40985870361328,37.787166595458984
9275104,2021,2021-07-02,3801,2021-05-06,1930,1033,TENDE,4,5,7,3801,0,0,0,,0,3J15D,"6TH ST","FOLSOM ST",0.00,,Y,A,-,N,,,,,,,,,,N,2,0,1,2,A,-,12,21453,A,F,B,B,B,A,H,-,A,A,0,Y,,,,Y,,A,01,1,0,0,0,1,0,0,0,0,"- ","- ",,,"SAN FRANCISCO","SAN FRANCISCO",-122.40560150146484,37.778499603271484
9275105,2021,2021-07-02,3801,2021-05-06,1652,1858,BAYVI,4,5,7,3801,0,0,0,,0,3C14D,"GIRARD ST","DWIGHT ST",0.00,,Y,A,-,N,,,,,,,,,,Y,4,0,1,2,A,-,03,22350,,F,D,C,A,A,H,-,A,A,0,,,,,Y,,A,01,0,0,1,0,0,0,0,0,0,"- ","- ",,,"SAN FRANCISCO","SAN FRANCISCO",-122.40309906005859,37.723777770996094
9275106,2021,2021-07-02,3801,2021-05-06,1518,2705,BAYVI,4,5,7,3801,0,0,0,,0,3C13D,"3RD ST","THORNTON AV",0.00,,Y,-,-,N,,,,,,,,,,N,4,0,1,1,A,-,03,22350,,N,H,A,A,-,-,-,A,D,0,,,Y,,Y,,C,03,0,0,1,0,0,0,0,0,1,"- ","- ",,,"SAN FRANCISCO","SAN FRANCISCO",-122.39225006103516,37.730628967285156
9275107,2021,2021-07-02,3801,2021-05-06,1212,2229,SOUTH,4,5,7,3801,0,0,0,,0,3B15C,"HARRISON ST","4TH ST",0.00,,Y,A,-,N,,,,,,,,,,N,2,0,1,2,A,-,05,21202,A,N,D,G,A,A,H,-,A,A,0,,Y,,,Y,,L,04,1,0,0,0,0,0,1,0,0,"- ","- ",,,"SAN FRANCISCO","SAN FRANCISCO",-122.39962768554688,37.780776977539062
9275108,2021,2021-07-02,3801,2021-05-06,0856,2247,NORTH,4,5,7,3801,0,0,0,,0,03E,"POLK ST",MCALLISTER,0.00,,Y,A,-,N,,,,,,,,,,N,4,0,1,2,A,-,12,21453,A,N,D,G,A,A,H,-,A,A,0,,Y,,,Y,,-,"- ",0,0,1,0,0,0,1,0,0,"- ","- ",,,"SAN FRANCISCO","SAN FRANCISCO",-122.41860198974609,37.7802734375
9275109,2021,2021-07-02,3801,2021-05-06,0918,244,NORTH,4,5,7,3801,0,0,0,,0,3E13A,"POLK ST","TURK ST",28.00,S,N,A,-,N,,,,,,,,,,Y,4,0,1,2,C,-,18,,,N,A,C,A,A,H,-,A,A,0,,,,,Y,,-,"- ",0,0,1,0,0,0,0,0,0,"- ","- ",,,"SAN FRANCISCO","SAN FRANCISCO",-122.41898345947266,37.782093048095703
9275110,2021,2021-07-02,3801,2021-05-04,1041,1972,NORTH,2,5,7,3801,0,0,0,,0,3E13A,"SUTTER ST","FRRANKLIN ST",69.00,E,N,A,-,N,,,,,,,,,,N,4,0,1,2,A,-,04,21703,,N,C,C,A,A,H,-,A,D,0,,,Y,,Y,,-,"- ",0,0,1,0,0,0,0,0,1,"- ","- ",,,"SAN FRANCISCO","SAN FRANCISCO",-122.42316436767578,37.787376403808594
9275111,2021,2021-07-01,3801,2021-05-04,1415,621,CENTR,2,5,7,3801,0,0,0,,0,3A61,"2ND ST","STEVENSON ST",0.00,,Y,A,-,N,,,,,,,,,,N,4,0,1,2,A,-,08,22107,,N,H,C,-,A,H,-,A,D,0,Y,,,,Y,,A,01,0,0,1,0,1,0,0,0,0,"- ","- ",,,"SAN FRANCISCO","SAN FRANCISCO",-122.40084075927734,37.788803100585938
9275112,2021,2021-07-01,3801,2021-05-05,1450,1122,NORTH,3,5,7,3801,0,0,0,,0,0E6,"GOUGH ST","BAY ST",0.00,,Y,A,-,N,,,,,,,,,,N,3,0,2,2,A,-,03,22350,,F,-,-,A,A,H,-,A,A,0,,,,,Y,,A,01,0,1,1,0,0,0,0,0,0,"- ","- ",,,"SAN FRANCISCO","SAN FRANCISCO",-122.42839813232422,37.803752899169922