CASE_ID,ACCIDENT_YEAR,PROC_DATE,JURIS,COLLISION_DATE,COLLISION_TIME,OFFICER_ID,REPORTING_DISTRICT,DAY_OF_WEEK,CHP_SHIFT,POPULATION,CNTY_CITY_LOC,SPECIAL_COND,BEAT_TYPE,CHP_BEAT_TYPE,CITY_DIVISION_LAPD,CHP_BEAT_CLASS,BEAT_NUMBER,PRIMARY_RD,SECONDARY_RD,DISTANCE,DIRECTION,INTERSECTION,WEATHER_1,WEATHER_2,STATE_HWY_IND,CALTRANS_COUNTY,CALTRANS_DISTRICT,STATE_ROUTE,ROUTE_SUFFIX,POSTMILE_PREFIX,POSTMILE,LOCATION_TYPE,RAMP_INTERSECTION,SIDE_OF_HWY,TOW_AWAY,COLLISION_SEVERITY,NUMBER_KILLED,NUMBER_INJURED,PARTY_COUNT,PRIMARY_COLL_FACTOR,PCF_CODE_OF_VIOL,PCF_VIOL_CATEGORY,PCF_VIOLATION,PCF_VIOL_SUBSECTION,HIT_AND_RUN,TYPE_OF_COLLISION,MVIW,PED_ACTION,ROAD_SURFACE,ROAD_COND_1,ROAD_COND_2,LIGHTING,CONTROL_DEVICE,CHP_ROAD_TYPE,PEDESTRIAN_ACCIDENT,BICYCLE_ACCIDENT,MOTORCYCLE_ACCIDENT,TRUCK_ACCIDENT,NOT_PRIVATE_PROPERTY,ALCOHOL_INVOLVED,STWD_VEHTYPE_AT_FAULT,CHP_VEHTYPE_AT_FAULT,COUNT_SEVERE_INJ,COUNT_VISIBLE_INJ,COUNT_COMPLAINT_PAIN,COUNT_PED_KILLED,COUNT_PED_INJURED,COUNT_BICYCLIST_KILLED,COUNT_BICYCLIST_INJURED,COUNT_MC_KILLED,COUNT_MC_INJURED,PRIMARY_RAMP,SECONDARY_RAMP,LATITUDE,LONGITUDE,COUNTY,CITY,POINT_X,POINT_Y
9275132,2021,2021-07-01,3801,2021-05-26,2119,2035,MISSI,3,5,7,3801,0,0,0,,0,3D91,"S VAN NESS AV","19TH ST",50.00,S,N,A,-,N,,,,,,,,,,N,4,0,1,2,A,-,11,21954,A,N,G,B,E,A,H,-,C,D,0,Y,,,,Y,,N,60,0,0,1,0,1,0,0,0,0,"- ","- ",,,"SAN FRANCISCO","SAN FRANCISCO",-122.41704559326172,37.760223388671875
9275133,2021,2021-07-01,3801,2021-05-26,1822,2441,INGLE,3,5,7,3801,0,0,0,,0,3H11D,"MISSION ST","29TH ST",215.00,N,N,A,-,N,,,,,,,,,,N,2,0,1,2,A,-,11,21955,,N,G,B,D,A,H,-,A,D,0,Y,,,,Y,,N,60,1,0,0,0,1,0,0,0,0,"- ","- ",,,"SAN FRANCISCO","SAN FRANCISCO",-122.42056274414062,37.744598388671875
9275134,2021,2021-07-01,3801,2021-05-26,1433,1377,INGLE,3,5,7,3801,0,0,0,,0,3H14C,"OSHAUGHNESSY BL","REFERENCE POINT",103.00,S,N,A,-,N,,,,,,,,,,N,4,0,2,3,A,-,03,22350,,N,C,C,A,A,H,-,A,D,0,,,Y,,Y,,A,01,0,0,2,0,0,0,0,0,1,"- ","- ",,,"SAN FRANCISCO","SAN FRANCISCO",,
9275135,2021,2021-07-01,3801,2021-05-26,1132,4035,TENDE,3,5,7,3801,0,0,0,,0,,"LARKIN ST","TURK ST",84.00,S,N,A,-,N,,,,,,,,,,N,4,0,1,2,A,-,00,20003,A,F,-,B,F,A,H,-,A,A,0,Y,,,,Y,Y,-,,0,0,1,0,1,0,0,0,0,"- ","- ",,,"SAN FRANCISCO","SAN FRANCISCO",-122.41729736328125,37.782150268554688
9275136,2021,2021-07-01,3801,2021-05-23,1405,2490,TENDE,7,5,7,3801,0,0,0,,0,3J11E,"10TH ST","MISSION ST",0.00,,Y,A,-,N,,,,,,,,,,N,4,0,1,2,D,-,00,,,M,B,C,A,A,H,-,A,A,0,,,Y,,Y,,-,"- ",0,0,1,0,0,0,0,0,1,"- ","- ",,,"SAN FRANCISCO","SAN FRANCISCO",-122.41590881347656,37.775276184082031
9275137,2021,2021-07-01,3801,2021-05-25,0926,156,BAYVI,2,5,7,3801,0,0,0,,0,3C60,"SILVER AV","YALE ST",18.00,N,N,A,-,N,,,,,,,,,,N,4,0,1,2,A,-,09,21800,A,N,D,C,A,A,H,-,A,D,0,,,,,Y,,A,01,0,0,1,0,0,0,0,0,0,"- ","- ",,,"SAN FRANCISCO","SAN FRANCISCO",-122.41844177246094,37.729045867919922
9275138,2021,2021-07-06,3801,2021-05-24,1554,2157,SOUTH,1,5,7,3801,0,0,0,,0,003,"8TH ST","HARRISON ST",62.00,N,N,A,-,N,,,,,,,,,,Y,4,0,1,3,A,-,07,21658,A,N,C,C,A,A,H,-,A,A,0,,,,,Y,,A,01,0,0,1,0,0,0,0,0,0,"- ","- ",,,"SAN FRANCISCO","SAN FRANCISCO",-122.40867614746094,37.773883819580078
9275139,2021,2021-07-01,3801,2021-05-23,2100,335,TARAV,7,5,7,3801,0,0,0,,0,3I16D,"SUNSET BL","OCEAN AV",370.00,S,N,A,-,N,,,,,,,,,,Y,4,0,2,4,A,-,08,22107,,F,B,C,A,A,H,-,C,D,0,,,,,Y,,A,01,0,0,2,0,0,0,0,0,0,"- ","- ",,,"SAN FRANCISCO","SAN FRANCISCO",-122.49373626708984,37.730884552001953
9275140,2021,2021-07-01,3801,2021-05-20,1300,2433,INGLE,4,5,7,3801,0,0,0,,0,3H15D,"ALEMANY BL","MOUNT VERNON AV",0.00,,Y,A,-,N,,,,,,,,,,N,4,0,1,2,A,-,12,21453,A,F,G,B,B,A,H,-,A,A,0,Y,,,,Y,,A,01,0,0,1,0,1,0,0,0,0,"- ","- ",,,"SAN FRANCISCO","SAN FRANCISCO",-122.44460296630859,37.716102600097656
9275141,2021,2021-07-08,3801,2021-05-26,1616,1377,INGLE,3,5,7,3801,0,0,0,,0,3H14C,"PORTOLA DR","GLENVIEW DR",0.00,,Y,A,-,N,,,,,,,,,,N,4,0,1,2,A,-,12,21453,A,N,D,J,A,A,H,-,A,A,0,,,,,Y,,-,,0,0,1,0,0,0,0,0,0,"- ","- ",,,"SAN FRANCISCO","SAN FRANCISCO",-122.44789123535156,37.746883392333984
9275142,2021,2021-07-20,3801,2021-05-11,2058,2169,TENDE,2,5,7,3801,0,0,0,,0,3J14D,"JONES ST","TURK ST",0.00,,Y,A,-,N,,,,,,,,,,N,4,0,1,2,A,-,11,21954,A,N,G,B,D,A,H,-,C,A,0,Y,,,,Y,,N,60,0,0,1,0,1,0,0,0,0,"- ","- ",,,"SAN FRANCISCO","SAN FRANCISCO",-122.41241455078125,37.782997131347656
9275143,2021,2021-07-08,3801,2021-05-06,1149,156,BAYVI,4,5,7,3801,0,0,0,,0,3C60,"SILVER AV","CHARTER OAK ST",110.00,E,N,A,-,N,,,,,,,,,,Y,4,0,3,3,A,-,00,27103,,N,C,C,A,A,H,-,A,D,0,,,,,Y,,A,01,0,0,3,0,0,0,0,0,0,"- ","- ",,,"SAN FRANCISCO","SAN FRANCISCO",-122.404052734375,37.733341217041016
9275144,2021,2021-07-08,3801,2021-05-02,2110,582,CENTR,7,5,7,3801,0,0,0,,0,3A15E,"BAY ST",MIDWAYST,0.00,,Y,A,-,N,,,,,,,,,,Y,3,0,2,3,A,-,01,23152,A,N,F,C,A,A,H,-,C,D,0,,,,,Y,Y,A,01,0,2,0,0,0,0,0,0,0,"- ","- ",,,"SAN FRANCISCO","SAN FRANCISCO",-122.40948486328125,37.806137084960938
9275145,2021,2021-07-08,3801,2021-05-09,1100,6,TENDE,7,5,7,3801,0,0,0,,0,J12A,"5TH ST","5TH ST 48",0.00,,-,A,-,N,,,,,,,,,,N,4,0,1,2,A,-,09,21801,A,N,D,C,A,A,H,-,A,D,0,,,,,Y,,A,01,0,0,1,0,0,0,0,0,0,"- ","- ",,,"SAN FRANCISCO","SAN FRANCISCO",-122.40805816650391,37.78399658203125
9275146,2021,2021-07-19,3801,2021-05-09,1213,481,TARAV,7,5,7,3801,0,0,0,,0,3I44,"PORTOLA DR","SAN PABLO AV",0.00,,Y,A,-,N,,,,,,,,,,Y,3,0,2,2,A,-,09,21804,A,N,D,C,A,A,H,-,A,D,0,,,,,Y,,A,01,0,2,0,0,0,0,0,0,0,"- ","- ",,,"SAN FRANCISCO","SAN FRANCISCO",-122.46111297607422,37.740348815917969
9275147,2021,2021-07-08,3801,2021-05-09,1251,2466,RICHM,7,5,7,3801,0,0,0,,0,003,"GEARY BL","6TH AV",0.00,,Y,A,-,N,,,,,,,,,,N,4,0,1,2,A,-,10,21950,A,N,-,B,B,A,H,-,A,A,0,Y,,,,Y,,A,01,0,0,1,0,0,0,0,0,0,"- ","- ",,,"SAN FRANCISCO","SAN FRANCISCO",-122.46429443359375,37.781089782714844
9275148,2021,2021-07-08,3801,2021-05-09,1347,481,TRAVE,7,5,7,3801,0,0,0,,0,3I44,"ULLOA ST","17TH AV",0.00,,Y,A,-,N,,,,,,,,,,Y,4,0,4,2,A,-,09,21800,A,N,D,C,A,A,H,-,A,D,0,,,,,Y,,A,07,0,0,4,0,0,0,0,0,0,"- ","- ",,,"SAN FRANCISCO","SAN FRANCISCO",-122.47344207763672,37.741283416748047
9275150,2021,2021-07-08,3801,2021-05-02,2049,1368,CENTR,7,5,7,3801,0,0,0,,0,3A11D,"LEAVENWORTH ST","BUSH ST",0.00,,Y,A,-,N,,,,,,,,,,N,3,0,1,2,A,-,10,21950,A,N,G,B,B,A,H,-,C,A,0,Y,,,,Y,,A,01,0,1,0,0,1,0,0,0,0,"- ","- ",,,"SAN FRANCISCO","SAN FRANCISCO",-122.41538238525391,37.789344787597656
9275151,2021,2021-07-08,3801,2021-05-09,0857,2402,TARAV,7,5,7,3801,0,0,0,,0,3I1A,"9TH AV","JUDAH ST",170.00,N,N,A,-,N,,,,,,,,,,N,4,0,1,1,B,-,22,,,N,E,I,A,A,H,-,A,D,0,,Y,,,Y,,L,04,0,0,1,0,0,0,1,0,0,"- ","- ",,,"SAN FRANCISCO","SAN FRANCISCO",-122.46621704101562,37.762645721435547
9275152,2021,2021-07-08,3801,2021-05-09,0253,158,INGLE,7,5,7,3801,0,0,0,,0,3H16E,"VALENCIA ST","MISSION ST",0.00,,Y,A,-,N,,,,,,,,,,N,2,0,2,3,A,-,10,21950,A,F,G,B,B,A,H,-,C,A,0,Y,,,,Y,Y,-,99,1,1,0,0,2,0,0,0,0,"- ","- ",,,"SAN FRANCISCO","SAN FRANCISCO",-122.41986846923828,37.745586395263672
9275153,2021,2021-07-08,3801,2021-05-08,2315,2702,NORTH,6,5,7,3801,0,0,0,,0,3E15E,"FRANKLIN ST","CHESTNUT ST",0.00,,Y,A,-,N,,,,,,,,,,Y,4,0,1,2,A,-,12,21453,A,F,D,C,A,A,H,-,C,A,0,,,,,Y,,-,"- ",0,0,1,0,0,0,0,0,0,"- ","- ",,,"SAN FRANCISCO","SAN FRANCISCO",-122.42637634277344,37.802070617675781
9275154,2021,2021-07-08,3801,2021-05-08,1306,2238,PARK,6,5,7,3801,0,0,0,,0,001,"JOHN F KENNEDY DR","CONSERVATORY DR",60.00,E,N,A,-,N,,,,,,,,,,N,3,0,2,2,A,-,22,23123,A,N,G,B,E,A,H,-,A,D,0,Y,Y,,,Y,,L,04,0,2,0,0,1,0,1,0,0,"- ","- ",,,"SAN FRANCISCO","SAN FRANCISCO",-122.46184539794922,37.771732330322266
9275155,2021,2021-07-08,3801,2021-05-08,1339,1118,SOUTH,6,5,7,3801,0,0,0,,0,3B13C,"KING ST","3RD ST",38.00,W,N,A,-,N,,,,,,,,,,Y,4,0,1,2,A,-,08,22107,,N,B,C,A,A,H,-,A,D,0,,,,,Y,,A,01,0,0,1,0,0,0,0,0,0,"- ","- ",,,"SAN FRANCISCO","SAN FRANCISCO",-122.39204406738281,37.778125762939453
9275156,2021,2021-07-08,3801,2021-05-08,1607,1332,SOUTH,6,5,7,3801,0,0,0,,0,05C,"MISSION ST","8TH ST",0.00,,Y,A,-,N,,,,,,,,,,Y,4,0,1,2,A,-,10,21950,A,F,A,B,B,A,H,-,A,D,0,Y,,,,Y,,-,,0,0,1,0,1,0,0,0,0,"- ","- ",,,"SAN FRANCISCO","SAN FRANCISCO",-122.41315460205078,37.7774658203125
9275157,2021,2021-07-08,3801,2021-05-05,1738,2100,MISSI,3,5,7,3801,0,0,0,,0,3D11D,"18TH ST","GUERRERO ST",0.00,,Y,A,-,N,,,,,,,,,,N,3,0,1,2,A,-,12,21453,A,N,D,G,A,A,H,-,A,A,0,,Y,,,Y,,L,04,0,1,0,0,0,0,1,0,0,"- ","- ",,,"SAN FRANCISCO","SAN FRANCISCO",-122.42379760742188,37.761577606201172
9275158,2021,2021-07-08,3801,2021-05-08,1827,2745,BAYVI,6,5,7,3801,0,0,0,,0,3C11D,"ROBBLEE AV","THOMAS AV",154.00,E,N,A,-,N,,,,,,,,,,N,4,0,1,3,A,-,09,21804,A,N,D,C,A,A,H,-,A,D,0,,,,,Y,,A,01,0,0,1,0,0,0,0,0,0,"- ","- ",,,"SAN FRANCISCO","SAN FRANCISCO",-122.39947509765625,37.735496520996094
9275159,2021,2021-07-08,3801,2021-05-08,1859,4187,NORTH,6,5,7,3801,0,0,0,,0,3E15D,"CHESTNUT ST","BUCHANAN ST",0.00,,Y,A,-,N,,,,,,,,,,N,3,0,1,1,A,-,08,22107,,N,E,I,A,A,H,-,A,A,0,,Y,,,Y,,L,04,0,1,0,0,0,0,1,0,0,"- ","- ",,,"SAN FRANCISCO","SAN FRANCISCO",-122.43296051025391,37.801231384277344
9275160,2021,2021-07-08,3801,2021-05-08,2009,1160,SOUTH,6,5,7,3801,0,0,0,,0,0B4,"MARKET ST","SOUTH VAN NESS AV",0.00,,Y,A,-,N,,,,,,,,,,N,2,0,1,2,-,-,"- ",,,N,G,B,B,A,H,-,B,A,0,Y,,,,Y,,-,"- ",1,0,0,0,1,0,0,0,0,"- ","- ",,,"SAN FRANCISCO","SAN FRANCISCO",-122.41925811767578,37.775169372558594
9275161,2021,2021-07-08,3801,2021-05-30,0336,2490,TENDE,7,5,7,3801,0,0,0,,0,3J15E,"OFARRELL ST","LARKIN ST",138.00,W,N,A,-,N,,,,,,,,,,N,4,0,1,2,A,-,03,22350,,F,G,B,E,A,H,-,C,A,0,Y,,,,Y,,A,01,0,0,1,0,1,0,0,0,0,"- ","- ",,,"SAN FRANCISCO","SAN FRANCISCO",-122.41837310791016,37.785110473632812
9275162,2021,2021-07-08,3801,2021-05-29,1837,2186,NORTH,6,5,7,3801,0,0,0,,0,3E5D,"VAN NESS AV","BROADWAY ST",0.00,,Y,A,-,N,,,,,,,,,,Y,3,0,2,2,A,-,12,21453,A,N,D,C,A,A,H,-,A,A,0,,,,,Y,,A,01,0,2,0,0,0,0,0,0,0,"- ","- ",,,"SAN FRANCISCO","SAN FRANCISCO",-122.42332458496094,37.795753479003906
9275163,2021,2021-07-08,3801,2021-05-31,0031,582,CENTR,1,5,7,3801,0,0,0,,0,3A15E,"BATTERY ST","SACRAMENTO ST",0.00,,Y,A,-,N,,,,,,,,,,Y,4,0,1,2,A,-,12,21453,A,N,D,C,A,A,H,-,C,A,0,,,,,Y,,A,01,0,0,1,0,0,0,0,0,0,"- ","- ",,,"SAN FRANCISCO","SAN FRANCISCO",-122.40016174316406,37.794178009033203
9275164,2021,2021-07-08,3801,2021-05-25,0826,310,SOUTH,2,5,7,3801,0,0,0,,0,3B12A,"5TH AV","STEVENSON ST",171.00,S,N,A,-,N,,,,,,,,,,N,3,0,1,2,A,-,08,22102,,N,B,C,A,A,H,-,A,D,0,,,,,Y,Y,A,01,0,1,0,0,0,0,0,0,0,"- ","- ",,,"SAN FRANCISCO","SAN FRANCISCO",-122.40703582763672,37.783184051513672
9275165,2021,2021-07-27,3801,2021-05-30,1815,4274,RICHM,7,5,7,3801,0,0,0,,0,0G4,"FULTON ST","39TH AV",36.00,W,N,A,-,N,,,,,,,,,,N,4,0,4,2,A,-,04,21703,,N,C,C,A,A,H,-,A,D,0,,,,,Y,,A,01,0,0,4,0,0,0,0,0,0,"- ","- ",,,"SAN FRANCISCO","SAN FRANCISCO",-122.49930572509766,37.771884918212891
9275167,2021,2021-07-27,3801,2021-05-31,1758,1520,BAYVI,1,5,7,3801,0,0,0,,0,005,"JENNINGS ST","HOLLISTER AV",0.00,,Y,A,-,N,,,,,,,,,,Y,4,0,1,2,A,-,12,22450,A,N,D,C,A,A,H,-,A,D,0,,,,,Y,,A,01,0,0,1,0,0,0,0,0,0,"- ","- ",,,"SAN FRANCISCO","SAN FRANCISCO",-122.39429473876953,37.720771789550781
9275168,2021,2021-07-08,3801,2021-05-28,0941,1185,SOUTH,5,5,7,3801,0,0,0,,0,3B14A,"CLEMENTINA ST","8TH ST",0.00,,Y,A,-,N,,,,,,,,,,N,3,0,1,2,A,-,00,22800,A,F,B,-,A,A,H,-,A,D,0,,,,,Y,,A,01,0,1,0,0,0,0,0,0,0,"- ","- ",,,"SAN FRANCISCO","SAN FRANCISCO",-122.41056823730469,37.775421142578125
9275169,2021,2021-07-08,3801,2021-05-28,1810,4103,SOUTH,5,5,7,3801,0,0,0,,0,3B14D,"11TH ST","13TH ST",0.00,,Y,A,-,N,,,,,,,,,,N,3,0,1,2,A,-,03,22350,,F,D,G,A,A,H,-,A,A,0,,Y,,,Y,Y,A,01,0,1,0,0,0,0,1,0,0,"- ","- ",,,"SAN FRANCISCO","SAN FRANCISCO",-116.9573974609375,34.877826690673828
9275170,2021,2021-07-08,3801,2021-05-27,0810,1418,TARAV,4,5,7,3801,0,0,0,,0,03I,"8TH AV","LINCOLN WY",8.00,S,N,A,-,N,,,,,,,,,,N,2,0,1,2,A,-,05,21650,1,N,D,G,A,A,H,-,A,A,0,,,,,Y,,A,01,1,0,0,0,0,0,0,0,0,"- ","- ",,,"SAN FRANCISCO","SAN FRANCISCO",-122.46534729003906,37.765956878662109
9275171,2021,2021-07-08,3801,2021-05-24,1452,2179,CENTR,1,5,7,3801,0,0,0,,0,3A60,BROADWAY,"POWELL ST",0.00,,Y,A,-,N,,,,,,,,,,N,4,0,1,2,A,-,04,21703,,N,A,C,A,A,H,-,A,-,0,,Y,,,Y,,-,,0,0,1,0,0,0,1,0,0,"- ","- ",,,"SAN FRANCISCO","SAN FRANCISCO",-122.41024017333984,37.797409057617188
9275172,2021,2021-07-08,3801,2021-05-27,1152,4132,MISSI,4,5,7,3801,0,0,0,,0,3CAR,"21ST ST","MISSION ST",36.00,E,N,A,-,N,,,,,,,,,,N,4,0,1,2,A,-,11,21955,,N,B,B,D,A,H,-,A,D,0,Y,,,,Y,,N,60,0,0,1,0,1,0,0,0,0,"- ","- ",,,"SAN FRANCISCO","SAN FRANCISCO",-122.41879272460938,37.757026672363281
9275173,2021,2021-07-08,3801,2021-05-27,1239,539,MISSI,4,5,7,3801,0,0,0,,0,006,"SOUTH VAN NESS AV","16TH ST",249.00,S,N,A,-,N,,,,,,,,,,N,3,0,1,1,A,-,03,22350,,N,F,A,A,A,H,-,A,D,0,,,Y,,Y,,C,03,0,1,0,0,0,0,0,0,1,"- ","- ",,,"SAN FRANCISCO","SAN FRANCISCO",-122.41742706298828,37.764499664306641
9275174,2021,2021-07-08,3801,2021-05-27,1445,NORTHERN,NORTH,4,5,7,3801,0,0,0,,0,3E44C,"OFARRELL ST","SCOTT ST",0.00,,Y,A,-,N,,,,,,,,,,N,4,0,1,2,A,-,12,22450,,N,D,G,A,A,H,-,A,A,0,,Y,,,Y,,L,04,0,0,1,0,0,0,1,0,0,"- ","- ",,,"SAN FRANCISCO","SAN FRANCISCO",-122.4376220703125,37.782646179199219
9275175,2021,2021-07-16,3801,2021-05-13,1705,2467,INGLE,4,5,7,3801,0,0,0,,0,,"PORTOLA DR","EVERLYN WY",0.00,,Y,A,-,N,,,,,,,,,,N,3,0,2,2,A,-,07,21658,A,F,C,C,A,A,H,-,A,A,0,,,Y,,Y,Y,-,"- ",0,2,0,0,0,0,0,0,2,"- ","- ",,,"SAN FRANCISCO","SAN FRANCISCO",-122.45427703857422,37.744037628173828
9275176,2021,2021-07-08,3801,2021-05-27,1708,4022,MISSI,4,5,7,3801,0,0,0,,0,3D15D,"17TH AV","VALENCIA ST",200.00,E,N,A,-,N,,,,,,,,,,N,3,0,1,2,A,-,08,22107,,N,B,G,A,A,H,-,A,A,0,,Y,,,Y,,A,01,0,1,0,0,0,0,1,0,0,"- ","- ",,,"SAN FRANCISCO","SAN FRANCISCO",-122.42105102539062,37.763339996337891
9275177,2021,2021-07-08,3801,2021-05-08,0124,2220,NORTH,6,5,7,3801,0,0,0,,0,3E13E,"FRANKLIN ST","TURK ST",0.00,,N,A,-,N,,,,,,,,,,Y,4,0,3,2,A,-,01,23152,A,N,A,C,A,A,H,-,C,A,0,,,,,Y,Y,-,"- ",0,0,3,0,0,0,0,0,0,"- ","- ",,,"SAN FRANCISCO","SAN FRANCISCO",-122.42224884033203,37.781730651855469
9275178,2021,2021-07-27,3801,2021-05-08,0512,1561,MISSI,6,5,7,3801,0,0,0,,0,3D11A,"CASTRO ST","MARKET ST",226.00,S,N,-,-,N,,,,,,,,,,Y,4,0,1,2,A,-,21,22106,,N,F,C,A,A,H,-,C,D,0,,,,,Y,,A,01,0,0,1,0,0,0,0,0,0,"- ","- ",,,"SAN FRANCISCO","SAN FRANCISCO",-122.43510437011719,37.762020111083984
9275179,2021,2021-07-08,3801,2021-05-08,2030,386,MISSI,6,5,7,3801,0,0,0,,0,3D14D,"CESAR CHAVEZ ST","ALABAMA ST",0.00,,Y,A,-,N,,,,,,,,,,N,4,0,1,2,A,-,09,21801,A,N,D,C,A,A,H,-,C,A,0,,,,,Y,,A,01,0,0,1,0,0,0,0,0,0,"- ","- ",,,"SAN FRANCISCO","SAN FRANCISCO",-122.41054534912109,37.748374938964844
9275208,2021,2021-07-06,3801,2021-05-29,1254,2039,TARAV,6,5,7,3801,0,0,0,,0,005,"LAKE MERCED BL","BROTHERHOOD WY",366.00,N,N,A,-,N,,,,,,,,,,N,3,0,1,2,A,-,08,22107,,N,B,C,A,A,H,-,A,A,0,,,Y,,Y,,C,03,0,1,0,0,0,0,0,0,1,"- ","- ",,,"SAN FRANCISCO","SAN FRANCISCO",-122.48519897460938,37.715724945068359
9275209,2021,2021-07-06,3801,2021-05-29,0010,2091,NORTH,6,5,7,3801,0,0,0,,0,3E16E,"LOMBARD ST","WEBSTER ST",0.00,,Y,A,-,N,,,,,,,,,,N,4,0,1,2,A,-,03,22350,,F,C,C,A,A,H,-,C,A,0,,,,,Y,,A,01,0,0,1,0,0,0,0,0,0,"- ","- ",,,"SAN FRANCISCO","SAN FRANCISCO",-122.43438720703125,37.800064086914062
9275210,2021,2021-07-06,3801,2021-05-28,2230,1454,NORTH,5,5,7,3801,0,0,0,,0,3E15E,"PIERCE ST","LOMBARD ST",0.00,,Y,A,-,N,,,,,,,,,,N,4,0,1,2,A,-,08,22107,,N,D,C,A,A,H,-,C,A,0,,,Y,,Y,,A,01,0,0,1,0,0,0,0,0,1,"- ","- ",,,"SAN FRANCISCO","SAN FRANCISCO",-122.43933868408203,37.799423217773438
9275211,2021,2021-07-06,3801,2021-05-28,1440,207,CENTR,5,5,7,3801,0,0,0,,0,3A13C,"STOCKTON ST","SUTTER ST",5.00,N,N,A,-,N,,,,,,,,,,N,3,0,1,2,A,-,12,21453,A,F,D,B,B,A,H,-,A,A,0,Y,Y,,,Y,,L,04,0,1,0,0,1,0,0,0,0,"- ","- ",,,"SAN FRANCISCO","SAN FRANCISCO",-122.40694427490234,37.789432525634766
9275212,2021,2021-07-06,3801,2021-05-28,0803,2247,NORTH,5,5,7,3801,0,0,0,,0,03E,"WEBSTER ST","UNION ST",0.00,,Y,A,-,N,,,,,,,,,,N,3,0,1,2,A,-,12,22450,A,N,D,G,A,A,H,-,A,A,0,,Y,,,Y,,L,04,0,1,0,0,0,0,1,0,0,"- ","- ",,,"SAN FRANCISCO","SAN FRANCISCO",-122.433837890625,37.797298431396484
9275213,2021,2021-07-06,3801,2021-05-26,0659,1362,RICHM,3,5,7,3801,0,0,0,,0,,"FULTON ST","30TH AV",0.00,,Y,A,-,N,,,,,,,,,,Y,3,0,2,2,A,-,12,21453,A,N,D,C,A,A,H,-,A,A,0,,,,,Y,,A,01,0,1,1,0,0,0,0,0,0,"- ","- ",,,"SAN FRANCISCO","SAN FRANCISCO",-122.48954010009766,37.772335052490234
9275214,2021,2021-07-06,3801,2021-05-07,0841,1114,RICHM,5,5,7,3801,0,0,0,,0,3G62,FULTON,"20TH AV",24.00,E,N,A,-,N,,,,,,,,,,Y,4,0,1,2,A,-,03,22350,,N,C,C,A,A,H,-,A,A,0,,,,,Y,,A,01,0,0,1,0,0,0,0,0,0,"- ","- ",,,"SAN FRANCISCO","SAN FRANCISCO",-122.47874450683594,37.772815704345703
9275215,2021,2021-08-03,3801,2021-05-25,1150,2118,MISSI,2,5,7,3801,0,0,0,,0,3D11A,"FAIR AV","MISSION ST & VALENCIA ST",0.00,,Y,A,-,N,,,,,,,,,,N,4,0,1,2,D,-,00,,,N,B,E,A,A,H,-,A,D,0,,,,,Y,,-,"- ",0,0,1,0,0,0,0,0,0,"- ","- ",,,"SAN FRANCISCO","SAN FRANCISCO",-122.41986846923828,37.745586395263672
9275960,2021,2021-07-02,3801,2021-05-26,2303,1709,INGLE,3,5,7,3801,0,0,0,,0,001,"LIPPARD AV","BOSWORTH ST",0.00,,Y,A,-,N,,,,,,,,,,N,4,0,1,2,A,-,12,22450,,N,D,C,A,A,H,-,C,D,0,,,,,Y,,A,01,0,0,1,0,0,0,0,0,0,"- ","- ",,,"SAN FRANCISCO","SAN FRANCISCO",-122.43581390380859,37.73388671875
9276105,2021,2021-08-26,3801,2021-07-16,0751,1825,,5,5,7,3801,0,0,0,,0,3B15A,"PENNSYLVANIA AVE","25TH ST",0.00,,Y,B,-,N,,,,,,,,,,N,4,0,1,2,A,-,21,22106,,N,C,C,A,A,H,-,A,A,0,,,,,Y,,J,48,0,0,1,0,0,0,0,0,0,"- ","- ",,,"SAN FRANCISCO","SAN FRANCISCO",-122.39266204833984,37.752544403076172
9276119,2021,2021-08-30,3801,2021-07-03,1830,4178,TRAFF,6,5,7,3801,0,0,0,,0,4B3A,"BUCHANAN ST","FELL ST",0.00,,Y,A,-,N,,,,,,,,,,Y,4,0,2,2,A,-,00,21055,,N,D,C,A,A,H,-,A,A,0,,,,,Y,,J,48,0,0,2,0,0,0,0,0,0,"- ","- ",,,"SAN FRANCISCO","SAN FRANCISCO",-122.42771148681641,37.77532958984375
9276247,2021,2021-08-26,3801,2021-05-13,1050,104,TRAFF,4,5,7,3801,0,0,0,,0,4B11,"STEINER ST","GEARY BL",0.00,,Y,A,B,N,,,,,,,,,,Y,4,0,2,2,B,-,22,,,N,D,C,A,A,H,-,-,A,0,,,,,Y,,J,48,0,0,2,0,0,0,0,0,0,"- ","- ",,,"SAN FRANCISCO","SAN FRANCISCO",-122.43457794189453,37.784320831298828
92799785,2024,2024-07-26,9335,2024-07-17,1910,023832,,3,2,7,3801,0,1,2,,2,015,"US-101 SB","POTRERO AVENUE UNDERCROSSING",69.00,N,N,A,-,Y,SF,,101," ",R,4.524,H,,L,Y,3,0,1,4,A,-,01,23152,A,N,B,C,A,A,H,-,A,D,0,,,,,Y,Y,A,01,0,1,0,0,0,0,0,0,0,"- ","- ",37.768829345703125,-122.40827941894531,"SAN FRANCISCO","SAN FRANCISCO",-122.40827941894531,37.768825531005859
92799868,2024,2024-07-26,9335,2024-06-26,1642,023845,,3,2,7,3801,0,1,1,,2,024,"I-280 N/B TO MARIPOSA STREET","19TH STREET",127.00,S,N,A,-,Y,SF,,280," ",R,6.491,H,,R,N,4,0,2,2,A,-,03,22350,,N,C,C,A,A,H,-,A,D,0,,,,,Y,,A,08,0,0,2,0,0,0,0,0,0,"- ","- ",37.761489868164062,-122.39228820800781,"SAN FRANCISCO","SAN FRANCISCO",-122.39243316650391,37.761478424072266