CASE_ID,ACCIDENT_YEAR,PROC_DATE,JURIS,COLLISION_DATE,COLLISION_TIME,OFFICER_ID,REPORTING_DISTRICT,DAY_OF_WEEK,CHP_SHIFT,POPULATION,CNTY_CITY_LOC,SPECIAL_COND,BEAT_TYPE,CHP_BEAT_TYPE,CITY_DIVISION_LAPD,CHP_BEAT_CLASS,BEAT_NUMBER,PRIMARY_RD,SECONDARY_RD,DISTANCE,DIRECTION,INTERSECTION,WEATHER_1,WEATHER_2,STATE_HWY_IND,CALTRANS_COUNTY,CALTRANS_DISTRICT,STATE_ROUTE,ROUTE_SUFFIX,POSTMILE_PREFIX,POSTMILE,LOCATION_TYPE,RAMP_INTERSECTION,SIDE_OF_HWY,TOW_AWAY,COLLISION_SEVERITY,NUMBER_KILLED,NUMBER_INJURED,PARTY_COUNT,PRIMARY_COLL_FACTOR,PCF_CODE_OF_VIOL,PCF_VIOL_CATEGORY,PCF_VIOLATION,PCF_VIOL_SUBSECTION,HIT_AND_RUN,TYPE_OF_COLLISION,MVIW,PED_ACTION,ROAD_SURFACE,ROAD_COND_1,ROAD_COND_2,LIGHTING,CONTROL_DEVICE,CHP_ROAD_TYPE,PEDESTRIAN_ACCIDENT,BICYCLE_ACCIDENT,MOTORCYCLE_ACCIDENT,TRUCK_ACCIDENT,NOT_PRIVATE_PROPERTY,ALCOHOL_INVOLVED,STWD_VEHTYPE_AT_FAULT,CHP_VEHTYPE_AT_FAULT,COUNT_SEVERE_INJ,COUNT_VISIBLE_INJ,COUNT_COMPLAINT_PAIN,COUNT_PED_KILLED,COUNT_PED_INJURED,COUNT_BICYCLIST_KILLED,COUNT_BICYCLIST_INJURED,COUNT_MC_KILLED,COUNT_MC_INJURED,PRIMARY_RAMP,SECONDARY_RAMP,LATITUDE,LONGITUDE,COUNTY,CITY,POINT_X,POINT_Y
9285688,2021,2021-07-06,3801,2021-05-20,0853,1825,SOUTH,4,5,7,3801,0,0,0,,0,3B12A,"11TH ST","BRYANT ST",0.00,,Y,A,-,N,,,,,,,,,,N,3,0,1,2,A,-,12,21453,A,N,D,G,A,A,H,-,A,A,0,,Y,,,Y,,L,04,0,1,0,0,0,0,1,0,0,"- ","- ",,,"SAN FRANCISCO","SAN FRANCISCO",-122.41082000732422,37.769309997558594
9285689,2021,2021-07-02,3801,2021-05-19,1732,4012,TARAV,3,5,7,3801,0,0,0,,0,3I1D,"IRVING ST","18TH AV",0.00,,Y,A,-,N,,,,,,,,,,N,3,0,1,2,A,-,06,21750,A,N,D,G,A,A,H,-,A,D,0,,Y,,,Y,,L,04,0,1,0,0,0,0,1,0,0,"- ","- ",,,"SAN FRANCISCO","SAN FRANCISCO",-122.47605133056641,37.763614654541016
9285690,2021,2021-06-30,3801,2021-05-19,1156,2384,PARK,3,5,7,3801,0,0,0,,0,150001,"7TH AV","LAWTON ST",0.00,,Y,A,-,N,,,,,,,,,,N,4,0,1,2,A,-,10,21950,A,N,G,B,B,A,H,-,A,A,0,Y,,,,Y,,A,01,0,0,1,0,1,0,0,0,0,"- ","- ",,,"SAN FRANCISCO","SAN FRANCISCO",-122.46382904052734,37.758537292480469
9285691,2021,2021-07-02,3801,2021-05-19,1118,2455,CENTR,3,5,7,3801,0,0,0,,0,,"POST ST","POST ST 830",0.00,,-,A,-,N,,,,,,,,,,N,4,0,1,2,A,-,09,21804,A,F,B,C,A,A,H,-,A,D,0,,,,,Y,,-,,0,0,1,0,0,0,0,0,0,"- ","- ",,,"SAN FRANCISCO","SAN FRANCISCO",-122.40245819091797,37.789054870605469
9285692,2021,2021-06-30,3801,2021-05-19,1021,1920,BAYVI,3,5,7,3801,0,0,0,,0,3C12A,"OAKDALE AV","BARNAVELD AV",106.00,E,N,A,-,N,,,,,,,,,,N,3,0,1,2,A,-,07,21658,A,F,C,G,A,A,H,-,A,D,0,,Y,,,Y,Y,A,01,0,1,0,0,0,0,1,0,0,"- ","- ",,,"SAN FRANCISCO","SAN FRANCISCO",-122.40317535400391,37.741874694824219
9285693,2021,2021-07-14,3801,2021-05-18,1024,1301,TENDE,2,5,7,3801,0,0,0,,0,3J15E,"DUBOCE AV","GUERRERO ST",0.00,,Y,A,-,N,,,,,,,,,,N,4,0,1,2,A,-,08,22107,,F,B,C,A,A,H,-,A,A,0,,,,,Y,,A,01,0,0,1,0,0,0,0,0,0,"- ","- ",,,"SAN FRANCISCO","SAN FRANCISCO",-122.42459106445312,37.769741058349609
9285694,2021,2021-06-30,3801,2021-05-18,1431,1518,CENTR,2,5,7,3801,0,0,0,,0,3A44C,"JACKSON ST","STOCKTON ST",62.00,W,N,A,-,N,,,,,,,,,,Y,3,0,1,3,A,-,03,22350,,N,D,E,F,A,H,-,A,A,0,Y,,,,Y,,A,01,0,1,0,0,1,0,0,0,0,"- ","- ",,,"SAN FRANCISCO","SAN FRANCISCO",-122.40843200683594,37.795803070068359
9285695,2021,2021-06-30,3801,2021-05-17,2313,2122,NORTH,1,5,7,3801,0,0,0,,0,3E13E,"OAK ST","OCTAVIA ST",0.00,,Y,A,-,N,,,,,,,,,,Y,4,0,2,2,A,-,12,21453,A,N,D,C,A,A,H,-,C,A,0,,,,,Y,,A,01,0,0,2,0,0,0,0,0,0,"- ","- ",,,"SAN FRANCISCO","SAN FRANCISCO",-122.42430114746094,37.774799346923828
9285696,2021,2021-06-30,3801,2021-05-17,2042,2733,SOUTH,1,5,7,3801,0,0,0,,0,0B5,"OWENS ST","16TH ST",0.00,,Y,A,-,N,,,,,,,,,,N,4,0,1,2,A,-,03,22350,,F,C,C,A,A,H,-,C,A,0,,,,,Y,,A,01,0,0,1,0,0,0,0,0,0,"- ","- ",,,"SAN FRANCISCO","SAN FRANCISCO",-122.3927001953125,37.766708374023438
9285697,2021,2021-07-14,3801,2021-05-17,1259,1250,SOUTH,1,5,7,3801,0,0,0,,0,3B13A,"6TH ST","MINNA ST",0.00,,Y,A,-,N,,,,,,,,,,N,4,0,2,3,A,-,12,21453,A,F,D,-,A,A,H,-,A,A,0,,,,,Y,,A,01,0,0,2,0,0,0,0,0,0,"- ","- ",,,"SAN FRANCISCO","SAN FRANCISCO",-122.40813446044922,37.780551910400391
9285698,2021,2021-06-30,3801,2021-05-22,0915,1418,TARAV,6,5,7,3801,0,0,0,,0,0I2,"NORIEGA ST","32ND AV",40.00,W,N,A,-,N,,,,,,,,,,N,4,0,2,1,B,-,22,,,N,E,I,A,A,H,-,A,D,0,,,,,Y,,A,01,0,0,2,0,0,0,0,0,0,"- ","- ",,,"SAN FRANCISCO","SAN FRANCISCO",-122.49053955078125,37.753623962402344
9285699,2021,2021-07-14,3801,2021-05-22,0130,255,INGLE,6,5,7,3801,0,0,0,,0,3H11E,"SAN JOSE AV","30TH ST",0.00,,Y,A,-,N,,,,,,,,,,N,3,0,1,2,A,-,12,21453,A,N,D,G,A,A,H,-,C,A,0,,Y,,,Y,Y,L,04,0,1,0,0,0,0,1,0,0,"- ","- ",,,"SAN FRANCISCO","SAN FRANCISCO",-122.42333984375,37.742301940917969
9285701,2021,2021-06-29,3801,2021-05-10,0830,1972,NORTH,1,5,7,3801,0,0,0,,0,3E13A,"POST ST","FRANKLIN ST",0.00,,Y,A,-,N,,,,,,,,,,N,3,0,1,2,A,-,10,21950,A,N,G,B,B,A,H,-,A,A,0,Y,,,,Y,,A,01,0,1,0,0,1,0,0,0,0,"- ","- ",,,"SAN FRANCISCO","SAN FRANCISCO",-122.42320251464844,37.786399841308594
9285702,2021,2021-06-29,3801,2021-05-10,0234,2035,MISSI,1,5,7,3801,0,0,0,,0,3D91,"18TH ST","FOLSOM ST",0.00,,Y,A,-,N,,,,,,,,,,N,2,0,1,2,A,-,12,21453,A,N,A,G,A,A,H,-,C,A,0,,Y,,,Y,,L,04,1,0,0,0,0,0,1,0,0,"- ","- ",,,"SAN FRANCISCO","SAN FRANCISCO",-122.41499328613281,37.762100219726562
9285703,2021,2021-07-01,3801,2021-05-25,1806,746,INGLE,2,5,7,3801,0,0,0,,0,3H3D,"SAN JOSE AV","SAN JUAN AV",0.00,,Y,A,-,N,,,,,,,,,,N,2,0,1,2,A,-,11,21950,B,N,G,B,D,A,H,-,A,D,0,Y,,,,Y,,N,60,1,0,0,0,1,0,0,0,0,"- ","- ",,,"SAN FRANCISCO","SAN FRANCISCO",-122.44145202636719,37.726982116699219
9285704,2021,2021-07-01,3801,2021-05-25,1640,172,RICHM,2,5,7,3801,0,0,0,,0,005,"LINCOLN HWY","LEGION OF HONOR DR",530.00,E,N,A,-,N,,,,,,,,,,N,4,0,1,2,A,-,05,21460,A,N,D,G,A,A,H,-,A,D,0,,Y,,,Y,,A,01,0,0,1,0,0,0,1,0,0,"- ","- ",,,"SAN FRANCISCO","SAN FRANCISCO",,
9285705,2021,2021-07-01,3801,2021-05-25,1528,1804,TARAV,2,5,7,3801,0,0,0,,0,3I15B,"TARAVAL ST","25TH AV",0.00,,Y,A,-,N,,,,,,,,,,N,4,0,1,2,A,-,08,22107,,F,B,C,A,A,H,-,A,D,0,,,,,Y,,A,01,0,0,1,0,0,0,0,0,0,"- ","- ",,,"SAN FRANCISCO","SAN FRANCISCO",-122.48213958740234,37.742759704589844
9285706,2021,2021-07-09,3801,2021-05-25,1115,2339,PARK,2,5,7,3801,0,0,0,,0,3F13A,"HAIGHT ST","MASONIC AV",0.00,,Y,A,-,N,,,,,,,,,,N,3,0,1,2,A,-,10,21950,A,N,G,B,B,A,H,-,A,A,0,Y,,,,Y,,D,22,0,1,0,0,1,0,0,0,0,"- ","- ",,,"SAN FRANCISCO","SAN FRANCISCO",-122.44535064697266,37.770210266113281
9285707,2021,2021-07-01,3801,2021-05-25,0925,198,BAYVI,2,5,7,3801,0,0,0,,0,0C3,"PALOU AV","LANE ST",4.00,W,N,A,-,N,,,,,,,,,,N,4,0,1,2,A,-,03,22350,,F,G,B,B,A,H,-,A,D,0,Y,,,,Y,,A,01,0,0,1,0,1,0,0,0,0,"- ","- ",,,"SAN FRANCISCO","SAN FRANCISCO",-122.3890380859375,37.732936859130859
9285708,2021,2021-07-01,3801,2021-05-24,2100,1451,NORTH,1,5,7,3801,0,0,0,,0,3E15E,"BRODERICK ST","NORTH POINT ST",0.00,,Y,A,-,N,,,,,,,,,,N,3,0,1,2,A,-,12,22450,A,N,D,C,A,A,H,-,C,D,0,,,,,Y,,A,01,0,1,0,0,0,0,0,0,0,"- ","- ",,,"SAN FRANCISCO","SAN FRANCISCO",-122.44509124755859,37.802555084228516
9285709,2021,2021-07-01,3801,2021-05-25,2047,2397,NORTH,2,5,7,3801,0,0,0,,0,3E11D,"POLK ST","SUTTER ST",0.00,,Y,A,-,N,,,,,,,,,,Y,4,0,2,2,A,-,08,22107,,N,A,C,A,A,H,-,C,A,0,,,,,Y,,A,01,0,0,2,0,0,0,0,0,0,"- ","- ",,,"SAN FRANCISCO","SAN FRANCISCO",-122.42010498046875,37.787761688232422
9285710,2021,2021-07-01,3801,2021-05-24,1638,540,SOUTH,1,5,7,3801,0,0,0,,0,,"MARKET ST","OCTAVIA ST",110.00,E,N,A,-,N,,,,,,,,,,N,3,0,1,2,A,-,03,22350,,N,B,G,A,A,H,-,A,A,0,,Y,,,Y,,L,04,0,1,0,0,0,0,1,0,0,"- ","- ",,,"SAN FRANCISCO","SAN FRANCISCO",-122.42331695556641,37.771987915039062
9285711,2021,2021-07-01,3801,2021-05-24,1614,2700,CENTR,1,5,7,3801,0,0,0,,0,3A12D,"GEARY ST","GEARY ST 665",0.00,,N,A,-,N,,,,,,,,,,N,4,0,1,2,A,-,10,21952,,N,G,B,-,A,H,-,A,A,0,Y,,,,Y,,A,01,0,0,1,0,1,0,0,0,0,"- ","- ",,,"SAN FRANCISCO","SAN FRANCISCO",-122.42139434814453,37.785690307617188
9285712,2021,2021-07-08,3801,2021-05-23,2333,2398,NORTH,7,5,7,3801,0,0,0,,0,03E,"VAN NESS AV","GEARY BL",100.00,N,N,A,-,N,,,,,,,,,,N,4,0,2,2,A,-,03,22350,,N,C,C,A,A,H,-,C,A,0,,,,,Y,,A,01,0,0,2,0,0,0,0,0,0,"- ","- ",,,"SAN FRANCISCO","SAN FRANCISCO",-122.4215087890625,37.78594970703125
9285713,2021,2021-07-01,3801,2021-05-18,1020,2065,NORTH,2,5,7,3801,0,0,0,,0,3E12A,"FULTON ST","FILLMORE ST",0.00,,Y,A,-,N,,,,,,,,,,N,3,0,1,2,A,-,03,22350,,F,D,G,A,A,H,-,A,A,0,,Y,,,Y,,-,"- ",0,1,0,0,0,0,1,0,0,"- ","- ",,,"SAN FRANCISCO","SAN FRANCISCO",-122.43155670166016,37.777690887451172
9285714,2021,2021-07-07,3801,2021-05-20,1247,1982,CENTR,4,5,7,3801,0,0,0,,0,3A11C,"CALIFORNIA ST","DAVIS ST",82.00,W,N,A,-,N,,,,,,,,,,N,4,0,1,2,A,-,08,22107,,N,D,C,A,A,H,-,A,A,0,,,,,Y,,A,01,0,0,1,0,0,0,0,0,0,"- ","- ",,,"SAN FRANCISCO","SAN FRANCISCO",-122.39791107177734,37.793468475341797
9285715,2021,2021-07-01,3801,2021-05-20,1015,574,MISSI,4,5,7,3801,0,0,0,,0,D11A,"CHURCH ST","CUMBERLAND ST",0.00,,Y,A,-,N,,,,,,,,,,N,3,0,1,2,A,-,08,22107,,N,C,G,A,A,H,-,A,D,0,,Y,,,Y,,A,01,0,1,0,0,0,0,1,0,0,"- ","- ",,,"SAN FRANCISCO","SAN FRANCISCO",-122.42816162109375,37.758895874023438
9285716,2021,2021-07-01,3801,2021-05-12,1610,1933,TENDE,3,5,7,3801,0,0,0,,0,3J15D,"ELLIS ST","HYDE ST",122.00,W,N,A,-,N,,,,,,,,,,N,4,0,1,2,A,-,11,21954,A,N,G,B,E,A,H,-,A,D,0,Y,,,,Y,,N,60,0,0,1,0,1,0,0,0,0,"- ","- ",,,"SAN FRANCISCO","SAN FRANCISCO",-122.41648101806641,37.784400939941406
9285717,2021,2021-07-01,3801,2021-05-12,1510,1803,BAYVI,3,5,7,3801,0,0,0,,0,3C15D,"3RD ST","PAUL AV",0.00,,Y,A,-,N,,,,,,,,,,N,4,0,1,2,A,-,12,21453,A,N,D,-,A,A,H,-,A,A,0,,,,,Y,,M,95,0,0,1,0,0,0,0,0,0,"- ","- ",,,"SAN FRANCISCO","SAN FRANCISCO",-122.395751953125,37.722412109375
9285718,2021,2021-07-01,3801,2021-05-01,2348,308,RICHM,6,5,7,3801,0,0,0,,0,3G5E,"GREAT HWY","BALBOA ST",0.00,,Y,G,-,N,,,,,,,,,,Y,4,0,1,1,A,-,01,23152,A,N,E,I,A,A,H,-,C,A,0,,,,,Y,Y,A,01,0,0,1,0,0,0,0,0,0,"- ","- ",,,"SAN FRANCISCO","SAN FRANCISCO",-122.51129150390625,37.775077819824219
9285719,2021,2021-07-07,3801,2021-05-01,2328,2181,CENTR,6,5,7,3801,0,0,0,,0,,"STOCKTON ST","WASHINGTON ST",0.00,,Y,A,-,N,,,,,,,,,,,4,0,1,2,A,-,10,21950,A,F,G,B,B,A,H,-,C,A,0,Y,,,,Y,,A,01,0,0,1,0,1,0,0,0,0,"- ","- ",,,"SAN FRANCISCO","SAN FRANCISCO",-122.40802764892578,37.794960021972656
9285720,2021,2021-07-01,3801,2021-05-01,1452,4314,RICHM,6,5,7,3801,0,0,0,,0,0G3,"GEARY BL","6TH AV",0.00,,Y,B,-,N,,,,,,,,,,N,2,0,1,2,A,-,12,21453,A,N,D,C,A,A,H,-,A,A,0,,,Y,,Y,,C,02,1,0,0,0,0,0,0,0,1,"- ","- ",,,"SAN FRANCISCO","SAN FRANCISCO",-122.46429443359375,37.781089782714844
9286137,2021,2021-07-13,3801,2021-05-19,2103,382,NORTH,3,5,7,3801,0,0,0,,0,3E5E,"LOMBARD ST","FILLMORE ST",0.00,,Y,A,-,Y,SF,4,101,-,-,7.376,I,5,N,N,2,0,1,2,A,-,11,21456,B,N,G,B,B,A,H,-,C,A,0,Y,,Y,,Y,,N,60,1,0,0,0,1,0,0,0,0,"- ","- ",,,"SAN FRANCISCO","SAN FRANCISCO",-122.43609619140625,37.799907684326172
9288109,2021,2021-07-02,3801,2021-01-01,1343,970,SOUTH,5,5,7,3801,0,0,0,,0,,"MARKET ST","VALENCIA ST",0.00,,Y,A,-,N,,,,,,,,,,,3,0,1,2,A,-,08,22101,D,F,D,G,A,A,H,-,A,A,0,,Y,,,Y,,A,01,0,1,0,0,0,0,1,0,0,"- ","- ",,,"SAN FRANCISCO","SAN FRANCISCO",-122.42262268066406,37.772548675537109
9288137,2021,2021-07-07,3801,2021-04-25,1800,2475,NORTH,7,5,7,3801,0,0,0,,0,3A11C,"POLK ST","FERN ST",0.00,,Y,F,-,N,,,,,,,,,,N,3,0,1,2,A,-,08,22102,,F,D,C,A,-,-,-,-,A,0,,,,,Y,,A,01,0,1,0,0,0,0,0,0,0,"- ","- ",,,"SAN FRANCISCO","SAN FRANCISCO",-122.42018890380859,37.788211822509766
9288138,2021,2021-07-07,3801,2021-04-10,1508,1332,SOUTH,6,5,7,3801,0,0,0,,0,001,"HOWARD ST","FREMONT ST",0.00,,Y,A,-,N,,,,,,,,,,N,4,0,1,2,A,-,08,22100,A,N,D,G,A,A,H,-,A,A,0,,Y,,,Y,,A,01,0,0,1,0,0,0,1,0,0,"- ","- ",,,"SAN FRANCISCO","SAN FRANCISCO",-122.3951416015625,37.789226531982422
9288139,2021,2021-07-07,3801,2021-04-24,1430,2172,NORTH,6,5,7,3801,0,0,0,,0,3E2,"FILLMORE ST","GOLDEN GATE AV",158.00,N,N,A,-,N,,,,,,,,,,N,4,0,1,2,A,-,17,22517,,N,B,E,A,A,H,-,A,D,0,,,,,Y,,-,,0,0,1,0,0,0,0,0,0,"- ","- ",,,"SAN FRANCISCO","SAN FRANCISCO",-122.43202972412109,37.779987335205078
92898247,2024,2024-10-07,9335,2024-07-20,1500,023592,,6,2,7,3801,0,1,2,,2,013,"US-101 S/B","FAITH ST",200.00,N,N,A,-,Y,SF,,101," "," ",2.660,H,,L,Y,4,0,1,5,A,-,07,21658,A,M,B,2,A,A,H,-,A,D,0,,,,,Y,,A,01,0,0,1,0,0,0,0,0,0,"- ","- ",37.744571685791016,-122.40547180175781,"SAN FRANCISCO","SAN FRANCISCO",-122.40546417236328,37.74456787109375
92898301,2024,2024-07-30,9335,2024-07-18,1415,020999,,4,2,7,3801,0,1,1,,1,083,"I-80 E/B","TREASURE ISLAND RD",5800.00,E,N,A,-,Y,SF,,80," ",R,8.817,H,,R,Y,2,0,1,2,A,-,08,22107,,M,B,C,A,A,H,-,A,D,0,,,,,Y,,A,01,1,0,0,0,0,0,0,0,0,"- ","- ",37.818721771240234,-122.35050964355469,"SAN FRANCISCO","SAN FRANCISCO",-122.35050201416016,37.818698883056641
92898372,2024,2024-07-30,9335,2024-07-22,1547,023860,,1,2,7,3801,0,1,1,,2,022,"I-280 N/B","GENEVA AVE",2640.00,S,N,A,-,Y,SF,,280," ",R,1.146,H,,R,N,3,0,1,2,A,-,03,22350,,N,C,C,A,A,H,-,A,D,0,,,,,Y,,A,01,0,1,0,0,0,0,0,0,0,"- ","- ",37.714481353759766,-122.45070648193359,"SAN FRANCISCO","SAN FRANCISCO",-122.45072937011719,37.714492797851562
92898399,2024,2024-07-30,9335,2024-07-22,1550,023832,,1,2,7,3801,0,1,2,,2,013,"US-101 S/B","BACON STREET UNDERCROSSING",373.00,S,N,A,-,Y,SF,,101," "," ",1.341,H,,L,Y,2,0,1,2,A,-,03,22350,,N,C,C,A,A,H,-,A,D,0,,,Y,,Y,,A,07,1,0,0,0,0,0,0,0,1,"- ","- ",37.726768493652344,-122.402587890625,"SAN FRANCISCO","SAN FRANCISCO",-122.40255737304688,37.726779937744141
92898451,2024,2024-07-30,9335,2024-07-23,"433 ",023121,,2,3,7,3801,0,1,1,,1,081,"I-80 WESTBOUND","BEALE STREET",95.00,E,N,A,-,Y,SF,,80," "," ",5.746,H,,L,N,4,0,1,2,A,-,08,22107,,N,B,2,A,A,H,-,C,D,0,,,,,Y,,A,07,0,0,1,0,0,0,0,0,0,"- ","- ",37.786930084228516,-122.38990783691406,"SAN FRANCISCO","SAN FRANCISCO",-122.38993835449219,37.786949157714844
92898468,2024,2024-07-30,9335,2024-07-23,"655 ",022703,,2,1,7,3801,0,1,2,,2,012,"US-101 NORTHBOUND","OYSTER POINT BLVD",1490.00,S,N,A,-,Y,SM,,101," "," ",22.499,H,,R,Y,4,0,1,2,A,-,07,21658,A,N,B,C,A,A,H,-,A,D,0,,,,,Y,,D,22,0,0,1,0,0,0,0,0,0,"- ","- ",37.661140441894531,-122.40315246582031,"SAN FRANCISCO","SAN FRANCISCO",-122.40310668945312,37.661098480224609
92898528,2024,2024-07-30,9335,2024-07-23,1551,017331,,2,2,7,3801,0,1,2,,2,013,"US-101 N/B","CESAR CHAVEZ ST",1320.00,S,N,A,-,Y,SF,,101," "," ",2.301,H,,R,Y,4,0,1,3,A,-,03,22350,,N,C,C,A,A,H,-,A,D,0,,,,,Y,,A,01,0,0,1,0,0,0,0,0,0,"- ","- ",37.739978790283203,-122.40780639648438,"SAN FRANCISCO","SAN FRANCISCO",-122.40793609619141,37.739994049072266
9290483,2021,2021-08-02,3801,2021-06-15,1643,1642,NORTH,2,5,7,3801,0,0,0,,0,3E11D,"FRANKLIN ST","GOLDEN GATE AV",0.00,,Y,A,-,N,,,,,,,,,,Y,4,0,1,2,A,-,12,21453,,F,D,C,A,A,H,-,A,A,0,,,,Y,Y,Y,F,21,0,0,1,0,0,0,0,0,0,"- ","- ",,,"SAN FRANCISCO","SAN FRANCISCO",-122.42209625244141,37.78082275390625
9290487,2021,2021-08-02,3801,2021-06-26,2333,1845,TARAV,6,5,7,3801,0,0,0,,0,3I11E,"IRVING ST","20TH AV",0.00,,Y,A,-,N,,,,,,,,,,N,4,0,1,2,A,-,08,22100,A,F,D,C,A,A,H,-,C,A,0,,,Y,,Y,Y,D,22,0,0,1,0,0,0,0,0,1,"- ","- ",,,"SAN FRANCISCO","SAN FRANCISCO",-122.47821044921875,37.763515472412109
9290495,2021,2021-08-02,3801,2021-06-22,0950,4023,MISSI,2,5,7,3801,0,0,0,,0,003,"VALENCIA ST","HILL ST",0.00,,Y,A,-,N,,,,,,,,,,Y,4,0,1,2,A,-,03,22350,,N,C,C,A,A,H,-,A,D,0,,,,,Y,,D,22,0,0,1,0,0,0,0,0,0,"- ","- ",,,"SAN FRANCISCO","SAN FRANCISCO",-122.42104339599609,37.756099700927734
9290503,2021,2021-08-02,3801,2021-06-21,1104,2325,SOUTH,1,5,7,3801,0,0,0,,0,3B14A,"S VAN NESS AV","MISSION ST",0.00,,Y,A,-,N,,,,,,,,,,Y,3,0,1,3,A,-,16,24002,A,N,C,C,A,A,D,E,A,A,0,,,,,Y,,A,01,0,1,0,0,0,0,0,0,0,"- ","- ",,,"SAN FRANCISCO","SAN FRANCISCO",-122.41863250732422,37.773109436035156
9290558,2021,2021-07-30,3801,2021-06-17,1130,2315,MISSI,4,5,7,3801,0,0,0,,0,3D14C,"13TH ST","SOUTH VAN NESS AV",0.00,,Y,A,-,N,,,,,,,,,,N,4,0,1,2,A,-,04,21703,,N,C,D,A,A,H,-,A,A,0,,,,Y,Y,,F,55,0,0,1,0,0,0,0,0,0,"- ","- ",,,"SAN FRANCISCO","SAN FRANCISCO",-122.41777801513672,37.7696533203125
9290648,2021,2021-08-12,3801,2021-06-17,0910,2307,PARK,4,5,7,3801,0,0,0,,0,3F12A,"14TH ST","DIVISADERO ST",33.00,E,N,A,-,N,,,,,,,,,,,3,0,1,1,A,-,03,22350,,N,F,A,A,A,H,-,A,D,0,,Y,,,Y,,L,04,0,1,0,0,0,0,1,0,0,"- ","- ",,,"SAN FRANCISCO","SAN FRANCISCO",-122.43635559082031,37.767288208007812
9290649,2021,2021-08-09,3801,2021-06-19,1244,1377,INGLE,6,5,7,3801,0,0,0,,0,3H11C,"MISSION ST","SILVER AV",0.00,,Y,A,-,N,,,,,,,,,,N,4,0,1,2,A,-,09,21801,A,N,A,G,A,A,H,-,A,A,0,,Y,,,Y,,A,01,0,0,1,0,0,0,1,0,0,"- ","- ",,,"SAN FRANCISCO","SAN FRANCISCO",-122.43128204345703,37.728736877441406
9290650,2021,2021-08-09,3801,2021-06-17,1804,2268,INGLE,4,5,7,3801,0,0,0,,0,3H11D,"GENEBERN WY","BENTON ST",35.00,S,N,A,-,N,,,,,,,,,,Y,3,0,2,2,A,-,03,22350,,F,B,D,A,A,H,-,A,-,0,,,,,Y,,A,01,0,2,0,0,0,0,0,0,0,"- ","- ",,,"SAN FRANCISCO","SAN FRANCISCO",-122.42513275146484,37.732898712158203
9290651,2021,2021-08-09,3801,2021-06-18,1153,326,INGLE,5,5,7,3801,0,0,0,,0,3H16C,"GUERRERO ST","CESAR CHAVEZ",0.00,,Y,A,-,N,,,,,,,,,,Y,4,0,1,3,A,-,03,22350,,N,C,C,A,A,H,-,A,A,0,,,Y,,Y,Y,C,06,0,0,1,0,0,0,0,0,0,"- ","- ",,,"SAN FRANCISCO","SAN FRANCISCO",-122.4224853515625,37.748016357421875
9290652,2021,2021-08-09,3801,2021-06-21,0925,2374,INGLE,1,5,7,3801,0,0,0,,0,0H3,"ELLSWORTH ST","ALEMANY BL",33.00,N,N,A,-,N,,,,,,,,,,Y,4,0,1,2,A,-,05,21460,A,N,A,C,A,A,H,-,A,D,0,,,,,Y,,A,01,0,0,1,0,0,0,0,0,0,"- ","- ",,,"SAN FRANCISCO","SAN FRANCISCO",-122.41900634765625,37.732330322265625
9290653,2021,2021-08-09,3801,2021-06-20,1720,1544,CENTR,7,5,7,3801,0,0,0,,0,3A4D,"NORTH POINT","GRANT ST",165.00,,N,A,-,N,,,,,,,,,,N,4,0,1,2,A,-,08,22107,,N,B,G,A,A,H,-,A,D,0,,Y,,,Y,,L,04,0,0,1,0,0,0,1,0,0,"- ","- ",,,"SAN FRANCISCO","SAN FRANCISCO",-122.40888214111328,37.807182312011719
9290654,2021,2021-08-09,3801,2021-06-21,2131,1907,INGLE,1,5,7,3801,0,0,0,,0,3H16E,"GENEVA AV","PARIS ST",0.00,,Y,A,-,N,,,,,,,,,,Y,4,0,1,2,A,-,04,21703,,N,C,C,A,A,H,-,C,A,0,,,,,Y,,A,01,0,0,1,0,0,0,0,0,0,"- ","- ",,,"SAN FRANCISCO","SAN FRANCISCO",-122.43943023681641,37.715679168701172
9290655,2021,2021-08-09,3801,2021-06-22,0102,2237,SOUTH,2,5,7,3801,0,0,0,,0,3B12E,"5TH ST","MISSION ST",0.00,,Y,A,-,N,,,,,,,,,,N,4,0,1,2,A,-,03,22350,,N,C,C,A,A,H,-,C,A,0,,,,,Y,,A,01,0,0,1,0,0,0,0,0,0,"- ","- ",,,"SAN FRANCISCO","SAN FRANCISCO",-122.40648651123047,37.782737731933594
9290656,2021,2021-08-09,3801,2021-06-21,1730,1601,BAYVI,1,5,7,3801,0,0,0,,0,0C4,"SAN BRUNO AV","PAUL AV",0.00,,Y,A,-,N,,,,,,,,,,N,4,0,1,2,A,-,10,21950,A,F,G,B,B,A,H,-,A,A,0,Y,,,,Y,,A,01,0,0,1,0,1,0,0,0,0,"- ","- ",,,"SAN FRANCISCO","SAN FRANCISCO",-122.40205383300781,37.723922729492188
9290657,2021,2021-08-09,3801,2021-06-20,2030,1544,CENTR,7,5,7,3801,0,0,0,,0,3A4D,"WASHINGTON ST","SANSOME ST",0.00,,Y,A,-,N,,,,,,,,,,N,4,0,1,2,A,-,03,22350,A,N,D,B,F,A,H,-,B,D,0,Y,,,,Y,,M,94,0,0,1,0,1,0,0,0,0,"- ","- ",,,"SAN FRANCISCO","SAN FRANCISCO",-122.40164947509766,37.79571533203125