CASE_ID,ACCIDENT_YEAR,PROC_DATE,JURIS,COLLISION_DATE,COLLISION_TIME,OFFICER_ID,REPORTING_DISTRICT,DAY_OF_WEEK,CHP_SHIFT,POPULATION,CNTY_CITY_LOC,SPECIAL_COND,BEAT_TYPE,CHP_BEAT_TYPE,CITY_DIVISION_LAPD,CHP_BEAT_CLASS,BEAT_NUMBER,PRIMARY_RD,SECONDARY_RD,DISTANCE,DIRECTION,INTERSECTION,WEATHER_1,WEATHER_2,STATE_HWY_IND,CALTRANS_COUNTY,CALTRANS_DISTRICT,STATE_ROUTE,ROUTE_SUFFIX,POSTMILE_PREFIX,POSTMILE,LOCATION_TYPE,RAMP_INTERSECTION,SIDE_OF_HWY,TOW_AWAY,COLLISION_SEVERITY,NUMBER_KILLED,NUMBER_INJURED,PARTY_COUNT,PRIMARY_COLL_FACTOR,PCF_CODE_OF_VIOL,PCF_VIOL_CATEGORY,PCF_VIOLATION,PCF_VIOL_SUBSECTION,HIT_AND_RUN,TYPE_OF_COLLISION,MVIW,PED_ACTION,ROAD_SURFACE,ROAD_COND_1,ROAD_COND_2,LIGHTING,CONTROL_DEVICE,CHP_ROAD_TYPE,PEDESTRIAN_ACCIDENT,BICYCLE_ACCIDENT,MOTORCYCLE_ACCIDENT,TRUCK_ACCIDENT,NOT_PRIVATE_PROPERTY,ALCOHOL_INVOLVED,STWD_VEHTYPE_AT_FAULT,CHP_VEHTYPE_AT_FAULT,COUNT_SEVERE_INJ,COUNT_VISIBLE_INJ,COUNT_COMPLAINT_PAIN,COUNT_PED_KILLED,COUNT_PED_INJURED,COUNT_BICYCLIST_KILLED,COUNT_BICYCLIST_INJURED,COUNT_MC_KILLED,COUNT_MC_INJURED,PRIMARY_RAMP,SECONDARY_RAMP,LATITUDE,LONGITUDE,COUNTY,CITY,POINT_X,POINT_Y
9294558,2021,2021-08-06,3801,2021-06-24,1158,1931,SOUTH,4,5,7,3801,0,0,0,,0,3B13C,"BRANNAN ST","8TH ST",0.00,,Y,A,-,N,,,,,,,,,,N,4,0,1,2,A,-,04,21703,,N,C,C,A,A,H,-,A,A,0,,,,,Y,,A,01,0,0,1,0,0,0,0,0,0,"- ","- ",,,"SAN FRANCISCO","SAN FRANCISCO",-122.40543365478516,37.771289825439453
9294559,2021,2021-08-12,3801,2021-06-24,1211,1118,SOUTH,4,5,7,3801,0,0,0,,0,3B13C,"8TH ST","BRYANT ST",0.00,,Y,A,-,N,,,,,,,,,,N,4,0,4,3,A,-,12,21453,A,M,D,C,A,A,H,-,A,A,0,,,,,Y,,-,"- ",0,0,4,0,0,0,0,0,0,"- ","- ",,,"SAN FRANCISCO","SAN FRANCISCO",-122.406982421875,37.772514343261719
9294560,2021,2021-08-12,3801,2021-06-20,0910,4307,NORTH,7,5,7,3801,0,0,0,,0,3E12A,"GEARY BL","DIVISADERO ST",0.00,,Y,A,-,N,,,,,,,,,,Y,4,0,3,2,A,-,12,21453,A,N,D,C,A,A,H,-,A,A,0,,,,,Y,,A,01,0,0,3,0,0,0,0,0,0,"- ","- ",,,"SAN FRANCISCO","SAN FRANCISCO",-122.43947601318359,37.783359527587891
9294561,2021,2021-08-09,3801,2021-06-19,1543,1848,PARK,6,5,7,3801,0,0,0,,0,003,"STANYAN ST","HAIGHT ST",46.00,N,N,A,-,N,,,,,,,,,,N,4,0,1,1,A,-,03,22350,,N,F,A,A,A,H,-,A,D,0,,,Y,,Y,,C,02,0,0,1,0,0,0,0,0,1,"- ","- ",,,"SAN FRANCISCO","SAN FRANCISCO",-122.45355224609375,37.769275665283203
9294562,2021,2021-08-03,3801,2021-06-18,1135,2147,NORTH,5,5,7,3801,0,0,0,,0,3E11A,"HAYES ST","STEINER ST",305.00,W,N,A,-,N,,,,,,,,,,Y,2,0,2,2,A,-,03,22350,,N,C,C,A,A,H,-,A,D,0,,,,,Y,,A,01,1,0,1,0,0,0,0,0,0,"- ","- ",,,"SAN FRANCISCO","SAN FRANCISCO",-122.43387603759766,37.775485992431641
9294563,2021,2021-08-03,3801,2021-06-18,1200,2439,CENTR,5,5,7,3801,0,0,0,,0,3A13C,"MARKET ST","SPEAR ST",0.00,,Y,A,-,N,,,,,,,,,,N,2,0,1,1,A,-,03,22350,,N,-,A,A,A,A,-,A,D,0,,Y,,,Y,,L,04,1,0,0,0,0,0,1,0,0,"- ","- ",,,"SAN FRANCISCO","SAN FRANCISCO",-122.39572906494141,37.793754577636719
9294564,2021,2021-08-03,3801,2021-06-15,1215,392,MISSI,2,5,7,3801,0,0,0,,0,3D14A,"MISSION ST","19TH ST",150.00,N,N,A,-,N,,,,,,,,,,N,3,0,1,2,A,-,07,21658,A,F,B,C,A,A,H,-,A,D,0,,,,,Y,,A,01,0,1,0,0,0,0,0,0,0,"- ","- ",,,"SAN FRANCISCO","SAN FRANCISCO",-122.41925811767578,37.760631561279297
9294565,2021,2021-08-03,3801,2021-06-16,1800,2111,MISSI,3,5,7,3801,0,0,0,,0,3D15D,"PORTOLA DR","CLIPPER ST",0.00,,Y,A,-,N,,,,,,,,,,Y,2,0,1,2,A,-,08,22107,,N,D,C,A,A,H,-,A,A,0,,,,,Y,,A,01,1,0,0,0,0,0,0,0,0,"- ","- ",,,"SAN FRANCISCO","SAN FRANCISCO",-122.44483947753906,37.746936798095703
9294566,2021,2021-08-03,3801,2021-06-16,2122,970,SOUTH,3,5,7,3801,0,0,0,,0,0B2,"3RD ST","BRYANT ST",0.00,,Y,A,-,N,,,,,,,,,,Y,3,0,2,2,A,-,12,21453,A,F,D,C,A,A,H,-,C,A,0,,,,,Y,,A,01,0,2,0,0,0,0,0,0,0,"- ","- ",,,"SAN FRANCISCO","SAN FRANCISCO",-122.39585113525391,37.781307220458984
9294567,2021,2021-08-03,3801,2021-06-18,2139,2463,SOUTH,5,5,7,3801,0,0,0,,0,3B5E,"GOUGH ST","HAIGHT ST",0.00,,Y,A,-,N,,,,,,,,,,N,3,0,1,2,D,-,00,,,N,B,G,A,A,H,-,C,A,0,,Y,,,Y,,-,"- ",0,1,0,0,0,0,1,0,0,"- ","- ",,,"SAN FRANCISCO","SAN FRANCISCO",-122.42219543457031,37.773162841796875
9294568,2021,2021-08-03,3801,2021-06-16,0554,1442,NORTH,3,5,7,3801,0,0,0,,0,3E13E,"OAK ST","BUCHANAN ST",0.00,,Y,A,-,N,,,,,,,,,,N,3,0,1,2,A,-,08,22107,,N,B,C,A,A,H,-,A,A,0,,,Y,,Y,,A,01,0,1,0,0,0,0,0,0,1,"- ","- ",,,"SAN FRANCISCO","SAN FRANCISCO",-122.42754364013672,37.774402618408203
9294569,2021,2021-08-03,3801,2021-06-15,1400,4046,INGLE,2,5,7,3801,0,0,0,,0,3H5C,"MISSION ST","OCEAN AV",0.00,,Y,A,-,N,,,,,,,,,,N,4,0,1,2,A,-,09,21801,A,N,D,C,A,A,H,-,A,A,0,,,,,Y,,A,01,0,0,1,0,0,0,0,0,0,"- ","- ",,,"SAN FRANCISCO","SAN FRANCISCO",-122.43540954589844,37.723888397216797
9294570,2021,2021-08-03,3801,2021-06-17,1240,2495,BAYVI,4,5,7,3801,0,0,0,,0,3C15A,"3RD ST","MARIN AV",130.00,S,N,A,-,N,,,,,,,,,,N,3,0,2,1,A,-,08,22107,,N,E,I,A,A,H,-,A,A,0,,,,,Y,,A,01,0,1,1,0,0,0,0,0,0,"- ","- ",,,"SAN FRANCISCO","SAN FRANCISCO",-122.3875732421875,37.748653411865234
9294571,2021,2021-08-03,3801,2021-06-16,0702,1500,CENTR,3,5,7,3801,0,0,0,,0,3A14A,BROADWAY,"COLUMBUS AV",0.00,,Y,A,-,N,,,,,,,,,,N,4,0,1,2,A,-,08,22100,A,N,B,C,A,A,H,-,A,A,0,,,,,Y,,A,01,0,0,1,0,0,0,0,0,0,"- ","- ",,,"SAN FRANCISCO","SAN FRANCISCO",-122.40663909912109,37.797893524169922
9294573,2021,2021-08-03,3801,2021-06-16,1742,397,BAYVI,3,5,7,3801,0,0,0,,0,03C,"3RD ST","CESAR CHAVEZ ST",0.00,,Y,A,-,N,,,,,,,,,,N,4,0,1,2,A,-,03,22350,,N,C,C,A,A,H,-,A,A,0,,,,,Y,,A,01,0,0,1,0,0,0,0,0,0,"- ","- ",,,"SAN FRANCISCO","SAN FRANCISCO",-122.38768768310547,37.750228881835938
9294574,2021,2021-08-03,3801,2021-06-16,0834,6,TENDE,3,5,7,3801,0,0,0,,0,3J13A,"EDDY ST","LARKIN ST",0.00,,Y,A,-,N,,,,,,,,,,,4,0,1,2,A,-,12,21453,A,F,D,C,A,A,H,-,A,A,0,,,,,Y,,A,07,0,0,1,0,0,0,0,0,0,"- ","- ",,,"SAN FRANCISCO","SAN FRANCISCO",-122.41751861572266,37.783294677734375
9294575,2021,2021-08-03,3801,2021-06-19,2120,1308,SOUTH,6,5,7,3801,0,0,0,,0,3B14E,"7TH ST","BRYANT ST",0.00,,Y,A,-,N,,,,,,,,,,Y,4,0,1,2,A,-,12,21453,A,N,D,C,A,-,H,-,C,A,0,,,,,Y,,A,01,0,0,1,0,0,0,0,0,0,"- ","- ",,,"SAN FRANCISCO","SAN FRANCISCO",-122.40485382080078,37.774375915527344
9294576,2021,2021-08-03,3801,2021-06-15,1803,893,INGLE,2,5,7,3801,0,0,0,,0,3H11D,"MISSION ST","30TH ST",0.00,,Y,A,-,N,,,,,,,,,,N,4,0,1,2,A,-,12,21453,A,N,D,D,A,A,H,-,B,A,0,,,,,Y,,A,07,0,0,1,0,0,0,0,0,0,"- ","- ",,,"SAN FRANCISCO","SAN FRANCISCO",-122.42195892333984,37.742389678955078
9294577,2021,2021-08-03,3801,2021-06-16,0208,4125,RICHM,3,5,7,3801,0,0,0,,0,3G12E,"GEARY BL","18TH AV",0.00,,Y,A,-,N,,,,,,,,,,Y,3,0,2,3,A,-,12,21453,A,N,D,C,A,A,H,-,C,A,0,,,,,Y,,A,01,0,1,1,0,0,0,0,0,0,"- ","- ",,,"SAN FRANCISCO","SAN FRANCISCO",-122.47724914550781,37.780487060546875
9294578,2021,2021-08-03,3801,2021-06-10,1652,2447,TENDE,4,5,7,3801,0,0,0,,0,003,"HYDE ST","FULTON ST",0.00,,Y,A,-,N,,,,,,,,,,N,4,0,1,2,A,-,00,21954,,N,G,-,E,A,H,-,A,A,0,Y,,,,Y,,N,60,0,0,1,0,1,0,0,0,0,"- ","- ",,,"SAN FRANCISCO","SAN FRANCISCO",-122.41513061523438,37.779811859130859
9294579,2021,2021-08-03,3801,2021-06-20,1226,1118,SOUTH,7,5,7,3801,0,0,0,,0,3B13C,"KING ST","3RD ST",120.00,E,N,A,-,N,,,,,,,,,,N,3,0,1,1,A,-,03,22350,,N,-,A,A,A,H,-,A,D,0,,Y,,,Y,,L,04,0,1,0,0,0,0,1,0,0,"- ","- ",,,"SAN FRANCISCO","SAN FRANCISCO",-122.39165496826172,37.778430938720703
9294580,2021,2021-08-03,3801,2021-06-19,2316,367,CENTR,6,5,7,3801,0,0,0,,0,,"MASON ST","BAY ST",0.00,,Y,A,-,N,,,,,,,,,,Y,4,0,1,4,A,-,03,22350,,F,D,C,A,A,H,-,C,D,0,,,,,Y,,A,01,0,0,1,0,0,0,0,0,0,"- ","- ",,,"SAN FRANCISCO","SAN FRANCISCO",-122.41358947753906,37.805633544921875
9295561,2021,2021-08-17,3801,2021-06-25,1339,4027,BAYVI,5,5,7,3801,0,0,0,,0,3C13A,"3RD ST","THORNTON AV",0.00,,Y,A,-,N,,,,,,,,,,Y,4,0,2,2,A,-,03,22350,,N,D,C,A,A,G,H,A,A,0,,,,,Y,,A,01,0,0,2,0,0,0,0,0,0,"- ","- ",,,"SAN FRANCISCO","SAN FRANCISCO",-122.39225006103516,37.730628967285156
9295562,2021,2021-08-06,3801,2021-06-29,1351,1804,TARAV,2,5,7,3801,0,0,0,,0,3IN5B,"SAN JOSE AV","SICKLES AV",0.00,,Y,B,-,N,,,,,,,,,,Y,4,0,3,2,A,-,09,21453,C,N,D,C,A,-,H,-,A,A,0,,,,,Y,,A,01,0,0,3,0,0,0,0,0,0,"- ","- ",,,"SAN FRANCISCO","SAN FRANCISCO",-122.45581817626953,37.71124267578125
9295563,2021,2021-08-04,3801,2021-06-24,2115,1350,BAYVI,4,5,7,3801,0,0,0,,0,3C12E,"MARIN ST","BAY SHORE BL",0.00,,Y,A,-,N,,,,,,,,,,N,4,0,1,2,A,-,08,22107,,F,D,G,A,A,H,-,C,A,0,,Y,,,Y,,A,07,0,0,1,0,0,0,1,0,0,"- ","- ",,,"SAN FRANCISCO","SAN FRANCISCO",-122.40351867675781,37.748123168945312
9295566,2021,2021-08-04,3801,2021-06-30,1005,1129,TARAV,3,5,7,3801,0,0,0,,0,005,"LAKE MERCED BL","BROTHERHOOD WY",131.00,N,N,B,C,N,,,,,,,,,,N,4,0,3,2,A,-,03,22350,,N,D,C,A,B,H,-,A,D,0,,,,,Y,,A,01,0,0,3,0,0,0,0,0,0,"- ","- ",,,"SAN FRANCISCO","SAN FRANCISCO",-122.4852294921875,37.715080261230469
9295567,2021,2021-08-04,3801,2021-06-17,2126,2745,BAYVI,4,5,7,3801,0,0,0,,0,3C12E,"PAUL AV","CRANE ST",0.00,,Y,A,-,N,,,,,,,,,,N,4,0,1,1,C,-,18,,,N,H,J,A,A,B,G,C,D,0,,,,,Y,,-,"- ",0,0,1,0,0,0,0,0,0,"- ","- ",,,"SAN FRANCISCO","SAN FRANCISCO",-122.39923095703125,37.723220825195312
9295568,2021,2021-08-12,3801,2021-06-16,1752,204,TENDE,3,5,7,3801,0,0,0,,0,3JI3D,LARKIN,"MCALLISTER ST",0.00,,Y,A,-,N,,,,,,,,,,N,4,0,1,2,A,-,09,21801,A,N,B,C,A,A,H,-,A,A,0,,,,,Y,,-,"- ",0,0,1,0,0,0,0,0,0,"- ","- ",,,"SAN FRANCISCO","SAN FRANCISCO",-122.41693878173828,37.780498504638672
9295569,2021,2021-08-04,3801,2021-06-19,0236,1982,CENTR,6,5,7,3801,0,0,0,,0,3A12E,"MONTGOMERY ST","PINE ST",0.00,,Y,A,-,N,,,,,,,,,,Y,2,0,4,2,A,-,12,21453,A,N,D,C,A,A,H,-,C,A,0,,,,,Y,,A,01,1,1,2,0,0,0,0,0,0,"- ","- ",,,"SAN FRANCISCO","SAN FRANCISCO",-122.40254974365234,37.791919708251953
9295570,2021,2021-08-17,3801,2021-06-18,0725,4375,TRAFF,5,5,7,3801,0,0,0,,0,4B1F,"MONTEREY BL","DIAMOND ST",13.00,W,N,A,-,N,,,,,,,,,,Y,4,0,2,3,A,-,03,22350,,N,C,E,A,A,H,-,A,A,0,,,,,Y,,A,01,0,0,2,0,0,0,0,0,0,"- ","- ",,,"SAN FRANCISCO","SAN FRANCISCO",-122.43454742431641,37.732475280761719
9295571,2021,2021-08-04,3801,2021-06-23,1505,1574,NORTH,3,5,7,3801,0,0,0,,0,3E15D,"VAN NESS AV","UNION ST",0.00,,Y,A,-,N,,,,,,,,,,Y,3,0,2,3,A,-,08,22107,,N,B,C,A,A,H,-,A,A,0,,,,,Y,,A,01,0,1,1,0,0,0,0,0,0,"- ","- ",,,"SAN FRANCISCO","SAN FRANCISCO",-122.42391967773438,37.798561096191406
9295572,2021,2021-08-06,3801,2021-06-23,1418,2085,TENDE,3,5,7,3801,0,0,0,,0,3J12A,"SHANNON ST","OFARRELL ST",20.00,S,N,A,G,N,,,,,,,,,,N,3,0,1,2,-,-,"- ",,,N,G,B,E,A,H,-,A,D,0,Y,,,,Y,,-,"- ",0,1,0,0,1,0,0,0,0,"- ","- ",,,"SAN FRANCISCO","SAN FRANCISCO",-122.41213226318359,37.785911560058594
9295573,2021,2021-08-06,3801,2021-06-22,2124,910,TENDE,2,5,7,3801,0,0,0,,0,3J13E,"EDDY ST","HYDE ST",0.00,,N,A,-,N,,,,,,,,,,N,4,0,1,2,A,-,08,22100,5,N,H,J,A,A,H,-,C,D,0,,,,,Y,,A,01,0,0,1,0,0,0,0,0,0,"- ","- ",,,"SAN FRANCISCO","SAN FRANCISCO",-122.41588592529297,37.783512115478516
9295574,2021,2021-08-06,3801,2021-06-22,1406,1422,TRAFF,2,5,7,3801,0,0,0,,0,04B,"JERROLD AV","UPTON ST",29.00,E,N,A,-,N,,,,,,,,,,Y,2,0,1,3,A,-,08,22107,,F,A,C,A,A,H,-,A,D,0,,,Y,,Y,,A,01,1,0,0,0,0,0,0,0,1,"- ","- ",,,"SAN FRANCISCO","SAN FRANCISCO",-122.40023803710938,37.74493408203125
9295575,2021,2021-08-06,3801,2021-06-21,1626,202,TRAFF,1,5,7,3801,0,0,0,,0,4B4J,"BEACH ST","COLUMBUS AV",4.00,W,N,A,-,N,,,,,,,,,,N,2,0,1,2,A,-,10,21950,A,F,G,B,B,A,H,-,A,D,0,Y,,,,Y,Y,A,07,1,0,0,0,1,0,0,0,0,"- ","- ",,,"SAN FRANCISCO","SAN FRANCISCO",-122.41957092285156,37.806766510009766
9295576,2021,2021-08-06,3801,2021-06-21,1204,537,NORTH,1,5,7,3801,0,0,0,,0,3F14C,DIVISADERO,"OAK ST",0.00,,Y,A,-,N,,,,,,,,,,N,4,0,1,2,A,-,03,22350,,N,C,C,A,A,H,-,A,D,0,,,,,Y,,A,01,0,0,1,0,0,0,0,0,0,"- ","- ",,,"SAN FRANCISCO","SAN FRANCISCO",-122.43743133544922,37.773143768310547
9295577,2021,2021-08-06,3801,2021-06-16,0755,1846,TENDE,3,5,7,3801,0,0,0,,0,3J13A,"MCALLISTER ST","LARKIN ST",0.00,,Y,A,-,N,,,,,,,,,,N,3,0,2,2,A,-,11,21453,D,N,G,B,B,A,H,-,A,A,0,Y,,Y,,Y,,N,60,0,1,1,0,1,0,0,0,1,"- ","- ",,,"SAN FRANCISCO","SAN FRANCISCO",-122.41693878173828,37.780498504638672
9295578,2021,2021-08-06,3801,2021-06-16,0623,796,NORTH,3,5,7,3801,0,0,0,,0,3E13A,"FILLMORE ST","HAIGHT ST",0.00,,Y,A,-,N,,,,,,,,,,N,2,0,1,2,A,-,06,21750,A,F,B,C,A,A,H,-,A,A,0,,,Y,,Y,,A,01,1,0,0,0,0,0,0,0,1,"- ","- ",,,"SAN FRANCISCO","SAN FRANCISCO",-122.43045043945312,37.772117614746094
9295579,2021,2021-08-06,3801,2021-06-15,1714,2111,MISSI,2,5,7,3801,0,0,0,,0,3D15D,"FOLSOM ST","19TH ST",0.00,,Y,A,-,N,,,,,,,,,,Y,3,0,1,2,A,-,12,21453,A,N,D,C,A,A,H,-,A,A,0,,,,,Y,,A,08,0,1,0,0,0,0,0,0,0,"- ","- ",,,"SAN FRANCISCO","SAN FRANCISCO",-122.41481781005859,37.760490417480469
9295580,2021,2021-08-06,3801,2021-06-11,2141,1336,NORTH,5,5,7,3801,0,0,0,,0,0E4,"POST ST","STEINER ST",0.00,,Y,A,-,N,,,,,,,,,,Y,4,0,2,2,A,-,12,21453,A,F,D,C,A,A,H,-,C,A,0,,,,,Y,,A,01,0,0,2,0,0,0,0,0,0,"- ","- ",,,"SAN FRANCISCO","SAN FRANCISCO",-122.43472290039062,37.784942626953125
9295581,2021,2021-07-30,3801,2021-06-07,1545,426,NORTH,1,5,7,3801,0,0,0,,0,3E3D,"GEARY ST","POLK ST",0.00,,Y,A,-,N,,,,,,,,,,,4,0,1,2,A,-,08,22107,,N,B,C,A,A,H,-,A,A,0,,,Y,,Y,,A,01,0,0,1,0,0,0,0,0,1,"- ","- ",,,"SAN FRANCISCO","SAN FRANCISCO",-122.41973876953125,37.785896301269531
9295582,2021,2021-08-06,3801,2021-06-07,1512,2215,NORTH,1,5,7,3801,0,0,0,,0,3E12D,"VAN NESS AV","JACKSON ST",0.00,,Y,A,-,N,,,,,,,,,,Y,3,0,3,2,A,-,09,21801,A,N,F,C,A,A,D,-,A,A,0,,,,,Y,,A,01,0,1,2,0,0,0,0,0,0,"- ","- ",,,"SAN FRANCISCO","SAN FRANCISCO",-122.42299652099609,37.793941497802734
9295584,2021,2021-07-30,3801,2021-06-06,1922,4300,NORTH,7,5,7,3801,0,0,0,,0,3CAR,"VAN NESS AV","GOLDEN GATE AV",15.00,N,N,A,-,N,,,,,,,,,,N,2,0,1,2,A,-,06,21750,,N,B,C,A,A,D,-,A,D,0,,Y,,,Y,,L,04,1,0,0,0,0,0,1,0,0,"- ","- ",,,"SAN FRANCISCO","SAN FRANCISCO",-122.42040252685547,37.781070709228516
9295585,2021,2021-07-30,3801,2021-06-06,1616,2094,MISSI,7,5,7,3801,0,0,0,,0,003,"SOUTH VAN NESS AV","19TH ST",144.00,S,N,A,-,N,,,,,,,,,,Y,4,0,1,3,A,-,01,23152,A,N,B,E,A,A,H,-,A,A,0,,,,,Y,Y,A,01,0,0,1,0,0,0,0,0,0,"- ","- ",,,"SAN FRANCISCO","SAN FRANCISCO",-122.41702270507812,37.759963989257812
9295586,2021,2021-07-30,3801,2021-06-06,1730,1911,RICHM,7,5,7,3801,0,0,0,,0,03G,"PRESIDIO ST","CLAY ST",0.00,,Y,A,-,N,,,,,,,,,,N,4,0,1,2,A,-,12,22450,A,N,D,G,A,A,H,-,A,A,0,,Y,,,Y,,A,01,0,0,1,0,0,0,1,0,0,"- ","- ",,,"SAN FRANCISCO","SAN FRANCISCO",-122.44715881347656,37.789073944091797
9295587,2021,2021-07-30,3801,2021-06-07,1110,4023,MISSI,1,5,7,3801,0,0,0,,0,3D45C,"MISSION ST","18TH ST",0.00,,-,A,-,N,,,,,,,,,,Y,4,0,1,2,A,-,10,21950,A,F,G,B,B,A,H,-,A,D,0,Y,,,,Y,,A,01,0,0,1,0,1,0,0,0,0,"- ","- ",,,"SAN FRANCISCO","SAN FRANCISCO",-122.41936492919922,37.7618408203125
9295590,2021,2021-08-09,3801,2021-06-07,1100,1129,TARAV,1,5,7,3801,0,0,0,,0,005,"OCEAN AV","LAGUNITAS DR",57.00,W,N,A,-,N,,,,,,,,,,N,4,0,1,2,-,-,"- ",,,N,D,G,A,A,H,-,A,D,0,,Y,,,Y,,-,"- ",0,0,1,0,0,0,1,0,0,"- ","- ",,,"SAN FRANCISCO","SAN FRANCISCO",-122.474365234375,37.732185363769531
9295591,2021,2021-08-02,3801,2021-06-07,0859,892,SOUTH,1,5,7,3801,0,0,0,,0,0B4,"9TH ST","9TH ST 264",0.00,,-,A,-,N,,,,,,,,,,N,4,0,2,2,A,-,03,22350,,N,C,C,A,A,H,-,A,A,0,,,,,Y,,A,01,0,0,2,0,0,0,0,0,0,"- ","- ",,,"SAN FRANCISCO","SAN FRANCISCO",-117.93258666992188,33.794254302978516
9295592,2021,2021-07-30,3801,2021-06-09,0845,481,TARAV,3,5,7,3801,0,0,0,,0,3I4A,"SANTIAGO ST","31ST AV",0.00,,Y,A,-,N,,,,,,,,,,Y,4,0,1,2,A,-,09,21802,A,N,D,C,A,A,H,-,A,D,0,,,,,Y,,A,01,0,0,1,0,0,0,0,0,0,"- ","- ",,,"SAN FRANCISCO","SAN FRANCISCO",-122.48867034912109,37.744354248046875
9295593,2021,2021-08-11,3801,2021-06-12,1517,2408,MISSI,6,5,7,3801,0,0,0,,0,3D11D,"24TH ST","GUERRERO ST",0.00,,Y,A,-,N,,,,,,,,,,N,4,0,2,2,A,-,00,23107,,N,D,C,A,A,H,-,A,A,0,,,,,Y,,A,01,0,0,2,0,0,0,0,0,0,"- ","- ",,,"SAN FRANCISCO","SAN FRANCISCO",-122.42286682128906,37.752002716064453
9295594,2021,2021-07-30,3801,2021-06-14,1540,2113,SOUTH,1,5,7,3801,0,0,0,,0,3B14D,"MISSION ST","11TH ST",60.00,,N,A,-,N,,,,,,,,,,N,4,0,1,2,A,-,08,22107,,N,B,C,A,A,H,-,A,D,0,,,,,Y,,A,01,0,0,1,0,0,0,0,0,0,"- ","- ",,,"SAN FRANCISCO","SAN FRANCISCO",-122.41709899902344,37.774330139160156
9295595,2021,2021-07-30,3801,2021-06-11,2213,2342,NORTH,5,5,7,3801,0,0,0,,0,3E16D,"VAN NESS AV","GREENWICH ST",0.00,,Y,A,-,N,,,,,,,,,,Y,4,0,1,2,A,-,09,21801,A,N,D,C,A,A,D,-,C,C,0,,,,,Y,,A,01,0,0,1,0,0,0,0,0,0,"- ","- ",,,"SAN FRANCISCO","SAN FRANCISCO",-122.42430877685547,37.800422668457031
9295596,2021,2021-07-30,3801,2021-06-25,2159,2391,SOUTH,5,5,7,3801,0,0,0,,0,3B12E,"THE EMBARCADERO SOUTH","BRANNAN ST",120.00,S,N,A,-,N,,,,,,,,,,N,3,0,1,2,D,-,00,,,N,B,-,A,A,H,-,C,D,0,,Y,,,Y,,-,"- ",0,1,0,0,0,0,1,0,0,"- ","- ",,,"SAN FRANCISCO","SAN FRANCISCO",-122.38821411132812,37.784450531005859
9295597,2021,2021-07-30,3801,2021-06-28,1415,4267,TARAV,1,5,7,3801,0,0,0,,0,3I41,"18TH AV","IRVING ST",12.00,W,N,A,-,N,,,,,,,,,,N,4,0,2,2,A,-,21,22106,,N,C,C,A,A,H,-,A,D,0,,,,,Y,,A,01,0,0,2,0,0,0,0,0,0,"- ","- ",,,"SAN FRANCISCO","SAN FRANCISCO",-122.47605133056641,37.76361083984375
9295598,2021,2021-07-30,3801,2021-06-30,0950,1342,NORTH,3,5,7,3801,0,0,0,,0,3E4A,"CALIFORNIA ST","BUCHANAN ST",0.00,,Y,A,-,N,,,,,,,,,,N,4,0,1,2,A,-,10,21950,A,N,G,-,B,A,-,-,A,A,0,Y,,,,Y,,A,01,0,0,1,0,1,0,0,0,0,"- ","- ",,,"SAN FRANCISCO","SAN FRANCISCO",-122.4305419921875,37.789306640625
9295599,2021,2021-07-30,3801,2021-06-30,0700,2709,PARK,3,5,7,3801,0,0,0,,0,3F13D,"POST ST","POST ST 2355",0.00,,-,B,-,N,,,,,,,,,,N,4,0,1,2,A,-,09,21801,,N,D,G,A,B,H,-,A,D,0,,Y,,,Y,,A,01,0,0,1,0,0,0,1,0,0,"- ","- ",,,"SAN FRANCISCO","SAN FRANCISCO",-122.40245819091797,37.789054870605469
9295600,2021,2021-07-30,3801,2021-06-29,0654,1297,BAYVI,2,5,7,3801,0,0,0,,0,3C13A,"SELBY ST","EVANS AV",105.00,S,N,A,-,N,,,,,,,,,,N,4,0,2,2,A,-,08,22107,,N,A,C,A,A,H,-,A,A,0,,,,,Y,Y,A,01,0,0,2,0,0,0,0,0,0,"- ","- ",,,"SAN FRANCISCO","SAN FRANCISCO",-122.39427185058594,37.745937347412109
9295635,2021,2021-08-02,3801,2021-06-12,1724,1166,TARAV,6,5,7,3801,0,0,0,,0,3I15D,"LAKE MERCED BL","HIGUERA AV",380.00,E,N,B,-,N,,,,,,,,,,N,4,0,1,3,A,-,03,22350,,N,C,C,A,A,H,-,A,A,0,,,,,Y,,D,22,0,0,1,0,0,0,0,0,0,"- ","- ",,,"SAN FRANCISCO","SAN FRANCISCO",-122.48509979248047,37.718311309814453
9295639,2021,2021-08-06,3801,2021-06-13,0914,1657,BAYVI,7,5,7,3801,0,0,0,,0,901,"CONNECTICUT ST","25TH ST",46.00,N,N,A,-,N,,,,,,,,,,N,4,0,1,2,A,-,05,21651,B,N,A,C,A,A,H,-,A,D,0,,,,,Y,,A,01,0,0,1,0,0,0,0,0,0,"- ","- ",,,"SAN FRANCISCO","SAN FRANCISCO",-122.396484375,37.752445220947266
9295682,2021,2021-07-30,3801,2021-06-13,0846,2375,RICHM,7,5,7,3801,0,0,0,,0,3G1A,"34TH AV","CLEMENT ST",0.00,,-,B,-,N,,,,,,,,,,N,4,0,1,2,A,-,09,21801,A,N,D,G,A,B,H,-,A,D,0,,Y,,,Y,,A,07,0,0,1,0,0,0,1,0,0,"- ","- ",,,"SAN FRANCISCO","SAN FRANCISCO",-122.49449920654297,37.781566619873047