CASE_ID,ACCIDENT_YEAR,PROC_DATE,JURIS,COLLISION_DATE,COLLISION_TIME,OFFICER_ID,REPORTING_DISTRICT,DAY_OF_WEEK,CHP_SHIFT,POPULATION,CNTY_CITY_LOC,SPECIAL_COND,BEAT_TYPE,CHP_BEAT_TYPE,CITY_DIVISION_LAPD,CHP_BEAT_CLASS,BEAT_NUMBER,PRIMARY_RD,SECONDARY_RD,DISTANCE,DIRECTION,INTERSECTION,WEATHER_1,WEATHER_2,STATE_HWY_IND,CALTRANS_COUNTY,CALTRANS_DISTRICT,STATE_ROUTE,ROUTE_SUFFIX,POSTMILE_PREFIX,POSTMILE,LOCATION_TYPE,RAMP_INTERSECTION,SIDE_OF_HWY,TOW_AWAY,COLLISION_SEVERITY,NUMBER_KILLED,NUMBER_INJURED,PARTY_COUNT,PRIMARY_COLL_FACTOR,PCF_CODE_OF_VIOL,PCF_VIOL_CATEGORY,PCF_VIOLATION,PCF_VIOL_SUBSECTION,HIT_AND_RUN,TYPE_OF_COLLISION,MVIW,PED_ACTION,ROAD_SURFACE,ROAD_COND_1,ROAD_COND_2,LIGHTING,CONTROL_DEVICE,CHP_ROAD_TYPE,PEDESTRIAN_ACCIDENT,BICYCLE_ACCIDENT,MOTORCYCLE_ACCIDENT,TRUCK_ACCIDENT,NOT_PRIVATE_PROPERTY,ALCOHOL_INVOLVED,STWD_VEHTYPE_AT_FAULT,CHP_VEHTYPE_AT_FAULT,COUNT_SEVERE_INJ,COUNT_VISIBLE_INJ,COUNT_COMPLAINT_PAIN,COUNT_PED_KILLED,COUNT_PED_INJURED,COUNT_BICYCLIST_KILLED,COUNT_BICYCLIST_INJURED,COUNT_MC_KILLED,COUNT_MC_INJURED,PRIMARY_RAMP,SECONDARY_RAMP,LATITUDE,LONGITUDE,COUNTY,CITY,POINT_X,POINT_Y
9295683,2021,2021-07-30,3801,2021-06-11,1844,2355,TARAV,5,5,7,3801,0,0,0,,0,0I3,"SLOAT BL","45TH AV",85.00,W,N,A,-,N,,,,,,,,,,N,4,0,1,2,A,-,04,21703,,F,C,G,A,A,H,-,A,D,0,,Y,,,Y,Y,A,01,0,0,1,0,0,0,1,0,0,"- ","- ",,,"SAN FRANCISCO","SAN FRANCISCO",-122.50338745117188,37.735549926757812
9295684,2021,2021-08-02,3801,2021-06-11,1205,4335,NORTH,5,5,7,3801,0,0,0,,0,901,"FILLMORE ST","CLAY ST",0.00,,Y,A,-,N,,,,,,,,,,,2,0,1,4,A,-,12,22450,A,N,B,C,A,A,H,-,A,A,0,,,,,Y,,A,01,1,0,0,0,0,0,0,0,0,"- ","- ",,,"SAN FRANCISCO","SAN FRANCISCO",-122.43418884277344,37.790721893310547
9295685,2021,2021-07-30,3801,2021-06-12,0618,1978,BAYVI,6,5,7,3801,0,0,0,,0,001,"INDIANA ST","19TH ST",318.00,N,N,B,-,N,,,,,,,,,,Y,4,0,1,5,C,-,18,,,N,-,E,A,A,H,-,A,A,0,,,,,Y,,-,"- ",0,0,1,0,0,0,0,0,0,"- ","- ",,,"SAN FRANCISCO","SAN FRANCISCO",-122.39161682128906,37.762462615966797
9295686,2021,2021-07-30,3801,2021-06-13,1344,4370,NORTH,7,5,7,3801,0,0,0,,0,3E45C,"WILLOW ST","POLK ST",76.00,W,N,A,-,N,,,,,,,,,,N,3,0,1,2,A,-,21,22106,,F,G,B,E,A,G,-,A,D,0,Y,,,,Y,,A,01,0,1,0,0,1,0,0,0,0,"- ","- ",,,"SAN FRANCISCO","SAN FRANCISCO",-122.41951751708984,37.783527374267578
9295687,2021,2021-08-04,3801,2021-06-11,1130,724,TARAV,5,5,7,3801,0,0,0,,0,3I1B,"SAGAMORE ST","SICKLES AV",0.00,,Y,A,-,N,,,,,,,,,,Y,3,0,4,2,A,-,08,22101,D,N,D,C,A,A,H,-,A,A,0,,,,,Y,,A,01,0,1,3,0,0,0,0,0,0,"- ","- ",,,"SAN FRANCISCO","SAN FRANCISCO",-122.45581817626953,37.71124267578125
9295688,2021,2021-08-03,3801,2021-06-13,1640,4314,RICHM,7,5,7,3801,0,0,0,,0,0G2,"FULTON ST","WILLARD NORTH ST",0.00,,Y,B,-,N,,,,,,,,,,Y,4,0,2,2,A,-,12,22450,A,N,D,C,A,A,H,-,A,A,0,,,,,Y,,A,01,0,0,2,0,0,0,0,0,0,"- ","- ",,,"SAN FRANCISCO","SAN FRANCISCO",-122.456298828125,37.774539947509766
9295689,2021,2021-07-30,3801,2021-06-10,1837,1931,SOUTH,4,5,7,3801,0,0,0,,0,3B13C,"BRYANT ST","RINCON ST",0.00,,Y,A,-,N,,,,,,,,,,N,4,0,1,2,A,-,09,21800,A,N,B,C,A,A,H,-,A,A,0,,,Y,,Y,,A,01,0,0,1,0,0,0,0,0,1,"- ","- ",,,"SAN FRANCISCO","SAN FRANCISCO",-122.39212799072266,37.784233093261719
9295690,2021,2021-07-30,3801,2021-06-16,0721,1250,SOUTH,3,5,7,3801,0,0,0,,0,3B14A,"17TH ST","WISCONSIN ST",0.00,,Y,A,-,N,,,,,,,,,,N,3,0,1,2,A,-,09,21801,A,N,A,G,A,A,H,-,A,D,0,,Y,,,Y,,A,01,0,1,0,0,0,0,1,0,0,"- ","- ",,,"SAN FRANCISCO","SAN FRANCISCO",-122.39967346191406,37.764972686767578
9295691,2021,2021-08-02,3801,2021-06-15,2140,1451,NORTH,2,5,7,3801,0,0,0,,0,3E12E,"VAN NESS AV","FELL ST",0.00,,Y,A,-,N,,,,,,,,,,Y,3,0,1,2,A,-,01,23152,F,M,D,C,A,A,D,-,C,A,0,,,,,Y,,A,01,0,1,0,0,0,0,0,0,0,"- ","- ",,,"SAN FRANCISCO","SAN FRANCISCO",-122.41950225830078,37.776382446289062
9295692,2021,2021-08-02,3801,2021-06-10,2219,1454,NORTH,4,5,7,3801,0,0,0,,0,3E15E,"VAN NESS AV","BAY ST",0.00,,Y,A,-,N,,,,,,,,,,Y,4,0,2,2,A,-,08,22107,,N,D,C,A,A,H,-,C,A,0,,,,,Y,,-,,0,0,2,0,0,0,0,0,0,"- ","- ",,,"SAN FRANCISCO","SAN FRANCISCO",-122.42514801025391,37.804130554199219
9295693,2021,2021-08-12,3801,2021-06-05,1913,1994,TRAFF,6,5,7,3801,0,0,0,,0,4B3G,"MIDDLE POINT RD","CATALINA ST",0.00,,Y,A,-,N,,,,,,,,,,Y,2,0,4,3,A,-,12,22450,A,N,A,C,A,A,H,-,A,A,0,,,,,Y,,A,01,1,1,2,0,0,0,0,0,0,"- ","- ",,,"SAN FRANCISCO","SAN FRANCISCO",-122.37942504882812,37.736278533935547
9295694,2021,2021-08-02,3801,2021-06-08,1807,890,BAYVI,2,5,7,3801,0,0,0,,0,BAYVIE,"HUDSON AV","WHITNEY YOUNG CIR",0.00,,Y,A,-,N,,,,,,,,,,Y,4,0,1,1,A,-,03,22350,A,N,A,I,A,A,H,-,A,A,0,,,,,Y,,A,01,0,0,1,0,0,0,0,0,0,"- ","- ",,,"SAN FRANCISCO","SAN FRANCISCO",-122.38227844238281,37.733608245849609
9295695,2021,2021-08-02,3801,2021-06-08,0552,865,MISSI,2,5,7,3801,0,0,0,,0," COD","DIVISION ST","BRYANT ST",0.00,,Y,A,G,N,,,,,,,,,,N,3,0,1,2,A,-,08,22101,D,F,G,J,A,A,H,-,A,A,0,,,Y,,Y,,A,01,0,1,0,0,0,0,0,0,1,"- ","- ",,,"SAN FRANCISCO","SAN FRANCISCO",-122.41082000732422,37.769309997558594
9295696,2021,2021-08-02,3801,2021-06-07,2045,1909,NORTH,1,5,7,3801,0,0,0,,0,NORTHE,"BUCHANAN ST","NORTH POINT ST",10.00,W,N,A,-,N,,,,,,,,,,N,4,0,1,2,A,-,17,22517,,N,E,G,A,A,H,-,B,D,0,,Y,,,Y,,A,01,0,0,1,0,0,0,1,0,0,"- ","- ",,,"SAN FRANCISCO","SAN FRANCISCO",-122.43351745605469,37.804058074951172
9295697,2021,2021-08-17,3801,2021-06-07,1940,2186,NORTH,1,5,7,3801,0,0,0,,0,001,"DIVISADERO ST","HAIGHT ST",0.00,,Y,A,-,N,,,,,,,,,,N,4,0,1,2,A,-,12,21453,A,N,D,-,A,A,H,-,A,A,0,,,,,Y,,-,,0,0,1,0,0,0,0,0,0,"- ","- ",,,"SAN FRANCISCO","SAN FRANCISCO",-122.43704223632812,37.771270751953125
9295698,2021,2021-08-02,3801,2021-06-07,1752,1436,MISSI,1,5,7,3801,0,0,0,,0,3D13D,"FOLSOM ST","22ND ST",102.00,S,N,A,-,N,,,,,,,,,,N,3,0,1,2,A,-,08,22107,,N,B,C,A,A,H,-,A,D,0,,,,,Y,,A,01,0,1,0,0,0,0,0,0,0,"- ","- ",,,"SAN FRANCISCO","SAN FRANCISCO",-122.41436767578125,37.755439758300781
9295699,2021,2021-08-02,3801,2021-06-07,1751,2397,NORTH,1,5,7,3801,0,0,0,,0,3E11D,"POLK ST","BROADWAY ST",0.00,,Y,A,-,N,,,,,,,,,,N,4,0,1,2,A,-,00,20002,A,M,E,I,-,A,H,-,A,A,0,Y,,,,Y,,A,01,0,0,1,0,1,0,0,0,0,"- ","- ",,,"SAN FRANCISCO","SAN FRANCISCO",-122.42176055908203,37.795940399169922
9295738,2021,2021-10-28,3801,2021-06-28,1550,1909,NORTH,1,5,7,3801,0,0,0,,0,NORTH,"BEACH ST","SCOTT ST",0.00,,Y,A,-,N,,,,,,,,,,Y,2,0,1,3,C,-,18,,,N,A,C,A,A,H,-,A,D,0,,,,,Y,,-,"- ",1,0,0,0,0,0,0,0,0,"- ","- ",,,"SAN FRANCISCO","SAN FRANCISCO",-122.44194793701172,37.803924560546875
9295834,2021,2021-09-04,3801,2021-05-21,1051,4313,RICHM,5,5,7,3801,0,0,0,,0,0G3,"SACRAMENTO ST","BRODERICK ST",0.00,,Y,A,-,N,,,,,,,,,,N,3,0,1,2,A,-,11,21954,A,N,G,B,E,A,H,-,A,D,0,Y,,,,Y,,N,60,0,1,0,0,1,0,0,0,0,"- ","- ",,,"SAN FRANCISCO","SAN FRANCISCO",-122.44229125976562,37.788787841796875
9296001,2021,2021-08-09,3801,2021-06-06,2256,1225,NORTH,7,5,7,3801,0,0,0,,0,3E13E,"LOMBARD ST","VAN NESS AV",0.00,,Y,A,-,N,,,,,,,,,,N,4,0,1,2,A,-,12,21453,A,F,D,C,A,A,H,-,C,A,0,,,,,Y,,-,,0,0,1,0,0,0,0,0,0,"- ","- ",,,"SAN FRANCISCO","SAN FRANCISCO",-122.42446899414062,37.80133056640625
9296002,2021,2021-08-02,3801,2021-06-26,1418,4001,MISSI,6,5,7,3801,0,0,0,,0,3D11C,"16TH ST","S VAN NESS AV",0.00,,Y,A,-,N,,,,,,,,,,Y,4,0,1,2,A,-,12,21453,A,N,D,C,A,A,H,-,A,A,0,,,,,Y,,A,01,0,0,1,0,0,0,0,0,0,"- ","- ",,,"SAN FRANCISCO","SAN FRANCISCO",-122.41748809814453,37.765178680419922
9296003,2021,2021-08-09,3801,2021-06-17,1931,2731,RICHM,4,5,7,3801,0,0,0,,0,,"47TH AV","ANZA ST",0.00,,Y,A,-,N,,,,,,,,,,N,4,0,1,2,A,-,10,21950,,N,G,B,B,A,H,-,A,D,0,Y,,,,Y,,A,01,0,0,1,0,1,0,0,0,0,"- ","- ",,,"SAN FRANCISCO","SAN FRANCISCO",-122.50812530517578,37.777069091796875
9297215,2021,2021-08-23,3801,2021-04-07,0209,2481,SOUTH,3,5,7,3801,0,0,0,,0,004,"11TH ST","HARRISON ST",0.00,,Y,A,-,N,,,,,,,,,,Y,4,0,1,2,A,-,12,21453,A,N,A,-,A,A,-,-,C,A,0,,,,,Y,,A,01,0,0,1,0,0,0,0,0,0,"- ","- ",,,"SAN FRANCISCO","SAN FRANCISCO",-122.41246795654297,37.770633697509766
9297254,2021,2021-09-09,3801,2021-07-15,0034,402,TARAV,4,5,7,3801,0,0,0,,0,3I1E,"TARAVAL ST","17TH AV",0.00,,Y,A,-,N,,,,,,,,,,N,4,0,1,2,A,-,12,22450,,N,B,B,E,B,H,-,C,D,0,Y,,,,Y,,I,11,0,0,1,0,1,0,0,0,0,"- ","- ",,,"SAN FRANCISCO","SAN FRANCISCO",-122.47356414794922,37.743148803710938
9297257,2021,2021-09-08,3801,2021-07-12,2220,2094,MISSI,1,5,7,3801,0,0,0,,0,15E,"MARKET ST","NOE ST",0.00,,Y,A,-,N,,,,,,,,,,Y,4,0,1,2,A,-,03,22350,,N,D,C,A,A,H,-,C,A,0,,,Y,,Y,,C,02,0,0,1,0,0,0,0,0,1,"- ","- ",,,"SAN FRANCISCO","SAN FRANCISCO",-122.43313598632812,37.764244079589844
9297258,2021,2021-09-09,3801,2021-07-16,2244,483,MISSI,5,5,7,3801,0,0,0,,0,002,"CHURCH ST","26TH ST",0.00,,Y,A,-,N,,,,,,,,,,Y,4,0,1,2,A,-,12,22450,A,N,D,C,A,A,H,-,C,A,0,,,,,Y,,D,22,0,0,1,0,0,0,0,0,0,"- ","- ",,,"SAN FRANCISCO","SAN FRANCISCO",-122.42713928222656,37.748500823974609
9297261,2021,2021-09-09,3801,2021-07-12,1633,4047,MISSI,1,5,7,3801,0,0,0,,0,3D41D,"MARKET ST","SANCHEZ ST",300.00,W,N,A,-,N,,,,,,,,,,N,4,0,1,2,A,-,04,21703,,N,C,C,A,A,H,-,A,D,0,,,,Y,Y,,F,26,0,0,1,0,0,0,0,0,0,"- ","- ",,,"SAN FRANCISCO","SAN FRANCISCO",-122.43173217773438,37.765388488769531
9297270,2021,2021-09-09,3801,2021-07-12,0400,1243,PARK,1,5,7,3801,0,0,0,,0,3F12E,"WOODSIDE DR",HERNANDEZ,0.00,,Y,E,-,N,,,,,,,,,,N,4,0,1,2,A,-,00,23103,A,N,C,D,A,B,H,-,C,A,0,,,,,Y,,I,11,0,0,1,0,0,0,0,0,0,"- ","- ",,,"SAN FRANCISCO","SAN FRANCISCO",-122.45548248291016,37.746349334716797
9297273,2021,2021-09-13,3801,2021-07-14,1505,4358,EMPTY,3,5,7,3801,0,0,0,,0,001,"EVANS AV","EVANS AV 2090",0.00,,-,A,-,N,,,,,,,,,,N,4,0,2,2,A,-,04,21703,,N,C,C,A,A,H,-,A,A,0,,,,Y,Y,Y,F,55,0,0,2,0,0,0,0,0,0,"- ","- ",,,"SAN FRANCISCO","SAN FRANCISCO",,
9297277,2021,2021-09-24,3801,2021-07-14,1553,1194,SOUTH,3,5,7,3801,0,0,0,,0,0B4,"MISSION ST","9TH ST",0.00,,Y,A,-,N,,,,,,,,,,,3,0,1,2,A,-,09,21804,A,N,D,G,A,A,-,-,A,A,0,,Y,,,Y,Y,L,04,0,1,0,0,0,0,1,0,0,"- ","- ",,,"SAN FRANCISCO","SAN FRANCISCO",-122.41471862792969,37.776241302490234
9297623,2021,2021-08-05,3801,2021-06-22,1835,2113,SOUTH,2,5,7,3801,0,0,0,,0,3B13D,"8TH ST","MINNA ST",0.00,,Y,A,-,N,,,,,,,,,,N,4,0,1,2,A,-,09,21800,A,N,D,G,A,A,H,-,A,D,0,,Y,,,Y,,L,04,0,0,1,0,0,0,1,0,0,"- ","- ",,,"SAN FRANCISCO","SAN FRANCISCO",-122.41259765625,37.777050018310547
9297624,2021,2021-08-05,3801,2021-06-22,1740,4023,MISSI,2,5,7,3801,0,0,0,,0,004,"24TH ST","HARRISON ST",70.00,W,N,A,-,N,,,,,,,,,,N,4,0,1,2,A,-,04,21703,,F,C,G,A,A,H,-,A,D,0,,Y,,,Y,,A,07,0,0,1,0,0,0,1,0,0,"- ","- ",,,"SAN FRANCISCO","SAN FRANCISCO",-122.41213226318359,37.752632141113281
9297625,2021,2021-08-05,3801,2021-06-22,1213,283,MISSI,2,5,7,3801,0,0,0,,0,03D,"FOLSOM ST","18TH ST",335.00,S,N,A,-,N,,,,,,,,,,N,4,0,1,2,A,-,09,21801,A,N,D,G,A,A,H,-,A,A,0,,Y,,,Y,Y,L,04,0,0,1,0,0,0,1,0,0,"- ","- ",,,"SAN FRANCISCO","SAN FRANCISCO",-122.41488647460938,37.761184692382812
9297637,2021,2021-08-05,3801,2021-06-18,1333,1062,MISSI,5,5,7,3801,0,0,0,,0,,"HARRISON ST","19TH ST",15.00,S,N,A,-,N,,,,,,,,,,N,4,0,1,2,A,-,10,21950,A,F,B,B,B,A,H,-,A,D,0,Y,,,,Y,,A,01,0,0,1,0,1,0,0,0,0,"- ","- ",,,"SAN FRANCISCO","SAN FRANCISCO",-122.41268920898438,37.760608673095703
9297638,2021,2021-08-05,3801,2021-06-18,2110,2407,MISSI,5,5,7,3801,0,0,0,,0,,"14TH ST","S VAN NES AV",0.00,,Y,A,-,N,,,,,,,,,,Y,4,0,1,2,A,-,12,21453,A,N,D,C,A,-,H,-,C,A,0,,,,,Y,,A,01,0,0,1,0,0,0,0,0,0,"- ","- ",,,"SAN FRANCISCO","SAN FRANCISCO",-122.41780090332031,37.768417358398438
9297639,2021,2021-08-05,3801,2021-06-14,1603,1217,MISSI,1,5,7,3801,0,0,0,,0,1CAR,"VALENCIA ST","DUBOCE AV",0.00,,Y,A,-,N,,,,,,,,,,N,4,0,1,2,A,-,08,22101,D,N,A,G,A,A,H,-,A,A,0,,Y,,,Y,,A,01,0,0,1,0,0,0,1,0,0,"- ","- ",,,"SAN FRANCISCO","SAN FRANCISCO",-122.42236328125,37.769866943359375
9297640,2021,2021-08-05,3801,2021-06-22,1001,283,MISSI,2,5,7,3801,0,0,0,,0,0D4,"CESAR CHAVEZ ST","S VAN NESS AV",0.00,,Y,A,-,N,,,,,,,,,,N,4,0,1,2,A,-,17,21209,A,N,B,C,A,A,H,-,A,A,0,,,Y,,Y,,C,02,0,0,1,0,0,0,0,0,1,"- ","- ",,,"SAN FRANCISCO","SAN FRANCISCO",-122.41593170166016,37.748260498046875
9297720,2021,2021-09-13,3801,2021-07-20,1306,1886,TENDE,2,5,7,3801,0,0,0,,0,3J97C,"MARKET ST","MARKET ST 945",0.00,,-,A,-,N,,,,,,,,,,N,4,0,1,2,A,-,08,22107,,N,H,-,A,A,H,-,A,D,0,,Y,,,Y,,L,04,0,0,1,0,0,0,1,0,0,"- ","- ",,,"SAN FRANCISCO","SAN FRANCISCO",,
9297732,2021,2021-09-13,3801,2021-07-18,1820,1225,NORTH,7,5,7,3801,0,0,0,,0,3E14E,"GEARY BL","SCOTT ST",0.00,,Y,A,-,N,,,,,,,,,,N,4,0,1,2,A,-,08,22107,,N,D,C,A,A,H,-,A,A,0,,,,,Y,,A,01,0,0,1,0,0,0,0,0,0,"- ","- ",,,"SAN FRANCISCO","SAN FRANCISCO",-122.43785095214844,37.783790588378906
9297736,2021,2021-09-11,3801,2021-07-18,1230,1693,BAYVI,7,5,7,3801,0,0,0,,0,901,"SILLIMAN ST","SAN BURNO AV",31.00,W,N,A,-,N,,,,,,,,,,Y,3,0,1,3,A,-,06,21750,A,F,G,B,E,A,H,-,A,D,0,Y,,,,Y,Y,D,23,0,1,0,0,1,0,0,0,0,"- ","- ",,,"SAN FRANCISCO","SAN FRANCISCO",-122.40522003173828,37.731204986572266
92996753,2024,2024-07-31,9335,2024-07-24,1555,023832,,3,2,7,3801,0,1,2,,2,013,"US-101 N/B","CORTLAND AVENUE UNDERCROSSING",475.00,S,N,A,-,Y,SF,,101," "," ",2.184,H,,R,Y,4,0,2,4,A,-,03,22350,,N,C,C,A,A,H,-,A,D,0,,,,,Y,,D,22,0,0,2,0,0,0,0,0,0,"- ","- ",37.738288879394531,-122.40801239013672,"SAN FRANCISCO","SAN FRANCISCO",-122.40795135498047,37.738292694091797
9300063,2021,2021-09-02,3801,2021-06-17,1925,257,TENDE,4,5,7,3801,0,0,0,,0,3J12D,"LEAVENWORTH ST","ELLIS ST",0.00,,Y,A,-,N,,,,,,,,,,Y,2,0,1,2,A,-,03,22350,,F,G,B,D,A,H,-,A,A,0,Y,,,,Y,,A,01,1,0,0,0,1,0,0,0,0,"- ","- ",,,"SAN FRANCISCO","SAN FRANCISCO",-122.41442108154297,37.784671783447266
9300064,2021,2021-08-27,3801,2021-06-22,2300,628,RICHM,2,5,7,3801,0,0,0,,0,0G4,"PARK PRESIDIO DR","CROSSOVER DR",165.00,N,N,A,-,N,,,,,,,,,,Y,4,0,1,2,A,-,05,21651,B,N,A,C,A,A,H,-,C,D,0,,,,,Y,,A,01,0,0,1,0,0,0,0,0,0,"- ","- ",,,"SAN FRANCISCO","SAN FRANCISCO",-122.47945404052734,37.771629333496094
9300065,2021,2021-08-27,3801,2021-06-25,2232,2463,SOUTH,5,5,7,3801,0,0,0,,0,3B13E,"BRYANT ST","HARRIET ST",0.00,,Y,A,-,N,,,,,,,,,,N,3,0,2,2,A,-,09,21804,A,N,D,C,A,A,H,-,C,D,0,,,,,Y,,A,01,0,1,1,0,0,0,0,0,0,"- ","- ",,,"SAN FRANCISCO","SAN FRANCISCO",-122.40305328369141,37.775619506835938
9300066,2021,2021-08-27,3801,2021-06-11,2147,4178,TRAFF,5,5,7,3801,0,0,0,,0,4B3A,"THE EMBARCADERO SOUTH","HOWARD ST",15.00,S,N,A,-,N,,,,,,,,,,N,2,0,1,2,A,-,03,22350,,N,C,C,A,A,H,-,C,A,0,,,Y,,Y,,C,02,1,0,0,0,0,0,0,0,1,"- ","- ",,,"SAN FRANCISCO","SAN FRANCISCO",-122.39118194580078,37.792289733886719
9300067,2021,2021-08-27,3801,2021-06-12,1115,1917,TARAV,6,5,7,3801,0,0,0,,0,3I16A,"JUNIPERO SERRA BL","19TH AV",1500.00,S,N,A,-,N,,,,,,,,,,N,4,0,2,2,A,-,03,22350,,N,C,C,A,A,H,-,A,D,0,,,,,Y,,A,01,0,0,2,0,0,0,0,0,0,"- ","- ",,,"SAN FRANCISCO","SAN FRANCISCO",-122.47144317626953,37.713191986083984
9300068,2021,2021-08-27,3801,2021-06-12,1154,859,TENDE,6,5,7,3801,0,0,0,,0,03J,"HYDE ST","ELLIS ST",0.00,,Y,A,-,N,,,,,,,,,,N,4,0,1,2,A,-,09,21801,A,N,D,C,A,A,-,-,A,A,0,,,Y,,Y,,C,02,0,0,1,0,0,0,0,0,1,"- ","- ",,,"SAN FRANCISCO","SAN FRANCISCO",-122.41606140136719,37.784446716308594
9300502,2021,2021-08-10,3801,2021-06-17,1540,334,BAYVI,4,5,7,3801,0,0,0,,0,0C4,"SAN BRUNO AV","WAYLAND ST",0.00,,Y,A,-,N,,,,,,,,,,N,3,0,1,2,B,-,22,,,N,B,C,A,A,H,-,A,D,0,,,Y,,Y,,C,02,0,1,0,0,0,0,0,0,1,"- ","- ",,,"SAN FRANCISCO","SAN FRANCISCO",-122.40312194824219,37.726444244384766
9301681,2021,2021-10-05,3801,2021-05-21,1114,707,TRAFF,5,5,7,3801,0,0,0,,0,4BID,"HYDE ST","CALIFORNIA ST",0.00,,Y,A,-,N,,,,,,,,,,Y,1,1,0,4,A,-,12,21453,A,N,D,C,A,A,H,-,-,A,0,,,Y,,Y,,C,02,0,0,0,0,0,0,0,1,0,"- ","- ",,,"SAN FRANCISCO","SAN FRANCISCO",-122.41740417480469,37.790992736816406
9301682,2021,2021-10-05,3801,2021-05-28,2122,2047,SOUTH,5,5,7,3801,0,0,0,,0,5Z105,"16TH ST","FOLSOM ST",150.00,E,N,A,-,N,,,,,,,,,,N,1,1,0,2,D,-,00,,,F,G,B,-,A,H,-,C,D,0,Y,,,,Y,,-,"- ",0,0,0,1,0,0,0,0,0,"- ","- ",,,"SAN FRANCISCO","SAN FRANCISCO",-122.41477966308594,37.765342712402344
9301690,2021,2021-10-11,3801,2021-07-29,2132,4119,TRAFF,4,5,7,3801,0,0,0,,0,4B3K,"TREASURE ISLAND RD","MACALLA RD",486.00,N,N,A,-,N,,,,,,,,,,N,1,1,0,2,D,-,00,,,F,G,B,E,A,D,-,C,D,0,Y,,,,Y,,-,"- ",0,0,0,1,0,0,0,0,0,"- ","- ",,,"SAN FRANCISCO","SAN FRANCISCO",-122.37088775634766,37.8135986328125
9301691,2021,2021-10-11,3801,2021-08-13,2214,379,TRAFF,5,5,7,3801,0,0,0,,0,4B109,"GENEVA AV","PRAGUE ST",704.00,E,N,A,-,N,,,,,,,,,,Y,1,1,1,2,A,-,21,22106,,N,D,C,A,A,H,-,C,D,0,,,Y,,Y,,A,01,0,0,1,0,0,0,0,1,0,"- ","- ",,,"SAN FRANCISCO","SAN FRANCISCO",-122.42960357666016,37.712299346923828
9301715,2021,2021-10-07,3801,2021-08-15,0150,1371,NORTH,7,5,7,3801,0,0,0,,0,002,"GEARY BL","STEINER ST",0.00,,Y,A,-,N,,,,,,,,,,Y,1,1,0,1,A,-,05,21651,A,N,E,I,A,A,H,-,C,A,0,,,Y,,Y,,C,02,0,0,0,0,0,0,0,1,0,"- ","- ",,,"SAN FRANCISCO","SAN FRANCISCO",-122.43457794189453,37.784320831298828
9301716,2021,2021-10-07,3801,2021-08-15,0242,4130,,7,5,7,3801,0,0,0,,0,5Z103,"MARKET ST","4TH ST",300.00,W,N,F,-,N,,,,,,,,,,N,1,1,0,1,A,-,03,22350,,N,H,I,A,B,H,-,C,-,0,,,,,Y,,M,94,0,0,0,0,0,0,0,0,0,"- ","- ",,,"SAN FRANCISCO","SAN FRANCISCO",-122.40662384033203,37.785114288330078
9301719,2021,2021-10-07,3801,2021-09-08,2312,1766,TRAFF,3,5,7,3801,0,0,0,,0,4B103,"MASON ST","EDDY ST",6.00,N,N,A,-,N,,,,,,,,,,Y,1,1,0,2,A,-,08,22101,D,N,B,C,A,A,H,-,C,A,0,,,Y,,Y,,C,02,0,0,0,0,0,0,0,1,0,"- ","- ",,,"SAN FRANCISCO","SAN FRANCISCO",-122.4093017578125,37.784397125244141
9301723,2021,2021-10-07,3801,2021-09-18,2242,2459,,6,5,7,3801,0,0,0,,0,3D12E,"DOLORES ST","20TH ST",102.00,N,N,B,-,N,,,,,,,,,,N,1,1,0,2,A,-,08,22107,,N,B,G,A,A,H,-,C,D,0,,Y,,,Y,,L,04,0,0,0,0,0,1,0,0,0,"- ","- ",,,"SAN FRANCISCO","SAN FRANCISCO",-122.42585754394531,37.758487701416016
9301840,2021,2021-10-05,3801,2021-05-18,1859,1435,NORTH,2,5,7,3801,0,0,0,,0,4B4I,"POLK ST","HAYES ST",0.00,,Y,A,-,N,,,,,,,,,,Y,1,1,5,4,A,-,12,21453,A,F,D,C,B,A,H,-,A,A,0,Y,,,,Y,,A,07,1,2,2,1,1,0,0,0,0,"- ","- ",,,"SAN FRANCISCO","SAN FRANCISCO",-122.41803741455078,37.777507781982422
9303758,2021,2021-09-16,3801,2021-07-15,1747,2150,TARAV,4,5,7,3801,0,0,0,,0,3I11D,"18TH AV","LAWTON ST",0.00,,Y,B,-,N,,,,,,,,,,,4,0,1,2,A,-,09,21801,,N,D,C,A,A,H,-,A,A,0,,,,Y,Y,,F,26,0,0,1,0,0,0,0,0,0,"- ","- ",,,"SAN FRANCISCO","SAN FRANCISCO",-122.47566223144531,37.757987976074219
9303861,2021,2021-09-02,3801,2021-06-29,1715,1307,MISSI,2,5,7,3801,0,0,0,,0,3D11D,"MARKET ST","BUCHANAN ST",0.00,,Y,A,-,N,,,,,,,,,,N,2,0,1,2,A,-,03,22350,,N,D,C,A,A,H,-,A,A,0,,,,,Y,,M,94,1,0,0,0,0,0,0,0,0,"- ","- ",,,"SAN FRANCISCO","SAN FRANCISCO",-122.42650604248047,37.769630432128906
93050986,2024,2024-07-31,9335,2024-07-14,"20  ",023593,,7,3,7,3801,0,1,1,,1,081,"I-80 WESTBOUND TO 5TH STREET","5TH STREET",228.00,E,N,A,-,Y,SF,,80," "," ",4.873,H,,L,N,4,0,1,1,A,-,01,23152,A,N,E,I,A,A,H,-,C,D,0,,,,,Y,Y,D,22,0,0,1,0,0,0,0,0,0,"- ","- ",37.778999328613281,-122.40087127685547,"SAN FRANCISCO","SAN FRANCISCO",-122.40084075927734,37.778976440429688