CASE_ID,ACCIDENT_YEAR,PROC_DATE,JURIS,COLLISION_DATE,COLLISION_TIME,OFFICER_ID,REPORTING_DISTRICT,DAY_OF_WEEK,CHP_SHIFT,POPULATION,CNTY_CITY_LOC,SPECIAL_COND,BEAT_TYPE,CHP_BEAT_TYPE,CITY_DIVISION_LAPD,CHP_BEAT_CLASS,BEAT_NUMBER,PRIMARY_RD,SECONDARY_RD,DISTANCE,DIRECTION,INTERSECTION,WEATHER_1,WEATHER_2,STATE_HWY_IND,CALTRANS_COUNTY,CALTRANS_DISTRICT,STATE_ROUTE,ROUTE_SUFFIX,POSTMILE_PREFIX,POSTMILE,LOCATION_TYPE,RAMP_INTERSECTION,SIDE_OF_HWY,TOW_AWAY,COLLISION_SEVERITY,NUMBER_KILLED,NUMBER_INJURED,PARTY_COUNT,PRIMARY_COLL_FACTOR,PCF_CODE_OF_VIOL,PCF_VIOL_CATEGORY,PCF_VIOLATION,PCF_VIOL_SUBSECTION,HIT_AND_RUN,TYPE_OF_COLLISION,MVIW,PED_ACTION,ROAD_SURFACE,ROAD_COND_1,ROAD_COND_2,LIGHTING,CONTROL_DEVICE,CHP_ROAD_TYPE,PEDESTRIAN_ACCIDENT,BICYCLE_ACCIDENT,MOTORCYCLE_ACCIDENT,TRUCK_ACCIDENT,NOT_PRIVATE_PROPERTY,ALCOHOL_INVOLVED,STWD_VEHTYPE_AT_FAULT,CHP_VEHTYPE_AT_FAULT,COUNT_SEVERE_INJ,COUNT_VISIBLE_INJ,COUNT_COMPLAINT_PAIN,COUNT_PED_KILLED,COUNT_PED_INJURED,COUNT_BICYCLIST_KILLED,COUNT_BICYCLIST_INJURED,COUNT_MC_KILLED,COUNT_MC_INJURED,PRIMARY_RAMP,SECONDARY_RAMP,LATITUDE,LONGITUDE,COUNTY,CITY,POINT_X,POINT_Y
9313244,2021,2021-09-09,3801,2021-07-08,1053,311,PARK,4,5,7,3801,0,0,0,,0,3F13A,"COLE ST","RIVOLI ST",98.00,N,N,A,-,N,,,,,,,,,,N,3,0,1,1,A,-,03,22350,,N,E,I,A,A,H,-,A,D,0,,,,,Y,,A,01,0,1,0,0,0,0,0,0,0,"- ","- ",,,"SAN FRANCISCO","SAN FRANCISCO",-122.44934844970703,37.762775421142578
9313245,2021,2021-09-09,3801,2021-07-08,1134,2466,RICHM,4,5,7,3801,0,0,0,,0,TWO2,"BUSH ST","PRESIDIO AV",0.00,,Y,A,-,N,,,,,,,,,,Y,4,0,1,2,A,-,09,21801,A,N,D,C,A,A,H,-,A,A,0,,,,,Y,,A,01,0,0,1,0,0,0,0,0,0,"- ","- ",,,"SAN FRANCISCO","SAN FRANCISCO",-122.44641876220703,37.785366058349609
9313246,2021,2021-09-09,3801,2021-07-02,1553,1967,TENDE,5,5,7,3801,0,0,0,,0,3J11A,"EDDY ST","LARKIN ST",0.00,,Y,A,-,N,,,,,,,,,,N,4,0,1,2,A,-,05,21651,A,M,B,C,A,A,H,-,A,A,0,,,,,Y,Y,A,01,0,0,1,0,0,0,0,0,0,"- ","- ",,,"SAN FRANCISCO","SAN FRANCISCO",-122.41751861572266,37.783294677734375
9313247,2021,2021-09-09,3801,2021-07-09,2500,362,RICHM,5,5,7,3801,0,0,0,,0,3G3,"FULTON ST","15TH AV",0.00,,Y,A,-,N,,,,,,,,,,N,4,0,1,2,A,-,09,21804,,N,D,C,A,A,H,-,A,A,0,,,Y,,Y,Y,A,01,0,0,1,0,0,0,0,0,1,"- ","- ",,,"SAN FRANCISCO","SAN FRANCISCO",-122.47344207763672,37.773063659667969
9313248,2021,2021-09-10,3801,2021-07-09,0910,1273,CENTR,5,5,7,3801,0,0,0,,0,,"ELLIS ST","POWELL ST",0.00,,Y,A,-,N,,,,,,,,,,N,4,0,1,2,A,-,21,22106,,M,H,C,A,A,H,-,A,A,0,,,,,Y,,A,01,0,0,1,0,0,0,0,0,0,"- ","- ",,,"SAN FRANCISCO","SAN FRANCISCO",-122.40782928466797,37.785499572753906
9313249,2021,2021-09-10,3801,2021-07-03,1403,80,RICHM,6,5,7,3801,0,0,0,,0,3G4C,"PARK PRESIDIO BL","GEARY BL",0.00,,Y,A,-,N,,,,,,,,,,N,4,0,1,5,A,-,03,22350,,N,C,C,A,-,H,-,A,A,0,,,,,Y,,A,07,0,0,1,0,0,0,0,0,0,"- ","- ",,,"SAN FRANCISCO","SAN FRANCISCO",-122.47234344482422,37.780723571777344
9313250,2021,2021-09-10,3801,2021-07-09,1015,2247,NORTH,5,5,7,3801,0,0,0,,0,03E,"CALIFORNIA ST","CALIFORNIA ST 1765",0.00,,-,-,-,N,,,,,,,,,,N,4,0,1,2,A,-,17,21235,G,M,D,J,A,A,H,-,A,D,0,,,,,Y,,M,94,0,0,1,0,0,0,0,0,0,"- ","- ",,,"SAN FRANCISCO","SAN FRANCISCO",-122.79540252685547,38.252620697021484
9313251,2021,2021-09-10,3801,2021-07-09,1527,1574,NORTH,5,5,7,3801,0,0,0,,0,3E12D,"GEARY BL","STEINER ST",0.00,,Y,A,-,N,,,,,,,,,,Y,4,0,1,2,A,-,12,21453,A,N,D,C,A,A,H,-,A,A,0,,,,,Y,,A,01,0,0,1,0,0,0,0,0,0,"- ","- ",,,"SAN FRANCISCO","SAN FRANCISCO",-122.43457794189453,37.784320831298828
9313253,2021,2021-09-10,3801,2021-07-05,1453,1512,BAYVI,1,5,7,3801,0,0,0,,0,0C5,"KEITH ST","SHAFTER AV",0.00,,Y,A,-,N,,,,,,,,,,Y,3,0,4,2,A,-,12,22450,A,N,D,C,A,A,H,-,A,A,0,,,,,Y,,A,01,0,2,2,0,0,0,0,0,0,"- ","- ",,,"SAN FRANCISCO","SAN FRANCISCO",-122.38887023925781,37.72998046875
9313254,2021,2021-09-10,3801,2021-07-17,0203,2179,CENTR,6,5,7,3801,0,0,0,,0,3A12D,"CALIFORNIA ST","TAYLOR ST",18.00,W,N,A,-,N,,,,,,,,,,Y,4,0,2,2,A,-,12,21453,A,N,D,E,A,A,H,-,C,D,0,,,,,Y,,A,01,0,0,2,0,0,0,0,0,0,"- ","- ",,,"SAN FRANCISCO","SAN FRANCISCO",-122.41252136230469,37.791603088378906
9313255,2021,2021-09-10,3801,2021-07-22,2122,1454,NORTH,4,5,7,3801,0,0,0,,0,3E15E,"FELL ST","PIERCE ST",0.00,,Y,A,-,N,,,,,,,,,,Y,2,0,1,2,A,-,17,21657,,N,A,C,A,A,H,-,C,A,0,,,Y,,Y,,A,01,1,0,0,0,0,0,0,0,1,"- ","- ",,,"SAN FRANCISCO","SAN FRANCISCO",-122.43429565429688,37.77447509765625
9313256,2021,2021-09-10,3801,2021-07-17,1959,335,,6,5,7,3801,0,0,0,,0,,"SARGENT ST","HEAD ST",0.00,,Y,A,-,N,,,,,,,,,,Y,4,0,3,2,A,-,12,22450,A,N,D,C,A,A,H,-,A,A,0,,,,,Y,,A,01,0,0,3,0,0,0,0,0,0,"- ","- ",,,"SAN FRANCISCO","SAN FRANCISCO",-122.46443176269531,37.716110229492188
9313257,2021,2021-09-10,3801,2021-07-02,1116,4307,NORTH,5,5,7,3801,0,0,0,,0,3E12A,"FILLMORE ST","EDDY ST",0.00,,Y,A,-,N,,,,,,,,,,Y,3,0,2,3,A,-,12,21453,A,F,D,C,A,A,H,-,A,A,0,,,,,Y,,A,01,0,1,1,0,0,0,0,0,0,"- ","- ",,,"SAN FRANCISCO","SAN FRANCISCO",-122.43231964111328,37.781425476074219
9313258,2021,2021-09-10,3801,2021-07-02,1236,231,BAYVI,5,5,7,3801,0,0,0,,0,901,"SAN BRUNO AV","MANSELL ST",0.00,,Y,A,-,N,,,,,,,,,,N,4,0,3,2,A,-,03,22350,,N,D,C,A,-,H,-,A,A,0,,,,,Y,,A,07,0,0,3,0,0,0,0,0,0,"- ","- ",,,"SAN FRANCISCO","SAN FRANCISCO",-122.401123046875,37.721637725830078
9313259,2021,2021-09-10,3801,2021-07-02,1642,1148,MISSI,5,5,7,3801,0,0,0,,0,3D11D,"19TH ST",VALENCIA,15.00,N,N,A,-,N,,,,,,,,,,N,3,0,1,1,A,-,08,22107,,N,G,B,A,A,H,-,A,A,0,,,,,Y,,M,94,0,1,0,0,0,0,0,0,0,"- ","- ",,,"SAN FRANCISCO","SAN FRANCISCO",-122.42134857177734,37.760112762451172
9313260,2021,2021-09-10,3801,2021-07-19,2210,4178,TRAFF,1,5,7,3801,0,0,0,,0,4B3A,"GUERRERO ST","DUBOCE AV",14.00,S,N,A,-,N,,,,,,,,,,N,3,0,1,2,A,-,11,21956,A,N,G,B,E,A,H,-,C,A,0,Y,,,,Y,,N,60,0,1,0,0,1,0,0,0,0,"- ","- ",,,"SAN FRANCISCO","SAN FRANCISCO",-122.42458343505859,37.769702911376953
9313261,2021,2021-09-03,3801,2021-07-12,1600,1511,BAYVI,1,5,7,3801,0,0,0,,0,,"BAYSHORE BL","FLOWER ST",0.00,,Y,A,-,N,,,,,,,,,,N,3,0,1,2,A,-,11,21954,A,N,B,C,A,A,H,-,A,D,0,,,,,Y,,-,,0,1,0,0,0,0,0,0,0,"- ","- ",,,"SAN FRANCISCO","SAN FRANCISCO",-122.40565490722656,37.742500305175781
9313262,2021,2021-09-03,3801,2021-07-14,0809,392,MISSI,3,5,7,3801,0,0,0,,0,3D14A,"FOLSOM ST","21ST ST",0.00,,Y,A,-,N,,,,,,,,,,Y,4,0,3,2,D,-,00,,,N,D,C,A,A,H,-,A,A,0,,,,,Y,,-,"- ",0,0,3,0,0,0,0,0,0,"- ","- ",,,"SAN FRANCISCO","SAN FRANCISCO",-122.41452026367188,37.757305145263672
9313263,2021,2021-09-03,3801,2021-07-14,1443,4023,MISSI,3,5,7,3801,0,0,0,,0,3D13C,"VALENCIA ST","25TH ST",7.00,S,N,A,-,N,,,,,,,,,,N,4,0,1,2,A,-,10,21950,A,N,G,B,B,A,H,-,A,A,0,Y,,,,Y,,A,01,0,0,1,0,1,0,0,0,0,"- ","- ",,,"SAN FRANCISCO","SAN FRANCISCO",-122.42049407958984,37.750492095947266
9313264,2021,2021-09-03,3801,2021-07-13,2016,2081,CENTR,2,5,7,3801,0,0,0,,0,004,"KEARNY ST","JACKSON ST",26.00,N,N,A,-,N,,,,,,,,,,N,3,0,1,2,A,-,05,21651,B,N,A,G,A,A,H,-,C,D,0,,Y,,,Y,,L,04,0,1,0,0,0,0,1,0,0,"- ","- ",,,"SAN FRANCISCO","SAN FRANCISCO",-122.4051513671875,37.796291351318359
9313265,2021,2021-09-03,3801,2021-07-13,2001,1194,SOUTH,2,5,7,3801,0,0,0,,0,0B2,"3RD ST","HOWARD ST",0.00,,Y,A,-,N,,,,,,,,,,N,4,0,1,2,A,-,09,21453,C,N,D,G,A,A,H,-,B,A,0,,Y,,,Y,Y,A,07,0,0,1,0,0,0,1,0,0,"- ","- ",,,"SAN FRANCISCO","SAN FRANCISCO",-122.40049743652344,37.785007476806641
9313266,2021,2021-09-03,3801,2021-07-12,1005,1540,TARAV,1,5,7,3801,0,0,0,,0,3I11A,"19TH AV","LAWTON ST",12.00,S,N,B,-,N,,,,,,,,,,N,4,0,1,2,A,-,03,22350,,M,G,B,E,A,H,-,A,A,0,Y,,,,Y,,A,01,0,0,1,0,1,0,0,0,0,"- ","- ",,,"SAN FRANCISCO","SAN FRANCISCO",-122.47669982910156,37.757907867431641
9313267,2021,2021-09-03,3801,2021-07-12,1355,640,MISSI,1,5,7,3801,0,0,0,,0,3D15C,"14TH ST","MISSION ST",0.00,,Y,A,-,N,,,,,,,,,,N,3,0,1,2,A,-,06,21760,C,N,H,G,A,A,H,-,A,A,0,,Y,,,Y,Y,A,07,0,1,0,0,0,0,1,0,0,"- ","- ",,,"SAN FRANCISCO","SAN FRANCISCO",-122.41996765136719,37.768291473388672
9313268,2021,2021-09-03,3801,2021-07-12,1230,2148,MISSI,1,5,7,3801,0,0,0,,0,3D44C,"CESAR CHAVEZ","MISSION ST",10.00,E,N,A,-,N,,,,,,,,,,N,4,0,1,2,A,-,03,22350,,M,C,C,A,A,H,-,A,A,0,,,,,Y,,-,99,0,0,1,0,0,0,0,0,0,"- ","- ",,,"SAN FRANCISCO","SAN FRANCISCO",-122.41816711425781,37.748218536376953
9313269,2021,2021-09-03,3801,2021-07-04,0127,1454,NORTH,7,5,7,3801,0,0,0,,0,3E15E,"LOMBARD ST","WEBSTER ST",0.00,,Y,A,-,N,,,,,,,,,,N,2,0,1,2,A,-,11,21453,D,N,G,B,B,B,H,-,C,A,0,Y,,,,Y,,N,60,1,0,0,0,1,0,0,0,0,"- ","- ",,,"SAN FRANCISCO","SAN FRANCISCO",-122.43438720703125,37.800064086914062
9313270,2021,2021-09-03,3801,2021-07-04,0308,2035,MISSI,7,5,7,3801,0,0,0,,0,3D91,"CAPP ST","20TH ST",214.00,N,N,A,-,N,,,,,,,,,,N,4,0,1,2,A,-,03,22350,,F,C,C,A,A,H,-,C,D,0,,,,,Y,,-,99,0,0,1,0,0,0,0,0,0,"- ","- ",,,"SAN FRANCISCO","SAN FRANCISCO",-122.41801452636719,37.759265899658203
9313272,2021,2021-09-03,3801,2021-07-03,2226,1982,CENTR,6,5,7,3801,0,0,0,,0,3A2,"MONTGOMERY ST","BUSH ST",0.00,,Y,A,-,N,,,,,,,,,,Y,4,0,1,2,A,-,00,22453,A,N,D,C,A,A,H,-,C,A,0,,,,,Y,,A,01,0,0,1,0,0,0,0,0,0,"- ","- ",,,"SAN FRANCISCO","SAN FRANCISCO",-122.40235900878906,37.790973663330078
9313273,2021,2021-09-08,3801,2021-07-06,1744,463,INGLE,2,5,7,3801,0,0,0,,0,3H11D,"MAYNARD ST","CRAUT ST",0.00,,Y,A,-,N,,,,,,,,,,Y,3,0,2,3,C,-,18,,,N,D,C,A,A,H,-,A,D,0,,,,,Y,,-,"- ",0,1,1,0,0,0,0,0,0,"- ","- ",,,"SAN FRANCISCO","SAN FRANCISCO",-122.42826080322266,37.729278564453125
9313274,2021,2021-09-03,3801,2021-07-06,1855,1666,PARK,2,5,7,3801,0,0,0,,0,4-CAR,"OAK ST","DIVISADERO ST",0.00,,Y,A,-,N,,,,,,,,,,N,4,0,1,2,A,-,08,22100,A,N,D,G,A,A,H,-,B,A,0,,Y,,,Y,,A,01,0,0,1,0,0,0,1,0,0,"- ","- ",,,"SAN FRANCISCO","SAN FRANCISCO",-122.43743133544922,37.773143768310547
9313275,2021,2021-09-03,3801,2021-07-06,1918,2195,NORTH,2,5,7,3801,0,0,0,,0,005,"LOMBARD ST","GOUGH ST",0.00,,Y,A,-,N,,,,,,,,,,Y,3,0,2,3,A,-,08,22107,,N,A,D,A,A,H,-,A,A,0,,,,,Y,,A,01,0,2,0,0,0,0,0,0,0,"- ","- ",,,"SAN FRANCISCO","SAN FRANCISCO",-122.42781829833984,37.800899505615234
9313276,2021,2021-09-03,3801,2021-07-03,1633,312,TARAV,6,5,7,3801,0,0,0,,0,1-CAR,"LINCOLN WY","17TH AV",0.00,,Y,A,-,N,,,,,,,,,,Y,4,0,1,2,A,-,09,21801,A,N,D,C,A,A,H,-,A,D,0,,,Y,,Y,,A,01,0,0,1,0,0,0,0,0,1,"- ","- ",,,"SAN FRANCISCO","SAN FRANCISCO",-122.47512054443359,37.765537261962891
9313277,2021,2021-09-03,3801,2021-07-05,2142,141,INGLE,1,5,7,3801,0,0,0,,0,3H16E,"VISITACION AV","MANSELL ST",0.00,,Y,B,-,N,,,,,,,,,,Y,4,0,2,1,A,-,03,22350,A,N,E,I,A,A,G,-,D,D,0,,,,,Y,,A,08,0,0,2,0,0,0,0,0,0,"- ","- ",,,"SAN FRANCISCO","SAN FRANCISCO",-122.41164398193359,37.718658447265625
9313278,2021,2021-09-03,3801,2021-07-05,2248,1351,MISSI,1,5,7,3801,0,0,0,,0,3D11E,"18TH ST","COLLINGWOOD ST",50.00,W,N,A,-,N,,,,,,,,,,N,4,0,1,1,A,-,03,22350,,N,F,A,A,A,H,-,C,D,0,,,,,Y,,M,94,0,0,1,0,0,0,0,0,0,"- ","- ",,,"SAN FRANCISCO","SAN FRANCISCO",-122.43627166748047,37.760807037353516
9313279,2021,2021-09-03,3801,2021-07-05,2353,1104,MISSI,1,5,7,3801,0,0,0,,0,3D13E,"GUERRERO ST","21ST ST",10.00,S,N,B,-,N,,,,,,,,,,Y,3,0,1,3,A,-,07,21658,A,N,C,E,A,A,H,-,C,D,0,,,,,Y,Y,A,01,0,1,0,0,0,0,0,0,0,"- ","- ",,,"SAN FRANCISCO","SAN FRANCISCO",-122.42332458496094,37.756763458251953
9313280,2021,2021-09-03,3801,2021-07-05,1941,1251,BAYVI,1,5,7,3801,0,0,0,,0,3C15D,"YOSEMITE AV","JENNINGS ST",0.00,,Y,A,-,N,,,,,,,,,,N,3,0,3,2,A,-,03,22350,,N,D,C,A,A,H,-,A,D,0,,,,,Y,,A,01,0,1,2,0,0,0,0,0,0,"- ","- ",,,"SAN FRANCISCO","SAN FRANCISCO",-122.38980102539062,37.725803375244141
9313291,2021,2021-09-08,3801,2021-07-08,1205,129,SOUTH,4,5,7,3801,0,0,0,,0,3B11C,"FOLSOM ST","ESSEX ST",155.00,E,N,A,-,N,,,,,,,,,,,3,0,2,2,A,-,05,21650,,N,B,B,D,A,H,-,A,D,0,Y,,,,Y,,M,94,0,2,0,0,1,0,0,0,0,"- ","- ",,,"SAN FRANCISCO","SAN FRANCISCO",-122.39530181884766,37.786674499511719
9313292,2021,2021-09-08,3801,2021-07-02,2328,1402,SOUTH,5,5,7,3801,0,0,0,,0,3B13E,"RUSS ST","FOLSOM ST",0.00,N,N,A,-,N,,,,,,,,,,Y,3,0,1,1,A,-,01,23152,A,N,A,I,A,A,H,-,C,D,0,,,,,Y,Y,A,07,0,1,0,0,0,0,0,0,0,"- ","- ",,,"SAN FRANCISCO","SAN FRANCISCO",-122.40673065185547,37.777645111083984
9313293,2021,2021-09-08,3801,2021-07-02,2220,2163,NORTH,5,5,7,3801,0,0,0,,0,3E000,"BRODERICK ST","MCALLISTER ST",0.00,,Y,A,-,N,,,,,,,,,,Y,4,0,1,2,A,-,03,22350,,F,C,-,A,-,-,-,C,-,0,,,,,Y,,A,01,0,0,1,0,0,0,0,0,0,"- ","- ",,,"SAN FRANCISCO","SAN FRANCISCO",-122.44003295898438,37.777572631835938
9313294,2021,2021-09-08,3801,2021-07-02,2005,1148,MISSI,5,5,7,3801,0,0,0,,0,3D11D,"15TH ST","DOLORES ST",98.00,E,N,A,-,N,,,,,,,,,,N,3,0,2,2,A,-,09,21804,A,N,D,G,A,A,H,-,A,A,0,,Y,,,Y,,L,04,0,2,0,0,0,0,1,0,0,"- ","- ",,,"SAN FRANCISCO","SAN FRANCISCO",-122.42626190185547,37.766281127929688
9313296,2021,2021-09-08,3801,2021-07-08,0630,574,MISSI,4,5,7,3801,0,0,0,,0,3D11A,"VALENCIA ST","SYCAMORE ST",0.00,,Y,B,-,N,,,,,,,,,,Y,4,0,1,2,A,-,08,22107,,N,D,C,A,A,H,-,A,A,0,,,Y,,Y,,A,01,0,0,1,0,0,0,0,0,1,"- ","- ",,,"SAN FRANCISCO","SAN FRANCISCO",-122.42164611816406,37.762550354003906
9313297,2021,2021-09-08,3801,2021-07-08,1820,1830,NORTH,4,5,7,3801,0,0,0,,0,3E13D,"VAN NESS AV","PINE ST",0.00,,Y,A,-,N,,,,,,,,,,Y,3,0,3,4,A,-,12,21453,A,N,D,C,A,A,H,-,A,A,0,,,,,Y,,A,01,0,1,2,0,0,0,0,0,0,"- ","- ",,,"SAN FRANCISCO","SAN FRANCISCO",-122.42209625244141,37.789417266845703
9313298,2021,2021-09-08,3801,2021-07-09,2147,2486,BAYVI,5,5,7,3801,0,0,0,,0,3C15E,"CAMBRIDGE ST","FELTON ST",0.00,,Y,A,-,N,,,,,,,,,,N,4,0,1,2,A,-,12,22450,A,F,D,C,A,A,H,-,C,D,0,,,,,Y,,-,,0,0,1,0,0,0,0,0,0,"- ","- ",,,"SAN FRANCISCO","SAN FRANCISCO",-122.41840362548828,37.726432800292969
9313299,2021,2021-09-08,3801,2021-07-10,0217,2471,CENTR,6,5,7,3801,0,0,0,,0,3A11E,"BUSH ST","JONES ST",0.00,,Y,A,-,N,,,,,,,,,,N,3,0,1,2,A,-,12,21453,A,N,-,C,A,A,-,-,C,A,0,,,,,Y,,-,,0,1,0,0,0,0,0,0,0,"- ","- ",,,"SAN FRANCISCO","SAN FRANCISCO",-122.41371154785156,37.78955078125
9313300,2021,2021-09-08,3801,2021-07-10,1247,1922,SOUTH,6,5,7,3801,0,0,0,,0,"5 CAR","KING ST","4TH ST",0.00,,Y,A,-,N,,,,,,,,,,Y,3,0,4,3,A,-,12,21453,A,N,D,C,A,A,H,-,A,A,0,,,,,Y,,A,01,0,1,3,0,0,0,0,0,0,"- ","- ",,,"SAN FRANCISCO","SAN FRANCISCO",-122.39414978027344,37.77642822265625
9313352,2021,2021-09-28,3801,2021-07-12,1603,4200,TARAV,1,5,7,3801,0,0,0,,0,314D,"20TH AV","WINSTON DR",0.00,,Y,A,-,N,,,,,,,,,,Y,4,0,4,2,A,-,09,21804,A,N,D,C,A,A,H,-,A,D,0,,,,,Y,,A,07,0,0,4,0,0,0,0,0,0,"- ","- ",,,"SAN FRANCISCO","SAN FRANCISCO",-122.47597503662109,37.730087280273438
9313462,2021,2021-10-08,3801,2021-07-06,1540,4046,INGLE,2,5,7,3801,0,0,0,,0,3H15C,"PORTOLA DR","PORTOLA DR 935",0.00,,N,B,-,N,,,,,,,,,,N,4,0,4,2,A,-,08,22107,,N,B,C,A,A,H,-,A,D,0,,,,,Y,,A,01,0,0,4,0,0,0,0,0,0,"- ","- ",,,"SAN FRANCISCO","SAN FRANCISCO",,
9313481,2021,2021-09-21,3801,2021-07-21,1826,1113,PARK,3,5,7,3801,0,0,0,,0,3F14D,"15TH ST","CASTRO ST",124.00,E,N,A,-,N,,,,,,,,,,N,2,0,1,2,A,-,"- ",,,N,B,E,A,A,H,-,A,-,0,,Y,,,Y,,-,"- ",1,0,0,0,0,0,1,0,0,"- ","- ",,,"SAN FRANCISCO","SAN FRANCISCO",-122.43503570556641,37.7657470703125
9313482,2021,2021-09-22,3801,2021-07-22,1730,2239,INGLE,4,5,7,3801,0,0,0,,0,3H11D,"MISSION ST","VIRGINIA AV",0.00,,Y,A,-,N,,,,,,,,,,Y,4,0,1,2,A,-,08,22107,,N,A,C,A,A,H,-,A,A,0,,,Y,,Y,,A,08,0,0,1,0,0,0,0,0,1,"- ","- ",,,"SAN FRANCISCO","SAN FRANCISCO",-122.42150115966797,37.743148803710938
9313483,2021,2021-09-16,3801,2021-07-01,1212,4118,MISSI,4,5,7,3801,0,0,0,,0,3D11C,"SAN BRUNO AV","24TH ST",147.00,N,N,A,-,N,,,,,,,,,,N,4,0,1,2,A,-,21,22106,,F,D,D,A,A,H,-,A,D,0,,,,,Y,,A,01,0,0,1,0,0,0,0,0,0,"- ","- ",,,"SAN FRANCISCO","SAN FRANCISCO",-122.40439605712891,37.753532409667969
9313484,2021,2021-09-16,3801,2021-07-01,1000,1179,TENDE,4,5,7,3801,0,0,0,,0,3J15D,"EDDY ST","TAYLOR ST",0.00,,Y,B,-,N,,,,,,,,,,N,2,0,1,2,A,-,11,21955,,F,G,B,D,A,H,-,A,A,0,Y,,,,Y,,N,60,1,0,0,0,1,0,0,0,0,"- ","- ",,,"SAN FRANCISCO","SAN FRANCISCO",-122.41094970703125,37.784160614013672
9313485,2021,2021-09-16,3801,2021-07-02,0701,1819,NORTH,5,5,7,3801,0,0,0,,0,"1 CAR","OCTAVIA ST","PAGE ST",0.00,,Y,A,-,N,,,,,,,,,,N,4,0,1,2,A,-,03,22350,,N,C,C,A,A,H,-,A,A,0,,,,,Y,,A,01,0,0,1,0,0,0,0,0,0,"- ","- ",,,"SAN FRANCISCO","SAN FRANCISCO",-122.42411041259766,37.773883819580078
9313486,2021,2021-09-16,3801,2021-07-02,0927,2722,PARK,5,5,7,3801,0,0,0,,0,3F14A,"WALLER ST","WEBSTER ST",0.00,,Y,B,-,N,,,,,,,,,,N,3,0,2,2,B,-,22,,,N,D,B,D,B,H,-,A,A,0,Y,,,,Y,,N,60,0,2,0,0,1,0,0,0,0,"- ","- ",,,"SAN FRANCISCO","SAN FRANCISCO",-122.42861175537109,37.771389007568359
9314519,2021,2021-09-01,3801,2021-07-26,1318,2094,SOUTH,1,5,7,3801,0,0,0,,0,3B12C,"HOWARD ST","5TH ST",0.00,,Y,B,-,N,,,,,,,,,,N,4,0,1,2,A,-,09,21801,A,N,D,C,A,A,D,-,A,A,0,,,,,Y,,A,01,0,0,1,0,0,0,0,0,0,"- ","- ",,,"SAN FRANCISCO","SAN FRANCISCO",-122.40493011474609,37.781513214111328
9314618,2021,2021-08-26,3801,2021-07-24,1228,4286,RICHM,6,5,7,3801,0,0,0,,0,0G2,"MCALLISTER ST","ARGUELLO BL",300.00,E,N,A,-,N,,,,,,,,,,N,3,0,1,6,A,-,03,22350,,N,B,E,A,A,H,-,A,D,0,,,,,Y,,A,08,0,1,0,0,0,0,0,0,0,"- ","- ",,,"SAN FRANCISCO","SAN FRANCISCO",-122.45741271972656,37.775363922119141
9314619,2021,2021-08-26,3801,2021-07-23,0054,2486,BAYVI,5,5,7,3801,0,0,0,,0,3C12E,"NEWCOMB AV","QUINT ST",0.00,,Y,A,-,N,,,,,,,,,,N,2,0,1,2,A,-,03,22350,,F,G,B,B,A,H,-,C,D,0,Y,,,,Y,Y,-,,1,0,0,0,1,0,0,0,0,"- ","- ",,,"SAN FRANCISCO","SAN FRANCISCO",-122.39540863037109,37.738414764404297
9314620,2021,2021-08-26,3801,2021-07-21,2118,1042,TENDE,3,5,7,3801,0,0,0,,0,3J14E,"JONES ST","MCALLISTER ST",0.00,,Y,A,-,N,,,,,,,,,,Y,3,0,1,2,A,-,08,22107,,F,D,G,A,A,H,-,C,A,0,,Y,,,Y,,A,01,0,1,0,0,0,0,1,0,0,"- ","- ",,,"SAN FRANCISCO","SAN FRANCISCO",-122.41202545166016,37.7811279296875
9314622,2021,2021-08-28,3801,2021-07-12,1252,1684,NORTH,1,5,7,3801,0,0,0,,0,3E11A,WILLOW,"WILLOW 200",0.00,,Y,A,-,N,,,,,,,,,,N,4,0,1,2,A,-,10,21950,A,N,G,B,E,A,D,-,A,D,0,Y,,,,Y,,A,08,0,0,1,0,1,0,0,0,0,"- ","- ",,,"SAN FRANCISCO","SAN FRANCISCO",-122.09957885742188,37.675926208496094
9314623,2021,2021-08-28,3801,2021-07-11,1557,986,TARA,7,5,7,3801,0,0,0,,0,3I16D,"CAPITOL AV","MONTANA ST",0.00,,Y,A,-,N,,,,,,,,,,N,4,0,1,2,A,-,09,21801,,M,A,C,A,A,H,-,A,A,0,,,,,Y,,A,01,0,0,1,0,0,0,0,0,0,"- ","- ",,,"SAN FRANCISCO","SAN FRANCISCO",-122.45906829833984,37.716598510742188
9314624,2021,2021-08-31,3801,2021-07-11,0135,1972,NORTH,7,5,7,3801,0,0,0,,0,3E14E,"POLK ST","PACIFIC AV",0.00,,Y,A,-,N,,,,,,,,,,N,4,0,2,2,A,-,09,21801,A,M,A,C,A,A,H,-,C,A,0,,,,,Y,,A,01,0,0,2,0,0,0,0,0,0,"- ","- ",,,"SAN FRANCISCO","SAN FRANCISCO",-122.42158508300781,37.795032501220703
9314625,2021,2021-08-31,3801,2021-07-08,0254,VARGAS,INGLE,4,5,7,3801,0,0,0,,0,3H15E,"PERSIA AV","SUNNYDALE AV",0.00,,Y,A,-,N,,,,,,,,,,Y,2,0,4,2,A,-,08,22107,,N,A,C,A,A,H,-,C,D,0,,,,,Y,Y,A,01,4,0,0,0,0,0,0,0,0,"- ","- ",,,"SAN FRANCISCO","SAN FRANCISCO",-122.42586517333984,37.718288421630859
9314626,2021,2021-08-28,3801,2021-07-20,2212,1045,BAYV,2,5,7,3801,0,0,0,,0,0C5,"3RD ST","PAUL AV",0.00,S,N,A,-,N,,,,,,,,,,Y,4,0,1,2,A,-,03,22350,,F,D,C,A,A,H,-,C,A,0,,,,,Y,,-,,0,0,1,0,0,0,0,0,0,"- ","- ",,,"SAN FRANCISCO","SAN FRANCISCO",-122.395751953125,37.722412109375