CASE_ID,ACCIDENT_YEAR,PROC_DATE,JURIS,COLLISION_DATE,COLLISION_TIME,OFFICER_ID,REPORTING_DISTRICT,DAY_OF_WEEK,CHP_SHIFT,POPULATION,CNTY_CITY_LOC,SPECIAL_COND,BEAT_TYPE,CHP_BEAT_TYPE,CITY_DIVISION_LAPD,CHP_BEAT_CLASS,BEAT_NUMBER,PRIMARY_RD,SECONDARY_RD,DISTANCE,DIRECTION,INTERSECTION,WEATHER_1,WEATHER_2,STATE_HWY_IND,CALTRANS_COUNTY,CALTRANS_DISTRICT,STATE_ROUTE,ROUTE_SUFFIX,POSTMILE_PREFIX,POSTMILE,LOCATION_TYPE,RAMP_INTERSECTION,SIDE_OF_HWY,TOW_AWAY,COLLISION_SEVERITY,NUMBER_KILLED,NUMBER_INJURED,PARTY_COUNT,PRIMARY_COLL_FACTOR,PCF_CODE_OF_VIOL,PCF_VIOL_CATEGORY,PCF_VIOLATION,PCF_VIOL_SUBSECTION,HIT_AND_RUN,TYPE_OF_COLLISION,MVIW,PED_ACTION,ROAD_SURFACE,ROAD_COND_1,ROAD_COND_2,LIGHTING,CONTROL_DEVICE,CHP_ROAD_TYPE,PEDESTRIAN_ACCIDENT,BICYCLE_ACCIDENT,MOTORCYCLE_ACCIDENT,TRUCK_ACCIDENT,NOT_PRIVATE_PROPERTY,ALCOHOL_INVOLVED,STWD_VEHTYPE_AT_FAULT,CHP_VEHTYPE_AT_FAULT,COUNT_SEVERE_INJ,COUNT_VISIBLE_INJ,COUNT_COMPLAINT_PAIN,COUNT_PED_KILLED,COUNT_PED_INJURED,COUNT_BICYCLIST_KILLED,COUNT_BICYCLIST_INJURED,COUNT_MC_KILLED,COUNT_MC_INJURED,PRIMARY_RAMP,SECONDARY_RAMP,LATITUDE,LONGITUDE,COUNTY,CITY,POINT_X,POINT_Y
9314627,2021,2021-08-28,3801,2021-07-28,2242,582,CENTR,3,5,7,3801,0,0,0,,0,3A15E,"SUTTER ST","KEARNY ST",0.00,,Y,A,-,N,,,,,,,,,,N,4,0,1,1,A,-,03,22350,,N,H,J,A,A,A,-,C,D,0,,,Y,,Y,,C,03,0,0,1,0,0,0,0,0,1,"- ","- ",,,"SAN FRANCISCO","SAN FRANCISCO",-122.40383911132812,37.789829254150391
9314628,2021,2021-08-28,3801,2021-07-29,2127,1372,INGLE,4,5,7,3801,0,0,0,,0,3H3E,"ALEMANY BL","JUSTIN DR",291.00,E,N,A,-,N,,,,,,,,,,Y,4,0,2,2,A,-,17,21657,,N,A,C,A,A,-,-,C,D,0,,,,,Y,,A,01,0,0,2,0,0,0,0,0,0,"- ","- ",,,"SAN FRANCISCO","SAN FRANCISCO",-122.42495727539062,37.731735229492188
9314629,2021,2021-08-28,3801,2021-07-28,1615,1520,,3,5,7,3801,0,0,0,,0,0C5,"QUESADA AV","LANE ST",45.00,W,N,A,-,N,,,,,,,,,,Y,3,0,1,2,A,-,08,22107,,N,D,C,A,A,H,-,A,D,0,,,Y,,Y,,A,01,0,1,0,0,0,0,0,0,1,"- ","- ",,,"SAN FRANCISCO","SAN FRANCISCO",-122.38972473144531,37.73236083984375
9314630,2021,2021-08-28,3801,2021-07-28,0649,156,BAYVI,3,5,7,3801,0,0,0,,0,3C60,"LA SALLE AV","NEWCOMB AV",344.00,W,N,A,-,N,,,,,,,,,,N,3,0,1,2,A,-,03,22350,,N,C,E,A,A,-,-,B,D,0,,,,,Y,,A,01,0,1,0,0,0,0,0,0,0,"- ","- ",,,"SAN FRANCISCO","SAN FRANCISCO",-122.38571929931641,37.733894348144531
9314631,2021,2021-08-28,3801,2021-07-27,1034,1297,BAYVI,2,5,7,3801,0,0,0,,0,3C12A,"BAY SHORE BL","SALINAS AV",0.00,,Y,A,-,N,,,,,,,,,,Y,4,0,1,3,C,-,18,,,N,D,C,A,A,H,-,A,D,0,,,,,Y,,-,"- ",0,0,1,0,0,0,0,0,0,"- ","- ",,,"SAN FRANCISCO","SAN FRANCISCO",-122.39991760253906,37.7215576171875
9314632,2021,2021-08-28,3801,2021-07-22,1806,499,PARK,4,5,7,3801,0,0,0,,0,3F14D,"STEINER ST","HERMANN ST",0.00,,Y,A,-,N,,,,,,,,,,N,3,0,1,2,A,-,03,22350,,N,B,G,A,A,H,-,A,D,0,,Y,,,Y,,L,04,0,1,0,0,0,0,1,0,0,"- ","- ",,,"SAN FRANCISCO","SAN FRANCISCO",-122.43173980712891,37.770030975341797
9314633,2021,2021-08-28,3801,2021-07-15,1624,472,TARAV,4,5,7,3801,0,0,0,,0,3I16D,"GRAFTON AV","ASHTON AV",0.00,,Y,B,-,N,,,,,,,,,,Y,4,0,2,3,A,-,12,22450,A,N,D,C,A,A,H,-,A,A,0,,,,,Y,,A,01,0,0,2,0,0,0,0,0,0,"- ","- ",,,"SAN FRANCISCO","SAN FRANCISCO",-122.46226501464844,37.720008850097656
9314634,2021,2021-08-28,3801,2021-07-15,1311,1680,MISSI,4,5,7,3801,0,0,0,,0,3D44C,"24TH ST","TREAT AV",0.00,,Y,A,-,N,,,,,,,,,,N,4,0,1,2,A,-,12,22450,A,N,D,G,A,A,H,-,A,A,0,,Y,,,Y,Y,L,04,0,0,1,0,0,0,1,0,0,"- ","- ",,,"SAN FRANCISCO","SAN FRANCISCO",-122.41299438476562,37.752571105957031
9314635,2021,2021-08-28,3801,2021-07-15,0434,582,CENTR,4,5,7,3801,0,0,0,,0,3A15E,"MARKET ST","DRUMM ST",0.00,,Y,A,-,N,,,,,,,,,,N,2,0,1,2,A,-,11,21453,D,N,G,B,D,A,H,-,C,A,0,Y,,,,Y,,N,60,1,0,0,0,1,0,0,0,0,"- ","- ",,,"SAN FRANCISCO","SAN FRANCISCO",-122.39634704589844,37.793251037597656
9314636,2021,2021-08-28,3801,2021-07-21,1312,2149,NORTH,3,5,7,3801,0,0,0,,0,3E15A,"LOMBARD ST","LAGUNA ST",0.00,,Y,A,-,N,,,,,,,,,,Y,3,0,1,2,A,-,08,22107,,N,B,C,A,A,H,-,A,A,0,,,Y,,Y,,A,01,0,1,0,0,0,0,0,0,1,"- ","- ",,,"SAN FRANCISCO","SAN FRANCISCO",-122.43110656738281,37.80047607421875
9314637,2021,2021-08-28,3801,2021-07-21,0808,2149,NORTH,3,5,7,3801,0,0,0,,0,3E11A,"OCTAVIA ST","GREEN ST",0.00,,Y,B,-,N,,,,,,,,,,N,4,0,1,2,A,-,10,21950,A,N,G,B,B,A,H,-,A,A,0,Y,,,,Y,,A,01,0,0,1,0,1,0,0,0,0,"- ","- ",,,"SAN FRANCISCO","SAN FRANCISCO",-122.4287109375,37.796974182128906
9314638,2021,2021-08-31,3801,2021-07-17,1813,936,CENTR,6,5,7,3801,0,0,0,,0,3A13D,"BROADWAY ST","BATTERY ST",6.00,W,N,A,-,N,,,,,,,,,,N,3,0,1,2,A,-,03,22350,,N,C,G,A,A,H,-,A,A,0,,Y,,,Y,,L,04,0,1,0,0,0,0,1,0,0,"- ","- ",,,"SAN FRANCISCO","SAN FRANCISCO",-122.40106201171875,37.798599243164062
9314639,2021,2021-08-28,3801,2021-07-17,1518,2209,MISSI,6,5,7,3801,0,0,0,,0,3D1D,GUERRERO,"14TH ST",93.00,S,N,A,-,N,,,,,,,,,,Y,3,0,1,2,A,-,03,22350,,N,C,E,A,A,H,-,A,D,0,,,,,Y,,A,01,0,1,0,0,0,0,0,0,0,"- ","- ",,,"SAN FRANCISCO","SAN FRANCISCO",-122.42438507080078,37.767765045166016
9314640,2021,2021-08-27,3801,2021-07-17,1235,1053,TARA,6,5,7,3801,0,0,0,,0,3I13A,"40TH AV","TARAVAL ST",20.00,S,N,B,-,N,,,,,,,,,,Y,4,0,1,2,A,-,21,22106,,N,D,C,A,A,H,-,A,D,0,,,,,Y,,A,01,0,0,1,0,0,0,0,0,0,"- ","- ",,,"SAN FRANCISCO","SAN FRANCISCO",-122.49818420410156,37.741996765136719
9314681,2021,2021-09-13,3801,2021-07-31,1500,969,MISSI,6,5,7,3801,0,0,0,,0,3D15D,"16TH ST","S VAN NESS AV",0.00,,Y,A,-,N,,,,,,,,,,N,4,0,2,2,A,-,08,22107,,F,B,C,A,A,H,-,A,A,0,,,,,Y,,A,01,0,0,2,0,0,0,0,0,0,"- ","- ",,,"SAN FRANCISCO","SAN FRANCISCO",-122.41748809814453,37.765178680419922
9314682,2021,2021-09-13,3801,2021-07-30,1827,1160,SOUTH,5,5,7,3801,0,0,0,,0,0B2,"2ND ST","CLEMENTINA ST",0.00,,Y,A,-,N,,,,,,,,,,N,4,0,1,2,A,-,03,22350,,N,D,G,A,A,H,-,A,D,0,,Y,,,Y,,L,04,0,0,1,0,0,0,1,0,0,"- ","- ",,,"SAN FRANCISCO","SAN FRANCISCO",-122.39724731445312,37.785995483398438
9314683,2021,2021-09-13,3801,2021-07-25,1507,4269,INGLE,7,5,7,3801,0,0,0,,0,3H16C,"NAPLES ST","BRAZIL AV",0.00,,Y,A,-,N,,,,,,,,,,Y,4,0,1,2,A,-,09,21802,A,N,D,C,A,A,H,-,A,A,0,,,,,Y,,A,01,0,0,1,0,0,0,0,0,0,"- ","- ",,,"SAN FRANCISCO","SAN FRANCISCO",-122.4300537109375,37.722412109375
9314684,2021,2021-09-13,3801,2021-07-25,1508,1817,CENTR,7,5,7,3801,0,0,0,,0,3A12C,"BATTERY ST","PINE ST",0.00,,Y,A,-,N,,,,,,,,,,N,4,0,1,2,A,-,21,22106,,N,G,B,B,A,H,-,A,A,0,Y,,,,Y,,A,01,0,0,1,0,1,0,0,0,0,"- ","- ",,,"SAN FRANCISCO","SAN FRANCISCO",-122.39977264404297,37.792259216308594
9314685,2021,2021-09-13,3801,2021-07-31,1212,4313,RICHM,6,5,7,3801,0,0,0,,0,0G2,"ARGUELLO BL","MCALLISTER ST",54.00,N,N,A,-,N,,,,,,,,,,N,4,0,1,2,A,-,01,23152,A,F,C,G,A,A,H,-,A,B,0,,Y,,,Y,Y,A,07,0,0,1,0,0,0,1,0,0,"- ","- ",,,"SAN FRANCISCO","SAN FRANCISCO",-122.45845031738281,37.775386810302734
9314686,2021,2021-09-13,3801,2021-07-31,0946,976,CENTR,6,5,7,3801,0,0,0,,0,3A11A,"BUSH ST","LARKIN ST",35.00,E,N,A,-,N,,,,,,,,,,N,4,0,1,2,A,-,03,22350,,N,C,C,A,A,H,-,A,A,0,,,,,Y,,A,01,0,0,1,0,0,0,0,0,0,"- ","- ",,,"SAN FRANCISCO","SAN FRANCISCO",-122.41854858398438,37.788917541503906
9314687,2021,2021-09-20,3801,2021-07-31,0815,20065,NORTH,6,5,7,3801,0,0,0,,0,3E14A,"OCTAVIA BL","OAK ST",0.00,,Y,A,-,N,,,,,,,,,,N,4,0,1,2,A,-,12,21457,A,N,D,J,A,A,H,-,A,A,0,,Y,,,Y,,L,04,0,0,1,0,0,0,1,0,0,"- ","- ",,,"SAN FRANCISCO","SAN FRANCISCO",-122.42430114746094,37.774799346923828
9314688,2021,2021-09-17,3801,2021-07-31,1950,2407,MISSI,6,5,7,3801,0,0,0,,0,,"22ND ST","S VAN NESS AV",0.00,,Y,A,-,N,,,,,,,,,,Y,4,0,1,2,A,-,12,21453,,F,D,C,A,A,H,-,B,A,0,,,,,Y,Y,A,01,0,0,1,0,0,0,0,0,0,"- ","- ",,,"SAN FRANCISCO","SAN FRANCISCO",-122.41658782958984,37.755565643310547
9314689,2021,2021-09-13,3801,2021-07-30,2130,1096,CENTR,5,5,7,3801,0,0,0,,0,3A11E,"SACRAMENTO ST","TAYLOR ST",9.00,S,N,A,-,N,,,,,,,,,,N,4,0,1,2,A,-,12,22450,A,F,D,C,A,A,H,-,C,A,0,,,Y,,Y,,-,,0,0,1,0,0,0,0,0,1,"- ","- ",,,"SAN FRANCISCO","SAN FRANCISCO",-122.41267395019531,37.792545318603516
9314690,2021,2021-09-13,3801,2021-07-30,2120,2357,RICHM,5,5,7,3801,0,0,0,,0,3G12E,"BALBOA ST","25TH AV",13.00,E,N,A,-,N,,,,,,,,,,N,4,0,1,2,A,-,04,21703,,F,C,C,A,A,H,-,C,A,0,,,,,Y,,A,01,0,0,1,0,0,0,0,0,0,"- ","- ",,,"SAN FRANCISCO","SAN FRANCISCO",-122.48439788818359,37.776302337646484
9314691,2021,2021-09-13,3801,2021-07-28,0957,2224,MISSI,3,5,7,3801,0,0,0,,0,3D13A,"TREAT AV","23RD ST",12.00,N,N,A,-,N,,,,,,,,,,N,4,0,1,3,A,-,03,22350,,F,A,C,A,A,H,-,A,D,0,,,,,Y,Y,-,,0,0,1,0,0,0,0,0,0,"- ","- ",,,"SAN FRANCISCO","SAN FRANCISCO",-122.41312408447266,37.754203796386719
9314692,2021,2021-09-13,3801,2021-07-28,1040,1342,NORTH,3,5,7,3801,0,0,0,,0,3E14A,"SUTTER ST","PIERCE ST",0.00,,Y,A,-,N,,,,,,,,,,N,3,0,1,2,A,-,10,21950,A,N,-,B,B,A,H,-,A,D,0,Y,,,,Y,,A,01,0,1,0,0,1,0,0,0,0,"- ","- ",,,"SAN FRANCISCO","SAN FRANCISCO",-122.43656158447266,37.785671234130859
9314693,2021,2021-09-17,3801,2021-07-27,1805,2008,MISSI,2,5,7,3801,0,0,0,,0,3D15D,"23RD ST","CAPP ST",0.00,,Y,A,-,N,,,,,,,,,,N,3,0,2,2,A,-,12,22450,A,N,D,C,A,A,H,-,A,A,0,,,,,Y,,-,"- ",0,1,1,0,0,0,0,0,0,"- ","- ",,,"SAN FRANCISCO","SAN FRANCISCO",-122.41748046875,37.753910064697266
9314694,2021,2021-09-13,3801,2021-07-27,1727,233,MISSI,2,5,7,3801,0,0,0,,0,03D,"S VAN NESS AV","22ND ST",0.00,,Y,A,-,N,,,,,,,,,,N,4,0,1,2,A,-,12,21453,,N,D,G,A,A,H,-,A,A,0,,Y,,,Y,,L,04,0,0,1,0,0,0,1,0,0,"- ","- ",,,"SAN FRANCISCO","SAN FRANCISCO",-122.41658782958984,37.755565643310547
9314695,2021,2021-09-13,3801,2021-07-27,1415,1422,TRAFF,2,5,7,3801,0,0,0,,0,,"MARKET ST","7TH ST",0.00,,Y,A,-,N,,,,,,,,,,N,4,0,1,2,A,-,10,21950,A,N,G,B,B,A,H,-,A,A,0,Y,,,,Y,,A,01,0,0,1,0,1,0,0,0,0,"- ","- ",,,"SAN FRANCISCO","SAN FRANCISCO",-122.41251373291016,37.780479431152344
9314696,2021,2021-09-13,3801,2021-07-25,2145,4222,INGLE,7,5,7,3801,0,0,0,,0,3H13E,"PALOU AVE","SILVER AV",0.00,,Y,F,-,N,,,,,,,,,,N,3,0,1,2,A,-,03,22350,,F,-,B,B,-,G,-,-,D,0,Y,,,,Y,,A,01,0,1,0,0,1,0,0,0,0,"- ","- ",,,"SAN FRANCISCO","SAN FRANCISCO",-122.39650726318359,37.737205505371094
9314697,2021,2021-09-13,3801,2021-07-28,2316,2479,NORTH,3,5,7,3801,0,0,0,,0,3E3E,"GOUGH ST","EDDY ST",0.00,,Y,A,-,N,,,,,,,,,,N,2,0,1,2,A,-,00,21954,,N,G,B,E,A,G,-,C,A,0,Y,,,,Y,,N,60,1,0,0,0,1,0,0,0,0,"- ","- ",,,"SAN FRANCISCO","SAN FRANCISCO",-122.42411804199219,37.782466888427734
9314698,2021,2021-09-13,3801,2021-07-28,2103,2008,MISSI,3,5,7,3801,0,0,0,,0,3D15D,"MISSION ST","13TH ST",0.00,,Y,A,-,N,,,,,,,,,,N,3,0,1,2,A,-,12,21453,A,N,D,J,A,A,H,-,C,A,0,,,,,Y,,M,94,0,1,0,0,0,0,0,0,0,"- ","- ",,,"SAN FRANCISCO","SAN FRANCISCO",-122.419921875,37.769977569580078
9314699,2021,2021-09-13,3801,2021-07-28,1445,737,NORTH,3,5,7,3801,0,0,0,,0,3E77,FRANKLIN,CHESTNUT,62.00,S,N,A,-,N,,,,,,,,,,N,4,0,1,2,A,-,13,22500,,N,B,J,A,A,H,-,A,D,0,,,Y,,Y,,A,01,0,0,1,0,0,0,0,0,1,"- ","- ",,,"SAN FRANCISCO","SAN FRANCISCO",-122.42634582519531,37.801902770996094
9314700,2021,2021-09-13,3801,2021-07-29,1145,1118,SOUTH,4,5,7,3801,0,0,0,,0,3B13C,"MARKET ST","VAN NESS AV",0.00,,Y,A,-,N,,,,,,,,,,N,4,0,1,3,A,-,12,21453,A,F,D,C,A,A,H,-,A,A,0,,,,,Y,,A,01,0,0,1,0,0,0,0,0,0,"- ","- ",,,"SAN FRANCISCO","SAN FRANCISCO",-122.41925811767578,37.775169372558594
9314788,2021,2021-09-16,3801,2021-07-01,2157,2741,INGLE,4,5,7,3801,0,0,0,,0,3H14E,"GENEVA AV","RT 280",36.00,E,N,F,-,N,,,,,,,,,,Y,3,0,1,1,A,-,07,21658,A,N,E,I,A,B,H,-,C,D,0,,,,,Y,,A,01,0,1,0,0,0,0,0,0,0,"- ","- ",,,"SAN FRANCISCO","SAN FRANCISCO",-122.44788360595703,37.721229553222656
9314789,2021,2021-09-16,3801,2021-07-01,2237,901,INGLE,4,5,7,3801,0,0,0,,0,3H13E,ALEMANY,"SAN JOSE AV",0.00,,Y,C,-,N,,,,,,,,,,N,4,0,1,2,A,-,12,21453,A,F,D,D,A,B,H,-,C,A,0,,,,,Y,,-,,0,0,1,0,0,0,0,0,0,"- ","- ",,,"SAN FRANCISCO","SAN FRANCISCO",-122.45709991455078,37.710071563720703
9314790,2021,2021-09-09,3801,2021-07-01,1710,2433,INGLI,4,5,7,3801,0,0,0,,0,3H11D,"SAN JOSE AV","RANDALL ST",0.00,,Y,A,-,N,,,,,,,,,,N,3,0,1,2,A,-,10,21950,A,N,G,B,B,A,H,-,A,A,0,Y,,,,Y,,A,07,0,1,0,0,1,0,0,0,0,"- ","- ",,,"SAN FRANCISCO","SAN FRANCISCO",-122.42426300048828,37.739860534667969
9314791,2021,2021-09-09,3801,2021-07-05,1259,230,TENDE,1,5,7,3801,0,0,0,,0,3J98C,"6TH ST","MISSION ST",55.00,N,N,A,-,N,,,,,,,,,,N,3,0,1,2,A,-,11,21954,A,F,B,B,E,A,H,-,A,A,0,Y,,,,Y,,N,60,0,1,0,0,1,0,0,0,0,"- ","- ",,,"SAN FRANCISCO","SAN FRANCISCO",-122.40882110595703,37.781085968017578
9314792,2021,2021-09-09,3801,2021-07-05,0213,715,MISSI,1,5,7,3801,0,0,0,,0,3DE1,"HARRISON ST","24TH ST",227.00,S,N,A,-,N,,,,,,,,,,Y,3,0,1,1,A,-,03,22350,,N,H,J,A,A,B,-,E,D,0,,,,,Y,,-,,0,1,0,0,0,0,0,0,0,"- ","- ",,,"SAN FRANCISCO","SAN FRANCISCO",-122.41183471679688,37.752029418945312
9314793,2021,2021-09-09,3801,2021-07-05,0130,821,SOUTH,1,5,7,3801,0,0,0,,0,3B2,"HOWARD ST","3RD ST",25.00,S,N,A,-,N,,,,,,,,,,,4,0,1,2,A,-,03,22350,,N,C,D,A,A,H,-,C,A,0,,,,,Y,,-,"- ",0,0,1,0,0,0,0,0,0,"- ","- ",,,"SAN FRANCISCO","SAN FRANCISCO",-122.40056610107422,37.784961700439453
9314794,2021,2021-09-09,3801,2021-07-04,1120,1296,INGLI,7,5,7,3801,0,0,0,,0,3H15A,"OCEAN AV","SAN JOSE AV",20.00,W,N,A,-,N,,,,,,,,,,N,4,0,1,2,A,-,04,21703,,N,C,C,A,A,H,-,A,A,0,,,,,Y,,A,01,0,0,1,0,0,0,0,0,0,"- ","- ",,,"SAN FRANCISCO","SAN FRANCISCO",-122.44487762451172,37.722930908203125
9314795,2021,2021-09-09,3801,2021-07-25,1352,4333,NORTH,7,5,7,3801,0,0,0,,0,3E13A,"GOUGH ST","MCALLISTER ST",0.00,,Y,A,-,N,,,,,,,,,,N,2,0,2,2,D,-,00,,,N,D,C,A,A,H,-,A,A,0,,,Y,,Y,,-,"- ",1,0,1,0,0,0,0,0,1,"- ","- ",,,"SAN FRANCISCO","SAN FRANCISCO",-122.42353820800781,37.779670715332031
9314796,2021,2021-09-09,3801,2021-07-25,0556,319,CENTR,7,5,7,3801,0,0,0,,0,3A12A,"STOCKTON ST","WASHINGTON ST",0.00,,Y,A,-,N,,,,,,,,,,N,3,0,1,2,A,-,03,22350,A,N,G,B,B,A,H,-,B,A,0,Y,,,,Y,,A,01,0,1,0,0,1,0,0,0,0,"- ","- ",,,"SAN FRANCISCO","SAN FRANCISCO",-122.40802764892578,37.794960021972656
9314797,2021,2021-09-09,3801,2021-07-25,0255,1967,NORTH,7,5,7,3801,0,0,0,,0,3E13E,"GOUGH ST","SUTTER ST",0.00,,Y,A,-,N,,,,,,,,,,Y,2,0,1,5,A,-,12,21453,A,F,B,C,A,A,H,-,C,A,0,,,,,Y,,A,01,1,0,0,0,0,0,0,0,0,"- ","- ",,,"SAN FRANCISCO","SAN FRANCISCO",-122.42504119873047,37.787139892578125
9314798,2021,2021-09-09,3801,2021-07-24,1924,3H16D,INGLE,6,5,7,3801,0,0,0,,0,3H15D,"ALEMANY BL","FOOTE AV",131.00,N,N,A,-,N,,,,,,,,,,Y,3,0,1,1,A,-,03,22350,,N,H,J,A,A,H,-,A,-,0,,,Y,,Y,,C,02,0,1,0,0,0,0,0,0,1,"- ","- ",,,"SAN FRANCISCO","SAN FRANCISCO",-122.44692230224609,37.714847564697266
9314799,2021,2021-09-09,3801,2021-07-24,0211,2400,NORTH,6,5,7,3801,0,0,0,,0,4-CAR,"PINE ST","WEBSTER ST",0.00,,Y,A,-,N,,,,,,,,,,N,3,0,1,2,A,-,12,21453,A,N,D,C,A,A,H,-,C,A,0,,,Y,,Y,,C,02,0,1,0,0,0,0,0,0,1,"- ","- ",,,"SAN FRANCISCO","SAN FRANCISCO",-122.43199157714844,37.788154602050781
9314800,2021,2021-09-09,3801,2021-07-31,1557,001460,SOUTH,6,5,7,3801,0,0,0,,0,,"MISSION ST","10TH ST",0.00,,Y,A,-,N,,,,,,,,,,,3,0,1,2,A,-,06,21755,A,N,B,G,A,A,H,-,A,A,0,,Y,,,Y,,L,04,0,1,0,0,0,0,1,0,0,"- ","- ",,,"SAN FRANCISCO","SAN FRANCISCO",-122.41590881347656,37.775276184082031
9315061,2021,2021-09-21,3801,2021-07-05,0415,821,SOUTH,1,5,7,3801,0,0,0,,0,,"MISSION ST","MISSION ST 1401",0.00,,Y,A,-,N,,,,,,,,,,,4,0,1,1,A,-,17,21663,,N,B,I,A,-,H,-,C,A,0,,,,,Y,,-,,0,0,1,0,0,0,0,0,0,"- ","- ",,,"SAN FRANCISCO","SAN FRANCISCO",-122.41979217529297,37.7705078125
9315068,2021,2021-09-21,3801,2021-07-30,1615,309,TARAV,5,5,7,3801,0,0,0,,0,,"11TH AV","JUDAH ST",0.00,,Y,B,-,N,,,,,,,,,,N,4,0,1,2,A,-,12,22450,A,F,G,B,B,A,H,-,A,A,0,Y,,,,Y,,A,01,0,0,1,0,1,0,0,0,0,"- ","- ",,,"SAN FRANCISCO","SAN FRANCISCO",-122.46832275390625,37.762138366699219
9315081,2021,2021-09-13,3801,2021-07-15,2013,2731,RICHM,4,5,7,3801,0,0,0,,0,0G3,"FULTON ST","6TH AV",0.00,,Y,-,-,N,,,,,,,,,,N,4,0,1,2,A,-,05,21651,B,F,G,-,E,-,-,-,-,D,0,Y,Y,,,Y,,L,04,0,0,1,0,1,0,0,0,0,"- ","- ",,,"SAN FRANCISCO","SAN FRANCISCO",-122.46376037597656,37.773612976074219
9315082,2021,2021-09-13,3801,2021-07-09,2150,1994,TRAFF,5,5,7,3801,0,0,0,,0,4B3G,"3RD ST","KING ST",12.00,N,N,A,-,N,,,,,,,,,,N,2,0,1,2,A,-,10,21950,A,F,G,B,B,A,H,-,C,A,0,Y,,,,Y,,A,01,1,0,0,0,1,0,0,0,0,"- ","- ",,,"SAN FRANCISCO","SAN FRANCISCO",-122.39197540283203,37.778224945068359
9315083,2021,2021-09-13,3801,2021-07-22,1147,104,TRAFF,4,5,7,3801,0,0,0,,0,104,"LARKIN ST","TURK ST",0.00,,Y,A,-,N,,,,,,,,,,Y,4,0,1,2,A,-,08,22100,B,N,F,C,A,A,H,-,A,A,0,,,,,Y,,A,01,0,0,1,0,0,0,0,0,0,"- ","- ",,,"SAN FRANCISCO","SAN FRANCISCO",-122.41733551025391,37.782379150390625
9315084,2021,2021-09-13,3801,2021-07-29,2335,1371,NORTH,4,5,7,3801,0,0,0,,0,002,"TURK ST","WEBSTER ST",0.00,,-,A,-,N,,,,,,,,,,N,3,0,1,2,A,-,11,21950,B,F,G,B,D,A,H,-,C,D,0,Y,,,,Y,,N,60,0,1,0,0,1,0,0,0,0,"- ","- ",,,"SAN FRANCISCO","SAN FRANCISCO",-122.43048858642578,37.780685424804688
9315086,2021,2021-09-13,3801,2021-07-29,1720,386,MISSI,4,5,7,3801,0,0,0,,0,3D14D,"13TH ST","HARRISON ST",0.00,,Y,A,-,N,,,,,,,,,,N,2,0,1,2,A,-,12,21453,A,N,D,J,A,A,H,-,A,A,0,,,,,Y,,M,94,1,0,0,0,0,0,0,0,0,"- ","- ",,,"SAN FRANCISCO","SAN FRANCISCO",-122.41340637207031,37.769454956054688
9315087,2021,2021-09-13,3801,2021-07-29,1656,1931,NORTH,4,5,7,3801,0,0,0,,0,3E13D,"TURK ST","VAN NESS AV",0.00,,Y,A,-,N,,,,,,,,,,N,3,0,1,2,A,-,11,21453,D,N,G,B,-,A,D,-,A,A,0,Y,,,,Y,,N,60,0,1,0,0,1,0,0,0,0,"- ","- ",,,"SAN FRANCISCO","SAN FRANCISCO",-122.42057800292969,37.781936645507812
9315088,2021,2021-09-13,3801,2021-07-31,2212,421,PARK,6,5,7,3801,0,0,0,,0,4CAR,"HAIGHT ST","BRODERICK ST",0.00,,Y,B,-,N,,,,,,,,,,N,4,0,1,2,A,-,04,21703,,F,C,C,A,A,H,-,C,A,0,,,,,Y,,A,01,0,0,1,0,0,0,0,0,0,"- ","- ",,,"SAN FRANCISCO","SAN FRANCISCO",-122.438720703125,37.771045684814453
9315089,2021,2021-09-13,3801,2021-07-31,1910,1858,BAYVI,6,5,7,3801,0,0,0,,0,3C13D,"BAYSHORE BL",CORTLAND,50.00,N,N,A,-,N,,,,,,,,,,Y,4,0,2,3,A,-,03,22350,,N,B,C,A,A,H,-,A,A,0,,,,,Y,,A,01,0,0,2,0,0,0,0,0,0,"- ","- ",,,"SAN FRANCISCO","SAN FRANCISCO",-122.40697479248047,37.739715576171875
9315090,2021,2021-09-13,3801,2021-07-31,1828,887,NORTH,6,5,7,3801,0,0,0,,0,3E13D,"LARKIN ST","GROVE ST",0.00,,Y,A,-,N,,,,,,,,,,Y,4,0,2,2,A,-,17,21451,A,N,D,C,A,A,H,-,A,A,0,,,,,Y,,A,01,0,0,2,0,0,0,0,0,0,"- ","- ",,,"SAN FRANCISCO","SAN FRANCISCO",-122.41658782958984,37.778659820556641
9315091,2021,2021-09-13,3801,2021-07-22,0927,4035,TENDE,4,5,7,3801,0,0,0,,0,3J14A,"JONES ST","ELLIS ST",0.00,,Y,A,-,N,,,,,,,,,,N,4,0,1,2,A,-,03,22350,,N,B,E,A,A,H,-,A,A,0,,,,,Y,,A,01,0,0,1,0,0,0,0,0,0,"- ","- ",,,"SAN FRANCISCO","SAN FRANCISCO",-122.41278076171875,37.784896850585938
9315092,2021,2021-09-13,3801,2021-07-21,2150,574,MISSI,3,5,7,3801,0,0,0,,0,3D00,"20TH ST","YORK ST",0.00,,Y,A,-,N,,,,,,,,,,N,4,0,1,2,A,-,08,22107,,F,B,B,B,A,H,-,C,A,0,Y,,,,Y,,A,01,0,0,1,0,1,0,0,0,0,"- ","- ",,,"SAN FRANCISCO","SAN FRANCISCO",-122.40883636474609,37.759258270263672
9315093,2021,2021-09-13,3801,2021-07-21,1756,2305,TRAFF,3,5,7,3801,0,0,0,,0,4B3I,"FULTON ST","PIERCE ST",1.00,W,N,A,-,N,,,,,,,,,,N,2,0,1,2,A,-,10,21950,A,F,G,B,B,A,H,-,A,D,0,Y,,,,Y,,-,99,1,0,0,0,1,0,0,0,0,"- ","- ",,,"SAN FRANCISCO","SAN FRANCISCO",-122.43488311767578,37.777290344238281