CASE_ID,ACCIDENT_YEAR,PROC_DATE,JURIS,COLLISION_DATE,COLLISION_TIME,OFFICER_ID,REPORTING_DISTRICT,DAY_OF_WEEK,CHP_SHIFT,POPULATION,CNTY_CITY_LOC,SPECIAL_COND,BEAT_TYPE,CHP_BEAT_TYPE,CITY_DIVISION_LAPD,CHP_BEAT_CLASS,BEAT_NUMBER,PRIMARY_RD,SECONDARY_RD,DISTANCE,DIRECTION,INTERSECTION,WEATHER_1,WEATHER_2,STATE_HWY_IND,CALTRANS_COUNTY,CALTRANS_DISTRICT,STATE_ROUTE,ROUTE_SUFFIX,POSTMILE_PREFIX,POSTMILE,LOCATION_TYPE,RAMP_INTERSECTION,SIDE_OF_HWY,TOW_AWAY,COLLISION_SEVERITY,NUMBER_KILLED,NUMBER_INJURED,PARTY_COUNT,PRIMARY_COLL_FACTOR,PCF_CODE_OF_VIOL,PCF_VIOL_CATEGORY,PCF_VIOLATION,PCF_VIOL_SUBSECTION,HIT_AND_RUN,TYPE_OF_COLLISION,MVIW,PED_ACTION,ROAD_SURFACE,ROAD_COND_1,ROAD_COND_2,LIGHTING,CONTROL_DEVICE,CHP_ROAD_TYPE,PEDESTRIAN_ACCIDENT,BICYCLE_ACCIDENT,MOTORCYCLE_ACCIDENT,TRUCK_ACCIDENT,NOT_PRIVATE_PROPERTY,ALCOHOL_INVOLVED,STWD_VEHTYPE_AT_FAULT,CHP_VEHTYPE_AT_FAULT,COUNT_SEVERE_INJ,COUNT_VISIBLE_INJ,COUNT_COMPLAINT_PAIN,COUNT_PED_KILLED,COUNT_PED_INJURED,COUNT_BICYCLIST_KILLED,COUNT_BICYCLIST_INJURED,COUNT_MC_KILLED,COUNT_MC_INJURED,PRIMARY_RAMP,SECONDARY_RAMP,LATITUDE,LONGITUDE,COUNTY,CITY,POINT_X,POINT_Y
9315094,2021,2021-09-13,3801,2021-07-19,1639,2157,SOUTH,1,5,7,3801,0,0,0,,0,004,"HOWARD ST","8TH ST",180.00,W,N,A,-,N,,,,,,,,,,Y,4,0,1,2,A,-,22,23123,A,N,C,E,A,A,H,-,A,D,0,,,,,Y,,A,01,0,0,1,0,0,0,0,0,0,"- ","- ",,,"SAN FRANCISCO","SAN FRANCISCO",-122.41203308105469,37.775886535644531
9315096,2021,2021-09-16,3801,2021-07-25,2224,382,NORTH,7,5,7,3801,0,0,0,,0,,"FILLMORE ST","LOMBARD ST",66.00,N,N,A,-,N,,,,,,,,,,Y,2,0,1,4,A,-,01,23153,A,F,A,E,E,A,H,-,C,D,0,Y,,,,Y,Y,A,01,1,0,0,0,1,0,0,0,0,"- ","- ",,,"SAN FRANCISCO","SAN FRANCISCO",-122.43610382080078,37.800025939941406
9315493,2021,2021-09-07,3801,2021-07-16,1105,1377,INGLE,5,5,7,3801,0,0,0,,0,3H2C,"MISSION ST","PRECITA AV",225.00,N,N,A,-,N,,,,,,,,,,N,2,0,2,2,A,-,08,22102,,N,D,C,A,-,H,-,A,D,0,,,,,Y,,A,01,1,0,1,0,0,0,0,0,0,"- ","- ",,,"SAN FRANCISCO","SAN FRANCISCO",-122.41876220703125,37.747306823730469
9315528,2021,2021-09-10,3801,2021-07-23,1022,1477,MISSI,5,5,7,3801,0,0,0,,0,,"BRYANT ST","18TH ST",122.00,S,N,A,-,N,,,,,,,,,,Y,4,0,1,2,A,-,06,21750,A,N,C,-,A,A,H,-,A,D,0,,,,,Y,,A,01,0,0,1,0,0,0,0,0,0,"- ","- ",,,"SAN FRANCISCO","SAN FRANCISCO",-122.41011810302734,37.761417388916016
9315532,2021,2021-09-16,3801,2021-07-23,0007,2463,SOUTH,5,5,7,3801,0,0,0,,0,3B14E,"9TH ST","MISSION ST",0.00,,Y,A,-,N,,,,,,,,,,N,3,0,1,2,A,-,08,22101,D,N,A,B,B,A,H,-,C,-,0,Y,,,,Y,,D,22,0,1,0,0,1,0,0,0,0,"- ","- ",,,"SAN FRANCISCO","SAN FRANCISCO",-122.41471862792969,37.776241302490234
9315536,2021,2021-09-07,3801,2021-07-30,1340,1306,CENTR,5,5,7,3801,0,0,0,,0,3A44C,"WASHINGTON ST","WALTER U LUM PL",78.00,E,N,A,-,N,,,,,,,,,,N,3,0,1,2,A,-,21,22106,,N,G,B,E,A,C,-,A,D,0,Y,,,Y,Y,,F,26,0,1,0,0,1,0,0,0,0,"- ","- ",,,"SAN FRANCISCO","SAN FRANCISCO",-122.40554046630859,37.795265197753906
9315559,2021,2021-09-14,3801,2021-07-30,2013,812,BAYVI,5,5,7,3801,0,0,0,,0,005,"INGALLS ST","GILMAN AV",0.00,,Y,A,-,N,,,,,,,,,,Y,3,0,2,3,A,-,12,22450,A,N,D,C,A,A,H,-,A,A,0,,,,,Y,,A,01,0,2,0,0,0,0,0,0,0,"- ","- ",,,"SAN FRANCISCO","SAN FRANCISCO",-122.39188385009766,37.720340728759766
9316641,2021,2021-10-14,3801,2021-07-17,0723,1628,RICHM,6,5,7,3801,0,0,0,,0,2CAR,"GEARY BL","ARGUELLO BL",0.00,,Y,A,-,N,,,,,,,,,,N,4,0,1,2,A,-,12,21453,A,N,D,G,A,A,H,-,A,A,0,,Y,,,Y,,A,01,0,0,1,0,0,0,1,0,0,"- ","- ",,,"SAN FRANCISCO","SAN FRANCISCO",-122.45887756347656,37.781333923339844
9316642,2021,2021-10-14,3801,2021-07-17,0110,2158,TENDE,6,5,7,3801,0,0,0,,0,,"MARKET ST","MARKET ST 1000",0.00,,N,A,-,N,,,,,,,,,,Y,4,0,1,1,A,-,01,23152,A,N,A,I,A,B,G,-,C,D,0,,,,,Y,Y,A,01,0,0,1,0,0,0,0,0,0,"- ","- ",,,"SAN FRANCISCO","SAN FRANCISCO",,
9316643,2021,2021-10-01,3801,2021-07-16,2257,2139,TARAV,5,5,7,3801,0,0,0,,0,901,"URBANO DR","VICTORIA ST",140.00,E,N,A,-,N,,,,,,,,,,Y,3,0,1,2,A,-,08,22107,,F,F,E,A,A,H,-,C,D,0,,,,,Y,Y,A,01,0,1,0,0,0,0,0,0,0,"- ","- ",,,"SAN FRANCISCO","SAN FRANCISCO",-122.46380615234375,37.725067138671875
9316644,2021,2021-10-14,3801,2021-07-15,0212,1133,CENTR,4,5,7,3801,0,0,0,,0,04A,"STOCKTON ST","GREEN ST",0.00,,Y,A,-,N,,,,,,,,,,Y,3,0,1,1,A,-,07,21658,A,N,E,I,A,A,H,-,C,A,0,,,,,Y,,A,08,0,1,0,0,0,0,0,0,0,"- ","- ",,,"SAN FRANCISCO","SAN FRANCISCO",-122.40898132324219,37.799495697021484
9316646,2021,2021-10-14,3801,2021-07-14,1929,2704,SOUTH,3,5,7,3801,0,0,0,,0,3B1,"THE EMBARCADERO NORTH","HARRISON ST",268.00,S,N,A,-,N,,,,,,,,,,Y,4,0,3,3,A,-,03,22350,,F,C,C,A,A,H,-,A,A,0,,,,,Y,,A,01,0,0,3,0,0,0,0,0,0,"- ","- ",,,"SAN FRANCISCO","SAN FRANCISCO",-122.38821411132812,37.788837432861328
9316647,2021,2021-10-14,3801,2021-07-14,1823,2286,TRAFF,3,5,7,3801,0,0,0,,0,4B3E,"IRVING ST","40TH AV",0.00,,Y,A,-,N,,,,,,,,,,Y,3,0,2,2,A,-,09,21802,A,N,D,C,A,A,H,-,A,A,0,,,,,Y,,A,01,0,1,1,0,0,0,0,0,0,"- ","- ",,,"SAN FRANCISCO","SAN FRANCISCO",-122.49961090087891,37.762569427490234
9316648,2021,2021-10-14,3801,2021-07-14,1605,2178,PARK,3,5,7,3801,0,0,0,,0,3F13D,"STANYAN ST","FULTON ST",0.00,,Y,A,-,N,,,,,,,,,,N,4,0,2,2,A,-,12,21453,A,N,D,C,A,A,H,-,A,A,0,,,,,Y,,A,01,0,0,2,0,0,0,0,0,0,"- ","- ",,,"SAN FRANCISCO","SAN FRANCISCO",-122.45465850830078,37.774745941162109
9316649,2021,2021-10-01,3801,2021-07-14,0922,1590,PARK,3,5,7,3801,0,0,0,,0,3F70,"WEBSTER ST","TURK ST",0.00,,Y,A,-,N,,,,,,,,,,N,4,0,1,2,A,-,05,21650,,N,A,C,A,A,-,-,A,-,0,,,Y,,Y,,C,03,0,0,1,0,0,0,0,0,1,"- ","- ",,,"SAN FRANCISCO","SAN FRANCISCO",-122.43048858642578,37.780685424804688
9316650,2021,2021-10-14,3801,2021-07-13,0707,1684,NORTH,2,5,7,3801,0,0,0,,0,,GOUGH,FRANCISCO,0.00,,Y,A,-,N,,,,,,,,,,N,4,0,1,2,A,-,10,21950,A,N,G,B,B,B,-,-,A,A,0,Y,,,,Y,,A,01,0,0,1,0,1,0,0,0,0,"- ","- ",,,"SAN FRANCISCO","SAN FRANCISCO",-122.42822265625,37.802799224853516
9316651,2021,2021-10-01,3801,2021-07-13,0208,1352,MISSI,2,5,7,3801,0,0,0,,0,3D13E,"22ND ST","HARRISON ST",0.00,,Y,A,-,N,,,,,,,,,,Y,4,0,1,3,A,-,"- ",,,M,C,E,A,A,H,-,C,A,0,,,,,Y,Y,A,01,0,0,1,0,0,0,0,0,0,"- ","- ",,,"SAN FRANCISCO","SAN FRANCISCO",-122.41222381591797,37.755836486816406
9316652,2021,2021-10-14,3801,2021-07-12,2148,2490,TENDE,1,5,7,3801,0,0,0,,0,3J14E,"LEAVENWORTH ST","EDDY ST",0.00,,Y,A,-,N,,,,,,,,,,N,4,0,1,2,A,-,10,21950,A,F,G,B,B,A,H,-,C,A,0,Y,,,,Y,,A,07,0,0,1,0,1,0,0,0,0,"- ","- ",,,"SAN FRANCISCO","SAN FRANCISCO",-122.41423797607422,37.783729553222656
9316653,2021,2021-10-12,3801,2021-07-12,1041,143,CENTR,1,5,7,3801,0,0,0,,0,,"FRONT ST","CALIFORNIA ST",0.00,,Y,-,-,N,,,,,,,,,,N,4,0,1,4,A,-,12,21453,A,N,B,C,B,A,H,-,A,A,0,Y,,,,Y,,A,01,0,0,1,0,1,0,0,0,0,"- ","- ",,,"SAN FRANCISCO","SAN FRANCISCO",-122.39881896972656,37.793365478515625
9316654,2021,2021-10-12,3801,2021-07-12,1015,4333,NORTH,1,5,7,3801,0,0,0,,0,,"GEARY ST","FRANKLIN ST",130.00,W,N,A,-,N,,,,,,,,,,Y,3,0,2,4,A,-,03,22350,,N,C,C,A,A,H,-,A,A,0,,,,,Y,,A,01,0,1,1,0,0,0,0,0,0,"- ","- ",,,"SAN FRANCISCO","SAN FRANCISCO",-122.4234619140625,37.785427093505859
9316655,2021,2021-10-12,3801,2021-07-11,1722,1740,CENTR,7,5,7,3801,0,0,0,,0,3A3D,"LEAVENWORTH ST","LEAVENWORTH ST 2138",0.00,,N,A,-,N,,,,,,,,,,N,3,0,1,2,A,-,09,21800,A,N,D,G,A,-,H,-,A,D,0,,Y,,,Y,,L,04,0,1,0,0,0,0,1,0,0,"- ","- ",,,"SAN FRANCISCO","SAN FRANCISCO",,
9316656,2021,2021-10-12,3801,2021-07-11,1447,2148,MISSI,7,5,7,3801,0,0,0,,0,,"MISSION ST","24TH ST",0.00,,Y,A,-,N,,,,,,,,,,N,4,0,1,2,A,-,21,22106,,N,G,B,B,A,H,-,A,A,0,Y,,,,Y,,A,01,0,0,1,0,1,0,0,0,0,"- ","- ",,,"SAN FRANCISCO","SAN FRANCISCO",-122.41848754882812,37.752262115478516
9316657,2021,2021-10-12,3801,2021-07-10,1913,2081,CENTR,6,5,7,3801,0,0,0,,0,001,"CALIFORNIA ST","HYDE ST",0.00,,Y,A,-,N,,,,,,,,,,Y,3,0,1,2,A,-,03,22350,,N,B,C,A,A,H,-,A,D,0,,,Y,,Y,,C,02,0,1,0,0,0,0,0,0,1,"- ","- ",,,"SAN FRANCISCO","SAN FRANCISCO",-122.41740417480469,37.790992736816406
9316658,2021,2021-10-12,3801,2021-07-10,1433,2334,TENDE,6,5,7,3801,0,0,0,,0,0J5,"EDDY ST","MASON ST",0.00,,Y,A,-,N,,,,,,,,,,N,3,0,1,1,A,-,03,22350,,N,H,G,A,B,H,-,A,A,0,,Y,,,Y,,L,04,0,1,0,0,0,0,1,0,0,"- ","- ",,,"SAN FRANCISCO","SAN FRANCISCO",-122.4093017578125,37.784374237060547
9316659,2021,2021-10-12,3801,2021-07-10,1200,859,TENDE,6,5,7,3801,0,0,0,,0,03J,"MARKET ST","4TH ST",17.00,E,N,A,-,N,,,,,,,,,,N,3,0,1,1,A,-,08,22107,,N,-,I,A,A,H,-,A,A,0,,Y,,,Y,,L,04,0,1,0,0,0,0,1,0,0,"- ","- ",,,"SAN FRANCISCO","SAN FRANCISCO",-122.40584564208984,37.785732269287109
9316660,2021,2021-10-12,3801,2021-07-10,1244,2375,RICHM,6,5,7,3801,0,0,0,,0,3G4A,"GEARY BL","40TH AV",0.00,,Y,A,-,N,,,,,,,,,,Y,3,0,1,2,A,-,04,21703,,F,B,C,A,A,H,-,A,A,0,,,Y,,Y,,C,02,0,1,0,0,0,0,0,0,1,"- ","- ",,,"SAN FRANCISCO","SAN FRANCISCO",-122.50074768066406,37.779289245605469
9316661,2021,2021-09-11,3801,2021-07-10,1041,859,TENDE,6,5,7,3801,0,0,0,,0,03J,"GOLDEN GATE AV","JONES ST",0.00,,Y,A,-,N,,,,,,,,,,,4,0,1,2,A,-,10,21950,A,N,A,B,B,A,H,-,A,A,0,Y,,,,Y,,A,01,0,0,1,0,1,0,0,0,0,"- ","- ",,,"SAN FRANCISCO","SAN FRANCISCO",-122.4122314453125,37.782081604003906
9316662,2021,2021-09-11,3801,2021-07-10,0530,1308,SOUTH,6,5,7,3801,0,0,0,,0,3B12E,"BRYANT ST","5TH ST",0.00,,Y,A,-,N,,,,,,,,,,Y,4,0,1,2,D,-,00,,,N,D,C,A,A,H,-,B,A,0,,,,,Y,,-,"- ",0,0,1,0,0,0,0,0,0,"- ","- ",,,"SAN FRANCISCO","SAN FRANCISCO",-122.40029144287109,37.777797698974609
9316663,2021,2021-09-11,3801,2021-07-09,2124,2457,SOUTH,5,5,7,3801,0,0,0,,0,3B12E,"MISSION ST","5TH ST",300.00,E,N,A,-,N,,,,,,,,,,N,4,0,1,2,A,-,08,22107,,N,B,C,A,A,H,-,C,D,0,,,Y,,Y,,A,01,0,0,1,0,0,0,0,0,1,"- ","- ",,,"SAN FRANCISCO","SAN FRANCISCO",-122.40574645996094,37.783317565917969
9316664,2021,2021-09-11,3801,2021-07-09,2047,2056,SOUTH,5,5,7,3801,0,0,0,,0,3B21D,"FOLSOM ST","HAWTHORNE ST",0.00,,Y,A,-,N,,,,,,,,,,N,4,0,2,2,D,-,00,,,N,D,C,A,A,H,-,A,A,0,,,,,Y,,-,"- ",0,0,2,0,0,0,0,0,0,"- ","- ",,,"SAN FRANCISCO","SAN FRANCISCO",-122.39783477783203,37.784683227539062
9316665,2021,2021-09-11,3801,2021-07-09,1955,399,PARK,5,5,7,3801,0,0,0,,0,001,"KEZAR DR","JOHN F KENNEDY DR",0.00,,Y,A,-,N,,,,,,,,,,N,3,0,1,2,A,-,12,22450,A,N,D,G,A,A,H,-,A,D,0,,Y,,,Y,,L,04,0,1,0,0,0,0,1,0,0,"- ","- ",,,"SAN FRANCISCO","SAN FRANCISCO",-122.45532989501953,37.770858764648438
9316666,2021,2021-09-16,3801,2021-07-09,1945,1268,SOUTH,5,5,7,3801,0,0,0,,0,3B114,"7TH ST","RT 80",0.00,,N,A,-,N,,,,,,,,,,N,4,0,2,3,A,-,10,21950,A,N,G,B,B,A,H,-,A,D,0,Y,,,,Y,,A,08,0,0,2,0,2,0,0,0,0,"- ",WF,37.774711608886719,-122.40541076660156,"SAN FRANCISCO","SAN FRANCISCO",-122.25693511962891,38.031650543212891
9317064,2021,2021-08-31,3801,2021-06-24,2040,76,TRAFF,4,5,7,3801,0,0,0,,0,4B3B,"GENEVA AV","CARTER ST",0.00,,Y,A,-,N,,,,,,,,,,Y,2,0,3,2,A,-,12,21453,A,N,-,C,A,A,-,-,C,A,0,,,,,Y,,A,01,1,0,2,0,0,0,0,0,0,"- ","- ",,,"SAN FRANCISCO","SAN FRANCISCO",-122.42338562011719,37.709270477294922
9318340,2021,2021-09-29,3801,2021-08-26,0901,910,3,4,5,7,3801,0,0,0,,0,002,"S STATE DR","LAKE BL",673.00,E,N,A,-,N,,,,,,,,,,N,2,0,1,1,A,-,03,22350,,N,F,J,A,A,H,-,A,D,0,,,Y,,Y,,C,02,1,0,0,0,0,0,0,0,1,"- ","- ",37.763370513916016,-122.43534851074219,"SAN FRANCISCO","SAN FRANCISCO",,
9320014,2021,2021-10-28,3801,2021-09-19,0158,4222,INGLE,7,5,7,3801,0,0,0,,0,3H11E,"ALEMANY BL","BAYSHORE BL",445.00,W,N,C,-,N,,,,,,,,,,Y,1,1,0,1,A,-,03,22350,,N,F,I,A,B,H,-,C,D,0,,,,,Y,,D,22,0,0,0,0,0,0,0,0,0,"- ","- ",,,"SAN FRANCISCO","SAN FRANCISCO",-122.40712738037109,37.737289428710938
9320019,2021,2021-11-01,3801,2021-10-04,2343,382,NORTH,1,5,7,3801,0,0,0,,0,3E5E,"RT 101","FRANCISCO ST",0.00,,Y,A,-,Y,SF,4,101,-,-,7.982,I,5,N,Y,1,1,0,2,A,-,01,23152,A,N,A,C,A,A,H,-,C,A,0,,,Y,,Y,Y,A,07,0,0,0,0,0,0,0,1,0,"- ","- ",,,"SAN FRANCISCO","SAN FRANCISCO",-122.44676971435547,37.800193786621094
9320212,2021,2021-12-21,3801,2021-11-10,0755,1936,TRAFF,3,5,7,3801,0,0,0,,0,4B1D,"FRANKLIN ST","UNION ST",0.00,,Y,B,-,N,,,,,,,,,,Y,1,1,1,7,A,-,12,21453,A,F,D,C,F,B,H,-,A,A,0,Y,,Y,Y,Y,,A,01,0,0,1,1,0,0,0,0,0,"- ","- ",,,"SAN FRANCISCO","SAN FRANCISCO",-122.42562103271484,37.798343658447266
9320384,2021,2022-02-15,3801,2021-11-29,0549,262,TRAFF,1,5,7,3801,0,0,0,,0,4B2G,"PHELPS ST","GALVEZ AV",100.00,N,N,A,-,N,,,,,,,,,,Y,1,1,0,2,A,-,11,21954,A,N,G,B,D,A,H,-,C,D,0,Y,,,,Y,Y,A,01,0,0,0,1,0,0,0,0,0,"- ","- ",,,"SAN FRANCISCO","SAN FRANCISCO",-122.38935852050781,37.741958618164062
9320386,2021,2022-02-15,3801,2021-12-17,0256,1766,TRAFF,5,5,7,3801,0,0,0,,0,4B103,"OAKDALE AV","NEWHALL ST",22.00,W,N,A,-,N,,,,,,,,,,Y,1,1,0,2,D,-,00,,,N,B,C,A,A,H,-,C,D,0,,,,,Y,,-,"- ",0,0,0,0,0,0,0,0,0,"- ","- ",,,"SAN FRANCISCO","SAN FRANCISCO",-122.39224243164062,37.735702514648438
9320387,2021,2022-03-17,3801,2021-12-17,0949,73,TRAFF,5,5,7,3801,0,0,0,,0,4B1B,"VAN NESS AV","SUTTER ST",125.00,S,N,A,-,Y,SF,4,101,-,-,5.720,H,-,N,Y,1,1,0,2,A,-,03,22350,,N,E,E,A,A,D,-,A,D,0,,,Y,,Y,,C,02,0,0,0,0,0,0,0,1,0,"- ","- ",,,"SAN FRANCISCO","SAN FRANCISCO",-122.42162322998047,37.787349700927734
9320503,2022,2022-03-25,3801,2022-01-05,2110,1574,NORTH,3,5,7,3801,0,0,0,,0,3E12E,"GEARY BLVD","LAGUNA ST",1.00,W,N,A,-,N,,,,,,,,,,Y,1,1,0,2,A,-,11,21456,C,N,G,B,B,A,H,-,C,A,0,Y,,,,Y,,N,60,0,0,0,1,0,0,0,0,0,"- ","- ",,,"SAN FRANCISCO","SAN FRANCISCO",-122.42800140380859,37.785037994384766
9320562,2021,2022-03-24,3801,2021-10-14,0105,899,NORTH,4,5,7,3801,0,0,0,,0,3E13E,"MCALLISTER ST","VAN NESS AV",47.00,W,N,A,-,N,,,,,,,,,,N,1,1,0,2,A,-,11,21955,,F,G,B,E,A,D,-,C,D,0,Y,,,,Y,,N,60,0,0,0,1,0,0,0,0,0,"- ","- ",,,"SAN FRANCISCO","SAN FRANCISCO",-122.42036437988281,37.780044555664062
9320563,2021,2022-03-24,3801,2021-10-20,2153,1766,TRAFF,3,5,7,3801,0,0,0,,0,4B103,"JAMESTOWN AV","HARNEY WAY",700.00,N,N,C,-,N,,,,,,,,,,Y,1,1,2,1,A,-,03,22350,,N,F,I,A,B,H,-,D,A,0,,,,,Y,,A,01,2,0,0,0,0,0,0,0,0,"- ","- ",,,"SAN FRANCISCO","SAN FRANCISCO",-122.38793182373047,37.712646484375
9320564,2021,2022-03-24,3801,2021-10-29,2315,1994,TRAFF,5,5,7,3801,0,0,0,,0,4B3G,"HARRISON ST","16TH ST",0.00,,Y,A,-,N,,,,,,,,,,Y,1,1,0,2,A,-,12,21453,A,N,D,C,A,A,H,-,C,A,0,,,Y,,Y,,A,07,0,0,0,0,0,0,0,1,0,"- ","- ",,,"SAN FRANCISCO","SAN FRANCISCO",-122.41314697265625,37.765449523925781
9320565,2021,2022-03-24,3801,2021-10-30,1216,1422,TRAFF,6,5,7,3801,0,0,0,,0,,"ILLINOIS ST","MARIN ST",341.00,S,N,B,-,N,,,,,,,,,,Y,1,1,0,2,A,-,03,22350,,N,E,J,A,A,A,-,A,D,0,,,Y,,Y,,C,02,0,0,0,0,0,0,0,1,0,"- ","- ",,,"SAN FRANCISCO","SAN FRANCISCO",-122.38644409179688,37.748146057128906
9320631,2022,2022-04-26,3801,2022-01-29,1934,1994,TRAFF,6,5,7,3801,0,0,0,,0,4B3G,"LINCOLN WY","46TH AV",0.00,,Y,A,-,N,,,,,,,,,,Y,1,1,1,2,A,-,09,21801,A,F,D,C,A,A,H,-,C,D,0,,,,,Y,,A,07,0,0,1,0,0,0,0,0,0,"- ","- ",,,"SAN FRANCISCO","SAN FRANCISCO",-122.50620269775391,37.76416015625
9320639,2022,2022-04-26,3801,2022-03-04,2044,1166,INGLE,5,5,7,3801,0,0,0,,0,901,"FRANCE AV","LONDON ST",101.00,W,N,B,-,N,,,,,,,,,,Y,1,1,0,2,D,-,00,,,N,B,C,A,B,H,-,C,D,0,,,,,Y,,-,"- ",0,0,0,0,0,0,0,0,0,"- ","- ",,,"SAN FRANCISCO","SAN FRANCISCO",-122.43787384033203,37.719810485839844
9320640,2022,2022-04-26,3801,2022-03-05,0015,2499,TARAV,6,5,7,3801,0,0,0,,0,3I13E,"QUINTARA ST","39TH AV",54.00,E,N,A,-,N,,,,,,,,,,Y,1,1,1,1,A,-,03,22350,,N,E,I,A,B,H,-,C,D,0,,,,,Y,,A,07,1,0,0,0,0,0,0,0,0,"- ","- ",,,"SAN FRANCISCO","SAN FRANCISCO",-122.49751281738281,37.7476806640625
9320732,2022,2022-05-24,3801,2022-03-02,0734,262,TRAFF,3,5,7,3801,0,0,0,,0,4B2G,"HARRISON ST","22ND ST",0.00,,Y,A,-,N,,,,,,,,,,Y,1,1,0,2,A,-,12,22450,A,N,D,C,A,A,H,-,A,A,0,,,,Y,Y,,-,"- ",0,0,0,0,0,0,0,0,0,"- ","- ",,,"SAN FRANCISCO","SAN FRANCISCO",-122.41222381591797,37.755836486816406
9320757,2022,2022-06-02,3801,2022-04-09,1458,76,BAYVI,6,5,7,3801,0,0,0,,0,4B3B,"EVANS AV","MANDELL ST",0.00,,Y,A,-,N,,,,,,,,,,Y,1,1,0,2,A,-,01,23152,A,F,D,C,A,A,H,-,A,A,0,,,Y,,Y,,D,22,0,0,0,0,0,0,0,1,0,"- ","- ",,,"SAN FRANCISCO","SAN FRANCISCO",-122.38475799560547,37.740852355957031
9320850,2022,2022-07-14,3801,2022-03-20,0852,262,TRAFF,7,5,7,3801,0,0,0,,0,4B2G,"BAYSHORE BL","OAKDALE AV",187.00,S,N,A,-,N,,,,,,,,,,Y,1,1,0,3,A,-,08,22107,,F,D,C,A,A,H,-,A,D,0,,,Y,Y,Y,,A,01,0,0,0,0,0,0,0,1,0,"- ","- ",,,"SAN FRANCISCO","SAN FRANCISCO",-122.40557098388672,37.742607116699219
9320895,2022,2022-07-12,3801,2022-05-01,2029,1766,TENDE,7,5,7,3801,0,0,0,,0,4B103,"TAYLOR ST","TURK ST",2.00,S,N,A,-,N,,,,,,,,,,N,1,1,0,3,A,-,12,21453,A,F,D,C,A,A,H,-,C,A,0,,,Y,,Y,,A,07,0,0,0,0,0,0,0,1,0,"- ","- ",,,"SAN FRANCISCO","SAN FRANCISCO",-122.41078186035156,37.783203125
9320932,2022,2022-07-26,3801,2022-05-22,1632,1994,TRAFF,7,5,7,3801,0,0,0,,0,4B3D,"3RD ST","MISSION ST",0.00,,Y,A,-,N,,,,,,,,,,Y,1,2,2,5,A,-,08,22100,A,N,B,C,F,A,H,-,A,A,0,Y,,,,Y,,A,01,1,0,1,2,1,0,0,0,0,"- ","- ",,,"SAN FRANCISCO","SAN FRANCISCO",-122.40200042724609,37.786266326904297
9320934,2022,2022-07-26,3801,2022-06-01,0357,4375,TRAFF,3,5,7,3801,0,0,0,,0,4B1F,"OAK ST","OCTAVIA BL",0.00,,Y,A,-,N,,,,,,,,,,Y,1,1,0,2,A,-,12,21453,A,N,D,C,A,A,H,-,C,A,0,,,,Y,Y,,M,94,0,0,0,0,0,0,0,0,0,"- ","- ",,,"SAN FRANCISCO","SAN FRANCISCO",-122.42430114746094,37.774799346923828
9321181,2022,2023-03-14,3801,2022-12-07,0923,707,TRAFF,3,5,7,3801,0,0,0,,0,4B1C,"CESAR CHAVEZ ST","S VAN NESS AV",0.00,,Y,A,-,N,,,,,,,,,,Y,1,1,1,2,A,-,09,21801,A,N,D,C,A,A,H,-,A,A,0,,,Y,,Y,,A,07,0,1,0,0,0,0,0,1,0,"- ","- ",,,"SAN FRANCISCO","SAN FRANCISCO",-122.41593170166016,37.748260498046875
9321188,2022,2023-03-13,3801,2022-12-25,2008,104,NORTH,7,5,7,3801,0,0,0,,0,4B4F,"LARKIN ST","EDDY ST",0.00,,Y,B,-,N,,,,,,,,,,N,1,1,0,2,A,-,12,21453,A,F,G,B,B,A,H,-,C,A,0,Y,,,,Y,,A,07,0,0,0,1,0,0,0,0,0,"- ","- ",,,"SAN FRANCISCO","SAN FRANCISCO",-122.41751861572266,37.783294677734375
9321189,2022,2023-03-16,3801,2022-12-24,0450,202,TRAFF,6,5,7,3801,0,0,0,,0,4B2D,"MARINA BL","FILLMORE ST",320.00,E,N,A,-,N,,,,,,,,,,Y,1,1,0,1,A,-,03,22350,,N,E,-,A,A,H,-,C,D,0,,,,,Y,,A,01,0,0,0,0,0,0,0,0,0,"- ","- ",,,"SAN FRANCISCO","SAN FRANCISCO",-122.43634033203125,37.806499481201172
9321190,2022,2023-03-16,3801,2022-12-28,0501,707,TRAFF,3,5,7,3801,0,0,0,,0,4B1C,"BAY ST","MIDWAY ST",8.00,W,N,A,-,N,,,,,,,,,,N,1,1,0,3,D,-,00,,,F,G,B,E,A,H,-,E,D,0,Y,,,Y,Y,,-,"- ",0,0,0,1,0,0,0,0,0,"- ","- ",,,"SAN FRANCISCO","SAN FRANCISCO",-122.40950775146484,37.806137084960938
9321434,2022,2022-08-01,3801,2022-04-08,0823,2202,INGLE,5,5,7,3801,0,0,0,,0,8H13A,"SILVER AV","OXFORD ST",0.00,,Y,A,-,N,,,,,,,,,,Y,3,0,2,2,A,-,12,22450,A,N,D,D,A,A,H,-,A,A,0,,,,,Y,,A,01,0,1,1,0,0,0,0,0,0,"- ","- ",,,"SAN FRANCISCO","SAN FRANCISCO",-122.42051696777344,37.728935241699219
9322520,2021,2021-10-08,3801,2021-08-03,1435,1804,TARAV,2,5,7,3801,0,0,0,,0,,"19TH AV","WINSTON DR",0.00,,Y,B,-,N,,,,,,,,,,Y,3,0,2,2,A,-,06,21755,A,N,D,C,A,A,H,-,A,A,0,,,Y,,Y,,C,03,0,1,1,0,0,0,0,0,1,"- ","- ",,,"SAN FRANCISCO","SAN FRANCISCO",-122.47492218017578,37.728935241699219