CASE_ID,ACCIDENT_YEAR,PROC_DATE,JURIS,COLLISION_DATE,COLLISION_TIME,OFFICER_ID,REPORTING_DISTRICT,DAY_OF_WEEK,CHP_SHIFT,POPULATION,CNTY_CITY_LOC,SPECIAL_COND,BEAT_TYPE,CHP_BEAT_TYPE,CITY_DIVISION_LAPD,CHP_BEAT_CLASS,BEAT_NUMBER,PRIMARY_RD,SECONDARY_RD,DISTANCE,DIRECTION,INTERSECTION,WEATHER_1,WEATHER_2,STATE_HWY_IND,CALTRANS_COUNTY,CALTRANS_DISTRICT,STATE_ROUTE,ROUTE_SUFFIX,POSTMILE_PREFIX,POSTMILE,LOCATION_TYPE,RAMP_INTERSECTION,SIDE_OF_HWY,TOW_AWAY,COLLISION_SEVERITY,NUMBER_KILLED,NUMBER_INJURED,PARTY_COUNT,PRIMARY_COLL_FACTOR,PCF_CODE_OF_VIOL,PCF_VIOL_CATEGORY,PCF_VIOLATION,PCF_VIOL_SUBSECTION,HIT_AND_RUN,TYPE_OF_COLLISION,MVIW,PED_ACTION,ROAD_SURFACE,ROAD_COND_1,ROAD_COND_2,LIGHTING,CONTROL_DEVICE,CHP_ROAD_TYPE,PEDESTRIAN_ACCIDENT,BICYCLE_ACCIDENT,MOTORCYCLE_ACCIDENT,TRUCK_ACCIDENT,NOT_PRIVATE_PROPERTY,ALCOHOL_INVOLVED,STWD_VEHTYPE_AT_FAULT,CHP_VEHTYPE_AT_FAULT,COUNT_SEVERE_INJ,COUNT_VISIBLE_INJ,COUNT_COMPLAINT_PAIN,COUNT_PED_KILLED,COUNT_PED_INJURED,COUNT_BICYCLIST_KILLED,COUNT_BICYCLIST_INJURED,COUNT_MC_KILLED,COUNT_MC_INJURED,PRIMARY_RAMP,SECONDARY_RAMP,LATITUDE,LONGITUDE,COUNTY,CITY,POINT_X,POINT_Y
9342511,2021,2021-10-20,3801,2021-09-01,0053,390,,3,5,7,3801,0,0,0,,0,005,"THE EMBRCADERO","WASHINGTON ST",41.00,N,N,B,-,N,,,,,,,,,,Y,4,0,2,2,A,-,08,22107,,N,B,C,A,A,H,-,C,A,0,,,,,Y,Y,A,01,0,0,2,0,0,0,0,0,0,"- ","- ",,,"SAN FRANCISCO","SAN FRANCISCO",-122.39563751220703,37.796733856201172
9342515,2021,2021-10-20,3801,2021-09-26,0210,1350,,7,5,7,3801,0,0,0,,0,,"3RD ST","OAKDALE AVE",0.00,,Y,A,-,N,,,,,,,,,,Y,4,0,3,2,A,-,03,22350,,N,D,C,A,A,H,-,C,A,0,,,,,Y,,-,"- ",0,0,3,0,0,0,0,0,0,"- ","- ",,,"SAN FRANCISCO","SAN FRANCISCO",-122.39076995849609,37.734832763671875
9342631,2021,2021-10-27,3801,2021-09-30,1708,4103,SOUTH,4,5,7,3801,0,0,0,,0,3B11D,"5TH ST","BLUXOME ST",0.00,,-,A,-,N,,,,,,,,,,N,4,0,1,2,A,-,09,21806,A,N,D,C,A,A,H,-,A,D,0,,,,,Y,,A,01,0,0,1,0,0,0,0,0,0,"- ","- ",,,"SAN FRANCISCO","SAN FRANCISCO",-122.39800262451172,37.775962829589844
9342633,2021,2021-10-27,3801,2021-09-29,0925,1892,,3,5,7,3801,0,0,0,,0,3H11A,"PORTOLA AVE","CLIFFORD ST",0.00,,Y,A,-,N,,,,,,,,,,Y,4,0,1,3,A,-,09,21801,,N,D,C,A,A,H,-,A,A,0,,,,,Y,,J,48,0,0,1,0,0,0,0,0,0,"- ","- ",,,"SAN FRANCISCO","SAN FRANCISCO",,
9342637,2021,2021-10-27,3801,2021-09-28,1623,104,,2,5,7,3801,0,0,0,,0,4B4A,"SERGEANT JOHN V YOUNG ST","REFERENCE POINT",6.00,E,N,A,-,N,,,,,,,,,,N,3,0,1,2,A,-,11,21950,B,N,G,B,B,A,H,-,A,D,0,Y,,,,Y,,N,60,0,1,0,0,1,0,0,0,0,"- ","- ",,,"SAN FRANCISCO","SAN FRANCISCO",,
9342638,2021,2021-10-28,3801,2021-09-05,0806,1500,"SAN F",7,5,7,3801,0,0,0,,0,CENTRA,POWELL,BROADWAY,57.00,S,N,A,-,N,,,,,,,,,,N,4,0,1,2,A,-,21,22106,,N,C,C,A,A,H,-,A,D,0,,,,,Y,,J,43,0,0,1,0,0,0,0,0,0,"- ","- ",,,"SAN FRANCISCO","SAN FRANCISCO",-122.41021728515625,37.797256469726562
9342895,2021,2021-11-22,3801,2021-08-01,1729,1830,NORTH,7,5,7,3801,0,0,0,,0,3E16D,"GREEN ST","GOUGH ST",0.00,,Y,A,-,N,,,,,,,,,,N,4,0,1,2,D,-,00,,,N,D,C,A,A,H,-,A,D,0,,,,,Y,,-,"- ",0,0,1,0,0,0,0,0,0,"- ","- ",,,"SAN FRANCISCO","SAN FRANCISCO",-122.42707824707031,37.797199249267578
9342904,2021,2021-10-12,3801,2021-08-04,0926,4035,TENDE,3,5,7,3801,0,0,0,,0,3J14A,"LEAVENWORTH ST","EDDY ST",0.00,,Y,A,-,N,,,,,,,,,,N,3,0,1,2,A,-,12,21453,A,N,D,B,B,A,H,-,A,A,0,Y,,,,Y,,-,,0,1,0,0,1,0,0,0,0,"- ","- ",,,"SAN FRANCISCO","SAN FRANCISCO",-122.41423797607422,37.783729553222656
9343021,2021,2021-10-14,3801,2021-08-31,2207,1442,NORTH,2,5,7,3801,0,0,0,,0,3E13E,"POLK ST","GOLDEN GATE AV",0.00,,Y,A,-,N,,,,,,,,,,N,3,0,1,3,A,-,12,21453,A,M,D,G,A,A,H,-,C,A,0,,Y,,,Y,,A,01,0,1,0,0,0,0,1,0,0,"- ","- ",,,"SAN FRANCISCO","SAN FRANCISCO",-122.41880035400391,37.781227111816406
9343022,2021,2021-10-14,3801,2021-08-31,1832,4023,MISSI,2,5,7,3801,0,0,0,,0,0D4,"S VAN NESS AV","CESAR CHAVEZ ST",150.00,N,N,A,-,N,,,,,,,,,,N,4,0,1,2,A,-,17,21663,,F,G,B,F,A,H,-,A,D,0,Y,,,,Y,Y,A,01,0,0,1,0,1,0,0,0,0,"- ","- ",,,"SAN FRANCISCO","SAN FRANCISCO",-122.41596221923828,37.748672485351562
9343023,2021,2021-10-14,3801,2021-08-31,1632,1613,MISSI,2,5,7,3801,0,0,0,,0,,"FOLSOM ST","15TH ST",144.00,S,N,A,-,N,,,,,,,,,,N,4,0,2,3,A,-,03,22350,A,F,C,C,A,A,H,-,A,D,0,,,,,Y,,A,01,0,0,2,0,0,0,0,0,0,"- ","- ",,,"SAN FRANCISCO","SAN FRANCISCO",-122.41542053222656,37.766536712646484
9343024,2021,2021-10-14,3801,2021-08-31,1602,706,TARAV,2,5,7,3801,0,0,0,,0,3I13D,"37TH AV","IRVING ST",0.00,,Y,A,-,N,,,,,,,,,,N,3,0,1,2,A,-,12,22450,A,N,D,C,A,A,H,-,A,D,0,,,,,Y,,-,,0,1,0,0,0,0,0,0,0,"- ","- ",,,"SAN FRANCISCO","SAN FRANCISCO",-122.49643707275391,37.762729644775391
9343025,2021,2021-10-14,3801,2021-08-31,1600,262,TRAFF,2,5,7,3801,0,0,0,,0,4B4G,"SILVER AV","GIRARD ST",10.00,W,N,A,-,N,,,,,,,,,,N,3,0,1,2,A,-,10,21950,A,N,G,B,B,A,H,-,A,D,0,Y,,,,Y,,A,01,0,1,0,0,1,0,0,0,0,"- ","- ",,,"SAN FRANCISCO","SAN FRANCISCO",-122.40663146972656,37.732131958007812
9343026,2021,2021-10-14,3801,2021-08-30,1806,2704,SOUTH,1,5,7,3801,0,0,0,,0,3B4,"10TH ST","BRYANT ST",0.00,,Y,A,-,N,,,,,,,,,,N,3,0,1,2,D,-,00,,,N,C,C,A,A,H,-,A,A,0,,,Y,,Y,,-,"- ",0,1,0,0,0,0,0,0,1,"- ","- ",,,"SAN FRANCISCO","SAN FRANCISCO",-122.40973663330078,37.770336151123047
9343027,2021,2021-10-14,3801,2021-08-31,1107,1679,CENTR,2,5,7,3801,0,0,0,,0,3A13C,"THE EMBARCADERO","WASHINGTON ST",349.00,S,N,A,-,N,,,,,,,,,,Y,4,0,1,3,A,-,04,21703,,N,C,C,A,A,H,-,A,A,0,,,,,Y,,A,01,0,0,1,0,0,0,0,0,0,"- ","- ",,,"SAN FRANCISCO","SAN FRANCISCO",-122.39488220214844,37.795845031738281
9343028,2021,2021-10-14,3801,2021-08-04,1307,1530,BAYVI,3,5,7,3801,0,0,0,,0,3C67,"BAY SHORE BL","SILVER AV",404.00,S,N,A,-,N,,,,,,,,,,Y,3,0,1,2,A,-,12,21453,A,N,D,C,A,A,H,-,A,A,0,,,,,Y,,A,01,0,1,0,0,0,0,0,0,0,"- ","- ",,,"SAN FRANCISCO","SAN FRANCISCO",-122.40411376953125,37.73193359375
9343029,2021,2021-10-14,3801,2021-08-01,1745,4022,MISSI,7,5,7,3801,0,0,0,,0,3D14D,"MISSION ST","25TH ST",25.00,S,N,A,-,N,,,,,,,,,,N,3,0,1,2,A,-,17,22517,,F,D,G,A,A,H,-,A,A,0,,Y,,,Y,,A,07,0,1,0,0,0,0,1,0,0,"- ","- ",,,"SAN FRANCISCO","SAN FRANCISCO",-122.41829681396484,37.750591278076172
9343030,2021,2021-10-14,3801,2021-08-01,1841,2737,BAYVI,7,5,7,3801,0,0,0,,0,3C91F,"THORNTON AV","3RD ST",0.00,,Y,A,-,N,,,,,,,,,,Y,4,0,2,3,A,-,03,22350,A,F,A,C,A,A,H,-,A,A,0,,,,,Y,,A,01,0,0,2,0,0,0,0,0,0,"- ","- ",,,"SAN FRANCISCO","SAN FRANCISCO",-122.39225006103516,37.730628967285156
9343031,2021,2021-10-14,3801,2021-08-01,1915,1148,MISSI,7,5,7,3801,0,0,0,,0,3D16D,"16TH ST","S VAN NESS AV",118.00,E,N,A,-,N,,,,,,,,,,Y,4,0,1,2,A,-,12,21453,A,F,D,C,A,A,H,-,A,D,0,,,,,Y,,-,"- ",0,0,1,0,0,0,0,0,0,"- ","- ",,,"SAN FRANCISCO","SAN FRANCISCO",-122.41708374023438,37.765201568603516
9343032,2021,2021-10-14,3801,2021-08-01,1934,4277,BAYVI,7,5,7,3801,0,0,0,,0,3C4D,"SAN BRUNO AV","SILVER AV",0.00,,Y,A,-,N,,,,,,,,,,N,4,0,1,2,A,-,10,21950,A,N,G,B,B,A,H,-,B,A,0,Y,,,,Y,,A,01,0,0,1,0,1,0,0,0,0,"- ","- ",,,"SAN FRANCISCO","SAN FRANCISCO",-122.40561676025391,37.732444763183594
9343033,2021,2021-10-20,3801,2021-08-01,2355,1042,TENDE,7,5,7,3801,0,0,0,,0,3J14E,"LEAVENWORTH ST","LEAVENWORTH ST 246",0.00,,-,A,-,N,,,,,,,,,,N,3,0,1,2,A,-,05,21651,B,N,A,J,A,A,H,-,C,A,0,,,,,Y,Y,-,,0,1,0,0,0,0,0,0,0,"- ","- ",,,"SAN FRANCISCO","SAN FRANCISCO",,
9343034,2021,2021-10-14,3801,2021-08-02,0753,1276,SOUTH,1,5,7,3801,0,0,0,,0,3B12A,"NATOMA ST","6TH ST",0.00,,Y,A,-,N,,,,,,,,,,,4,0,1,2,A,-,17,21657,,F,D,J,A,A,H,-,A,A,0,,,,,Y,,A,07,0,0,1,0,0,0,0,0,0,"- ","- ",,,"SAN FRANCISCO","SAN FRANCISCO",-122.40766906738281,37.780181884765625
9343035,2021,2021-10-14,3801,2021-08-01,1420,2702,BAYVI,7,5,7,3801,0,0,0,,0,3C3C,"MCKINNON AV","NEWHALL ST",0.00,,Y,A,-,N,,,,,,,,,,Y,4,0,1,2,A,-,03,22350,,N,D,C,A,A,H,-,A,A,0,,,,,Y,,A,01,0,0,1,0,0,0,0,0,0,"- ","- ",,,"SAN FRANCISCO","SAN FRANCISCO",-122.39109802246094,37.736900329589844
9343036,2021,2021-10-14,3801,2021-08-01,1420,1693,BAYVI,7,5,7,3801,0,0,0,,0,901,"ILLINOIS ST","AMADOR ST",60.00,N,N,A,-,N,,,,,,,,,,N,3,0,2,2,B,-,22,,,N,C,-,A,A,H,-,A,D,0,,Y,,,Y,,L,04,0,1,1,0,0,0,2,0,0,"- ","- ",,,"SAN FRANCISCO","SAN FRANCISCO",-122.38605499267578,37.745933532714844
9343037,2021,2021-10-14,3801,2021-08-01,1336,4335,NORTH,7,5,7,3801,0,0,0,,0,901,"MARINA BL","DIVISADERO ST",0.00,,Y,A,-,N,,,,,,,,,,N,3,0,2,2,A,-,05,21650,,N,A,G,A,A,H,-,A,D,0,,Y,,,Y,,L,04,0,2,0,0,0,0,2,0,0,"- ","- ",,,"SAN FRANCISCO","SAN FRANCISCO",-122.44400024414062,37.805587768554688
9343038,2021,2021-10-14,3801,2021-08-03,1249,1817,CENTR,2,5,7,3801,0,0,0,,0,3A13C,"KEARNY ST","PINE ST",0.00,,Y,A,-,N,,,,,,,,,,N,4,0,1,2,A,-,10,21950,A,N,A,B,B,A,H,-,A,A,0,Y,,,,Y,,A,01,0,0,1,0,1,0,0,0,0,"- ","- ",,,"SAN FRANCISCO","SAN FRANCISCO",-122.40421295166016,37.791694641113281
9343039,2021,2021-10-14,3801,2021-08-03,1106,2750,PARK,2,5,7,3801,0,0,0,,0,3F13A,"3RD AV","LINCOLN WY",0.00,,Y,A,-,N,,,,,,,,,,N,4,0,1,2,A,-,17,21235,G,N,D,C,A,A,H,-,A,D,0,,,,,Y,,-,,0,0,1,0,0,0,0,0,0,"- ","- ",,,"SAN FRANCISCO","SAN FRANCISCO",-122.45993041992188,37.766170501708984
9343040,2021,2021-10-14,3801,2021-08-02,2015,4314,RICHM,1,5,7,3801,0,0,0,,0,0G3,"GEARY BL","16TH AV",25.00,W,N,A,-,N,,,,,,,,,,N,4,0,1,2,A,-,03,22350,,N,C,C,A,A,H,-,C,A,0,,,,,Y,,A,07,0,0,1,0,0,0,0,0,0,"- ","- ",,,"SAN FRANCISCO","SAN FRANCISCO",-122.47519683837891,37.780574798583984
9343089,2021,2021-10-13,3801,2021-06-30,1345,455,SOUTH,3,5,7,3801,0,0,0,,0,0B1,"MISSION ST","FREMONT ST",0.00,,Y,A,-,N,,,,,,,,,,N,4,0,1,2,A,-,08,22101,D,N,D,G,A,A,H,-,A,A,0,,Y,,,Y,,A,07,0,0,1,0,0,0,1,0,0,"- ","- ",,,"SAN FRANCISCO","SAN FRANCISCO",-122.39669036865234,37.790470123291016
9343121,2021,2021-10-08,3801,2021-08-02,2125,2237,SOUTH,1,5,7,3801,0,0,0,,0,003,"6TH ST","MISSION ST",0.00,,Y,A,-,N,,,,,,,,,,N,2,0,1,2,A,-,10,21950,A,F,G,B,B,A,H,-,C,A,0,Y,,,,Y,,A,01,1,0,0,0,1,0,0,0,0,"- ","- ",,,"SAN FRANCISCO","SAN FRANCISCO",-122.40869140625,37.780982971191406
9343122,2021,2021-10-08,3801,2021-08-02,1802,2195,NORTH,1,5,7,3801,0,0,0,,0,001,"DIVISADERO ST","FELL ST",0.00,,Y,A,-,N,,,,,,,,,,N,3,0,2,2,D,-,00,,,N,B,G,A,A,H,-,A,A,0,,Y,,,Y,,-,"- ",0,2,0,0,0,0,1,0,0,"- ","- ",,,"SAN FRANCISCO","SAN FRANCISCO",-122.43759918212891,37.774063110351562
9343123,2021,2021-10-08,3801,2021-08-01,0048,709,BAYVI,7,5,7,3801,0,0,0,,0,3C15E,"3RD ST","BAYSHORE BL",0.00,,Y,A,-,N,,,,,,,,,,Y,2,0,2,2,A,-,03,22350,,N,D,G,A,A,H,-,C,A,0,,Y,Y,,Y,,C,02,1,0,1,0,0,0,1,0,1,"- ","- ",,,"SAN FRANCISCO","SAN FRANCISCO",-122.39888000488281,37.715229034423828
9343124,2021,2021-10-08,3801,2021-08-05,1335,2450,INGLE,4,5,7,3801,0,0,0,,0,3H13C,"ALEMANY BL","NIAGARA AV",0.00,,Y,A,-,N,,,,,,,,,,Y,3,0,2,2,A,-,09,21801,A,N,D,C,A,A,H,-,A,A,0,,,,,Y,,A,07,0,1,1,0,0,0,0,0,0,"- ","- ",,,"SAN FRANCISCO","SAN FRANCISCO",-122.44346618652344,37.717002868652344
9343125,2021,2021-10-08,3801,2021-08-05,1331,4118,MISSI,4,5,7,3801,0,0,0,,0,0D3,"CAPP ST","20TH ST",130.00,N,N,A,-,N,,,,,,,,,,N,4,0,1,2,A,-,03,22350,,N,B,D,A,A,H,-,A,D,0,,,Y,,Y,,C,02,0,0,1,0,0,0,0,0,1,"- ","- ",,,"SAN FRANCISCO","SAN FRANCISCO",-122.41799163818359,37.759037017822266
9343126,2021,2021-10-08,3801,2021-08-05,1449,1481,TENDE,4,5,7,3801,0,0,0,,0,3J91C,"OFARRELL ST","JONES ST",0.00,,Y,A,-,N,,,,,,,,,,Y,4,0,2,4,A,-,12,21453,A,N,D,C,A,A,H,-,A,A,0,,,,,Y,,A,01,0,0,2,0,0,0,0,0,0,"- ","- ",,,"SAN FRANCISCO","SAN FRANCISCO",-122.41297149658203,37.785797119140625
9343127,2021,2021-10-08,3801,2021-08-05,0052,1371,NORTH,4,5,7,3801,0,0,0,,0,006,"LOMBARD ST","FRANKLIN ST",0.00,,Y,C,-,N,,,,,,,,,,N,4,0,1,2,A,-,12,21453,A,N,D,C,A,B,H,-,C,A,0,,,,,Y,,D,22,0,0,1,0,0,0,0,0,0,"- ","- ",,,"SAN FRANCISCO","SAN FRANCISCO",-122.42620086669922,37.801105499267578
9343128,2021,2021-10-08,3801,2021-08-05,0205,367,CENTR,4,5,7,3801,0,0,0,,0,3A13E,"LARKIN ST","GREEN ST",0.00,,Y,C,-,N,,,,,,,,,,N,4,0,1,1,A,-,03,22350,,N,H,A,A,B,H,-,C,D,0,,,Y,,Y,,C,02,0,0,1,0,0,0,0,0,1,"- ","- ",,,"SAN FRANCISCO","SAN FRANCISCO",-122.42048645019531,37.798057556152344
9343129,2021,2021-10-19,3801,2021-08-04,2221,1074,RICHM,3,5,7,3801,0,0,0,,0,3G13E,"BALBOA ST","25TH AV",0.00,,Y,F,-,N,,,,,,,,,,N,4,0,1,2,A,-,12,21453,A,N,D,B,A,B,H,-,C,A,0,,,,,Y,,M,94,0,0,1,0,0,0,0,0,0,"- ","- ",,,"SAN FRANCISCO","SAN FRANCISCO",-122.48443603515625,37.776302337646484
9343130,2021,2021-10-08,3801,2021-08-04,1630,2239,INGLE,3,5,7,3801,0,0,0,,0,3H11D,"CRESCENT AV","BACHE ST",0.00,,Y,A,-,N,,,,,,,,,,N,3,0,1,2,A,-,06,21750,,M,B,C,A,A,H,-,A,D,0,,,Y,,Y,,C,02,0,1,0,0,0,0,0,0,1,"- ","- ",,,"SAN FRANCISCO","SAN FRANCISCO",-122.41748046875,37.734939575195312
9343131,2021,2021-10-08,3801,2021-08-04,1312,1926,NORTH,3,5,7,3801,0,0,0,,0,3E12A,"OFARRELL ST","STEINER ST",0.00,,Y,A,-,N,,,,,,,,,,N,4,0,1,2,A,-,17,22517,,N,H,G,A,A,H,-,A,A,0,,Y,,,Y,,-,,0,0,1,0,0,0,1,0,0,"- ","- ",,,"SAN FRANCISCO","SAN FRANCISCO",-122.43433380126953,37.783069610595703
9343132,2021,2021-10-08,3801,2021-08-01,1941,1994,TRAFF,7,5,7,3801,0,0,0,,0,4B3G,"VALENCIA ST","18TH ST",0.00,,Y,A,-,N,,,,,,,,,,Y,2,0,1,2,A,-,12,21453,A,N,D,C,A,A,H,-,A,A,0,,,,,Y,,M,94,1,0,0,0,0,0,0,0,0,"- ","- ",,,"SAN FRANCISCO","SAN FRANCISCO",-122.42156219482422,37.761714935302734
9343133,2021,2021-10-08,3801,2021-08-06,0042,1225,NORTH,5,5,7,3801,0,0,0,,0,3E14E,"BUSH ST","DIVISADERO ST",0.00,,Y,A,-,N,,,,,,,,,,Y,4,0,1,2,A,-,12,21453,A,F,D,C,A,A,H,-,C,A,0,,,,,Y,,A,01,0,0,1,0,0,0,0,0,0,"- ","- ",,,"SAN FRANCISCO","SAN FRANCISCO",-122.44004821777344,37.78619384765625
9343134,2021,2021-10-08,3801,2021-08-06,1115,4361,MISSI,5,5,7,3801,0,0,0,,0,3D15A,"FOLSOM ST","22ND ST",70.00,N,N,-,-,N,,,,,,,,,,N,4,0,1,2,A,-,21,22106,,F,G,B,E,-,-,-,A,D,0,Y,,,,Y,,A,01,0,0,1,0,1,0,0,0,0,"- ","- ",,,"SAN FRANCISCO","SAN FRANCISCO",-122.41440582275391,37.755912780761719
9343135,2021,2021-10-08,3801,2021-08-06,2333,623,BAYVI,5,5,7,3801,0,0,0,,0,3C11E,"25TH ST","CONNECTICUT ST",300.00,E,N,A,-,N,,,,,,,,,,Y,3,0,1,2,A,-,07,21658,,F,A,C,A,A,H,-,C,A,0,,,,,Y,Y,A,01,0,1,0,0,0,0,0,0,0,"- ","- ",,,"SAN FRANCISCO","SAN FRANCISCO",-122.39547729492188,37.752384185791016
9343136,2021,2021-10-08,3801,2021-08-06,1741,2431,RICHM,5,5,7,3801,0,0,0,,0,3G13D,"GEARY BL","28TH AV",0.00,,Y,A,-,N,,,,,,,,,,N,3,0,1,2,A,-,08,22101,D,N,D,C,A,A,H,-,A,A,0,,,Y,,Y,,A,01,0,1,0,0,0,0,0,0,1,"- ","- ",,,"SAN FRANCISCO","SAN FRANCISCO",-122.48794555664062,37.780021667480469
9343137,2021,2021-10-08,3801,2021-08-07,1015,3E2A,NORTH,6,5,7,3801,0,0,0,,0,3E2A,"MCALLISTER ST","STEINER ST",0.00,,Y,A,-,N,,,,,,,,,,N,3,0,1,2,A,-,10,21950,A,N,-,B,B,-,H,-,A,A,0,Y,,,,Y,,A,01,0,1,0,0,1,0,0,0,0,"- ","- ",,,"SAN FRANCISCO","SAN FRANCISCO",-122.43339538574219,37.778419494628906
9343138,2021,2021-10-08,3801,2021-08-06,2212,4039,CENTR,5,5,7,3801,0,0,0,,0,3A4,"PIER 5","THE EMBARCADERO N",0.00,W,N,A,-,N,,,,,,,,,,N,4,0,1,1,A,-,03,22350,,N,H,A,A,A,H,-,C,D,0,,,,,Y,,M,94,0,0,1,0,0,0,0,0,0,"- ","- ",,,"SAN FRANCISCO","SAN FRANCISCO",-122.39646148681641,37.798084259033203
9343139,2021,2021-10-08,3801,2021-08-05,2209,1350,BAYVI,4,5,7,3801,0,0,0,,0,3C13E,"MCKINNON AV","3RD ST",0.00,,Y,A,-,N,,,,,,,,,,N,3,0,1,2,A,-,08,22101,D,F,G,B,B,A,H,-,C,A,0,Y,,,,Y,,A,01,0,1,0,0,1,0,0,0,0,"- ","- ",,,"SAN FRANCISCO","SAN FRANCISCO",-122.39020538330078,37.736423492431641
9343140,2021,2021-10-13,3801,2021-08-05,1224,1926,NORTH,4,5,7,3801,0,0,0,,0,3E15A,"LOMBARD ST","DIVISADERO ST",0.00,,-,A,-,N,,,,,,,,,,N,3,0,1,2,A,-,11,21955,,N,G,B,D,A,H,-,A,A,0,Y,,,,Y,,N,60,0,1,0,0,1,0,0,0,0,"- ","- ",,,"SAN FRANCISCO","SAN FRANCISCO",-122.44264984130859,37.79901123046875
9343143,2021,2021-10-07,3801,2021-08-05,0927,993,SOUTH,4,5,7,3801,0,0,0,,0,2CAR,"5TH ST","TEHAMA ST",0.00,,Y,C,-,N,,,,,,,,,,N,3,0,1,2,A,-,00,21955,A,F,G,B,D,B,H,-,A,D,0,Y,,,,Y,,N,60,0,1,0,0,1,0,0,0,0,"- ","- ",,,"SAN FRANCISCO","SAN FRANCISCO",-122.40440368652344,37.781089782714844
9343144,2021,2021-10-07,3801,2021-08-05,1348,1062,MISSI,4,5,7,3801,0,0,0,,0,3D45C,"13TH ST","S VAN NESS AV",0.00,,Y,A,-,N,,,,,,,,,,N,4,0,1,2,A,-,17,21461,A,N,A,B,B,A,H,-,A,A,0,Y,,,,Y,,A,01,0,0,1,0,1,0,0,0,0,"- ","- ",,,"SAN FRANCISCO","SAN FRANCISCO",-122.41777801513672,37.7696533203125
9343145,2021,2021-10-19,3801,2021-08-22,0235,1510,MISSI,7,5,7,3801,0,0,0,,0,3D15E,"13TH ST","HARRISON ST",0.00,,Y,A,-,N,,,,,,,,,,Y,4,0,4,2,D,-,00,,,N,D,C,A,A,H,-,C,A,0,,,,,Y,,-,"- ",0,0,4,0,0,0,0,0,0,"- ","- ",,,"SAN FRANCISCO","SAN FRANCISCO",-122.41340637207031,37.769454956054688
9343146,2021,2021-10-07,3801,2021-08-20,1700,2419,RICHM,5,5,7,3801,0,0,0,,0,0G2,"GEARY BL","MASONIC AV",0.00,,Y,B,-,N,,,,,,,,,,N,3,0,1,2,A,-,11,21950,B,N,D,B,D,A,H,-,A,A,0,Y,,,,Y,,N,60,0,1,0,0,1,0,0,0,0,"- ","- ",,,"SAN FRANCISCO","SAN FRANCISCO",-122.44786834716797,37.782279968261719
9343147,2021,2021-10-07,3801,2021-08-21,0826,750,TENDE,6,5,7,3801,0,0,0,,0,3J13A,"LEAVENWORTH ST","LEAVENWORTH ST 121",0.00,,Y,A,-,N,,,,,,,,,,N,4,0,1,2,A,-,03,22350,,M,C,E,A,A,H,-,A,A,0,,,,,Y,,-,,0,0,1,0,0,0,0,0,0,"- ","- ",,,"SAN FRANCISCO","SAN FRANCISCO",,
9343148,2021,2021-10-07,3801,2021-08-20,1750,1759,BAYVI,5,5,7,3801,0,0,0,,0,0C3,"KIRKWOOD AV","KIRKWOOD AV 1476",0.00,,Y,A,-,N,,,,,,,,,,N,4,0,1,2,A,-,03,22350,,N,G,B,D,A,H,-,A,D,0,Y,,,,Y,,A,08,0,0,1,0,1,0,0,0,0,"- ","- ",,,"SAN FRANCISCO","SAN FRANCISCO",,
9343149,2021,2021-10-07,3801,2021-08-20,1717,2153,SOUTH,5,5,7,3801,0,0,0,,0,3B13D,"MISSION ST","MISSION ST 1400",0.00,,Y,A,-,N,,,,,,,,,,Y,4,0,1,2,A,-,17,21707,,N,C,C,A,A,H,-,A,A,0,,,Y,,Y,,C,02,0,0,1,0,0,0,0,0,1,"- ","- ",,,"SAN FRANCISCO","SAN FRANCISCO",-122.41979217529297,37.7705078125
9343150,2021,2021-10-07,3801,2021-08-30,1345,1530,TENDE,1,5,7,3801,0,0,0,,0,3J98C,"JONES ST","ELLIS ST",64.00,S,N,A,-,N,,,,,,,,,,N,2,0,1,1,A,-,03,22350,,N,H,J,A,A,H,-,A,A,0,,,Y,,Y,,C,03,1,0,0,0,0,0,0,0,1,"- ","- ",,,"SAN FRANCISCO","SAN FRANCISCO",-122.41274261474609,37.784725189208984
9343156,2021,2021-10-07,3801,2021-08-13,2347,1463,SOUTH,5,5,7,3801,0,0,0,,0,0B3,"8TH ST","NATOMA ST",0.00,,Y,A,-,N,,,,,,,,,,N,3,0,1,2,A,-,03,22350,,N,C,C,A,A,H,-,C,A,0,,,,,Y,,A,01,0,1,0,0,0,0,0,0,0,"- ","- ",,,"SAN FRANCISCO","SAN FRANCISCO",-122.41213226318359,37.776664733886719
9343157,2021,2021-10-07,3801,2021-08-14,0104,1454,NORTH,6,5,7,3801,0,0,0,,0,3E15E,"LOMBARD ST","FILLMORE ST",0.00,,Y,A,-,N,,,,,,,,,,N,3,0,1,2,A,-,10,21950,A,F,G,B,B,A,H,-,C,A,0,Y,,,,Y,Y,-,,0,1,0,0,1,0,0,0,0,"- ","- ",,,"SAN FRANCISCO","SAN FRANCISCO",-122.43605041503906,37.799846649169922
9343158,2021,2021-10-07,3801,2021-08-13,2310,2357,RICHM,5,5,7,3801,0,0,0,,0,3G13E,"SANTA ROSA AV","MISSION ST",98.00,W,N,A,-,N,,,,,,,,,,N,3,0,1,2,A,-,03,22350,,N,C,E,A,A,H,-,C,D,0,,Y,,,Y,,-,,0,1,0,0,0,0,1,0,0,"- ","- ",,,"SAN FRANCISCO","SAN FRANCISCO",-122.43429565429688,37.725898742675781
9343159,2021,2021-10-07,3801,2021-08-13,1858,4118,MISSI,5,5,7,3801,0,0,0,,0,0D1,"VALENCIA ST","18TH ST",0.00,,Y,B,-,N,,,,,,,,,,N,2,0,2,2,A,-,03,22350,,N,G,B,E,A,H,-,B,A,0,Y,,,,Y,,-,,1,0,1,0,1,0,0,0,0,"- ","- ",,,"SAN FRANCISCO","SAN FRANCISCO",-122.42156219482422,37.761714935302734