CASE_ID,ACCIDENT_YEAR,PROC_DATE,JURIS,COLLISION_DATE,COLLISION_TIME,OFFICER_ID,REPORTING_DISTRICT,DAY_OF_WEEK,CHP_SHIFT,POPULATION,CNTY_CITY_LOC,SPECIAL_COND,BEAT_TYPE,CHP_BEAT_TYPE,CITY_DIVISION_LAPD,CHP_BEAT_CLASS,BEAT_NUMBER,PRIMARY_RD,SECONDARY_RD,DISTANCE,DIRECTION,INTERSECTION,WEATHER_1,WEATHER_2,STATE_HWY_IND,CALTRANS_COUNTY,CALTRANS_DISTRICT,STATE_ROUTE,ROUTE_SUFFIX,POSTMILE_PREFIX,POSTMILE,LOCATION_TYPE,RAMP_INTERSECTION,SIDE_OF_HWY,TOW_AWAY,COLLISION_SEVERITY,NUMBER_KILLED,NUMBER_INJURED,PARTY_COUNT,PRIMARY_COLL_FACTOR,PCF_CODE_OF_VIOL,PCF_VIOL_CATEGORY,PCF_VIOLATION,PCF_VIOL_SUBSECTION,HIT_AND_RUN,TYPE_OF_COLLISION,MVIW,PED_ACTION,ROAD_SURFACE,ROAD_COND_1,ROAD_COND_2,LIGHTING,CONTROL_DEVICE,CHP_ROAD_TYPE,PEDESTRIAN_ACCIDENT,BICYCLE_ACCIDENT,MOTORCYCLE_ACCIDENT,TRUCK_ACCIDENT,NOT_PRIVATE_PROPERTY,ALCOHOL_INVOLVED,STWD_VEHTYPE_AT_FAULT,CHP_VEHTYPE_AT_FAULT,COUNT_SEVERE_INJ,COUNT_VISIBLE_INJ,COUNT_COMPLAINT_PAIN,COUNT_PED_KILLED,COUNT_PED_INJURED,COUNT_BICYCLIST_KILLED,COUNT_BICYCLIST_INJURED,COUNT_MC_KILLED,COUNT_MC_INJURED,PRIMARY_RAMP,SECONDARY_RAMP,LATITUDE,LONGITUDE,COUNTY,CITY,POINT_X,POINT_Y
9345157,2021,2021-10-26,3801,2021-09-27,1032,1978,BAYVI,1,5,7,3801,0,0,0,,0,001,"23RD ST","MINNESOTA ST",0.00,,Y,B,-,N,,,,,,,,,,Y,4,0,1,2,A,-,08,22100,A,F,A,C,A,A,H,-,A,A,0,,,,,Y,,A,07,0,0,1,0,0,0,0,0,0,"- ","- ",,,"SAN FRANCISCO","SAN FRANCISCO",-122.38997650146484,37.755268096923828
9345159,2021,2022-01-03,3801,2021-09-14,1740,1926,NORTH,2,5,7,3801,0,0,0,,0,3E13D,"OCTAVIA ST","OAK ST",0.00,,Y,A,-,N,,,,,,,,,,N,4,0,1,2,A,-,08,22107,,N,B,C,A,A,H,-,A,A,0,,,,,Y,,D,22,0,0,1,0,0,0,0,0,0,"- ","- ",,,"SAN FRANCISCO","SAN FRANCISCO",-122.42430114746094,37.774799346923828
9345161,2021,2022-03-18,3801,2021-09-02,1540,1784,TENDE,4,5,7,3801,0,0,0,,0,3J13D,"TURK ST","LEAVENWORTH ST",40.00,W,N,A,-,N,,,,,,,,,,N,4,0,1,2,A,-,21,22106,,N,G,B,F,A,H,-,A,A,0,Y,,,Y,Y,,F,26,0,0,1,0,1,0,0,0,0,"- ","- ",,,"SAN FRANCISCO","SAN FRANCISCO",-122.41417694091797,37.782779693603516
9345163,2021,2022-07-29,3801,2021-09-05,1505,4314,RICH,7,5,7,3801,0,0,0,,0,0G2,"ARGUELLO BL","CABRILLO ST",68.00,N,N,A,-,N,,,,,,,,,,N,4,0,1,1,A,-,03,22350,,N,F,I,A,A,H,-,A,D,0,,,,,Y,,M,94,0,0,1,0,0,0,0,0,0,"- ","- ",,,"SAN FRANCISCO","SAN FRANCISCO",-122.45848083496094,37.775806427001953
9345164,2021,2021-10-26,3801,2021-09-05,1720,1512,BAYVI,7,5,7,3801,0,0,0,,0,0C5,"GILMAN AV","JENNINGS ST",40.00,E,N,A,-,N,,,,,,,,,,Y,4,0,1,2,A,-,03,22350,,M,B,E,A,A,H,-,A,D,0,,,Y,,Y,,C,03,0,0,1,0,0,0,0,0,1,"- ","- ",,,"SAN FRANCISCO","SAN FRANCISCO",-122.39363861083984,37.721324920654297
9345166,2021,2022-03-04,3801,2021-09-03,1103,2065,NORTH,5,5,7,3801,0,0,0,,0,3E14A,"VAN NESS AV","VALLEJO ST",0.00,,Y,A,-,Y,SF,4,101,-,-,6.350,H,-,N,N,4,0,1,2,A,-,03,22350,,N,C,C,A,A,H,-,A,A,0,,,,,Y,,D,22,0,0,1,0,0,0,0,0,0,"- ","- ",,,"SAN FRANCISCO","SAN FRANCISCO",-122.42342376708984,37.796230316162109
9345577,2021,2021-10-21,3801,2021-06-30,1800,1886,TENDE,3,5,7,3801,0,0,0,,0,3J99C,"MARKET ST","5TH ST",0.00,,Y,A,-,N,,,,,,,,,,N,3,0,1,2,A,-,10,21950,A,N,G,B,B,A,H,-,A,A,0,Y,,,,Y,,-,,0,1,0,0,1,0,0,0,0,"- ","- ",,,"SAN FRANCISCO","SAN FRANCISCO",-122.40805816650391,37.78399658203125
9345578,2021,2021-10-29,3801,2021-06-23,1954,1830,NORTH,3,5,7,3801,0,0,0,,0,,"VAN NESS AV","MCALLISTER ST",0.00,,Y,A,-,N,,,,,,,,,,N,3,0,2,3,A,-,12,21453,,N,D,B,B,A,H,-,A,A,0,Y,,Y,,Y,Y,-,"- ",0,2,0,0,2,0,0,0,0,"- ","- ",,,"SAN FRANCISCO","SAN FRANCISCO",-122.42020416259766,37.780055999755859
9345601,2021,2021-10-30,3801,2021-09-26,1720,2147,NORTH,7,5,7,3801,0,0,0,,0,1CAR,"HAIGHT ST","BUCHANAN ST",0.00,,Y,B,-,N,,,,,,,,,,,4,0,1,3,A,-,03,22350,,N,C,C,A,A,H,-,A,A,0,,,,,Y,,A,01,0,0,1,0,0,0,0,0,0,"- ","- ",,,"SAN FRANCISCO","SAN FRANCISCO",-122.42716979980469,37.772533416748047
9345603,2021,2021-10-30,3801,2021-09-26,1531,KAJASA,MISSI,7,5,7,3801,0,0,0,,0,,"MISSION ST","18TH ST",63.00,S,N,A,-,N,,,,,,,,,,N,4,0,1,2,A,-,17,21208,A,N,B,G,A,A,H,-,A,D,0,,Y,,,Y,,L,04,0,0,1,0,0,0,0,0,0,"- ","- ",,,"SAN FRANCISCO","SAN FRANCISCO",-122.41935729980469,37.761669158935547
9345604,2021,2021-10-30,3801,2021-09-26,1440,1467,MISSI,7,5,7,3801,0,0,0,,0,3D114,"VALENCIA ST","14TH ST",0.00,,Y,A,-,N,,,,,,,,,,N,4,0,1,2,A,-,10,21950,A,N,G,B,B,A,H,-,A,A,0,Y,,,,Y,,A,01,0,0,1,0,1,0,0,0,0,"- ","- ",,,"SAN FRANCISCO","SAN FRANCISCO",-122.42218017578125,37.768150329589844
9345605,2021,2021-10-30,3801,2021-09-26,0658,1362,RICHM,7,5,7,3801,0,0,0,,0,0G5,"BALBOA ST","45TH AV",0.00,,Y,A,-,N,,,,,,,,,,N,4,0,1,4,A,-,08,22107,,N,-,E,A,A,-,-,B,D,0,,,Y,,Y,,A,01,0,0,1,0,0,0,0,0,0,"- ","- ",,,"SAN FRANCISCO","SAN FRANCISCO",-122.50592041015625,37.775321960449219
9345609,2021,2021-10-30,3801,2021-09-13,1250,1875,TARAV,1,5,7,3801,0,0,0,,0,3I46,"OCEAN AV","OCEAN AV 1728",0.00,,-,A,-,N,,,,,,,,,,Y,4,0,1,1,A,-,07,21658,A,N,E,I,A,A,H,-,A,D,0,,,,,Y,,A,01,0,0,1,0,0,0,0,0,0,"- ","- ",,,"SAN FRANCISCO","SAN FRANCISCO",,
9345610,2021,2021-10-30,3801,2021-09-13,1115,4314,RICHM,1,5,7,3801,0,0,0,,0,0G2,"BUSH ST","PRESIDIO AV",20.00,E,N,A,-,N,,,,,,,,,,N,4,0,1,2,A,-,10,21950,A,F,G,B,-,A,H,-,A,A,0,Y,,,,Y,,A,07,0,0,1,0,1,0,0,0,0,"- ","- ",,,"SAN FRANCISCO","SAN FRANCISCO",-122.44635009765625,37.785377502441406
9345611,2021,2021-10-30,3801,2021-09-13,1634,4041,TARAV,1,5,7,3801,0,0,0,,0,3I11D,"14TH AV","TARAVAL ST",0.00,,Y,A,-,N,,,,,,,,,,N,2,0,2,3,D,-,00,,,N,G,B,B,A,H,-,A,D,0,Y,,,,Y,,-,"- ",1,1,0,0,2,0,0,0,0,"- ","- ",,,"SAN FRANCISCO","SAN FRANCISCO",-122.47023010253906,37.743289947509766
9345612,2021,2021-10-30,3801,2021-09-13,1747,2732,CENTR,1,5,7,3801,0,0,0,,0,3A12D,"POWELL ST","SACRAMENTO ST",0.00,,Y,A,-,N,,,,,,,,,,,3,0,1,2,A,-,10,21950,A,F,G,B,B,A,H,-,A,A,0,Y,,,,Y,,-,,0,1,0,0,1,0,0,0,0,"- ","- ",,,"SAN FRANCISCO","SAN FRANCISCO",-122.40936279296875,37.792987823486328
9345613,2021,2021-10-30,3801,2021-09-14,0627,BAYVIEW,BAYVI,2,5,7,3801,0,0,0,,0,3C13,"WHITNEY YOUNG CIR","HUDSON AV",0.00,,Y,A,-,N,,,,,,,,,,N,3,0,1,2,A,-,10,21950,A,F,G,B,B,A,H,-,B,A,0,Y,,,,Y,,-,,0,1,0,0,1,0,0,0,0,"- ","- ",,,"SAN FRANCISCO","SAN FRANCISCO",-122.38227844238281,37.733608245849609
9345614,2021,2021-10-30,3801,2021-09-14,1715,1427,,2,5,7,3801,0,0,0,,0,,"9TH ST","JESSIE ALY",0.00,,Y,A,-,N,,,,,,,,,,,4,0,1,2,A,-,05,21650,1,N,B,G,A,A,H,-,A,D,0,,Y,,,Y,Y,L,04,0,0,1,0,0,0,1,0,0,"- ","- ",,,"SAN FRANCISCO","SAN FRANCISCO",-122.41532897949219,37.776706695556641
9345615,2021,2021-10-30,3801,2021-09-14,1507,1826,CENTR,2,5,7,3801,0,0,0,,0,003,"COLUMBUS AV","NORTHPOINT DR",0.00,,Y,A,-,N,,,,,,,,,,N,4,0,1,2,A,-,05,21460,A,N,D,G,A,A,H,-,A,A,0,,Y,,,Y,,A,01,0,0,1,0,0,0,1,0,0,"- ","- ",,,"SAN FRANCISCO","SAN FRANCISCO",-122.41836547851562,37.805976867675781
9345616,2021,2021-10-30,3801,2021-09-14,2214,1823,SOUTH,2,5,7,3801,0,0,0,,0,003,"6TH ST","HARRISON ST",0.00,,Y,A,-,N,,,,,,,,,,Y,3,0,1,2,A,-,10,21950,A,F,D,B,B,A,H,-,C,A,0,Y,,,,Y,,A,01,0,1,0,0,1,0,0,0,0,"- ","- ",,,"SAN FRANCISCO","SAN FRANCISCO",-122.40408325195312,37.777309417724609
9345618,2021,2021-10-30,3801,2021-09-07,0935,2196,MISSI,2,5,7,3801,0,0,0,,0,3D11A,"DUBOCE AV","VALENCIA ST",0.00,,Y,A,-,N,,,,,,,,,,N,3,0,1,2,A,-,05,21650,,N,A,C,A,A,H,-,A,A,0,,,,,Y,,-,,0,1,0,0,0,0,0,0,0,"- ","- ",,,"SAN FRANCISCO","SAN FRANCISCO",-122.42236328125,37.769866943359375
9345619,2021,2021-10-30,3801,2021-09-07,0832,1872,MISSI,2,5,7,3801,0,0,0,,0,3D11A,"16TH ST","GUERRERO ST",0.00,,Y,A,-,N,,,,,,,,,,N,3,0,1,1,A,-,06,21755,A,N,H,A,A,A,H,-,A,A,0,,,Y,,Y,,C,02,0,1,0,0,0,0,0,0,1,"- ","- ",,,"SAN FRANCISCO","SAN FRANCISCO",-122.42410278320312,37.764781951904297
9345620,2021,2021-10-30,3801,2021-09-05,2139,994,MISSI,7,5,7,3801,0,0,0,,0,3D14E,"POTRERO AV","23RD ST",67.00,S,N,A,-,N,,,,,,,,,,Y,3,0,3,2,A,-,12,21453,A,F,F,C,A,A,H,-,C,A,0,,,,,Y,,A,07,0,3,0,0,0,0,0,0,0,"- ","- ",,,"SAN FRANCISCO","SAN FRANCISCO",-122.40644836425781,37.754398345947266
9345621,2021,2021-10-29,3801,2021-09-25,0252,2220,MISSI,6,5,7,3801,0,0,0,,0,3D15E,"16TH ST","CAPP ST",0.00,,Y,A,-,N,,,,,,,,,,Y,3,0,1,2,A,-,11,21453,D,N,-,B,B,A,H,-,C,A,0,Y,,,,Y,Y,N,60,0,1,0,0,1,0,0,0,0,"- ","- ",,,"SAN FRANCISCO","SAN FRANCISCO",-122.418701171875,37.765098571777344
9345622,2021,2021-10-29,3801,2021-09-24,1221,750,TENDE,5,5,7,3801,0,0,0,,0,,"LEAVENWORTH ST","EDDY ST",0.00,,Y,A,-,N,,,,,,,,,,,3,0,2,2,A,-,"- ",,,M,A,-,F,A,H,-,A,A,0,Y,Y,,,Y,,L,04,0,2,0,0,1,0,1,0,0,"- ","- ",,,"SAN FRANCISCO","SAN FRANCISCO",-122.41423797607422,37.783729553222656
9345623,2021,2021-10-29,3801,2021-09-24,1417,93,MPRTJ,5,5,7,3801,0,0,0,,0,3E76,"DIVISADERO ST","GREENWICH ST",15.00,N,N,A,-,N,,,,,,,,,,,4,0,1,2,A,-,10,21950,A,F,G,B,B,A,H,-,A,A,0,Y,,,,Y,,A,08,0,0,1,0,1,0,0,0,0,"- ","- ",,,"SAN FRANCISCO","SAN FRANCISCO",-122.44246673583984,37.798149108886719
9345624,2021,2021-10-29,3801,2021-09-23,2303,2220,MISSI,4,5,7,3801,0,0,0,,0,,"GUERRERO ST","17TH ST",0.00,,Y,A,-,N,,,,,,,,,,N,2,0,1,2,A,-,"- ",,,N,D,-,F,A,H,-,C,A,0,Y,Y,,,Y,,L,04,1,0,0,0,1,0,0,0,0,"- ","- ",,,"SAN FRANCISCO","SAN FRANCISCO",-122.42392730712891,37.763172149658203
9345625,2021,2021-10-29,3801,2021-09-15,0806,1155,SOUTH,3,5,7,3801,0,0,0,,0,3B13A,"MARKET ST","VALENCIA ST",0.00,,Y,A,-,N,,,,,,,,,,N,3,0,1,2,A,-,08,22101,D,N,D,G,A,A,H,-,A,A,0,,Y,,,Y,,A,01,0,1,0,0,0,0,1,0,0,"- ","- ",,,"SAN FRANCISCO","SAN FRANCISCO",-122.42262268066406,37.772548675537109
9345626,2021,2021-10-29,3801,2021-09-03,0638,1207,MISSI,5,5,7,3801,0,0,0,,0,3DA11A,"HARRISON ST","16TH ST",0.00,,Y,A,-,N,,,,,,,,,,N,4,0,1,2,A,-,09,21801,A,N,D,C,A,A,H,-,B,A,0,,,Y,,Y,,A,01,0,0,1,0,0,0,0,0,1,"- ","- ",,,"SAN FRANCISCO","SAN FRANCISCO",-122.41314697265625,37.765449523925781
9345627,2021,2021-10-30,3801,2021-09-23,1550,2107,NORTH,4,5,7,3801,0,0,0,,0,03E,"GEARY BL","STEINER ST",100.00,W,N,A,-,N,,,,,,,,,,Y,4,0,2,3,A,-,08,22107,,N,B,C,A,A,H,-,A,D,0,,,,,Y,,A,01,0,0,2,0,0,0,0,0,0,"- ","- ",,,"SAN FRANCISCO","SAN FRANCISCO",-122.43490600585938,37.784236907958984
9345628,2021,2021-10-29,3801,2021-09-23,1926,4300,NORTH,4,5,7,3801,0,0,0,,0,3E14D,"DIVISADERO ST","POST ST",0.00,,Y,A,-,N,,,,,,,,,,N,3,0,1,2,A,-,12,21453,A,F,D,C,A,A,H,-,C,A,0,,,Y,,Y,,M,94,0,1,0,0,0,0,0,0,1,"- ","- ",,,"SAN FRANCISCO","SAN FRANCISCO",-122.43967437744141,37.784313201904297
9345629,2021,2021-11-05,3801,2021-09-07,1934,2746,RICHM,2,5,7,3801,0,0,0,,0,3G43,"GEARY BL","30TH AV",0.00,,Y,A,-,N,,,,,,,,,,Y,4,0,5,3,A,-,09,21801,A,N,D,C,A,A,H,-,C,A,0,,,,,Y,,-,"- ",0,0,5,0,0,0,0,0,0,"- ","- ",,,"SAN FRANCISCO","SAN FRANCISCO",-122.49007415771484,37.779911041259766
9345630,2021,2021-10-30,3801,2021-09-12,2050,1858,BAYVI,7,5,7,3801,0,0,0,,0,,"BAYSHORE BL","SALINAS AV",70.00,N,N,A,-,N,,,,,,,,,,,3,0,2,2,A,-,01,23152,A,N,-,-,A,A,H,-,C,-,0,,,,,Y,,A,01,0,2,0,0,0,0,0,0,0,"- ","- ",,,"SAN FRANCISCO","SAN FRANCISCO",-122.39999389648438,37.72174072265625
9345631,2021,2021-10-29,3801,2021-09-12,1730,1931,NORTH,7,5,7,3801,0,0,0,,0,3E13D,"MCALLISTER ST","FRIENDSHIP ALY",0.00,,Y,A,-,N,,,,,,,,,,Y,3,0,1,2,A,-,08,22107,,N,A,G,A,A,H,-,A,A,0,,Y,,,Y,,L,04,0,1,0,0,0,0,1,0,0,"- ","- ",,,"SAN FRANCISCO","SAN FRANCISCO",-122.43088531494141,37.778743743896484
9345632,2021,2021-10-30,3801,2021-09-12,1534,1148,MISSI,7,5,7,3801,0,0,0,,0,3D14D,"CESAR CHAVEZ","SHOTWELL ST",0.00,,Y,A,-,N,,,,,,,,,,N,4,0,1,2,A,-,04,21703,,N,C,C,A,A,H,-,A,A,0,,,Y,,Y,,C,02,0,0,1,0,0,0,0,0,1,"- ","- ",,,"SAN FRANCISCO","SAN FRANCISCO",-122.41490936279297,37.7481689453125
9345633,2021,2021-10-29,3801,2021-09-12,0954,6,TENDE,7,5,7,3801,0,0,0,,0,3J12A,"MARKET ST","STOCKTON ST",0.00,,Y,A,-,N,,,,,,,,,,N,4,0,1,1,A,-,05,21202,A,N,F,A,A,A,H,-,A,A,0,,Y,,,Y,,L,04,0,0,1,0,0,0,1,0,0,"- ","- ",,,"SAN FRANCISCO","SAN FRANCISCO",-122.40589141845703,37.785697937011719
9345635,2021,2021-10-29,3801,2021-09-27,1729,2215,NORTH,1,5,7,3801,0,0,0,,0,3E13D,"TURK BL","VAN NESS AV",130.00,W,N,B,-,N,,,,,,,,,,N,3,0,1,2,A,-,17,21663,,F,D,C,A,B,H,-,A,D,0,,,Y,,Y,,M,94,0,1,0,0,0,0,0,0,1,"- ","- ",,,"SAN FRANCISCO","SAN FRANCISCO",-122.42102813720703,37.781887054443359
9345636,2021,2021-10-29,3801,2021-09-27,0910,563,TARAV,1,5,7,3801,0,0,0,,0,001,"16TH AV","TARAVAL ST",60.00,N,N,B,-,N,,,,,,,,,,N,4,0,1,1,A,-,03,22350,,N,H,A,A,B,H,-,A,D,0,,Y,,,Y,,L,04,0,0,1,0,0,0,1,0,0,"- ","- ",,,"SAN FRANCISCO","SAN FRANCISCO",-122.47248840332031,37.743354797363281
9345637,2021,2021-10-30,3801,2021-09-27,1011,1217,MISSI,1,5,7,3801,0,0,0,,0,5CAR,"13TH ST","HARRISON ST",0.00,,Y,A,-,N,,,,,,,,,,N,3,0,1,2,A,-,09,21801,,N,D,C,A,A,H,-,A,A,0,,,Y,,Y,,A,01,0,1,0,0,0,0,0,0,1,"- ","- ",,,"SAN FRANCISCO","SAN FRANCISCO",-122.41340637207031,37.769454956054688
9345638,2021,2021-10-29,3801,2021-09-27,0749,1540,TARAV,1,5,7,3801,0,0,0,,0,001,"IRVING ST","5TH ST",10.00,E,N,B,-,N,,,,,,,,,,N,3,0,1,1,A,-,03,22350,,N,-,A,A,B,G,-,A,A,0,,Y,,,Y,,L,04,0,1,0,0,0,0,1,0,0,"- ","- ",,,"SAN FRANCISCO","SAN FRANCISCO",-122.46200561523438,37.764232635498047
9345639,2021,2021-10-30,3801,2021-09-26,2045,2111,MISSI,7,5,7,3801,0,0,0,,0,3D14D,"MARKET ST","NOE ST",0.00,,Y,A,-,N,,,,,,,,,,N,4,0,2,2,A,-,07,21658,A,N,D,C,A,A,H,-,C,A,0,,,,,Y,,A,01,0,0,2,0,0,0,0,0,0,"- ","- ",,,"SAN FRANCISCO","SAN FRANCISCO",-122.43313598632812,37.764244079589844
9345640,2021,2021-10-30,3801,2021-09-26,2127,4136,RICHM,7,5,7,3801,0,0,0,,0,3G13E,"CALIFORNIA ST","6TH AV",0.00,,Y,A,-,N,,,,,,,,,,N,4,0,1,1,D,-,00,,,N,H,A,A,A,H,-,C,D,0,,Y,,,Y,,-,"- ",0,0,1,0,0,0,1,0,0,"- ","- ",,,"SAN FRANCISCO","SAN FRANCISCO",-122.46457672119141,37.784988403320312
9345648,2021,2021-11-01,3801,2021-09-11,2130,2283,CENTR,6,5,7,3801,0,0,0,,0,002,"POWELL ST","POST ST",36.00,S,N,A,-,N,,,,,,,,,,Y,4,0,1,1,A,-,03,22350,A,N,E,I,A,A,H,-,C,A,0,,,Y,,Y,,C,02,0,0,1,0,0,0,0,0,1,"- ","- ",,,"SAN FRANCISCO","SAN FRANCISCO",-122.40837860107422,37.788192749023438
9345649,2021,2021-11-01,3801,2021-09-11,1949,1160,SOUTH,6,5,7,3801,0,0,0,,0,0B3,"7TH ST","HOWARD ST",80.00,N,N,A,-,N,,,,,,,,,,N,3,0,1,2,D,-,00,,,N,H,G,A,A,H,-,C,D,0,,Y,,,Y,,-,"- ",0,1,0,0,0,0,1,0,0,"- ","- ",,,"SAN FRANCISCO","SAN FRANCISCO",-122.40959167480469,37.778141021728516
9345650,2021,2021-11-01,3801,2021-09-11,1911,713,CENTR,6,5,7,3801,0,0,0,,0,3A14D,"COLUMBUS AV",BROADWAY,28.00,N,N,A,-,N,,,,,,,,,,N,3,0,1,1,A,-,03,22350,,N,E,A,A,A,A,-,A,A,0,,Y,,,Y,,L,04,0,1,0,0,0,0,1,0,0,"- ","- ",,,"SAN FRANCISCO","SAN FRANCISCO",-122.40671539306641,37.797939300537109
9345651,2021,2021-11-04,3801,2021-09-11,1120,2147,NORTH,6,5,7,3801,0,0,0,,0,3E11A,"OCTAVIA ST","PAGE ST",40.00,S,N,A,-,N,,,,,,,,,,Y,4,0,1,2,A,-,08,22107,,N,B,C,A,A,H,-,A,A,0,,,,,Y,,A,01,0,0,1,0,0,0,0,0,0,"- ","- ",,,"SAN FRANCISCO","SAN FRANCISCO",-122.42408752441406,37.773769378662109
9345652,2021,2021-11-01,3801,2021-09-11,0816,2722,PARK,6,5,7,3801,0,0,0,,0,3F13A,"CENTRAL AV","OAK ST",0.00,,Y,A,-,N,,,,,,,,,,Y,3,0,1,3,A,-,05,21650,,N,A,E,A,A,H,-,A,B,0,,,,,Y,,-,,0,1,0,0,0,0,0,0,0,"- ","- ",,,"SAN FRANCISCO","SAN FRANCISCO",-122.44405364990234,37.772289276123047
9345653,2021,2021-12-23,3801,2021-09-10,2207,2186,NORTH,5,5,7,3801,0,0,0,,0,3E11E,"OCTAVIA ST","PAGE ST",0.00,,Y,A,-,N,,,,,,,,,,Y,4,0,3,2,A,-,04,21703,,N,C,C,A,A,H,-,C,A,0,,,,,Y,,A,01,0,0,3,0,0,0,0,0,0,"- ","- ",,,"SAN FRANCISCO","SAN FRANCISCO",-122.42411041259766,37.773883819580078
9345654,2021,2021-11-01,3801,2021-09-10,2325,1371,NORTH,5,5,7,3801,0,0,0,,0,002,"EDDY ST","LAGUNA ST",91.00,W,N,A,-,N,,,,,,,,,,Y,4,0,1,2,A,-,03,22350,,F,C,C,A,A,H,-,C,A,0,,,,,Y,,A,01,0,0,1,0,0,0,0,0,0,"- ","- ",,,"SAN FRANCISCO","SAN FRANCISCO",-122.42771148681641,37.782016754150391
9345655,2021,2021-12-23,3801,2021-09-10,2352,821,SOUTH,5,5,7,3801,0,0,0,,0,3B11E,"MISSION ST","NEW MONTGOMERY ST",0.00,,Y,A,-,N,,,,,,,,,,Y,4,0,3,2,A,-,12,21453,A,F,-,C,A,A,H,-,C,A,0,,,,,Y,,A,01,0,0,3,0,0,0,0,0,0,"- ","- ",,,"SAN FRANCISCO","SAN FRANCISCO",-122.40049743652344,37.787452697753906
9345656,2021,2021-11-01,3801,2021-09-10,1905,2093,NORTH,5,5,7,3801,0,0,0,,0,,"POLK ST","GROVE ST",0.00,,Y,A,-,N,,,,,,,,,,N,4,0,1,2,A,-,17,21209,A,F,B,G,A,A,H,-,A,A,0,,Y,,,Y,,A,01,0,0,1,0,0,0,1,0,0,"- ","- ",,,"SAN FRANCISCO","SAN FRANCISCO",-122.41822052001953,37.778480529785156
9345657,2021,2021-12-23,3801,2021-09-25,1441,2378,TENDE,6,5,7,3801,0,0,0,,0,011,"11TH ST","MARKET ST",0.00,,N,B,-,N,,,,,,,,,,N,3,0,1,2,A,-,11,21954,A,N,-,B,D,A,C,-,A,D,0,Y,Y,,,Y,,N,60,0,1,0,0,1,0,0,0,0,"- ","- ",,,"SAN FRANCISCO","SAN FRANCISCO",-122.418701171875,37.775600433349609
9345658,2021,2021-12-23,3801,2021-09-25,1423,2036,NORTH,6,5,7,3801,0,0,0,,0,3CAR,"FRANKLIN ST","GOLDEN GATE AV",0.00,,Y,B,-,N,,,,,,,,,,Y,3,0,2,3,A,-,03,22350,,N,D,C,A,A,H,-,A,A,0,,,,,Y,,A,01,0,1,1,0,0,0,0,0,0,"- ","- ",,,"SAN FRANCISCO","SAN FRANCISCO",-122.42209625244141,37.78082275390625
9345659,2021,2021-12-23,3801,2021-09-25,1320,2147,NORTH,6,5,7,3801,0,0,0,,0,6CAR,"VALLEJO ST","POLK ST",0.00,,Y,B,-,N,,,,,,,,,,N,3,0,1,2,A,-,03,22350,,N,C,C,A,A,H,-,A,A,0,,,,,Y,,M,94,0,1,0,0,0,0,0,0,0,"- ","- ",,,"SAN FRANCISCO","SAN FRANCISCO",-122.42195892333984,37.796886444091797
9345660,2021,2021-11-01,3801,2021-09-25,0254,1442,NORTH,6,5,7,3801,0,0,0,,0,3E15E,"LOMBARD ST","FILLMORE ST",0.00,,Y,-,-,N,,,,,,,,,,N,3,0,1,2,A,-,03,22350,,F,G,B,B,A,H,-,C,A,0,Y,,,,Y,Y,-,,0,1,0,0,1,0,0,0,0,"- ","- ",,,"SAN FRANCISCO","SAN FRANCISCO",-122.43605041503906,37.799846649169922
9345706,2021,2021-11-01,3801,2021-09-13,1950,1736,NORTH,1,5,7,3801,0,0,0,,0,,"VAN NESS AV","GOLDEN GATE AV",0.00,,Y,A,-,N,,,,,,,,,,Y,4,0,2,2,A,-,12,21453,A,N,D,C,A,A,C,-,C,A,0,,,,,Y,,A,01,0,0,2,0,0,0,0,0,0,"- ","- ",,,"SAN FRANCISCO","SAN FRANCISCO",-122.42038726806641,37.781028747558594
9345712,2021,2021-10-29,3801,2021-09-02,1535,1448,MISSI,4,5,7,3801,0,0,0,,0,3D15D,"VALENCIA ST","24TH ST",0.00,,Y,A,-,N,,,,,,,,,,N,4,0,1,2,A,-,10,21950,A,M,G,B,B,A,H,-,A,A,0,Y,,,,Y,,-,,0,0,1,0,1,0,0,0,0,"- ","- ",,,"SAN FRANCISCO","SAN FRANCISCO",-122.420654296875,37.752109527587891
9345726,2021,2021-11-05,3801,2021-09-11,0715,1418,TARAV,6,5,7,3801,0,0,0,,0,0I5,"LAKE MERCED BL","BROTHERHOOD WY",0.00,,Y,B,-,N,,,,,,,,,,,3,0,1,1,A,-,16,24002,A,M,-,-,A,A,H,-,A,-,0,,,,,Y,,A,07,0,1,0,0,0,0,0,0,0,"- ","- ",,,"SAN FRANCISCO","SAN FRANCISCO",-122.48523712158203,37.714717864990234
9345737,2021,2021-10-29,3801,2021-09-12,0002,2357,RICHM,7,5,7,3801,0,0,0,,0,3G15E,"PRESIDIO AV","SACRAMENTO ST",29.00,S,N,A,-,N,,,,,,,,,,Y,3,0,1,2,A,-,01,23152,A,N,C,C,A,A,H,-,C,A,0,,,,,Y,Y,A,01,0,1,0,0,0,0,0,0,0,"- ","- ",,,"SAN FRANCISCO","SAN FRANCISCO",-122.44695281982422,37.788101196289062
9345843,2021,2021-10-27,3801,2021-09-05,0615,4305,NORTH,7,5,7,3801,0,0,0,,0,,"TURK ST","GOUGH ST",0.00,,Y,A,-,N,,,,,,,,,,N,4,0,1,3,A,-,12,21453,A,F,D,C,A,A,H,-,C,A,0,,,,,Y,,A,01,0,0,1,0,0,0,0,0,0,"- ","- ",,,"SAN FRANCISCO","SAN FRANCISCO",-122.42391967773438,37.781532287597656