CASE_ID,ACCIDENT_YEAR,PROC_DATE,JURIS,COLLISION_DATE,COLLISION_TIME,OFFICER_ID,REPORTING_DISTRICT,DAY_OF_WEEK,CHP_SHIFT,POPULATION,CNTY_CITY_LOC,SPECIAL_COND,BEAT_TYPE,CHP_BEAT_TYPE,CITY_DIVISION_LAPD,CHP_BEAT_CLASS,BEAT_NUMBER,PRIMARY_RD,SECONDARY_RD,DISTANCE,DIRECTION,INTERSECTION,WEATHER_1,WEATHER_2,STATE_HWY_IND,CALTRANS_COUNTY,CALTRANS_DISTRICT,STATE_ROUTE,ROUTE_SUFFIX,POSTMILE_PREFIX,POSTMILE,LOCATION_TYPE,RAMP_INTERSECTION,SIDE_OF_HWY,TOW_AWAY,COLLISION_SEVERITY,NUMBER_KILLED,NUMBER_INJURED,PARTY_COUNT,PRIMARY_COLL_FACTOR,PCF_CODE_OF_VIOL,PCF_VIOL_CATEGORY,PCF_VIOLATION,PCF_VIOL_SUBSECTION,HIT_AND_RUN,TYPE_OF_COLLISION,MVIW,PED_ACTION,ROAD_SURFACE,ROAD_COND_1,ROAD_COND_2,LIGHTING,CONTROL_DEVICE,CHP_ROAD_TYPE,PEDESTRIAN_ACCIDENT,BICYCLE_ACCIDENT,MOTORCYCLE_ACCIDENT,TRUCK_ACCIDENT,NOT_PRIVATE_PROPERTY,ALCOHOL_INVOLVED,STWD_VEHTYPE_AT_FAULT,CHP_VEHTYPE_AT_FAULT,COUNT_SEVERE_INJ,COUNT_VISIBLE_INJ,COUNT_COMPLAINT_PAIN,COUNT_PED_KILLED,COUNT_PED_INJURED,COUNT_BICYCLIST_KILLED,COUNT_BICYCLIST_INJURED,COUNT_MC_KILLED,COUNT_MC_INJURED,PRIMARY_RAMP,SECONDARY_RAMP,LATITUDE,LONGITUDE,COUNTY,CITY,POINT_X,POINT_Y
9345844,2021,2021-10-27,3801,2021-09-05,0015,317,CENTR,7,5,7,3801,0,0,0,,0,,"TAYLOR ST","GEARY ST",0.00,,Y,A,-,N,,,,,,,,,,N,4,0,1,2,A,-,12,21453,A,N,D,C,A,A,H,-,C,A,0,,,,,Y,,A,01,0,0,1,0,0,0,0,0,0,"- ","- ",,,"SAN FRANCISCO","SAN FRANCISCO",-122.41151428222656,37.786949157714844
9345845,2021,2021-10-27,3801,2021-09-03,1819,1631,SOUTH,5,5,7,3801,0,0,0,,0,3B13D,"MISSION ST","8TH ST",0.00,,Y,A,-,N,,,,,,,,,,N,4,0,1,2,A,-,17,21200,A,N,D,G,A,A,H,-,A,A,0,,Y,,,Y,,L,04,0,0,1,0,0,0,1,0,0,"- ","- ",,,"SAN FRANCISCO","SAN FRANCISCO",-122.41315460205078,37.7774658203125
9345846,2021,2021-10-27,3801,2021-09-03,1520,713,CENTR,5,5,7,3801,0,0,0,,0,,"MONTGOMERY ST","CHESTNUT ST",135.00,N,N,A,-,N,,,,,,,,,,N,4,0,1,2,A,-,11,21954,A,F,G,B,D,A,H,-,A,D,0,Y,,,,Y,Y,N,60,0,0,1,0,1,0,0,0,0,"- ","- ",,,"SAN FRANCISCO","SAN FRANCISCO",-122.40523529052734,37.805145263671875
9345847,2021,2021-10-27,3801,2021-09-03,1317,1118,SOUTH,5,5,7,3801,0,0,0,,0,3B13C,"MARKET ST","VALENCIA ST",0.00,,Y,A,-,N,,,,,,,,,,N,4,0,1,2,A,-,08,22101,D,N,D,G,A,A,H,-,A,A,0,,Y,,,Y,,A,01,0,0,1,0,0,0,1,0,0,"- ","- ",,,"SAN FRANCISCO","SAN FRANCISCO",-122.42262268066406,37.772548675537109
9345848,2021,2021-10-27,3801,2021-09-03,1006,2498,SOUTH,5,5,7,3801,0,0,0,,0,3B15C,"10TH ST","BRYANT ST",0.00,,Y,B,-,N,,,,,,,,,,N,3,0,3,4,A,-,17,21461,A,N,B,C,A,A,H,-,A,A,0,,,,,Y,,E,22,0,1,2,0,0,0,0,0,0,"- ","- ",,,"SAN FRANCISCO","SAN FRANCISCO",-122.40973663330078,37.770336151123047
9345849,2021,2021-10-27,3801,2021-09-19,2321,1066,NORTH,7,5,7,3801,0,0,0,,0,,"STEINER ST","OAK ST",0.00,,Y,C,-,N,,,,,,,,,,N,4,0,1,1,A,-,03,22350,,N,F,A,A,B,-,-,C,A,0,,,Y,,Y,,C,02,0,0,1,0,0,0,0,0,1,"- ","- ",,,"SAN FRANCISCO","SAN FRANCISCO",-122.43245697021484,37.773746490478516
9347042,2021,2021-10-26,3801,2021-09-09,1610,1155,SOUTH,4,5,7,3801,0,0,0,,0,3B14D,"10TH ST",BRYANT,0.00,,Y,A,-,N,,,,,,,,,,Y,4,0,2,2,A,-,08,22107,,N,D,C,A,A,H,-,A,A,0,,,,,Y,,D,22,0,0,2,0,0,0,0,0,0,"- ","- ",,,"SAN FRANCISCO","SAN FRANCISCO",-122.40973663330078,37.770336151123047
9347054,2021,2021-10-26,3801,2021-09-08,1040,1406,CENTR,3,5,7,3801,0,0,0,,0,3A1,"GEARY ST","JONES ST",110.00,W,N,A,-,N,,,,,,,,,,N,4,0,2,2,A,-,17,22517,,N,B,E,A,A,H,-,A,D,0,,,,,Y,,-,,0,0,2,0,0,0,0,0,0,"- ","- ",,,"SAN FRANCISCO","SAN FRANCISCO",-122.41352844238281,37.786705017089844
9347058,2021,2021-10-26,3801,2021-09-11,2237,255,INGLE,6,5,7,3801,0,0,0,,0,3H11E,"DOLORES ST","DAY ST",82.00,N,N,A,-,N,,,,,,,,,,Y,3,0,1,2,A,-,07,21658,A,N,C,E,A,A,H,-,C,D,0,,,,,Y,,A,01,0,1,0,0,0,0,0,0,0,"- ","- ",,,"SAN FRANCISCO","SAN FRANCISCO",-122.42443084716797,37.743274688720703
9347111,2021,2021-10-29,3801,2021-09-07,1012,392,MISSI,2,5,7,3801,0,0,0,,0,3D14A,"CESAR CHAVEZ ST","HARRISON ST",240.00,W,N,A,-,N,,,,,,,,,,Y,3,0,2,2,A,-,03,22350,,N,C,C,A,A,H,-,A,D,0,,,,Y,Y,,A,07,0,1,1,0,0,0,0,0,0,"- ","- ",,,"SAN FRANCISCO","SAN FRANCISCO",-122.41233825683594,37.748336791992188
9347229,2021,2021-11-02,3801,2021-09-06,2500,402,BAYVI,1,5,7,3801,0,0,0,,0,3C1E,"EVANS AV","MENDELL ST",0.00,,Y,A,-,N,,,,,,,,,,N,3,0,1,2,A,-,08,22107,,N,B,J,A,A,H,-,C,A,0,,Y,,,Y,,A,01,0,1,0,0,0,0,1,0,0,"- ","- ",,,"SAN FRANCISCO","SAN FRANCISCO",-122.38475799560547,37.740852355957031
9347321,2021,2021-11-05,3801,2021-09-05,0509,LI,RICHM,7,5,7,3801,0,0,0,,0,3G14E,"48TH AV","FULTON ST",132.00,N,N,A,-,N,,,,,,,,,,Y,4,0,1,3,A,-,01,23152,A,N,B,E,A,A,H,-,C,D,0,,,,,Y,Y,A,01,0,0,1,0,0,0,0,0,0,"- ","- ",,,"SAN FRANCISCO","SAN FRANCISCO",-122.50887298583984,37.771800994873047
9347322,2021,2021-10-28,3801,2021-09-08,2308,1817,INGLE,3,5,7,3801,0,0,0,,0,901,"MISSION ST","SAINT MARYS AV",0.00,,Y,A,-,N,,,,,,,,,,N,2,0,1,2,D,-,00,,,F,H,C,A,A,H,-,C,D,0,,,,,Y,,-,"- ",1,0,0,0,0,0,0,0,0,"- ","- ",,,"SAN FRANCISCO","SAN FRANCISCO",-122.42611694335938,37.73394775390625
9347323,2021,2021-10-28,3801,2021-09-08,2041,4046,INGLE,3,5,7,3801,0,0,0,,0,3H12D,"BOSWORTH ST","CONGO ST",0.00,,Y,A,-,N,,,,,,,,,,Y,4,0,1,2,A,-,09,21801,A,N,A,C,A,A,H,-,C,A,0,,,,,Y,,A,01,0,0,1,0,0,0,0,0,0,"- ","- ",,,"SAN FRANCISCO","SAN FRANCISCO",-122.43995666503906,37.734867095947266
9347324,2021,2021-10-28,3801,2021-09-01,1630,341,BAYVI,3,5,7,3801,0,0,0,,0,3C12D,"BAYSHORE BL","OAKDALE AV",0.00,,Y,A,-,N,,,,,,,,,,N,4,0,1,2,A,-,08,22107,,N,D,G,A,A,-,-,A,D,0,,Y,,,Y,,-,"- ",0,0,1,0,0,0,1,0,0,"- ","- ",,,"SAN FRANCISCO","SAN FRANCISCO",-122.40522003173828,37.743038177490234
9347325,2021,2021-10-28,3801,2021-09-08,0714,283,MISSI,3,5,7,3801,0,0,0,,0,03D,"13TH ST","BRYANT ST",0.00,,Y,A,-,N,,,,,,,,,,N,3,0,1,2,A,-,10,21950,A,N,G,B,B,A,H,-,A,A,0,Y,,,,Y,,A,08,0,1,0,0,1,0,0,0,0,"- ","- ",,,"SAN FRANCISCO","SAN FRANCISCO",-122.41093499999999,37.769407000000001
9347326,2021,2021-10-28,3801,2021-09-06,2015,470,CENTR,1,5,7,3801,0,0,0,,0,3A12D,"POST ST","GRANT AV",0.00,,Y,A,-,N,,,,,,,,,,N,4,0,1,2,A,-,03,22350,,F,D,C,A,A,H,-,C,A,0,,,,,Y,Y,A,01,0,0,1,0,0,0,0,0,0,"- ","- ",,,"SAN FRANCISCO","SAN FRANCISCO",-122.40522003173828,37.7886962890625
9347327,2021,2021-10-28,3801,2021-09-06,1515,4012,TARAV,1,5,7,3801,0,0,0,,0,3I11D,"19TH AV","PACHECO ST",220.00,S,N,A,-,N,,,,,,,,,,N,3,0,1,3,A,-,04,21703,,N,C,C,A,A,H,-,A,A,0,,,Y,,Y,,A,01,0,1,0,0,0,0,0,0,1,"- ","- ",,,"SAN FRANCISCO","SAN FRANCISCO",-122.47613525390625,37.749908447265625
9347328,2021,2021-10-28,3801,2021-09-06,0745,2339,PARK,1,5,7,3801,0,0,0,,0,3F13A,"DIVISADERO ST","WALLER ST",0.00,,Y,A,-,N,,,,,,,,,,N,2,0,1,2,A,-,09,21804,A,N,D,C,A,A,H,-,A,A,0,,,,,Y,,A,07,1,0,0,0,0,0,0,0,0,"- ","- ",,,"SAN FRANCISCO","SAN FRANCISCO",-122.43685913085938,37.770336151123047
9347329,2021,2021-10-28,3801,2021-09-06,0748,796,NORTH,1,5,7,3801,0,0,0,,0,3E13A,"GOUGH ST","BUSH ST",0.00,,Y,A,-,N,,,,,,,,,,Y,4,0,1,3,A,-,12,21453,A,N,D,C,A,A,H,-,A,A,0,,,,,Y,,A,01,0,0,1,0,0,0,0,0,0,"- ","- ",,,"SAN FRANCISCO","SAN FRANCISCO",-122.42523956298828,37.788066864013672
9347330,2021,2021-11-05,3801,2021-09-06,0336,2098,MISSI,1,5,7,3801,0,0,0,,0,3D90,"VALENCIA ST","20TH ST",0.00,,Y,A,-,N,,,,,,,,,,Y,2,0,2,3,A,-,03,22350,,N,A,I,A,A,H,-,C,A,0,,,,,Y,,A,01,1,0,1,0,0,0,0,0,0,"- ","- ",,,"SAN FRANCISCO","SAN FRANCISCO",-122.42125701904297,37.758510589599609
9347331,2021,2021-10-28,3801,2021-09-28,2225,2325,SOUTH,2,5,7,3801,0,0,0,,0,004,"TOWNSEND ST","5TH ST",0.00,,Y,A,-,N,,,,,,,,,,N,3,0,1,2,A,-,12,22450,A,N,D,C,A,A,H,-,C,A,0,,,,,Y,,-,,0,1,0,0,0,0,0,0,0,"- ","- ",,,"SAN FRANCISCO","SAN FRANCISCO",-122.39722442626953,37.775348663330078
9347332,2021,2021-10-28,3801,2021-09-28,2133,276,NORTH,2,5,7,3801,0,0,0,,0,3E14E,"LOMBARD ST","GOUGH ST",200.00,E,N,A,-,N,,,,,,,,,,Y,4,0,2,2,A,-,03,22350,,N,C,C,A,A,H,-,C,A,0,,,Y,,Y,,C,06,0,0,2,0,0,0,0,0,2,"- ","- ",,,"SAN FRANCISCO","SAN FRANCISCO",-122.42713928222656,37.800987243652344
9347333,2021,2021-10-28,3801,2021-09-28,2208,2124,INGLE,2,5,7,3801,0,0,0,,0,3H11E,"MISSION ST","RANDALL ST",0.00,,Y,A,-,N,,,,,,,,,,N,4,0,1,2,A,-,12,22450,,F,H,C,A,A,H,-,D,D,0,,,,,Y,,A,01,0,0,1,0,0,0,0,0,0,"- ","- ",,,"SAN FRANCISCO","SAN FRANCISCO",-122.42362213134766,37.739799499511719
9347334,2021,2021-10-28,3801,2021-09-28,2046,A09968,PARK,2,5,7,3801,0,0,0,,0,3F13D,"FELL ST","SHRADER ST",15.00,W,N,A,-,N,,,,,,,,,,N,4,0,1,1,A,-,01,23152,A,N,H,J,A,A,H,-,C,A,0,,,,,Y,Y,A,08,0,0,1,0,0,0,0,0,0,"- ","- ",,,"SAN FRANCISCO","SAN FRANCISCO",-122.45246124267578,37.772136688232422
9347335,2021,2021-10-28,3801,2021-09-28,1516,397,BAYVI,2,5,7,3801,0,0,0,,0,3C11D,"CESAR CHAVEZ ST","RT 280",0.00,,Y,A,-,N,,,,,,,,,,N,3,0,1,2,A,-,05,21651,B,N,A,G,A,A,H,-,A,A,0,,Y,,,Y,,L,04,0,1,0,0,0,0,1,0,0,"- ",NF,,,"SAN FRANCISCO","SAN FRANCISCO",-122.39228820800781,37.750057220458984
9347336,2021,2021-10-28,3801,2021-09-28,1453,327,MISSI,2,5,7,3801,0,0,0,,0,3D11C,"GUERRERO ST","25TH ST",15.00,N,N,A,-,N,,,,,,,,,,N,4,0,2,3,A,-,03,22350,,N,C,C,A,A,H,-,A,A,0,,,,,Y,,A,01,0,0,2,0,0,0,0,0,0,"- ","- ",,,"SAN FRANCISCO","SAN FRANCISCO",-122.42272186279297,37.750431060791016
9347337,2021,2021-10-28,3801,2021-09-28,1025,1817,CENTR,2,5,7,3801,0,0,0,,0,3A12A,HYDE,"FILBERT ST",0.00,,Y,A,-,N,,,,,,,,,,Y,3,0,1,3,A,-,12,22450,A,M,D,C,A,A,H,-,A,D,0,,,,,Y,,A,01,0,1,0,0,0,0,0,0,0,"- ","- ",,,"SAN FRANCISCO","SAN FRANCISCO",-122.41925048828125,37.800144195556641
9347338,2021,2021-11-05,3801,2021-09-28,0830,4331,SOUTH,2,5,7,3801,0,0,0,,0,"SF SUP","3RD ST","HARRISON ST",0.00,,Y,A,-,N,,,,,,,,,,N,4,0,1,2,A,-,00,12500,A,N,B,C,A,A,H,-,A,A,0,,,,,Y,,A,01,0,0,1,0,0,0,0,0,0,"- ","- ",,,"SAN FRANCISCO","SAN FRANCISCO",-122.39739227294922,37.782550811767578
9347339,2021,2021-10-28,3801,2021-09-28,0820,2390,CENTR,2,5,7,3801,0,0,0,,0,3A13A,"BUSH ST","LARKIN ST",0.00,,Y,A,-,N,,,,,,,,,,N,3,0,1,2,A,-,11,21456,B,N,G,B,B,A,H,-,A,A,0,Y,,,,Y,,N,60,0,1,0,0,1,0,0,0,0,"- ","- ",,,"SAN FRANCISCO","SAN FRANCISCO",-122.41867065429688,37.788902282714844
9347340,2021,2021-10-28,3801,2021-09-28,0600,1602,SOUTH,2,5,7,3801,0,0,0,,0,SECTOR,"10TH ST","BRYANT ST",0.00,,Y,A,-,N,,,,,,,,,,N,2,0,1,2,A,-,12,21453,A,F,G,B,B,A,H,-,B,A,0,Y,,,,Y,,-,99,1,0,0,0,1,0,0,0,0,"- ","- ",,,"SAN FRANCISCO","SAN FRANCISCO",-122.40973663330078,37.770336151123047
9347341,2021,2021-10-27,3801,2021-09-27,1033,156,BAYVI,1,5,7,3801,0,0,0,,0,3C60,"NAPOLEON ST","NAPOLEON ST 160",11.00,S,N,B,-,N,,,,,,,,,,Y,4,0,1,2,A,-,09,21801,A,N,D,C,A,A,H,-,A,D,0,,,,,Y,,A,01,0,0,1,0,0,0,0,0,0,"- ","- ",,,"SAN FRANCISCO","SAN FRANCISCO",,
9347342,2021,2021-11-05,3801,2021-09-27,0840,4305,NORTH,1,5,7,3801,0,0,0,,0,,"MARKET ST","GUERRERO ST",0.00,,Y,B,-,N,,,,,,,,,,Y,4,0,1,2,A,-,08,22107,,N,A,E,A,B,H,-,A,A,0,,,,,Y,,A,01,0,0,1,0,0,0,0,0,0,"- ","- ",,,"SAN FRANCISCO","SAN FRANCISCO",-122.42485809326172,37.770748138427734
9347343,2021,2021-10-28,3801,2021-09-27,0011,A23182,INGLE,1,5,7,3801,0,0,0,,0,3H15E,"EDINBURGH ST","EDINBURGH ST 710",0.00,,Y,F,-,N,,,,,,,,,,Y,2,0,2,3,A,-,01,23153,B,N,B,J,E,B,H,-,C,D,0,Y,,,,Y,Y,A,01,1,1,0,0,1,0,0,0,0,"- ","- ",,,"SAN FRANCISCO","SAN FRANCISCO",,
9347344,2021,2021-10-28,3801,2021-09-30,2233,1406,CENTR,4,5,7,3801,0,0,0,,0,3A1,"TAYLOR ST","BUSH ST",0.00,,Y,A,-,N,,,,,,,,,,Y,4,0,1,2,A,-,12,21453,A,F,D,C,A,A,H,-,C,A,0,,,,,Y,,A,01,0,0,1,0,0,0,0,0,0,"- ","- ",,,"SAN FRANCISCO","SAN FRANCISCO",-122.41207122802734,37.789756774902344
9347345,2021,2021-10-28,3801,2021-09-30,2147,245,BAYVI,4,5,7,3801,0,0,0,,0,02C,"INDUSTRIAL ST","BAY SHORE BL",0.00,,Y,A,-,N,,,,,,,,,,Y,3,0,3,3,A,-,08,22107,,N,F,C,A,A,H,-,C,A,0,,,,,Y,,A,01,0,1,2,0,0,0,0,0,0,"- ","- ",,,"SAN FRANCISCO","SAN FRANCISCO",-122.40695953369141,37.737998962402344
9347346,2021,2021-10-28,3801,2021-09-29,1804,2435,BAYVI,3,5,7,3801,0,0,0,,0,3C12D,"SILVER AV","MERRILL ST",0.00,,Y,A,-,N,,,,,,,,,,N,2,0,1,2,A,-,10,21950,A,N,G,B,B,A,H,-,A,A,0,Y,,,,Y,,A,01,1,0,0,0,1,0,0,0,0,"- ","- ",,,"SAN FRANCISCO","SAN FRANCISCO",-122.40892028808594,37.731430053710938
9347347,2021,2021-10-28,3801,2021-09-29,1804,970,SOUTH,3,5,7,3801,0,0,0,,0,0B1,EMBARCADERO,"TOWNSEND ST",397.00,N,N,A,-,N,,,,,,,,,,N,2,0,1,1,A,-,00,21968,A,N,H,A,A,A,H,-,A,D,0,,,,,Y,,M,94,1,0,0,0,0,0,0,0,0,"- ","- ",,,"SAN FRANCISCO","SAN FRANCISCO",-122.38832855224609,37.782878875732422
9347348,2021,2021-10-28,3801,2021-09-29,0700,4798,NORTH,3,5,7,3801,0,0,0,,0,3E00D,"LAGUNA ST","MARINA BL",100.00,S,N,A,-,N,,,,,,,,,,N,3,0,1,2,A,-,10,21952,,F,G,B,D,A,H,-,A,D,0,Y,,,,Y,,A,01,0,1,0,0,1,0,0,0,0,"- ","- ",,,"SAN FRANCISCO","SAN FRANCISCO",-122.43201446533203,37.804939270019531
9347349,2021,2021-10-28,3801,2021-09-29,1630,1096,CENTR,3,5,7,3801,0,0,0,,0,3A13D,"PINE ST","DAVIS ST",65.00,W,N,A,-,N,,,,,,,,,,N,4,0,1,2,A,-,11,21954,A,N,G,B,D,A,H,-,A,D,0,Y,,,,Y,,N,60,0,0,1,0,1,0,0,0,0,"- ","- ",,,"SAN FRANCISCO","SAN FRANCISCO",-122.39756011962891,37.792507171630859
9347350,2021,2021-10-28,3801,2021-09-29,1613,2407,MISSI,3,5,7,3801,0,0,0,,0,3D15D,"MISSION ST","14TH ST",0.00,,Y,A,-,N,,,,,,,,,,N,4,0,1,2,A,-,10,21950,A,N,G,B,B,A,H,-,A,A,0,Y,,,,Y,,A,01,0,0,1,0,1,0,0,0,0,"- ","- ",,,"SAN FRANCISCO","SAN FRANCISCO",-122.41996765136719,37.768291473388672
9347351,2021,2021-10-28,3801,2021-09-29,1501,2237,SOUTH,3,5,7,3801,0,0,0,,0,3B15C,"7TH ST","MINNA ST",0.00,,Y,A,-,N,,,,,,,,,,Y,4,0,1,2,A,-,03,22350,,N,C,C,A,A,H,-,A,A,0,,,,,Y,,A,01,0,0,1,0,0,0,0,0,0,"- ","- ",,,"SAN FRANCISCO","SAN FRANCISCO",-122.41038513183594,37.778785705566406
9347352,2021,2021-10-28,3801,2021-09-28,2020,1909,NORTH,2,5,7,3801,0,0,0,,0,3E15D,"RICHARDSON AV","CHESTNUT ST",5.00,N,N,A,-,N,,,,,,,,,,Y,3,0,1,1,A,-,08,22107,,N,E,I,A,A,H,-,C,A,0,,,,,Y,,A,01,0,1,0,0,0,0,0,0,0,"- ","- ",,,"SAN FRANCISCO","SAN FRANCISCO",-122.44599151611328,37.799587249755859
9347353,2021,2021-10-28,3801,2021-09-26,1420,1118,SOUTH,7,5,7,3801,0,0,0,,0,3B13A,"MARKET ST","MCCOPPIN ST",40.00,E,N,A,-,N,,,,,,,,,,N,4,0,1,2,A,-,08,22107,,N,H,A,A,A,H,-,A,D,0,,,Y,,Y,,A,01,0,0,1,0,0,0,0,0,1,"- ","- ",,,"SAN FRANCISCO","SAN FRANCISCO",-122.42369079589844,37.771503448486328
9347354,2021,2021-10-28,3801,2021-09-26,1340,1052,RICHM,7,5,7,3801,0,0,0,,0,3G4C,"GEARY BL","7TH AV",70.00,W,N,A,-,N,,,,,,,,,,N,4,0,2,2,A,-,03,22350,,N,C,C,A,A,H,-,A,A,0,,,,,Y,,A,01,0,0,2,0,0,0,0,0,0,"- ","- ",,,"SAN FRANCISCO","SAN FRANCISCO",-122.46561431884766,37.781017303466797
9347355,2021,2021-10-28,3801,2021-09-20,2120,4084,TRAFF,1,5,7,3801,0,0,0,,0,4B4B,"MCALLISTER ST","LARKIN ST",5.00,E,N,A,-,N,,,,,,,,,,Y,3,0,1,2,A,-,11,21456,B,F,A,B,B,A,H,-,C,A,0,Y,,,,Y,Y,-,"- ",0,1,0,0,1,0,0,0,0,"- ","- ",,,"SAN FRANCISCO","SAN FRANCISCO",-122.41692352294922,37.780502319335938
9347356,2021,2021-10-28,3801,2021-09-09,1400,1053,TARAV,4,5,7,3801,0,0,0,,0,3I15A,"SLOAT BL","VALE AV",42.00,E,N,A,-,N,,,,,,,,,,N,4,0,1,2,A,-,08,22107,,N,-,G,A,A,H,-,A,A,0,,Y,,,Y,,A,01,0,0,1,0,0,0,1,0,0,"- ","- ",,,"SAN FRANCISCO","SAN FRANCISCO",-122.48391723632812,37.734443664550781
9347357,2021,2021-10-28,3801,2021-09-09,1320,2337,INGLE,4,5,7,3801,0,0,0,,0,3H12C,"VISTACION AV","SCHWERIN ST",0.00,,Y,A,-,N,,,,,,,,,,Y,4,0,1,3,A,-,12,22450,A,N,D,D,A,A,H,-,A,D,0,,,,,Y,,A,01,0,0,1,0,0,0,0,0,0,"- ","- ",,,"SAN FRANCISCO","SAN FRANCISCO",-122.41062164306641,37.712223052978516
9347358,2021,2021-10-28,3801,2021-09-08,1533,577,TARAV,3,5,7,3801,0,0,0,,0,0I5,"BROTHERHOOD WY","LAKE MERCED BL",248.00,E,N,A,-,N,,,,,,,,,,Y,4,0,1,3,A,-,03,22350,,N,C,-,A,A,H,-,A,D,0,,,,,Y,,A,01,0,0,1,0,0,0,0,0,0,"- ","- ",,,"SAN FRANCISCO","SAN FRANCISCO",-122.48440551757812,37.714607238769531
9347359,2021,2021-10-28,3801,2021-09-20,0632,1917,TARAV,1,5,7,3801,0,0,0,,0,3I16A,"OCEAN AV","JULES AV",0.00,,Y,A,-,N,,,,,,,,,,Y,4,0,1,2,A,-,08,22107,,N,D,C,A,A,H,-,A,A,0,,,,,Y,,A,01,0,0,1,0,0,0,0,0,0,"- ","- ",,,"SAN FRANCISCO","SAN FRANCISCO",-122.46123504638672,37.724948883056641
9347360,2021,2021-10-28,3801,2021-09-30,1420,2210,SOUTH,4,5,7,3801,0,0,0,,0,0B4,"MARKET ST","OCTAVIA ST",0.00,,Y,A,-,N,,,,,,,,,,N,4,0,1,2,A,-,08,22101,D,N,D,G,A,A,-,-,A,A,0,,Y,,,Y,,A,01,0,0,1,0,0,0,1,0,0,"- ","- ",,,"SAN FRANCISCO","SAN FRANCISCO",-122.42359161376953,37.771774291992188
9347437,2021,2021-11-08,3801,2021-09-02,0108,1024,TENDE,4,5,7,3801,0,0,0,,0,3J13E,"LARKIN ST",MARKET,0.00,,Y,A,-,N,,,,,,,,,,Y,4,0,1,1,A,-,07,21658,,N,H,A,A,B,H,-,C,A,0,,,Y,,Y,,C,03,0,0,1,0,0,0,0,0,1,"- ","- ",,,"SAN FRANCISCO","SAN FRANCISCO",-122.41632843017578,37.777500152587891
9347438,2021,2021-11-08,3801,2021-09-05,2148,1987,TARAV,7,5,7,3801,0,0,0,,0,,"JUDAH ST","24TH AV",0.00,,Y,A,-,N,,,,,,,,,,N,4,0,1,3,A,-,01,21200,5,N,B,G,A,A,H,-,C,D,0,,Y,,,Y,Y,L,04,0,0,1,0,0,0,1,0,0,"- ","- ",,,"SAN FRANCISCO","SAN FRANCISCO",-122.48236846923828,37.761470794677734
9347439,2021,2021-10-28,3801,2021-09-04,0112,2368,TENDE,6,5,7,3801,0,0,0,,0,0J5,"ELLIS ST","TAYLOR ST",0.00,,Y,A,-,N,,,,,,,,,,,4,0,1,2,A,-,12,21453,A,F,B,G,A,A,H,-,C,A,0,,Y,,,Y,Y,-,99,0,0,1,0,0,0,1,0,0,"- ","- ",,,"SAN FRANCISCO","SAN FRANCISCO",-122.41112518310547,37.78509521484375
9347440,2021,2021-11-08,3801,2021-09-03,2202,2166,TENDE,5,5,7,3801,0,0,0,,0,,"ELLIS ST","LEAVENWORTH ST",0.00,,Y,A,-,N,,,,,,,,,,,4,0,1,2,A,-,03,22350,,N,G,B,B,A,H,-,C,A,0,Y,,,,Y,Y,A,01,0,0,1,0,1,0,0,0,0,"- ","- ",,,"SAN FRANCISCO","SAN FRANCISCO",-122.41442108154297,37.784671783447266
9347721,2021,2021-10-27,3801,2021-09-30,1115,885,BAYVI,4,5,7,3801,0,0,0,,0,0O1,"EVANS AV","CESAR CHAVEZ ST",20.00,S,N,A,-,N,,,,,,,,,,N,4,0,1,2,A,-,03,22350,,F,C,C,A,A,H,-,A,A,0,,,,,Y,,A,08,0,0,1,0,0,0,0,0,0,"- ","- ",,,"SAN FRANCISCO","SAN FRANCISCO",-122.39729309082031,37.749637603759766
9347722,2021,2021-10-27,3801,2021-09-30,0901,1118,SOUTH,4,5,7,3801,0,0,0,,0,3B14A,"11TH ST","BRYANT ST",88.00,N,N,A,-,N,,,,,,,,,,N,4,0,1,3,A,-,08,22107,,N,D,G,A,A,H,-,A,D,0,,Y,,,Y,,A,01,0,0,1,0,0,0,1,0,0,"- ","- ",,,"SAN FRANCISCO","SAN FRANCISCO",-122.41101837158203,37.769493103027344
9347723,2021,2021-10-27,3801,2021-09-29,1204,1825,SOUTH,3,5,7,3801,0,0,0,,0,3B12A,"MISSION ST","MINT ST",0.00,,Y,A,-,N,,,,,,,,,,N,3,0,1,4,A,-,09,21804,A,N,D,C,A,A,H,-,A,A,0,,,Y,,Y,,A,01,0,1,0,0,0,0,0,0,1,"- ","- ",,,"SAN FRANCISCO","SAN FRANCISCO",-122.40716552734375,37.782188415527344
9347724,2021,2021-10-27,3801,2021-09-17,1634,1467,MISSI,5,5,7,3801,0,0,0,,0,3D13D,"S VAN NESS AV","21ST ST",135.00,S,N,A,-,N,,,,,,,,,,N,4,0,2,2,A,-,04,21703,,N,C,C,A,A,H,-,A,A,0,,,,,Y,,A,01,0,0,2,0,0,0,0,0,0,"- ","- ",,,"SAN FRANCISCO","SAN FRANCISCO",-122.41670989990234,37.756790161132812
9347725,2021,2021-10-27,3801,2021-09-20,2116,1435,TRAFF,1,5,7,3801,0,0,0,,0,4B4I,"MISSION ST","15TH ST",220.00,S,N,A,-,N,,,,,,,,,,N,2,0,1,2,A,-,11,21955,,F,G,B,D,A,H,-,C,D,0,Y,,,,Y,,N,60,1,0,0,0,1,0,0,0,0,"- ","- ",,,"SAN FRANCISCO","SAN FRANCISCO",-122.41976165771484,37.766067504882812
9347726,2021,2021-10-27,3801,2021-09-17,1700,4798,NORTH,5,5,7,3801,0,0,0,,0,3E00D,"OCTAVIA BL","OAK ST",0.00,,Y,A,-,N,,,,,,,,,,N,3,0,1,2,A,-,03,22350,,F,D,G,A,A,H,-,A,A,0,,Y,,,Y,,A,01,0,1,0,0,0,0,1,0,0,"- ","- ",,,"SAN FRANCISCO","SAN FRANCISCO",-122.42430114746094,37.774799346923828