CASE_ID,ACCIDENT_YEAR,PROC_DATE,JURIS,COLLISION_DATE,COLLISION_TIME,OFFICER_ID,REPORTING_DISTRICT,DAY_OF_WEEK,CHP_SHIFT,POPULATION,CNTY_CITY_LOC,SPECIAL_COND,BEAT_TYPE,CHP_BEAT_TYPE,CITY_DIVISION_LAPD,CHP_BEAT_CLASS,BEAT_NUMBER,PRIMARY_RD,SECONDARY_RD,DISTANCE,DIRECTION,INTERSECTION,WEATHER_1,WEATHER_2,STATE_HWY_IND,CALTRANS_COUNTY,CALTRANS_DISTRICT,STATE_ROUTE,ROUTE_SUFFIX,POSTMILE_PREFIX,POSTMILE,LOCATION_TYPE,RAMP_INTERSECTION,SIDE_OF_HWY,TOW_AWAY,COLLISION_SEVERITY,NUMBER_KILLED,NUMBER_INJURED,PARTY_COUNT,PRIMARY_COLL_FACTOR,PCF_CODE_OF_VIOL,PCF_VIOL_CATEGORY,PCF_VIOLATION,PCF_VIOL_SUBSECTION,HIT_AND_RUN,TYPE_OF_COLLISION,MVIW,PED_ACTION,ROAD_SURFACE,ROAD_COND_1,ROAD_COND_2,LIGHTING,CONTROL_DEVICE,CHP_ROAD_TYPE,PEDESTRIAN_ACCIDENT,BICYCLE_ACCIDENT,MOTORCYCLE_ACCIDENT,TRUCK_ACCIDENT,NOT_PRIVATE_PROPERTY,ALCOHOL_INVOLVED,STWD_VEHTYPE_AT_FAULT,CHP_VEHTYPE_AT_FAULT,COUNT_SEVERE_INJ,COUNT_VISIBLE_INJ,COUNT_COMPLAINT_PAIN,COUNT_PED_KILLED,COUNT_PED_INJURED,COUNT_BICYCLIST_KILLED,COUNT_BICYCLIST_INJURED,COUNT_MC_KILLED,COUNT_MC_INJURED,PRIMARY_RAMP,SECONDARY_RAMP,LATITUDE,LONGITUDE,COUNTY,CITY,POINT_X,POINT_Y
9347727,2021,2021-10-27,3801,2021-09-18,0300,4798,NORTH,6,5,7,3801,0,0,0,,0,3E00D,"LARKIN ST","MCALLISTER ST",0.00,,Y,A,-,N,,,,,,,,,,N,3,0,1,2,A,-,12,21453,A,F,C,C,A,A,H,-,C,A,0,,,Y,,Y,,A,01,0,1,0,0,0,0,0,0,1,"- ","- ",,,"SAN FRANCISCO","SAN FRANCISCO",-122.41693878173828,37.780498504638672
9348881,2022,2022-06-16,3801,2022-05-12,1508,301,INGLE,4,5,7,3801,0,0,0,,0,3H12C,"CHURCH ST","28TH ST",0.00,,Y,A,-,N,,,,,,,,,,Y,4,0,2,3,A,-,09,21800,A,N,D,C,A,-,H,-,A,A,0,,,,,Y,,A,07,0,0,2,0,0,0,0,0,0,"- ","- ",,,"SAN FRANCISCO","SAN FRANCISCO",-122.42681884765625,37.745307922363281
9348884,2022,2022-06-16,3801,2022-05-12,2100,2379,INGLE,4,5,7,3801,0,0,0,,0,3H15D,"MISSION ST","GENEVA AV",0.00,,Y,A,-,N,,,,,,,,,,N,4,0,1,2,A,-,12,21453,A,F,B,C,A,A,H,-,C,A,0,,,Y,,Y,,C,03,0,0,1,0,0,0,0,0,1,"- ","- ",,,"SAN FRANCISCO","SAN FRANCISCO",-122.44100189208984,37.716388702392578
9348886,2022,2022-10-31,3801,2022-05-14,1449,4253,INGLE,6,5,7,3801,0,0,0,,0,0H6,"BAYSHORE BL","SUNNYDALE AV",180.00,S,N,A,-,N,,,,,,,,,,N,3,0,1,2,A,-,17,21235,G,N,D,G,A,A,H,-,A,D,0,,Y,,,Y,,L,04,0,1,0,0,0,0,1,0,0,"- ","- ",,,"SAN FRANCISCO","SAN FRANCISCO",-122.40542602539062,37.708431243896484
9348888,2022,2022-11-14,3801,2022-05-14,0129,887,INGLE,6,5,7,3801,0,0,0,,0,3H11E,"MISSION ST","MISSION ST 3170",0.00,,N,A,-,N,,,,,,,,,,N,3,0,1,2,A,-,11,21954,A,N,G,B,D,A,H,-,C,D,0,Y,,,,Y,Y,N,60,0,1,0,0,1,0,0,0,0,"- ","- ",,,"SAN FRANCISCO","SAN FRANCISCO",-122.41979217529297,37.7705078125
9348889,2022,2022-10-31,3801,2022-05-15,0248,901,INGLE,7,5,7,3801,0,0,0,,0,3H13E,"MISSION ST","BOSWORTH ST",0.00,,Y,A,-,N,,,,,,,,,,Y,3,0,1,3,A,-,12,21453,A,N,D,C,A,A,H,-,C,A,0,,,,,Y,,A,01,0,1,0,0,0,0,0,0,0,"- ","- ",,,"SAN FRANCISCO","SAN FRANCISCO",-122.42644500732422,37.733669281005859
9348891,2022,2022-07-01,3801,2022-05-13,1359,1523,NORTH,5,5,7,3801,0,0,0,,0,901,"LOMBARD ST","PIERCE ST",0.00,,Y,A,-,N,,,,,,,,,,Y,4,0,3,2,A,-,08,22107,,N,E,C,A,A,H,-,A,A,0,,,,,Y,,A,01,0,0,3,0,0,0,0,0,0,"- ","- ",,,"SAN FRANCISCO","SAN FRANCISCO",-122.43933868408203,37.799423217773438
9348892,2022,2022-06-16,3801,2022-05-10,1859,2325,SOUTH,2,5,7,3801,0,0,0,,0,,"2ND ST","HARRISON ST",5.00,N,N,A,-,N,,,,,,,,,,N,4,0,1,2,A,-,03,22350,,F,C,C,A,A,G,-,B,A,0,,,,,Y,Y,A,01,0,0,1,0,0,0,0,0,0,"- ","- ",,,"SAN FRANCISCO","SAN FRANCISCO",-122.39519500732422,37.784339904785156
9348893,2022,2022-06-16,3801,2022-05-13,2020,1052,RICHM,5,5,7,3801,0,0,0,,0,3G15D,"FULTON ST","26TH AV",0.00,,Y,A,-,N,,,,,,,,,,N,4,0,2,2,A,-,09,21801,A,N,D,-,A,A,H,-,C,D,0,,,,,Y,,A,01,0,0,2,0,0,0,0,0,0,"- ","- ",,,"SAN FRANCISCO","SAN FRANCISCO",-122.48526000976562,37.77252197265625
9348894,2022,2022-06-16,3801,2022-05-13,1530,2357,TARAV,5,5,7,3801,0,0,0,,0,3I16D,"OCEAN AV","FAXON AV",25.00,W,N,A,-,N,,,,,,,,,,N,2,0,1,2,A,-,11,21453,D,N,G,B,D,A,H,-,A,A,0,Y,,Y,,Y,,N,60,1,0,0,0,1,0,0,0,0,"- ","- ",,,"SAN FRANCISCO","SAN FRANCISCO",-122.4603271484375,37.724777221679688
9348895,2022,2022-06-16,3801,2022-05-14,2044,359,TARAV,6,5,7,3801,0,0,0,,0,3I2D,"19TH AV","EUCALYPTUS ST",100.00,S,N,A,-,N,,,,,,,,,,N,4,0,1,2,A,-,08,22107,,F,B,C,A,A,-,-,C,A,0,,,,,Y,,A,01,0,0,1,0,0,0,0,0,0,"- ","- ",,,"SAN FRANCISCO","SAN FRANCISCO",-122.47484588623047,37.730804443359375
9348898,2022,2022-06-16,3801,2022-05-01,1250,1342,NORTH,7,5,7,3801,0,0,0,,0,3E4A,"DIVISADERO ST","POST ST",0.00,,Y,-,-,N,,,,,,,,,,Y,4,0,1,2,A,-,12,21453,A,N,D,C,A,A,H,-,A,A,0,,,,,Y,,A,01,0,0,1,0,0,0,0,0,0,"- ","- ",,,"SAN FRANCISCO","SAN FRANCISCO",-122.43967437744141,37.784313201904297
9348899,2022,2022-06-16,3801,2022-05-02,0800,563,TARAV,1,5,7,3801,0,0,0,,0,002,"SUNSET BL","VICENTE ST",0.00,,Y,B,-,N,,,,,,,,,,N,3,0,1,2,A,-,11,21453,D,N,D,G,A,A,H,-,A,A,0,,Y,,,Y,,L,04,0,1,0,0,0,0,1,0,0,"- ","- ",,,"SAN FRANCISCO","SAN FRANCISCO",-122.49427032470703,37.738502502441406
9348900,2022,2022-06-16,3801,2022-05-01,2301,1982,MISSI,7,5,7,3801,0,0,0,,0,3D16E,"23RD ST","NELLIE ST",0.00,,Y,A,-,N,,,,,,,,,,N,4,0,1,2,A,-,03,22350,,N,B,E,A,A,H,-,C,D,0,,Y,,,Y,Y,L,04,0,0,1,0,0,0,1,0,0,"- ","- ",,,"SAN FRANCISCO","SAN FRANCISCO",-122.42813873291016,37.753261566162109
9348901,2022,2022-11-09,3801,2022-05-03,1358,1195,SOUTH,2,5,7,3801,0,0,0,,0,,"7TH ST","FOLSOM ST",0.00,,Y,-,-,N,,,,,,,,,,N,4,0,3,2,A,-,08,22107,A,N,B,C,A,A,H,-,A,D,0,,,,,Y,,A,08,0,0,3,0,0,0,0,0,0,"- ","- ",,,"SAN FRANCISCO","SAN FRANCISCO",-122.40784454345703,37.776771545410156
9348902,2022,2022-06-15,3801,2022-05-02,2025,2461,SOUTH,1,5,7,3801,0,0,0,,0,0B4,"MARKET ST","OCTAVIA ST",114.00,E,N,A,-,N,,,,,,,,,,N,4,0,1,2,A,-,11,21955,,N,G,B,D,A,H,-,C,A,0,Y,,,,Y,,N,60,0,0,1,0,1,0,0,0,0,"- ","- ",,,"SAN FRANCISCO","SAN FRANCISCO",-122.42330169677734,37.771995544433594
9348903,2022,2022-06-15,3801,2022-05-01,1620,1872,MISSI,7,5,7,3801,0,0,0,,0,3D14D,"POTRERO AV","24TH ST",0.00,,Y,A,-,N,,,,,,,,,,N,4,0,2,2,-,-,"- ",,,N,C,C,A,A,H,-,A,A,0,,,Y,,Y,,C,02,0,0,2,0,0,0,0,0,2,"- ","- ",,,"SAN FRANCISCO","SAN FRANCISCO",-122.40631866455078,37.752994537353516
9348904,2022,2022-06-15,3801,2022-05-03,1746,2408,RICHM,2,5,7,3801,0,0,0,,0,3G13D,"CLEMENT ST","26TH AV",105.00,W,N,A,-,N,,,,,,,,,,N,4,0,1,2,A,-,21,22106,,N,D,C,A,A,H,-,A,A,0,,,,,Y,,A,01,0,0,1,0,0,0,0,0,0,"- ","- ",,,"SAN FRANCISCO","SAN FRANCISCO",-122.48630523681641,37.781951904296875
9348905,2022,2022-06-21,3801,2022-05-03,1846,1489,BAYVI,2,5,7,3801,0,0,0,,0,3C12E,"BAY SHORE BL","RT 101",0.00,,Y,A,-,Y,SF,4,101,-,-,1.627,R,4,N,Y,2,0,2,2,A,-,00,14601,A,N,B,C,A,A,H,-,A,A,0,,,,,Y,Y,A,07,1,0,1,0,0,0,0,0,0,"- ",NF,,,"SAN FRANCISCO","SAN FRANCISCO",-122.40402984619141,37.730758666992188
9348907,2022,2022-06-15,3801,2022-05-02,2230,1871,INGLE,1,5,7,3801,0,0,0,,0,901,"GOLD MINE DR","DIAMOND HEIGHTS BL",108.00,S,N,A,-,N,,,,,,,,,,Y,4,0,1,1,B,-,22,,,N,E,I,A,A,H,-,D,D,0,,,,,Y,,A,01,0,0,1,0,0,0,0,0,0,"- ","- ",,,"SAN FRANCISCO","SAN FRANCISCO",-122.43784332275391,37.743270874023438
9348908,2022,2022-06-23,3801,2022-05-04,1813,301,INGLE,3,5,7,3801,0,0,0,,0,3H14D,"BADEN ST","HEARST AV",0.00,,Y,A,-,N,,,,,,,,,,Y,3,0,1,2,A,-,00,26541,A,N,D,C,A,A,H,-,A,A,0,,,,,Y,,A,01,0,1,0,0,0,0,0,0,0,"- ","- ",,,"SAN FRANCISCO","SAN FRANCISCO",-122.43970489501953,37.730728149414062
9348909,2022,2022-06-15,3801,2022-05-03,1901,307,INGLE,2,5,7,3801,0,0,0,,0,3H15D,"GENEVA AV","MOSCOW ST",0.00,,Y,A,-,N,,,,,,,,,,Y,4,0,1,2,A,-,00,22453,,N,-,C,A,A,H,-,A,A,0,,,,,Y,,A,01,0,0,1,0,0,0,0,0,0,"- ","- ",,,"SAN FRANCISCO","SAN FRANCISCO",-122.43374633789062,37.713130950927734
9348910,2022,2022-07-07,3801,2022-05-12,1720,2210,SOUTH,4,5,7,3801,0,0,0,,0,0B2,"FOLSOM ST","5TH ST",0.00,,Y,A,-,N,,,,,,,,,,N,4,0,1,2,-,-,"- ",,,N,G,B,-,A,H,-,A,A,0,Y,,,,Y,,-,"- ",0,0,1,0,1,0,0,0,0,"- ","- ",,,"SAN FRANCISCO","SAN FRANCISCO",-122.40340423583984,37.7802734375
9348911,2022,2022-06-21,3801,2022-05-03,1812,1420,INGLE,2,5,7,3801,0,0,0,,0,3H13D,"MISSION ST","PRECITA AV",0.00,,Y,A,-,N,,,,,,,,,,N,3,0,1,2,A,-,05,21460,,N,A,G,A,A,H,-,A,D,0,,Y,,,Y,,L,04,0,1,0,0,0,0,1,0,0,"- ","- ",,,"SAN FRANCISCO","SAN FRANCISCO",-122.41912078857422,37.746757507324219
9348912,2022,2022-06-15,3801,2022-05-02,2344,359,TARAV,1,5,7,3801,0,0,0,,0,3I16E,"SICKLES AV","SAN JOSE AV",0.00,,Y,A,-,N,,,,,,,,,,Y,2,0,1,1,A,-,03,22350,,N,F,J,A,A,H,-,C,A,0,,,Y,,Y,,C,02,1,0,0,0,0,0,0,0,1,"- ","- ",,,"SAN FRANCISCO","SAN FRANCISCO",-122.45581817626953,37.71124267578125
9348914,2022,2022-06-15,3801,2022-05-04,0720,4262,MISSI,3,5,7,3801,0,0,0,,0,3D51,"14TH ST","SOUTH VAN NESS",0.00,,Y,A,-,N,,,,,,,,,,N,3,0,1,2,A,-,12,21453,A,M,D,G,A,A,H,-,A,A,0,,Y,,,Y,,A,01,0,1,0,0,0,0,1,0,0,"- ","- ",,,"SAN FRANCISCO","SAN FRANCISCO",-122.41780090332031,37.768417358398438
9348915,2022,2022-06-16,3801,2022-05-01,2100,1950,RICHM,7,5,7,3801,0,0,0,,0,4CAR,"GEARY BL","30TH AV",0.00,,Y,A,-,N,,,,,,,,,,Y,4,0,1,2,A,-,09,21801,,N,D,C,A,A,H,-,C,A,0,,,,,Y,,A,01,0,0,1,0,0,0,0,0,0,"- ","- ",,,"SAN FRANCISCO","SAN FRANCISCO",-122.49007415771484,37.779911041259766
9348918,2022,2022-06-16,3801,2022-05-05,2304,1574,INGLE,4,5,7,3801,0,0,0,,0,3H15E,"MISSION ST","PERSIA ST",0.00,,Y,A,-,N,,,,,,,,,,N,3,0,2,2,A,-,11,21954,A,N,G,B,D,A,H,-,C,A,0,Y,,Y,,Y,Y,N,60,0,1,1,0,1,0,0,0,1,"- ","- ",,,"SAN FRANCISCO","SAN FRANCISCO",-122.43596649169922,37.723140716552734
9348919,2022,2022-06-16,3801,2022-05-01,2216,1160,SOUTH,7,5,7,3801,0,0,0,,0,0B4,"9TH ST","BRYANT ST",26.00,N,N,A,-,N,,,,,,,,,,N,3,0,1,2,A,-,05,21650,1,N,D,G,A,A,H,-,C,A,0,,Y,,,Y,,L,04,0,1,0,0,0,0,1,0,0,"- ","- ",,,"SAN FRANCISCO","SAN FRANCISCO",-122.40859222412109,37.771339416503906
9348920,2022,2022-06-16,3801,2022-05-05,2248,2708,SOUTH,4,5,7,3801,0,0,0,,0,3B12E,"THE EMBARCADERO","FOLSOM ST",0.00,,Y,A,-,N,,,,,,,,,,Y,4,0,1,1,A,-,03,22350,,N,E,I,A,A,H,-,C,A,0,,,,,Y,,-,"- ",0,0,1,0,0,0,0,0,0,"- ","- ",,,"SAN FRANCISCO","SAN FRANCISCO",-122.39015960693359,37.790756225585938
9348921,2022,2022-06-16,3801,2022-05-17,1214,1119,SOUTH,2,5,7,3801,0,0,0,,0,SOUTHE,"7TH ST","BRYANT ST",25.00,S,N,A,-,N,,,,,,,,,,N,4,0,1,2,A,-,17,21657,,F,A,D,A,A,H,-,A,A,0,,,,,Y,,A,07,0,0,1,0,0,0,0,0,0,"- ","- ",,,"SAN FRANCISCO","SAN FRANCISCO",-122.40478515625,37.774333953857422
9348922,2022,2022-06-16,3801,2022-05-18,1442,310,SOUTH,3,5,7,3801,0,0,0,,0,3B13A,"TERRY A FRANCOIS BL","PIERPOINT LN",12.00,S,N,A,-,N,,,,,,,,,,N,2,0,1,1,C,-,18,,,N,H,-,A,A,H,-,A,D,0,,Y,,,Y,,-,"- ",1,0,0,0,0,0,1,0,0,"- ","- ",,,"SAN FRANCISCO","SAN FRANCISCO",-122.38639831542969,37.769935607910156
9348923,2022,2022-06-16,3801,2022-05-18,1225,2743,SOUTH,3,5,7,3801,0,0,0,,0,3B5,"16TH ST","OWENS ST",30.00,W,N,A,-,N,,,,,,,,,,N,4,0,1,1,A,-,03,22350,,N,H,A,A,A,H,-,A,A,0,,Y,,,Y,,L,04,0,0,1,0,0,0,1,0,0,"- ","- ",,,"SAN FRANCISCO","SAN FRANCISCO",-122.39280700683594,37.766704559326172
9348924,2022,2022-10-31,3801,2022-05-17,1024,1609,RICHM,2,5,7,3801,0,0,0,,0,3G5A,"FULTON ST","35TH AV",30.00,E,N,A,-,N,,,,,,,,,,Y,3,0,1,4,A,-,07,21658,,F,B,-,F,A,H,-,A,D,0,Y,,,,Y,,A,07,0,1,0,0,1,0,0,0,0,"- ","- ",,,"SAN FRANCISCO","SAN FRANCISCO",-122.49480438232422,37.7720947265625
9348925,2022,2022-06-16,3801,2022-05-19,0326,359,TARAV,4,5,7,3801,0,0,0,,0,3I13E,"TARAVAL ST","34TH AV",0.00,,Y,A,-,N,,,,,,,,,,Y,4,0,1,2,A,-,08,22107,,F,D,C,A,A,H,-,C,A,0,,,,,Y,,A,01,0,0,1,0,0,0,0,0,0,"- ","- ",,,"SAN FRANCISCO","SAN FRANCISCO",-122.49179077148438,37.742336273193359
9348926,2022,2022-10-31,3801,2022-05-16,1858,2241,NORTH,1,5,7,3801,0,0,0,,0,0E5,"FRANKLIN ST","GREENWICH ST",0.00,,Y,A,-,N,,,,,,,,,,N,4,0,2,2,D,-,00,,,N,D,-,A,A,H,-,A,A,0,,,,,Y,,-,"- ",0,0,2,0,0,0,0,0,0,"- ","- ",,,"SAN FRANCISCO","SAN FRANCISCO",-122.42599487304688,37.800205230712891
9348927,2022,2022-06-16,3801,2022-05-16,1743,798,NORTH,1,5,7,3801,0,0,0,,0,3E12D,"MCALLISTER ST","LAGUNA ST",50.00,E,N,A,-,N,,,,,,,,,,Y,4,0,1,2,A,-,08,22107,,N,B,E,A,A,H,-,A,A,0,,,,,Y,,A,01,0,0,1,0,0,0,0,0,0,"- ","- ",,,"SAN FRANCISCO","SAN FRANCISCO",-122.42665100097656,37.779281616210938
9348928,2022,2022-06-16,3801,2022-05-17,1350,A21165,NORTH,2,5,7,3801,0,0,0,,0,3E43C,"OCTAVIA ST","OAK ST",0.00,,Y,A,-,N,,,,,,,,,,Y,4,0,1,2,D,-,00,,,N,E,C,A,A,H,-,A,A,0,,,,,Y,,-,"- ",0,0,1,0,0,0,0,0,0,"- ","- ",,,"SAN FRANCISCO","SAN FRANCISCO",-122.42430114746094,37.774799346923828
9348929,2022,2022-10-31,3801,2022-05-17,1605,1389,BAYVI,2,5,7,3801,0,0,0,,0,3C12D,"INDUSTRIAL ST","BARNEVELD AV",0.00,,Y,A,-,N,,,,,,,,,,Y,4,0,1,2,A,-,09,21802,A,N,D,C,A,A,H,-,A,D,0,,,,,Y,,A,01,0,0,1,0,0,0,0,0,0,"- ","- ",,,"SAN FRANCISCO","SAN FRANCISCO",-122.40430450439453,37.738735198974609
9348930,2022,2022-07-20,3801,2022-05-20,0319,1688,BAYVI,5,5,7,3801,0,0,0,,0,3C15E,"CAMBRIDGE ST","SWEENY ST",42.00,N,N,A,-,N,,,,,,,,,,N,4,0,1,1,A,I,"- ",,,N,H,J,A,A,H,-,C,D,0,,Y,,,Y,,L,04,0,0,1,0,0,0,1,0,0,"- ","- ",,,"SAN FRANCISCO","SAN FRANCISCO",-122.41935729980469,37.730533599853516
9348931,2022,2022-10-31,3801,2022-05-17,1748,2080,CENTR,2,5,7,3801,0,0,0,,0,3A15D,"BATTERY ST","MARKET ST",0.00,,Y,A,-,N,,,,,,,,,,N,4,0,1,2,A,-,08,22107,,N,-,B,B,A,H,-,A,A,0,Y,,Y,,Y,,C,03,0,0,1,0,0,0,0,0,1,"- ","- ",,,"SAN FRANCISCO","SAN FRANCISCO",-122.39951324462891,37.790767669677734
9348932,2022,2022-06-16,3801,2022-05-17,1850,2461,SOUTH,2,5,7,3801,0,0,0,,0,3B13D,"TOWNSEND ST","47TH ST",0.00,,Y,A,-,N,,,,,,,,,,N,3,0,1,2,A,-,08,22100,B,N,D,G,A,A,H,-,A,A,0,,Y,,,Y,,L,04,0,1,0,0,0,0,1,0,0,"- ","- ",,,"SAN FRANCISCO","SAN FRANCISCO",,
9348933,2022,2022-06-16,3801,2022-05-20,1000,1460,SOUTH,5,5,7,3801,0,0,0,,0,3B5A,"BERRY ST","4TH ST",0.00,,Y,A,-,N,,,,,,,,,,N,3,0,1,2,A,-,11,21453,D,N,H,B,B,-,H,-,A,A,0,Y,Y,,,Y,,N,60,0,1,0,0,0,0,1,0,0,"- ","- ",,,"SAN FRANCISCO","SAN FRANCISCO",-122.39334106445312,37.775779724121094
9348935,2022,2022-06-16,3801,2022-05-17,0824,4124,INGLE,2,5,7,3801,0,0,0,,0,3H15A,"LONDON ST","FRANCE ST",325.00,N,N,A,-,N,,,,,,,,,,Y,4,0,1,4,A,-,21,22106,,N,B,C,A,A,H,-,A,D,0,,,,,Y,,A,01,0,0,1,0,0,0,0,0,0,"- ","- ",,,"SAN FRANCISCO","SAN FRANCISCO",-122.43698120117188,37.720417022705078
9348936,2022,2022-11-14,3801,2022-05-16,1439,1438,INGLE,1,5,7,3801,0,0,0,,0,5CAR,"MISSION ST","RUSSIA AV",0.00,,Y,-,-,N,,,,,,,,,,N,4,0,2,3,A,-,12,22450,A,N,B,C,A,A,H,-,A,A,0,,,,,Y,,A,01,0,0,2,0,0,0,0,0,0,"- ","- ",,,"SAN FRANCISCO","SAN FRANCISCO",-122.43717956542969,37.721572875976562
9348937,2022,2022-06-16,3801,2022-05-15,1407,670,INGLE,7,5,7,3801,0,0,0,,0,3H11A,"SAN JOSE AV","ROUSSEAU ST",0.00,,Y,A,G,N,,,,,,,,,,N,3,0,1,1,A,-,17,21208,,N,-,J,A,A,-,-,A,D,0,,Y,,,Y,,L,04,0,1,0,0,0,0,1,0,0,"- ","- ",,,"SAN FRANCISCO","SAN FRANCISCO",-122.43045043945312,37.733905792236328
9348940,2022,2022-06-16,3801,2022-05-20,1912,2735,BAYVI,5,5,7,3801,0,0,0,,0,3C11D,"CESAR CHAVEZ ST","PENNSYLVANIA AV",0.00,,Y,A,-,N,,,,,,,,,,Y,4,0,2,2,A,-,12,21453,A,N,D,C,A,A,H,-,A,A,0,,,,,Y,,A,01,0,0,2,0,0,0,0,0,0,"- ","- ",,,"SAN FRANCISCO","SAN FRANCISCO",-122.39242553710938,37.750049591064453
9348941,2022,2022-06-15,3801,2022-05-22,1804,890,BAYVI,7,5,7,3801,0,0,0,,0,3C15D,"3RD ST","YOSEMITE AV",31.00,N,N,A,-,N,,,,,,,,,,N,4,0,1,2,A,-,03,22350,,N,C,C,A,-,H,-,A,A,0,,,,,Y,,A,01,0,0,1,0,0,0,0,0,0,"- ","- ",,,"SAN FRANCISCO","SAN FRANCISCO",-122.39328765869141,37.727878570556641
9348943,2022,2022-06-15,3801,2022-05-06,0650,4356,INGLE,5,5,7,3801,0,0,0,,0,3H11A,"CORTLAND AV","MISSION ST",0.00,,Y,A,-,N,,,,,,,,,,N,4,0,1,2,A,-,17,21235,G,N,H,J,A,A,H,-,A,A,0,,,,,Y,,M,94,0,0,1,0,0,0,0,0,0,"- ","- ",,,"SAN FRANCISCO","SAN FRANCISCO",-122.42284393310547,37.741012573242188
9348944,2022,2022-06-17,3801,2022-05-10,0454,2467,BAYVI,2,5,7,3801,0,0,0,,0,,"MINNESOTA ST","25TH ST",0.00,,Y,A,-,N,,,,,,,,,,Y,4,0,1,1,D,-,00,,,N,A,I,A,A,H,-,C,A,0,,,,,Y,,-,"- ",0,0,1,0,0,0,0,0,0,"- ","- ",,,"SAN FRANCISCO","SAN FRANCISCO",-122.38973999023438,37.752731323242188
9348945,2022,2022-06-15,3801,2022-05-11,1237,2743,SOUTH,3,5,7,3801,0,0,0,,0,3B5,"04TH ST","KING ST",24.00,S,N,A,-,N,,,,,,,,,,Y,4,0,1,2,A,-,03,22350,,N,C,C,A,A,H,-,A,A,0,,,,,Y,,A,01,0,0,1,0,0,0,0,0,0,"- ","- ",,,"SAN FRANCISCO","SAN FRANCISCO",,
9348946,2022,2022-06-15,3801,2022-05-10,1300,986,TARAV,2,5,7,3801,0,0,0,,0,3I4B,"VICENTE ST","WEST PORTAL AV",102.00,S,N,A,-,N,,,,,,,,,,Y,4,0,2,4,A,-,03,22350,,N,C,E,A,A,H,-,A,D,0,,,,,Y,,A,07,0,0,2,0,0,0,0,0,0,"- ","- ",,,"SAN FRANCISCO","SAN FRANCISCO",-122.46673583984375,37.739574432373047
9348947,2022,2022-06-15,3801,2022-05-07,0033,2463,SOUTH,6,5,7,3801,0,0,0,,0,,"HOWARD ST","5TH ST",138.00,W,N,A,-,N,,,,,,,,,,N,2,0,1,1,D,-,00,,,N,H,J,A,A,H,-,C,D,0,,Y,,,Y,,-,"- ",1,0,0,0,0,0,1,0,0,"- ","- ",,,"SAN FRANCISCO","SAN FRANCISCO",-122.40526580810547,37.781242370605469
9348948,2022,2022-06-15,3801,2022-05-11,1620,1160,SOUTH,3,5,7,3801,0,0,0,,0,0B1,"HARRISON ST","MAIN ST",0.00,,Y,A,-,N,,,,,,,,,,Y,3,0,1,2,A,-,09,21801,A,N,D,C,A,A,H,-,A,A,0,,,Y,,Y,,A,01,0,1,0,0,0,0,0,0,1,"- ","- ",,,"SAN FRANCISCO","SAN FRANCISCO",-122.39031982421875,37.78814697265625
9348949,2022,2022-10-31,3801,2022-05-11,2244,2157,RICHM,3,5,7,3801,0,0,0,,0,001,"PARK PRESIDIO BL","CROSSOVER DR",40.00,N,N,A,-,N,,,,,,,,,,Y,4,0,2,1,A,-,03,22350,,N,E,I,A,A,H,-,C,D,0,,,,,Y,,A,01,0,0,2,0,0,0,0,0,0,"- ","- ",,,"SAN FRANCISCO","SAN FRANCISCO",-122.47946929931641,37.771289825439453
9348950,2022,2022-06-23,3801,2022-05-11,1022,375,BAYVI,3,5,7,3801,0,0,0,,0,3C12,"BAY SHORE BL","RT 101",0.00,,Y,A,-,N,,,,,,,,,,Y,2,0,1,2,A,-,00,21294,B,N,D,J,A,A,H,-,A,A,0,,,Y,,Y,,C,03,1,0,0,0,0,0,0,0,1,"- ",NF,,,"SAN FRANCISCO","SAN FRANCISCO",-122.40615844726562,37.657318115234375
9348951,2022,2022-06-15,3801,2022-05-12,1624,2098,TENDE,4,5,7,3801,0,0,0,,0,,"EDDY ST","POLK ST",0.00,,Y,A,-,N,,,,,,,,,,N,4,0,1,2,A,-,07,21658,A,N,B,J,A,A,H,-,A,A,0,,,,,Y,,M,94,0,0,1,0,0,0,0,0,0,"- ","- ",,,"SAN FRANCISCO","SAN FRANCISCO",-122.41918182373047,37.7830810546875
9348952,2022,2022-10-31,3801,2022-05-10,1500,1987,TENDE,2,5,7,3801,0,0,0,,0,3J94D,"EDDY ST","LEAVENWORTH ST",0.00,,Y,A,-,N,,,,,,,,,,N,4,0,1,2,A,-,17,22517,,N,H,E,A,A,H,-,A,A,0,,,Y,,Y,Y,A,01,0,0,1,0,0,0,0,0,1,"- ","- ",,,"SAN FRANCISCO","SAN FRANCISCO",-122.41423797607422,37.783729553222656
9348954,2022,2022-06-15,3801,2022-05-13,1852,2100,MISSI,5,5,7,3801,0,0,0,,0,3D11D,"GUERRERO ST","17TH ST",0.00,,Y,A,-,N,,,,,,,,,,N,3,0,1,2,A,-,10,21950,A,N,G,B,B,A,H,-,A,A,0,Y,,,,Y,Y,A,01,0,1,0,0,1,0,0,0,0,"- ","- ",,,"SAN FRANCISCO","SAN FRANCISCO",-122.42392730712891,37.763172149658203
9348955,2022,2022-06-15,3801,2022-05-14,1829,2008,MISSI,6,5,7,3801,0,0,0,,0,3D15D,"HARRISON ST","TREAT AV",0.00,,Y,A,-,N,,,,,,,,,,N,3,0,1,2,A,-,08,22107,,N,B,G,A,-,H,-,A,D,0,,Y,,,Y,,A,01,0,1,0,0,0,0,1,0,0,"- ","- ",,,"SAN FRANCISCO","SAN FRANCISCO",-122.41317749023438,37.76605224609375
9348956,2022,2022-06-15,3801,2022-05-12,2300,1480,MISSI,4,5,7,3801,0,0,0,,0,3D15E,"41ST AV","IRVING ST",0.00,,Y,F,-,N,,,,,,,,,,N,4,0,1,2,A,-,12,22450,A,N,D,C,A,-,G,H,C,D,0,,,,,Y,,A,01,0,0,1,0,0,0,0,0,0,"- ","- ",,,"SAN FRANCISCO","SAN FRANCISCO",-122.50069427490234,37.762523651123047