CASE_ID,ACCIDENT_YEAR,PROC_DATE,JURIS,COLLISION_DATE,COLLISION_TIME,OFFICER_ID,REPORTING_DISTRICT,DAY_OF_WEEK,CHP_SHIFT,POPULATION,CNTY_CITY_LOC,SPECIAL_COND,BEAT_TYPE,CHP_BEAT_TYPE,CITY_DIVISION_LAPD,CHP_BEAT_CLASS,BEAT_NUMBER,PRIMARY_RD,SECONDARY_RD,DISTANCE,DIRECTION,INTERSECTION,WEATHER_1,WEATHER_2,STATE_HWY_IND,CALTRANS_COUNTY,CALTRANS_DISTRICT,STATE_ROUTE,ROUTE_SUFFIX,POSTMILE_PREFIX,POSTMILE,LOCATION_TYPE,RAMP_INTERSECTION,SIDE_OF_HWY,TOW_AWAY,COLLISION_SEVERITY,NUMBER_KILLED,NUMBER_INJURED,PARTY_COUNT,PRIMARY_COLL_FACTOR,PCF_CODE_OF_VIOL,PCF_VIOL_CATEGORY,PCF_VIOLATION,PCF_VIOL_SUBSECTION,HIT_AND_RUN,TYPE_OF_COLLISION,MVIW,PED_ACTION,ROAD_SURFACE,ROAD_COND_1,ROAD_COND_2,LIGHTING,CONTROL_DEVICE,CHP_ROAD_TYPE,PEDESTRIAN_ACCIDENT,BICYCLE_ACCIDENT,MOTORCYCLE_ACCIDENT,TRUCK_ACCIDENT,NOT_PRIVATE_PROPERTY,ALCOHOL_INVOLVED,STWD_VEHTYPE_AT_FAULT,CHP_VEHTYPE_AT_FAULT,COUNT_SEVERE_INJ,COUNT_VISIBLE_INJ,COUNT_COMPLAINT_PAIN,COUNT_PED_KILLED,COUNT_PED_INJURED,COUNT_BICYCLIST_KILLED,COUNT_BICYCLIST_INJURED,COUNT_MC_KILLED,COUNT_MC_INJURED,PRIMARY_RAMP,SECONDARY_RAMP,LATITUDE,LONGITUDE,COUNTY,CITY,POINT_X,POINT_Y
9348957,2022,2022-06-15,3801,2022-05-22,0512,1769,MISSI,7,5,7,3801,0,0,0,,0,3D13E,"FOLSOM ST","16TH ST",0.00,,Y,A,-,N,,,,,,,,,,N,4,0,3,2,A,-,03,22350,,N,C,C,A,A,H,-,C,A,0,,,,,Y,,A,01,0,0,3,0,0,0,0,0,0,"- ","- ",,,"SAN FRANCISCO","SAN FRANCISCO",-122.41529846191406,37.765312194824219
9348958,2022,2022-06-15,3801,2022-05-22,1904,539,MISSI,7,5,7,3801,0,0,0,,0,MISSIO,"CESAR CHAVEZ ST","BRYANT ST",0.00,,Y,A,-,N,,,,,,,,,,Y,4,0,2,2,A,-,09,21802,,N,-,C,A,A,H,-,B,A,0,,,,,Y,,A,01,0,0,2,0,0,0,0,0,0,"- ","- ",,,"SAN FRANCISCO","SAN FRANCISCO",-122.40872192382812,37.748401641845703
9348959,2022,2022-06-15,3801,2022-05-24,1729,4277,BAYVI,2,5,7,3801,0,0,0,,0,3C13D,"PALOU AV","LANE ST",0.00,,Y,A,-,N,,,,,,,,,,N,4,0,1,2,A,-,12,22450,A,N,B,C,A,A,H,-,A,A,0,,,,,Y,,A,01,0,0,1,0,0,0,0,0,0,"- ","- ",,,"SAN FRANCISCO","SAN FRANCISCO",-122.38903045654297,37.732933044433594
93491064,2024,2024-08-05,9335,2024-07-25,1145,023357,,4,1,7,3801,0,1,1,,1,081,"I-80 W/B","THE EAST EDGE OF THE YERBA BUENA ISLAND TUNNEL",3802.00,E,N,A,-,Y,SF,,80," ",R,8.537,H,,L,N,2,0,1,2,A,-,07,21658,A,N,B,2,A,A,H,-,A,D,0,,,Y,,Y,,A,01,1,0,0,0,0,0,0,0,1,"- ","- ",37.817401885986328,-122.35540771484375,"SAN FRANCISCO","SAN FRANCISCO",-122.35537719726562,37.817359924316406
93491107,2024,2024-08-05,9335,2024-07-30,"920 ",019949,,2,1,7,3801,0,1,2,,2,013,"US-101 S/B","BLANKEN AVENUE",450.00,N,N,B,-,Y,SF,,101," "," ",0.268,H,,L,N,3,0,1,2,A,-,07,21658,A,N,B,C,A,A,H,-,A,D,0,,,,Y,Y,,A,07,0,1,0,0,0,0,0,0,0,"- ","- ",37.712169647216797,-122.39614105224609,"SAN FRANCISCO","SAN FRANCISCO",-122.3961181640625,37.712177276611328
9349363,2021,2021-10-27,3801,2021-09-01,1600,2439,CENTR,3,5,7,3801,0,0,0,,0,3A5C,"PINE ST","BATTERY ST",115.00,W,N,A,-,N,,,,,,,,,,Y,4,0,1,3,A,-,09,21804,,N,D,C,A,A,H,-,A,D,0,,,,,Y,,A,01,0,0,1,0,0,0,0,0,0,"- ","- ",,,"SAN FRANCISCO","SAN FRANCISCO",-122.40016174316406,37.792205810546875
9349576,2021,2021-12-22,3801,2021-09-22,0013,2398,NORTH,3,5,7,3801,0,0,0,,0,06E,"LOMBARD ST","FRANKLIN ST",0.00,,Y,A,-,N,,,,,,,,,,Y,3,0,2,2,A,-,12,21453,A,N,D,C,A,A,H,-,C,A,0,,,Y,,Y,,-,"- ",0,1,1,0,0,0,0,0,2,"- ","- ",,,"SAN FRANCISCO","SAN FRANCISCO",-122.42620086669922,37.801105499267578
9349577,2021,2021-12-22,3801,2021-09-21,1955,1279,BAYVI,2,5,7,3801,0,0,0,,0,3C71,"CONNECTICUT ST","25TH ST",70.00,N,N,A,-,N,,,,,,,,,,Y,4,0,1,1,A,-,13,22515,A,N,C,I,A,A,-,-,C,A,0,,,,,Y,,A,01,0,0,1,0,0,0,0,0,0,"- ","- ",,,"SAN FRANCISCO","SAN FRANCISCO",-122.39647674560547,37.752510070800781
9349579,2021,2021-10-27,3801,2021-09-13,2135,1823,SOUTH,1,5,7,3801,0,0,0,,0,001,"HARRISON ST","FREMONT ST",0.00,,Y,A,-,N,,,,,,,,,,N,3,0,1,2,A,-,10,21950,A,N,D,B,B,A,H,-,C,A,0,Y,,,,Y,,A,01,0,1,0,0,1,0,0,0,0,"- ","- ",,,"SAN FRANCISCO","SAN FRANCISCO",-122.39205932617188,37.786788940429688
9349580,2021,2021-10-27,3801,2021-09-25,2232,2357,RICHM,6,5,7,3801,0,0,0,,0,0G2,"GEARY BL","PRESIDIO AV",0.00,,Y,A,-,N,,,,,,,,,,Y,3,0,2,1,A,-,17,21663,,N,E,I,A,A,H,-,C,D,0,,,,,Y,,A,01,0,1,1,0,0,0,0,0,0,"- ","- ",,,"SAN FRANCISCO","SAN FRANCISCO",-122.44586181640625,37.7825927734375
9349581,2021,2021-10-27,3801,2021-09-25,1925,BYEE2102,BAYVI,6,5,7,3801,0,0,0,,0,3C15D,"LATHROP  AV","LATHROP AV 208",0.00,,Y,A,-,N,,,,,,,,,,N,3,0,1,2,C,-,18,,,N,G,B,E,A,H,-,C,D,0,Y,,,,Y,,-,"- ",0,1,0,0,0,0,0,0,0,"- ","- ",,,"SAN FRANCISCO","SAN FRANCISCO",,
9349582,2021,2021-10-27,3801,2021-09-26,1858,427,BAYVI,7,5,7,3801,0,0,0,,0,3C13D,"3RD ST","PALOU AV",0.00,,Y,A,-,N,,,,,,,,,,N,4,0,2,2,A,-,03,22350,A,F,C,C,A,A,H,-,C,A,0,,,,,Y,,A,01,0,0,2,0,0,0,0,0,0,"- ","- ",,,"SAN FRANCISCO","SAN FRANCISCO",-122.39105987548828,37.734039306640625
9349583,2021,2021-10-27,3801,2021-09-21,0326,141,INGLE,2,5,7,3801,0,0,0,,0,,"OCEAN AV","GENEVA AV",0.00,,Y,A,-,N,,,,,,,,,,N,2,0,1,1,A,-,03,22350,,N,E,A,A,A,H,-,D,D,0,,Y,,,Y,Y,-,"- ",1,0,0,0,0,0,1,0,0,"- ","- ",,,"SAN FRANCISCO","SAN FRANCISCO",-122.45233154296875,37.723068237304688
9349584,2021,2021-10-27,3801,2021-09-23,0900,2202,INGLE,4,5,7,3801,0,0,0,,0,3H15A,"SAN JOSE AV","GENEVA AV",0.00,,Y,A,-,N,,,,,,,,,,N,4,0,1,2,A,-,03,22350,,F,C,C,A,A,H,-,A,A,0,,,,,Y,,A,01,0,0,1,0,0,0,0,0,0,"- ","- ",,,"SAN FRANCISCO","SAN FRANCISCO",-122.44663238525391,37.720729827880859
9349585,2021,2021-10-26,3801,2021-09-20,0043,1871,INGLE,1,5,7,3801,0,0,0,,0,901,"PERSIA AV","SUNNYDALE AV",197.00,E,N,A,-,N,,,,,,,,,,N,4,0,1,2,A,-,00,23103,A,N,E,I,A,A,H,-,C,D,0,,,,,Y,,A,01,0,0,1,0,0,0,0,0,0,"- ","- ",,,"SAN FRANCISCO","SAN FRANCISCO",-122.42543792724609,37.717872619628906
9349586,2021,2021-10-27,3801,2021-09-26,2000,2355,TARAV,7,5,7,3801,0,0,0,,0,0I4,"PORTOLA DR","14TH AV",0.00,,Y,A,-,N,,,,,,,,,,N,3,0,1,3,A,-,09,21801,A,N,D,C,A,A,H,-,C,A,0,,,Y,,Y,,C,02,0,1,0,0,0,0,0,0,1,"- ","- ",,,"SAN FRANCISCO","SAN FRANCISCO",-122.46833038330078,37.737415313720703
9349587,2021,2021-11-22,3801,2021-09-25,1300,719,CENTR,6,5,7,3801,0,0,0,,0,3A5C,"BUSH ST","MARKET ST",0.00,,Y,A,-,N,,,,,,,,,,N,4,0,1,2,-,-,"- ",,,N,D,J,A,A,H,-,A,A,0,,,,,Y,Y,-,"- ",0,0,1,0,0,0,0,0,0,"- ","- ",,,"SAN FRANCISCO","SAN FRANCISCO",-122.39913940429688,37.791053771972656
9349588,2021,2021-10-27,3801,2021-09-23,2335,4039,CENTR,4,5,7,3801,0,0,0,,0,3A3,"COLUMBUS AV","CHESTNUT ST",20.00,S,N,A,-,N,,,,,,,,,,Y,4,0,1,3,A,-,03,22350,,F,B,-,A,A,H,-,C,A,0,,,Y,,Y,,C,06,0,0,1,0,0,0,0,0,0,"- ","- ",,,"SAN FRANCISCO","SAN FRANCISCO",-122.41482543945312,37.803516387939453
9349589,2021,2021-10-26,3801,2021-09-23,1545,4046,INGLE,4,5,7,3801,0,0,0,,0,3H15D,"CRESCENT AV","ARNOLD AV",12.00,W,N,A,-,N,,,,,,,,,,Y,3,0,3,2,A,-,09,21801,A,N,D,C,A,A,H,-,A,D,0,,,,,Y,,A,01,0,3,0,0,0,0,0,0,0,"- ","- ",,,"SAN FRANCISCO","SAN FRANCISCO",-122.41967010498047,37.735042572021484
9349590,2021,2021-11-30,3801,2021-09-21,1825,4314,RICHM,2,5,7,3801,0,0,0,,0,0G3,"CROSSOVER DR","MARTIN LUTHER KING DR",0.00,,N,A,-,N,,,,,,,,,,Y,3,0,2,3,A,-,03,22350,,N,C,C,A,A,H,-,A,D,0,,,,,Y,,A,08,0,1,1,0,0,0,0,0,0,"- ","- ",,,"SAN FRANCISCO","SAN FRANCISCO",-122.47737884521484,37.766044616699219
9349601,2021,2021-10-26,3801,2021-09-05,1046,1422,TRAFF,7,5,7,3801,0,0,0,,0,,"MASONIC AV","GEARY BL",0.00,,Y,A,-,N,,,,,,,,,,Y,4,0,3,5,A,-,03,22350,,N,C,C,A,A,H,-,A,A,0,,,,,Y,,A,01,0,0,3,0,0,0,0,0,0,"- ","- ",,,"SAN FRANCISCO","SAN FRANCISCO",-122.44786834716797,37.782279968261719
9349602,2021,2021-12-23,3801,2021-09-10,1558,1160,SOUTH,5,5,7,3801,0,0,0,,0,0B3,"NATOMA ST","7TH ST",303.00,,N,A,-,N,,,,,,,,,,N,3,0,2,2,A,-,17,21235,G,N,D,C,A,A,H,-,A,D,0,,,,,Y,,M,94,0,1,1,0,0,0,0,0,0,"- ","- ",,,"SAN FRANCISCO","SAN FRANCISCO",-122.40989685058594,37.778400421142578
9349603,2021,2021-12-23,3801,2021-09-10,1426,2727,TARAV,5,5,7,3801,0,0,0,,0,3I16A,"SAN JOSE AV","BROAD ST",0.00,,Y,A,-,N,,,,,,,,,,Y,4,0,1,1,A,-,01,23152,A,N,E,I,A,A,H,-,A,D,0,,,,,Y,Y,A,01,0,0,1,0,0,0,0,0,0,"- ","- ",,,"SAN FRANCISCO","SAN FRANCISCO",-122.45356750488281,37.713184356689453
9349604,2021,2021-10-26,3801,2021-09-10,1300,4020,MISSI,5,5,7,3801,0,0,0,,0,3D45C,"FOLSOM ST","21ST ST",0.00,,Y,A,-,N,,,,,,,,,,Y,4,0,1,2,A,-,12,21453,A,N,D,C,A,A,H,-,A,A,0,,,,,Y,,A,01,0,0,1,0,0,0,0,0,0,"- ","- ",,,"SAN FRANCISCO","SAN FRANCISCO",-122.41452026367188,37.757305145263672
9349605,2021,2021-10-26,3801,2021-09-10,0805,2730,SOUTH,5,5,7,3801,0,0,0,,0,3B14A,"OTIS ST","13TH ST",0.00,,Y,B,-,N,,,,,,,,,,Y,4,0,1,2,A,-,21,22106,,N,D,C,A,A,H,-,A,A,0,,,,,Y,,A,01,0,0,1,0,0,0,0,0,0,"- ","- ",,,"SAN FRANCISCO","SAN FRANCISCO",-122.4200439453125,37.770118713378906
9349606,2021,2021-10-29,3801,2021-09-10,0635,1210,TARAV,5,5,7,3801,0,0,0,,0,0I6,"GENEVA AV","RT 280",0.00,,Y,B,E,N,,,,,,,,,,N,3,0,1,2,A,-,12,21453,A,N,D,G,A,-,G,-,B,A,0,,Y,,,Y,,L,04,0,1,0,0,0,0,1,0,0,"- ",SO,,,"SAN FRANCISCO","SAN FRANCISCO",-122.447998046875,37.721267700195312
9349607,2021,2021-10-26,3801,2021-09-09,2104,1336,NORTH,4,5,7,3801,0,0,0,,0,3E14E,"CALIFORNIA ST","FILLMORE ST",0.00,,Y,A,-,N,,,,,,,,,,Y,4,0,2,3,A,-,12,21453,A,N,D,C,A,A,H,-,C,A,0,,,,,Y,,A,01,0,0,2,0,0,0,0,0,0,"- ","- ",,,"SAN FRANCISCO","SAN FRANCISCO",-122.43382263183594,37.788913726806641
9349608,2021,2021-12-23,3801,2021-09-09,2043,427,BAYVI,4,5,7,3801,0,0,0,,0,3C13D,"NEWCOMB AV","LA SALLE AV",0.00,,Y,A,-,N,,,,,,,,,,Y,4,0,3,2,A,-,03,22350,,N,F,C,A,A,H,-,C,D,0,,,,,Y,,-,"- ",0,0,3,0,0,0,0,0,0,"- ","- ",,,"SAN FRANCISCO","SAN FRANCISCO",-122.38511657714844,37.733074188232422
9349609,2021,2021-10-29,3801,2021-09-09,0930,2407,MISSI,4,5,7,3801,0,0,0,,0,3D13D,"FOLSOM ST","17TH ST",15.00,N,N,A,-,N,,,,,,,,,,,4,0,1,2,A,-,07,21658,A,F,C,G,A,A,H,-,A,A,0,,Y,,,Y,,A,07,0,0,1,0,0,0,1,0,0,"- ","- ",,,"SAN FRANCISCO","SAN FRANCISCO",-122.41515350341797,37.76373291015625
9349610,2021,2021-10-26,3801,2021-09-09,1704,1448,MISSI,4,5,7,3801,0,0,0,,0,3D15D,"15TH ST","JULIAN AV",0.00,,Y,A,-,N,,,,,,,,,,N,4,0,1,2,A,-,12,22450,A,N,D,C,A,A,H,-,A,A,0,,,,,Y,,-,,0,0,1,0,0,0,0,0,0,"- ","- ",,,"SAN FRANCISCO","SAN FRANCISCO",-122.4210205078125,37.766609191894531
9349611,2021,2021-12-23,3801,2021-09-01,0645,2499,BAYVI,3,5,7,3801,0,0,0,,0,901,"HUNTERS POINT EXPY","HARNEY WY",1448.00,S,N,A,-,N,,,,,,,,,,Y,3,0,2,3,A,-,03,22350,,F,C,E,A,A,H,-,A,D,0,,,,,Y,,A,01,0,1,1,0,0,0,0,0,0,"- ","- ",,,"SAN FRANCISCO","SAN FRANCISCO",,
9349612,2021,2021-10-26,3801,2021-09-01,0511,1301,TENDE,3,5,7,3801,0,0,0,,0,3J15E,"EDDY ST","JONES ST",0.00,,Y,A,-,N,,,,,,,,,,N,3,0,1,2,A,-,11,21955,,N,G,B,E,A,H,-,C,D,0,Y,,,,Y,,N,60,0,1,0,0,1,0,0,0,0,"- ","- ",,,"SAN FRANCISCO","SAN FRANCISCO",-122.41259002685547,37.783943176269531
9349613,2021,2021-12-23,3801,2021-09-01,1511,1052,RICHM,3,5,7,3801,0,0,0,,0,3G4C,"GEARY BL","7TH AV",1.00,W,N,A,-,N,,,,,,,,,,N,3,0,1,2,A,-,04,21703,,N,C,-,A,A,H,-,A,A,0,,,,,Y,,M,94,0,1,0,0,0,0,0,0,0,"- ","- ",,,"SAN FRANCISCO","SAN FRANCISCO",-122.46537017822266,37.781028747558594
9349614,2021,2021-10-26,3801,2021-09-01,1508,1524,INGLE,3,5,7,3801,0,0,0,,0,3H15C,"BOSWORTH ST","LIPPARD AV",0.00,,Y,A,-,N,,,,,,,,,,N,3,0,1,2,A,-,12,22450,A,N,D,G,A,A,H,-,A,A,0,,Y,,,Y,,L,04,0,1,0,0,0,0,1,0,0,"- ","- ",,,"SAN FRANCISCO","SAN FRANCISCO",-122.43581390380859,37.73388671875
9349615,2021,2021-12-23,3801,2021-09-01,1136,1062,MISSI,3,5,7,3801,0,0,0,,0,3D45C,"DUBOCE AV","VALENCIA ST",50.00,E,N,A,-,N,,,,,,,,,,N,3,0,1,2,A,-,08,22107,,N,B,-,A,A,H,-,A,D,0,,,Y,,Y,,A,01,0,1,0,0,0,0,0,0,1,"- ","- ",,,"SAN FRANCISCO","SAN FRANCISCO",-122.42218780517578,37.769874572753906
9349616,2021,2021-10-26,3801,2021-09-01,1115,4118,MISSI,3,5,7,3801,0,0,0,,0,006,"S VAN NESS AV","14TH ST",0.00,,Y,A,-,N,,,,,,,,,,Y,3,0,2,3,A,-,03,22350,,N,D,C,A,A,H,-,A,A,0,,,,,Y,,A,01,0,1,1,0,0,0,0,0,0,"- ","- ",,,"SAN FRANCISCO","SAN FRANCISCO",-122.41780090332031,37.768417358398438
9349617,2021,2021-12-23,3801,2021-09-01,2252,2427,SOUTH,3,5,7,3801,0,0,0,,0,3B62,"THE EMBARCADERO","BRYANT ST",468.00,S,N,A,G,N,,,,,,,,,,N,3,0,2,2,A,-,06,21750,A,N,B,C,A,A,H,-,C,A,0,,,Y,,Y,,-,"- ",0,1,1,0,0,0,0,0,2,"- ","- ",,,"SAN FRANCISCO","SAN FRANCISCO",-122.38811492919922,37.785808563232422
9349618,2021,2021-10-29,3801,2021-09-01,2126,2102,BAYVI,3,5,7,3801,0,0,0,,0,3C15E,"INGALLS ST","REVERE AV",0.00,,Y,A,-,N,,,,,,,,,,Y,4,0,3,2,A,-,12,22450,A,F,D,C,A,A,H,-,C,A,0,,,,,Y,,A,01,0,0,3,0,0,0,0,0,0,"- ","- ",,,"SAN FRANCISCO","SAN FRANCISCO",-122.38455963134766,37.728485107421875
9349619,2021,2021-10-29,3801,2021-09-01,1755,4103,SOUTH,3,5,7,3801,0,0,0,,0,3B12D,"HARRIET ST","BRANNAN ST",0.00,,-,A,-,N,,,,,,,,,,N,2,0,1,1,C,-,18,,,N,H,G,A,A,H,-,A,A,0,,Y,,,Y,,-,"- ",1,0,0,0,0,0,1,0,0,"- ","- ",,,"SAN FRANCISCO","SAN FRANCISCO",-122.40151214599609,37.774402618408203
9349620,2021,2021-10-25,3801,2021-09-01,1705,2044,SOUTH,3,5,7,3801,0,0,0,,0,3B11D,"MISSION ST","3RD ST",0.00,,Y,A,G,N,,,,,,,,,,Y,4,0,1,2,A,-,08,22101,D,N,D,C,A,A,H,-,A,A,0,,,Y,,Y,,C,06,0,0,1,0,0,0,0,0,1,"- ","- ",,,"SAN FRANCISCO","SAN FRANCISCO",-122.40200042724609,37.786266326904297
9349769,2021,2021-10-23,3801,2021-09-25,1402,1837,,6,5,7,3801,0,0,0,,0,901,"PAUL AV","BAYSHORE BL",0.00,,Y,A,-,N,,,,,,,,,,Y,4,0,2,2,A,-,12,21453,A,F,D,C,A,A,H,-,A,A,0,,,,,Y,,A,01,0,0,2,0,0,0,0,0,0,"- ","- ",,,"SAN FRANCISCO","SAN FRANCISCO",-122.40079498291016,37.723606109619141
9349923,2021,2021-10-26,3801,2021-09-10,1248,435,NORTH,5,5,7,3801,0,0,0,,0,901,"GOUGH ST","JACKSON ST",0.00,,Y,A,-,N,,,,,,,,,,N,4,0,1,2,A,-,07,21658,A,N,B,C,A,A,H,-,A,A,0,,,,Y,Y,,F,26,0,0,1,0,0,0,0,0,0,"- ","- ",,,"SAN FRANCISCO","SAN FRANCISCO",-122.42632293701172,37.793529510498047
9349927,2021,2021-10-25,3801,2021-09-22,1822,1216,BAYVI,3,5,7,3801,0,0,0,,0,3C14D,"SAN BRUNO AV","BACON ST",0.00,,Y,A,-,N,,,,,,,,,,N,4,0,1,2,A,-,06,21750,A,F,B,E,A,A,H,-,A,A,0,,,,,Y,,A,01,0,0,1,0,0,0,0,0,0,"- ","- ",,,"SAN FRANCISCO","SAN FRANCISCO",-122.40361022949219,37.727638244628906
9349931,2021,2021-10-25,3801,2021-09-22,1059,2089,BAYVI,3,5,7,3801,0,0,0,,0,005,"HUNTERS POINT EXPY","HARNEY WY",300.00,S,N,A,-,N,,,,,,,,,,Y,3,0,2,2,A,-,05,21650,,N,B,D,A,A,H,-,A,A,0,,,,Y,Y,,A,01,0,1,1,0,0,0,0,0,0,"- ","- ",,,"SAN FRANCISCO","SAN FRANCISCO",,
9349998,2021,2021-10-26,3801,2021-09-01,0700,1207,MISSI,3,5,7,3801,0,0,0,,0,3D11A,"GUERRERO ST","14TH ST",140.00,N,N,B,-,N,,,,,,,,,,N,4,0,1,2,A,-,08,22107,,N,B,C,A,B,H,-,A,D,0,,,,Y,Y,,-,"- ",0,0,1,0,0,0,0,0,0,"- ","- ",,,"SAN FRANCISCO","SAN FRANCISCO",-122.42444610595703,37.768402099609375
9350174,2021,2021-11-01,3801,2021-09-05,1658,2148,MISSI,7,5,7,3801,0,0,0,,0,3D13C,"16TH ST","FOLSOM ST",0.00,,Y,A,-,N,,,,,,,,,,N,3,0,2,3,A,-,10,21950,A,N,G,B,B,A,H,-,A,A,0,Y,,,,Y,,A,01,0,2,0,0,2,0,0,0,0,"- ","- ",,,"SAN FRANCISCO","SAN FRANCISCO",-122.41529846191406,37.765312194824219
9350274,2021,2021-11-17,3801,2021-09-18,0845,4267,TARAV,6,5,7,3801,0,0,0,,0,3141,"20TH AV","LLINCOLN WY",0.00,,Y,A,-,N,,,,,,,,,,Y,4,0,1,2,A,-,08,22107,,N,B,C,A,A,H,-,A,A,0,,,,,Y,,A,01,0,0,1,0,0,0,0,0,0,"- ","- ",,,"SAN FRANCISCO","SAN FRANCISCO",-122.47833251953125,37.765403747558594
9350286,2021,2021-12-31,3801,2021-09-17,1825,1109,INGLE,5,5,7,3801,0,0,0,,0,3H16C,LISBON,ITALY,0.00,,Y,A,-,Y,,,,,,,,,,N,4,0,1,2,A,-,12,22450,,N,D,C,A,A,H,-,A,A,0,,,,,Y,,A,01,0,0,1,0,0,0,0,0,0,"- ","- ",,,"SAN FRANCISCO","SAN FRANCISCO",-122.43714904785156,37.717327117919922
9350320,2021,2021-10-22,3801,2021-09-05,2210,318,INGLE,7,5,7,3801,0,0,0,,0,005,"OCEAN AV","SAN JOSE AV",150.00,W,N,B,-,N,,,,,,,,,,N,3,0,1,1,C,-,18,,,N,E,I,A,A,H,-,C,A,0,,Y,,,Y,,-,"- ",0,1,0,0,0,0,1,0,0,"- ","- ",,,"SAN FRANCISCO","SAN FRANCISCO",-122.44532775878906,37.722930908203125
9350353,2021,2021-10-25,3801,2021-09-17,2304,1463,SOUTH,5,5,7,3801,0,0,0,,0,,"BRANNAN ST","9TH ST",0.00,,Y,A,-,N,,,,,,,,,,,4,0,5,2,D,-,00,,,N,A,C,A,A,H,-,C,A,0,,,,,Y,,-,"- ",0,0,5,0,0,0,0,0,0,"- ","- ",,,"SAN FRANCISCO","SAN FRANCISCO",-122.40699005126953,37.770057678222656
9350354,2021,2021-10-25,3801,2021-09-17,1450,2726,RICHM,5,5,7,3801,0,0,0,,0,RICHMO,"CROSSOVER DR","PARK PRESIDIO BYPASS DR",0.00,,N,A,-,N,,,,,,,,,,N,4,0,1,2,A,-,03,22350,,F,C,C,A,A,H,-,A,A,0,,,,,Y,,A,01,0,0,1,0,0,0,0,0,0,"- ","- ",,,"SAN FRANCISCO","SAN FRANCISCO",-122.47945404052734,37.771183013916016
9350355,2021,2021-10-25,3801,2021-09-21,1430,1601,BAYVI,2,5,7,3801,0,0,0,,0,0C1,"CESAR CHAVEZ","CONNECTICUT ST",0.00,,Y,A,-,N,,,,,,,,,,N,3,0,1,2,A,-,05,21650,1,N,D,G,A,A,H,-,A,A,0,,Y,,,Y,,L,04,0,1,0,0,0,0,1,0,0,"- ","- ",,,"SAN FRANCISCO","SAN FRANCISCO",-122.39627075195312,37.749752044677734
9350356,2021,2021-10-25,3801,2021-09-20,2151,1489,BAYVI,1,5,7,3801,0,0,0,,0,3C11E,"CESAR CHAVEZ ST","PENNSYLVANIA AV",0.00,,Y,A,-,N,,,,,,,,,,N,4,0,1,2,A,-,09,21803,A,M,G,G,A,A,H,-,C,A,0,,Y,,,Y,,A,01,0,0,1,0,0,0,1,0,0,"- ","- ",,,"SAN FRANCISCO","SAN FRANCISCO",-122.39242553710938,37.750049591064453
9350357,2021,2021-10-25,3801,2021-09-20,1604,4047,MISSI,1,5,7,3801,0,0,0,,0,3D41D,"17TH ST","S VAN NESS AV",86.00,E,N,A,-,N,,,,,,,,,,N,4,0,1,2,A,-,08,22107,,F,B,G,A,A,H,-,A,D,0,,Y,,,Y,Y,A,01,0,0,1,0,0,0,1,0,0,"- ","- ",,,"SAN FRANCISCO","SAN FRANCISCO",-122.41704559326172,37.763576507568359
9350358,2021,2021-10-25,3801,2021-09-19,1630,952,CENTR,7,5,7,3801,0,0,0,,0,901,"THE EMBARCADERO","WASHINGTON ST",270.00,,N,A,-,N,,,,,,,,,,N,4,0,1,2,A,-,03,22350,,N,C,C,A,A,H,-,A,D,0,,,,,Y,,A,01,0,0,1,0,0,0,0,0,0,"- ","- ",,,"SAN FRANCISCO","SAN FRANCISCO",-122.39556121826172,37.796642303466797
9350359,2021,2021-10-25,3801,2021-09-20,0100,1489,BAYVI,1,5,7,3801,0,0,0,,0,3C11E,"JAMESTOWN AV","REDONDO ST",50.00,E,N,A,-,N,,,,,,,,,,Y,4,0,1,5,A,-,03,22350,,N,C,E,A,-,H,-,C,A,0,,,Y,,Y,,C,06,0,0,1,0,0,0,0,0,1,"- ","- ",,,"SAN FRANCISCO","SAN FRANCISCO",-122.39246368408203,37.717864990234375
9350360,2021,2021-11-04,3801,2021-09-19,0037,1514,MISSI,7,5,7,3801,0,0,0,,0,001,"18TH ST","COLLINGWOOD ST",0.00,,Y,C,-,N,,,,,,,,,,N,4,0,1,2,A,-,10,21950,A,N,G,-,B,B,H,-,C,A,0,Y,,,,Y,,A,01,0,0,1,0,1,0,0,0,0,"- ","- ",,,"SAN FRANCISCO","SAN FRANCISCO",-122.43609619140625,37.760822296142578
9350735,2021,2021-10-30,3801,2021-09-05,0235,2224,MISSI,7,5,7,3801,0,0,0,,0,3D13E,"GUERRERO ST","20TH ST",0.00,,Y,A,-,N,,,,,,,,,,Y,4,0,1,2,A,-,01,23152,A,N,D,A,A,A,H,-,C,A,0,,,,,Y,Y,-,,0,0,1,0,0,0,0,0,0,"- ","- ",,,"SAN FRANCISCO","SAN FRANCISCO",-122.42346954345703,37.758358001708984
9350736,2021,2021-10-30,3801,2021-09-04,2139,1871,INGLE,6,5,7,3801,0,0,0,,0,,"SAN JOSE","GENEVA AV",47.00,N,N,A,-,N,,,,,,,,,,Y,4,0,1,2,A,-,04,21703,,N,C,C,A,A,D,-,C,A,0,,,Y,,Y,,C,06,0,0,1,0,0,0,0,0,0,"- ","- ",,,"SAN FRANCISCO","SAN FRANCISCO",-122.44654083251953,37.720836639404297
9350737,2021,2021-10-30,3801,2021-09-04,1822,2725,RICHM,6,5,7,3801,0,0,0,,0,,"CALIFORNIA ST","PRESIDIO AV",0.00,,Y,A,-,N,,,,,,,,,,Y,4,0,1,2,A,-,12,21453,A,N,D,C,A,A,H,-,A,A,0,,,,,Y,,A,01,0,0,1,0,0,0,0,0,0,"- ","- ",,,"SAN FRANCISCO","SAN FRANCISCO",-122.44678497314453,37.787254333496094