CASE_ID,ACCIDENT_YEAR,PROC_DATE,JURIS,COLLISION_DATE,COLLISION_TIME,OFFICER_ID,REPORTING_DISTRICT,DAY_OF_WEEK,CHP_SHIFT,POPULATION,CNTY_CITY_LOC,SPECIAL_COND,BEAT_TYPE,CHP_BEAT_TYPE,CITY_DIVISION_LAPD,CHP_BEAT_CLASS,BEAT_NUMBER,PRIMARY_RD,SECONDARY_RD,DISTANCE,DIRECTION,INTERSECTION,WEATHER_1,WEATHER_2,STATE_HWY_IND,CALTRANS_COUNTY,CALTRANS_DISTRICT,STATE_ROUTE,ROUTE_SUFFIX,POSTMILE_PREFIX,POSTMILE,LOCATION_TYPE,RAMP_INTERSECTION,SIDE_OF_HWY,TOW_AWAY,COLLISION_SEVERITY,NUMBER_KILLED,NUMBER_INJURED,PARTY_COUNT,PRIMARY_COLL_FACTOR,PCF_CODE_OF_VIOL,PCF_VIOL_CATEGORY,PCF_VIOLATION,PCF_VIOL_SUBSECTION,HIT_AND_RUN,TYPE_OF_COLLISION,MVIW,PED_ACTION,ROAD_SURFACE,ROAD_COND_1,ROAD_COND_2,LIGHTING,CONTROL_DEVICE,CHP_ROAD_TYPE,PEDESTRIAN_ACCIDENT,BICYCLE_ACCIDENT,MOTORCYCLE_ACCIDENT,TRUCK_ACCIDENT,NOT_PRIVATE_PROPERTY,ALCOHOL_INVOLVED,STWD_VEHTYPE_AT_FAULT,CHP_VEHTYPE_AT_FAULT,COUNT_SEVERE_INJ,COUNT_VISIBLE_INJ,COUNT_COMPLAINT_PAIN,COUNT_PED_KILLED,COUNT_PED_INJURED,COUNT_BICYCLIST_KILLED,COUNT_BICYCLIST_INJURED,COUNT_MC_KILLED,COUNT_MC_INJURED,PRIMARY_RAMP,SECONDARY_RAMP,LATITUDE,LONGITUDE,COUNTY,CITY,POINT_X,POINT_Y
9350738,2021,2021-10-30,3801,2021-09-03,1744,1062,MISSI,5,5,7,3801,0,0,0,,0,3D45C,"HARRISON ST","5TH ST",0.00,,Y,A,-,N,,,,,,,,,,N,3,0,1,2,A,-,"- ",,,F,A,G,A,A,H,-,A,A,0,,Y,,,Y,Y,A,01,0,1,0,0,0,0,1,0,0,"- ","- ",,,"SAN FRANCISCO","SAN FRANCISCO",-122.40187072753906,37.779056549072266
9350739,2021,2021-10-30,3801,2021-09-03,1522,4124,INGLE,5,5,7,3801,0,0,0,,0,INGLE,"SILVER AV","MISSION ST",0.00,,N,A,-,N,,,,,,,,,,N,4,0,1,2,A,-,12,21453,A,N,D,C,A,A,H,-,A,A,0,,,Y,,Y,,C,03,0,0,1,0,0,0,0,0,1,"- ","- ",,,"SAN FRANCISCO","SAN FRANCISCO",-122.43128204345703,37.728736877441406
9350740,2021,2021-10-30,3801,2021-09-03,1426,4313,RICHM,5,5,7,3801,0,0,0,,0,0G3,"PRESIDIO AV","JACKSON ST",0.00,,Y,A,-,N,,,,,,,,,,N,4,0,1,2,A,-,09,21802,B,N,D,C,A,A,H,-,A,D,0,,,,,Y,,A,01,0,0,1,0,0,0,0,0,0,"- ","- ",,,"SAN FRANCISCO","SAN FRANCISCO",-122.447509765625,37.790828704833984
9361151,2021,2021-12-03,3801,2021-10-24,1125,4132,MISSI,7,5,7,3801,0,0,0,,0,6CAR,"SOUTH VAN NESS AV","14TH ST",0.00,,Y,C,-,N,,,,,,,,,,Y,3,0,2,2,A,-,12,21453,A,N,D,C,A,B,H,-,A,A,0,,,,,Y,,A,08,0,1,1,0,0,0,0,0,0,"- ","- ",,,"SAN FRANCISCO","SAN FRANCISCO",-122.41780090332031,37.768417358398438
9361155,2021,2021-12-03,3801,2021-10-22,1018,1086,CENTR,5,5,7,3801,0,0,0,,0,3A13A,"HYDE ST","VALLEJO ST",0.00,,Y,B,-,N,,,,,,,,,,N,3,0,2,2,A,-,03,22350,,N,D,E,A,B,G,-,A,D,0,,,Y,,Y,,O,05,0,2,0,0,0,0,0,0,2,"- ","- ",,,"SAN FRANCISCO","SAN FRANCISCO",-122.41867828369141,37.797336578369141
9361156,2021,2021-12-08,3801,2021-10-22,0857,2485,CENTR,5,5,7,3801,0,0,0,,0,"5 CAR","PINE ST","SANSOME ST",153.00,W,N,B,-,N,,,,,,,,,,N,4,0,1,2,A,-,08,22107,,N,B,E,A,B,H,-,A,D,0,,,,,Y,,D,22,0,0,1,0,0,0,0,0,0,"- ","- ",,,"SAN FRANCISCO","SAN FRANCISCO",-122.40144348144531,37.792037963867188
9361157,2021,2021-12-03,3801,2021-10-22,0535,1166,INGLE,5,5,7,3801,0,0,0,,0,3H15E,"MISSION ST","PERSIA AV",0.00,,Y,C,-,N,,,,,,,,,,N,4,0,1,2,A,-,10,21950,A,F,G,B,B,B,H,-,C,A,0,Y,,,,Y,,D,22,0,0,1,0,1,0,0,0,0,"- ","- ",,,"SAN FRANCISCO","SAN FRANCISCO",-122.43596649169922,37.723140716552734
9361158,2021,2021-12-08,3801,2021-10-21,1128,2209,MISSI,4,5,7,3801,0,0,0,,0,3D13C,"HARRSION ST","17TH ST",0.00,,Y,B,-,N,,,,,,,,,,Y,4,0,1,2,A,-,09,21801,A,N,A,C,A,B,H,-,A,A,0,,,,,Y,,-,,0,0,1,0,0,0,0,0,0,"- ","- ",,,"SAN FRANCISCO","SAN FRANCISCO",-122.41303253173828,37.764091491699219
9361159,2021,2021-12-03,3801,2021-10-26,1718,1307,MISSI,2,5,7,3801,0,0,0,,0,3D14D,"HARRISON ST","17TH ST",0.00,,Y,A,-,N,,,,,,,,,,N,4,0,1,2,A,-,08,22100,B,F,C,C,A,A,H,-,A,A,0,,,,,Y,,A,01,0,0,1,0,0,0,0,0,0,"- ","- ",,,"SAN FRANCISCO","SAN FRANCISCO",-122.41303253173828,37.764091491699219
9361160,2021,2021-12-03,3801,2021-10-19,1724,1750,NORTH,2,5,7,3801,0,0,0,,0,0E3,"GROVE ST","POLK ST",0.00,,Y,A,-,N,,,,,,,,,,N,4,0,1,2,A,-,08,22107,,N,B,G,A,A,H,-,A,A,0,,Y,,,Y,,D,22,0,0,1,0,0,0,1,0,0,"- ","- ",,,"SAN FRANCISCO","SAN FRANCISCO",-122.41822052001953,37.778480529785156
9361165,2021,2021-12-03,3801,2021-10-13,1545,2102,BAYVI,3,5,7,3801,0,0,0,,0,3C12D,"BAYSHORE BL","BAYSHORE BL 491",0.00,,-,A,-,N,,,,,,,,,,N,4,0,1,2,A,-,08,22107,,N,C,G,A,A,H,-,A,D,0,,Y,,,Y,,D,22,0,0,1,0,0,0,1,0,0,"- ","- ",,,"SAN FRANCISCO","SAN FRANCISCO",-122.40431213378906,37.745937347412109
9361166,2021,2021-12-08,3801,2021-10-05,1222,845,BAYVI,2,5,7,3801,0,0,0,,0,4B2B,"EVANS AV","NAPOLEAN ST",0.00,,Y,A,-,N,,,,,,,,,,Y,2,0,1,2,A,-,03,22350,,N,A,C,A,A,H,-,A,A,0,,,Y,Y,Y,,C,02,1,0,0,0,0,0,0,0,1,"- ","- ",,,"SAN FRANCISCO","SAN FRANCISCO",-122.39595031738281,37.747234344482422
9361167,2021,2021-12-08,3801,2021-10-10,1142,A22051,CENTR,7,5,7,3801,0,0,0,,0,3A13A,"JONES ST","JACKSON ST",0.00,,Y,A,-,N,,,,,,,,,,N,3,0,2,2,A,-,09,21802,A,N,D,C,A,A,H,-,A,A,0,,,,,Y,,I,11,0,2,0,0,0,0,0,0,0,"- ","- ",,,"SAN FRANCISCO","SAN FRANCISCO",-122.41481781005859,37.794994354248047
9361284,2021,2021-12-02,3801,2021-10-26,1721,1571,MISSI,2,5,7,3801,0,0,0,,0,3D11D,"16TH ST","VALENCIA ST",0.00,,Y,A,-,N,,,,,,,,,,N,3,0,1,1,A,-,03,22350,,N,H,-,A,A,-,-,A,A,0,,,Y,,Y,,C,03,0,1,0,0,0,0,0,0,1,"- ","- ",,,"SAN FRANCISCO","SAN FRANCISCO",-122.42189025878906,37.764907836914062
9361288,2021,2021-12-03,3801,2021-10-28,1319,2727,TARAV,4,5,7,3801,0,0,0,,0,,"JUNIPERO SERRA BL","GARFIELD ST",100.00,N,N,A,-,N,,,,,,,,,,N,4,0,1,3,A,-,08,22107,,M,B,C,A,A,H,-,A,A,0,,,,,Y,,A,01,0,0,1,0,0,0,0,0,0,"- ","- ",,,"SAN FRANCISCO","SAN FRANCISCO",-122.47237396240234,37.719875335693359
9362374,2021,2021-12-06,3801,2021-10-12,1242,1917,TARAV,2,5,7,3801,0,0,0,,0,3I16A,"BROAD ST","PLYMOUTH AV",158.00,W,N,A,-,N,,,,,,,,,,N,4,0,1,2,A,-,21,22106,,N,B,C,A,A,H,-,A,D,0,,,,,Y,,A,01,0,0,1,0,0,0,0,0,0,"- ","- ",,,"SAN FRANCISCO","SAN FRANCISCO",-122.45662689208984,37.713180541992188
9362383,2021,2021-11-29,3801,2021-10-18,1455,654,PARK,1,5,7,3801,0,0,0,,0,3F12E,"IRVING ST","2ND AV",204.00,E,N,A,-,N,,,,,,,,,,N,3,0,1,2,A,-,03,22350,,N,B,B,D,A,H,-,A,D,0,Y,,Y,,Y,,C,03,0,1,0,0,1,0,0,0,0,"- ","- ",,,"SAN FRANCISCO","SAN FRANCISCO",-122.45812225341797,37.764385223388672
9362536,2021,2021-11-30,3801,2021-10-23,2227,367,CENTR,6,5,7,3801,0,0,0,,0,3A11E,"TAYLOR ST","SUTTER ST",15.00,N,N,B,C,N,,,,,,,,,,N,4,0,1,2,A,-,11,21954,A,N,G,B,D,B,-,-,C,A,0,Y,,,,Y,,N,60,0,0,1,0,1,0,0,0,0,"- ","- ",,,"SAN FRANCISCO","SAN FRANCISCO",-122.41188812255859,37.788848876953125
9362538,2021,2021-11-30,3801,2021-10-23,1711,299,CENTR,6,5,7,3801,0,0,0,,0,3A4D,"BEACH ST","MASON ST",95.00,E,N,B,-,N,,,,,,,,,,N,3,0,1,2,A,-,09,21801,A,N,A,G,A,B,H,-,-,-,0,,Y,,,Y,,A,01,0,1,0,0,0,0,1,0,0,"- ","- ",,,"SAN FRANCISCO","SAN FRANCISCO",-122.41365814208984,37.807533264160156
9362539,2021,2021-11-30,3801,2021-10-23,1609,1207,MISSI,6,5,7,3801,0,0,0,,0,3D11D,"17TH ST","HARRISON ST",0.00,,Y,B,-,N,,,,,,,,,,N,4,0,1,2,A,-,05,21650,1,N,D,G,A,A,H,-,A,A,0,,Y,,,Y,Y,L,04,0,0,1,0,0,0,1,0,0,"- ","- ",,,"SAN FRANCISCO","SAN FRANCISCO",-122.41303253173828,37.764091491699219
9362540,2021,2021-11-30,3801,2021-10-23,1422,2172,NORTH,6,5,7,3801,0,0,0,,0,0E2,"STEINER ST","GROVE ST",0.00,,Y,A,-,N,,,,,,,,,,N,2,0,2,2,A,-,21,22106,,N,D,C,A,A,H,-,A,A,0,,,Y,,Y,,C,03,1,0,1,0,0,0,0,0,2,"- ","- ",,,"SAN FRANCISCO","SAN FRANCISCO",-122.43304443359375,37.776565551757812
9362541,2021,2021-11-30,3801,2021-10-23,0150,2451,TARAV,6,5,7,3801,0,0,0,,0,3I16E,"SAN JOSE AV","ALEMANY BL",0.00,,Y,A,-,N,,,,,,,,,,Y,3,0,2,2,A,-,12,21453,A,N,D,C,A,A,H,-,C,A,0,,,,,Y,,A,01,0,1,1,0,0,0,0,0,0,"- ","- ",,,"SAN FRANCISCO","SAN FRANCISCO",-122.45709991455078,37.710071563720703
9362542,2021,2021-11-30,3801,2021-10-25,0920,156,BAYVI,1,5,7,3801,0,0,0,,0,3C60,"3RD ST","3RD ST  6619",9.00,W,N,A,-,N,,,,,,,,,,Y,2,0,1,1,A,-,05,21650,,M,A,I,A,A,H,-,A,D,0,,,,,Y,,A,01,1,0,0,0,0,0,0,0,0,"- ","- ",,,"SAN FRANCISCO","SAN FRANCISCO",,
9362543,2021,2021-12-14,3801,2021-10-22,1901,2093,NORTH,5,5,7,3801,0,0,0,,0,3E15D,"VAN NESS AV","WILLOW ST",0.00,,Y,A,-,N,,,,,,,,,,N,3,0,1,2,A,-,"- ",,,N,H,J,A,A,H,-,C,A,0,,,,,Y,,-,"- ",0,1,0,0,0,0,0,0,0,"- ","- ",,,"SAN FRANCISCO","SAN FRANCISCO",-122.42086029052734,37.783351898193359
9362544,2021,2021-11-30,3801,2021-10-22,2219,451,MISSI,5,5,7,3801,0,0,0,,0,004,"25TH ST","S VAN NESS AV",45.00,W,N,A,-,N,,,,,,,,,,Y,4,0,1,6,A,-,01,23153,A,F,D,E,A,A,H,-,C,A,0,,,,,Y,Y,A,01,0,0,1,0,0,0,0,0,0,"- ","- ",,,"SAN FRANCISCO","SAN FRANCISCO",-122.41632843017578,37.750774383544922
9362545,2021,2021-11-30,3801,2021-10-25,0823,50,TENDE,1,5,7,3801,0,0,0,,0,,"OFARRELL ST","JONES ST",120.00,E,N,A,-,N,,,,,,,,,,N,4,0,1,2,A,-,11,21954,A,N,G,B,E,A,H,-,A,D,0,Y,,,,Y,,N,60,0,0,1,0,1,0,0,0,0,"- ","- ",,,"SAN FRANCISCO","SAN FRANCISCO",-122.41255950927734,37.785854339599609
9362546,2021,2021-11-30,3801,2021-10-24,2200,4347,TARAV,7,5,7,3801,0,0,0,,0,3I1E,"24TH AV","NORIEGA ST",0.00,,Y,C,-,N,,,,,,,,,,N,2,0,1,2,D,-,00,,,N,G,B,B,B,H,-,C,A,0,Y,,,,Y,,-,"- ",1,0,0,0,1,0,0,0,0,"- ","- ",,,"SAN FRANCISCO","SAN FRANCISCO",-122.48184204101562,37.754009246826172
9362547,2021,2021-11-30,3801,2021-10-24,2357,2140,MISSI,7,5,7,3801,0,0,0,,0,3D11E,"VALENCIA ST","DUBOCE AV",0.00,S,N,C,-,N,,,,,,,,,,N,4,0,1,2,A,-,10,21950,A,N,G,B,B,B,H,-,C,A,0,Y,,,,Y,,A,01,0,0,1,0,1,0,0,0,0,"- ","- ",,,"SAN FRANCISCO","SAN FRANCISCO",-122.42236328125,37.769866943359375
9362548,2021,2021-11-30,3801,2021-10-09,1513,54,NORTH,6,5,7,3801,0,0,0,,0,3E16D,"DIVISADERO ST","GEARY BL",0.00,,Y,A,-,N,,,,,,,,,,N,3,0,1,2,A,-,10,21950,A,N,G,B,-,A,-,-,A,A,0,Y,,,,Y,,A,01,0,1,0,0,1,0,0,0,0,"- ","- ",,,"SAN FRANCISCO","SAN FRANCISCO",-122.43947601318359,37.783359527587891
9362549,2021,2021-11-30,3801,2021-10-12,2300,1207,MISSI,2,5,7,3801,0,0,0,,0,3D15E,"17TH ST","CHURCH ST",63.00,W,N,A,-,N,,,,,,,,,,N,4,0,1,1,B,-,22,,,N,H,A,A,A,A,-,C,A,0,,Y,,,Y,Y,L,04,0,0,1,0,0,0,1,0,0,"- ","- ",,,"SAN FRANCISCO","SAN FRANCISCO",-122.42872619628906,37.762866973876953
9362550,2021,2021-11-30,3801,2021-10-12,1845,746,INGLE,2,5,7,3801,0,0,0,,0,3H13D,"ALEMANY BL","LYELL ST",0.00,,Y,A,-,N,,,,,,,,,,Y,4,0,1,2,A,-,12,21453,A,F,D,C,A,A,H,-,C,A,0,,,,,Y,,-,,0,0,1,0,0,0,0,0,0,"- ","- ",37.07305908203125,-122.48123168945312,"SAN FRANCISCO","SAN FRANCISCO",-122.43122863769531,37.730609893798828
9362551,2021,2021-11-30,3801,2021-10-12,1819,1194,SOUTH,2,5,7,3801,0,0,0,,0,005,"17TH ST","RHODE ISLAND ST",0.00,,Y,A,-,N,,,,,,,,,,N,4,0,1,2,A,-,12,22450,A,N,D,G,A,A,H,-,A,A,0,,Y,,,Y,,L,04,0,0,1,0,0,0,1,0,0,"- ","- ",,,"SAN FRANCISCO","SAN FRANCISCO",-122.40253448486328,37.764781951904297
9362552,2021,2021-11-30,3801,2021-10-12,1620,397,BATVI,2,5,7,3801,0,0,0,,0,3C2,"OAKDALE AV","PHELPS ST",0.00,,Y,A,-,N,,,,,,,,,,N,4,0,1,2,A,-,12,22450,A,F,D,G,A,-,H,-,-,D,0,,Y,,,Y,,A,01,0,0,1,0,0,0,1,0,0,"- ","- ",,,"SAN FRANCISCO","SAN FRANCISCO",-122.39408874511719,37.736721038818359
9362553,2021,2021-11-30,3801,2021-10-12,1701,273,CENTR,2,5,7,3801,0,0,0,,0,3A12D,"GEARY ST","TAYLOR ST",6.00,W,N,A,-,N,,,,,,,,,,N,4,0,1,2,A,-,10,21950,A,F,G,B,B,A,H,-,A,A,0,Y,,,,Y,Y,A,01,0,0,1,0,1,0,0,0,0,"- ","- ",,,"SAN FRANCISCO","SAN FRANCISCO",-122.41152954101562,37.786949157714844
9362554,2021,2021-11-30,3801,2021-10-12,1717,4023,MISSI,2,5,7,3801,0,0,0,,0,3D45C,"FOLSOM ST","17TH ST",5.00,S,N,A,G,N,,,,,,,,,,N,3,0,1,2,A,-,12,21452,B,N,G,B,B,A,H,-,A,A,0,Y,,,,Y,,N,60,0,1,0,0,1,0,0,0,0,"- ","- ",,,"SAN FRANCISCO","SAN FRANCISCO",-122.41514587402344,37.763675689697266
9362555,2021,2021-12-14,3801,2021-10-12,1400,4270,NORTH,2,5,7,3801,0,0,0,,0,3E4A,"SUTTER ST","OCTAVIA ST",72.00,E,N,A,-,N,,,,,,,,,,Y,4,0,2,2,A,-,08,22107,,N,B,C,A,A,H,-,A,D,0,,,,,Y,,-,"- ",0,0,2,0,0,0,0,0,0,"- ","- ",,,"SAN FRANCISCO","SAN FRANCISCO",-122.42646026611328,37.786960601806641
9362556,2021,2021-11-30,3801,2021-10-11,1915,327,MISSI,1,5,7,3801,0,0,0,,0,3D11C,"LEAVENWORTH ST","EDDY ST",0.00,,Y,A,-,N,,,,,,,,,,N,3,0,1,2,A,-,10,21950,A,F,A,B,B,A,H,-,C,A,0,Y,,,,Y,,A,01,0,1,0,0,1,0,0,0,0,"- ","- ",,,"SAN FRANCISCO","SAN FRANCISCO",-122.41423797607422,37.783729553222656
9362557,2021,2021-11-30,3801,2021-10-12,1335,230,TENDE,2,5,7,3801,0,0,0,,0,3J98C,"MARKET ST","5TH ST",335.00,E,N,A,-,N,,,,,,,,,,N,3,0,1,1,A,-,08,22107,,N,H,A,A,A,G,-,A,D,0,,Y,,,Y,,L,04,0,1,0,0,0,0,1,0,0,"- ","- ",,,"SAN FRANCISCO","SAN FRANCISCO",-122.40723419189453,37.784641265869141
9362558,2021,2021-11-30,3801,2021-10-11,1315,310,SOUTH,1,5,7,3801,0,0,0,,0,3B15C,"KING ST","2ND ST",0.00,,Y,A,-,N,,,,,,,,,,N,4,0,4,2,A,-,03,22350,,N,C,C,A,A,H,-,A,A,0,,,,,Y,,A,01,0,0,4,0,0,0,0,0,0,"- ","- ",,,"SAN FRANCISCO","SAN FRANCISCO",-122.38970184326172,37.779956817626953
9362559,2021,2021-11-30,3801,2021-10-10,1955,2379,INGLE,7,5,7,3801,0,0,0,,0,3H15D,"ALEMANY BL","SICKLES AV",0.00,,Y,A,-,N,,,,,,,,,,N,4,0,1,2,A,-,09,21801,A,N,H,J,A,A,H,-,C,A,0,,,Y,,Y,,A,01,0,0,1,0,0,0,0,0,1,"- ","- ",,,"SAN FRANCISCO","SAN FRANCISCO",-122.45491790771484,37.710514068603516
9362560,2021,2021-11-30,3801,2021-10-10,2136,2741,INGLE,7,5,7,3801,0,0,0,,0,901,"SUNNYDALE AV","SAWYER ST",0.00,,Y,A,-,N,,,,,,,,,,N,4,0,1,2,A,-,12,22450,A,N,D,C,A,A,H,-,C,A,0,,,Y,,Y,,C,02,0,0,1,0,0,0,0,0,1,"- ","- ",,,"SAN FRANCISCO","SAN FRANCISCO",-122.41508483886719,37.711647033691406
9362658,2021,2021-12-08,3801,2021-10-21,0700,1396,SOUTH,4,5,7,3801,0,0,0,,0,3B13A,"6TH ST","FOLSOM  ST",0.00,,Y,B,-,N,,,,,,,,,,Y,4,0,1,2,A,-,08,22100,B,N,F,C,A,B,H,-,B,A,0,,,,Y,Y,,F,25,0,0,1,0,0,0,0,0,0,"- ","- ",,,"SAN FRANCISCO","SAN FRANCISCO",-122.40560150146484,37.778499603271484
9362666,2021,2021-12-03,3801,2021-10-12,2326,1557,TARAV,2,5,7,3801,0,0,0,,0,3I16E,"BYXBEE ST","HOLLOWAY AV",165.00,S,N,A,-,N,,,,,,,,,,Y,3,0,1,3,A,-,01,23152,,M,A,E,A,A,H,-,C,D,0,,,,,Y,Y,A,01,0,1,0,0,0,0,0,0,0,"- ","- ",,,"SAN FRANCISCO","SAN FRANCISCO",-122.46988677978516,37.721176147460938
9362697,2021,2021-12-03,3801,2021-10-09,2050,2730,SOUTH,6,5,7,3801,0,0,0,,0,3B14D,"FOLSOM ST","MABINI ST",0.00,,Y,A,-,N,,,,,,,,,,N,4,0,1,2,A,-,17,21209,A,N,D,C,A,A,H,-,C,A,0,,,Y,,Y,,C,03,0,0,1,0,0,0,0,0,1,"- ","- ",,,"SAN FRANCISCO","SAN FRANCISCO",-122.40039825439453,37.782638549804688
9362705,2021,2021-12-07,3801,2021-10-07,1718,2132,PARK,4,5,7,3801,0,0,0,,0,3F60,"WOODSIDE AV","HERNANDEZ AV",60.00,E,N,A,-,N,,,,,,,,,,Y,3,0,3,3,A,-,03,22350,,N,C,C,A,A,H,-,A,A,0,,,,,Y,,A,01,0,2,1,0,0,0,0,0,0,"- ","- ",,,"SAN FRANCISCO","SAN FRANCISCO",-122.45527648925781,37.746307373046875
9362713,2021,2021-12-03,3801,2021-10-05,1420,2449,MISSI,2,5,7,3801,0,0,0,,0,3D13C,"DUBOCE AV","VALENCIA ST",0.00,,Y,A,-,N,,,,,,,,,,N,4,0,1,3,A,-,07,21658,A,N,B,C,A,-,H,-,A,A,0,,,,Y,Y,,A,01,0,0,1,0,0,0,0,0,0,"- ","- ",,,"SAN FRANCISCO","SAN FRANCISCO",-122.42236328125,37.769866943359375
9362717,2021,2021-12-03,3801,2021-10-19,2034,4253,INGLE,2,5,7,3801,0,0,0,,0,0H3,"MISSION ST","NEY ST",0.00,,Y,B,C,N,,,,,,,,,,N,2,0,1,2,A,-,10,21950,A,N,G,B,B,B,H,-,C,D,0,Y,,,,Y,,D,22,1,0,0,0,1,0,0,0,0,"- ","- ",,,"SAN FRANCISCO","SAN FRANCISCO",-122.43000793457031,37.730007171630859
9362801,2021,2021-11-30,3801,2021-10-11,2154,2164,INGLE,1,5,7,3801,0,0,0,,0,3H14E,"ALEMANY  BL","JUSTIN DR",0.00,,Y,A,-,N,,,,,,,,,,Y,4,0,2,2,A,-,05,21651,B,N,A,C,A,A,H,-,C,A,0,,,,,Y,,A,07,0,0,2,0,0,0,0,0,0,"- ","- ",,,"SAN FRANCISCO","SAN FRANCISCO",-122.42595672607422,37.731796264648438
9362802,2021,2021-11-30,3801,2021-10-09,1651,1861,TARAV,6,5,7,3801,0,0,0,,0,3I11D,"LINCOLN WY","17TH AV",0.00,,Y,A,-,N,,,,,,,,,,Y,2,0,1,2,A,-,09,21801,A,N,-,C,A,A,H,-,A,D,0,,,Y,,Y,,A,01,1,0,0,0,0,0,0,0,1,"- ","- ",,,"SAN FRANCISCO","SAN FRANCISCO",-122.47512054443359,37.765537261962891
9362803,2021,2021-11-30,3801,2021-10-02,1340,2058,MISSI,6,5,7,3801,0,0,0,,0,CENTRA,"2ND ST","MARKET ST",0.00,,Y,A,-,N,,,,,,,,,,N,3,0,1,2,A,-,12,21453,A,F,G,B,B,A,H,-,A,A,0,Y,,Y,,Y,,C,03,0,1,0,0,1,0,0,0,0,"- ","- ",,,"SAN FRANCISCO","SAN FRANCISCO",-122.40139770507812,37.789234161376953
9362804,2021,2021-11-30,3801,2021-10-01,1740,SUZUKI,TENDE,5,5,7,3801,0,0,0,,0,3I14D,"TAYLOR ST","OFARRELL ST",83.00,S,N,A,-,N,,,,,,,,,,N,4,0,1,2,A,-,17,22517,,N,B,E,A,A,H,-,A,D,0,,,Y,,Y,Y,A,01,0,0,1,0,0,0,0,0,1,"- ","- ",,,"SAN FRANCISCO","SAN FRANCISCO",-122.41127014160156,37.785793304443359
9362805,2021,2021-11-30,3801,2021-10-01,1931,2342,NORTH,5,5,7,3801,0,0,0,,0,3E13D,"POST ST","POLK ST",0.00,,Y,A,-,N,,,,,,,,,,N,4,0,1,2,A,-,03,22350,,N,B,G,A,-,H,-,C,D,0,,Y,,,Y,,L,04,0,0,1,0,0,0,1,0,0,"- ","- ",,,"SAN FRANCISCO","SAN FRANCISCO",-122.41989898681641,37.786834716796875
9362806,2021,2021-11-30,3801,2021-10-01,0750,4279,INGLE,5,5,7,3801,0,0,0,,0,1CAR,"MISSION ST","30TH ST",6.00,N,N,A,-,N,,,,,,,,,,N,2,0,1,2,A,-,10,21950,A,N,G,B,B,A,H,-,A,A,0,Y,,,,Y,,A,01,1,0,0,0,1,0,0,0,0,"- ","- ",,,"SAN FRANCISCO","SAN FRANCISCO",-122.42195129394531,37.742404937744141
9362807,2021,2021-11-30,3801,2021-10-18,2100,2398,NORTH,1,5,7,3801,0,0,0,,0,02E,"FILLMORE ST","MCALLISTER ST",0.00,,Y,A,-,N,,,,,,,,,,Y,3,0,2,2,A,-,06,21750,,N,B,C,A,A,H,-,C,A,0,,,,,Y,,A,01,0,1,1,0,0,0,0,0,0,"- ","- ",,,"SAN FRANCISCO","SAN FRANCISCO",-122.43175506591797,37.778644561767578
9362808,2021,2021-12-14,3801,2021-10-18,1904,1878,MISSI,1,5,7,3801,0,0,0,,0,0D4,"HARRISON ST","24TH ST",117.00,S,N,A,-,N,,,,,,,,,,Y,4,0,3,3,A,-,03,22350,,N,C,C,A,A,H,-,D,D,0,,,,,Y,,A,01,0,0,3,0,0,0,0,0,0,"- ","- ",,,"SAN FRANCISCO","SAN FRANCISCO",-122.411865234375,37.752330780029297
9362809,2021,2021-11-30,3801,2021-10-18,1730,2744,SOUTH,1,5,7,3801,0,0,0,,0,3B1,"FOLSOM ST","ESSEX ST",0.00,,Y,A,-,N,,,,,,,,,,Y,4,0,1,2,A,-,01,23153,A,N,C,C,A,A,-,-,A,A,0,,,,,Y,Y,A,01,0,0,1,0,0,0,0,0,0,"- ","- ",,,"SAN FRANCISCO","SAN FRANCISCO",-122.39569091796875,37.786384582519531
9362810,2021,2021-11-30,3801,2021-10-18,1613,365,RICHM,1,5,7,3801,0,0,0,,0,3G14D,"29TH AV","BALBOA ST",0.00,,Y,A,-,N,,,,,,,,,,N,4,0,1,2,A,-,03,22350,A,N,C,C,A,A,H,-,A,A,0,,,,,Y,,A,01,0,0,1,0,0,0,0,0,0,"- ","- ",,,"SAN FRANCISCO","SAN FRANCISCO",-122.48876953125,37.776115417480469
9362811,2021,2021-11-30,3801,2021-10-22,2130,1688,BAYVI,5,5,7,3801,0,0,0,,0,3C12E,"BAY SHORE BL","COSTA ST",502.00,N,N,A,-,N,,,,,,,,,,Y,3,0,1,1,A,-,07,21658,A,N,F,J,A,A,H,-,C,D,0,,,,,Y,,A,01,0,1,0,0,0,0,0,0,0,"- ","- ",,,"SAN FRANCISCO","SAN FRANCISCO",-122.40422058105469,37.745616912841797
9362812,2021,2021-11-30,3801,2021-10-19,0952,2486,BAYVI,2,5,7,3801,0,0,0,,0,,"3RD ST","JAMESTOWN AV",0.00,,Y,A,-,N,,,,,,,,,,Y,3,0,2,2,A,-,09,21801,A,N,A,C,A,A,H,-,A,A,0,,,,,Y,,A,01,0,1,1,0,0,0,0,0,0,"- ","- ",,,"SAN FRANCISCO","SAN FRANCISCO",-122.39671325683594,37.720260620117188
9362813,2021,2021-11-30,3801,2021-10-18,0325,1871,INGLE,1,5,7,3801,0,0,0,,0,901,"POPE ST","BRUNSWICK ST",0.00,,Y,B,-,N,,,,,,,,,,Y,4,0,1,2,A,-,12,22450,A,N,D,-,A,A,H,-,C,D,0,,,,,Y,,A,01,0,0,1,0,0,0,0,0,0,"- ","- ",,,"SAN FRANCISCO","SAN FRANCISCO",-122.44009399414062,37.711475372314453
9362814,2021,2021-11-30,3801,2021-10-21,1547,2465,TARAV,4,5,7,3801,0,0,0,,0,3I13D,"NORIEGA ST","33RD AV",0.00,,Y,B,-,N,,,,,,,,,,N,4,0,1,2,A,-,10,21950,A,N,G,B,B,B,H,-,A,A,0,Y,,,,Y,,A,07,0,0,1,0,1,0,0,0,0,"- ","- ",,,"SAN FRANCISCO","SAN FRANCISCO",-122.49147033691406,37.753570556640625