CASE_ID,ACCIDENT_YEAR,PROC_DATE,JURIS,COLLISION_DATE,COLLISION_TIME,OFFICER_ID,REPORTING_DISTRICT,DAY_OF_WEEK,CHP_SHIFT,POPULATION,CNTY_CITY_LOC,SPECIAL_COND,BEAT_TYPE,CHP_BEAT_TYPE,CITY_DIVISION_LAPD,CHP_BEAT_CLASS,BEAT_NUMBER,PRIMARY_RD,SECONDARY_RD,DISTANCE,DIRECTION,INTERSECTION,WEATHER_1,WEATHER_2,STATE_HWY_IND,CALTRANS_COUNTY,CALTRANS_DISTRICT,STATE_ROUTE,ROUTE_SUFFIX,POSTMILE_PREFIX,POSTMILE,LOCATION_TYPE,RAMP_INTERSECTION,SIDE_OF_HWY,TOW_AWAY,COLLISION_SEVERITY,NUMBER_KILLED,NUMBER_INJURED,PARTY_COUNT,PRIMARY_COLL_FACTOR,PCF_CODE_OF_VIOL,PCF_VIOL_CATEGORY,PCF_VIOLATION,PCF_VIOL_SUBSECTION,HIT_AND_RUN,TYPE_OF_COLLISION,MVIW,PED_ACTION,ROAD_SURFACE,ROAD_COND_1,ROAD_COND_2,LIGHTING,CONTROL_DEVICE,CHP_ROAD_TYPE,PEDESTRIAN_ACCIDENT,BICYCLE_ACCIDENT,MOTORCYCLE_ACCIDENT,TRUCK_ACCIDENT,NOT_PRIVATE_PROPERTY,ALCOHOL_INVOLVED,STWD_VEHTYPE_AT_FAULT,CHP_VEHTYPE_AT_FAULT,COUNT_SEVERE_INJ,COUNT_VISIBLE_INJ,COUNT_COMPLAINT_PAIN,COUNT_PED_KILLED,COUNT_PED_INJURED,COUNT_BICYCLIST_KILLED,COUNT_BICYCLIST_INJURED,COUNT_MC_KILLED,COUNT_MC_INJURED,PRIMARY_RAMP,SECONDARY_RAMP,LATITUDE,LONGITUDE,COUNTY,CITY,POINT_X,POINT_Y
9362815,2021,2021-11-30,3801,2021-10-21,1822,2105,CENTR,4,5,7,3801,0,0,0,,0,3A42C,POWELL,BROADWAY,15.00,N,N,A,-,N,,,,,,,,,,N,3,0,1,2,A,-,17,21200,,N,C,G,A,A,H,-,A,A,0,,Y,,,Y,,L,04,0,1,0,0,0,0,1,0,0,"- ","- ",,,"SAN FRANCISCO","SAN FRANCISCO",-122.41024780273438,37.797451019287109
9362816,2021,2021-11-30,3801,2021-10-18,2040,4187,NORTH,1,5,7,3801,0,0,0,,0,3E15D,"VAN NESS AV","EDDY ST",0.00,,Y,A,-,N,,,,,,,,,,N,2,0,1,2,A,-,17,21235,G,F,A,B,B,A,H,-,C,A,0,Y,,,,Y,,M,94,1,0,0,0,1,0,0,0,0,"- ","- ",,,"SAN FRANCISCO","SAN FRANCISCO",-122.42076110839844,37.782890319824219
9362817,2021,2021-11-30,3801,2021-10-21,0851,"IMHOFF 8",NORTH,4,5,7,3801,0,0,0,,0,3E12A,"LARKIN ST","BROADWAY ST",0.00,,Y,B,-,N,,,,,,,,,,N,4,0,1,2,A,-,08,22107,,N,D,B,B,B,H,-,A,A,0,Y,,,,Y,,A,01,0,0,1,0,1,0,0,0,0,"- ","- ",,,"SAN FRANCISCO","SAN FRANCISCO",-122.42012786865234,37.796218872070312
9362818,2021,2021-11-30,3801,2021-10-20,2254,1414,MISSI,3,5,7,3801,0,0,0,,0,3D15E,"14TH ST","WOODWARD ST",100.00,E,N,C,-,N,,,,,,,,,,N,4,0,1,2,A,-,21,22106,,N,G,B,D,B,H,-,C,D,0,Y,,,,Y,,-,,0,0,1,0,1,0,0,0,0,"- ","- ",,,"SAN FRANCISCO","SAN FRANCISCO",-122.42042541503906,37.768260955810547
9362819,2021,2021-11-30,3801,2021-10-20,1854,4041,TARAV,3,5,7,3801,0,0,0,,0,3I13D,"LA PLAYA ST","LA PLAYA ST  1200",0.00,,Y,C,-,N,,,,,,,,,,N,4,0,1,3,A,-,03,22350,,N,C,E,A,B,H,-,C,D,0,,,,,Y,,A,01,0,0,1,0,0,0,0,0,0,"- ","- ",,,"SAN FRANCISCO","SAN FRANCISCO",,
9362820,2021,2021-11-30,3801,2021-10-20,0807,1944,INGLE,3,5,7,3801,0,0,0,,0,004,"ALEMANY BL","TINGLEY ST",0.00,,Y,B,-,N,,,,,,,,,,N,3,0,1,3,A,-,12,22450,,N,D,C,A,A,H,-,B,A,0,,,,,Y,,A,01,0,1,0,0,0,0,0,0,0,"- ","- ",,,"SAN FRANCISCO","SAN FRANCISCO",-122.43402099609375,37.729358673095703
9362821,2021,2021-12-01,3801,2021-10-20,0921,2183,TENDE,3,5,7,3801,0,0,0,,0,3J13A,"LARKIN ST","HAYES ST",0.00,,Y,C,-,N,,,,,,,,,,Y,4,0,1,2,A,-,21,22106,,F,C,C,A,B,H,-,B,D,0,,,,,Y,,A,01,0,0,1,0,0,0,0,0,0,"- ","- ",,,"SAN FRANCISCO","SAN FRANCISCO",-122.41641998291016,37.777744293212891
9362822,2021,2021-12-01,3801,2021-10-20,0944,1863,MISSI,3,5,7,3801,0,0,0,,0,3D11A,"MARKET ST","DIAMOND ST",91.00,W,N,C,-,N,,,,,,,,,,N,3,0,1,1,A,-,03,22350,,N,H,A,A,B,G,-,A,B,0,,,Y,,Y,,C,03,0,1,0,0,0,0,0,0,1,"- ","- ",,,"SAN FRANCISCO","SAN FRANCISCO",-122.43760681152344,37.761844635009766
9362823,2021,2021-12-01,3801,2021-10-18,1945,1514,MISSI,1,5,7,3801,0,0,0,,0,,"18TH ST","18TH ST 3489",0.00,,Y,A,-,N,,,,,,,,,,N,3,0,1,2,A,-,03,22350,,N,-,G,A,A,H,-,D,D,0,,Y,,,Y,,A,01,0,1,0,0,0,0,1,0,0,"- ","- ",,,"SAN FRANCISCO","SAN FRANCISCO",-122.421335,37.761716999999997
9362824,2021,2021-12-01,3801,2021-10-19,2158,2098,MISSI,2,5,7,3801,0,0,0,,0,3D11E,"17TH ST","GUERRERO ST",0.00,,Y,A,B,N,,,,,,,,,,Y,4,0,1,2,A,-,09,21801,A,N,A,C,A,B,H,-,C,A,0,,,,,Y,,A,01,0,0,1,0,0,0,0,0,0,"- ","- ",,,"SAN FRANCISCO","SAN FRANCISCO",-122.42392730712891,37.763172149658203
9362825,2021,2021-12-01,3801,2021-10-05,2025,2161,MISSI,2,5,7,3801,0,0,0,,0,3D45C,"16TH ST","POTRERO AV",314.00,W,N,A,-,N,,,,,,,,,,N,4,0,1,2,A,-,11,21955,,N,G,B,D,A,H,-,E,D,0,Y,,,,Y,,N,60,0,0,1,0,1,0,0,0,0,"- ","- ",,,"SAN FRANCISCO","SAN FRANCISCO",-122.40864562988281,37.765697479248047
9362826,2021,2021-12-01,3801,2021-10-05,1715,556,SOUTH,2,5,7,3801,0,0,0,,0,003,"FOLSOM ST","LANGTON ST",47.00,E,N,A,-,N,,,,,,,,,,N,4,0,1,2,A,-,03,22350,,N,D,G,A,A,H,-,A,D,0,,Y,,,Y,,L,04,0,0,1,0,0,0,1,0,0,"- ","- ",,,"SAN FRANCISCO","SAN FRANCISCO",-122.40828704833984,37.776412963867188
9362827,2021,2021-12-01,3801,2021-10-05,1220,1297,BAYVI,2,5,7,3801,0,0,0,,0,3C14A,"3RD ST","QUESADA AV",0.00,,Y,A,-,N,,,,,,,,,,N,4,0,1,2,A,-,04,21703,,M,C,C,A,A,H,-,A,A,0,,,Y,,Y,,A,01,0,0,1,0,0,0,0,0,1,"- ","- ",,,"SAN FRANCISCO","SAN FRANCISCO",-122.39132690429688,37.733272552490234
9362828,2021,2021-12-01,3801,2021-10-05,1231,1438,INGLE,2,5,7,3801,0,0,0,,0,4CAR,"DEL MONTE ST","OTTAWA AV",0.00,,Y,A,-,N,,,,,,,,,,N,4,0,1,2,A,-,17,22517,,N,H,E,A,A,H,-,A,D,0,,,Y,,Y,,A,08,0,0,1,0,0,0,0,0,1,"- ","- ",,,"SAN FRANCISCO","SAN FRANCISCO",-122.44493103027344,37.714561462402344
9362829,2021,2021-12-01,3801,2021-10-10,1548,143,CENTR,7,5,7,3801,0,0,0,,0,03A,"MONTGOMERY ST","CHESTNUT ST",14.00,N,N,A,-,N,,,,,,,,,,N,3,0,2,2,A,-,03,22350,,F,A,C,A,A,H,-,A,A,0,,,Y,,Y,,-,"- ",0,1,1,0,0,0,0,0,2,"- ","- ",,,"SAN FRANCISCO","SAN FRANCISCO",-122.40516662597656,37.804817199707031
9362830,2021,2021-12-01,3801,2021-10-10,1316,77,TENDE,7,5,7,3801,0,0,0,,0,3J13A,"EDDY ST","LARKIN ST",16.00,S,N,A,-,N,,,,,,,,,,N,4,0,1,2,A,-,10,21950,A,N,B,B,B,A,H,-,A,A,0,Y,,,,Y,,A,01,0,0,1,0,1,0,0,0,0,"- ","- ",,,"SAN FRANCISCO","SAN FRANCISCO",-122.41757202148438,37.783290863037109
9362831,2021,2021-12-01,3801,2021-10-02,0321,2094,SOUTH,6,5,7,3801,0,0,0,,0,3B14E,"MARKET ST","GOUGH ST",0.00,,Y,A,-,N,,,,,,,,,,Y,4,0,2,2,D,-,00,,,N,D,C,A,A,H,-,C,A,0,,,,,Y,,-,"- ",0,0,2,0,0,0,0,0,0,"- ","- ",,,"SAN FRANCISCO","SAN FRANCISCO",-122.42221069335938,37.772872924804688
9362832,2021,2021-12-01,3801,2021-10-02,1000,2477,PARK,6,5,7,3801,0,0,0,,0,3F4C,"PAGE ST","BRODERICK ST",162.00,E,N,A,-,N,,,,,,,,,,N,3,0,1,2,A,-,09,21801,A,N,B,G,A,A,H,-,A,D,0,,Y,,,Y,,-,,0,1,0,0,0,0,1,0,0,"- ","- ",,,"SAN FRANCISCO","SAN FRANCISCO",-122.43834686279297,37.772064208984375
9362833,2021,2021-12-01,3801,2021-10-01,2118,2100,MISSI,5,5,7,3801,0,0,0,,0,3D14D,"CLIPPER ST","DIAMOND ST",0.00,,Y,A,-,N,,,,,,,,,,Y,4,0,1,2,A,-,01,23152,B,N,A,C,A,A,H,-,C,D,0,,,,,Y,Y,A,01,0,0,1,0,0,0,0,0,0,"- ","- ",,,"SAN FRANCISCO","SAN FRANCISCO",-122.43607330322266,37.748779296875
9362834,2021,2021-12-01,3801,2021-10-02,2122,2706,TARAV,6,5,7,3801,0,0,0,,0,3I16E,"OCEAN AV","JULES AV",0.00,,Y,A,-,N,,,,,,,,,,N,4,0,3,2,A,-,08,22100,B,N,B,C,A,A,H,-,C,A,0,,,,,Y,,A,01,0,0,3,0,0,0,0,0,0,"- ","- ",,,"SAN FRANCISCO","SAN FRANCISCO",-122.46123504638672,37.724948883056641
9362835,2021,2021-12-01,3801,2021-10-01,2014,1251,BAYVI,5,5,7,3801,0,0,0,,0,3C13D,"DARTMOUTH ST","SILVER AV",5.00,N,N,A,-,N,,,,,,,,,,N,4,0,1,4,A,-,03,22350,,F,C,C,-,-,-,-,C,D,0,Y,,,,Y,,A,01,0,0,1,0,1,0,0,0,0,"- ","- ",,,"SAN FRANCISCO","SAN FRANCISCO",-122.41327667236328,37.729911804199219
9362836,2021,2021-12-01,3801,2021-10-03,0744,262,TRAFF,7,5,7,3801,0,0,0,,0,4B2G,"BRADFORD ST","TOMPKINS AV",26.00,N,N,A,-,N,,,,,,,,,,N,3,0,1,2,A,-,21,22106,,F,G,B,E,A,H,-,A,D,0,Y,,,,Y,Y,A,01,0,1,0,0,1,0,0,0,0,"- ","- ",,,"SAN FRANCISCO","SAN FRANCISCO",-122.40975952148438,37.736961364746094
9362837,2021,2021-12-17,3801,2021-10-02,2019,556,SOUTH,6,5,7,3801,0,0,0,,0,003,"6TH ST","HARRISON ST",0.00,,Y,A,-,N,,,,,,,,,,Y,3,0,1,3,A,-,09,21801,A,N,A,C,A,A,H,-,C,A,0,,,Y,,Y,,A,01,0,1,0,0,0,0,0,0,1,"- ","- ",,,"SAN FRANCISCO","SAN FRANCISCO",-122.40408325195312,37.777309417724609
9362838,2021,2021-12-17,3801,2021-10-02,1800,1307,MISSI,6,5,7,3801,0,0,0,,0,3D15D,"16TH ST","VALENCIA ST",120.00,W,N,A,-,N,,,,,,,,,,N,4,0,2,2,A,-,03,22350,,F,C,C,A,A,H,-,C,A,0,,,,,Y,,A,07,0,0,2,0,0,0,0,0,0,"- ","- ",,,"SAN FRANCISCO","SAN FRANCISCO",-122.42230224609375,37.764884948730469
9362839,2021,2021-12-01,3801,2021-10-02,1524,2008,MISSI,6,5,7,3801,0,0,0,,0,3D13D,"VALENCIA ST","BROSNAN ST",12.00,S,N,A,-,N,,,,,,,,,,N,3,0,1,3,A,-,04,21703,,N,C,E,A,A,H,-,A,D,0,,,,,Y,,M,94,0,1,0,0,0,0,0,0,0,"- ","- ",,,"SAN FRANCISCO","SAN FRANCISCO",-122.42224884033203,37.768718719482422
9362840,2021,2021-12-01,3801,2021-10-02,1350,986,TARAV,6,5,7,3801,0,0,0,,0,3I15B,"43RD AV","ULLOA ST",0.00,,Y,A,-,N,,,,,,,,,,N,3,0,2,2,A,-,09,21802,A,N,D,C,A,A,H,-,A,A,0,,,,,Y,,A,07,0,1,1,0,0,0,0,0,0,"- ","- ",,,"SAN FRANCISCO","SAN FRANCISCO",-122.50128173828125,37.740058898925781
9362841,2021,2021-12-01,3801,2021-10-03,1345,1394,MISSI,7,5,7,3801,0,0,0,,0,001,"18TH ST","ORD ST",0.00,,Y,A,-,N,,,,,,,,,,N,3,0,1,2,A,-,"- ",,2,F,D,C,A,A,A,-,A,D,0,,,Y,,Y,,A,01,0,1,0,0,0,0,0,0,1,"- ","- ",,,"SAN FRANCISCO","SAN FRANCISCO",-122.43997192382812,37.760589599609375
9362842,2021,2021-12-01,3801,2021-10-04,1021,2375,RICHM,1,5,7,3801,0,0,0,,0,3G12A,"GARDEN ST","DIVISADERO ST",196.00,W,N,A,-,N,,,,,,,,,,Y,3,0,1,2,B,-,22,,,N,E,I,A,A,H,-,A,D,0,,,,,Y,,A,01,0,1,0,0,0,0,0,0,0,"- ","- ",,,"SAN FRANCISCO","SAN FRANCISCO",-122.44024658203125,37.783760070800781
9362843,2021,2021-12-01,3801,2021-10-04,0929,2348,INGLE,1,5,7,3801,0,0,0,,0,3H15A,"CAYUGA AV","ONONDAGA AV",103.00,S,N,A,-,N,,,,,,,,,,Y,4,0,1,3,A,-,01,23152,A,N,B,C,A,A,H,-,A,A,0,,,,,Y,Y,A,01,0,0,1,0,0,0,0,0,0,"- ","- ",,,"SAN FRANCISCO","SAN FRANCISCO",-122.43991088867188,37.721805572509766
9362844,2021,2021-12-01,3801,2021-10-01,0842,1487,TRAFF,5,5,7,3801,0,0,0,,0,4B2C,"SAN JOSE AV","PAULDING ST",3.00,N,N,A,-,N,,,,,,,,,,Y,2,0,1,2,A,-,10,21950,A,N,G,B,B,A,H,-,A,A,0,Y,,,,Y,,A,07,1,0,0,0,1,0,0,0,0,"- ","- ",,,"SAN FRANCISCO","SAN FRANCISCO",-122.44114685058594,37.72747802734375
9362845,2021,2021-12-01,3801,2021-10-04,0203,2122,TENDE,1,5,7,3801,0,0,0,,0,3J12E,"TAYLOR ST","EDDY ST",0.00,,Y,A,-,N,,,,,,,,,,N,3,0,1,2,A,-,10,21950,A,F,G,B,B,A,H,-,C,A,0,Y,,,,Y,,A,01,0,1,0,0,1,0,0,0,0,"- ","- ",,,"SAN FRANCISCO","SAN FRANCISCO",-122.41094970703125,37.784160614013672
9362846,2021,2021-12-01,3801,2021-10-03,2008,233,MISSI,7,5,7,3801,0,0,0,,0,03D,"CAPP ST","22ND ST",60.00,S,N,A,-,N,,,,,,,,,,N,3,0,1,2,A,-,03,22350,,M,G,B,D,A,H,-,C,D,0,Y,,,,Y,Y,A,01,0,1,0,0,1,0,0,0,0,"- ","- ",,,"SAN FRANCISCO","SAN FRANCISCO",-122.41764068603516,37.755367279052734
9362847,2021,2021-12-01,3801,2021-10-03,1436,4274,RICHM,7,5,7,3801,0,0,0,,0,0G1,"JOHN F KENNEDY DR","MARX MEADOW DR",0.00,,Y,A,-,N,,,,,,,,,,N,4,0,1,2,D,-,00,,,N,D,G,A,A,H,-,A,D,0,,Y,,,Y,,-,"- ",0,0,1,0,0,0,1,0,0,"- ","- ",,,"SAN FRANCISCO","SAN FRANCISCO",,
9362848,2021,2021-12-01,3801,2021-10-09,1338,2312,BAYVI,6,5,7,3801,0,0,0,,0,903,"UNNAMED ST","AMADOR ST",0.00,,Y,A,-,N,,,,,,,,,,Y,2,0,1,1,C,-,18,,,N,E,J,A,A,H,-,A,D,0,,,,,Y,,-,"- ",1,0,0,0,0,0,0,0,0,"- ","- ",,,"SAN FRANCISCO","SAN FRANCISCO",,
9362849,2021,2021-12-01,3801,2021-10-01,1630,383,TARAV,5,5,7,3801,0,0,0,,0,3I15D,"SLOAT BL","CLEARFIELD DR",320.00,E,N,A,-,N,,,,,,,,,,Y,3,0,2,2,A,-,12,21453,A,N,D,C,A,A,H,-,A,A,0,,,,,Y,,A,01,0,2,0,0,0,0,0,0,0,"- ","- ",,,"SAN FRANCISCO","SAN FRANCISCO",-122.49045562744141,37.733970642089844
9362850,2021,2021-12-01,3801,2021-10-01,1250,1249,CENTR,5,5,7,3801,0,0,0,,0,3A44C,"GRANT AV","PACIFIC AV",0.00,,Y,A,-,N,,,,,,,,,,N,2,0,1,2,A,-,11,21453,D,F,D,B,B,A,H,-,A,A,0,Y,,,,Y,,N,60,1,0,0,0,1,0,0,0,0,"- ","- ",,,"SAN FRANCISCO","SAN FRANCISCO",-122.40680694580078,37.796920776367188
9362851,2021,2021-12-01,3801,2021-10-01,1150,1396,SOUTH,5,5,7,3801,0,0,0,,0,3B13A,"BRANNAN ST","6TH ST",0.00,,Y,A,-,N,,,,,,,,,,N,4,0,1,2,A,-,03,22350,,N,C,C,A,A,H,-,A,A,0,,,,,Y,,A,01,0,0,1,0,0,0,0,0,0,"- ","- ",,,"SAN FRANCISCO","SAN FRANCISCO",-122.40095520019531,37.774826049804688
9362852,2021,2021-12-01,3801,2021-10-01,1135,1418,TARAV,5,5,7,3801,0,0,0,,0,3I4,"ULLOA ST","18TH AV",21.00,W,N,A,-,N,,,,,,,,,,Y,4,0,1,1,A,-,03,22350,,N,E,I,A,A,H,-,A,A,0,,,,,Y,,A,07,0,0,1,0,0,0,0,0,0,"- ","- ",,,"SAN FRANCISCO","SAN FRANCISCO",-122.47457122802734,37.741226196289062
9362853,2021,2021-12-01,3801,2021-10-01,0909,4313,RICHM,5,5,7,3801,0,0,0,,0,,"MAYFAIR DR","SPRUCE ST",0.00,,Y,A,-,N,,,,,,,,,,N,2,0,1,2,A,-,11,21954,A,N,G,B,D,A,H,-,A,D,0,Y,,,,Y,,N,60,1,0,0,0,1,0,0,0,0,"- ","- ",,,"SAN FRANCISCO","SAN FRANCISCO",-122.45364379882812,37.785636901855469
9362854,2021,2022-02-14,3801,2021-10-01,0845,764,MISSI,5,5,7,3801,0,0,0,,0,9X16A,"MARKET ST","2ND ST",120.00,E,N,A,-,N,,,,,,,,,,N,4,0,1,2,A,-,17,22517,,N,H,G,A,A,H,-,A,A,0,,Y,,,Y,,A,01,0,0,1,0,0,0,1,0,0,"- ","- ",,,"SAN FRANCISCO","SAN FRANCISCO",-122.40110778808594,37.789478302001953
9362855,2021,2021-12-01,3801,2021-10-07,2341,1024,TENDE,4,5,7,3801,0,0,0,,0,2J13E,"ELM ST",POLK,0.00,,Y,A,-,N,,,,,,,,,,N,4,0,1,2,A,-,07,21658,,N,C,G,A,A,H,-,C,A,0,,Y,,,Y,,A,01,0,0,1,0,0,0,1,0,0,"- ","- ",,,"SAN FRANCISCO","SAN FRANCISCO",-122.41890716552734,37.781703948974609
9362856,2021,2021-12-01,3801,2021-10-07,1700,2705,BAYVI,4,5,7,3801,0,0,0,,0,3C11D,"19TH ST","ILLINOIS ST",0.00,,Y,A,-,N,,,,,,,,,,N,4,0,1,2,A,-,09,21801,A,N,D,C,A,A,H,-,A,A,0,,,,,Y,,A,01,0,0,1,0,0,0,0,0,0,"- ","- ",,,"SAN FRANCISCO","SAN FRANCISCO",-122.38770294189453,37.761829376220703
9362857,2021,2021-12-01,3801,2021-10-07,1112,1825,SOUTH,4,5,7,3801,0,0,0,,0,3B12A,"7TH ST","BERRY ST",0.00,,Y,A,-,N,,,,,,,,,,Y,4,0,1,1,A,-,03,22350,,N,F,J,A,A,H,-,A,D,0,,,Y,,Y,,C,02,0,0,1,0,0,0,0,0,1,"- ","- ",,,"SAN FRANCISCO","SAN FRANCISCO",-122.40003967285156,37.770481109619141
9362858,2021,2021-12-01,3801,2021-10-07,0958,1448,MISSI,4,5,7,3801,0,0,0,,0,3D11A,"GUERRERO ST","14TH ST",40.00,S,N,A,-,N,,,,,,,,,,N,2,0,1,2,A,-,08,22107,,N,F,A,A,A,H,-,A,D,0,,,Y,,Y,,A,01,1,0,0,0,0,0,0,0,1,"- ","- ",,,"SAN FRANCISCO","SAN FRANCISCO",-122.42440032958984,37.767910003662109
9362859,2021,2021-12-17,3801,2021-10-07,0905,1114,RICHM,4,5,7,3801,0,0,0,,0,3G92,"38TH AV",ANZA,0.00,,Y,A,-,N,,,,,,,,,,Y,3,0,1,2,A,-,09,21802,A,N,D,C,A,A,H,-,A,A,0,,,,,Y,,A,01,0,1,0,0,0,0,0,0,0,"- ","- ",,,"SAN FRANCISCO","SAN FRANCISCO",-122.49851989746094,37.77752685546875
9362860,2021,2021-12-01,3801,2021-10-07,0240,1466,SOUTH,4,5,7,3801,0,0,0,,0,,"17TH AV","SAN BRUNO AV",0.00,,Y,A,-,N,,,,,,,,,,Y,2,0,1,1,A,-,03,22350,,N,H,J,A,A,H,-,C,A,0,,,Y,,Y,,C,02,1,0,0,0,0,0,0,0,1,"- ","- ",,,"SAN FRANCISCO","SAN FRANCISCO",-122.40545654296875,37.764621734619141
9362861,2021,2021-12-09,3801,2021-10-07,0052,2122,TENDE,4,5,7,3801,0,0,0,,0,3J15E,"OFARRELL ST","HYDE ST",0.00,,Y,A,-,N,,,,,,,,,,N,4,0,1,2,A,-,03,22350,,F,D,C,A,A,H,-,C,A,0,,Y,,,Y,,-,,0,0,1,0,0,0,1,0,0,"- ","- ",,,"SAN FRANCISCO","SAN FRANCISCO",-122.416259765625,37.785392761230469
9362862,2021,2021-12-15,3801,2021-10-06,2144,1823,SOUTH,3,5,7,3801,0,0,0,,0,005,"MISSION ROCK ST","TERRY A FRANCOIS BL",0.00,,Y,A,-,N,,,,,,,,,,N,3,0,2,2,A,-,05,21460,A,N,D,C,A,A,D,-,C,D,0,,,Y,,Y,Y,A,01,0,1,1,0,0,0,0,0,2,"- ","- ",,,"SAN FRANCISCO","SAN FRANCISCO",-122.38735961914062,37.773090362548828
9362863,2021,2021-12-09,3801,2021-10-06,2020,1740,CENTR,3,5,7,3801,0,0,0,,0,3A14D,"UNION ST","JASPER ST",0.00,,Y,-,-,N,,,,,,,,,,N,4,0,1,2,A,-,08,22107,,N,D,D,A,A,H,-,C,D,0,,,Y,,Y,,A,07,0,0,1,0,0,0,0,0,1,"- ","- ",,,"SAN FRANCISCO","SAN FRANCISCO",-122.40835571289062,37.800540924072266
9362864,2021,2021-12-09,3801,2021-10-06,1701,1286,SOUTH,3,5,7,3801,0,0,0,,0,3B4,"MARKET ST","VAN NESS AV",0.00,,Y,A,-,N,,,,,,,,,,N,2,0,1,1,A,-,03,22350,,N,E,I,A,A,H,-,A,A,0,,,,,Y,,M,94,1,0,0,0,0,0,0,0,0,"- ","- ",,,"SAN FRANCISCO","SAN FRANCISCO",-122.41925811767578,37.775169372558594
9362865,2021,2021-12-15,3801,2021-10-06,1610,215,BAYVI,3,5,7,3801,0,0,0,,0,3SECTO,"NEWCOMB AV","OAKDALE AV",0.00,,N,B,-,N,,,,,,,,,,Y,3,0,1,5,A,-,03,22350,,M,C,E,A,A,H,-,A,D,0,,,,,Y,Y,A,01,0,1,0,0,0,0,0,0,0,"- ","- ",,,"SAN FRANCISCO","SAN FRANCISCO",,
9362866,2021,2021-12-15,3801,2021-10-06,1648,472,TARAV,3,5,7,3801,0,0,0,,0,3I11D,"21ST AV","JUDAH ST",0.00,,Y,A,-,N,,,,,,,,,,N,4,0,1,2,A,-,12,22450,A,N,D,G,A,A,H,-,A,A,0,,,,,Y,,-,,0,0,1,0,0,0,0,0,0,"- ","- ",,,"SAN FRANCISCO","SAN FRANCISCO",-122.47914123535156,37.761604309082031
9362867,2021,2021-12-09,3801,2021-10-06,1225,986,TARAV,3,5,7,3801,0,0,0,,0,3I15B,"SAGAMORE ST","ORIZABA AV",476.00,E,N,A,-,N,,,,,,,,,,N,4,0,1,3,A,-,03,22350,,N,C,C,A,A,H,-,A,D,0,,,,,Y,,A,01,0,0,1,0,0,0,0,0,0,"- ","- ",,,"SAN FRANCISCO","SAN FRANCISCO",-122.46094512939453,37.711349487304688
9362868,2021,2021-12-15,3801,2021-10-10,0944,1396,SOUTH,7,5,7,3801,0,0,0,,0,3B14A,"OTIS ST","SOUTH VAN NESS AV",0.00,,Y,A,-,N,,,,,,,,,,Y,4,0,1,2,A,-,08,22100,A,N,D,C,A,A,H,-,A,A,0,,,Y,,Y,,A,01,0,0,1,0,0,0,0,0,1,"- ","- ",,,"SAN FRANCISCO","SAN FRANCISCO",-122.41863250732422,37.773109436035156
9362869,2021,2021-12-09,3801,2021-10-10,0150,1308,SOUTH,7,5,7,3801,0,0,0,,0,3B13E,"HOWARD ST","6TH ST",60.00,E,N,-,-,N,,,,,,,,,,Y,4,0,1,2,A,-,03,22350,A,N,C,C,A,A,H,-,C,A,0,,,,,Y,,A,01,0,0,1,0,0,0,0,0,0,"- ","- ",,,"SAN FRANCISCO","SAN FRANCISCO",-122.40699768066406,37.779869079589844
9362870,2021,2021-12-09,3801,2021-10-09,2343,1347,NORTH,6,5,7,3801,0,0,0,,0,006,"FILBERT ST","VAN NESS AV",185.00,W,N,A,-,N,,,,,,,,,,N,3,0,1,2,A,-,09,21804,A,F,B,C,A,A,H,-,C,A,0,,,,,Y,,-,,0,1,0,0,0,0,0,0,0,"- ","- ",,,"SAN FRANCISCO","SAN FRANCISCO",-122.42475128173828,37.799427032470703
9362871,2021,2021-12-09,3801,2021-10-09,2020,2407,MISSI,6,5,7,3801,0,0,0,,0,3D13D,"SOUTH VAN NESS AV","22ND ST",0.00,,Y,A,-,N,,,,,,,,,,N,4,0,2,2,A,-,08,22100,B,F,D,C,A,A,H,-,E,A,0,,,,,Y,,A,01,0,0,2,0,0,0,0,0,0,"- ","- ",,,"SAN FRANCISCO","SAN FRANCISCO",-122.41658782958984,37.755565643310547
9362873,2021,2021-12-09,3801,2021-10-28,0800,1892,INGLE,4,5,7,3801,0,0,0,,0,,"NAPLES ST","AMAZON AV",0.00,,Y,A,-,N,,,,,,,,,,N,4,0,1,2,A,-,10,21950,A,N,G,B,B,A,H,-,A,A,0,Y,,,,Y,,A,01,0,0,1,0,1,0,0,0,0,"- ","- ",,,"SAN FRANCISCO","SAN FRANCISCO",-122.43536376953125,37.715389251708984
9362874,2021,2021-12-15,3801,2021-10-09,0128,1967,NORTH,6,5,7,3801,0,0,0,,0,3E14E,"SCOTT ST","PINE ST",0.00,,Y,A,-,N,,,,,,,,,,Y,4,0,1,2,A,-,12,21453,A,N,B,C,A,A,H,-,C,A,0,,,,,Y,,-,"- ",0,0,1,0,0,0,0,0,0,"- ","- ",,,"SAN FRANCISCO","SAN FRANCISCO",-122.43856811523438,37.787326812744141
9362875,2021,2021-12-09,3801,2021-10-09,0123,1402,SOUTH,6,5,7,3801,0,0,0,,0,3B13E,"MISSION ST","8TH ST",0.00,,Y,A,-,N,,,,,,,,,,N,2,0,1,2,A,-,12,21453,,N,D,G,A,A,H,-,C,A,0,,Y,,,Y,,L,04,1,0,0,0,0,0,1,0,0,"- ","- ",,,"SAN FRANCISCO","SAN FRANCISCO",-122.41315460205078,37.7774658203125
9362876,2021,2021-12-09,3801,2021-10-09,0053,1406,CENTR,6,5,7,3801,0,0,0,,0,3A13E,"SUTTER ST","GRANT AV",0.00,,Y,A,-,N,,,,,,,,,,Y,4,0,1,2,A,-,12,21453,A,N,D,C,A,A,H,-,C,A,0,,,,,Y,,A,01,0,0,1,0,0,0,0,0,0,"- ","- ",,,"SAN FRANCISCO","SAN FRANCISCO",-122.40538787841797,37.789642333984375