CASE_ID,ACCIDENT_YEAR,PROC_DATE,JURIS,COLLISION_DATE,COLLISION_TIME,OFFICER_ID,REPORTING_DISTRICT,DAY_OF_WEEK,CHP_SHIFT,POPULATION,CNTY_CITY_LOC,SPECIAL_COND,BEAT_TYPE,CHP_BEAT_TYPE,CITY_DIVISION_LAPD,CHP_BEAT_CLASS,BEAT_NUMBER,PRIMARY_RD,SECONDARY_RD,DISTANCE,DIRECTION,INTERSECTION,WEATHER_1,WEATHER_2,STATE_HWY_IND,CALTRANS_COUNTY,CALTRANS_DISTRICT,STATE_ROUTE,ROUTE_SUFFIX,POSTMILE_PREFIX,POSTMILE,LOCATION_TYPE,RAMP_INTERSECTION,SIDE_OF_HWY,TOW_AWAY,COLLISION_SEVERITY,NUMBER_KILLED,NUMBER_INJURED,PARTY_COUNT,PRIMARY_COLL_FACTOR,PCF_CODE_OF_VIOL,PCF_VIOL_CATEGORY,PCF_VIOLATION,PCF_VIOL_SUBSECTION,HIT_AND_RUN,TYPE_OF_COLLISION,MVIW,PED_ACTION,ROAD_SURFACE,ROAD_COND_1,ROAD_COND_2,LIGHTING,CONTROL_DEVICE,CHP_ROAD_TYPE,PEDESTRIAN_ACCIDENT,BICYCLE_ACCIDENT,MOTORCYCLE_ACCIDENT,TRUCK_ACCIDENT,NOT_PRIVATE_PROPERTY,ALCOHOL_INVOLVED,STWD_VEHTYPE_AT_FAULT,CHP_VEHTYPE_AT_FAULT,COUNT_SEVERE_INJ,COUNT_VISIBLE_INJ,COUNT_COMPLAINT_PAIN,COUNT_PED_KILLED,COUNT_PED_INJURED,COUNT_BICYCLIST_KILLED,COUNT_BICYCLIST_INJURED,COUNT_MC_KILLED,COUNT_MC_INJURED,PRIMARY_RAMP,SECONDARY_RAMP,LATITUDE,LONGITUDE,COUNTY,CITY,POINT_X,POINT_Y
9362878,2021,2021-12-15,3801,2021-10-08,2009,2058,MISSI,5,5,7,3801,0,0,0,,0,3CAR,"DOLORES ST","20TH ST",0.00,,Y,A,-,N,,,,,,,,,,N,3,0,1,2,A,-,11,21456,B,N,G,B,D,A,H,-,C,A,0,Y,,,,Y,,N,60,0,1,0,0,1,0,0,0,0,"- ","- ",,,"SAN FRANCISCO","SAN FRANCISCO",-122.42582702636719,37.758213043212891
9363613,2021,2021-12-01,3801,2021-10-16,0807,1146,INGLE,6,5,7,3801,0,0,0,,0,3H16A,"MISSION ST","LOWELL ST",0.00,,Y,A,-,N,,,,,,,,,,N,4,0,1,2,A,-,12,21453,A,N,D,C,A,A,H,-,A,A,0,,,,,Y,,A,07,0,0,1,0,0,0,0,0,0,"- ","- ",,,"SAN FRANCISCO","SAN FRANCISCO",-122.4464111328125,37.711448669433594
9363614,2021,2021-12-01,3801,2021-10-16,0020,1347,NORTH,6,5,7,3801,0,0,0,,0,003,"GOUGH ST","TURK ST",0.00,,Y,A,-,N,,,,,,,,,,N,3,0,1,1,C,-,18,,,F,F,A,A,A,H,-,C,A,0,,,,,Y,,-,"- ",0,1,0,0,0,0,0,0,0,"- ","- ",,,"SAN FRANCISCO","SAN FRANCISCO",-122.42391967773438,37.781532287597656
9363615,2021,2021-12-01,3801,2021-10-15,2011,2102,BAYVI,5,5,7,3801,0,0,0,,0,3C14D,"BAYSHORE BL","CORTLAND AV",0.00,,Y,A,-,N,,,,,,,,,,N,3,0,1,2,D,-,00,,,N,B,G,A,A,H,-,C,A,0,,Y,,,Y,,-,"- ",0,1,0,0,0,0,1,0,0,"- ","- ",,,"SAN FRANCISCO","SAN FRANCISCO",-122.40699005126953,37.739582061767578
9363616,2021,2021-12-01,3801,2021-10-15,1743,1631,SOUTH,5,5,7,3801,0,0,0,,0,03B,"FOLSOM ST","SHERMAN ST",0.00,,Y,A,-,N,,,,,,,,,,,3,0,1,2,A,-,08,22107,,N,D,G,A,A,H,-,A,D,0,,Y,,,Y,,A,01,0,1,0,0,0,0,1,0,0,"- ","- ",,,"SAN FRANCISCO","SAN FRANCISCO",-122.40702056884766,37.777408599853516
9363617,2021,2021-12-01,3801,2021-10-15,1740,2355,TARAV,5,5,7,3801,0,0,0,,0,03I,"TARAVAL ST","26TH AV",48.00,W,N,A,-,N,,,,,,,,,,N,4,0,1,2,-,-,"- ",,A,N,D,B,D,A,H,-,B,-,0,Y,,,,Y,,N,60,0,0,1,0,1,0,0,0,0,"- ","- ",,,"SAN FRANCISCO","SAN FRANCISCO",-122.48335266113281,37.742706298828125
9363618,2021,2021-12-01,3801,2021-10-15,1350,1345,MISSI,5,5,7,3801,0,0,0,,0,0D6,"POTRERO AV","16TH ST",180.00,S,N,A,-,N,,,,,,,,,,Y,4,0,1,2,A,-,06,21750,A,N,B,C,A,A,H,-,A,D,0,,,,,Y,,A,01,0,0,1,0,0,0,0,0,0,"- ","- ",,,"SAN FRANCISCO","SAN FRANCISCO",-122.40750885009766,37.765277862548828
9363619,2021,2021-12-01,3801,2021-10-15,1359,CHU2402,TARAV,5,5,7,3801,0,0,0,,0,3I15A,"29TH AV","ORTEGA ST",302.00,N,N,A,-,N,,,,,,,,,,Y,3,0,1,2,C,-,18,,,N,H,J,A,A,H,-,A,D,0,,,Y,,Y,,-,"- ",0,1,0,0,0,0,0,0,1,"- ","- ",,,"SAN FRANCISCO","SAN FRANCISCO",-122.48711395263672,37.752719879150391
9363620,2021,2021-12-01,3801,2021-10-17,1655,A21165,NORTH,7,5,7,3801,0,0,0,,0,3E13C,"POLK ST","OLIVE ST",0.00,,Y,A,-,N,,,,,,,,,,N,2,0,1,2,A,-,08,22107,,F,A,J,A,A,H,-,A,D,0,,,,,Y,,A,01,1,0,0,0,0,0,0,0,0,"- ","- ",,,"SAN FRANCISCO","SAN FRANCISCO",-122.41944885253906,37.784492492675781
9363622,2021,2021-12-01,3801,2021-10-17,1530,2725,RICHM,7,5,7,3801,0,0,0,,0,,"CLEMENT ST","7TH AV",0.00,,Y,A,-,N,,,,,,,,,,N,4,0,1,2,A,-,10,21950,A,F,D,B,B,A,H,-,A,A,0,Y,,,,Y,,A,01,0,0,1,0,1,0,0,0,0,"- ","- ",,,"SAN FRANCISCO","SAN FRANCISCO",-122.46546936035156,37.782890319824219
9363623,2021,2021-12-01,3801,2021-10-17,0218,2494,MISSI,7,5,7,3801,0,0,0,,0,3D15E,"POTRERO AV","16TH ST",0.00,,Y,A,-,N,,,,,,,,,,Y,4,0,1,2,D,-,00,,,N,D,C,A,A,H,-,C,A,0,,,Y,,Y,,-,"- ",0,0,1,0,0,0,0,0,0,"- ","- ",,,"SAN FRANCISCO","SAN FRANCISCO",-122.40756225585938,37.765773773193359
9363624,2021,2021-12-01,3801,2021-10-18,0132,2398,NORTH,1,5,7,3801,0,0,0,,0,,"GEARY BL","SCOTT ST",0.00,,Y,A,-,N,,,,,,,,,,,2,0,1,2,A,-,08,22101,D,N,D,C,A,B,H,-,C,A,0,,,,,Y,,A,01,1,0,0,0,0,0,0,0,0,"- ","- ",,,"SAN FRANCISCO","SAN FRANCISCO",-122.43785095214844,37.783790588378906
9363625,2021,2021-12-01,3801,2021-10-18,0100,1451,NORTH,1,5,7,3801,0,0,0,,0,3E13E,"FELL ST","WEBSTER ST",0.00,,Y,A,-,N,,,,,,,,,,Y,4,0,2,3,A,-,12,21453,A,N,D,C,A,B,H,-,C,A,0,,,,,Y,,A,01,0,0,2,0,0,0,0,0,0,"- ","- ",,,"SAN FRANCISCO","SAN FRANCISCO",-122.42932891845703,37.775123596191406
9363626,2021,2021-12-01,3801,2021-10-18,1040,1217,MISSI,1,5,7,3801,0,0,0,,0,"4 CAR","VALENCIA ST","26TH ST",0.00,,Y,A,-,N,,,,,,,,,,N,3,0,1,2,D,-,00,,,N,B,G,A,A,H,-,A,A,0,,Y,,,Y,,-,"- ",0,1,0,0,0,0,1,0,0,"- ","- ",,,"SAN FRANCISCO","SAN FRANCISCO",-122.42034912109375,37.748905181884766
9363627,2021,2021-12-01,3801,2021-10-17,1801,1107,BAYVI,7,5,7,3801,0,0,0,,0,,"SAN BRUNO AV","BACON ST",0.00,,Y,C,-,N,,,,,,,,,,Y,3,0,1,2,A,-,09,21801,A,N,D,C,A,B,H,-,B,A,0,,,,,Y,,A,07,0,1,0,0,0,0,0,0,0,"- ","- ",,,"SAN FRANCISCO","SAN FRANCISCO",-122.40361022949219,37.727638244628906
9363628,2021,2021-12-01,3801,2021-10-17,1714,1771,INGLE,7,5,7,3801,0,0,0,,0,3H13D,"SAN JOSE AV","RICHLAND AV",0.00,,Y,B,-,N,,,,,,,,,,N,3,0,1,1,A,-,03,22350,,N,H,A,A,A,H,-,A,D,0,,,,,Y,,-,,0,1,0,0,0,0,0,0,0,"- ","- ",,,"SAN FRANCISCO","SAN FRANCISCO",-122.42671966552734,37.73638916015625
9363702,2021,2021-12-07,3801,2021-10-17,1236,328,CENTR,7,5,7,3801,0,0,0,,0,3A44C,"CLAY ST","KEARNEY ST",44.00,E,N,A,-,N,,,,,,,,,,N,3,0,1,2,A,-,05,21650,,N,A,J,A,A,H,-,A,A,0,,,,,Y,,M,94,0,1,0,0,0,0,0,0,0,"- ","- ",,,"SAN FRANCISCO","SAN FRANCISCO",-122.40463256835938,37.794471740722656
9363874,2021,2021-12-01,3801,2021-10-15,1250,1249,CENTR,5,5,7,3801,0,0,0,,0,3A44C,"PINE ST","STOCKTON ST",75.00,E,N,A,-,N,,,,,,,,,,N,4,0,1,2,A,-,21,22106,,N,C,C,A,A,H,-,A,A,0,,,,Y,Y,,F,26,0,0,1,0,0,0,0,0,0,"- ","- ",,,"SAN FRANCISCO","SAN FRANCISCO",-122.40709686279297,37.791339874267578
9363943,2021,2021-11-30,3801,2021-09-29,1930,4314,RICHM,3,5,7,3801,0,0,0,,0,0I1,"9TH AV","KIRKHAM ST",5.00,N,N,-,-,N,,,,,,,,,,N,2,0,1,2,A,-,10,21950,A,N,-,-,-,-,-,-,-,-,0,Y,,,,Y,,A,01,1,0,0,0,1,0,0,0,0,"- ","- ",,,"SAN FRANCISCO","SAN FRANCISCO",-122.46607208251953,37.76031494140625
9365417,2021,2021-12-01,3801,2021-10-04,1800,952,CENTR,1,5,7,3801,0,0,0,,0,901,"THE EMBARCADERO","DON CHEE WY",416.00,N,N,A,-,N,,,,,,,,,,N,3,0,1,2,A,-,17,22517,,N,G,G,A,A,H,-,A,D,0,,Y,,,Y,,A,01,0,1,0,0,0,0,1,0,0,"- ","- ",,,"SAN FRANCISCO","SAN FRANCISCO",-122.39431762695312,37.795001983642578
9365418,2021,2021-12-01,3801,2021-10-09,1250,2337,INGLE,6,5,7,3801,0,0,0,,0,3H15C,"NIAGARA AV","MISSION ST",24.00,W,N,A,-,N,,,,,,,,,,N,4,0,1,2,A,-,11,21954,A,N,G,B,E,A,H,-,A,D,0,Y,,,,Y,,N,60,0,0,1,0,1,0,0,0,0,"- ","- ",,,"SAN FRANCISCO","SAN FRANCISCO",-122.44178009033203,37.715625762939453
9365443,2021,2021-12-08,3801,2021-10-08,1645,2730,SOUTH,5,5,7,3801,0,0,0,,0,3B13D,"MARKET ST","ROSE ST",0.00,,Y,A,-,N,,,,,,,,,,N,3,0,1,2,A,-,10,21950,A,N,G,B,B,A,H,-,A,D,0,Y,,,,Y,,D,22,0,1,0,0,1,0,0,0,0,"- ","- ",,,"SAN FRANCISCO","SAN FRANCISCO",-122.421142578125,37.773693084716797
9365514,2021,2021-12-28,3801,2021-10-05,0859,156,BAYVI,2,5,7,3801,0,0,0,,0,3C60,"CONNECTICUT ST","CESAR CHAVEZ ST",0.00,,Y,A,-,N,,,,,,,,,,Y,4,0,3,3,A,-,09,21801,A,N,D,A,A,A,H,-,A,D,0,,,,Y,Y,,F,26,0,0,3,0,0,0,0,0,0,"- ","- ",,,"SAN FRANCISCO","SAN FRANCISCO",-122.39627075195312,37.749752044677734
9365781,2021,2021-12-13,3801,2021-10-30,0152,4003,TENDE,6,5,7,3801,0,0,0,,0,3J12E,"MARKET ST","06TH ST",50.00,E,N,A,-,N,,,,,,,,,,N,3,0,1,1,A,-,03,22350,,N,E,A,A,B,H,-,C,D,0,,,Y,,Y,,C,03,0,1,0,0,0,0,0,0,1,"- ","- ",,,"SAN FRANCISCO","SAN FRANCISCO",,
9365782,2021,2021-12-13,3801,2021-10-29,2234,1741,RICHM,5,5,7,3801,0,0,0,,0,901,"GEARY BL","11TH AV",0.00,,Y,A,-,N,,,,,,,,,,Y,4,0,3,2,A,-,09,21801,A,N,D,C,A,A,H,-,C,A,0,,,,,Y,,A,01,0,0,3,0,0,0,0,0,0,"- ","- ",,,"SAN FRANCISCO","SAN FRANCISCO",-122.46965789794922,37.780830383300781
9365783,2021,2021-12-13,3801,2021-10-29,2015,2102,BAYVI,5,5,7,3801,0,0,0,,0,3C13D,"KIRKWOOD AV","KIRKWOOD AV 1566",0.00,,Y,A,-,N,,,,,,,,,,N,4,0,2,2,D,-,00,,,F,D,C,A,A,H,-,C,D,0,,,,,Y,,-,"- ",0,0,2,0,0,0,0,0,0,"- ","- ",,,"SAN FRANCISCO","SAN FRANCISCO",,
9365784,2021,2021-12-13,3801,2021-10-29,1700,2342,NORTH,5,5,7,3801,0,0,0,,0,3E16D,"NORTH POINT ST","COLUMBUS AV",0.00,,Y,A,-,N,,,,,,,,,,N,4,0,1,2,A,-,09,21801,A,N,D,G,A,A,H,-,A,D,0,,Y,,,Y,,A,01,0,0,1,0,0,0,1,0,0,"- ","- ",,,"SAN FRANCISCO","SAN FRANCISCO",-122.41836547851562,37.805976867675781
9365785,2021,2021-12-13,3801,2021-10-29,1741,1669,TENDE,5,5,7,3801,0,0,0,,0,3J14D,"LEAVENWORTH ST","ELLIS ST",0.00,,Y,A,-,N,,,,,,,,,,N,3,0,1,2,A,-,12,21453,A,N,D,J,A,A,H,-,A,A,0,,,,,Y,Y,-,,0,1,0,0,0,0,0,0,0,"- ","- ",,,"SAN FRANCISCO","SAN FRANCISCO",-122.41442108154297,37.784671783447266
9365786,2021,2021-12-13,3801,2021-10-31,1426,796,NORTH,7,5,7,3801,0,0,0,,0,,"FRANKLIN ST","GOLDEN GATE AV",0.00,,Y,A,-,N,,,,,,,,,,N,4,0,1,2,A,-,10,21950,A,N,G,B,B,A,H,-,A,A,0,Y,,,,Y,,A,01,0,0,1,0,1,0,0,0,0,"- ","- ",,,"SAN FRANCISCO","SAN FRANCISCO",-122.42209625244141,37.78082275390625
9365787,2021,2021-12-13,3801,2021-10-31,1440,798,NORTH,7,5,7,3801,0,0,0,,0,3E91F,"LOMBARD ST","BUCHANAN ST",6.00,W,N,A,-,N,,,,,,,,,,Y,2,0,1,2,A,-,03,22350,,N,C,-,A,A,H,-,A,A,0,,,Y,,Y,,C,02,1,0,0,0,0,0,0,0,1,"- ","- ",,,"SAN FRANCISCO","SAN FRANCISCO",-122.43277740478516,37.800258636474609
9365788,2021,2021-12-13,3801,2021-10-30,1404,1448,MISSI,6,5,7,3801,0,0,0,,0,3D11C,"24TH ST","VICKSBURG ST",167.00,W,N,B,-,N,,,,,,,,,,Y,4,0,2,2,A,-,03,22350,,N,A,E,A,B,H,-,A,D,0,,,,,Y,,A,01,0,0,2,0,0,0,0,0,0,"- ","- ",,,"SAN FRANCISCO","SAN FRANCISCO",-122.42911529541016,37.751602172851562
9365789,2021,2021-12-13,3801,2021-10-30,1438,1832,TENDE,6,5,7,3801,0,0,0,,0,,"JESSIE ST","6TH ST",0.00,,Y,A,-,N,,,,,,,,,,N,3,0,2,3,A,-,03,22350,,F,G,B,F,B,-,-,A,A,0,Y,,,,Y,Y,A,01,0,1,1,0,2,0,0,0,0,"- ","- ",,,"SAN FRANCISCO","SAN FRANCISCO",-122.40921020507812,37.781398773193359
9365790,2021,2021-12-13,3801,2021-10-31,1600,2215,NORTH,7,5,7,3801,0,0,0,,0,3E12D,"GEARY BL","SCOTT ST",0.00,,Y,A,-,N,,,,,,,,,,Y,4,0,1,2,A,-,08,22107,,N,B,C,A,A,H,-,A,A,0,,,,,Y,,A,01,0,0,1,0,0,0,0,0,0,"- ","- ",,,"SAN FRANCISCO","SAN FRANCISCO",-122.43785095214844,37.783790588378906
9365791,2021,2021-12-13,3801,2021-10-31,2204,1514,MISSI,7,5,7,3801,0,0,0,,0,006,"16TH ST","FOLSOM ST",0.00,,Y,A,-,N,,,,,,,,,,N,4,0,1,2,A,-,12,21453,,N,D,J,A,A,D,-,C,A,0,,,,,Y,,-,,0,0,1,0,0,0,0,0,0,"- ","- ",,,"SAN FRANCISCO","SAN FRANCISCO",-122.41529846191406,37.765312194824219
9365792,2021,2021-12-13,3801,2021-10-28,2007,1994,TRAFF,4,5,7,3801,0,0,0,,0,4B3G,"PARKER AV","GEARY BL",0.00,,Y,A,-,N,,,,,,,,,,Y,2,0,1,2,A,-,09,21801,A,N,D,G,A,A,H,-,C,A,0,,Y,,,Y,,A,01,1,0,0,0,0,0,1,0,0,"- ","- ",,,"SAN FRANCISCO","SAN FRANCISCO",-122.45416259765625,37.781658172607422
9365793,2021,2021-12-13,3801,2021-10-28,2108,PRECHSTE,NORTH,4,5,7,3801,0,0,0,,0,3E13E,"LARKIN ST","POST ST",0.00,,Y,A,-,N,,,,,,,,,,N,4,0,1,2,A,-,12,21453,A,F,D,C,A,A,H,-,C,A,0,,,Y,,Y,,A,01,0,0,1,0,0,0,0,0,0,"- ","- ",,,"SAN FRANCISCO","SAN FRANCISCO",-122.41826629638672,37.787040710449219
9365794,2021,2021-12-23,3801,2021-10-29,1545,719,CENTR,5,5,7,3801,0,0,0,,0,3A15C,"1ST ST","MARKET ST",0.00,,Y,A,-,N,,,,,,,,,,N,4,0,1,2,A,-,12,21453,A,N,D,C,A,A,H,-,A,A,0,,,Y,,Y,,C,02,0,0,1,0,0,0,0,0,1,"- ","- ",,,"SAN FRANCISCO","SAN FRANCISCO",-122.39913940429688,37.791053771972656
9365795,2021,2021-12-13,3801,2021-10-31,2300,4004,RICHM,7,5,7,3801,0,0,0,,0,3G13E,"FULTON ST","12TH AV",100.00,E,N,A,-,N,,,,,,,,,,Y,3,0,3,3,A,-,03,22350,,N,F,E,A,A,H,-,C,D,0,,,,,Y,,A,07,0,3,0,0,0,0,0,0,0,"- ","- ",,,"SAN FRANCISCO","SAN FRANCISCO",-122.46982574462891,37.773227691650391
9365796,2021,2021-12-13,3801,2021-10-31,2349,2427,SOUTH,7,5,7,3801,0,0,0,,0,2CAR,"5TH ST","CLARA ST",0.00,,Y,A,-,N,,,,,,,,,,N,3,0,1,2,D,-,00,,,N,G,B,D,A,H,-,C,D,0,Y,,,,Y,,-,"- ",0,1,0,0,1,0,0,0,0,"- ","- ",,,"SAN FRANCISCO","SAN FRANCISCO",-122.40238189697266,37.779453277587891
9365801,2021,2021-12-06,3801,2021-10-08,1147,244,NORTH,5,5,7,3801,0,0,0,,0,3E5A,"FRANKLIN ST","BUSH ST",0.00,,N,A,-,N,,,,,,,,,,N,4,0,1,2,A,-,10,21950,A,N,G,B,B,A,H,-,A,A,0,Y,,,,Y,,A,01,0,0,1,0,1,0,0,0,0,"- ","- ",,,"SAN FRANCISCO","SAN FRANCISCO",-122.42357635498047,37.788280487060547
9365802,2021,2021-12-29,3801,2021-10-09,1843,2749,TENDE,6,5,7,3801,0,0,0,,0,3J13D,"05TH ST","STEVENSON ST",0.00,,Y,A,-,N,,,,,,,,,,N,3,0,1,2,A,-,05,21651,B,N,D,J,A,A,H,-,B,D,0,,,,,Y,,-,,0,1,0,0,0,0,0,0,0,"- ","- ",,,"SAN FRANCISCO","SAN FRANCISCO",-122.40749599999999,37.783532000000001
9365803,2021,2021-12-06,3801,2021-10-09,1143,129,SOUTH,6,5,7,3801,0,0,0,,0,3B13C,"7TH ST","TOWNSEND ST",0.00,,Y,A,-,N,,,,,,,,,,N,3,0,1,2,A,-,08,22107,,N,D,G,A,A,H,-,A,A,0,,Y,,,Y,,A,01,0,1,0,0,0,0,1,0,0,"- ","- ",,,"SAN FRANCISCO","SAN FRANCISCO",-122.40165710449219,37.771831512451172
9365804,2021,2021-12-29,3801,2021-10-09,1135,398,CENTR,6,5,7,3801,0,0,0,,0,3A15C,"CLAY ST","LARKIN ST",0.00,,Y,A,-,N,,,,,,,,,,N,3,0,2,3,A,-,10,21950,A,F,G,-,B,A,H,-,A,A,0,Y,,,,Y,Y,-,,0,1,1,0,2,0,0,0,0,"- ","- ",,,"SAN FRANCISCO","SAN FRANCISCO",-122.41941070556641,37.792591094970703
9365805,2021,2021-12-06,3801,2021-10-09,0730,2495,BAYVI,6,5,7,3801,0,0,0,,0,3C15A,"LANE ST","QUESADA AV",12.00,S,N,A,-,N,,,,,,,,,,Y,4,0,1,2,A,-,03,22350,,F,B,C,A,A,H,-,A,D,0,,,,,Y,,A,01,0,0,1,0,0,0,0,0,0,"- ","- ",,,"SAN FRANCISCO","SAN FRANCISCO",-122.38962554931641,37.732261657714844
9365806,2021,2021-12-06,3801,2021-10-09,0634,4301,NORTH,6,5,7,3801,0,0,0,,0,3E13A,"BUSH ST","GOUGH ST",0.00,,Y,A,-,N,,,,,,,,,,Y,3,0,3,2,A,-,12,21453,A,N,D,C,A,A,H,-,C,A,0,,,,,Y,,A,01,0,1,2,0,0,0,0,0,0,"- ","- ",,,"SAN FRANCISCO","SAN FRANCISCO",-122.42523956298828,37.788066864013672
9365807,2021,2021-12-06,3801,2021-10-27,1140,8,NORTH,3,5,7,3801,0,0,0,,0,3E11A,"EDDY ST","WEBSTER ST",0.00,,Y,A,-,N,,,,,,,,,,N,4,0,1,2,A,-,12,21453,A,N,D,G,A,A,H,-,A,A,0,,Y,,,Y,,L,04,0,0,1,0,0,0,1,0,0,"- ","- ",,,"SAN FRANCISCO","SAN FRANCISCO",-122.43067169189453,37.781623840332031
9365810,2021,2021-12-06,3801,2021-10-26,1839,1435,TRAFF,2,5,7,3801,0,0,0,,0,4B4I,"16TH ST","VERMONT ST",0.00,,Y,A,-,N,,,,,,,,,,Y,2,0,3,2,A,-,08,22101,,N,D,C,A,A,H,-,C,-,0,,,Y,,Y,,C,02,1,1,1,0,0,0,0,0,2,"- ","- ",,,"SAN FRANCISCO","SAN FRANCISCO",-122.40463256835938,37.765960693359375
9365811,2021,2021-12-06,3801,2021-10-26,1810,4314,RICHM,2,5,7,3801,0,0,0,,0,0G5,"FULTON ST","36TH AV",0.00,,Y,A,-,N,,,,,,,,,,Y,3,0,3,3,A,-,12,21453,A,N,-,C,A,A,H,-,A,A,0,,,,,Y,,A,01,0,2,1,0,0,0,0,0,0,"- ","- ",,,"SAN FRANCISCO","SAN FRANCISCO",-122.4959716796875,37.772029876708984
9365818,2021,2021-12-06,3801,2021-10-30,2238,887,NORTH,6,5,7,3801,0,0,0,,0,3E14E,"OAK ST","BUCHANAN ST",0.00,,Y,A,-,N,,,,,,,,,,N,4,0,1,2,A,-,04,21703,,N,C,C,A,A,H,-,C,A,0,,,,,Y,,A,01,0,0,1,0,0,0,0,0,0,"- ","- ",,,"SAN FRANCISCO","SAN FRANCISCO",-122.42754364013672,37.774402618408203
9365819,2021,2021-12-06,3801,2021-10-30,1937,1771,INGLE,6,5,7,3801,0,0,0,,0,3H13D,"ALEMANY BL","SAN JUAN AV",0.00,,Y,B,-,N,,,,,,,,,,N,4,0,1,2,A,-,11,21453,D,N,G,B,B,A,H,-,C,A,0,Y,,,,Y,,N,60,0,0,1,0,1,0,0,0,0,"- ","- ",37.724868774414062,-122.43698883056641,"SAN FRANCISCO","SAN FRANCISCO",-122.43706512451172,37.724830627441406
9365820,2021,2021-12-06,3801,2021-10-30,0209,2457,SOUTH,6,5,7,3801,0,0,0,,0,3B13E,"FOLSOM ST","HAWTHORNE ST",0.00,,Y,A,-,N,,,,,,,,,,Y,4,0,2,2,A,-,12,21453,A,F,D,C,A,A,H,-,C,A,0,,,,,Y,,A,07,0,0,2,0,0,0,0,0,0,"- ","- ",,,"SAN FRANCISCO","SAN FRANCISCO",-122.39783477783203,37.784683227539062
9365901,2021,2021-12-06,3801,2021-10-13,1044,1146,INGLE,3,5,7,3801,0,0,0,,0,3H15A,"MISSION ST","NIAGARA AV",0.00,,Y,A,-,N,,,,,,,,,,Y,4,0,1,2,A,-,09,21801,A,N,D,C,A,B,H,-,A,A,0,,,Y,,Y,,A,01,0,0,1,0,0,0,0,0,1,"- ","- ",,,"SAN FRANCISCO","SAN FRANCISCO",-122.44171905517578,37.715579986572266
9365902,2021,2021-12-06,3801,2021-10-12,1642,2286,TRAFF,2,5,7,3801,0,0,0,,0,4B4E,"MARKET ST","EUREKA ST",0.00,,Y,A,-,N,,,,,,,,,,Y,2,0,2,2,A,-,09,21801,A,N,D,C,A,A,H,-,A,A,0,,,Y,,Y,,A,01,1,1,0,0,0,0,0,0,1,"- ","- ",,,"SAN FRANCISCO","SAN FRANCISCO",-122.43834686279297,37.761722564697266
9365903,2021,2021-12-06,3801,2021-10-12,1420,104,TRAFF,2,5,7,3801,0,0,0,,0,104,"POLK ST","EDDY ST",0.00,,Y,A,-,N,,,,,,,,,,Y,3,0,1,2,A,-,09,21801,A,N,A,C,A,A,H,-,A,A,0,,,Y,,Y,,A,01,0,1,0,0,0,0,0,0,1,"- ","- ",,,"SAN FRANCISCO","SAN FRANCISCO",-122.41918182373047,37.7830810546875
9365904,2021,2021-12-29,3801,2021-10-14,0920,2089,BAYVI,4,5,7,3801,0,0,0,,0,BAYVIE,"SILVER AV","CAMBRIDGE ST",75.00,E,N,A,-,N,,,,,,,,,,Y,4,0,1,2,A,-,08,22103,,N,D,C,A,A,H,-,A,A,0,,,,,Y,,A,01,0,0,1,0,0,0,0,0,0,"- ","- ",,,"SAN FRANCISCO","SAN FRANCISCO",-122.41926574707031,37.729068756103516
9365905,2021,2021-12-06,3801,2021-10-14,0614,244,NORTH,4,5,7,3801,0,0,0,,0,3E13A,"PINE ST","POLK ST",6.00,W,N,A,-,N,,,,,,,,,,N,2,0,1,2,A,-,11,21453,D,N,-,B,B,A,H,-,C,A,0,Y,,,,Y,Y,N,60,1,0,0,0,1,0,0,0,0,"- ","- ",,,"SAN FRANCISCO","SAN FRANCISCO",-122.42051696777344,37.789638519287109
9365906,2021,2021-12-06,3801,2021-10-14,2020,1688,BAYVI,4,5,7,3801,0,0,0,,0,3C15E,"REVERE AV","INGALLS ST",314.00,W,N,A,-,N,,,,,,,,,,Y,3,0,1,2,A,-,08,22107,,N,A,E,A,A,H,-,C,D,0,,,,,Y,,A,01,0,1,0,0,0,0,0,0,0,"- ","- ",,,"SAN FRANCISCO","SAN FRANCISCO",-122.38545227050781,37.728984832763672
9365907,2021,2021-12-06,3801,2021-10-16,0104,2451,TARAV,6,5,7,3801,0,0,0,,0,3I16E,"GLLERT DR","EVERGLADE DR",0.00,,Y,A,-,N,,,,,,,,,,Y,4,0,1,1,A,-,03,22350,,N,H,J,A,A,H,-,C,D,0,,,,,Y,,A,01,0,0,1,0,0,0,0,0,0,"- ","- ",,,"SAN FRANCISCO","SAN FRANCISCO",-122.48895263671875,37.73052978515625
9365908,2021,2021-12-06,3801,2021-10-13,1608,2441,INGLE,3,5,7,3801,0,0,0,,0,3H15D,"MISSION ST","HIGHLAND AV",0.00,,Y,A,-,N,,,,,,,,,,N,4,0,1,2,A,-,07,21658,A,N,G,B,G,A,H,-,A,A,0,Y,,Y,,Y,,C,02,0,0,1,0,1,0,0,0,0,"- ","- ",,,"SAN FRANCISCO","SAN FRANCISCO",-122.42404174804688,37.737358093261719
9365909,2021,2021-12-06,3801,2021-10-08,1010,1155,SOUTH,5,5,7,3801,0,0,0,,0,3B90A,"3RD ST","BERRY ST",40.00,S,N,A,-,N,,,,,,,,,,N,4,0,1,2,A,-,11,21955,,N,G,B,D,A,H,-,A,D,0,Y,,,,Y,,N,60,0,0,1,0,1,0,0,0,0,"- ","- ",,,"SAN FRANCISCO","SAN FRANCISCO",-122.39100646972656,37.777458190917969
9365910,2021,2021-12-06,3801,2021-10-08,0922,2262,TARAV,5,5,7,3801,0,0,0,,0,3I11A,"45TH AV","VICENTE ST",85.00,N,N,A,-,N,,,,,,,,,,N,4,0,1,2,A,-,08,22107,,N,D,C,A,A,H,-,A,D,0,,,Y,,Y,,A,07,0,0,1,0,0,0,0,0,1,"- ","- ",,,"SAN FRANCISCO","SAN FRANCISCO",-122.50331878662109,37.738323211669922