CASE_ID,ACCIDENT_YEAR,PROC_DATE,JURIS,COLLISION_DATE,COLLISION_TIME,OFFICER_ID,REPORTING_DISTRICT,DAY_OF_WEEK,CHP_SHIFT,POPULATION,CNTY_CITY_LOC,SPECIAL_COND,BEAT_TYPE,CHP_BEAT_TYPE,CITY_DIVISION_LAPD,CHP_BEAT_CLASS,BEAT_NUMBER,PRIMARY_RD,SECONDARY_RD,DISTANCE,DIRECTION,INTERSECTION,WEATHER_1,WEATHER_2,STATE_HWY_IND,CALTRANS_COUNTY,CALTRANS_DISTRICT,STATE_ROUTE,ROUTE_SUFFIX,POSTMILE_PREFIX,POSTMILE,LOCATION_TYPE,RAMP_INTERSECTION,SIDE_OF_HWY,TOW_AWAY,COLLISION_SEVERITY,NUMBER_KILLED,NUMBER_INJURED,PARTY_COUNT,PRIMARY_COLL_FACTOR,PCF_CODE_OF_VIOL,PCF_VIOL_CATEGORY,PCF_VIOLATION,PCF_VIOL_SUBSECTION,HIT_AND_RUN,TYPE_OF_COLLISION,MVIW,PED_ACTION,ROAD_SURFACE,ROAD_COND_1,ROAD_COND_2,LIGHTING,CONTROL_DEVICE,CHP_ROAD_TYPE,PEDESTRIAN_ACCIDENT,BICYCLE_ACCIDENT,MOTORCYCLE_ACCIDENT,TRUCK_ACCIDENT,NOT_PRIVATE_PROPERTY,ALCOHOL_INVOLVED,STWD_VEHTYPE_AT_FAULT,CHP_VEHTYPE_AT_FAULT,COUNT_SEVERE_INJ,COUNT_VISIBLE_INJ,COUNT_COMPLAINT_PAIN,COUNT_PED_KILLED,COUNT_PED_INJURED,COUNT_BICYCLIST_KILLED,COUNT_BICYCLIST_INJURED,COUNT_MC_KILLED,COUNT_MC_INJURED,PRIMARY_RAMP,SECONDARY_RAMP,LATITUDE,LONGITUDE,COUNTY,CITY,POINT_X,POINT_Y
9372380,2021,2021-12-04,3801,2021-10-30,0145,1078,NORTH,6,5,7,3801,0,0,0,,0,3E11E,"VAN NESS AV","BUSH ST",0.00,,Y,A,-,N,,,,,,,,,,N,3,0,1,2,A,-,11,21456,A,N,G,B,B,A,H,-,C,A,0,Y,,,,Y,Y,N,60,0,1,0,0,1,0,0,0,0,"- ","- ",,,"SAN FRANCISCO","SAN FRANCISCO",-122.42191314697266,37.788490295410156
9372386,2021,2021-12-09,3801,2021-10-24,2015,4187,NORTH,7,5,7,3801,0,0,0,,0,3E15D,"GROVE ST","POLK ST",0.00,,Y,C,-,N,,,,,,,,,,Y,3,0,5,2,A,-,12,21453,A,N,D,C,A,B,H,-,C,A,0,,,,,Y,,A,01,0,2,3,0,0,0,0,0,0,"- ","- ",,,"SAN FRANCISCO","SAN FRANCISCO",-122.41822052001953,37.778480529785156
9372387,2021,2021-12-09,3801,2021-10-24,2101,1769,MISSI,7,5,7,3801,0,0,0,,0,3D11E,"DUBOCE AV","GUERRERO ST",0.00,,Y,C,-,N,,,,,,,,,,Y,4,0,1,2,A,-,09,21800,D,N,D,C,A,B,H,-,C,B,0,,,,,Y,,A,01,0,0,1,0,0,0,0,0,0,"- ","- ",,,"SAN FRANCISCO","SAN FRANCISCO",-122.42459106445312,37.769741058349609
9372388,2021,2021-12-09,3801,2021-10-24,1720,2058,MISSI,7,5,7,3801,0,0,0,,0,,"24TH ST","SHOTWELL ST",25.00,E,N,C,-,N,,,,,,,,,,N,4,0,1,2,A,-,10,21954,B,F,G,B,E,B,H,-,A,D,0,Y,,,,Y,,A,01,0,0,1,0,1,0,0,0,0,"- ","- ",,,"SAN FRANCISCO","SAN FRANCISCO",-122.41509246826172,37.752452850341797
9372389,2021,2021-12-09,3801,2021-10-24,1500,668,NORTH,7,5,7,3801,0,0,0,,0,,"BUSH ST","LAGUNA ST",0.00,,Y,C,-,N,,,,,,,,,,Y,4,0,1,3,A,-,03,22350,,N,B,E,A,B,H,-,A,D,0,,,,,Y,,A,01,0,0,1,0,0,0,0,0,0,"- ","- ",,,"SAN FRANCISCO","SAN FRANCISCO",-122.42852783203125,37.787651062011719
9372390,2021,2021-12-09,3801,2021-10-24,0743,2727,TARAV,7,5,7,3801,0,0,0,,0,3I15A,"19TH AV","CRESPI DR",0.00,,Y,C,G,N,,,,,,,,,,Y,4,0,2,3,A,-,03,22350,,N,C,C,A,B,H,-,A,A,0,,,,,Y,,A,01,0,0,2,0,0,0,0,0,0,"- ","- ",,,"SAN FRANCISCO","SAN FRANCISCO",-122.47537231445312,37.720279693603516
9372391,2021,2021-12-09,3801,2021-10-24,0157,4039,CENTR,7,5,7,3801,0,0,0,,0,3A4,"VALLEJO ST","COLUMBUS AV",0.00,,Y,B,C,N,,,,,,,,,,N,4,0,1,2,A,-,12,21453,A,F,G,B,B,B,H,-,C,A,0,Y,,,,Y,,A,01,0,0,1,0,1,0,0,0,0,"- ","- ",,,"SAN FRANCISCO","SAN FRANCISCO",-122.40789031982422,37.798721313476562
9372392,2021,2021-12-15,3801,2021-10-25,1620,4001,MISSI,1,5,7,3801,0,0,0,,0,3D11C,"16TH ST","7TH ST",0.00,,Y,-,-,N,,,,,,,,,,N,3,0,1,2,D,-,00,,,F,-,C,A,-,-,-,A,A,0,,,,,Y,,-,"- ",0,1,0,0,0,0,0,0,0,"- ","- ",,,"SAN FRANCISCO","SAN FRANCISCO",-122.39506530761719,37.766536712646484
9372393,2021,2021-12-09,3801,2021-10-25,1245,1355,TARAV,1,5,7,3801,0,0,0,,0,3I14B,"JUNIPERO SERRA BL","SLOAT BL",0.00,,Y,A,-,N,,,,,,,,,,Y,4,0,2,2,A,-,09,21800,D,N,D,C,A,A,H,-,A,B,0,,,,,Y,,A,01,0,0,2,0,0,0,0,0,0,"- ","- ",,,"SAN FRANCISCO","SAN FRANCISCO",-122.47153472900391,37.734760284423828
9372394,2021,2021-12-09,3801,2021-10-19,1604,52,SOUTH,2,5,7,3801,0,0,0,,0,0B1,"2ND ST","HARRISON ST",0.00,,Y,A,B,N,,,,,,,,,,Y,4,0,1,2,A,-,12,21453,A,F,D,A,A,A,H,-,A,A,0,,,,,Y,,A,01,0,0,1,0,0,0,0,0,0,"- ","- ",,,"SAN FRANCISCO","SAN FRANCISCO",-122.39517974853516,37.784332275390625
9372395,2021,2021-12-09,3801,2021-10-21,0600,4279,INGLE,4,5,7,3801,0,0,0,,0,,"ALEMANY BL","CONGDON ST",0.00,,Y,C,-,N,,,,,,,,,,N,4,0,1,2,A,-,12,21453,A,F,D,C,A,B,H,-,C,A,0,,,,,Y,,A,01,0,0,1,0,0,0,0,0,0,"- ","- ",,,"SAN FRANCISCO","SAN FRANCISCO",-122.42619323730469,37.731166839599609
9372396,2021,2021-12-09,3801,2021-10-22,1224,1086,CENTR,5,5,7,3801,0,0,0,,0,3CAR,"NORTH POINT ST","TAYLOR ST",0.00,,Y,B,-,N,,,,,,,,,,Y,4,0,1,3,A,-,12,21453,A,F,D,C,A,A,H,-,A,A,0,,,,,Y,,A,01,0,0,1,0,0,0,0,0,0,"- ","- ",,,"SAN FRANCISCO","SAN FRANCISCO",-122.41543579101562,37.806362152099609
9372397,2021,2021-12-15,3801,2021-10-22,1553,2058,MISSI,5,5,7,3801,0,0,0,,0,6CAR,"16TH ST","POTRERO AV",72.00,W,N,A,-,N,,,,,,,,,,N,4,0,1,2,D,-,00,,,N,B,C,A,A,H,-,A,D,0,,,,,Y,,-,"- ",0,0,1,0,0,0,0,0,0,"- ","- ",,,"SAN FRANCISCO","SAN FRANCISCO",-122.40780639648438,37.765750885009766
9372398,2021,2021-12-15,3801,2021-10-22,1659,2407,MISSI,5,5,7,3801,0,0,0,,0,3D13D,"HARRISON ST","20TH ST",25.00,N,N,A,-,N,,,,,,,,,,N,4,0,1,2,A,-,08,22107,,F,C,C,A,A,H,-,A,A,0,,,,,Y,,A,01,0,0,1,0,0,0,0,0,0,"- ","- ",,,"SAN FRANCISCO","SAN FRANCISCO",-122.41255187988281,37.759098052978516
9372399,2021,2021-12-09,3801,2021-10-22,1726,2017,MISSI,5,5,7,3801,0,0,0,,0,3D16D,"16TH ST","SOUTH VAN NESS AV",36.00,E,N,A,-,N,,,,,,,,,,N,3,0,1,2,A,-,07,21658,,N,C,G,A,A,H,-,A,A,0,,Y,,,Y,Y,L,04,0,1,0,0,0,0,1,0,0,"- ","- ",,,"SAN FRANCISCO","SAN FRANCISCO",-122.41736602783203,37.765186309814453
9372400,2021,2021-12-09,3801,2021-10-22,1150,2210,SOUTH,5,5,7,3801,0,0,0,,0,0B2,"BRANNAN ST","5TH ST",355.00,W,N,A,-,N,,,,,,,,,,N,4,0,2,2,A,-,08,22102,,N,D,C,A,A,H,-,A,D,0,,,,,Y,,A,01,0,0,2,0,0,0,0,0,0,"- ","- ",,,"SAN FRANCISCO","SAN FRANCISCO",-122.399658203125,37.775901794433594
9374369,2021,2021-12-30,3801,2021-11-08,1943,2215,NORTH,1,5,7,3801,0,0,0,,0,3E15D,"GREENWICH ST","WEBSTER ST",0.00,,Y,C,-,N,,,,,,,,,,N,4,0,1,2,A,-,12,22450,,N,B,B,B,B,D,-,C,A,0,Y,,,,Y,,A,01,0,0,1,0,1,0,0,0,0,"- ","- ",,,"SAN FRANCISCO","SAN FRANCISCO",-122.43421173095703,37.799163818359375
9374551,2021,2022-01-04,3801,2021-11-11,1620,54,NORTH,4,5,7,3801,0,0,0,,0,3E16D,"PINE ST","VAN NESS AV",0.00,,Y,A,-,N,,,,,,,,,,N,4,0,1,2,A,-,08,22100,B,N,B,C,A,-,H,-,A,A,0,,,,,Y,,A,01,0,0,1,0,0,0,0,0,0,"- ","- ",,,"SAN FRANCISCO","SAN FRANCISCO",-122.42209625244141,37.789417266845703
9374559,2021,2022-01-04,3801,2021-11-08,2030,952,CENTR,1,5,7,3801,0,0,0,,0,901,"SACRAMENTO ST","SANSOME ST",0.00,,Y,C,-,N,,,,,,,,,,N,3,0,2,3,A,-,10,21950,A,F,G,B,B,B,H,-,C,A,0,Y,,,,Y,,A,01,0,1,1,0,2,0,0,0,0,"- ","- ",,,"SAN FRANCISCO","SAN FRANCISCO",-122.40132141113281,37.79400634765625
9375683,2021,2021-12-31,3801,2021-11-20,1950,4103,SOUTH,6,5,7,3801,0,0,0,,0,0B2,"BRANNAN ST","5TH ST",0.00,,Y,A,-,N,,,,,,,,,,N,4,0,2,2,A,-,12,21453,A,N,A,C,A,A,H,-,C,A,0,,,,,Y,,A,01,0,0,2,0,0,0,0,0,0,"- ","- ",,,"SAN FRANCISCO","SAN FRANCISCO",-122.39875793457031,37.776573181152344
9375685,2021,2021-12-31,3801,2021-11-20,1915,2107,NORTH,6,5,7,3801,0,0,0,,0,3E12D,"POLK ST","CALIFORNIA ST",0.00,,Y,A,-,N,,,,,,,,,,N,4,0,1,2,A,-,03,22350,,N,D,G,A,A,H,-,C,A,0,,Y,,,Y,,L,04,0,0,1,0,0,0,1,0,0,"- ","- ",,,"SAN FRANCISCO","SAN FRANCISCO",-122.42068481445312,37.790569305419922
9375686,2021,2021-12-30,3801,2021-11-20,1845,671,CENTR,6,5,7,3801,0,0,0,,0,3A15D,"OFARRELL ST","STOCKTON ST",50.00,W,N,A,-,N,,,,,,,,,,N,4,0,1,2,A,-,17,21657,,N,G,B,D,A,H,-,C,A,0,Y,,,,Y,,M,95,0,0,1,0,1,0,0,0,0,"- ","- ",,,"SAN FRANCISCO","SAN FRANCISCO",-122.40656280517578,37.786609649658203
9375687,2021,2021-12-31,3801,2021-11-20,1436,4006,TARAV,6,5,7,3801,0,0,0,,0,3146,"OCEAN AV","CLEARFIELD DR",0.00,,Y,A,-,N,,,,,,,,,,N,3,0,1,2,A,-,12,22450,A,N,D,-,A,A,H,-,A,A,0,,,,,Y,,M,93,0,1,0,0,0,0,0,0,0,"- ","- ",,,"SAN FRANCISCO","SAN FRANCISCO",-122.49143981933594,37.732021331787109
9375688,2021,2021-12-30,3801,2021-11-20,1055,244,NORTH,6,5,7,3801,0,0,0,,0,,"CALIFORNIA ST","GOUGH ST",7.00,E,N,A,-,N,,,,,,,,,,N,4,0,1,2,A,-,10,21950,A,N,G,B,B,A,H,-,A,A,0,Y,,,,Y,,A,01,0,0,1,0,1,0,0,0,0,"- ","- ",,,"SAN FRANCISCO","SAN FRANCISCO",-122.42557525634766,37.789943695068359
9375689,2021,2022-01-12,3801,2021-11-20,1133,4006,TARAV,6,5,7,3801,0,0,0,,0,3146,"GARFIELD ST","MONTICELLO ST",0.00,,Y,A,-,N,,,,,,,,,,Y,3,0,3,2,A,-,12,22450,A,N,D,C,A,A,H,-,A,A,0,,,,,Y,,A,01,0,1,2,0,0,0,0,0,0,"- ","- ",,,"SAN FRANCISCO","SAN FRANCISCO",-122.47075653076172,37.719631195068359
9375691,2021,2022-01-20,3801,2021-11-20,0812,1396,SOUTH,6,5,7,3801,0,0,0,,0,3B13A,"DIVISION ST","SAN BRUNO AV",0.00,,Y,A,-,N,,,,,,,,,,N,3,0,1,2,A,-,12,22450,A,F,D,G,A,A,H,-,A,A,0,,Y,,,Y,Y,A,01,0,1,0,0,0,0,1,0,0,"- ","- ",,,"SAN FRANCISCO","SAN FRANCISCO",-122.40620422363281,37.769454956054688
9375692,2021,2021-12-30,3801,2021-11-20,0019,2056,SOUTH,6,5,7,3801,0,0,0,,0,0B5,"KING ST","5TH ST",71.00,W,N,A,-,N,,,,,,,,,,Y,4,0,2,1,A,-,03,22350,,N,E,I,A,B,G,-,C,A,0,,,,,Y,,A,01,0,0,2,0,0,0,0,0,0,"- ","- ",,,"SAN FRANCISCO","SAN FRANCISCO",-122.39653015136719,37.774524688720703
9375693,2021,2021-12-30,3801,2021-11-20,0059,4118,MISSI,6,5,7,3801,0,0,0,,0,003,"MISSION ST","22ND ST",0.00,,Y,A,-,N,,,,,,,,,,N,4,0,1,2,A,-,10,21950,A,N,G,B,B,A,H,-,C,A,0,Y,,,,Y,,A,01,0,0,1,0,1,0,0,0,0,"- ","- ",,,"SAN FRANCISCO","SAN FRANCISCO",-122.41873931884766,37.755451202392578
9375694,2021,2022-01-12,3801,2021-11-20,0115,1308,SOUTH,6,5,7,3801,0,0,0,,0,3B13E,"MISSION ST","8TH ST",0.00,,Y,A,-,N,,,,,,,,,,Y,4,0,1,4,A,-,12,21453,A,F,D,C,A,B,H,-,C,A,0,,,,,Y,Y,A,01,0,0,1,0,0,0,0,0,0,"- ","- ",,,"SAN FRANCISCO","SAN FRANCISCO",-122.41315460205078,37.7774658203125
9375695,2021,2022-01-06,3801,2021-11-20,0210,4039,CENTR,6,5,7,3801,0,0,0,,0,3A3,"BAY ST","NORTH VIEW CT",8.00,E,N,A,-,N,,,,,,,,,,Y,3,0,1,2,A,-,03,22350,,N,F,C,A,B,H,-,C,A,0,,,,,Y,,A,01,0,1,0,0,0,0,0,0,0,"- ","- ",,,"SAN FRANCISCO","SAN FRANCISCO",-122.42253112792969,37.804473876953125
9375696,2021,2022-01-06,3801,2021-11-19,2115,1347,NORTH,5,5,7,3801,0,0,0,,0,003,"VAN NESS AV","EDDY ST",12.00,S,N,B,-,N,,,,,,,,,,N,2,0,1,2,A,-,10,21950,A,M,G,B,B,B,H,-,C,A,0,Y,,,,Y,Y,A,01,1,0,0,0,1,0,0,0,0,"- ","- ",,,"SAN FRANCISCO","SAN FRANCISCO",-122.42075347900391,37.782855987548828
9375697,2021,2021-12-31,3801,2021-11-19,1840,963,MISSI,5,5,7,3801,0,0,0,,0,3D14D,"CESAR CHAVEZ ST","YORK ST",0.00,,Y,A,-,N,,,,,,,,,,N,4,0,1,2,A,-,07,21658,A,N,D,C,A,A,H,-,C,D,0,,,,,Y,,A,01,0,0,1,0,0,0,0,0,0,"- ","- ",,,"SAN FRANCISCO","SAN FRANCISCO",-122.40789031982422,37.748329162597656
9375698,2021,2021-12-31,3801,2021-11-19,1928,2107,NORTH,5,5,7,3801,0,0,0,,0,3E12D,"GEARY BL","WEBSTER ST",0.00,,Y,C,-,N,,,,,,,,,,,4,0,1,2,A,-,10,21950,A,N,D,-,B,A,H,-,C,A,0,Y,,,,Y,,A,01,0,0,1,0,1,0,0,0,0,"- ","- ",,,"SAN FRANCISCO","SAN FRANCISCO",-122.43130493164062,37.784725189208984
9375699,2021,2021-12-31,3801,2021-11-17,1730,4798,NORTH,3,5,7,3801,0,0,0,,0,3E00D,"9TH ST","BRYANT ST",0.00,,Y,A,-,N,,,,,,,,,,N,4,0,1,2,A,-,08,22107,,N,B,C,A,A,H,-,B,A,0,,,Y,,Y,,A,01,0,0,1,0,0,0,0,0,1,"- ","- ",,,"SAN FRANCISCO","SAN FRANCISCO",-122.40853118896484,37.771289825439453
9375700,2021,2021-12-30,3801,2021-11-19,1400,2727,TARAV,5,5,7,3801,0,0,0,,0,3I13A,"SLOAT BL","EL MIRASOL PL",0.00,,Y,B,-,N,,,,,,,,,,N,4,0,1,2,A,-,09,21801,A,N,D,C,A,B,H,-,A,A,0,,,,,Y,,A,01,0,0,1,0,0,0,0,0,0,"- ","- ",,,"SAN FRANCISCO","SAN FRANCISCO",-122.48593139648438,37.73419189453125
9375701,2021,2021-12-31,3801,2021-11-18,1408,4020,MISSI,4,5,7,3801,0,0,0,,0,3D45C,"FOLSOM ST","15TH ST",0.00,,Y,B,-,N,,,,,,,,,,N,4,0,1,2,A,-,12,21453,A,N,D,G,A,A,H,-,A,A,0,,Y,,,Y,,L,04,0,0,1,0,0,0,1,0,0,"- ","- ",,,"SAN FRANCISCO","SAN FRANCISCO",-122.41545867919922,37.766933441162109
9375702,2021,2021-12-31,3801,2021-11-18,0945,2702,BAYVI,4,5,7,3801,0,0,0,,0,,"20TH ST","ILLINOIS ST",0.00,,Y,A,-,N,,,,,,,,,,N,4,0,1,2,A,-,03,22350,,N,E,J,A,A,D,-,A,D,0,,,,,Y,,A,01,0,0,1,0,0,0,0,0,0,"- ","- ",,,"SAN FRANCISCO","SAN FRANCISCO",-122.38758087158203,37.760562896728516
9375703,2021,2021-12-31,3801,2021-11-17,2105,1092,TARAV,3,5,7,3801,0,0,0,,0,3I13D,"MORAGA ST","42ND AV",37.00,W,N,A,-,N,,,,,,,,,,Y,4,0,1,2,A,-,08,22107,,N,F,E,A,A,H,-,C,D,0,,,,,Y,,A,01,0,0,1,0,0,0,0,0,0,"- ","- ",,,"SAN FRANCISCO","SAN FRANCISCO",-122.50139617919922,37.7550048828125
9375704,2021,2021-12-31,3801,2021-11-17,1452,2379,INGLE,3,5,7,3801,0,0,0,,0,3H11C,"BAYSHORE BL","ARLETA AV",0.00,,Y,A,-,N,,,,,,,,,,N,3,0,1,2,A,-,10,21950,A,N,D,B,B,A,H,-,A,A,0,Y,,,,Y,,A,07,0,1,0,0,1,0,0,0,0,"- ","- ",,,"SAN FRANCISCO","SAN FRANCISCO",-122.40261077880859,37.712268829345703
9375705,2021,2021-12-31,3801,2021-11-17,1524,1512,BAYVI,3,5,7,3801,0,0,0,,0,0C5,"3RD ST","THOMAS AV",0.00,,Y,A,-,N,,,,,,,,,,N,4,0,1,2,A,-,03,22350,,F,C,C,A,A,H,-,A,A,0,,,,,Y,,A,01,0,0,1,0,0,0,0,0,0,"- ","- ",,,"SAN FRANCISCO","SAN FRANCISCO",-122.39217376708984,37.730854034423828
9375706,2021,2021-12-31,3801,2021-11-17,1626,2132,PARK,3,5,7,3801,0,0,0,,0,3F60,"CHURCH ST","DUBOCE AV",0.00,,Y,A,-,N,,,,,,,,,,N,3,0,2,2,A,-,03,22350,,N,D,G,A,A,H,-,A,A,0,,Y,,,Y,,-,,0,1,1,0,0,0,1,0,0,"- ","- ",,,"SAN FRANCISCO","SAN FRANCISCO",-122.42912292480469,37.769462585449219
9375707,2021,2021-12-31,3801,2021-11-17,1735,524,INGLE,3,5,7,3801,0,0,0,,0,3H14D,"ADMIRAL AV","MISSION ST",0.00,,Y,A,-,N,,,,,,,,,,N,4,0,1,2,A,-,10,21950,,N,G,B,B,A,H,-,C,D,0,Y,,,,Y,,A,01,0,0,1,0,1,0,0,0,0,"- ","- ",,,"SAN FRANCISCO","SAN FRANCISCO",-122.43015289306641,37.729862213134766
9375708,2021,2021-12-31,3801,2021-11-17,1207,1875,TARAV,3,5,7,3801,0,0,0,,0,3I46,"PACHECO ST","DEWEY BL",0.00,,Y,A,-,N,,,,,,,,,,N,4,0,1,2,A,-,04,21704,A,N,D,C,A,A,H,-,A,D,0,,,,,Y,,A,01,0,0,1,0,0,0,0,0,0,"- ","- ",,,"SAN FRANCISCO","SAN FRANCISCO",-122.46138763427734,37.745559692382812
9375709,2021,2021-12-31,3801,2021-11-16,1845,4314,RICHM,2,5,7,3801,0,0,0,,0,0G2,"GEARY BL","PRESIDIO AV",5.00,W,N,B,-,N,,,,,,,,,,N,4,0,1,2,A,-,10,21950,A,N,G,B,B,A,H,-,C,A,0,Y,,,,Y,,-,99,0,0,1,0,1,0,0,0,0,"- ","- ",,,"SAN FRANCISCO","SAN FRANCISCO",-122.44587707519531,37.782588958740234
9375710,2021,2021-12-31,3801,2021-11-18,2230,2139,TARAV,4,5,7,3801,0,0,0,,0,901,"IRVING ST","15TH AV",0.00,,Y,A,-,N,,,,,,,,,,N,4,0,1,2,A,-,10,21950,A,N,G,B,B,A,H,-,C,A,0,Y,,,,Y,,A,01,0,0,1,0,1,0,0,0,0,"- ","- ",,,"SAN FRANCISCO","SAN FRANCISCO",-122.47280120849609,37.763748168945312
9375711,2021,2021-12-31,3801,2021-11-01,2330,1732,CENTR,1,5,7,3801,0,0,0,,0,03A,"CALIFORNIA ST","JONES ST",284.00,W,N,A,-,N,,,,,,,,,,N,2,0,1,1,A,-,03,22350,,N,E,A,A,B,H,-,C,D,0,,Y,,,Y,,L,04,1,0,0,0,0,0,1,0,0,"- ","- ",,,"SAN FRANCISCO","SAN FRANCISCO",-122.41507720947266,37.791294097900391
9375712,2021,2022-01-11,3801,2021-11-11,2259,4119,NORTH,4,5,7,3801,0,0,0,,0,002,"HAYES ST","OCTAVIA ST",151.00,E,N,A,-,N,,,,,,,,,,N,4,0,1,2,A,-,03,22350,A,F,G,B,E,A,H,-,C,D,0,Y,,Y,,Y,,C,03,0,0,1,0,1,0,0,0,0,"- ","- ",,,"SAN FRANCISCO","SAN FRANCISCO",-122.42415618896484,37.776718139648438
9375713,2021,2021-12-30,3801,2021-11-12,1253,1052,RICHM,5,5,7,3801,0,0,0,,0,3G4C,"30TH AV","FULTON ST",25.00,S,N,A,-,N,,,,,,,,,,N,3,0,2,2,-,-,"- ",,A,N,D,C,A,A,H,-,A,A,0,,,,,Y,,A,08,0,1,1,0,0,0,0,0,0,"- ","- ",,,"SAN FRANCISCO","SAN FRANCISCO",-122.48954010009766,37.772262573242188
9375714,2021,2021-12-30,3801,2021-11-14,1810,1909,NORTH,7,5,7,3801,0,0,0,,0,3E15D,"BUCHANAN ST","MAGNOLIA ST",0.00,,Y,A,-,N,,,,,,,,,,N,3,0,1,2,A,-,09,21800,A,N,D,G,A,A,H,-,C,D,0,,Y,,,Y,,L,04,0,1,0,0,0,0,1,0,0,"- ","- ",,,"SAN FRANCISCO","SAN FRANCISCO",-122.432861328125,37.800754547119141
9375715,2021,2021-12-30,3801,2021-11-18,1955,1148,MISSI,4,5,7,3801,0,0,0,,0,3D16D,"FOLSOM ST","DIVISON ST",0.00,,Y,A,-,N,,,,,,,,,,N,4,0,1,2,A,-,"- ",,,N,A,C,A,A,H,-,C,A,0,,,,,Y,,A,01,0,0,1,0,0,0,0,0,0,"- ","- ",,,"SAN FRANCISCO","SAN FRANCISCO",,
9375716,2021,2021-12-30,3801,2021-11-18,1618,1207,MISSI,4,5,7,3801,0,0,0,,0,3D15D,"POTRERO AV","16TH ST",209.00,N,N,B,-,N,,,,,,,,,,Y,4,0,2,2,A,-,09,21804,A,N,D,C,A,-,H,-,A,D,0,,,,,Y,,A,01,0,0,2,0,0,0,0,0,0,"- ","- ",,,"SAN FRANCISCO","SAN FRANCISCO",-122.40760803222656,37.766342163085938
9375717,2021,2021-12-30,3801,2021-11-19,0006,1332,CENTR,5,5,7,3801,0,0,0,,0,3A11E,"GEARY ST","LARKIN ST",0.00,,Y,A,-,N,,,,,,,,,,Y,3,0,1,2,A,-,11,21954,A,F,A,B,-,A,H,-,C,D,0,Y,,,,Y,,N,60,0,1,0,0,1,0,0,0,0,"- ","- ",,,"SAN FRANCISCO","SAN FRANCISCO",-122.41810607910156,37.786113739013672
9375718,2021,2021-12-30,3801,2021-11-14,0504,2494,MISSI,7,5,7,3801,0,0,0,,0,3D15E,"HARRISON ST","15TH ST",53.00,S,N,A,-,N,,,,,,,,,,Y,3,0,1,2,A,-,16,24002,A,N,F,E,A,A,H,-,C,D,0,,,Y,,Y,,C,06,0,1,0,0,0,0,0,0,1,"- ","- ",,,"SAN FRANCISCO","SAN FRANCISCO",-122.41325378417969,37.76690673828125
9375719,2021,2021-12-30,3801,2021-11-13,2340,627,MISSI,6,5,7,3801,0,0,0,,0,3D11E,"SANCHEZ ST","16TH ST",0.00,,Y,A,-,N,,,,,,,,,,N,4,0,1,2,A,-,08,22107,,N,D,C,A,A,H,-,C,A,0,,,Y,,Y,,A,01,0,0,1,0,0,0,0,0,1,"- ","- ",,,"SAN FRANCISCO","SAN FRANCISCO",-122.43087768554688,37.764358520507812
9375720,2021,2021-12-30,3801,2021-11-13,1324,4124,INGLE,6,5,7,3801,0,0,0,,0,INGLES,"ALEMANY BL","SANTA ROSA AV",0.00,,Y,A,-,N,,,,,,,,,,N,4,0,1,2,A,-,09,21801,B,N,D,C,A,A,H,-,A,A,0,,,Y,,Y,,A,01,0,0,1,0,0,0,0,0,1,"- ","- ",,,"SAN FRANCISCO","SAN FRANCISCO",-122.43605804443359,37.726757049560547
9375721,2021,2021-12-31,3801,2021-11-13,1700,628,RICHM,6,5,7,3801,0,0,0,,0,0G4,"CLEMENT ST","18TH AV",0.00,,Y,A,-,N,,,,,,,,,,N,3,0,1,1,A,-,"- ",,,N,F,A,A,A,H,-,C,D,0,,Y,,,Y,,L,04,0,1,0,0,0,0,1,0,0,"- ","- ",,,"SAN FRANCISCO","SAN FRANCISCO",-122.47737884521484,37.782352447509766
9375722,2021,2021-12-31,3801,2021-11-13,1745,890,BAYVI,6,5,7,3801,0,0,0,,0,BAYVIE,"INGALLS ST","OAKDALE AV",0.00,,Y,A,-,N,,,,,,,,,,N,4,0,2,2,A,-,12,22450,A,N,D,C,A,A,H,-,C,A,0,,,,,Y,,A,01,0,0,2,0,0,0,0,0,0,"- ","- ",,,"SAN FRANCISCO","SAN FRANCISCO",-122.38288116455078,37.730339050292969
9375723,2021,2021-12-31,3801,2021-11-13,0958,392,MISSI,6,5,7,3801,0,0,0,,0,3D11A,"GUERRERO ST","24TH ST",0.00,,Y,A,-,N,,,,,,,,,,Y,4,0,3,5,-,-,"- ",,A,N,A,C,A,A,H,-,-,A,0,,,,,Y,,A,01,0,0,3,0,0,0,0,0,0,"- ","- ",,,"SAN FRANCISCO","SAN FRANCISCO",-122.42286682128906,37.752002716064453
9375724,2021,2021-12-31,3801,2021-11-13,0745,2453,MISSI,6,5,7,3801,0,0,0,,0,3D13A,"MISSION ST","23RD ST",0.00,,Y,A,-,N,,,,,,,,,,N,3,0,1,2,A,-,03,22350,,N,D,C,A,B,-,-,-,A,0,,,,,Y,,M,94,0,1,0,0,0,0,0,0,0,"- ","- ",,,"SAN FRANCISCO","SAN FRANCISCO",-122.41860198974609,37.753829956054688
9375725,2021,2021-12-31,3801,2021-11-12,2148,1972,MISSI,5,5,7,3801,0,0,0,,0,3D91,"25TH ST","GUERRERO ST",0.00,,Y,A,-,N,,,,,,,,,,Y,3,0,2,2,A,-,09,21801,A,N,A,C,A,A,H,-,C,A,0,,,,,Y,Y,A,01,0,1,1,0,0,0,0,0,0,"- ","- ",,,"SAN FRANCISCO","SAN FRANCISCO",-122.42272186279297,37.750392913818359