CASE_ID,ACCIDENT_YEAR,PROC_DATE,JURIS,COLLISION_DATE,COLLISION_TIME,OFFICER_ID,REPORTING_DISTRICT,DAY_OF_WEEK,CHP_SHIFT,POPULATION,CNTY_CITY_LOC,SPECIAL_COND,BEAT_TYPE,CHP_BEAT_TYPE,CITY_DIVISION_LAPD,CHP_BEAT_CLASS,BEAT_NUMBER,PRIMARY_RD,SECONDARY_RD,DISTANCE,DIRECTION,INTERSECTION,WEATHER_1,WEATHER_2,STATE_HWY_IND,CALTRANS_COUNTY,CALTRANS_DISTRICT,STATE_ROUTE,ROUTE_SUFFIX,POSTMILE_PREFIX,POSTMILE,LOCATION_TYPE,RAMP_INTERSECTION,SIDE_OF_HWY,TOW_AWAY,COLLISION_SEVERITY,NUMBER_KILLED,NUMBER_INJURED,PARTY_COUNT,PRIMARY_COLL_FACTOR,PCF_CODE_OF_VIOL,PCF_VIOL_CATEGORY,PCF_VIOLATION,PCF_VIOL_SUBSECTION,HIT_AND_RUN,TYPE_OF_COLLISION,MVIW,PED_ACTION,ROAD_SURFACE,ROAD_COND_1,ROAD_COND_2,LIGHTING,CONTROL_DEVICE,CHP_ROAD_TYPE,PEDESTRIAN_ACCIDENT,BICYCLE_ACCIDENT,MOTORCYCLE_ACCIDENT,TRUCK_ACCIDENT,NOT_PRIVATE_PROPERTY,ALCOHOL_INVOLVED,STWD_VEHTYPE_AT_FAULT,CHP_VEHTYPE_AT_FAULT,COUNT_SEVERE_INJ,COUNT_VISIBLE_INJ,COUNT_COMPLAINT_PAIN,COUNT_PED_KILLED,COUNT_PED_INJURED,COUNT_BICYCLIST_KILLED,COUNT_BICYCLIST_INJURED,COUNT_MC_KILLED,COUNT_MC_INJURED,PRIMARY_RAMP,SECONDARY_RAMP,LATITUDE,LONGITUDE,COUNTY,CITY,POINT_X,POINT_Y
9376235,2021,2021-12-30,3801,2021-11-07,0150,2164,INGLE,7,5,7,3801,0,0,0,,0,3H15E,"MISSION ST","29TH ST",0.00,,Y,A,-,N,,,,,,,,,,Y,2,0,1,2,A,-,12,21453,A,F,C,C,A,A,H,-,C,-,0,,,Y,,Y,Y,A,01,1,0,0,0,0,0,0,0,1,"- ","- ",,,"SAN FRANCISCO","SAN FRANCISCO",-122.42092132568359,37.744083404541016
9376236,2021,2021-12-30,3801,2021-11-06,2336,1263,BAYVI,6,5,7,3801,0,0,0,,0,3C15E,"ARELIOUS WALKER DR","FITZGERALD AV",0.00,,Y,A,-,N,,,,,,,,,,N,4,0,1,2,A,-,03,22350,,F,G,B,E,A,H,-,C,D,0,Y,,,,Y,Y,A,01,0,0,1,0,1,0,0,0,0,"- ","- ",,,"SAN FRANCISCO","SAN FRANCISCO",-122.38571166992188,37.717803955078125
9376237,2021,2021-12-30,3801,2021-11-07,2312,1472,PARK,7,5,7,3801,0,0,0,,0,003,"STANYAN ST","FULTON ST",0.00,,Y,A,-,N,,,,,,,,,,Y,2,0,2,2,A,-,12,21453,A,N,D,C,A,A,H,-,C,A,0,,,,,Y,,A,01,1,1,0,0,0,0,0,0,0,"- ","- ",,,"SAN FRANCISCO","SAN FRANCISCO",-122.45465850830078,37.774745941162109
9376238,2021,2021-12-30,3801,2021-11-06,0213,2730,SOUTH,6,5,7,3801,0,0,0,,0,3B12E,"MISSION ST","MISSION ST 555",0.00,,-,A,-,N,,,,,,,,,,Y,2,0,1,3,A,-,03,22350,,F,C,C,A,A,H,-,C,A,0,,,Y,,Y,Y,A,01,1,0,0,0,0,0,0,0,1,"- ","- ",,,"SAN FRANCISCO","SAN FRANCISCO",-122.41979217529297,37.7705078125
9376239,2021,2021-12-30,3801,2021-11-05,1954,2132,PARK,5,5,7,3801,0,0,0,,0,,"STANYAN ST","OAK ST",0.00,,Y,A,-,N,,,,,,,,,,N,3,0,1,2,A,-,03,22350,,N,D,G,A,A,H,-,C,A,0,,Y,,,Y,,A,01,0,1,0,0,0,0,1,0,0,"- ","- ",,,"SAN FRANCISCO","SAN FRANCISCO",-122.45395660400391,37.771354675292969
9376240,2021,2022-01-18,3801,2021-11-05,1815,2355,TARAV,5,5,7,3801,0,0,0,,0,0I3,"SKYLINE BL","LAKE MERCED BL",0.00,,N,A,-,N,,,,,,,,,,Y,3,0,2,2,A,-,09,21801,A,N,D,C,A,A,H,-,A,D,0,,,,,Y,,A,01,0,1,1,0,0,0,0,0,0,"- ","- ",,,"SAN FRANCISCO","SAN FRANCISCO",-122.49894714355469,37.731536865234375
9376241,2021,2021-12-30,3801,2021-11-05,1823,334,BAYVI,5,5,7,3801,0,0,0,,0,0C5,"QUESADA AV","3RD ST",52.00,E,N,A,-,N,,,,,,,,,,N,2,0,1,2,A,-,03,22350,,F,G,B,D,A,H,-,B,A,0,Y,,,,Y,,A,01,1,0,0,0,1,0,0,0,0,"- ","- ",,,"SAN FRANCISCO","SAN FRANCISCO",-122.39117431640625,37.733196258544922
9376242,2021,2021-12-30,3801,2021-11-05,1657,2056,SOUTH,5,5,7,3801,0,0,0,,0,0B1,"MISSION ST","2ND ST",300.00,E,N,A,-,N,,,,,,,,,,Y,4,0,1,2,A,-,00,22153,A,F,H,C,A,A,H,-,A,D,0,,,,,Y,Y,A,08,0,0,1,0,0,0,0,0,0,"- ","- ",,,"SAN FRANCISCO","SAN FRANCISCO",-122.39906311035156,37.788597106933594
9376243,2021,2021-12-30,3801,2021-11-29,0125,2400,NORTH,1,5,7,3801,0,0,0,,0,3CAR,"FRANKLIN ST","TURK ST",0.00,,Y,A,-,N,,,,,,,,,,Y,3,0,1,2,A,-,11,21453,D,N,G,B,B,A,H,-,C,A,0,Y,,,,Y,,N,60,0,1,0,0,1,0,0,0,0,"- ","- ",,,"SAN FRANCISCO","SAN FRANCISCO",-122.42224884033203,37.781730651855469
9376244,2021,2021-12-30,3801,2021-11-28,1930,2228,CENTR,7,5,7,3801,0,0,0,,0,3A12D,"PINE ST","KEARNY ST",0.00,,Y,A,-,N,,,,,,,,,,N,4,0,1,3,A,-,12,21453,A,N,D,C,A,A,H,-,C,A,0,,,,,Y,,A,01,0,0,1,0,0,0,0,0,0,"- ","- ",,,"SAN FRANCISCO","SAN FRANCISCO",-122.40421295166016,37.791694641113281
9376245,2021,2021-12-30,3801,2021-11-28,1915,1661,TARAV,7,5,7,3801,0,0,0,,0,3I15E,"JOHN MUIR DR","LAKE MERCED BL",1300.00,W,N,A,-,N,,,,,,,,,,Y,3,0,1,1,A,-,03,22350,,N,E,I,A,A,H,-,D,D,0,,,Y,,Y,,C,02,0,1,0,0,0,0,0,0,1,"- ","- ",,,"SAN FRANCISCO","SAN FRANCISCO",-122.48849487304688,37.710735321044922
9376247,2021,2021-12-30,3801,2021-11-28,1043,326,INGLE,7,5,7,3801,0,0,0,,0,3H14A,"SAN JOSE AV","GENEVA AV",0.00,,Y,A,-,N,,,,,,,,,,N,4,0,1,2,A,-,17,21200,A,N,D,G,A,A,D,-,A,A,0,,Y,Y,,Y,,L,04,0,0,1,0,0,0,1,0,0,"- ","- ",,,"SAN FRANCISCO","SAN FRANCISCO",-122.44663238525391,37.720729827880859
9376248,2021,2021-12-30,3801,2021-11-28,0500,2488,INGLE,7,5,7,3801,0,0,0,,0,3H11E,"DIAMOND HEIGHTS BL","DIAMOND HEIGHTS BL 5411",0.00,,-,A,-,N,,,,,,,,,,N,3,0,1,2,A,-,03,22350,,N,A,E,A,A,H,-,C,D,0,,,,,Y,Y,A,01,0,1,0,0,0,0,0,0,0,"- ","- ",,,"SAN FRANCISCO","SAN FRANCISCO",-122.43734741210938,37.738296508789062
9376249,2021,2021-12-30,3801,2021-11-27,1719,1787,NORTH,6,5,7,3801,0,0,0,,0,05E,"MARINA GREENS","MARINA BL",250.00,N,N,A,-,N,,,,,,,,,,N,4,0,1,2,A,-,10,21950,A,N,B,B,D,A,H,-,D,D,0,Y,,,,Y,,A,01,0,0,1,0,1,0,0,0,0,"- ","- ",,,"SAN FRANCISCO","SAN FRANCISCO",-122.43535614013672,37.806694030761719
9376250,2021,2021-12-30,3801,2021-11-27,1104,1944,INGLE,6,5,7,3801,0,0,0,,0,005,"GENEVA AV","ESQUINA DR",0.00,,Y,A,-,N,,,,,,,,,,N,4,0,1,2,A,-,12,21453,A,N,D,C,A,A,H,-,A,A,0,,,,,Y,,A,08,0,0,1,0,0,0,0,0,0,"- ","- ",,,"SAN FRANCISCO","SAN FRANCISCO",-122.42161560058594,37.708740234375
9376251,2021,2021-12-30,3801,2021-11-26,2024,969,MISSI,5,5,7,3801,0,0,0,,0,3D16D,"HARRISON ST","17TH ST",190.00,S,N,A,-,N,,,,,,,,,,Y,3,0,4,5,A,-,03,22350,,F,F,C,A,A,H,-,C,D,0,,,,,Y,,A,01,0,1,3,0,0,0,0,0,0,"- ","- ",,,"SAN FRANCISCO","SAN FRANCISCO",-122.4129638671875,37.763572692871094
9376252,2021,2021-12-30,3801,2021-11-26,1907,379,TRAFF,5,5,7,3801,0,0,0,,0,4B3H,"3RD ST","EVANS ST",55.00,N,N,A,-,N,,,,,,,,,,Y,4,0,1,2,A,-,03,22350,,M,B,C,A,A,H,-,C,A,0,,,,,Y,,A,01,0,0,1,0,0,0,0,0,0,"- ","- ",,,"SAN FRANCISCO","SAN FRANCISCO",-122.38796234130859,37.742877960205078
9376253,2021,2021-12-30,3801,2021-11-26,1834,2132,PARK,5,5,7,3801,0,0,0,,0,3F60,"6TH AV","JUDAH ST",0.00,,Y,A,-,N,,,,,,,,,,N,4,0,1,2,D,-,00,,,N,D,C,A,A,H,-,C,A,0,,,,,Y,,-,"- ",0,0,1,0,0,0,0,0,0,"- ","- ",,,"SAN FRANCISCO","SAN FRANCISCO",-122.46296691894531,37.762344360351562
9376254,2021,2021-12-30,3801,2021-11-26,1611,2407,MISSI,5,5,7,3801,0,0,0,,0,3D13D,"FOLSOM ST","19TH ST",0.00,,Y,A,-,N,,,,,,,,,,Y,4,0,2,2,A,-,12,21453,A,N,D,C,A,A,H,-,A,A,0,,,,,Y,,A,01,0,0,2,0,0,0,0,0,0,"- ","- ",,,"SAN FRANCISCO","SAN FRANCISCO",-122.41481781005859,37.760490417480469
9376255,2021,2021-12-30,3801,2021-11-26,1406,282,TARAV,5,5,7,3801,0,0,0,,0,3I1A,"TARAVAL ST","16TH AV",0.00,,Y,A,-,N,,,,,,,,,,Y,4,0,1,2,A,-,09,21802,B,N,D,C,A,A,H,-,A,A,0,,,,,Y,,A,01,0,0,1,0,0,0,0,0,0,"- ","- ",,,"SAN FRANCISCO","SAN FRANCISCO",-122.47248077392578,37.743190765380859
9376256,2021,2021-12-31,3801,2021-11-26,1006,86,TARAV,5,5,7,3801,0,0,0,,0,3I3,"JUDAH ST","37TH AV",0.00,,Y,A,-,N,,,,,,,,,,Y,4,0,1,2,A,-,09,21802,A,N,D,C,A,A,H,-,A,A,0,,,,,Y,,A,01,0,0,1,0,0,0,0,0,0,"- ","- ",,,"SAN FRANCISCO","SAN FRANCISCO",-122.49630737304688,37.760841369628906
9376257,2021,2022-01-18,3801,2021-11-26,0059,2186,NORTH,5,5,7,3801,0,0,0,,0,3E13E,"GOUGH ST","WASHINGTON ST",0.00,,Y,A,-,N,,,,,,,,,,Y,3,0,1,2,A,-,05,21460,A,N,A,C,A,A,H,-,C,A,0,,,,,Y,,A,07,0,1,0,0,0,0,0,0,0,"- ","- ",,,"SAN FRANCISCO","SAN FRANCISCO",-122.42613220214844,37.792648315429688
9376258,2021,2022-01-18,3801,2021-11-24,1956,2058,MISSI,3,5,7,3801,0,0,0,,0,1CAR,"MARKET ST","NOE ST",0.00,,Y,A,-,N,,,,,,,,,,N,4,0,1,2,A,-,09,21801,A,N,D,C,A,A,H,-,C,A,0,,,Y,,Y,,A,01,0,0,1,0,0,0,0,0,1,"- ","- ",,,"SAN FRANCISCO","SAN FRANCISCO",-122.43313598632812,37.764244079589844
9376259,2021,2021-12-31,3801,2021-11-24,1721,1244,TARAV,3,5,7,3801,0,0,0,,0,3801,"19TH AV","EUCALYPTUS DR",0.00,,Y,A,-,N,,,,,,,,,,N,4,0,1,3,A,-,04,21703,,N,C,C,A,A,H,-,C,A,0,,,,,Y,,A,01,0,0,1,0,0,0,0,0,0,"- ","- ",,,"SAN FRANCISCO","SAN FRANCISCO",-122.47486877441406,37.7310791015625
9376333,2021,2021-12-17,3801,2021-11-06,1744,784,SOUTH,6,5,7,3801,0,0,0,,0,0B4,"MARKET ST","LAGUNA ST",0.00,,Y,A,-,N,,,,,,,,,,N,3,0,1,1,A,-,03,22350,,N,-,-,A,A,H,-,A,D,0,,Y,,,Y,,L,04,0,1,0,0,0,0,1,0,0,"- ","- ",,,"SAN FRANCISCO","SAN FRANCISCO",-122.42485809326172,37.770748138427734
9376341,2021,2021-12-24,3801,2021-11-07,1524,1512,BAYVI,7,5,7,3801,0,0,0,,0,0C5,"03RD ST","THOMAS AV",0.00,,Y,A,-,N,,,,,,,,,,N,4,0,1,2,A,-,03,22350,,F,C,C,A,A,H,-,A,A,0,,,,,Y,,A,01,0,0,1,0,0,0,0,0,0,"- ","- ",,,"SAN FRANCISCO","SAN FRANCISCO",-122.392032,37.730829
9376342,2021,2021-12-24,3801,2021-11-15,0829,1944,INGLE,1,5,7,3801,0,0,0,,0,005,"ALEMANY BL","FARRAGUT AV",0.00,,Y,A,-,N,,,,,,,,,,N,4,0,2,2,A,-,03,22350,,F,D,C,A,A,H,-,A,A,0,,,,,Y,,A,08,0,0,2,0,0,0,0,0,0,"- ","- ",,,"SAN FRANCISCO","SAN FRANCISCO",-122.45204162597656,37.71209716796875
9376343,2021,2021-12-24,3801,2021-11-11,1546,1888,RICHM,4,5,7,3801,0,0,0,,0,,"CALIFORNIA ST",FUNSTON,0.00,,Y,A,-,N,,,,,,,,,,N,4,0,1,2,A,-,09,21800,A,N,D,G,A,A,H,-,A,D,0,,Y,,,Y,,A,01,0,0,1,0,0,0,1,0,0,"- ","- ",,,"SAN FRANCISCO","SAN FRANCISCO",-122.47206115722656,37.784465789794922
9376344,2021,2021-12-24,3801,2021-11-29,0813,392,MISSI,1,5,7,3801,0,0,0,,0,3D14A,"CLIPPER ST","DIAMOND ST",37.00,E,N,A,-,N,,,,,,,,,,N,3,0,1,2,A,-,07,21658,,F,A,G,A,A,-,-,A,A,0,,Y,,,Y,,A,01,0,1,0,0,0,0,1,0,0,"- ","- ",,,"SAN FRANCISCO","SAN FRANCISCO",-122.43594360351562,37.748786926269531
93763756,2024,2024-08-06,9335,2024-07-31,"854 ",018804,,3,1,7,3801,0,1,1,,2,023,"I-280 N/B","ALEMANY BLVD.",175.00,N,N,A,-,Y,SF,,280," ",R,3.916,H,,R,N,4,0,1,3,A,-,07,21658,A,N,B,C,A,A,H,-,A,D,0,,,,,Y,,A,01,0,0,1,0,0,0,0,0,0,"- ","- ",37.732498168945312,-122.41383361816406,"SAN FRANCISCO","SAN FRANCISCO",-122.413818359375,37.732486724853516
93763976,2024,2024-08-06,9350,2024-07-10,1345,022468,,3,1,7,3801,0,1,3,,1,012,"US-101 N/B (GGB EAST WALKWAY)","LINCOLN BLVD",2693.00,N,N,A,-,N,,,,,,,,,,N,3,0,1,2,C,-,18,,,N,G,B,F,A,H,-,A,D,0,Y,Y,,,Y,,-,"- ",0,1,0,0,0,0,1,0,0,"- ","- ",37.811031341552734,-122.47740936279297,"SAN FRANCISCO","SAN FRANCISCO",-122.47458648681641,37.806499481201172
93768215,2024,2024-08-07,9335,2024-08-06,2237,023483,,2,3,7,3801,0,1,1,,1,083,"I-80 E/B","SFOBB TOWER",2970.00,W,N,A,-,Y,SF,,80," "," ",7.764,H,,R,Y,3,0,1,2,A,-,07,21658,A,M,B,C,A,A,H,-,C,D,0,,,,,Y,,-,99,0,1,0,0,0,0,0,0,0,"- ","- ",37.809459686279297,-122.36566162109375,"SAN FRANCISCO","SAN FRANCISCO",-122.36573791503906,37.809513092041016
9377045,2021,2022-01-05,3801,2021-11-25,1943,1994,TRAFF,4,5,7,3801,0,0,0,,0,4B3G,"KING ST","5TH ST",8.00,W,N,A,-,N,,,,,,,,,,Y,2,0,1,2,A,-,11,21456,C,N,G,B,B,A,H,-,C,A,0,Y,,,,Y,Y,N,60,1,0,0,0,1,0,0,0,0,"- ","- ",,,"SAN FRANCISCO","SAN FRANCISCO",-122.39636993408203,37.774646759033203
9377116,2021,2022-01-05,3801,2021-11-03,1739,,RICHM,3,5,7,3801,0,0,0,,0,,"4TH AV","4TH AV 337",0.00,,N,A,-,N,,,,,,,,,,N,4,0,1,2,A,-,21,22106,,N,D,-,A,A,H,-,A,D,0,,,,,Y,,D,22,0,0,1,0,0,0,0,0,0,"- ","- ",,,"SAN FRANCISCO","SAN FRANCISCO",-122.52504730224609,41.644798278808594
9377120,2021,2022-01-05,3801,2021-11-07,1600,1614,MISSI,7,5,7,3801,0,0,0,,0,,"CHURCH ST","15TH ST",134.00,S,N,A,-,N,,,,,,,,,,N,4,0,1,2,A,-,08,22102,,N,D,C,A,A,H,-,A,D,0,,,,,Y,,A,01,0,0,1,0,0,0,0,0,0,"- ","- ",,,"SAN FRANCISCO","SAN FRANCISCO",-122.42877197265625,37.765762329101562
9377242,2021,2021-12-21,3801,2021-09-20,1440,441,TRAFF,1,5,7,3801,0,0,0,,0,NORTHE,"HAYES ST","GOUGH ST",0.00,,Y,A,-,N,,,,,,,,,,N,2,0,1,2,A,-,17,21657,,F,D,C,A,A,H,-,A,A,0,,,,,Y,,M,94,1,0,0,0,0,0,0,0,0,"- ","- ",,,"SAN FRANCISCO","SAN FRANCISCO",-122.42296600341797,37.776878356933594
9377244,2021,2021-12-20,3801,2021-06-01,1031,1846,TENDE,2,5,7,3801,0,0,0,,0,3J13A,"LARKIN ST","WILLOW ST",0.00,,Y,A,-,N,,,,,,,,,,N,4,0,1,2,A,-,10,21950,A,N,G,B,B,A,H,-,A,D,0,Y,,,,Y,,A,01,0,0,1,0,1,0,0,0,0,"- ","- ",,,"SAN FRANCISCO","SAN FRANCISCO",-122.41762542724609,37.783782958984375
9378719,2021,2021-12-21,3801,2021-11-05,1227,4375,TRAFF,5,5,7,3801,0,0,0,,0,4B1F,"LOMBARD ST","DIVISADERO ST",35.00,E,N,A,-,Y,SF,4,101,-,-,7.690,H,-,S,N,2,0,1,2,A,-,09,21804,A,N,D,G,A,A,H,-,A,A,0,,Y,,,Y,,L,04,1,0,0,0,0,0,1,0,0,"- ","- ",,,"SAN FRANCISCO","SAN FRANCISCO",-122.44256591796875,37.798973083496094
9379479,2021,2022-01-26,3801,2021-12-24,1639,302,NORTH,5,5,7,3801,0,0,0,,0,3E11A,"VAN NESS AV","FELL ST",28.00,N,N,A,-,Y,SF,4,101,-,T,4.970,H,-,S,N,4,0,1,2,D,-,00,,,N,B,G,A,A,H,-,B,D,0,,Y,,,Y,,-,"- ",0,0,1,0,0,0,1,0,0,"- ","- ",,,"SAN FRANCISCO","SAN FRANCISCO",-122.41966247558594,37.776706695556641
9379931,2022,2022-02-17,3801,2022-01-19,1446,1052,RICHM,3,5,7,3801,0,0,0,,0,3G11A,"CLEMENT ST","16TH AV",14.00,E,N,A,-,N,,,,,,,,,,Y,4,0,2,2,A,-,12,22450,A,F,D,C,A,A,H,-,A,D,0,,,,,Y,,A,01,0,0,2,0,0,0,0,0,0,"- ","- ",,,"SAN FRANCISCO","SAN FRANCISCO",-122.47518920898438,37.782444000244141
9379935,2022,2022-02-18,3801,2022-01-18,2115,2713,TARAV,2,5,7,3801,0,0,0,,0,"5 CAR","19TH AV","WINSTON DR",0.00,,Y,A,-,Y,SF,4,1,-,-,1.350,I,5,N,Y,3,0,1,2,A,-,12,21453,A,N,F,C,A,A,H,-,C,A,0,,,,,Y,,A,01,0,1,0,0,0,0,0,0,0,"- ","- ",,,"SAN FRANCISCO","SAN FRANCISCO",-122.47480773925781,37.726951599121094
9380627,2021,2022-01-25,3801,2021-12-23,1836,1759,BAYVI,4,5,7,3801,0,0,0,,0,3C11D,"CESAR CHAVEZ ST","MINNESOTA ST",36.00,W,N,A,-,N,,,,,,,,,,N,3,0,1,2,A,-,11,21955,,N,G,B,D,B,H,-,C,D,0,Y,,,,Y,,N,60,0,1,0,0,1,0,0,0,0,"- ","- ",,,"SAN FRANCISCO","SAN FRANCISCO",-122.38959503173828,37.750080108642578
9380628,2021,2022-07-26,3801,2021-12-24,0605,2044,INGLE,5,5,7,3801,0,0,0,,0,3H15E,"OCEAN AV","RT 280",0.00,,Y,C,-,Y,SF,4,280,-,R,1.852,R,4,N,Y,3,0,3,2,A,-,03,22350,,N,C,C,A,B,-,-,B,A,0,,,,,Y,,A,01,0,1,2,0,0,0,0,0,0,"- ",NO,,,"SAN FRANCISCO","SAN FRANCISCO",-122.447265625,37.724113464355469
9380629,2021,2022-01-27,3801,2021-12-24,0246,2708,SOUTH,5,5,7,3801,0,0,0,,0,3B14E,"MARKET ST","GOUGH ST",0.00,,Y,A,C,N,,,,,,,,,,N,4,0,1,2,A,-,12,21453,A,M,G,-,B,B,H,-,C,A,0,Y,,,,Y,,A,01,0,0,1,0,1,0,0,0,0,"- ","- ",,,"SAN FRANCISCO","SAN FRANCISCO",-122.42221069335938,37.772872924804688
9380630,2021,2022-01-25,3801,2021-12-15,1335,624,NORTH,3,5,7,3801,0,0,0,,0,002,WEBSTER,"GROVE ST",0.00,,Y,B,C,N,,,,,,,,,,N,4,0,1,2,A,-,09,21801,A,N,D,G,A,B,-,-,A,A,0,,Y,,,Y,,A,01,0,0,1,0,0,0,1,0,0,"- ","- ",,,"SAN FRANCISCO","SAN FRANCISCO",-122.42974853515625,37.776969909667969
9380631,2021,2022-01-25,3801,2021-12-15,2349,2023,PARK,3,5,7,3801,0,0,0,,0,003,"BAKER ST","MCALLISTER ST",0.00,,Y,C,-,N,,,,,,,,,,Y,4,0,1,2,A,-,12,22450,,N,D,-,A,B,H,-,C,D,0,,,,,Y,,A,01,0,0,1,0,0,0,0,0,0,"- ","- ",,,"SAN FRANCISCO","SAN FRANCISCO",-122.44167327880859,37.777355194091797
9380632,2021,2022-01-25,3801,2021-12-21,1733,4041,TARAV,2,5,7,3801,0,0,0,,0,3I11D,"QUINTARA ST","SUNSET BL",0.00,,Y,C,-,N,,,,,,,,,,N,4,0,1,2,A,-,10,21950,,N,G,B,B,B,H,-,C,A,0,Y,,,,Y,,A,01,0,0,1,0,1,0,0,0,0,"- ","- ",,,"SAN FRANCISCO","SAN FRANCISCO",-122.49491882324219,37.747810363769531
9380633,2021,2022-01-25,3801,2021-12-21,1428,1875,TARAV,2,5,7,3801,0,0,0,,0,3I16B,"JUDAH ST","8TH AV",0.00,,Y,B,-,N,,,,,,,,,,N,3,0,1,2,A,-,09,21804,A,N,D,C,A,B,H,-,A,D,0,,,,,Y,,M,94,0,1,0,0,0,0,0,0,0,"- ","- ",,,"SAN FRANCISCO","SAN FRANCISCO",-122.46512603759766,37.762237548828125
9380635,2021,2022-01-25,3801,2021-12-20,2335,2139,SOUTH,1,5,7,3801,0,0,0,,0,001,"DELANCEY ST","BRANNAN ST",210.00,S,N,A,-,N,,,,,,,,,,N,2,0,1,2,A,-,00,12500,B,N,C,E,A,A,H,-,C,A,0,,,Y,,Y,,C,02,1,0,0,0,0,0,0,0,1,"- ","- ",,,"SAN FRANCISCO","SAN FRANCISCO",-122.38932800292969,37.783195495605469
9380636,2021,2022-01-25,3801,2021-12-20,2145,2459,MISSI,1,5,7,3801,0,0,0,,0,3D14E,"POTRERO AV","25TH ST",25.00,S,N,A,-,N,,,,,,,,,,N,4,0,1,2,A,-,08,22107,,N,B,G,A,A,H,-,C,D,0,,Y,,,Y,,A,01,0,0,1,0,0,0,1,0,0,"- ","- ",,,"SAN FRANCISCO","SAN FRANCISCO",-122.40618896484375,37.751670837402344
9380637,2021,2022-01-25,3801,2021-12-20,1746,2168,CENTR,1,5,7,3801,0,0,0,,0,3A00,"1ST ST","STEVENSON ST",0.00,,Y,A,-,N,,,,,,,,,,N,4,0,1,2,A,-,03,22350,,F,C,C,A,A,H,-,C,A,0,,,,,Y,,-,,0,0,1,0,0,0,0,0,0,"- ","- ",,,"SAN FRANCISCO","SAN FRANCISCO",-122.39859771728516,37.790603637695312
9380638,2021,2022-02-10,3801,2021-12-26,1430,2238,BAYVI,7,5,7,3801,0,0,0,,0,2CAR,"INDUSTRIAL ST","LOOMIS ST",0.00,,Y,C,-,N,,,,,,,,,,Y,3,0,1,2,A,-,09,21800,A,F,D,C,A,B,H,-,A,A,0,,,,,Y,,-,"- ",0,1,0,0,0,0,0,0,0,"- ","- ",,,"SAN FRANCISCO","SAN FRANCISCO",-122.40565490722656,37.738376617431641
9380639,2021,2022-01-25,3801,2021-12-26,1317,4283,RICHM,7,5,7,3801,0,0,0,,0,3G3A,"FULTON ST","7TH AV",0.00,,Y,C,-,N,,,,,,,,,,,4,0,1,2,A,-,00,16029,,N,D,C,A,B,H,-,A,-,0,,,,,Y,,A,01,0,0,1,0,0,0,0,0,0,"- ","- ",,,"SAN FRANCISCO","SAN FRANCISCO",-122.46482849121094,37.773487091064453
9380640,2021,2022-01-25,3801,2021-12-26,0927,1377,INGLE,7,5,7,3801,0,0,0,,0,3H15A,"MISSION ST","REFERENCE POINT",12.00,N,N,B,-,N,,,,,,,,,,Y,4,0,1,2,A,-,09,21804,A,N,D,C,A,B,H,-,A,D,0,,,,,Y,,A,01,0,0,1,0,0,0,0,0,0,"- ","- ",,,"SAN FRANCISCO","SAN FRANCISCO",,
9380641,2021,2022-02-02,3801,2021-12-26,0833,2750,PARK,7,5,7,3801,0,0,0,,0,3F13A,"OAK ST","SHRADER ST",0.00,,Y,B,C,N,,,,,,,,,,N,3,0,1,1,A,-,03,22350,,N,D,I,A,B,H,-,A,A,0,,,,,Y,,A,01,0,1,0,0,0,0,0,0,0,"- ","- ",,,"SAN FRANCISCO","SAN FRANCISCO",-122.45221710205078,37.771228790283203
9380642,2021,2022-01-26,3801,2021-12-25,1801,1352,MISSI,6,5,7,3801,0,0,0,,0,3D11C,"24TH ST","POTRERO ST",0.00,,Y,B,C,N,,,,,,,,,,N,3,0,1,2,A,-,11,21955,,F,A,B,D,B,H,-,C,A,0,Y,,,,Y,,N,60,0,1,0,0,1,0,0,0,0,"- ","- ",,,"SAN FRANCISCO","SAN FRANCISCO",-122.40631866455078,37.752994537353516
9380643,2021,2022-01-26,3801,2021-12-25,1300,4267,TARAV,6,5,7,3801,0,0,0,,0,3I41,"JUDAH ST","16TH AV",0.00,,Y,C,-,N,,,,,,,,,,Y,4,0,1,1,A,-,03,22350,,N,E,I,A,B,H,-,A,D,0,,,,,Y,,A,01,0,0,1,0,0,0,0,0,0,"- ","- ",,,"SAN FRANCISCO","SAN FRANCISCO",-122.47379302978516,37.761913299560547
9380644,2021,2022-01-26,3801,2021-12-25,0610,1917,TARAV,6,5,7,3801,0,0,0,,0,3I16A,"GENEVA AV","SAN JOSE AV",0.00,,Y,C,-,N,,,,,,,,,,N,4,0,3,2,A,-,12,21453,A,F,D,C,A,B,H,-,C,A,0,,,,,Y,,A,01,0,0,3,0,0,0,0,0,0,"- ","- ",,,"SAN FRANCISCO","SAN FRANCISCO",-122.44663238525391,37.720729827880859
9380645,2021,2022-01-26,3801,2021-12-25,0848,1609,RICHM,6,5,7,3801,0,0,0,,0,3G2A,"JOHN F KENNEDY DR","TRANVERSE DR",0.00,,Y,C,-,N,,,,,,,,,,N,3,0,1,2,A,-,12,22450,A,N,G,B,B,B,H,-,A,A,0,Y,,,,Y,,A,01,0,1,0,0,1,0,0,0,0,"- ","- ",,,"SAN FRANCISCO","SAN FRANCISCO",-122.47991943359375,37.770488739013672
9380646,2021,2022-01-26,3801,2021-12-25,0515,1688,BAYVI,6,5,7,3801,0,0,0,,0,,"EVANS AV","3RD ST",40.00,W,N,A,C,N,,,,,,,,,,N,3,0,1,2,D,-,00,,,M,G,B,F,A,H,-,-,D,0,Y,,,,Y,,-,"- ",0,1,0,0,1,0,0,0,0,"- ","- ",,,"SAN FRANCISCO","SAN FRANCISCO",-122.38812255859375,37.742794036865234