CASE_ID,ACCIDENT_YEAR,PROC_DATE,JURIS,COLLISION_DATE,COLLISION_TIME,OFFICER_ID,REPORTING_DISTRICT,DAY_OF_WEEK,CHP_SHIFT,POPULATION,CNTY_CITY_LOC,SPECIAL_COND,BEAT_TYPE,CHP_BEAT_TYPE,CITY_DIVISION_LAPD,CHP_BEAT_CLASS,BEAT_NUMBER,PRIMARY_RD,SECONDARY_RD,DISTANCE,DIRECTION,INTERSECTION,WEATHER_1,WEATHER_2,STATE_HWY_IND,CALTRANS_COUNTY,CALTRANS_DISTRICT,STATE_ROUTE,ROUTE_SUFFIX,POSTMILE_PREFIX,POSTMILE,LOCATION_TYPE,RAMP_INTERSECTION,SIDE_OF_HWY,TOW_AWAY,COLLISION_SEVERITY,NUMBER_KILLED,NUMBER_INJURED,PARTY_COUNT,PRIMARY_COLL_FACTOR,PCF_CODE_OF_VIOL,PCF_VIOL_CATEGORY,PCF_VIOLATION,PCF_VIOL_SUBSECTION,HIT_AND_RUN,TYPE_OF_COLLISION,MVIW,PED_ACTION,ROAD_SURFACE,ROAD_COND_1,ROAD_COND_2,LIGHTING,CONTROL_DEVICE,CHP_ROAD_TYPE,PEDESTRIAN_ACCIDENT,BICYCLE_ACCIDENT,MOTORCYCLE_ACCIDENT,TRUCK_ACCIDENT,NOT_PRIVATE_PROPERTY,ALCOHOL_INVOLVED,STWD_VEHTYPE_AT_FAULT,CHP_VEHTYPE_AT_FAULT,COUNT_SEVERE_INJ,COUNT_VISIBLE_INJ,COUNT_COMPLAINT_PAIN,COUNT_PED_KILLED,COUNT_PED_INJURED,COUNT_BICYCLIST_KILLED,COUNT_BICYCLIST_INJURED,COUNT_MC_KILLED,COUNT_MC_INJURED,PRIMARY_RAMP,SECONDARY_RAMP,LATITUDE,LONGITUDE,COUNTY,CITY,POINT_X,POINT_Y
9380647,2021,2022-01-26,3801,2021-12-24,1615,1669,TENDE,5,5,7,3801,0,0,0,,0,3J14D,"TAYLOR ST","GOLDEN GATE AV",0.00,,Y,B,-,N,,,,,,,,,,N,3,0,1,2,A,-,10,21950,A,F,G,B,B,B,H,-,A,A,0,Y,,,,Y,,A,08,0,1,0,0,1,0,0,0,0,"- ","- ",,,"SAN FRANCISCO","SAN FRANCISCO",-122.41061401367188,37.782394409179688
9380648,2021,2022-01-26,3801,2021-12-24,1519,1207,MISSI,5,5,7,3801,0,0,0,,0,006,"FOLSOM ST","13TH ST",0.00,,Y,A,B,N,,,,,,,,,,N,4,0,2,2,A,-,09,21801,,N,D,C,A,A,H,-,-,A,0,,,,,Y,,A,01,0,0,2,0,0,0,0,0,0,"- ","- ",,,"SAN FRANCISCO","SAN FRANCISCO",-122.41558837890625,37.769515991210938
9380649,2021,2022-01-26,3801,2021-12-24,1321,4356,INGLE,5,5,7,3801,0,0,0,,0,3H11C,"MISSION ROCK ST","29TH ST",64.00,N,N,A,-,N,,,,,,,,,,N,4,0,1,3,A,-,03,22350,,N,C,C,A,A,-,-,A,A,0,,,,,Y,,A,01,0,0,1,0,0,0,0,0,0,"- ","- ",,,"SAN FRANCISCO","SAN FRANCISCO",-122.42081451416016,37.744235992431641
9380650,2021,2022-01-26,3801,2021-12-23,1612,1033,TENDE,4,5,7,3801,0,0,0,,0,3J13D,"LARKIN ST","TURK ST",70.00,N,N,A,-,N,,,,,,,,,,N,2,0,1,2,A,-,08,22107,,F,B,C,A,B,H,-,A,D,0,,,Y,,Y,,A,07,1,0,0,0,0,0,0,0,1,"- ","- ",,,"SAN FRANCISCO","SAN FRANCISCO",-122.41737365722656,37.782569885253906
9380651,2021,2022-01-26,3801,2021-12-23,1417,1109,INGLE,4,5,7,3801,0,0,0,,0,3H5C,"PERSIA AV",NAPLES,0.00,,Y,C,-,N,,,,,,,,,,N,3,0,1,2,A,-,17,21200,A,N,B,G,A,B,H,-,A,A,0,,Y,,,Y,,L,04,0,1,0,0,0,0,1,0,0,"- ","- ",,,"SAN FRANCISCO","SAN FRANCISCO",-122.43121337890625,37.720863342285156
9380652,2021,2022-01-26,3801,2021-12-23,1339,2237,SOUTH,4,5,7,3801,0,0,0,,0,00B,"HOWARD ST","WASHBURN ST",0.00,,Y,B,-,N,,,,,,,,,,N,3,0,1,2,A,-,05,21651,B,N,G,B,A,B,H,-,A,A,0,,,Y,,Y,,C,03,0,1,0,0,0,0,0,0,1,"- ","- ",,,"SAN FRANCISCO","SAN FRANCISCO",-122.41359710693359,37.774654388427734
9380653,2021,2022-01-26,3801,2021-12-03,1823,2489,SOUTH,5,5,7,3801,0,0,0,,0,3B14D,"3RD ST","TOWNSEND ST",0.00,,Y,A,-,N,,,,,,,,,,N,3,0,1,2,A,-,08,22107,,N,B,G,A,A,H,-,C,A,0,,Y,,,Y,Y,L,04,0,1,0,0,0,0,1,0,0,"- ","- ",,,"SAN FRANCISCO","SAN FRANCISCO",-122.39275360107422,37.778858184814453
9380654,2021,2022-02-03,3801,2021-12-03,1723,2740,CENTR,5,5,7,3801,0,0,0,,0,0A1,"LARKIN ST","CLAY ST",12.00,S,N,A,-,N,,,,,,,,,,N,3,0,1,2,A,-,10,21950,A,F,A,B,D,A,H,-,B,A,0,Y,,,,Y,,A,01,0,1,0,0,1,0,0,0,0,"- ","- ",,,"SAN FRANCISCO","SAN FRANCISCO",-122.41940307617188,37.792556762695312
9380655,2021,2022-01-26,3801,2021-12-02,1400,863,PARK,4,5,7,3801,0,0,0,,0,,"6TH AV",JUDAH,0.00,,Y,A,-,N,,,,,,,,,,N,3,0,1,2,A,-,10,21950,,N,G,B,B,A,H,-,A,D,0,Y,,,,Y,,A,01,0,1,0,0,1,0,0,0,0,"- ","- ",,,"SAN FRANCISCO","SAN FRANCISCO",-122.46296691894531,37.762344360351562
9380656,2021,2022-01-26,3801,2021-12-10,1401,4027,BAYVI,5,5,7,3801,0,0,0,,0,3C15A,"PHELPS ST","OAKDALE AV",0.00,,Y,A,-,N,,,,,,,,,,Y,4,0,1,2,A,-,09,21800,A,N,B,C,A,A,H,-,A,A,0,,,,,Y,,A,01,0,0,1,0,0,0,0,0,0,"- ","- ",,,"SAN FRANCISCO","SAN FRANCISCO",-122.39408874511719,37.736721038818359
9380657,2021,2022-01-26,3801,2021-12-10,0412,1308,SOUTH,5,5,7,3801,0,0,0,,0,3B14E,"HOWARD ST","5TH ST",60.00,E,N,A,-,N,,,,,,,,,,Y,4,0,1,2,A,-,03,22350,,N,C,E,A,A,H,-,C,A,0,,,,,Y,Y,A,01,0,0,1,0,0,0,0,0,0,"- ","- ",,,"SAN FRANCISCO","SAN FRANCISCO",-122.40478515625,37.781627655029297
9380658,2021,2022-01-26,3801,2021-12-03,0730,118,MISSI,5,5,7,3801,0,0,0,,0,3D15A,"MISSION ST","14TH ST",129.00,S,N,B,-,N,,,,,,,,,,N,4,0,1,2,A,-,08,22102,,F,B,C,A,A,H,-,A,D,0,,,Y,,Y,,-,,0,0,1,0,0,0,0,0,1,"- ","- ",,,"SAN FRANCISCO","SAN FRANCISCO",-122.41993713378906,37.767936706542969
9380659,2021,2022-01-26,3801,2021-12-01,1803,1878,MISSI,3,5,7,3801,0,0,0,,0,0D6,"DIVISION ST","PORTERO AV",0.00,,Y,A,-,N,,,,,,,,,,N,4,0,1,2,A,-,09,21801,A,N,-,C,A,-,H,-,C,A,0,,,,,Y,,A,01,0,0,1,0,0,0,0,0,0,"- ","- ",,,"SAN FRANCISCO","SAN FRANCISCO",-122.40834045410156,37.769203186035156
9380662,2021,2022-01-25,3801,2021-12-15,0909,1250,SOUTH,3,5,7,3801,0,0,0,,0,3B14A,"MISSION ST","10TH ST",0.00,,Y,A,-,N,,,,,,,,,,N,4,0,1,2,A,-,10,21950,A,N,G,B,B,B,H,-,A,A,0,Y,,,,Y,,A,01,0,0,1,0,1,0,0,0,0,"- ","- ",,,"SAN FRANCISCO","SAN FRANCISCO",-122.41590881347656,37.775276184082031
9380663,2021,2022-01-27,3801,2021-12-14,1336,1316,RICHM,2,5,7,3801,0,0,0,,0,3G14A,"CALIFORNIA ST","27TH AV",0.00,,Y,A,-,N,,,,,,,,,,Y,4,0,3,2,A,-,09,21802,A,N,D,C,A,A,H,-,A,A,0,,,,,Y,,A,01,0,0,3,0,0,0,0,0,0,"- ","- ",,,"SAN FRANCISCO","SAN FRANCISCO",-122.48715209960938,37.783790588378906
9380664,2021,2023-06-21,3801,2021-12-14,1745,4358,BAYVI,2,5,7,3801,0,0,0,,0,,"SILLIMAN ST","GIRARD ST",0.00,,Y,C,-,N,,,,,,,,,,N,3,0,1,2,A,-,10,21950,A,N,G,B,B,B,H,-,C,A,0,Y,,,,Y,,A,01,0,1,0,0,1,0,0,0,0,"- ","- ",,,"SAN FRANCISCO","SAN FRANCISCO",-122.40608978271484,37.730979919433594
9380666,2021,2022-01-25,3801,2021-12-20,0422,1042,TENDE,1,5,7,3801,0,0,0,,0,3J14E,"SOUTH VAN NESS","DIVISION ST",0.00,,Y,A,-,N,,,,,,,,,,Y,3,0,1,2,A,-,12,21453,A,M,D,C,A,A,H,-,C,A,0,,,,,Y,,A,01,0,1,0,0,0,0,0,0,0,"- ","- ",,,"SAN FRANCISCO","SAN FRANCISCO",,
9380667,2021,2022-02-02,3801,2021-12-22,1806,1534,INGLE,3,5,7,3801,0,0,0,,0,3H11D,"CORLAND AV","PROSPECT AV",0.00,,Y,A,C,N,,,,,,,,,,N,4,0,1,2,A,-,17,21200,A,N,B,G,A,B,H,-,C,-,0,,Y,,,Y,,L,04,0,0,1,0,0,0,1,0,0,"- ","- ",,,"SAN FRANCISCO","SAN FRANCISCO",-122.42082214355469,37.740222930908203
9380668,2021,2022-01-25,3801,2021-12-22,1520,2337,INGLE,3,5,7,3801,0,0,0,,0,3H3C,"SAN JOSE AV","OCEAN AV",0.00,,Y,B,-,N,,,,,,,,,,N,4,0,1,2,A,-,09,21800,A,N,D,C,A,B,H,-,A,A,0,,,,,Y,,A,07,0,0,1,0,0,0,0,0,0,"- ","- ",,,"SAN FRANCISCO","SAN FRANCISCO",-122.44480895996094,37.722934722900391
9380669,2021,2022-01-25,3801,2021-12-22,1523,1523,MISSI,3,5,7,3801,0,0,0,,0,3D13D,"PORTOLA DR","CLIPPER ST",0.00,,Y,C,-,N,,,,,,,,,,N,3,0,3,2,A,-,09,21801,A,N,A,C,A,B,H,-,A,A,0,,,,,Y,,A,01,0,1,2,0,0,0,0,0,0,"- ","- ",,,"SAN FRANCISCO","SAN FRANCISCO",-122.44483947753906,37.746936798095703
9380670,2021,2022-02-16,3801,2021-12-22,2323,250,MISSI,3,5,7,3801,0,0,0,,0,3D15E,"MISSION ST","18TH ST",12.00,N,N,A,-,N,,,,,,,,,,N,4,0,1,2,A,-,08,22107,A,M,D,-,A,B,H,-,C,A,0,,,,,Y,Y,A,01,0,0,1,0,0,0,0,0,0,"- ","- ",,,"SAN FRANCISCO","SAN FRANCISCO",-122.41937255859375,37.761871337890625
9380749,2021,2022-01-21,3801,2021-12-24,0830,2130,BAYVI,5,5,7,3801,0,0,0,,0,3C13A,"MENDELL ST","MENDELL ST 500",0.00,,N,A,-,N,,,,,,,,,,N,4,0,1,2,A,-,11,21456,A,N,B,C,A,B,H,-,A,D,0,,,Y,,Y,,C,06,0,0,1,0,0,0,0,0,0,"- ","- ",,,"SAN FRANCISCO","SAN FRANCISCO",,
9380755,2021,2022-01-21,3801,2021-12-25,2357,2459,MISSI,6,5,7,3801,0,0,0,,0,3D11E,"CASTRO ST","18TH ST",237.00,N,N,C,-,N,,,,,,,,,,Y,4,0,1,2,A,-,03,22350,,N,A,I,A,B,H,-,C,D,0,,,,,Y,,-,,0,0,1,0,0,0,0,0,0,"- ","- ",,,"SAN FRANCISCO","SAN FRANCISCO",-122.43505859375,37.761539459228516
9380756,2021,2022-01-21,3801,2021-12-25,2105,1783,BAYVI,6,5,7,3801,0,0,0,,0,3C15E,"ARMSTRONG AV","3RD ST",0.00,,Y,C,-,N,,,,,,,,,,Y,4,0,3,2,A,-,03,22350,,N,D,C,A,B,H,-,C,A,0,,,,,Y,,A,01,0,0,3,0,0,0,0,0,0,"- ","- ",,,"SAN FRANCISCO","SAN FRANCISCO",-122.39366912841797,37.727035522460938
9380900,2021,2022-02-02,3801,2021-12-23,2238,250,MISSI,4,5,7,3801,0,0,0,,0,3D15E,"16TH ST","POTRERO AV",0.00,,Y,C,-,N,,,,,,,,,,Y,4,0,1,2,A,-,12,21453,A,N,D,C,A,B,H,-,C,A,0,,,,,Y,Y,A,01,0,0,1,0,0,0,0,0,0,"- ","- ",,,"SAN FRANCISCO","SAN FRANCISCO",-122.40756225585938,37.765773773193359
9380901,2021,2022-01-25,3801,2021-12-24,1720,1096,CENTR,5,5,7,3801,0,0,0,,0,3A13D,"TAYLOR ST","NORTHPOINT ST",25.00,N,N,C,-,N,,,,,,,,,,N,4,0,1,2,A,-,00,21954,,N,A,B,D,B,H,-,C,A,0,Y,,,,Y,,N,60,0,0,1,0,1,0,0,0,0,"- ","- ",,,"SAN FRANCISCO","SAN FRANCISCO",-122.41545104980469,37.806427001953125
9380903,2021,2022-02-11,3801,2021-12-08,0810,574,MISSI,3,5,7,3801,0,0,0,,0,3D13A,"CESAR CHAVEZ ST","HARRISON ST",100.00,W,N,A,-,N,,,,,,,,,,Y,4,0,1,2,A,-,03,22350,,N,C,C,A,A,H,-,A,A,0,,,,Y,Y,,A,07,0,0,1,0,0,0,0,0,0,"- ","- ",,,"SAN FRANCISCO","SAN FRANCISCO",-122.41185760498047,37.74835205078125
9380904,2021,2022-02-11,3801,2021-12-03,1733,2730,SOUTH,5,5,7,3801,0,0,0,,0,3B13D,"6TH ST","FOLSOM ST",0.00,,Y,A,-,N,,,,,,,,,,N,4,0,1,2,B,-,22,,,N,C,E,A,A,H,-,C,A,0,,,,,Y,,D,22,0,0,1,0,0,0,0,0,0,"- ","- ",,,"SAN FRANCISCO","SAN FRANCISCO",-122.40560150146484,37.778499603271484
9380905,2021,2022-01-25,3801,2021-12-10,0700,2402,TARAV,5,5,7,3801,0,0,0,,0,3I16A,"SAN JOSE AV","SICKLES AV",0.00,,Y,A,-,N,,,,,,,,,,Y,4,0,2,3,A,-,12,21453,A,N,D,C,A,A,H,-,A,A,0,,,,,Y,,A,01,0,0,2,0,0,0,0,0,0,"- ","- ",,,"SAN FRANCISCO","SAN FRANCISCO",-122.45581817626953,37.71124267578125
9381790,2021,2022-01-24,3801,2021-10-04,1438,1507,SOUTH,1,5,7,3801,0,0,0,,0,14A,"9TH  ST","MINNA ST",30.00,N,N,A,-,N,,,,,,,,,,N,4,0,1,2,A,-,08,22100,A,N,C,C,A,A,H,-,A,A,0,,,,,Y,,A,01,0,0,1,0,0,0,0,0,0,"- ","- ",,,"SAN FRANCISCO","SAN FRANCISCO",-122.41424560546875,37.775859832763672
9382190,2021,2021-12-29,3801,2021-11-12,1406,1418,TARAV,5,5,7,3801,0,0,0,,0,0I3,"NORIEGA ST","SUNSET BL",0.00,,Y,A,-,N,,,,,,,,,,Y,3,0,2,3,A,-,09,21800,D,N,D,C,A,A,H,-,A,B,0,,,,,Y,,A,01,0,1,1,0,0,0,0,0,0,"- ","- ",,,"SAN FRANCISCO","SAN FRANCISCO",-122.49531555175781,37.753433227539062
9382191,2021,2021-12-31,3801,2021-11-12,1103,77,TENDE,5,5,7,3801,0,0,0,,0,3J13A,"LEAVENWORTH ST","TURK ST",70.00,S,N,A,-,N,,,,,,,,,,N,4,0,1,4,A,-,07,21658,A,F,B,C,A,A,H,-,A,A,0,,,,,Y,,A,01,0,0,1,0,0,0,0,0,0,"- ","- ",,,"SAN FRANCISCO","SAN FRANCISCO",-122.41400146484375,37.782608032226562
9382195,2021,2021-12-29,3801,2021-11-05,1609,2021,NORTH,5,5,7,3801,0,0,0,,0,3E14D,"CALIFORNIA ST","BUCHANAN ST",120.00,E,N,A,-,N,,,,,,,,,,Y,4,0,2,2,A,-,09,21804,A,N,A,C,A,A,H,-,A,D,0,,,,,Y,,A,01,0,0,2,0,0,0,0,0,0,"- ","- ",,,"SAN FRANCISCO","SAN FRANCISCO",-122.43013000488281,37.789363861083984
9382252,2021,2021-12-27,3801,2021-11-16,1835,2113,SOUTH,2,5,7,3801,0,0,0,,0,3B13D,"2ND ST","MISSION ST",0.00,,Y,A,-,N,,,,,,,,,,N,4,0,1,2,A,-,08,22101,D,N,H,A,A,A,H,-,A,A,0,,,,,Y,,A,01,0,0,1,0,0,0,0,0,0,"- ","- ",,,"SAN FRANCISCO","SAN FRANCISCO",-122.39978790283203,37.788013458251953
9382253,2021,2021-12-27,3801,2021-11-06,1354,2039,TARAV,6,5,7,3801,0,0,0,,0,005,"19TH AV","EUCALYPTUS DR",0.00,,Y,A,-,N,,,,,,,,,,N,4,0,1,2,A,-,10,21950,A,N,G,B,B,A,H,-,A,A,0,Y,,,,Y,,A,01,0,0,1,0,1,0,0,0,0,"- ","- ",,,"SAN FRANCISCO","SAN FRANCISCO",-122.47486877441406,37.7310791015625
9382254,2021,2021-12-27,3801,2021-11-16,0915,640,MISSI,2,5,7,3801,0,0,0,,0,3D16C,"DUBOCE AV","MISSION ST",0.00,,Y,A,-,N,,,,,,,,,,N,4,0,1,2,A,-,03,22350,,F,C,C,A,A,H,-,A,A,0,,,,,Y,,A,08,0,0,1,0,0,0,0,0,0,"- ","- ",,,"SAN FRANCISCO","SAN FRANCISCO",-122.42018127441406,37.769992828369141
9382255,2021,2021-12-27,3801,2021-11-12,2045,2342,NORTH,5,5,7,3801,0,0,0,,0,3E15D,"LAGUNA ST","BAY ST",42.00,N,N,A,-,N,,,,,,,,,,Y,4,0,1,2,A,-,01,23153,A,N,B,C,A,A,H,-,C,D,0,,,,,Y,Y,A,01,0,0,1,0,0,0,0,0,0,"- ","- ",,,"SAN FRANCISCO","SAN FRANCISCO",-122.43170166015625,37.803394317626953
9382256,2021,2022-01-08,3801,2021-11-12,1745,969,MISSI,5,5,7,3801,0,0,0,,0,3D16D,"17TH ST","HARRISON ST",0.00,,Y,A,-,N,,,,,,,,,,N,3,0,1,2,A,-,00,21807,A,N,D,G,A,A,H,-,C,A,0,,Y,,,Y,,A,01,0,1,0,0,0,0,1,0,0,"- ","- ",,,"SAN FRANCISCO","SAN FRANCISCO",-122.41303253173828,37.764091491699219
9382257,2021,2021-12-27,3801,2021-11-12,1720,1759,BAYVI,5,5,7,3801,0,0,0,,0,3C14D,"BAYSHORE BL","JERROLD ST",400.00,W,N,A,-,N,,,,,,,,,,Y,2,0,1,2,A,-,07,21658,A,N,B,C,A,A,H,-,C,D,0,,,Y,,Y,,C,02,1,0,0,0,0,0,0,0,1,"- ","- ",37.747848510742188,-122.40377807617188,"SAN FRANCISCO","SAN FRANCISCO",-122.40401458740234,37.746337890625
9382258,2021,2021-12-27,3801,2021-11-08,1753,4047,MISSI,1,5,7,3801,0,0,0,,0,3DD1,"CESAR CHAVEZ ST","FOLSOM ST",20.00,E,N,C,-,N,,,,,,,,,,Y,4,0,2,3,A,-,04,21703,,N,C,C,A,B,H,-,C,A,0,,,,,Y,,A,01,0,0,2,0,0,0,0,0,0,"- ","- ",,,"SAN FRANCISCO","SAN FRANCISCO",-122.41361236572266,37.748310089111328
9382259,2021,2021-12-27,3801,2021-11-08,1620,1810,MISSI,1,5,7,3801,0,0,0,,0,3D13D,"HARRISON ST","21ST ST",0.00,,Y,B,-,N,,,,,,,,,,N,4,0,1,2,A,-,04,21703,,N,C,G,A,A,H,-,A,A,0,,Y,,,Y,,L,04,0,0,1,0,0,0,1,0,0,"- ","- ",,,"SAN FRANCISCO","SAN FRANCISCO",-122.41237640380859,37.7574462890625
9382260,2021,2021-12-27,3801,2021-11-08,1411,4124,INGLE,1,5,7,3801,0,0,0,,0,INGLES,"ROLPH ST","ATHENS ST",0.00,,-,A,-,N,,,,,,,,,,Y,4,0,2,2,A,-,03,22350,,F,C,C,A,A,H,-,A,A,0,,,,,Y,,A,01,0,0,2,0,0,0,0,0,0,"- ","- ",,,"SAN FRANCISCO","SAN FRANCISCO",-122.43498992919922,37.712799072265625
9382381,2021,2021-12-30,3801,2021-11-12,0723,1388,TARAV,5,5,7,3801,0,0,0,,0,3I15A,"32ND AV","ORTEGA ST",0.00,,Y,A,-,N,,,,,,,,,,N,3,0,1,2,A,-,"- ",,,N,G,B,B,A,H,-,A,A,0,Y,,,,Y,,-,"- ",0,1,0,0,1,0,0,0,0,"- ","- ",,,"SAN FRANCISCO","SAN FRANCISCO",-122.49027252197266,37.751777648925781
9382382,2021,2021-12-30,3801,2021-11-12,0311,2023,PARK,5,5,7,3801,0,0,0,,0,001,"LINCOLN WY","KEZAR DR",0.00,,Y,A,-,N,,,,,,,,,,N,2,0,1,1,A,-,03,22350,,N,E,I,A,A,H,-,C,D,0,,,,,Y,Y,M,94,1,0,0,0,0,0,0,0,0,"- ","- ",,,"SAN FRANCISCO","SAN FRANCISCO",-122.4605712890625,37.766178131103516
9382383,2021,2021-12-30,3801,2021-11-12,0105,451,MISSI,5,5,7,3801,0,0,0,,0,,"17TH ST","CAPP ST",24.00,E,N,A,-,N,,,,,,,,,,N,4,0,1,2,A,-,11,21950,B,N,G,B,B,-,H,-,C,A,0,Y,,,,Y,Y,-,"- ",0,0,1,0,1,0,0,0,0,"- ","- ",,,"SAN FRANCISCO","SAN FRANCISCO",-122.41844940185547,37.76348876953125
9382384,2021,2021-12-30,3801,2021-11-11,2115,2741,INGLE,4,5,7,3801,0,0,0,,0,901,"ARLETA AV","ALPHA ST",145.00,E,N,A,-,N,,,,,,,,,,Y,4,0,1,3,A,-,08,22107,,N,B,E,A,A,H,-,C,D,0,,,,,Y,,A,01,0,0,1,0,0,0,0,0,0,"- ","- ",,,"SAN FRANCISCO","SAN FRANCISCO",-122.40441131591797,37.713058471679688
9382385,2021,2021-12-30,3801,2021-11-10,1747,2085,RICHM,3,5,7,3801,0,0,0,,0,3G14D,"25TH AV","SCENIC WY",0.00,,Y,A,-,N,,,,,,,,,,N,3,0,1,2,A,-,03,22350,,M,G,B,E,A,H,-,D,D,0,Y,,,,Y,,M,94,0,1,0,0,1,0,0,0,0,"- ","- ",,,"SAN FRANCISCO","SAN FRANCISCO",-122.48531341552734,37.788318634033203
9382386,2021,2021-12-30,3801,2021-11-11,1942,801,SOUTH,4,5,7,3801,0,0,0,,0,0B5,"7TH ST","TOWNSEND ST",0.00,,Y,A,-,N,,,,,,,,,,N,4,0,1,1,A,-,03,22350,,N,H,J,A,A,H,-,C,A,0,,,,,Y,,M,94,0,0,1,0,0,0,0,0,0,"- ","- ",,,"SAN FRANCISCO","SAN FRANCISCO",-122.40165710449219,37.771831512451172
9382387,2021,2021-12-30,3801,2021-11-11,1602,1147,TENDE,4,5,7,3801,0,0,0,,0,3J13D,"TURK ST","HYDE ST",0.00,,Y,A,-,N,,,,,,,,,,N,3,0,1,2,A,-,17,21657,,N,B,J,A,A,H,-,A,A,0,,,,,Y,Y,-,,0,1,0,0,0,0,0,0,0,"- ","- ",,,"SAN FRANCISCO","SAN FRANCISCO",-122.41569519042969,37.782566070556641
9382388,2021,2021-12-30,3801,2021-11-11,1329,4307,NORTH,4,5,7,3801,0,0,0,,0,3E12A,"TURK ST","PIERCE ST",0.00,,Y,A,-,N,,,,,,,,,,N,3,0,1,2,A,-,03,22350,,N,D,C,A,A,H,-,A,A,0,,,,,Y,,M,94,0,1,0,0,0,0,0,0,0,"- ","- ",,,"SAN FRANCISCO","SAN FRANCISCO",-122.4354248046875,37.780082702636719
9382389,2021,2021-12-30,3801,2021-11-10,2033,1669,TENDE,3,5,7,3801,0,0,0,,0,3J14D,"MARKET ST","10TH ST",0.00,,Y,A,-,N,,,,,,,,,,N,3,0,1,2,A,-,08,22107,,N,B,C,A,A,H,-,C,A,0,,,Y,,Y,Y,A,01,0,1,0,0,0,0,0,0,1,"- ","- ",,,"SAN FRANCISCO","SAN FRANCISCO",-122.41753387451172,37.776527404785156
9382390,2021,2021-12-30,3801,2021-11-10,1716,2718,BAYVI,3,5,7,3801,0,0,0,,0,3C11D,"INGALIS ST","REVERE AV",19.00,S,N,A,-,N,,,,,,,,,,N,4,0,1,2,A,-,04,21703,,N,C,C,A,A,H,-,C,D,0,,,,,Y,,A,01,0,0,1,0,0,0,0,0,0,"- ","- ",,,"SAN FRANCISCO","SAN FRANCISCO",-122.38459777832031,37.728446960449219
9382391,2021,2021-12-30,3801,2021-11-03,1415,4798,NORTH,3,5,7,3801,0,0,0,,0,3E00D,"POST ST","BRODERICK ST",180.00,E,N,A,-,N,,,,,,,,,,N,3,0,1,2,A,-,17,21209,A,F,C,C,A,A,H,-,A,A,0,,,,,Y,,A,01,0,1,0,0,0,0,0,0,0,"- ","- ",,,"SAN FRANCISCO","SAN FRANCISCO",-122.44073486328125,37.784168243408203
9382392,2021,2021-12-30,3801,2021-11-10,0945,1609,RICHM,3,5,7,3801,0,0,0,,0,3G2A,"25TH AV","CALIFORNIA ST",250.00,S,N,A,-,N,,,,,,,,,,N,4,0,1,2,A,-,05,21650,1,N,D,G,A,A,H,-,A,A,0,,Y,,,Y,,L,04,0,0,1,0,0,0,1,0,0,"- ","- ",,,"SAN FRANCISCO","SAN FRANCISCO",-122.48496246337891,37.783195495605469
9382393,2021,2021-12-30,3801,2021-11-09,0000,,SOUTH,2,5,7,3801,0,0,0,,0,0B2,"5TH ST","FOLSOM ST",0.00,,Y,A,-,N,,,,,,,,,,N,4,0,1,2,A,-,10,21952,,F,G,B,E,A,H,-,C,A,0,Y,,Y,,Y,,C,02,0,0,1,0,1,0,0,0,0,"- ","- ",,,"SAN FRANCISCO","SAN FRANCISCO",-122.40340423583984,37.7802734375
9382394,2021,2021-12-30,3801,2021-11-18,1115,282,TARAV,4,5,7,3801,0,0,0,,0,3I1A,"15TH AV","15TH AV 1267",0.00,,-,C,-,N,,,,,,,,,,N,4,0,1,2,A,-,06,21750,A,N,B,C,A,B,H,-,A,D,0,,,,,Y,,-,,0,0,1,0,0,0,0,0,0,"- ","- ",,,"SAN FRANCISCO","SAN FRANCISCO",-122.47441864013672,37.7869873046875
9382395,2021,2021-12-29,3801,2021-11-21,2108,2498,SOUTH,7,5,7,3801,0,0,0,,0,3B14E,"MISSION ST","7TH ST",0.00,,Y,A,-,N,,,,,,,,,,N,2,0,1,2,A,-,12,21453,A,F,G,B,B,A,H,-,C,A,0,Y,,,,Y,,A,01,1,0,0,0,1,0,0,0,0,"- ","- ",,,"SAN FRANCISCO","SAN FRANCISCO",-122.41089630126953,37.779209136962891
9382396,2021,2022-02-01,3801,2021-11-21,2003,200,INGLE,7,5,7,3801,0,0,0,,0,3H13D,"ALEMANY BL",CONGDON,0.00,,Y,A,-,N,,,,,,,,,,Y,3,0,1,2,A,-,17,21657,,N,A,C,A,A,H,-,C,A,0,,,,,Y,,A,01,0,1,0,0,0,0,0,0,0,"- ","- ",,,"SAN FRANCISCO","SAN FRANCISCO",-122.42619323730469,37.731166839599609
9382397,2021,2021-12-30,3801,2021-11-21,1922,2132,PARK,7,5,7,3801,0,0,0,,0,3F4D,"FREDERICK ST","MASONIC AV",0.00,,Y,A,-,N,,,,,,,,,,N,3,0,1,2,A,-,10,21950,A,N,G,B,-,A,H,-,C,A,0,Y,,,,Y,,A,01,0,1,0,0,1,0,0,0,0,"- ","- ",,,"SAN FRANCISCO","SAN FRANCISCO",-122.44473266601562,37.767429351806641
9382398,2021,2021-12-30,3801,2021-11-21,1408,A22051,CENTR,7,5,7,3801,0,0,0,,0,3A14A,"THE EMBARCADERO NORTH","WASHINGTON ST",444.00,N,N,A,-,N,,,,,,,,,,N,2,0,1,2,A,-,08,22107,,N,D,G,A,A,H,-,A,D,0,,Y,,,Y,,A,01,1,0,0,0,0,0,1,0,0,"- ","- ",,,"SAN FRANCISCO","SAN FRANCISCO",-122.39643096923828,37.797641754150391
9382399,2021,2021-12-30,3801,2021-11-21,1250,1359,INGLE,7,5,7,3801,0,0,0,,0,3H16A,"MISSION ST","GENEVA AV",0.00,,Y,A,-,N,,,,,,,,,,N,2,0,1,2,A,-,09,21801,A,N,H,A,A,A,-,-,A,A,0,,,Y,,Y,,A,01,1,0,0,0,0,0,0,0,1,"- ","- ",,,"SAN FRANCISCO","SAN FRANCISCO",-122.44100189208984,37.716388702392578