CASE_ID,ACCIDENT_YEAR,PROC_DATE,JURIS,COLLISION_DATE,COLLISION_TIME,OFFICER_ID,REPORTING_DISTRICT,DAY_OF_WEEK,CHP_SHIFT,POPULATION,CNTY_CITY_LOC,SPECIAL_COND,BEAT_TYPE,CHP_BEAT_TYPE,CITY_DIVISION_LAPD,CHP_BEAT_CLASS,BEAT_NUMBER,PRIMARY_RD,SECONDARY_RD,DISTANCE,DIRECTION,INTERSECTION,WEATHER_1,WEATHER_2,STATE_HWY_IND,CALTRANS_COUNTY,CALTRANS_DISTRICT,STATE_ROUTE,ROUTE_SUFFIX,POSTMILE_PREFIX,POSTMILE,LOCATION_TYPE,RAMP_INTERSECTION,SIDE_OF_HWY,TOW_AWAY,COLLISION_SEVERITY,NUMBER_KILLED,NUMBER_INJURED,PARTY_COUNT,PRIMARY_COLL_FACTOR,PCF_CODE_OF_VIOL,PCF_VIOL_CATEGORY,PCF_VIOLATION,PCF_VIOL_SUBSECTION,HIT_AND_RUN,TYPE_OF_COLLISION,MVIW,PED_ACTION,ROAD_SURFACE,ROAD_COND_1,ROAD_COND_2,LIGHTING,CONTROL_DEVICE,CHP_ROAD_TYPE,PEDESTRIAN_ACCIDENT,BICYCLE_ACCIDENT,MOTORCYCLE_ACCIDENT,TRUCK_ACCIDENT,NOT_PRIVATE_PROPERTY,ALCOHOL_INVOLVED,STWD_VEHTYPE_AT_FAULT,CHP_VEHTYPE_AT_FAULT,COUNT_SEVERE_INJ,COUNT_VISIBLE_INJ,COUNT_COMPLAINT_PAIN,COUNT_PED_KILLED,COUNT_PED_INJURED,COUNT_BICYCLIST_KILLED,COUNT_BICYCLIST_INJURED,COUNT_MC_KILLED,COUNT_MC_INJURED,PRIMARY_RAMP,SECONDARY_RAMP,LATITUDE,LONGITUDE,COUNTY,CITY,POINT_X,POINT_Y
9396422,2022,2022-06-14,3801,2022-05-16,1406,2465,TENDE,1,5,7,3801,0,0,0,,0,3J91D,"WILLOW ST","LARKIN ST",50.00,W,N,A,-,N,,,,,,,,,,N,4,0,1,2,A,-,21,22106,,N,C,A,A,A,H,-,A,D,0,,,,,Y,,M,96,0,0,1,0,0,0,0,0,0,"- ","- ",,,"SAN FRANCISCO","SAN FRANCISCO",-122.41779327392578,37.783756256103516
9396424,2022,2022-06-14,3801,2022-05-14,1145,1540,TARAV,6,5,7,3801,0,0,0,,0,3I15A,"LAKE MERCED BL","LIGHT POST # N282 400 C",143.00,W,N,A,-,N,,,,,,,,,,N,4,0,1,2,A,-,21,22106,,N,C,-,A,A,H,-,A,A,0,,,,,Y,,A,07,0,0,1,0,0,0,0,0,0,"- ","- ",,,"SAN FRANCISCO","SAN FRANCISCO",,
9396425,2022,2022-06-14,3801,2022-05-17,1848,1160,SOUTH,2,5,7,3801,0,0,0,,0,0B1,"HOWARD ST","BEALE ST",0.00,,Y,A,-,N,,,,,,,,,,Y,2,0,2,2,A,-,12,21453,A,N,D,C,A,A,H,-,A,C,0,,,Y,,Y,,-,"- ",1,0,1,0,0,0,0,0,1,"- ","- ",,,"SAN FRANCISCO","SAN FRANCISCO",-122.39427947998047,37.789920806884766
9396426,2022,2022-06-14,3801,2022-05-17,1810,2733,SOUTH,2,5,7,3801,0,0,0,,0,0B4,"9TH ST","BRYANT ST",0.00,,Y,A,-,N,,,,,,,,,,N,3,0,1,2,A,-,10,21950,,F,G,B,B,A,H,-,A,A,0,Y,,,,Y,Y,-,,0,1,0,0,1,0,0,0,0,"- ","- ",,,"SAN FRANCISCO","SAN FRANCISCO",-122.40853118896484,37.771289825439453
9396434,2022,2022-06-15,3801,2022-05-14,0337,359,TARAV,6,5,7,3801,0,0,0,,0,3I2D,"SAGAMORE ST","ORIZABA AV",49.00,E,N,A,-,N,,,,,,,,,,Y,4,0,2,1,A,-,03,22350,,N,E,I,A,A,H,-,C,A,0,,,,,Y,,A,07,0,0,2,0,0,0,0,0,0,"- ","- ",,,"SAN FRANCISCO","SAN FRANCISCO",-122.46241760253906,37.711399078369141
9396435,2022,2022-06-16,3801,2022-05-13,0437,577,TARAV,5,5,7,3801,0,0,0,,0,0I4,"PORTAL DR","KENSINGTON WY",112.00,S,N,A,-,N,,,,,,,,,,Y,4,0,1,1,C,-,18,,,N,F,A,A,A,G,-,C,D,0,,,Y,,Y,,-,"- ",0,0,1,0,0,0,0,0,1,"- ","- ",,,"SAN FRANCISCO","SAN FRANCISCO",,
9396436,2022,2022-06-15,3801,2022-05-11,1145,1870,RICHM,3,5,7,3801,0,0,0,,0,03G,"8TH AV",FULTON,0.00,,Y,A,-,N,,,,,,,,,,N,3,0,1,2,A,-,09,21801,A,N,D,G,A,A,H,-,A,D,0,,Y,,,Y,,A,01,0,1,0,0,0,0,1,0,0,"- ","- ",,,"SAN FRANCISCO","SAN FRANCISCO",-122.46588134765625,37.77337646484375
9396437,2022,2022-06-15,3801,2022-05-22,0508,1144,RICHM,7,5,7,3801,0,0,0,,0,3G12E,"FULTON ST","29TH AV",162.00,W,N,A,-,N,,,,,,,,,,Y,4,0,1,2,A,-,01,23152,A,N,C,E,A,A,H,-,C,D,0,,,,,Y,Y,A,01,0,0,1,0,0,0,0,0,0,"- ","- ",,,"SAN FRANCISCO","SAN FRANCISCO",-122.48902893066406,37.772354125976562
9396438,2022,2022-06-15,3801,2022-05-20,1250,2495,BAYVI,5,5,7,3801,0,0,0,,0,3C15A,"3RD ST","LECONTE AV",0.00,,Y,A,-,N,,,,,,,,,,N,2,0,1,1,A,-,"- ",,,N,H,G,A,A,A,C,A,A,0,,Y,,,Y,,L,04,1,0,0,0,0,0,1,0,0,"- ","- ",,,"SAN FRANCISCO","SAN FRANCISCO",-122.39756774902344,37.718875885009766
9396439,2022,2022-06-15,3801,2022-05-21,0917,2461,SOUTH,6,5,7,3801,0,0,0,,0,3B14A,"FOLSOM ST","HARRIET ST",0.00,,Y,A,-,N,,,,,,,,,,N,4,0,1,2,A,-,08,22107,,F,D,G,A,A,H,-,A,D,0,,Y,,,Y,,A,01,0,0,1,0,0,0,1,0,0,"- ","- ",,,"SAN FRANCISCO","SAN FRANCISCO",-122.40613555908203,37.778076171875
9396440,2022,2022-06-15,3801,2022-05-21,2300,1503,S,6,5,7,3801,0,0,0,,0,3B12E,"2ND ST","HARRISON ST",0.00,,Y,A,-,N,,,,,,,,,,N,3,0,1,2,A,-,12,21453,A,N,D,J,A,A,H,-,C,A,0,,,,,Y,,-,,0,1,0,0,0,0,0,0,0,"- ","- ",,,"SAN FRANCISCO","SAN FRANCISCO",-122.39517974853516,37.784332275390625
9396441,2022,2022-11-09,3801,2022-05-21,2200,1453,CENTR,6,5,7,3801,0,0,0,,0,3A12D,"POWELL ST","POWELL ST 730",0.00,,N,A,-,N,,,,,,,,,,N,3,0,1,1,D,-,00,,,N,E,I,A,A,H,-,C,D,0,,,Y,,Y,,-,"- ",0,1,0,0,0,0,0,0,1,"- ","- ",,,"SAN FRANCISCO","SAN FRANCISCO",,
9396442,2022,2022-06-16,3801,2022-05-21,1807,582,CENTR,6,5,7,3801,0,0,0,,0,3A11D,"PINE ST","LARKIN ST",0.00,,Y,A,-,N,,,,,,,,,,N,4,0,1,2,A,-,11,21453,D,N,G,B,B,A,H,-,A,A,0,Y,,,,Y,,N,60,0,0,1,0,1,0,0,0,0,"- ","- ",,,"SAN FRANCISCO","SAN FRANCISCO",-122.41886138916016,37.789829254150391
9396443,2022,2022-10-31,3801,2022-05-19,2112,1709,INGLE,4,5,7,3801,0,0,0,,0,,"NAPLES ST","PERSIA AV",65.00,N,N,A,-,N,,,,,,,,,,Y,4,0,1,4,A,-,08,22107,,M,D,E,A,A,H,-,C,D,0,,,,,Y,,A,01,0,0,1,0,0,0,0,0,0,"- ","- ",,,"SAN FRANCISCO","SAN FRANCISCO",-122.43109130859375,37.721012115478516
9396444,2022,2022-06-16,3801,2022-05-19,0958,1118,SOUTH,4,5,7,3801,0,0,0,,0,3B14A,"MARKET ST","OCTAVIA ST",0.00,,Y,A,-,N,,,,,,,,,,N,3,0,1,2,A,-,08,22101,D,F,D,G,A,A,H,-,A,A,0,,Y,,,Y,,A,01,0,1,0,0,0,0,1,0,0,"- ","- ",,,"SAN FRANCISCO","SAN FRANCISCO",-122.42359161376953,37.771774291992188
9396445,2022,2022-06-16,3801,2022-05-20,1015,1268,CENTR,5,5,7,3801,0,0,0,,0,3A2,"PINE ST",DAVIS,0.00,,Y,A,-,N,,,,,,,,,,,4,0,1,2,A,-,10,21950,A,N,G,B,B,A,H,-,A,A,0,Y,,,,Y,,A,01,0,0,1,0,1,0,0,0,0,"- ","- ",,,"SAN FRANCISCO","SAN FRANCISCO",-122.3973388671875,37.792495727539062
9396446,2022,2022-06-16,3801,2022-05-20,1942,524,INGLE,5,5,7,3801,0,0,0,,0,,"GENEVA AV","BANNOCK ST",0.00,,Y,A,-,N,,,,,,,,,,Y,3,0,2,3,A,-,04,21703,,N,C,C,A,A,H,-,A,A,0,,,,,Y,,A,08,0,1,1,0,0,0,0,0,0,"- ","- ",,,"SAN FRANCISCO","SAN FRANCISCO",-122.44287109375,37.718280792236328
9396448,2022,2022-06-16,3801,2022-05-21,1055,2495,BAYVI,6,5,7,3801,0,0,0,,0,3C13A,"CASHMERE ST","HUDSON AV",240.00,S,N,A,-,N,,,,,,,,,,N,4,0,1,2,A,-,03,22350,,F,C,C,A,A,H,-,A,D,0,,,,,Y,,A,01,0,0,1,0,0,0,0,0,0,"- ","- ",,,"SAN FRANCISCO","SAN FRANCISCO",-122.38423919677734,37.73590087890625
9396449,2022,2022-06-16,3801,2022-05-21,0528,614,TARAV,6,5,7,3801,0,0,0,,0,01E,"LAWTON ST","AUTO DR",0.00,,Y,A,-,N,,,,,,,,,,Y,3,0,1,2,A,-,03,22350,,N,D,C,A,A,H,-,B,D,0,,,,,Y,,A,01,0,1,0,0,0,0,0,0,0,"- ","- ",,,"SAN FRANCISCO","SAN FRANCISCO",-122.46527099609375,37.758472442626953
9396450,2022,2022-06-16,3801,2022-05-22,1115,2461,SOUTH,7,5,7,3801,0,0,0,,0,3B15A,"6TH ST","BRYANT ST",20.00,N,N,A,-,N,,,,,,,,,,N,4,0,1,2,A,-,04,21703,,N,C,C,A,A,H,-,A,A,0,,,Y,,Y,,A,01,0,0,1,0,0,0,0,0,1,"- ","- ",,,"SAN FRANCISCO","SAN FRANCISCO",-122.40254974365234,37.776100158691406
9396451,2022,2022-06-16,3801,2022-05-11,2214,2035,MISSI,3,5,7,3801,0,0,0,,0,,"MISSION ST","ADMIRAL AV",71.00,S,N,A,-,N,,,,,,,,,,N,4,0,1,2,A,-,09,21801,A,F,B,G,A,A,-,-,C,D,0,,Y,,,Y,,A,01,0,0,1,0,0,0,1,0,0,"- ","- ",,,"SAN FRANCISCO","SAN FRANCISCO",-122.43030548095703,37.729709625244141
9396452,2022,2022-06-16,3801,2022-05-12,0720,1477,MISSI,4,5,7,3801,0,0,0,,0,3D13A,"24TH ST","SOUTH VAN NESS AV",0.00,,Y,A,-,N,,,,,,,,,,Y,4,0,1,2,A,-,12,21453,A,F,D,C,A,A,H,-,A,A,0,,,,,Y,Y,A,01,0,0,1,0,0,0,0,0,0,"- ","- ",,,"SAN FRANCISCO","SAN FRANCISCO",-122.41628265380859,37.75238037109375
9396458,2022,2022-06-16,3801,2022-05-26,1749,524,INGLE,4,5,7,3801,0,0,0,,0,3H116D,"SAN BRUNO AV","WARD ST",44.00,N,N,A,-,N,,,,,,,,,,N,2,0,1,2,A,-,03,22350,,N,D,C,A,A,H,-,B,D,0,,,Y,,Y,,C,02,1,0,0,0,0,0,0,0,1,"- ","- ",,,"SAN FRANCISCO","SAN FRANCISCO",-122.40049743652344,37.719287872314453
9396459,2022,2022-07-07,3801,2022-05-26,1107,1572,SOUTH,4,5,7,3801,0,0,0,,0,3B1A,"2ND ST","FOLSOM ST",0.00,,Y,A,-,N,,,,,,,,,,N,4,0,1,2,A,-,03,22350,A,N,C,C,A,A,H,-,A,A,0,,,,,Y,,M,94,0,0,1,0,0,0,0,0,0,"- ","- ",,,"SAN FRANCISCO","SAN FRANCISCO",-122.396728515625,37.785564422607422
9396460,2022,2022-06-16,3801,2022-05-24,0425,1350,BAYVI,2,5,7,3801,0,0,0,,0,3C12E,"PALOU AV","RANKIN ST",25.00,W,N,A,-,N,,,,,,,,,,Y,2,0,1,1,A,-,03,22350,,N,E,I,A,A,H,-,C,A,0,,,Y,,Y,,C,02,1,0,0,0,0,0,0,0,1,"- ","- ",,,"SAN FRANCISCO","SAN FRANCISCO",-122.39845275878906,37.738258361816406
9396461,2022,2022-06-15,3801,2022-05-20,1708,2469,BAYVI,5,5,7,3801,0,0,0,,0,3C15D,"ILLINOIS ST","HUMBOLDT ST",0.00,,Y,A,-,N,,,,,,,,,,N,4,0,1,1,D,-,00,,,N,H,-,A,A,H,-,A,D,0,,Y,,,Y,,-,"- ",0,0,1,0,0,0,1,0,0,"- ","- ",,,"SAN FRANCISCO","SAN FRANCISCO",-122.38723754882812,37.756782531738281
9396463,2022,2022-06-16,3801,2022-05-19,0920,4020,MISSI,4,5,7,3801,0,0,0,,0,3D11A,"17TH ST","POTRERO AV",0.00,,Y,A,-,N,,,,,,,,,,N,4,0,1,2,A,-,08,22107,,N,C,G,A,A,H,-,A,A,0,,Y,,,Y,,L,04,0,0,1,0,0,0,1,0,0,"- ","- ",,,"SAN FRANCISCO","SAN FRANCISCO",-122.40743255615234,37.764484405517578
9396465,2022,2022-06-15,3801,2022-05-22,1305,1418,TARAV,7,5,7,3801,0,0,0,,0,0I6,"VICTORIA ST","GARFIELD ST",51.00,N,N,A,-,N,,,,,,,,,,N,3,0,1,1,A,-,12,22450,A,N,E,I,A,A,H,-,A,A,0,,Y,,,Y,,L,04,0,1,0,0,0,0,1,0,0,"- ","- ",,,"SAN FRANCISCO","SAN FRANCISCO",-122.46536254882812,37.719810485839844
9396466,2022,2022-06-16,3801,2022-05-04,1703,1994,TRAFF,3,5,7,3801,0,0,0,,0,4B3D,"SACRAMENTO ST","DAVIS ST",0.00,,Y,A,-,N,,,,,,,,,,Y,4,0,3,2,A,-,12,21453,A,N,D,C,A,A,H,-,A,A,0,,,,,Y,,A,01,0,0,3,0,0,0,0,0,0,"- ","- ",,,"SAN FRANCISCO","SAN FRANCISCO",-122.39778900146484,37.794490814208984
9396467,2022,2022-06-16,3801,2022-05-12,1559,1994,TRAFF,4,5,7,3801,0,0,0,,0,4B3D,"BUSH ST","LARKIN ST",0.00,,Y,A,-,N,,,,,,,,,,Y,2,0,1,2,A,-,12,21453,A,N,D,C,A,A,H,-,A,A,0,,,Y,,Y,,A,01,1,0,0,0,0,0,0,0,1,"- ","- ",,,"SAN FRANCISCO","SAN FRANCISCO",-122.41867065429688,37.788902282714844
9396468,2022,2022-06-15,3801,2022-05-12,1611,1766,PARK,4,5,7,3801,0,0,0,,0,4B103,"HAYES ST","BRODERICK ST",226.00,W,N,A,-,N,,,,,,,,,,N,2,0,1,1,D,-,00,,,N,H,-,A,A,H,-,A,D,0,,Y,,,Y,,-,"- ",1,0,0,0,0,0,1,0,0,"- ","- ",,,"SAN FRANCISCO","SAN FRANCISCO",-122.44024658203125,37.774665832519531
9396472,2022,2022-06-16,3801,2022-05-28,2107,2459,SOUTH,6,5,7,3801,0,0,0,,0,3B14E,"17TH ST","VERMONT ST",0.00,,Y,A,-,N,,,,,,,,,,N,3,0,1,2,A,-,12,22450,A,N,D,G,A,A,H,-,C,D,0,,Y,,,Y,,A,01,0,1,0,0,0,0,1,0,0,"- ","- ",,,"SAN FRANCISCO","SAN FRANCISCO",-122.40448760986328,37.764682769775391
9396473,2022,2022-06-16,3801,2022-05-28,1813,2168,CENTR,6,5,7,3801,0,0,0,,0,3A12D,"GRANT AV","GEARY ST",0.00,,Y,A,-,N,,,,,,,,,,N,2,0,1,2,A,-,17,21663,,N,G,B,F,A,H,-,A,A,0,Y,,,,Y,,A,01,1,0,0,0,1,0,0,0,0,"- ","- ",,,"SAN FRANCISCO","SAN FRANCISCO",-122.40503692626953,37.787742614746094
9396474,2022,2022-06-15,3801,2022-05-27,1515,2355,TARAV,5,5,7,3801,0,0,0,,0,0I5,"OCEAN AV","CLEARFIELD DR",0.00,,Y,A,-,N,,,,,,,,,,N,3,0,1,2,A,-,12,22450,A,N,D,G,A,A,H,-,A,A,0,,Y,,,Y,,A,01,0,1,0,0,0,0,1,0,0,"- ","- ",,,"SAN FRANCISCO","SAN FRANCISCO",-122.49143981933594,37.732021331787109
9396475,2022,2022-06-16,3801,2022-05-25,1400,1053,TARAV,3,5,7,3801,0,0,0,,0,3I12A,"19TH AV","ORTEGA ST",26.00,N,N,A,-,N,,,,,,,,,,N,4,0,1,2,A,-,04,21703,,N,C,C,A,A,H,-,A,A,0,,,Y,,Y,,C,02,0,0,1,0,0,0,0,0,1,"- ","- ",,,"SAN FRANCISCO","SAN FRANCISCO",-122.476318359375,37.752429962158203
9396476,2022,2022-06-15,3801,2022-05-27,1315,2262,TARAV,5,5,7,3801,0,0,0,,0,3I15A,"GONZALEZ DR","CARDENAS AV",75.00,S,N,A,-,N,,,,,,,,,,N,4,0,1,2,A,-,03,22350,,N,D,E,A,A,H,-,A,D,0,,,Y,,Y,,C,02,0,0,1,0,0,0,0,0,1,"- ","- ",,,"SAN FRANCISCO","SAN FRANCISCO",-122.47548675537109,37.718784332275391
9396477,2022,2022-06-16,3801,2022-05-27,0941,1210,TARAV,5,5,7,3801,0,0,0,,0,0I2,"SUNSET BL","WAWONA ST",0.00,,Y,A,-,N,,,,,,,,,,N,4,0,1,2,A,-,12,21453,A,N,D,C,A,A,H,-,A,A,0,,,,,Y,,A,08,0,0,1,0,0,0,0,0,0,"- ","- ",,,"SAN FRANCISCO","SAN FRANCISCO",-122.49413299560547,37.736629486083984
9396478,2022,2022-06-16,3801,2022-05-28,2054,2391,NORTH,6,5,7,3801,0,0,0,,0,3E13E,"POLK ST","TURK ST",12.00,S,N,A,-,N,,,,,,,,,,Y,4,0,1,2,A,-,03,22350,,F,C,C,A,A,H,-,C,A,0,,,,,Y,,A,01,0,0,1,0,0,0,0,0,0,"- ","- ",,,"SAN FRANCISCO","SAN FRANCISCO",-122.41899108886719,37.782138824462891
9396479,2022,2022-10-31,3801,2022-05-28,1435,1886,NORTH,6,5,7,3801,0,0,0,,0,3E44C,"VAN NESS AV",BROADWAY,0.00,,Y,A,-,N,,,,,,,,,,Y,4,0,1,4,A,-,08,22101,D,N,A,C,A,A,H,-,A,A,0,,,,,Y,,A,01,0,0,1,0,0,0,0,0,0,"- ","- ",,,"SAN FRANCISCO","SAN FRANCISCO",-122.42332458496094,37.795753479003906
9396480,2022,2022-06-16,3801,2022-05-28,1124,390,PARK,6,5,7,3801,0,0,0,,0,003,"FULTON ST","BRODERICK ST",0.00,,Y,A,-,N,,,,,,,,,,Y,4,0,2,3,A,-,12,21453,A,N,B,C,A,A,H,-,A,A,0,,,,,Y,,A,01,0,0,2,0,0,0,0,0,0,"- ","- ",,,"SAN FRANCISCO","SAN FRANCISCO",-122.43984222412109,37.776634216308594
93991814,2024,2024-08-09,9335,2024-08-04,"440 ",023685,,7,3,7,3801,0,1,2,,2,014,"US-101 S/B","22ND STREET PEDESTRIAN UNDERCROSSING",1109.00,N,N,A,-,Y,SF,,101," "," ",3.736,H,,L,N,3,0,2,1,A,-,08,22107,,N,E,I,A,A,H,-,C,D,0,,,,,Y,,A,01,0,1,1,0,0,0,0,0,0,"- ","- ",37.759208679199219,-122.40605163574219,"SAN FRANCISCO","SAN FRANCISCO",-122.40610504150391,37.759185791015625
9400421,2022,2022-02-15,3801,2022-01-21,1750,2355,TARAV,5,5,7,3801,0,0,0,,0,0I3,"SLOAT BL","42ND AV",22.00,E,N,A,-,N,,,,,,,,,,N,3,0,1,2,A,-,17,21209,A,N,C,G,A,A,H,-,C,D,0,,Y,,,Y,,A,01,0,1,0,0,0,0,1,0,0,"- ","- ",,,"SAN FRANCISCO","SAN FRANCISCO",-122.50000762939453,37.734867095947266
9400422,2022,2022-02-15,3801,2022-01-20,2100,1856,INGLE,4,5,7,3801,0,0,0,,0,0I5,"ALEMANY BL","SAN JOSE AV",0.00,,Y,A,-,N,,,,,,,,,,N,4,0,2,2,A,-,04,21703,,F,C,-,A,A,H,-,C,A,0,,,,,Y,Y,A,01,0,0,2,0,0,0,0,0,0,"- ","- ",,,"SAN FRANCISCO","SAN FRANCISCO",-122.45709991455078,37.710071563720703
9400423,2022,2022-02-15,3801,2022-01-23,1630,1661,TARAV,7,5,7,3801,0,0,0,,0,"3 CAR","LINCOLN WY","45TH AV",0.00,,Y,A,-,N,,,,,,,,,,Y,4,0,1,2,A,-,12,22450,A,N,F,C,A,A,H,-,A,A,0,,,,,Y,,A,01,0,0,1,0,0,0,0,0,0,"- ","- ",,,"SAN FRANCISCO","SAN FRANCISCO",-122.50511932373047,37.764205932617188
9400424,2022,2022-02-18,3801,2022-01-21,2242,1402,SOUTH,5,5,7,3801,0,0,0,,0,3B12E,"BRANNAN ST","BRANNAN ST 518",0.00,,-,A,-,N,,,,,,,,,,N,4,0,1,2,A,-,08,22102,,N,D,-,A,A,H,-,C,D,0,,,,,Y,,A,01,0,0,1,0,0,0,0,0,0,"- ","- ",,,"SAN FRANCISCO","SAN FRANCISCO",,
9400426,2022,2022-03-14,3801,2022-01-10,1010,1003,INGLE,1,5,7,3801,0,0,0,,0,INGSD4,"MONTEREY BL","CONGO ST",0.00,,Y,A,-,N,,,,,,,,,,Y,4,0,2,2,-,-,"- ",,,N,D,C,A,A,-,-,A,A,0,,,,,Y,,-,"- ",0,0,2,0,0,0,0,0,0,"- ","- ",,,"SAN FRANCISCO","SAN FRANCISCO",-122.44203186035156,37.731590270996094
9400427,2022,2022-02-15,3801,2022-01-22,2058,2733,SOUTH,6,5,7,3801,0,0,0,,0,0B5,"CHANNEL ST","4TH ST",0.00,,Y,A,-,N,,,,,,,,,,N,3,0,1,2,A,-,03,22350,,F,G,B,E,A,H,-,C,A,0,Y,,,,Y,,A,01,0,1,0,0,1,0,0,0,0,"- ","- ",,,"SAN FRANCISCO","SAN FRANCISCO",-122.39166259765625,37.774368286132812
9400428,2022,2022-02-23,3801,2022-01-20,1125,1418,TARAV,4,5,7,3801,0,0,0,,0,0I5,"RT 1","CRESPI DR",102.00,S,N,A,-,Y,SF,4,1,-,-,0.860,H,-,N,Y,4,0,1,2,A,-,04,21703,,N,C,C,A,A,H,-,A,A,0,,,,,Y,,A,08,0,0,1,0,0,0,0,0,0,"- ","- ",,,"SAN FRANCISCO","SAN FRANCISCO",-122.47508239746094,37.720024108886719
9400430,2022,2022-02-15,3801,2022-01-21,0744,2485,CENTR,5,5,7,3801,0,0,0,,0,"1 CAR","CALIFORNIA ST","TAYLOR ST",0.00,,Y,A,-,N,,,,,,,,,,Y,4,0,1,2,A,-,12,21453,A,N,D,C,A,A,H,-,A,A,0,,,,,Y,,A,01,0,0,1,0,0,0,0,0,0,"- ","- ",,,"SAN FRANCISCO","SAN FRANCISCO",-122.41246032714844,37.791610717773438
9400465,2022,2022-02-18,3801,2022-01-19,1327,1053,TARAV,3,5,7,3801,0,0,0,,0,3I13A,"42ND AV","TARAVAL ST",304.00,S,N,A,-,N,,,,,,,,,,Y,4,0,1,2,A,-,06,21755,A,N,D,C,A,A,H,-,A,D,0,,,,,Y,,A,01,0,0,1,0,0,0,0,0,0,"- ","- ",,,"SAN FRANCISCO","SAN FRANCISCO",-122.50026702880859,37.741165161132812
9400466,2022,2022-02-18,3801,2022-01-19,1147,1362,RICHM,3,5,7,3801,0,0,0,,0,G13A,"GEARY BL","5TH AV",0.00,,Y,A,-,N,,,,,,,,,,N,4,0,1,2,A,-,12,21453,A,N,D,C,A,A,H,-,A,A,0,,,,,Y,,A,01,0,0,1,0,0,0,0,0,0,"- ","- ",,,"SAN FRANCISCO","SAN FRANCISCO",-122.46322631835938,37.781135559082031
9400467,2022,2022-05-27,3801,2022-01-02,2058,1149,MISSI,7,5,7,3801,0,0,0,,0,3D14D,"MISSION ST","14TH ST",20.00,S,N,A,-,N,,,,,,,,,,N,3,0,1,2,D,-,00,,,N,C,-,A,A,H,-,C,A,0,,,,,Y,,-,"- ",0,1,0,0,0,0,0,0,0,"- ","- ",,,"SAN FRANCISCO","SAN FRANCISCO",-122.41996765136719,37.768234252929688
9400468,2022,2022-03-08,3801,2022-01-23,2012,2744,SOUTH,7,5,7,3801,0,0,0,,0,005,"7TH ST","KING ST",0.00,,Y,A,-,N,,,,,,,,,,Y,4,0,2,2,A,-,08,22100,B,N,D,C,A,A,H,-,C,D,0,,,,,Y,,A,01,0,0,2,0,0,0,0,0,0,"- ","- ",,,"SAN FRANCISCO","SAN FRANCISCO",-122.40081024169922,37.771137237548828
9400472,2022,2022-02-18,3801,2022-01-11,1233,327,MISSI,2,5,7,3801,0,0,0,,0,3D11C,"DOLORES ST","14TH ST",0.00,,Y,A,-,N,,,,,,,,,,Y,4,0,3,2,A,-,09,21801,A,N,D,C,A,A,H,-,A,A,0,,,,,Y,,A,01,0,0,3,0,0,0,0,0,0,"- ","- ",,,"SAN FRANCISCO","SAN FRANCISCO",-122.42677307128906,37.767879486083984
9400473,2022,2022-02-18,3801,2022-01-20,1615,4132,MISSI,4,5,7,3801,0,0,0,,0,"6 CAR","POTRERO AV","18TH ST",0.00,,Y,A,-,N,,,,,,,,,,N,4,0,1,2,A,-,10,21950,A,N,G,B,B,A,H,-,B,A,0,Y,,,,Y,,A,08,0,0,1,0,1,0,0,0,0,"- ","- ",,,"SAN FRANCISCO","SAN FRANCISCO",-122.40721893310547,37.761928558349609
9400474,2022,2022-02-18,3801,2022-01-24,1700,1613,MISSI,1,5,7,3801,0,0,0,,0,3D00,"MARKET ST","VAN NESS AV",0.00,,Y,A,-,N,,,,,,,,,,N,4,0,1,2,A,-,08,22107,,N,B,G,A,A,H,-,A,A,0,,Y,,,Y,,L,04,0,0,1,0,0,0,1,0,0,"- ","- ",,,"SAN FRANCISCO","SAN FRANCISCO",-122.41925811767578,37.775169372558594
9400475,2022,2022-02-18,3801,2022-01-23,1703,327,MISSI,7,5,7,3801,0,0,0,,0,3D11C,"POTRERO AV","22ND ST",28.00,N,N,A,-,N,,,,,,,,,,Y,2,0,1,2,A,-,07,21658,A,F,B,C,A,A,H,-,A,D,0,,,,,Y,,A,01,1,0,0,0,0,0,0,0,0,"- ","- ",,,"SAN FRANCISCO","SAN FRANCISCO",-122.40670776367188,37.756916046142578
9400476,2022,2022-03-08,3801,2022-01-16,1258,993,SOUTH,7,5,7,3801,0,0,0,,0,"4 CAR","9TH ST","HARRISON ST",0.00,,Y,A,-,N,,,,,,,,,,,4,0,5,2,A,-,12,21453,A,N,D,C,A,A,H,-,A,A,0,,,,,Y,,A,01,0,0,5,0,0,0,0,0,0,"- ","- ",,,"SAN FRANCISCO","SAN FRANCISCO",-122.41004943847656,37.772533416748047
9400477,2022,2022-03-08,3801,2022-01-25,1840,341,BAYVI,2,5,7,3801,0,0,0,,0,3C12D,"PALOU AV","QUINT ST",180.00,E,N,A,-,N,,,,,,,,,,Y,2,0,1,2,A,-,04,21703,,N,C,C,A,A,H,-,C,A,0,,,,,Y,,A,01,1,0,0,0,0,0,0,0,0,"- ","- ",,,"SAN FRANCISCO","SAN FRANCISCO",-122.39602661132812,37.736900329589844
9400478,2022,2022-02-18,3801,2022-01-02,1133,4356,INGLE,7,5,7,3801,0,0,0,,0,3H12C,"ATHENS ST","PERSIA AV",0.00,,Y,A,-,N,,,,,,,,,,Y,4,0,2,2,A,-,12,22450,A,N,D,C,A,A,H,-,A,A,0,,,,,Y,,A,01,0,0,2,0,0,0,0,0,0,"- ","- ",,,"SAN FRANCISCO","SAN FRANCISCO",-122.42958831787109,37.720088958740234