CASE_ID,ACCIDENT_YEAR,PROC_DATE,JURIS,COLLISION_DATE,COLLISION_TIME,OFFICER_ID,REPORTING_DISTRICT,DAY_OF_WEEK,CHP_SHIFT,POPULATION,CNTY_CITY_LOC,SPECIAL_COND,BEAT_TYPE,CHP_BEAT_TYPE,CITY_DIVISION_LAPD,CHP_BEAT_CLASS,BEAT_NUMBER,PRIMARY_RD,SECONDARY_RD,DISTANCE,DIRECTION,INTERSECTION,WEATHER_1,WEATHER_2,STATE_HWY_IND,CALTRANS_COUNTY,CALTRANS_DISTRICT,STATE_ROUTE,ROUTE_SUFFIX,POSTMILE_PREFIX,POSTMILE,LOCATION_TYPE,RAMP_INTERSECTION,SIDE_OF_HWY,TOW_AWAY,COLLISION_SEVERITY,NUMBER_KILLED,NUMBER_INJURED,PARTY_COUNT,PRIMARY_COLL_FACTOR,PCF_CODE_OF_VIOL,PCF_VIOL_CATEGORY,PCF_VIOLATION,PCF_VIOL_SUBSECTION,HIT_AND_RUN,TYPE_OF_COLLISION,MVIW,PED_ACTION,ROAD_SURFACE,ROAD_COND_1,ROAD_COND_2,LIGHTING,CONTROL_DEVICE,CHP_ROAD_TYPE,PEDESTRIAN_ACCIDENT,BICYCLE_ACCIDENT,MOTORCYCLE_ACCIDENT,TRUCK_ACCIDENT,NOT_PRIVATE_PROPERTY,ALCOHOL_INVOLVED,STWD_VEHTYPE_AT_FAULT,CHP_VEHTYPE_AT_FAULT,COUNT_SEVERE_INJ,COUNT_VISIBLE_INJ,COUNT_COMPLAINT_PAIN,COUNT_PED_KILLED,COUNT_PED_INJURED,COUNT_BICYCLIST_KILLED,COUNT_BICYCLIST_INJURED,COUNT_MC_KILLED,COUNT_MC_INJURED,PRIMARY_RAMP,SECONDARY_RAMP,LATITUDE,LONGITUDE,COUNTY,CITY,POINT_X,POINT_Y
9400479,2022,2022-02-18,3801,2022-01-22,1455,A21165,NORTH,6,5,7,3801,0,0,0,,0,3E93F,"MARKET ST","BATTERY ST",126.00,W,N,A,-,N,,,,,,,,,,N,3,0,1,1,B,-,22,,,N,H,J,A,A,H,-,A,D,0,,Y,,,Y,,L,04,0,1,0,0,0,0,1,0,0,"- ","- ",,,"SAN FRANCISCO","SAN FRANCISCO",-122.39982604980469,37.790531158447266
9400480,2022,2022-02-18,3801,2022-01-25,2356,4124,INGLE,2,5,7,3801,0,0,0,,0,INGLES,"TINGLEY ST","ALEMANY BL",0.00,,Y,A,-,N,,,,,,,,,,N,4,0,1,2,A,-,10,21950,A,F,-,B,B,A,H,-,A,A,0,Y,,,,Y,,-,,0,0,1,0,1,0,0,0,0,"- ","- ",,,"SAN FRANCISCO","SAN FRANCISCO",-122.43402099609375,37.729358673095703
9400541,2022,2022-02-14,3801,2022-01-20,1724,2407,MISSI,4,5,7,3801,0,0,0,,0,3D13D,"HARRISON ST","14TH ST",10.00,N,N,-,-,N,,,,,,,,,,N,4,0,1,2,A,-,08,22100,A,F,D,C,A,A,H,-,C,A,0,,,,,Y,,I,11,0,0,1,0,0,0,0,0,0,"- ","- ",,,"SAN FRANCISCO","SAN FRANCISCO",-122.41344451904297,37.768688201904297
9400553,2022,2022-03-03,3801,2022-01-04,1559,104,TRAFF,2,5,7,3801,0,0,0,,0,104,"GENEVA AV","MISSION ST",5.00,W,N,B,-,N,,,,,,,,,,N,4,0,1,2,A,-,10,21950,A,N,G,B,B,A,H,-,A,A,0,Y,,,Y,Y,,F,27,0,0,1,0,1,0,0,0,0,"- ","- ",,,"SAN FRANCISCO","SAN FRANCISCO",-122.44100952148438,37.716403961181641
9400557,2021,2022-03-01,3801,2021-12-28,0845,1422,TRAFF,2,5,7,3801,0,0,0,,0,4B1E,"IRVING ST","5TH AV",0.00,,Y,B,-,N,,,,,,,,,,Y,4,0,2,2,A,-,09,21802,A,N,D,F,A,A,H,-,A,A,0,,,,,Y,,D,22,0,0,2,0,0,0,0,0,0,"- ","- ",,,"SAN FRANCISCO","SAN FRANCISCO",-122.46204376220703,37.764232635498047
9400568,2022,2022-02-22,3801,2022-01-21,0039,740,MISSI,5,5,7,3801,0,0,0,,0,0D2,"CESAR CHAVEZ ST","GUERRERO ST",234.00,W,N,B,-,N,,,,,,,,,,Y,3,0,1,4,A,-,01,23152,A,N,A,E,A,A,H,-,C,D,0,,,,,Y,Y,A,01,0,1,0,0,0,0,0,0,0,"- ","- ",,,"SAN FRANCISCO","SAN FRANCISCO",-122.42328643798828,37.747966766357422
9400576,2022,2022-03-15,3801,2022-01-20,0028,2186,NORTH,4,5,7,3801,0,0,0,,0,3E13E,"VAN NESS AV","CLAY ST",0.00,,Y,A,-,N,,,,,,,,,,Y,3,0,2,2,A,-,08,22107,,N,C,C,A,A,H,-,C,A,0,,,,,Y,,A,07,0,1,1,0,0,0,0,0,0,"- ","- ",,,"SAN FRANCISCO","SAN FRANCISCO",-122.422607421875,37.792186737060547
9400641,2022,2022-02-22,3801,2022-01-25,0637,101,INGLE,2,5,7,3801,0,0,0,,0,3H15A,"GENEVA AV","ATHENS AV",0.00,,Y,A,-,N,,,,,,,,,,N,4,0,1,2,A,-,09,21804,A,N,D,C,A,A,H,-,C,A,0,,,,,Y,,-,,0,0,1,0,0,0,0,0,0,"- ","- ",,,"SAN FRANCISCO","SAN FRANCISCO",-122.43453979492188,37.713474273681641
9400642,2022,2022-02-22,3801,2022-01-26,1400,1355,TARAV,3,5,7,3801,0,0,0,,0,3116B,"SKYLINE BL","LAKE MERCED BL",49.00,N,N,A,-,N,,,,,,,,,,N,4,0,1,2,A,-,08,22107,,N,D,G,A,A,-,-,A,D,0,,Y,,,Y,,A,01,0,0,1,0,0,0,1,0,0,"- ","- ",,,"SAN FRANCISCO","SAN FRANCISCO",-122.49884033203125,37.731639862060547
9400643,2022,2022-02-22,3801,2022-01-25,1720,1368,CENTR,2,5,7,3801,0,0,0,,0,3A14D,"COLUMBUS AV","FILBERT ST",0.00,,Y,A,-,N,,,,,,,,,,N,4,0,1,1,A,-,03,22350,,N,F,A,A,A,H,-,C,A,0,,,Y,,Y,,C,03,0,0,1,0,0,0,0,0,1,"- ","- ",,,"SAN FRANCISCO","SAN FRANCISCO",-122.41136169433594,37.801116943359375
9400644,2022,2022-05-10,3801,2022-01-13,1204,4095,RICHM,4,5,7,3801,0,0,0,,0,001,"GREAT HWY","LINCOLN WY",1282.00,N,N,A,-,N,,,,,,,,,,Y,4,0,1,1,A,-,03,22350,,N,F,I,A,A,H,-,A,D,0,,,,,Y,,A,07,0,0,1,0,0,0,0,0,0,"- ","- ",,,"SAN FRANCISCO","SAN FRANCISCO",-122.510498046875,37.767555236816406
9400646,2022,2022-02-22,3801,2022-01-12,1411,649,INGLE,3,5,7,3801,0,0,0,,0,3H16C,"CORTLAND AV","ELSIE ST",5.00,W,N,A,-,N,,,,,,,,,,N,3,0,1,1,-,-,"- ",,,N,H,A,A,A,H,-,A,D,0,,Y,,,Y,,-,"- ",0,1,0,0,0,0,1,0,0,"- ","- ",,,"SAN FRANCISCO","SAN FRANCISCO",-122.41975402832031,37.739768981933594
9400649,2022,2022-02-22,3801,2022-01-11,1716,2215,NORTH,2,5,7,3801,0,0,0,,0,3E12D,"SCOTT ST","ELLIS ST",10.00,S,N,A,-,N,,,,,,,,,,N,3,0,1,2,A,-,10,21950,A,N,G,B,B,A,H,-,A,A,0,Y,,,,Y,,A,01,0,1,0,0,1,0,0,0,0,"- ","- ",,,"SAN FRANCISCO","SAN FRANCISCO",-122.43745422363281,37.781703948974609
9400655,2022,2022-02-22,3801,2022-01-18,1900,2113,SOUTH,2,5,7,3801,0,0,0,,0,003,"8TH ST","HOWARD ST",0.00,,Y,A,-,N,,,,,,,,,,N,3,0,1,2,D,-,00,,,N,G,B,B,A,H,-,C,A,0,Y,,,,Y,,-,"- ",0,1,0,0,1,0,0,0,0,"- ","- ",,,"SAN FRANCISCO","SAN FRANCISCO",-122.41159057617188,37.776229858398438
9400658,2022,2022-02-22,3801,2022-01-19,2011,2102,BAYVI,3,5,7,3801,0,0,0,,0,3C30,"SAN BRUNO AV","SILVER AV",0.00,,Y,A,-,N,,,,,,,,,,N,4,0,1,2,A,-,10,21950,A,N,G,B,F,A,H,-,C,D,0,Y,,,,Y,,A,01,0,0,1,0,1,0,0,0,0,"- ","- ",,,"SAN FRANCISCO","SAN FRANCISCO",-122.40561676025391,37.732444763183594
9400659,2022,2022-02-22,3801,2022-01-19,1051,1628,RICHM,3,5,7,3801,0,0,0,,0,4SECTO,"29TH AV","BALBOA ST",0.00,,Y,A,-,N,,,,,,,,,,Y,4,0,1,2,A,-,09,21800,A,N,D,C,A,A,H,-,A,A,0,,,,,Y,,A,01,0,0,1,0,0,0,0,0,0,"- ","- ",,,"SAN FRANCISCO","SAN FRANCISCO",-122.48876953125,37.776115417480469
9400660,2022,2022-02-22,3801,2022-01-17,1859,1520,BAYVI,1,5,7,3801,0,0,0,,0,0C5,"CARROLL AV","3RD ST",45.00,E,N,A,-,N,,,,,,,,,,N,3,0,1,2,A,-,08,22107,,F,D,G,A,A,H,-,C,D,0,,Y,,,Y,,A,01,0,1,0,0,0,0,1,0,0,"- ","- ",,,"SAN FRANCISCO","SAN FRANCISCO",-122.39424133300781,37.725448608398438
9400684,2022,2022-02-15,3801,2022-01-20,0825,2210,SOUTH,4,5,7,3801,0,0,0,,0,0B4,"SOUTH VAN NESS AV","PLUM ST",78.00,N,N,A,B,N,,,,,,,,,,Y,4,0,2,2,A,-,21,22106,,N,D,C,A,A,H,-,A,D,0,,,,,Y,,A,01,0,0,2,0,0,0,0,0,0,"- ","- ",,,"SAN FRANCISCO","SAN FRANCISCO",-122.41797637939453,37.771076202392578
9400685,2022,2022-02-15,3801,2022-01-17,1753,1750,NORTH,1,5,7,3801,0,0,0,,0,0E3,"GEARY ST","GOUGH ST",12.00,W,N,A,-,N,,,,,,,,,,N,4,0,1,2,A,-,10,21950,A,F,G,B,B,A,H,-,C,A,0,Y,,,,Y,,-,"- ",0,0,1,0,1,0,0,0,0,"- ","- ",,,"SAN FRANCISCO","SAN FRANCISCO",-122.42472839355469,37.785411834716797
9400686,2022,2022-02-15,3801,2022-01-17,1539,2215,NORTH,1,5,7,3801,0,0,0,,0,3E12D,"GOLDEN GATE AV","STEINER ST",25.00,W,N,A,-,N,,,,,,,,,,Y,4,0,4,2,A,-,08,22107,,N,B,C,A,A,H,-,A,A,0,,,,,Y,,A,01,0,0,4,0,0,0,0,0,0,"- ","- ",,,"SAN FRANCISCO","SAN FRANCISCO",-122.43366241455078,37.779338836669922
9400687,2022,2022-03-01,3801,2022-01-18,1820,4269,INGLE,2,5,7,3801,0,0,0,,0,3H12C,"DOLORES ST","SAN JOSE AV",0.00,,Y,A,-,N,,,,,,,,,,N,4,0,2,2,A,-,03,22350,,N,C,C,A,A,H,-,C,A,0,,,,,Y,,A,01,0,0,2,0,0,0,0,0,0,"- ","- ",,,"SAN FRANCISCO","SAN FRANCISCO",-122.42414093017578,37.740276336669922
9400688,2022,2022-02-15,3801,2022-01-22,1630,4047,MISSI,6,5,7,3801,0,0,0,,0,3D11D,"VALENCIA ST","16TH ST",0.00,,Y,A,-,N,,,,,,,,,,N,4,0,1,2,A,-,04,21703,,N,C,C,A,A,H,-,A,A,0,,,,,Y,,A,01,0,0,1,0,0,0,0,0,0,"- ","- ",,,"SAN FRANCISCO","SAN FRANCISCO",-122.42189025878906,37.764907836914062
9400855,2022,2022-02-11,3801,2022-01-18,2244,2303,PARK,2,5,7,3801,0,0,0,,0,3CAR,"SAINT JOSEPHS AV","OFARRELL ST",0.00,,Y,A,-,N,,,,,,,,,,Y,3,0,1,4,A,-,03,22350,,N,C,E,A,A,H,-,C,D,0,,,,,Y,,A,07,0,1,0,0,0,0,0,0,0,"- ","- ",,,"SAN FRANCISCO","SAN FRANCISCO",-122.44178009033203,37.78228759765625
9401106,2021,2022-02-23,3801,2021-12-16,1000,2376,SOUTH,4,5,7,3801,0,0,0,,0,3B12A,"3RD ST","MISSION BAY BL S",0.00,,Y,A,-,N,,,,,,,,,,Y,4,0,1,2,A,-,03,22350,,N,D,C,A,A,H,-,A,A,0,,,,,Y,,A,01,0,0,1,0,0,0,0,0,0,"- ","- ",,,"SAN FRANCISCO","SAN FRANCISCO",-122.38957977294922,37.770687103271484
9401107,2021,2022-02-11,3801,2021-12-31,1034,2266,INGLE,5,5,7,3801,0,0,0,,0,3H11A,"ONONDAGA AV","MISSION ST",81.00,W,N,A,-,N,,,,,,,,,,N,4,0,1,2,A,-,09,21804,A,N,D,C,A,A,H,-,A,D,0,,,,,Y,,A,01,0,0,1,0,0,0,0,0,0,"- ","- ",,,"SAN FRANCISCO","SAN FRANCISCO",-122.43775177001953,37.72125244140625
9401108,2021,2022-02-11,3801,2021-12-25,1015,1250,SOUTH,6,5,7,3801,0,0,0,,0,3B14A,"MARKET ST","GOUGH ST",0.00,,Y,C,-,N,,,,,,,,,,Y,4,0,2,2,A,-,12,21453,A,N,D,C,A,B,H,-,A,A,0,,,,,Y,,-,"- ",0,0,2,0,0,0,0,0,0,"- ","- ",,,"SAN FRANCISCO","SAN FRANCISCO",-122.42221069335938,37.772872924804688
94019127,2024,2024-08-09,9350,2024-08-07,1525,023759,,3,2,7,3801,0,1,3,,2,011,"SR-1 N/B","LAKE STREET",3062.00,N,N,A,-,Y,SF,,1," "," ",6.456,H,,R,N,4,0,1,2,A,-,07,21658,A,N,B,C,A,A,H,-,A,D,0,,,,,Y,,A,01,0,0,1,0,0,0,0,0,0,"- ","- ",37.794670104980469,-122.46951293945312,"SAN FRANCISCO","SAN FRANCISCO",-122.46949005126953,37.794670104980469
94019640,2024,2024-08-09,9350,2024-07-26,1410,023793,,5,2,7,3801,0,1,2,,2,020,"US-101 N/B","MERCHANT RD",6600.00,N,N,B,-,Y,,,,,,,,,,N,3,0,1,1,A,-,08,22107,,N,H,A,A,A,H,-,A,D,0,,Y,,,Y,,L,04,0,1,0,0,0,0,1,0,0,"- ","- ",37.824359893798828,-122.47895812988281,"SAN FRANCISCO","SAN FRANCISCO",-122.47453308105469,37.806819915771484
94020201,2024,2024-08-12,9335,2024-08-09,1425,023464,,5,2,7,3801,0,1,2,,2,014,"US 101 NORTHBOUND","23RD ST OVERCROSSING",170.00,S,N,A,-,Y,SF,,101," "," ",3.334,H,,R,N,4,0,1,1,C,-,18,,,N,E,J,A,A,H,-,A,D,0,,,,,Y,,-,"- ",0,0,1,0,0,0,0,0,0,"- ","- ",37.754039764404297,-122.40294647216797,"SAN FRANCISCO","SAN FRANCISCO",-122.40289306640625,37.754043579101562
94020622,2024,2024-08-12,9335,2024-08-03,"200 ",023536,,6,3,7,3801,0,1,1,,1,083,"I-80 E/B","THE EMBARCADERO",3960.00,E,N,A,-,Y,SF,,80," "," ",6.679,H,,R,N,4,0,1,2,A,-,11,21954,A,N,G,B,E,A,H,-,C,D,0,Y,,,,Y,Y,N,60,0,0,1,0,1,0,0,0,0,"- ","- ",37.797470092773438,-122.37889099121094,"SAN FRANCISCO","SAN FRANCISCO",-122.37864685058594,37.797306060791016
94020628,2024,2024-08-12,9335,2024-08-03,"210 ",023592,,6,3,7,3801,0,1,2,,2,014,"US-101 S/B","25TH ST PEDESTRIAN OVERCROSSING",570.00,S,N,A,-,Y,SF,,101," "," ",3.254,H,,L,Y,3,0,1,1,A,-,08,22107,,N,E,I,A,A,H,-,C,D,0,,,,,Y,,A,01,0,1,0,0,0,0,0,0,0,"- ","- ",37.752910614013672,-122.40293884277344,"SAN FRANCISCO","SAN FRANCISCO",-122.40299987792969,37.752906799316406
94020695,2024,2024-08-12,9335,2024-08-03,"250 ",023592,,6,3,7,3801,0,1,2,,2,014,"US-101 S/B","23RD STREET",500.00,S,N,A,-,Y,SF,,101," "," ",3.268,H,,L,N,4,0,1,2,A,-,03,22350,,N,C,C,A,A,H,-,D,D,0,,,,,Y,,A,01,0,0,1,0,0,0,0,0,0,"- ","- ",37.753101348876953,-122.40306091308594,"SAN FRANCISCO","SAN FRANCISCO",-122.40301513671875,37.753101348876953
9403359,2022,2022-03-18,3801,2022-02-17,1632,334,BAYVI,4,5,7,3801,0,0,0,,0,0C2,"BAYSHORE BL","BAYSHORE BL 491",0.00,,-,A,-,N,,,,,,,,,,N,4,0,1,2,A,-,11,21456,C,N,-,B,B,A,H,-,A,A,0,Y,,,,Y,,N,60,0,0,1,0,1,0,0,0,0,"- ","- ",,,"SAN FRANCISCO","SAN FRANCISCO",-122.40431213378906,37.745937347412109
9403535,2022,2022-03-15,3801,2022-01-30,2007,2085,RICHM,7,5,7,3801,0,0,0,,0,3G5D,"FULTON ST","44TH AV",0.00,,Y,A,-,N,,,,,,,,,,Y,2,0,1,2,A,-,09,21804,A,N,D,C,A,A,H,-,C,A,0,,,Y,,Y,,A,01,1,0,0,0,0,0,0,0,1,"- ","- ",,,"SAN FRANCISCO","SAN FRANCISCO",-122.50456237792969,37.771633148193359
9403536,2022,2022-03-15,3801,2022-01-12,1200,2025,INGLE,3,5,7,3801,0,0,0,,0,3H16C,"SUNNYDALE AV","HAHN ST",0.00,,Y,A,-,N,,,,,,,,,,N,2,0,1,2,A,-,10,21950,A,N,G,B,B,A,H,-,A,D,0,Y,,,,Y,,I,09,1,0,0,0,1,0,0,0,0,"- ","- ",,,"SAN FRANCISCO","SAN FRANCISCO",-122.41603088378906,37.711925506591797
9403537,2022,2022-03-21,3801,2022-01-31,2224,2154,TARAV,1,5,7,3801,0,0,0,,0,3I11E,"OCEAN AV","JULES AV",0.00,,Y,A,-,N,,,,,,,,,,N,3,0,1,2,A,-,09,21801,A,N,D,C,A,A,H,-,C,A,0,,,Y,,Y,,A,01,0,1,0,0,0,0,0,0,1,"- ","- ",,,"SAN FRANCISCO","SAN FRANCISCO",-122.46123504638672,37.724948883056641
9403538,2022,2022-05-09,3801,2022-01-15,1815,2020,SOUTH,6,5,7,3801,0,0,0,,0,3CAR,"MARKET ST","SOUTH VAN NESS",0.00,,Y,A,B,N,,,,,,,,,,N,4,0,1,2,A,-,08,22101,D,N,D,G,A,A,H,-,C,A,0,,Y,,,Y,,A,01,0,0,1,0,0,0,1,0,0,"- ","- ",,,"SAN FRANCISCO","SAN FRANCISCO",-122.41925811767578,37.775169372558594
9403539,2022,2022-03-15,3801,2022-01-26,0422,933,CENTR,3,5,7,3801,0,0,0,,0,0A2,"PINE ST","MONTGOMERY ST",0.00,,Y,A,-,N,,,,,,,,,,N,4,0,1,2,A,-,05,21650,1,N,D,G,A,A,H,-,C,A,0,,Y,,,Y,Y,L,04,0,0,1,0,0,0,1,0,0,"- ","- ",,,"SAN FRANCISCO","SAN FRANCISCO",-122.40254974365234,37.791919708251953
9403545,2021,2022-03-15,3801,2021-12-30,0711,1525,TENDE,4,5,7,3801,0,0,0,,0,3J13A,"ELLIS ST","ELLIS ST  710",0.00,,Y,A,-,N,,,,,,,,,,N,4,0,1,2,A,-,09,21804,A,N,B,C,A,A,H,-,A,D,0,,,,,Y,,A,01,0,0,1,0,0,0,0,0,0,"- ","- ",,,"SAN FRANCISCO","SAN FRANCISCO",,
9403600,2022,2022-04-19,3801,2022-01-06,1949,643,TARAV,4,5,7,3801,0,0,0,,0,3II3D,"PORTOLA DR","ST FRANCIS BL",0.00,,Y,C,-,N,,,,,,,,,,Y,3,0,1,1,A,-,03,22350,,N,E,I,A,B,H,-,C,D,0,,,,,Y,,A,01,0,1,0,0,0,0,0,0,0,"- ","- ",,,"SAN FRANCISCO","SAN FRANCISCO",-122.47153472900391,37.734760284423828
9403611,2022,2022-03-18,3801,2022-02-12,1512,2379,INGLE,6,5,7,3801,0,0,0,,0,3H11C,"PORTOLA DR","TWIN PEAKS BL",0.00,,Y,A,-,N,,,,,,,,,,N,3,0,1,2,A,-,11,21954,A,N,G,B,E,A,H,-,A,A,0,Y,,,,Y,,N,60,0,1,0,0,1,0,0,0,0,"- ","- ",,,"SAN FRANCISCO","SAN FRANCISCO",-122.45082855224609,37.74591064453125
9403613,2022,2022-03-17,3801,2022-02-15,0715,2339,PARK,2,5,7,3801,0,0,0,,0,3F13A,"GOUGH ST","FULTON ST",0.00,,Y,A,-,N,,,,,,,,,,Y,4,0,1,2,A,-,07,21658,A,N,E,I,A,A,H,-,A,A,0,,,,,Y,,D,22,0,0,1,0,0,0,0,0,0,"- ","- ",,,"SAN FRANCISCO","SAN FRANCISCO",-122.42334747314453,37.778751373291016
9403615,2022,2022-03-17,3801,2022-02-14,0726,375,BAYVI,1,5,7,3801,0,0,0,,0,3801,"3RD ST","EVANS AV",0.00,,Y,B,-,N,,,,,,,,,,Y,4,0,1,2,A,-,12,21453,A,N,D,C,A,A,-,-,B,A,0,,,,,Y,,A,01,0,0,1,0,0,0,0,0,0,"- ","- ",,,"SAN FRANCISCO","SAN FRANCISCO",-122.38801574707031,37.742733001708984
9403617,2022,2022-03-17,3801,2022-02-18,0616,1157,BAYVI,5,5,7,3801,0,0,0,,0,3C14A,WOOLSEY,BOWDOIN,0.00,,Y,A,-,N,,,,,,,,,,Y,4,0,1,2,A,-,12,22450,A,F,D,C,A,A,H,-,C,A,0,,,,,Y,,D,22,0,0,1,0,0,0,0,0,0,"- ","- ",,,"SAN FRANCISCO","SAN FRANCISCO",-122.40953826904297,37.723426818847656
9403620,2022,2022-03-18,3801,2022-02-10,1205,826,BAYVI,4,5,7,3801,0,0,0,,0,03C,"3RD ST","KIRKWOOD AV",0.00,,Y,A,-,N,,,,,,,,,,Y,4,0,2,3,A,-,17,21461,A,N,D,C,A,A,H,-,A,A,0,,,,,Y,,A,01,0,0,2,0,0,0,0,0,0,"- ","- ",,,"SAN FRANCISCO","SAN FRANCISCO",-122.38967895507812,37.737998962402344
9403621,2022,2022-03-18,3801,2022-02-11,1900,215,BAYVI,5,5,7,3801,0,0,0,,0,3C61,"BOWDOIN ST","WOOSLEY ST",72.00,S,N,A,-,N,,,,,,,,,,N,3,0,1,2,A,-,09,21804,A,F,D,B,E,A,H,-,C,D,0,Y,,,Y,Y,,F,26,0,1,0,0,1,0,0,0,0,"- ","- ",,,"SAN FRANCISCO","SAN FRANCISCO",-122.40946197509766,37.723243713378906
9403624,2022,2022-04-01,3801,2022-02-14,0629,1925,BAYVI,1,5,7,3801,0,0,0,,0,3C13A,"3RD ST","EVANS AV",0.00,,Y,A,-,N,,,,,,,,,,N,4,0,1,2,A,-,12,21453,A,N,D,C,A,A,H,-,C,A,0,,,,,Y,,D,22,0,0,1,0,0,0,0,0,0,"- ","- ",,,"SAN FRANCISCO","SAN FRANCISCO",-122.38801574707031,37.742733001708984
9403625,2021,2022-03-18,3801,2021-02-17,1535,4046,INGLE,3,5,7,3801,0,0,0,,0,3H00,"CASTRO ST","24TH ST",30.00,N,N,A,-,N,,,,,,,,,,N,4,0,1,2,A,-,21,22106,,N,C,-,A,A,H,-,A,D,0,,,,,Y,,A,07,0,0,1,0,0,0,0,0,0,"- ","- ",,,"SAN FRANCISCO","SAN FRANCISCO",-122.43408203125,37.751380920410156
9403626,2022,2022-03-18,3801,2022-02-20,1042,1849,TENDE,7,5,7,3801,0,0,0,,0,3J15A,"EDDY ST","HYDE ST",0.00,,Y,A,-,N,,,,,,,,,,N,3,0,1,2,A,-,17,22517,,N,H,G,A,A,H,-,A,A,0,,Y,,,Y,,A,07,0,1,0,0,0,0,1,0,0,"- ","- ",,,"SAN FRANCISCO","SAN FRANCISCO",-122.41588592529297,37.783512115478516
9403627,2022,2022-03-18,3801,2022-02-20,1900,207,CENTR,7,5,7,3801,0,0,0,,0,3A46,"POWELL ST","SACRAMENTO ST",0.00,,Y,A,-,N,,,,,,,,,,N,3,0,1,2,A,-,10,21950,A,N,G,B,B,A,H,-,C,A,0,Y,,,,Y,,D,22,0,1,0,0,1,0,0,0,0,"- ","- ",,,"SAN FRANCISCO","SAN FRANCISCO",-122.40936279296875,37.792987823486328
9403628,2022,2022-03-17,3801,2022-02-18,1752,2231,SOUTH,5,5,7,3801,0,0,0,,0,3B12D,"BRYANT ST","3RD ST",23.00,E,N,A,-,N,,,,,,,,,,N,4,0,1,2,A,-,03,22350,,N,A,J,A,A,H,-,C,A,0,,,,,Y,,I,11,0,0,1,0,0,0,0,0,0,"- ","- ",,,"SAN FRANCISCO","SAN FRANCISCO",-122.39579010009766,37.781352996826172
9403761,2022,2022-03-21,3801,2022-02-09,1248,1936,TRAFF,3,5,7,3801,0,0,0,,0,4B1D,"JONES ST","BAY ST",0.00,,Y,A,-,N,,,,,,,,,,Y,2,0,2,2,A,-,12,21453,A,N,D,C,A,A,H,-,A,A,0,,,Y,,Y,,A,07,1,1,0,0,0,0,0,0,1,"- ","- ",,,"SAN FRANCISCO","SAN FRANCISCO",-122.41690063476562,37.805221557617188
9403762,2022,2022-03-21,3801,2022-02-19,0318,A23187,CENTR,6,5,7,3801,0,0,0,,0,3A11E,"POST ST","LEAVENWORTH ST",0.00,,Y,A,-,N,,,,,,,,,,N,2,0,1,2,A,-,08,22107,,N,B,C,A,A,H,-,C,A,0,,,,,Y,,A,01,1,0,0,0,0,0,0,0,0,"- ","- ",,,"SAN FRANCISCO","SAN FRANCISCO",-122.41499328613281,37.787452697753906
9403763,2022,2022-03-21,3801,2022-02-19,0954,2580,SOUTH,6,5,7,3801,0,0,0,,0,901,"HOWARD ST","3RD ST",20.00,W,N,A,-,N,,,,,,,,,,Y,4,0,2,2,A,-,08,22107,,N,B,D,A,A,H,-,A,A,0,,,Y,,Y,,A,01,0,0,2,0,0,0,0,0,0,"- ","- ",,,"SAN FRANCISCO","SAN FRANCISCO",-122.40055084228516,37.78497314453125
9403764,2022,2022-03-21,3801,2022-02-23,2308,1150,PARK,3,5,7,3801,0,0,0,,0,0F3,"HAIGHT ST","MASONIC AV",1.00,W,N,A,-,N,,,,,,,,,,Y,3,0,2,2,A,-,03,22350,,N,B,E,A,A,H,-,C,A,0,,,,,Y,Y,A,01,0,2,0,0,0,0,0,0,0,"- ","- ",,,"SAN FRANCISCO","SAN FRANCISCO",-122.44535064697266,37.770210266113281
9403765,2022,2022-03-21,3801,2022-02-23,0725,1377,INGLE,3,5,7,3801,0,0,0,,0,3H16A,"SUNNYDALE AV","BAYSHORE BL",0.00,,Y,A,-,N,,,,,,,,,,N,4,0,1,2,A,-,10,21950,A,N,G,B,B,A,H,-,A,A,0,Y,,,,Y,,A,01,0,0,1,0,1,0,0,0,0,"- ","- ",,,"SAN FRANCISCO","SAN FRANCISCO",-122.40522766113281,37.708900451660156
9403766,2022,2022-03-21,3801,2022-02-23,1529,890,BAYVI,3,5,7,3801,0,0,0,,0,BAYVIE,"CASHMERE ST","HUDSON AV",0.00,,Y,A,-,N,,,,,,,,,,N,4,0,1,2,A,-,21,22106,,F,H,E,A,A,H,-,A,D,0,,,,,Y,,A,01,0,0,1,0,0,0,0,0,0,"- ","- ",,,"SAN FRANCISCO","SAN FRANCISCO",-122.38343048095703,37.735885620117188
9403921,2022,2022-03-18,3801,2022-02-15,0540,2354,TARAV,2,5,7,3801,0,0,0,,0,2CAR,"SANTIAGO ST","27TH AV",0.00,,Y,A,-,N,,,,,,,,,,Y,3,0,1,4,A,-,09,21802,A,N,D,C,A,A,H,-,B,A,0,,,,,Y,,A,01,0,1,0,0,0,0,0,0,0,"- ","- ",,,"SAN FRANCISCO","SAN FRANCISCO",-122.48439025878906,37.744541168212891
9403922,2022,2022-03-17,3801,2022-02-14,0852,892,SOUTH,1,5,7,3801,0,0,0,,0,0B3,"MISSION ST","8TH ST",0.00,,Y,A,-,N,,,,,,,,,,N,4,0,1,2,A,-,04,21703,,N,C,G,A,A,H,-,A,A,0,,Y,,,Y,,A,07,0,0,1,0,0,0,1,0,0,"- ","- ",,,"SAN FRANCISCO","SAN FRANCISCO",-122.41315460205078,37.7774658203125
9403926,2022,2022-03-17,3801,2022-02-02,1848,2102,BAYVI,3,5,7,3801,0,0,0,,0,3C12D,"OAKDALE AV","PHELPS ST",0.00,,Y,A,-,N,,,,,,,,,,Y,4,0,1,2,A,-,12,22450,A,F,D,C,A,A,H,-,C,A,0,,,,,Y,,A,01,0,0,1,0,0,0,0,0,0,"- ","- ",,,"SAN FRANCISCO","SAN FRANCISCO",-122.39408874511719,37.736721038818359