CASE_ID,ACCIDENT_YEAR,PROC_DATE,JURIS,COLLISION_DATE,COLLISION_TIME,OFFICER_ID,REPORTING_DISTRICT,DAY_OF_WEEK,CHP_SHIFT,POPULATION,CNTY_CITY_LOC,SPECIAL_COND,BEAT_TYPE,CHP_BEAT_TYPE,CITY_DIVISION_LAPD,CHP_BEAT_CLASS,BEAT_NUMBER,PRIMARY_RD,SECONDARY_RD,DISTANCE,DIRECTION,INTERSECTION,WEATHER_1,WEATHER_2,STATE_HWY_IND,CALTRANS_COUNTY,CALTRANS_DISTRICT,STATE_ROUTE,ROUTE_SUFFIX,POSTMILE_PREFIX,POSTMILE,LOCATION_TYPE,RAMP_INTERSECTION,SIDE_OF_HWY,TOW_AWAY,COLLISION_SEVERITY,NUMBER_KILLED,NUMBER_INJURED,PARTY_COUNT,PRIMARY_COLL_FACTOR,PCF_CODE_OF_VIOL,PCF_VIOL_CATEGORY,PCF_VIOLATION,PCF_VIOL_SUBSECTION,HIT_AND_RUN,TYPE_OF_COLLISION,MVIW,PED_ACTION,ROAD_SURFACE,ROAD_COND_1,ROAD_COND_2,LIGHTING,CONTROL_DEVICE,CHP_ROAD_TYPE,PEDESTRIAN_ACCIDENT,BICYCLE_ACCIDENT,MOTORCYCLE_ACCIDENT,TRUCK_ACCIDENT,NOT_PRIVATE_PROPERTY,ALCOHOL_INVOLVED,STWD_VEHTYPE_AT_FAULT,CHP_VEHTYPE_AT_FAULT,COUNT_SEVERE_INJ,COUNT_VISIBLE_INJ,COUNT_COMPLAINT_PAIN,COUNT_PED_KILLED,COUNT_PED_INJURED,COUNT_BICYCLIST_KILLED,COUNT_BICYCLIST_INJURED,COUNT_MC_KILLED,COUNT_MC_INJURED,PRIMARY_RAMP,SECONDARY_RAMP,LATITUDE,LONGITUDE,COUNTY,CITY,POINT_X,POINT_Y
9410031,2022,2022-12-05,3801,2022-02-11,1350,1052,RICHM,5,5,7,3801,0,0,0,,0,3G12C,"ANZA ST","PARK PRESIDIO BL",17.00,E,N,A,-,N,,,,,,,,,,N,3,0,1,2,A,-,10,21950,A,N,G,B,B,A,H,-,A,A,0,Y,,,,Y,,A,01,0,1,0,0,1,0,0,0,0,"- ","- ",,,"SAN FRANCISCO","SAN FRANCISCO",-122.47212982177734,37.778720855712891
9410033,2022,2022-12-05,3801,2022-02-08,2113,2427,SOUTH,2,5,7,3801,0,0,0,,0,003,"NATOMA ST","7TH ST",0.00,,Y,A,-,N,,,,,,,,,,N,4,0,1,2,A,-,08,22107,,F,B,C,A,A,H,-,C,A,0,,,Y,,Y,,-,,0,0,1,0,0,0,0,0,1,"- ","- ",,,"SAN FRANCISCO","SAN FRANCISCO",-122.40989685058594,37.778400421142578
9410035,2022,2022-03-17,3801,2022-02-02,1800,1660,SOUTH,3,5,7,3801,0,0,0,,0,3B13D,"3RD ST","STILLMAN ST",0.00,,Y,A,-,N,,,,,,,,,,N,4,0,1,2,A,-,09,21804,A,N,D,D,A,A,H,-,C,A,0,,,,,Y,,A,01,0,0,1,0,0,0,0,0,0,"- ","- ",,,"SAN FRANCISCO","SAN FRANCISCO",-122.39640808105469,37.781749725341797
9410037,2022,2022-04-08,3801,2022-02-06,1250,4117,TARAV,7,5,7,3801,0,0,0,,0,3I13A,"JUDAH ST","37TH AV",0.00,,Y,A,-,N,,,,,,,,,,N,4,0,2,2,A,-,09,21802,A,N,B,C,A,A,-,-,A,A,0,,,,,Y,,-,"- ",0,0,2,0,0,0,0,0,0,"- ","- ",,,"SAN FRANCISCO","SAN FRANCISCO",-122.49630737304688,37.760841369628906
9410038,2022,2022-04-08,3801,2022-02-05,1215,1875,TARAV,6,5,7,3801,0,0,0,,0,3I15B,"19TH AV","JUDAH ST",0.00,,Y,A,-,N,,,,,,,,,,N,2,0,1,2,A,-,11,21456,,N,G,B,B,A,H,-,A,A,0,Y,,,,Y,,N,60,1,0,0,0,1,0,0,0,0,"- ","- ",,,"SAN FRANCISCO","SAN FRANCISCO",-122.47702789306641,37.761695861816406
9410039,2022,2022-03-22,3801,2022-02-08,1545,469,MISSI,2,5,7,3801,0,0,0,,0,3D15D,"15TH ST","VALENCIA ST",0.00,,Y,A,-,N,,,,,,,,,,N,3,0,1,2,A,-,09,21801,,N,D,J,A,A,H,-,A,A,0,,,,,Y,,A,01,0,1,0,0,0,0,0,0,0,"- ","- ",,,"SAN FRANCISCO","SAN FRANCISCO",-122.42203521728516,37.766529083251953
9410040,2022,2022-05-10,3801,2022-02-08,2047,1414,MISSI,2,5,7,3801,0,0,0,,0,3D11E,"DOLORES ST","16TH ST",0.00,,Y,A,-,N,,,,,,,,,,Y,4,0,2,2,A,-,09,21801,A,N,D,C,A,A,H,-,C,A,0,,,,,Y,,A,01,0,0,2,0,0,0,0,0,0,"- ","- ",,,"SAN FRANCISCO","SAN FRANCISCO",-122.42644500732422,37.764640808105469
9410041,2022,2022-03-16,3801,2022-02-09,2016,2409,CENTR,3,5,7,3801,0,0,0,,0,3A13E,"PINE ST","MASON ST",0.00,,Y,A,-,N,,,,,,,,,,N,4,0,2,2,A,-,03,22350,,F,C,C,A,A,H,-,C,A,0,,,,,Y,,-,,0,0,2,0,0,0,0,0,0,"- ","- ",,,"SAN FRANCISCO","SAN FRANCISCO",-122.41062164306641,37.790874481201172
9410042,2022,2022-03-30,3801,2022-02-08,1508,1438,INGLE,2,5,7,3801,0,0,0,,0,4CAR,"MONTEREY BL","BADEN ST",0.00,,Y,A,-,N,,,,,,,,,,N,4,0,1,2,A,-,12,22450,A,N,D,C,A,A,H,-,A,D,0,,,,,Y,,-,"- ",0,0,1,0,0,0,0,0,0,"- ","- ",,,"SAN FRANCISCO","SAN FRANCISCO",-122.43972778320312,37.731609344482422
9410043,2022,2022-03-16,3801,2022-02-08,1830,1542,INGLE,2,5,7,3801,0,0,0,,0,,"SAN JOSE AV","PILGRAM ST",36.00,S,N,A,-,N,,,,,,,,,,,4,0,1,1,A,-,07,21658,A,N,E,I,A,A,H,-,C,A,0,,,,,Y,,A,01,0,0,1,0,0,0,0,0,0,"- ","- ",,,"SAN FRANCISCO","SAN FRANCISCO",-122.43968200683594,37.729209899902344
9410044,2022,2022-03-16,3801,2022-02-06,1043,1377,INGLE,7,5,7,3801,0,0,0,,0,3H15A,"PERSIA AV","LISBON ST",3.00,E,N,A,-,N,,,,,,,,,,Y,4,0,1,2,A,-,10,21950,A,N,G,B,B,A,H,-,A,A,0,Y,,,,Y,,A,07,0,0,1,0,1,0,0,0,0,"- ","- ",,,"SAN FRANCISCO","SAN FRANCISCO",-122.43357849121094,37.722003936767578
9410045,2022,2022-03-16,3801,2022-02-10,2357,901,INGLE,4,5,7,3801,0,0,0,,0,3H13E,"PERSIA AV","NAPLES ST",0.00,,Y,A,-,N,,,,,,,,,,Y,4,0,1,2,A,-,12,22450,A,F,D,C,A,A,H,-,C,A,0,,,,,Y,,A,01,0,0,1,0,0,0,0,0,0,"- ","- ",,,"SAN FRANCISCO","SAN FRANCISCO",-122.43121337890625,37.720863342285156
9410046,2022,2022-03-18,3801,2022-02-11,1718,2407,MISSI,5,5,7,3801,0,0,0,,0,3D11D,"VALENCIA ST","CESAR CHAVEZ ST",0.00,,Y,A,-,N,,,,,,,,,,N,3,0,1,2,A,-,09,21801,A,N,D,G,A,A,H,-,B,A,0,,Y,,,Y,,A,01,0,1,0,0,0,0,1,0,0,"- ","- ",,,"SAN FRANCISCO","SAN FRANCISCO",-122.42025756835938,37.748161315917969
9410048,2022,2022-03-17,3801,2022-02-05,2233,2494,MISSI,6,5,7,3801,0,0,0,,0,3D11E,"GUERRERO ST","17TH ST",259.00,S,N,A,-,N,,,,,,,,,,Y,4,0,1,3,A,-,07,21658,A,N,A,D,A,A,H,-,C,D,0,,,Y,,Y,,C,06,0,0,1,0,0,0,0,0,0,"- ","- ",,,"SAN FRANCISCO","SAN FRANCISCO",-122.42388153076172,37.762458801269531
9410049,2022,2022-03-17,3801,2022-02-07,0720,242,NORTH,1,5,7,3801,0,0,0,,0,,"VAN NESS AV","FELL ST",0.00,,Y,A,-,N,,,,,,,,,,Y,4,0,2,3,A,-,08,22101,D,N,D,C,B,A,H,-,A,A,0,Y,,,,Y,,A,01,0,0,2,0,1,0,0,0,0,"- ","- ",,,"SAN FRANCISCO","SAN FRANCISCO",-122.41950225830078,37.776382446289062
9410050,2022,2022-03-17,3801,2022-02-04,2125,2068,CENTR,5,5,7,3801,0,0,0,,0,3A12E,"THE EMBARCADERO NORTH",BROADWAY,0.00,,Y,A,-,N,,,,,,,,,,Y,4,0,1,1,A,-,05,21650,,N,E,I,A,A,E,-,C,A,0,,,,,Y,,A,07,0,0,1,0,0,0,0,0,0,"- ","- ",37.79901123046875,-122.39763641357422,"SAN FRANCISCO","SAN FRANCISCO",-122.39775848388672,37.799182891845703
9410051,2022,2022-03-22,3801,2022-02-07,0354,2420,CENTR,1,5,7,3801,0,0,0,,0,3A11E,"PINE ST","LEAVENWORTH ST",231.00,E,N,A,-,N,,,,,,,,,,N,3,0,1,3,A,-,03,22350,,N,C,E,A,A,H,-,C,-,0,,,,,Y,Y,A,01,0,1,0,0,0,0,0,0,0,"- ","- ",,,"SAN FRANCISCO","SAN FRANCISCO",-122.41477203369141,37.790355682373047
9410052,2022,2022-03-17,3801,2022-02-02,0830,1118,SOUTH,3,5,7,3801,0,0,0,,0,3B14A,"9TH ST","MISSION ST",0.00,,Y,A,-,N,,,,,,,,,,N,4,0,1,2,A,-,10,21950,A,N,G,B,B,A,H,-,A,A,0,Y,,,,Y,,A,01,0,0,1,0,1,0,0,0,0,"- ","- ",,,"SAN FRANCISCO","SAN FRANCISCO",-122.41471862792969,37.776241302490234
9410053,2022,2022-03-17,3801,2022-02-08,0634,892,SOUTH,2,5,7,3801,0,0,0,,0,0B3,"6TH ST","SHIPLEY ST",0.00,,Y,A,-,N,,,,,,,,,,N,2,0,1,2,A,-,11,21955,,N,G,B,D,A,H,-,B,A,0,Y,,,,Y,,N,60,1,0,0,0,1,0,0,0,0,"- ","- ",,,"SAN FRANCISCO","SAN FRANCISCO",-122.40505218505859,37.778057098388672
9410054,2022,2022-03-17,3801,2022-02-03,1313,1620,BAYVI,4,5,7,3801,0,0,0,,0,,"EVANS AV","CESAR CHAVEZ ST",0.00,,Y,A,-,N,,,,,,,,,,Y,4,0,1,2,A,-,04,21703,,N,C,C,A,A,H,-,A,A,0,,,,,Y,,A,01,0,0,1,0,0,0,0,0,0,"- ","- ",,,"SAN FRANCISCO","SAN FRANCISCO",-122.39731597900391,37.749691009521484
9410055,2022,2022-03-17,3801,2022-02-03,0805,826,BAYVI,4,5,7,3801,0,0,0,,0,,"3RD ST","CESAR CHAVEZ ST",0.00,,Y,A,-,N,,,,,,,,,,Y,4,0,2,2,A,-,03,22350,,N,D,C,A,A,H,-,A,A,0,,,,,Y,,A,01,0,0,2,0,0,0,0,0,0,"- ","- ",,,"SAN FRANCISCO","SAN FRANCISCO",-122.38768768310547,37.750228881835938
9410056,2022,2022-03-17,3801,2022-02-03,1733,2718,BAYVI,4,5,7,3801,0,0,0,,0,3C11D,"3RD ST","24TH ST",0.00,,Y,A,-,N,,,,,,,,,,N,3,0,1,2,A,-,08,22100,B,N,D,G,A,A,H,-,A,A,0,,Y,,,Y,,L,04,0,1,0,0,0,0,1,0,0,"- ","- ",,,"SAN FRANCISCO","SAN FRANCISCO",-122.38800048828125,37.754119873046875
9410057,2022,2022-03-17,3801,2022-02-05,0934,156,BAYVI,6,5,7,3801,0,0,0,,0,3C60,"PALOU AV","3RD ST",0.00,,Y,A,-,N,,,,,,,,,,N,4,0,1,2,A,-,10,21950,A,N,G,B,B,A,H,-,A,D,0,Y,,,,Y,,A,01,0,0,1,0,1,0,0,0,0,"- ","- ",,,"SAN FRANCISCO","SAN FRANCISCO",-122.39105987548828,37.734039306640625
9410058,2022,2022-03-17,3801,2022-02-04,1702,2209,MISSI,5,5,7,3801,0,0,0,,0,3D11C,"DOLORES ST","17TH ST",0.00,,Y,A,-,N,,,,,,,,,,N,4,0,1,2,A,-,09,21801,A,N,D,C,A,A,H,-,A,A,0,,,,,Y,,A,01,0,0,1,0,0,0,0,0,0,"- ","- ",,,"SAN FRANCISCO","SAN FRANCISCO",-122.42630004882812,37.763008117675781
9410059,2022,2022-03-17,3801,2022-02-04,0816,1086,CENTR,5,5,7,3801,0,0,0,,0,3A3A,"LARKIN ST","JACKSON ST",0.00,,Y,A,-,N,,,,,,,,,,N,3,0,1,2,A,-,10,21950,A,N,G,B,B,A,H,-,A,D,0,Y,,,,Y,,A,01,0,1,0,0,1,0,0,0,0,"- ","- ",,,"SAN FRANCISCO","SAN FRANCISCO",-122.41976165771484,37.794349670410156
9410060,2022,2022-03-18,3801,2022-02-03,1307,86,TARAV,4,5,7,3801,0,0,0,,0,3I3,"GREAT HWY","LINCOLN WY",25.00,S,N,A,-,N,,,,,,,,,,N,2,0,1,2,A,-,03,22350,,F,G,B,E,A,H,-,A,A,0,Y,,,,Y,,A,01,1,0,0,0,1,0,0,0,0,"- ","- ",,,"SAN FRANCISCO","SAN FRANCISCO",-122.51044464111328,37.763973236083984
9410075,2022,2022-04-21,3801,2022-01-27,1915,1544,CENTR,4,5,7,3801,0,0,0,,0,3A13D,"BAY ST",COLUMBUS,132.00,W,N,A,-,N,,,,,,,,,,N,4,0,1,2,A,-,03,22350,A,F,C,C,A,A,H,-,C,D,0,,,,,Y,,A,07,0,0,1,0,0,0,0,0,0,"- ","- ",,,"SAN FRANCISCO","SAN FRANCISCO",-122.41764831542969,37.805137634277344
9410076,2022,2022-03-11,3801,2022-01-28,1827,1207,SOUTH,5,5,7,3801,0,0,0,,0,3B14D,"MARKET ST","OCTAVIA ST",0.00,,Y,A,B,N,,,,,,,,,,Y,4,0,1,2,A,-,09,21803,B,N,D,C,A,A,H,-,C,A,0,,,Y,,Y,,C,03,0,0,1,0,0,0,0,0,1,"- ","- ",,,"SAN FRANCISCO","SAN FRANCISCO",-122.42359161376953,37.771774291992188
9410077,2022,2022-05-10,3801,2022-01-31,0028,158,INGLE,1,5,7,3801,0,0,0,,0,,"GENEVA AV","NAPLES ST",0.00,,Y,A,-,N,,,,,,,,,,N,4,0,1,2,A,-,04,21703,,F,C,C,A,A,H,-,C,A,0,,,,,Y,Y,A,01,0,0,1,0,0,0,0,0,0,"- ","- ",,,"SAN FRANCISCO","SAN FRANCISCO",-122.43618774414062,37.714210510253906
9410078,2022,2022-03-11,3801,2022-01-22,1637,1039,MISSI,6,5,7,3801,0,0,0,,0,,"DOLORES ST","CHULA LN",36.00,S,N,A,-,N,,,,,,,,,,,3,0,1,2,D,-,00,,,N,B,G,A,A,H,-,A,D,0,,Y,,,Y,,-,"- ",0,1,0,0,0,0,1,0,0,"- ","- ",,,"SAN FRANCISCO","SAN FRANCISCO",-122.42636871337891,37.763839721679688
9410079,2022,2022-03-11,3801,2022-01-19,1915,1148,MISSI,3,5,7,3801,0,0,0,,0,3D14D,"CESAR CHAVEZ ST","ALABAMA ST",0.00,,Y,A,-,N,,,,,,,,,,N,4,0,1,2,A,-,09,21801,,N,D,C,A,A,H,-,C,A,0,,,Y,,Y,,B,01,0,0,1,0,0,0,0,0,1,"- ","- ",,,"SAN FRANCISCO","SAN FRANCISCO",-122.41054534912109,37.748374938964844
9410080,2022,2022-03-11,3801,2022-01-30,1930,1858,BAYVI,7,5,7,3801,0,0,0,,0,3C12D,"SELBY ST","PALOU AV",0.00,,Y,A,-,N,,,,,,,,,,N,4,0,1,2,A,-,03,22350,,N,D,C,A,A,H,-,C,A,0,,,,,Y,,A,01,0,0,1,0,0,0,0,0,0,"- ","- ",,,"SAN FRANCISCO","SAN FRANCISCO",-122.40026092529297,37.739284515380859
9410081,2022,2022-03-14,3801,2022-01-29,1445,1462,MISSI,6,5,7,3801,0,0,0,,0,3D2C,"CESAR CHAVEZ ST","HARRISON ST",0.00,,Y,A,-,N,,,,,,,,,,N,3,0,1,2,A,-,08,22107,,N,D,J,A,A,H,-,A,D,0,,,,,Y,,A,01,0,1,0,0,0,0,0,0,0,"- ","- ",,,"SAN FRANCISCO","SAN FRANCISCO",-122.41151428222656,37.748359680175781
9410082,2022,2022-03-14,3801,2022-01-28,1650,969,MISSI,5,5,7,3801,0,0,0,,0,6CAR,"16TH ST","SAN BRUNO AV",0.00,,Y,A,-,N,,,,,,,,,,N,3,0,1,2,D,-,00,,,N,H,G,A,A,H,-,A,A,0,,Y,,,Y,,-,"- ",0,1,0,0,0,0,0,0,0,"- ","- ",,,"SAN FRANCISCO","SAN FRANCISCO",-122.40557098388672,37.765888214111328
9410086,2022,2022-03-14,3801,2022-01-25,1125,624,NORTH,2,5,7,3801,0,0,0,,0,004,"WEBSTER ST","SUTTER ST",12.00,S,N,A,-,N,,,,,,,,,,N,4,0,1,2,C,-,18,,,N,-,C,A,A,H,-,A,A,0,,,,,Y,,-,"- ",0,0,1,0,0,0,0,0,0,"- ","- ",,,"SAN FRANCISCO","SAN FRANCISCO",-122.43167877197266,37.786258697509766
9410087,2022,2022-03-14,3801,2022-01-25,0835,1339,NORTH,2,5,7,3801,0,0,0,,0,3E11A,"FELL ST","LAGUNA ST",0.00,,Y,A,-,N,,,,,,,,,,Y,4,0,2,2,A,-,08,22107,,F,B,C,A,-,H,-,A,A,0,,,,,Y,,A,01,0,0,2,0,0,0,0,0,0,"- ","- ",,,"SAN FRANCISCO","SAN FRANCISCO",-122.42610168457031,37.775527954101562
9410088,2022,2022-03-14,3801,2022-01-25,1548,1750,NORTH,2,5,7,3801,0,0,0,,0,0E5,"MARINA BL","FILLMORE ST",10.00,E,N,A,-,N,,,,,,,,,,N,3,0,1,2,A,-,03,22350,,F,G,B,F,A,H,-,A,D,0,Y,Y,,,Y,,L,04,0,1,0,0,1,0,0,0,0,"- ","- ",,,"SAN FRANCISCO","SAN FRANCISCO",-122.43740844726562,37.806404113769531
9410089,2022,2022-03-14,3801,2022-01-25,1614,2215,NORTH,2,5,7,3801,0,0,0,,0,3E12D,"LOMBARD ST","SCOTT ST",60.00,W,N,A,-,N,,,,,,,,,,N,3,0,1,1,A,-,04,21703,,N,F,A,A,A,H,-,A,A,0,,,Y,,Y,,C,02,0,1,0,0,0,0,0,0,1,"- ","- ",,,"SAN FRANCISCO","SAN FRANCISCO",-122.44120788574219,37.799186706542969
9410090,2022,2022-03-14,3801,2022-01-25,1727,2733,SOUTH,2,5,7,3801,0,0,0,,0,0B5,"17TH ST","ARKANSAS ST",0.00,,Y,A,-,N,,,,,,,,,,N,4,0,1,2,A,-,08,22107,,N,C,G,A,A,D,-,C,D,0,,Y,,,Y,,L,04,0,0,1,0,0,0,1,0,0,"- ","- ",,,"SAN FRANCISCO","SAN FRANCISCO",-122.39869689941406,37.765026092529297
9410091,2022,2022-03-22,3801,2022-01-27,1832,2132,PARK,4,5,7,3801,0,0,0,,0,3F11D,"FREDERICK ST","COLE ST",0.00,,Y,A,-,N,,,,,,,,,,N,4,0,1,2,-,-,"- ",,A,N,-,J,A,A,H,-,C,A,0,,,,,Y,,M,95,0,0,1,0,0,0,0,0,0,"- ","- ",,,"SAN FRANCISCO","SAN FRANCISCO",-122.45016479492188,37.766735076904297
9410092,2022,2022-03-14,3801,2022-01-28,0216,2023,PARK,5,5,7,3801,0,0,0,,0,004,"LAGUNA ST","HAIGHT ST",100.00,S,N,A,-,N,,,,,,,,,,Y,3,0,1,7,A,-,03,22350,,N,A,C,A,A,H,-,C,D,0,,,,,Y,,A,01,0,1,0,0,0,0,0,0,0,"- ","- ",,,"SAN FRANCISCO","SAN FRANCISCO",-122.42545318603516,37.772468566894531
9410108,2022,2022-03-14,3801,2022-01-28,2010,93,NORTH,5,5,7,3801,0,0,0,,0,3E76,"POLK ST","CLAY ST",55.00,S,N,A,-,N,,,,,,,,,,N,4,0,1,1,B,-,22,,,N,H,A,A,A,H,-,D,A,0,,,Y,,Y,,C,02,0,0,1,0,0,0,0,0,1,"- ","- ",,,"SAN FRANCISCO","SAN FRANCISCO",-122.4210205078125,37.792240142822266
9410109,2022,2022-03-14,3801,2022-01-29,0139,1574,NORTH,6,5,7,3801,0,0,0,,0,3E13E,"GEARY ST","POLK ST",0.00,,Y,A,-,N,,,,,,,,,,Y,4,0,1,2,A,-,17,21657,,F,A,C,A,A,H,-,C,A,0,,,,,Y,,A,01,0,0,1,0,0,0,0,0,0,"- ","- ",,,"SAN FRANCISCO","SAN FRANCISCO",-122.41973876953125,37.785896301269531
9410110,2022,2022-03-14,3801,2022-01-26,0802,4283,RICHM,3,5,7,3801,0,0,0,,0,4CAR,"ANZA ST","26TH AV",0.00,,Y,A,-,N,,,,,,,,,,Y,3,0,1,3,A,-,12,22450,,N,D,C,A,A,H,-,A,A,0,,,,,Y,,A,01,0,1,0,0,0,0,0,0,0,"- ","- ",,,"SAN FRANCISCO","SAN FRANCISCO",-122.48567199707031,37.778110504150391
9410111,2022,2022-03-14,3801,2022-01-29,2128,1688,BAYVI,6,5,7,3801,0,0,0,,0,3C11E,"INDIANA ST","23RD ST",0.00,,Y,A,-,N,,,,,,,,,,N,3,0,1,2,A,-,12,22450,A,N,D,G,A,A,H,-,C,D,0,,Y,,,Y,,L,04,0,1,0,0,0,0,1,0,0,"- ","- ",,,"SAN FRANCISCO","SAN FRANCISCO",-122.39093017578125,37.755214691162109
9410112,2022,2022-03-14,3801,2022-01-28,0833,311,PARK,5,5,7,3801,0,0,0,,0,3F13A,MCALLISTER,"MCALLISTER 1833",0.00,,N,A,-,N,,,,,,,,,,N,4,0,1,2,A,-,09,21806,,F,G,B,E,A,H,-,A,A,0,Y,,,,Y,,A,01,0,0,1,0,1,0,0,0,0,"- ","- ",,,"SAN FRANCISCO","SAN FRANCISCO",,
9410113,2022,2022-03-14,3801,2022-01-31,0625,2339,PARK,1,5,7,3801,0,0,0,,0,3F14A,"11TH ST","MISSION ST",0.00,,Y,A,-,N,,,,,,,,,,N,4,0,1,2,D,-,00,,,F,G,B,B,A,H,-,B,A,0,Y,,,,Y,,-,"- ",0,0,1,0,1,0,0,0,0,"- ","- ",,,"SAN FRANCISCO","SAN FRANCISCO",-122.41709899902344,37.774330139160156
9410114,2022,2022-03-14,3801,2022-01-09,1825,4041,TARAV,7,5,7,3801,0,0,0,,0,3I13D,"JUDAH ST","9TH AV",0.00,,Y,A,-,N,,,,,,,,,,Y,4,0,2,2,A,-,12,21453,A,N,D,C,A,A,H,-,C,A,0,,,,,Y,,A,01,0,0,2,0,0,0,0,0,0,"- ","- ",,,"SAN FRANCISCO","SAN FRANCISCO",-122.46617889404297,37.762180328369141
9410115,2022,2022-03-14,3801,2022-01-29,2235,2457,SOUTH,6,5,7,3801,0,0,0,,0,3B14E,"BRYANT ST","5TH ST",0.00,,Y,A,-,N,,,,,,,,,,Y,4,0,1,2,A,-,03,22350,,N,D,C,A,A,H,-,C,A,0,,,,,Y,,A,01,0,0,1,0,0,0,0,0,0,"- ","- ",,,"SAN FRANCISCO","SAN FRANCISCO",-122.40029144287109,37.777797698974609
9410116,2022,2022-03-14,3801,2022-01-31,2120,2400,NORTH,1,5,7,3801,0,0,0,,0,3CAR,"PINE ST","POLK ST",10.00,W,N,A,-,N,,,,,,,,,,N,3,0,1,2,A,-,10,21950,A,F,G,B,B,A,H,-,B,A,0,Y,,,,Y,,A,01,0,1,0,0,1,0,0,0,0,"- ","- ",,,"SAN FRANCISCO","SAN FRANCISCO",-122.4205322265625,37.789634704589844
9410117,2022,2022-03-14,3801,2022-01-31,1818,1286,SOUTH,1,5,7,3801,0,0,0,,0,3B2,"5TH ST","FOLSOM ST",93.00,S,N,A,-,N,,,,,,,,,,N,2,0,1,2,A,-,05,21650,1,N,A,-,A,A,H,-,C,A,0,,Y,,,Y,,L,04,1,0,0,0,0,0,1,0,0,"- ","- ",,,"SAN FRANCISCO","SAN FRANCISCO",-122.40317535400391,37.780086517333984
9410118,2022,2022-03-14,3801,2022-01-27,1220,4132,MISSI,4,5,7,3801,0,0,0,,0,1CAR,"17TH ST","CHURCH ST",0.00,,Y,A,-,N,,,,,,,,,,Y,3,0,2,2,A,-,03,22350,,N,C,E,A,A,H,-,A,A,0,,,,,Y,,A,01,0,1,1,0,0,0,0,0,0,"- ","- ",,,"SAN FRANCISCO","SAN FRANCISCO",-122.42851257324219,37.762882232666016
9410119,2022,2022-04-21,3801,2022-01-31,0034,1955,MISSI,1,5,7,3801,0,0,0,,0,3D105,"POTRERO AV","23RD ST",12.00,S,N,A,-,N,,,,,,,,,,N,4,0,1,2,A,-,17,22517,,N,B,C,A,-,H,-,C,A,0,,Y,,,Y,,A,01,0,0,1,0,0,0,1,0,0,"- ","- ",,,"SAN FRANCISCO","SAN FRANCISCO",-122.40646362304688,37.754547119140625
9410120,2022,2022-03-14,3801,2022-01-30,1910,969,MISSI,7,5,7,3801,0,0,0,,0,3D13D,"GUERRERO ST","22ND ST",0.00,,Y,A,-,N,,,,,,,,,,N,4,0,1,2,A,-,10,21950,A,N,-,B,B,A,H,-,C,A,0,Y,,,,Y,,A,01,0,0,1,0,1,0,0,0,0,"- ","- ",,,"SAN FRANCISCO","SAN FRANCISCO",-122.42317962646484,37.755180358886719
9410126,2022,2022-04-19,3801,2022-01-30,1454,2450,INGLE,7,5,7,3801,0,0,0,,0,,"RUSSIA AV","PARIS ST",0.00,,Y,-,-,N,,,,,,,,,,N,3,0,2,2,-,-,"- ",,,N,-,-,A,-,-,-,-,-,0,,,,,Y,,A,01,0,1,1,0,0,0,0,0,0,"- ","- ",,,"SAN FRANCISCO","SAN FRANCISCO",-122.43558502197266,37.720798492431641
9410378,2022,2022-03-17,3801,2022-01-31,1859,2050,NORTH,1,5,7,3801,0,0,0,,0,,"STEINER ST","PACIFIC ST",6.00,S,N,A,-,N,,,,,,,,,,N,4,0,1,2,A,-,10,21950,,N,D,B,B,A,H,-,C,-,0,Y,,,,Y,,A,01,0,0,1,0,1,0,0,0,0,"- ","- ",,,"SAN FRANCISCO","SAN FRANCISCO",-122.43637847900391,37.793125152587891
9410501,2022,2022-02-16,3801,2022-01-05,0645,282,TARAV,3,5,7,3801,0,0,0,,0,3I11A,"19TH AV","RIVERA ST",0.00,,Y,B,-,N,,,,,,,,,,Y,3,0,2,2,A,-,03,22350,,N,B,C,A,B,H,-,B,D,0,,,,,Y,,A,01,0,1,1,0,0,0,0,0,0,"- ","- ",,,"SAN FRANCISCO","SAN FRANCISCO",-122.47592163085938,37.746772766113281
9410502,2022,2022-02-16,3801,2022-01-11,1852,309,TARAV,2,5,7,3801,0,0,0,,0,3I16D,"LAKE MERCED BL","WINSTON DR",0.00,,Y,A,-,N,,,,,,,,,,N,4,0,2,2,A,-,04,21703,,N,C,C,A,A,H,-,C,A,0,,,,,Y,,A,01,0,0,2,0,0,0,0,0,0,"- ","- ",,,"SAN FRANCISCO","SAN FRANCISCO",-122.48397064208984,37.727001190185547
9410503,2022,2022-03-14,3801,2022-01-14,0900,826,BAYVI,5,5,7,3801,0,0,0,,0,03C,"DIVISADERO ST","OAK ST",50.00,N,N,A,-,N,,,,,,,,,,N,4,0,1,2,A,-,08,22107,,N,B,C,A,A,H,-,A,D,0,,,,,Y,,A,01,0,0,1,0,0,0,0,0,0,"- ","- ",,,"SAN FRANCISCO","SAN FRANCISCO",-122.43745422363281,37.773277282714844
9410521,2022,2022-02-17,3801,2022-01-11,1122,4274,RICHM,2,5,7,3801,0,0,0,,0,3G1,"MARTIN LUTHER KING JR DR","CROSSOVER DR",0.00,,Y,A,-,N,,,,,,,,,,N,4,0,1,1,D,-,00,,,N,F,J,A,A,H,-,A,A,0,,,Y,,Y,,-,"- ",0,0,1,0,0,0,0,0,1,"- ","- ",,,"SAN FRANCISCO","SAN FRANCISCO",-122.47737884521484,37.766044616699219
9410523,2022,2022-02-15,3801,2022-01-11,1528,2479,NORTH,2,5,7,3801,0,0,0,,0,3E14D,"WASHINGTON ST","WEBSTER ST",3.00,S,N,A,-,N,,,,,,,,,,N,3,0,1,2,A,-,10,21950,A,N,G,B,B,A,H,-,A,A,0,Y,,,,Y,,A,01,0,1,0,0,1,0,0,0,0,"- ","- ",,,"SAN FRANCISCO","SAN FRANCISCO",-122.43274688720703,37.791797637939453