CASE_ID,ACCIDENT_YEAR,PROC_DATE,JURIS,COLLISION_DATE,COLLISION_TIME,OFFICER_ID,REPORTING_DISTRICT,DAY_OF_WEEK,CHP_SHIFT,POPULATION,CNTY_CITY_LOC,SPECIAL_COND,BEAT_TYPE,CHP_BEAT_TYPE,CITY_DIVISION_LAPD,CHP_BEAT_CLASS,BEAT_NUMBER,PRIMARY_RD,SECONDARY_RD,DISTANCE,DIRECTION,INTERSECTION,WEATHER_1,WEATHER_2,STATE_HWY_IND,CALTRANS_COUNTY,CALTRANS_DISTRICT,STATE_ROUTE,ROUTE_SUFFIX,POSTMILE_PREFIX,POSTMILE,LOCATION_TYPE,RAMP_INTERSECTION,SIDE_OF_HWY,TOW_AWAY,COLLISION_SEVERITY,NUMBER_KILLED,NUMBER_INJURED,PARTY_COUNT,PRIMARY_COLL_FACTOR,PCF_CODE_OF_VIOL,PCF_VIOL_CATEGORY,PCF_VIOLATION,PCF_VIOL_SUBSECTION,HIT_AND_RUN,TYPE_OF_COLLISION,MVIW,PED_ACTION,ROAD_SURFACE,ROAD_COND_1,ROAD_COND_2,LIGHTING,CONTROL_DEVICE,CHP_ROAD_TYPE,PEDESTRIAN_ACCIDENT,BICYCLE_ACCIDENT,MOTORCYCLE_ACCIDENT,TRUCK_ACCIDENT,NOT_PRIVATE_PROPERTY,ALCOHOL_INVOLVED,STWD_VEHTYPE_AT_FAULT,CHP_VEHTYPE_AT_FAULT,COUNT_SEVERE_INJ,COUNT_VISIBLE_INJ,COUNT_COMPLAINT_PAIN,COUNT_PED_KILLED,COUNT_PED_INJURED,COUNT_BICYCLIST_KILLED,COUNT_BICYCLIST_INJURED,COUNT_MC_KILLED,COUNT_MC_INJURED,PRIMARY_RAMP,SECONDARY_RAMP,LATITUDE,LONGITUDE,COUNTY,CITY,POINT_X,POINT_Y
9410525,2022,2022-02-15,3801,2022-01-10,1745,1909,NORTH,1,5,7,3801,0,0,0,,0,3E15D,"BRODERICK ST","LOMBARD ST",0.00,,Y,A,-,N,,,,,,,,,,N,3,0,1,2,A,-,12,21453,A,N,D,C,A,A,H,-,C,A,0,,,Y,,Y,,A,07,0,1,0,0,0,0,0,0,1,"- ","- ",,,"SAN FRANCISCO","SAN FRANCISCO",-122.44432830810547,37.798801422119141
9410526,2022,2022-03-25,3801,2022-01-13,1203,2727,TARAV,4,5,7,3801,0,0,0,,0,3I13A,"GREAT HWY","NORIEGA ST",150.00,N,N,A,-,N,,,,,,,,,,Y,4,0,1,2,A,-,03,22350,,N,C,C,A,A,H,-,A,D,0,,,,,Y,,A,01,0,0,1,0,0,0,0,0,0,"- ","- ",,,"SAN FRANCISCO","SAN FRANCISCO",-122.50849151611328,37.753238677978516
9410527,2022,2022-03-02,3801,2022-01-13,1205,4095,RICHM,4,5,7,3801,0,0,0,,0,001,"GREAT HWY","LINCOLN WY",1282.00,N,N,A,-,N,,,,,,,,,,Y,4,0,1,1,A,-,03,22350,,N,F,I,A,A,H,-,A,D,0,,,,,Y,,A,07,0,0,1,0,0,0,0,0,0,"- ","- ",,,"SAN FRANCISCO","SAN FRANCISCO",-122.510498046875,37.767555236816406
9410528,2022,2022-02-17,3801,2022-01-11,0822,2263,TARAV,2,5,7,3801,0,0,0,,0,3I13A,"37TH AV",ULLOA,0.00,,Y,A,-,N,,,,,,,,,,Y,4,0,1,2,A,-,09,21802,A,N,D,C,A,A,H,-,A,A,0,,,,,Y,,A,01,0,0,1,0,0,0,0,0,0,"- ","- ",,,"SAN FRANCISCO","SAN FRANCISCO",-122.49485015869141,37.740337371826172
9410529,2022,2022-02-15,3801,2022-01-10,2500,4265,INGLE,1,5,7,3801,0,0,0,,0,3H16A,"MISSION ST","TINGLEY ST",0.00,,Y,A,-,N,,,,,,,,,,Y,2,0,2,2,A,-,08,22107,,N,D,C,A,A,H,-,A,A,0,,,,,Y,,A,01,1,0,1,0,0,0,0,0,0,"- ","- ",,,"SAN FRANCISCO","SAN FRANCISCO",-122.43177795410156,37.728244781494141
9410531,2022,2022-02-15,3801,2022-01-13,0653,2001,INGLE,4,5,7,3801,0,0,0,,0,003,"ALEMANY BL",CONGDON,0.00,,Y,A,-,N,,,,,,,,,,Y,4,0,2,2,A,-,09,21801,A,N,D,C,A,A,H,-,B,A,0,,,,,Y,,A,01,0,0,2,0,0,0,0,0,0,"- ","- ",,,"SAN FRANCISCO","SAN FRANCISCO",-122.42619323730469,37.731166839599609
9410532,2022,2022-02-15,3801,2022-01-01,2121,367,CENTR,6,5,7,3801,0,0,0,,0,3A13E,"UNION ST","POWELL ST",0.00,,Y,A,-,N,,,,,,,,,,N,4,0,1,2,A,-,10,21950,A,F,G,B,B,A,H,-,C,A,0,Y,,,,Y,,A,01,0,0,1,0,1,0,0,0,0,"- ","- ",,,"SAN FRANCISCO","SAN FRANCISCO",-122.41083526611328,37.800243377685547
9410533,2022,2022-02-15,3801,2022-01-03,1802,299,CENTR,1,5,7,3801,0,0,0,,0,3A12D,"POST ST","GRANT ST",0.00,,Y,-,-,N,,,,,,,,,,N,4,0,1,2,A,-,04,21703,,N,C,-,A,A,-,-,C,A,0,,,,,Y,,A,01,0,0,1,0,0,0,0,0,0,"- ","- ",,,"SAN FRANCISCO","SAN FRANCISCO",-122.40522003173828,37.7886962890625
9410534,2022,2022-02-15,3801,2022-01-01,0316,2708,SOUTH,6,5,7,3801,0,0,0,,0,3B12E,"BERRY ST","4TH ST",0.00,,Y,A,-,N,,,,,,,,,,Y,4,0,5,2,A,-,05,21651,A,F,D,C,A,A,H,-,C,A,0,,,,,Y,,A,01,0,0,5,0,0,0,0,0,0,"- ","- ",,,"SAN FRANCISCO","SAN FRANCISCO",-122.39334106445312,37.775779724121094
9410535,2022,2022-02-15,3801,2022-01-01,0719,1388,TARAV,6,5,7,3801,0,0,0,,0,3I13A,"LINCOLN WY","38TH AV",0.00,,Y,A,-,N,,,,,,,,,,Y,4,0,1,1,A,-,07,21658,A,N,A,J,A,A,H,-,A,A,0,,,,,Y,,A,01,0,0,1,0,0,0,0,0,0,"- ","- ",,,"SAN FRANCISCO","SAN FRANCISCO",-122.49761962890625,37.764549255371094
9410536,2022,2022-02-17,3801,2022-01-01,1300,964,NORTH,6,5,7,3801,0,0,0,,0,3E44C,"LAGUNA ST","TURK ST",0.00,,Y,A,-,N,,,,,,,,,,N,3,0,1,2,A,-,08,22107,,F,G,C,A,A,H,-,A,A,0,,,,,Y,,A,01,0,1,0,0,0,0,0,0,0,"- ","- ",,,"SAN FRANCISCO","SAN FRANCISCO",-122.42720031738281,37.781116485595703
9410537,2022,2022-02-15,3801,2022-01-04,2148,1385,SOUTH,2,5,7,3801,0,0,0,,0,004,"9TH ST","MISSION ST",0.00,,Y,A,C,N,,,,,,,,,,N,3,0,1,2,A,-,11,21456,C,F,G,B,B,A,H,-,C,A,0,Y,,,,Y,,N,60,0,1,0,0,1,0,0,0,0,"- ","- ",,,"SAN FRANCISCO","SAN FRANCISCO",-122.41471862792969,37.776241302490234
9410538,2022,2022-02-15,3801,2022-01-04,1322,310,SOUTH,2,5,7,3801,0,0,0,,0,3B12C,"DIVISION ST","BRYANT ST",0.00,,Y,B,-,N,,,,,,,,,,Y,4,0,1,2,A,-,09,21453,C,F,D,C,A,B,H,-,A,A,0,,,,,Y,,A,01,0,0,1,0,0,0,0,0,0,"- ","- ",,,"SAN FRANCISCO","SAN FRANCISCO",-122.41082000732422,37.769309997558594
9414273,2022,2022-03-25,3801,2022-02-08,1845,1590,PARK,2,5,7,3801,0,0,0,,0,3F00,"LINCOLN WY","19TH AV",0.00,,Y,-,-,Y,SF,4,1,-,-,4.050,I,6,S,N,4,0,1,2,A,-,03,22350,,N,-,-,A,-,-,-,-,-,0,,,Y,,Y,,C,02,0,0,1,0,0,0,0,0,1,"- ","- ",,,"SAN FRANCISCO","SAN FRANCISCO",-122.47740936279297,37.765464782714844
9414365,2021,2022-03-25,3801,2021-01-03,1840,4314,RICHM,7,5,7,3801,0,0,0,,0,0G1,"CROSSOVER DR","MARTIN LUTHER KING JR DR",205.00,N,N,B,C,Y,SF,4,1,-,-,4.140,H,-,S,Y,4,0,4,4,A,-,08,22107,,N,B,C,A,B,H,-,C,D,0,,,,,Y,,A,01,0,0,4,0,0,0,0,0,0,"- ","- ",,,"SAN FRANCISCO","SAN FRANCISCO",-122.47765350341797,37.766632080078125
9414377,2022,2022-03-25,3801,2022-01-26,1113,2180,BAYVI,3,5,7,3801,0,0,0,,0,3C11C,"CESAR CHAVEZ ST","CONNECTICUT ST",0.00,,Y,A,-,N,,,,,,,,,,Y,3,0,1,2,A,-,08,22107,,N,D,C,A,A,H,-,A,A,0,,,Y,,Y,,A,01,0,1,0,0,0,0,0,0,1,"- ","- ",,,"SAN FRANCISCO","SAN FRANCISCO",-122.39627075195312,37.749752044677734
9414381,2022,2022-03-25,3801,2022-01-29,1440,2707,TARAV,6,5,7,3801,0,0,0,,0,"6 CAR","SKYLINE BL","GREAT HWY",0.00,,Y,A,-,Y,SF,4,35,-,-,1.260,I,5,S,N,4,0,1,2,A,-,09,21801,A,N,D,G,A,A,H,-,A,D,0,,Y,,,Y,,L,04,0,0,1,0,0,0,1,0,0,"- ","- ",,,"SAN FRANCISCO","SAN FRANCISCO",-122.50310516357422,37.725189208984375
9416980,2022,2022-05-10,3801,2022-02-05,0941,728,TARAV,6,5,7,3801,0,0,0,,0,3I13A,"24TH AV","24TH AV 2610",0.00,,-,A,-,N,,,,,,,,,,N,3,0,2,2,A,-,21,22106,,N,C,G,A,A,H,-,A,D,0,,Y,,,Y,,A,01,0,2,0,0,0,0,2,0,0,"- ","- ",,,"SAN FRANCISCO","SAN FRANCISCO",-122.480788,37.738850999999997
94176517,2024,2024-08-13,9335,2024-08-05,"845 ",022703,,1,1,7,3801,0,1,1,,2,021,"I-280 S/B","SOUTHGATE AVENUE",235.00,N,N,C,-,Y,SM,,280," ",R,25.107,H,,L,Y,4,0,2,3,A,-,03,22350,,N,D,C,A,B,H,-,A,D,0,,,,,Y,,A,01,0,0,2,0,0,0,0,0,0,"- ","- ",37.67572021484375,-122.47023773193359,"SAN FRANCISCO","SAN FRANCISCO",-122.47017669677734,37.675750732421875
9418017,2022,2022-03-15,3801,2022-01-02,1915,4187,NORTH,7,5,7,3801,0,0,0,,0,3E15D,"RICHARDSON AV","FRANCISCO ST",0.00,,Y,A,-,N,,,,,,,,,,N,4,0,1,2,A,-,08,22107,,F,B,C,A,A,H,-,C,A,0,,,,,Y,,A,01,0,0,1,0,0,0,0,0,0,"- ","- ",,,"SAN FRANCISCO","SAN FRANCISCO",-122.44715881347656,37.800388336181641
9418018,2022,2022-04-11,3801,2022-01-31,1341,2375,RICHM,1,5,7,3801,0,0,0,,0,,"GEARY BL","7TH AV",140.00,,N,A,-,N,,,,,,,,,,Y,4,0,1,2,A,-,08,22107,,N,B,D,A,A,H,-,A,D,0,,,,Y,Y,,F,26,0,0,1,0,0,0,0,0,0,"- ","- ",,,"SAN FRANCISCO","SAN FRANCISCO",-122.46537017822266,37.781028747558594
9418019,2022,2022-03-15,3801,2022-01-21,0842,4375,TRAFF,5,5,7,3801,0,0,0,,0,4B1F,"DEHARO ST","16TH ST",26.00,N,N,A,-,N,,,,,,,,,,N,2,0,1,2,A,-,10,21950,A,N,G,B,B,A,H,-,A,A,0,Y,,,,Y,,A,01,1,0,0,0,1,0,0,0,0,"- ","- ",,,"SAN FRANCISCO","SAN FRANCISCO",-122.40169525146484,37.766220092773438
9418020,2022,2022-03-15,3801,2022-01-31,1451,34,TRAFF,1,5,7,3801,0,0,0,,0,4B4F,"EDDY ST","LEAVENWORTH ST",137.00,W,N,A,-,N,,,,,,,,,,N,3,0,1,3,A,-,03,22350,A,N,B,C,A,A,H,-,A,D,0,,,Y,,Y,,C,02,0,1,0,0,0,0,0,0,1,"- ","- ",,,"SAN FRANCISCO","SAN FRANCISCO",-122.41471099853516,37.783668518066406
9418021,2022,2022-03-11,3801,2022-02-16,0845,555,MISSI,3,5,7,3801,0,0,0,,0,3D11A,"DUBOCE AV","GUERRERO ST",0.00,,Y,A,-,N,,,,,,,,,,Y,4,0,1,2,A,-,09,21801,A,N,A,C,A,A,H,-,A,A,0,,,Y,,Y,,A,01,0,0,1,0,0,0,0,0,1,"- ","- ",,,"SAN FRANCISCO","SAN FRANCISCO",-122.42459106445312,37.769741058349609
9418061,2022,2022-03-17,3801,2022-02-11,1033,885,BAYVI,5,5,7,3801,0,0,0,,0,0C5,"EGBERT AV","JENNINGS ST",292.00,W,N,A,-,N,,,,,,,,,,N,3,0,1,2,A,-,00,21954,,N,G,B,D,A,E,-,A,D,0,Y,,,,Y,,N,60,0,1,0,0,1,0,0,0,0,"- ","- ",,,"SAN FRANCISCO","SAN FRANCISCO",-122.3934326171875,37.723133087158203
9418064,2022,2022-03-18,3801,2022-02-10,1635,1945,BAYVI,4,5,7,3801,0,0,0,,0,3C13D,"PALOU AV","KEITH ST",0.00,,Y,A,-,N,,,,,,,,,,N,3,0,1,2,A,-,12,22450,A,F,D,C,A,A,H,-,A,A,0,,,,,Y,,A,01,0,1,0,0,0,0,0,0,0,"- ","- ",,,"SAN FRANCISCO","SAN FRANCISCO",-122.38714599609375,37.731868743896484
9418067,2022,2022-03-17,3801,2022-02-02,1615,417,TARAV,3,5,7,3801,0,0,0,,0,3I16D,"19TH AV","CRESPI DR",0.00,,Y,A,-,N,,,,,,,,,,N,4,0,1,2,A,-,03,22350,,N,C,C,A,A,H,-,A,A,0,,,,,Y,,A,01,0,0,1,0,0,0,0,0,0,"- ","- ",,,"SAN FRANCISCO","SAN FRANCISCO",-122.47537231445312,37.720279693603516
9418068,2022,2022-03-17,3801,2022-02-02,1809,2150,RICHM,3,5,7,3801,0,0,0,,0,3G15D,"GEARY BL","39TH AV",0.00,,Y,A,-,N,,,,,,,,,,Y,4,0,1,2,A,-,09,21801,A,N,D,C,A,A,H,-,C,D,0,,,,,Y,,A,01,0,0,1,0,0,0,0,0,0,"- ","- ",,,"SAN FRANCISCO","SAN FRANCISCO",-122.49970245361328,37.779399871826172
9418069,2022,2022-03-17,3801,2022-02-02,2013,1945,BAYVI,3,5,7,3801,0,0,0,,0,3C15D,"KEITH ST","VAN DYKE AV",0.00,,Y,A,-,N,,,,,,,,,,N,2,0,1,2,A,-,10,21950,A,F,A,B,B,A,H,-,C,A,0,Y,,,,Y,,A,01,1,0,0,0,1,0,0,0,0,"- ","- ",,,"SAN FRANCISCO","SAN FRANCISCO",-122.39055633544922,37.72808837890625
9418070,2022,2022-03-17,3801,2022-02-16,1630,2745,MISSI,3,5,7,3801,0,0,0,,0,3D13D,"FOLSOM ST","21ST ST",0.00,,Y,A,-,N,,,,,,,,,,N,4,0,1,2,A,-,09,21801,A,F,D,C,A,A,H,-,A,A,0,,,,,Y,,A,01,0,0,1,0,0,0,0,0,0,"- ","- ",,,"SAN FRANCISCO","SAN FRANCISCO",-122.41452026367188,37.757305145263672
9418073,2022,2022-03-17,3801,2022-02-22,2217,2122,TENDE,2,5,7,3801,0,0,0,,0,3J15E,"ELLIS ST","LARKIN ST",56.00,E,N,-,-,N,,,,,,,,,,N,4,0,1,2,A,-,11,21954,A,F,G,B,D,A,H,-,C,D,0,Y,,,,Y,,N,60,0,0,1,0,1,0,0,0,0,"- ","- ",,,"SAN FRANCISCO","SAN FRANCISCO",-122.41752624511719,37.784271240234375
9418074,2022,2022-03-17,3801,2022-02-21,1246,4333,RICHM,1,5,7,3801,0,0,0,,0,3G13A,"GEARY BL","8TH AV",0.00,,Y,A,-,N,,,,,,,,,,Y,4,0,3,3,A,-,08,22107,,N,D,C,A,A,H,-,A,A,0,,,,,Y,,A,01,0,0,3,0,0,0,0,0,0,"- ","- ",,,"SAN FRANCISCO","SAN FRANCISCO",-122.4664306640625,37.780982971191406
9418075,2022,2022-04-01,3801,2022-02-21,1733,309,TARAV,1,5,7,3801,0,0,0,,0,,"21ST AV","LAWTON ST",0.00,,Y,A,-,N,,,,,,,,,,N,4,0,1,2,A,-,12,22450,,N,G,B,-,A,H,-,A,A,0,Y,,,,Y,,-,"- ",0,0,1,0,1,0,0,0,0,"- ","- ",,,"SAN FRANCISCO","SAN FRANCISCO",-122.47888946533203,37.757869720458984
9418076,2022,2022-03-17,3801,2022-02-22,1516,709,BAYVI,2,5,7,3801,0,0,0,,0,,"PAUL AV","BAY SHORE BL",0.00,,Y,A,-,N,,,,,,,,,,Y,4,0,2,2,A,-,12,21453,A,N,D,C,A,A,D,-,A,A,0,,,,,Y,,A,01,0,0,2,0,0,0,0,0,0,"- ","- ",,,"SAN FRANCISCO","SAN FRANCISCO",-122.40079498291016,37.723606109619141
9418077,2022,2022-03-17,3801,2022-02-22,1211,156,BAYVI,2,5,7,3801,0,0,0,,0,3C60,"3RD ST","FAIRFAX AV",0.00,,Y,A,-,N,,,,,,,,,,N,4,0,1,2,A,-,17,21200,A,N,D,G,A,A,H,-,A,A,0,,Y,,,Y,,L,04,0,0,1,0,0,0,1,0,0,"- ","- ",,,"SAN FRANCISCO","SAN FRANCISCO",-122.38829040527344,37.741966247558594
9418078,2022,2022-03-17,3801,2022-02-21,1321,101,INGLE,1,5,7,3801,0,0,0,,0,3H15A,"GENEVA AV","NAPLES ST",0.00,,-,A,-,N,,,,,,,,,,Y,3,0,1,3,A,-,07,21658,A,N,B,C,A,A,H,-,A,D,0,,,Y,,Y,,A,08,0,1,0,0,0,0,0,0,1,"- ","- ",,,"SAN FRANCISCO","SAN FRANCISCO",-122.43618774414062,37.714210510253906
9418079,2022,2022-03-17,3801,2022-02-14,2125,2122,TENDE,1,5,7,3801,0,0,0,,0,3J15E,"ELLIS ST","LEAVENWORTH ST",50.00,E,N,A,-,N,,,,,,,,,,Y,4,0,1,2,A,-,03,22350,,N,B,C,A,A,H,-,C,A,0,,,Y,,Y,,M,94,0,0,1,0,0,0,0,0,0,"- ","- ",,,"SAN FRANCISCO","SAN FRANCISCO",-122.41425323486328,37.784694671630859
9420002,2022,2022-04-19,3801,2022-02-07,0950,2126,CENTR,1,5,7,3801,0,0,0,,0,3A12A,"GEARY ST","JONES ST",0.00,,Y,A,-,N,,,,,,,,,,N,4,0,1,2,A,-,10,21950,A,F,-,-,-,A,H,-,A,-,0,Y,,,,Y,,-,99,0,0,1,0,1,0,0,0,0,"- ","- ",,,"SAN FRANCISCO","SAN FRANCISCO",-122.41314697265625,37.786750793457031
9420006,2022,2022-04-19,3801,2022-03-30,0635,8,NORTH,3,5,7,3801,0,0,0,,0,"1 CAR","FRANKLIN ST","FELL ST",0.00,,Y,A,-,N,,,,,,,,,,Y,4,0,1,2,A,-,12,21453,A,N,D,C,A,A,H,-,A,A,0,,,,,Y,,A,01,0,0,1,0,0,0,0,0,0,"- ","- ",,,"SAN FRANCISCO","SAN FRANCISCO",-122.421142578125,37.776157379150391
9420077,2022,2022-04-19,3801,2022-03-02,1131,2722,CENTR,3,5,7,3801,0,0,0,,0,3A11A,"LEAVENWORTH ST","POST ST",0.00,,Y,A,-,N,,,,,,,,,,Y,4,0,1,3,A,-,13,22500,G,N,B,C,A,A,H,-,A,A,0,,,,Y,Y,,F,27,0,0,1,0,0,0,0,0,0,"- ","- ",,,"SAN FRANCISCO","SAN FRANCISCO",-122.41499328613281,37.787452697753906
9420286,2022,2022-04-18,3801,2022-02-27,1754,2465,TARAV,7,5,7,3801,0,0,0,,0,3I16D,"BROTHERHOOD WY","ARCH ST",0.00,,Y,A,-,N,,,,,,,,,,N,2,0,1,2,A,-,08,22103,,F,H,A,A,A,H,-,A,A,0,,,Y,,Y,,A,01,1,0,0,0,0,0,0,0,1,"- ","- ",,,"SAN FRANCISCO","SAN FRANCISCO",-122.46707916259766,37.712368011474609
9421204,2022,2022-04-07,3801,2022-02-16,0829,2202,INGLE,3,5,7,3801,0,0,0,,0,3H13A,"ONONDAGA AV","WANDA ST",24.00,S,N,A,-,N,,,,,,,,,,Y,4,0,2,3,A,-,09,21802,A,N,D,C,A,A,H,-,A,A,0,,,,,Y,Y,A,01,0,0,2,0,0,0,0,0,0,"- ","- ",,,"SAN FRANCISCO","SAN FRANCISCO",-122.44047546386719,37.72235107421875
9421309,2022,2022-03-25,3801,2022-02-03,0639,1396,SOUTH,4,5,7,3801,0,0,0,,0,3B13A,"7TH ST","NATOMA ST",0.00,,Y,A,-,N,,,,,,,,,,Y,3,0,1,2,A,-,09,21804,A,N,D,C,A,A,H,-,A,D,0,,,,,Y,,A,01,0,1,0,0,0,0,0,0,0,"- ","- ",,,"SAN FRANCISCO","SAN FRANCISCO",-122.40989685058594,37.778400421142578
9421310,2022,2022-03-25,3801,2022-02-03,0548,1402,SOUTH,4,5,7,3801,0,0,0,,0,3B12E,"9TH ST","9TH ST 59",0.00,,Y,A,-,N,,,,,,,,,,N,4,0,1,2,A,-,05,21651,B,N,A,J,A,A,H,-,C,D,0,,,,,Y,,-,,0,0,1,0,0,0,0,0,0,"- ","- ",,,"SAN FRANCISCO","SAN FRANCISCO",-122.415288,37.776684000000003
9421311,2022,2022-03-25,3801,2022-02-04,1559,2443,BAYVI,5,5,7,3801,0,0,0,,0,3C13D,"HUDSON AV","MENDELL ST",0.00,,Y,A,-,N,,,,,,,,,,Y,4,0,1,2,D,-,00,,,F,D,I,A,A,H,-,A,A,0,,,,,Y,Y,-,"- ",0,0,1,0,0,0,0,0,0,"- ","- ",,,"SAN FRANCISCO","SAN FRANCISCO",-122.38639831542969,37.738971710205078
9421312,2022,2022-03-25,3801,2022-02-06,0834,392,MISSI,7,5,7,3801,0,0,0,,0,3D13A,"GUERRERO ST","25TH ST",0.00,,Y,A,-,N,,,,,,,,,,N,3,0,1,2,A,-,08,22107,,N,D,C,A,A,H,-,A,A,0,,,Y,,Y,,A,01,0,1,0,0,0,0,0,0,1,"- ","- ",,,"SAN FRANCISCO","SAN FRANCISCO",-122.42272186279297,37.750392913818359
9421313,2022,2022-03-25,3801,2022-02-01,1855,893,INGLE,2,5,7,3801,0,0,0,,0,3H13D,"CRESCENT AV","ALEMANY BL",0.00,,Y,A,-,N,,,,,,,,,,N,3,0,1,2,A,-,09,21453,B,F,D,J,A,A,H,-,C,A,0,,,,,Y,,A,07,0,1,0,0,0,0,0,0,0,"- ","- ",,,"SAN FRANCISCO","SAN FRANCISCO",-122.41170501708984,37.734554290771484
9421314,2022,2022-03-25,3801,2022-02-02,1446,2493,PARK,3,5,7,3801,0,0,0,,0,3F13C,"STANYAN ST","HAYES ST",135.00,N,N,A,-,N,,,,,,,,,,N,2,0,1,2,A,-,03,22350,,N,C,C,A,A,-,-,A,A,0,,,Y,,Y,Y,C,02,1,0,0,0,0,0,0,0,1,"- ","- ",,,"SAN FRANCISCO","SAN FRANCISCO",-122.45436859130859,37.773235321044922
9421315,2022,2022-03-25,3801,2022-02-01,1915,1642,INGLE,2,5,7,3801,0,0,0,,0,3H15D,"ALEMANY BL","MOUNT VERNON AV",0.00,,Y,A,-,N,,,,,,,,,,Y,4,0,1,2,A,-,08,22107,,N,D,C,A,A,H,-,C,A,0,,,Y,,Y,,A,01,0,0,1,0,0,0,0,0,1,"- ","- ",,,"SAN FRANCISCO","SAN FRANCISCO",-122.44460296630859,37.716102600097656
9422549,2022,2022-06-03,3801,2022-04-23,1313,2310,BAYVI,6,5,7,3801,0,0,0,,0,3C44A,"FELTON ST","CAMBRIDGE ST",0.00,,Y,A,-,N,,,,,,,,,,Y,3,0,1,3,A,-,12,22450,A,N,B,C,A,A,H,-,A,A,0,,,,,Y,,A,01,0,1,0,0,0,0,0,0,0,"- ","- ",,,"SAN FRANCISCO","SAN FRANCISCO",-122.41840362548828,37.726432800292969
9422550,2022,2022-06-03,3801,2022-04-25,0907,488,INGLE,1,5,7,3801,0,0,0,,0,3H1A,"DIAMOND HEIGHTS BL","GOLD MINE DR",210.00,S,N,A,-,N,,,,,,,,,,N,3,0,1,2,A,-,11,21955,,N,G,B,D,A,H,-,A,A,0,Y,,,,Y,,N,60,0,1,0,0,1,0,0,0,0,"- ","- ",,,"SAN FRANCISCO","SAN FRANCISCO",-122.43715667724609,37.743186950683594
9422552,2022,2022-06-03,3801,2022-04-23,1524,2100,MISSI,6,5,7,3801,0,0,0,,0,3D11D,"18TH ST","DEARBORN ST",0.00,,Y,A,-,N,,,,,,,,,,N,3,0,1,2,A,-,06,21750,A,N,B,C,A,A,C,-,A,D,0,,,,,Y,,M,94,0,1,0,0,0,0,0,0,0,"- ","- ",,,"SAN FRANCISCO","SAN FRANCISCO",-122.42279815673828,37.761650085449219
9422554,2022,2022-07-21,3801,2022-04-21,1230,4020,MISSI,4,5,7,3801,0,0,0,,0,3D14A,"BAYSHORE AV","INDUSTRIAL AV",0.00,,Y,F,-,N,,,,,,,,,,N,4,0,1,2,A,-,08,22107,,N,-,G,A,-,G,-,-,-,0,,Y,,,Y,,-,"- ",0,0,1,0,0,0,1,0,0,"- ","- ",,,"SAN FRANCISCO","SAN FRANCISCO",-122.40695953369141,37.737998962402344
9422555,2022,2022-06-03,3801,2022-04-21,1120,4132,MISSI,4,5,7,3801,0,0,0,,0,6CAR,"HARRISON ST","16TH ST",0.00,,Y,A,-,N,,,,,,,,,,N,4,0,1,2,A,-,09,21801,A,N,D,G,A,A,H,-,A,A,0,,Y,,,Y,,A,01,0,0,1,0,0,0,1,0,0,"- ","- ",,,"SAN FRANCISCO","SAN FRANCISCO",-122.41314697265625,37.765449523925781
9422556,2022,2022-07-11,3801,2022-04-20,1050,610,MISSI,3,5,7,3801,0,0,0,,0,3D11A,"GUERRERO ST","CESAR CHAVEZ ST",0.00,,Y,A,-,N,,,,,,,,,,N,4,0,1,2,A,-,12,21453,A,N,B,C,A,A,H,-,A,A,0,,,,,Y,,A,01,0,0,1,0,0,0,0,0,0,"- ","- ",,,"SAN FRANCISCO","SAN FRANCISCO",-122.4224853515625,37.748016357421875
9422557,2022,2022-06-03,3801,2022-04-19,1602,2143,MISSI,2,5,7,3801,0,0,0,,0,3D11D,"VALENCIA ST","SYCAMORE ST",0.00,,Y,A,-,N,,,,,,,,,,Y,4,0,1,2,A,-,06,21750,A,N,D,C,A,A,H,-,A,D,0,,,Y,,Y,Y,C,02,0,0,1,0,0,0,0,0,1,"- ","- ",,,"SAN FRANCISCO","SAN FRANCISCO",-122.42164611816406,37.762550354003906
9422560,2022,2022-06-03,3801,2022-04-22,1817,1505,NORTH,5,5,7,3801,0,0,0,,0,3CAR,"GEARY BL","LAGUNA ST",0.00,,Y,A,-,N,,,,,,,,,,Y,4,0,1,2,A,-,00,21461,,N,D,C,A,A,H,-,A,A,0,,,,,Y,,A,01,0,0,1,0,0,0,0,0,0,"- ","- ",,,"SAN FRANCISCO","SAN FRANCISCO",-122.42800140380859,37.785041809082031
94232369,2024,2024-08-13,9350,2024-07-20,1820,023759,,6,2,7,3801,0,1,2,,2,010,"US-101 S/B","MERCHANT ROAD",107.00,S,N,A,-,Y,,,,,,,,,,N,4,0,1,2,A,-,03,22350,,F,C,C,A,A,H,-,A,D,0,,,,,Y,,A,07,0,0,1,0,0,0,0,0,0,"- ","- ",37.806388854980469,-122.47490692138672,"SAN FRANCISCO","SAN FRANCISCO",-122.47510528564453,37.806388854980469
94239402,2024,2024-08-13,9335,2024-08-09,"40  ",023654,,5,3,7,3801,0,1,2,,2,014,"US-101 SOUTHBOUND","23TH STREET UNDERCROSSING",750.00,S,N,B,-,Y,SF,,101," "," ",3.210,H,,L,N,4,0,1,2,A,-,03,22350,,M,C,C,A,A,H,-,B,D,0,,,,,Y,,-,99,0,0,1,0,0,0,0,0,0,"- ","- ",37.752281188964844,-122.40310668945312,"SAN FRANCISCO","SAN FRANCISCO",-122.40303802490234,37.752277374267578