CASE_ID,ACCIDENT_YEAR,PROC_DATE,JURIS,COLLISION_DATE,COLLISION_TIME,OFFICER_ID,REPORTING_DISTRICT,DAY_OF_WEEK,CHP_SHIFT,POPULATION,CNTY_CITY_LOC,SPECIAL_COND,BEAT_TYPE,CHP_BEAT_TYPE,CITY_DIVISION_LAPD,CHP_BEAT_CLASS,BEAT_NUMBER,PRIMARY_RD,SECONDARY_RD,DISTANCE,DIRECTION,INTERSECTION,WEATHER_1,WEATHER_2,STATE_HWY_IND,CALTRANS_COUNTY,CALTRANS_DISTRICT,STATE_ROUTE,ROUTE_SUFFIX,POSTMILE_PREFIX,POSTMILE,LOCATION_TYPE,RAMP_INTERSECTION,SIDE_OF_HWY,TOW_AWAY,COLLISION_SEVERITY,NUMBER_KILLED,NUMBER_INJURED,PARTY_COUNT,PRIMARY_COLL_FACTOR,PCF_CODE_OF_VIOL,PCF_VIOL_CATEGORY,PCF_VIOLATION,PCF_VIOL_SUBSECTION,HIT_AND_RUN,TYPE_OF_COLLISION,MVIW,PED_ACTION,ROAD_SURFACE,ROAD_COND_1,ROAD_COND_2,LIGHTING,CONTROL_DEVICE,CHP_ROAD_TYPE,PEDESTRIAN_ACCIDENT,BICYCLE_ACCIDENT,MOTORCYCLE_ACCIDENT,TRUCK_ACCIDENT,NOT_PRIVATE_PROPERTY,ALCOHOL_INVOLVED,STWD_VEHTYPE_AT_FAULT,CHP_VEHTYPE_AT_FAULT,COUNT_SEVERE_INJ,COUNT_VISIBLE_INJ,COUNT_COMPLAINT_PAIN,COUNT_PED_KILLED,COUNT_PED_INJURED,COUNT_BICYCLIST_KILLED,COUNT_BICYCLIST_INJURED,COUNT_MC_KILLED,COUNT_MC_INJURED,PRIMARY_RAMP,SECONDARY_RAMP,LATITUDE,LONGITUDE,COUNTY,CITY,POINT_X,POINT_Y
9431511,2022,2022-04-18,3801,2022-02-25,1327,676,TENDE,5,5,7,3801,0,0,0,,0,3J96C,"MARKET ST","MCALLISTER ST",30.00,E,N,A,-,N,,,,,,,,,,N,3,0,1,1,A,-,08,22107,,N,H,G,A,A,H,-,A,D,0,,Y,,,Y,,L,04,0,1,0,0,0,0,1,0,0,"- ","- ",,,"SAN FRANCISCO","SAN FRANCISCO",-122.41156768798828,37.781238555908203
9431512,2022,2022-04-18,3801,2022-02-15,0841,1172,SOUTH,2,5,7,3801,0,0,0,,0,2CAR,"BRYANT ST","4TH ST",0.00,,Y,A,-,N,,,,,,,,,,N,4,0,1,2,A,-,10,21950,A,N,B,B,B,A,H,-,A,A,0,Y,,,,Y,,A,01,0,0,1,0,1,0,0,0,0,"- ","- ",,,"SAN FRANCISCO","SAN FRANCISCO",-122.3980712890625,37.779571533203125
9431534,2022,2022-04-11,3801,2022-02-26,1731,2726,RICHM,6,5,7,3801,0,0,0,,0,RICHMO,"GEARY BL","BEAUMONT AV",6.00,E,N,B,-,N,,,,,,,,,,Y,4,0,3,4,C,-,18,,,N,B,C,A,A,H,-,A,D,0,,,,,Y,,-,"- ",0,0,3,0,0,0,0,0,0,"- ","- ",,,"SAN FRANCISCO","SAN FRANCISCO",-122.45527648925781,37.781520843505859
9431560,2022,2022-04-13,3801,2022-02-25,1918,1994,TRAFF,5,5,7,3801,0,0,0,,0,4B3G,"HUDSON AV","REUEL CT",62.00,N,N,A,-,N,,,,,,,,,,Y,4,0,1,3,A,-,06,21755,A,N,B,C,A,A,H,-,C,D,0,,,,,Y,,A,01,0,0,1,0,0,0,0,0,0,"- ","- ",,,"SAN FRANCISCO","SAN FRANCISCO",-122.38368988037109,37.73681640625
9431561,2022,2022-04-15,3801,2022-03-01,1654,537,PARK,2,5,7,3801,0,0,0,,0,3F13D,"PARNASSUS AV","WILLARD ST",0.00,,Y,A,-,N,,,,,,,,,,Y,4,0,2,2,A,-,08,22107,,N,A,C,A,A,H,-,A,D,0,,,,,Y,,A,01,0,0,2,0,0,0,0,0,0,"- ","- ",,,"SAN FRANCISCO","SAN FRANCISCO",-122.4542236328125,37.764331817626953
9431562,2022,2022-04-15,3801,2022-03-03,1724,2465,TARAV,4,5,7,3801,0,0,0,,0,3I16D,"36TH AV","SLOAT BL",0.00,,Y,A,-,N,,,,,,,,,,N,3,0,1,2,A,-,10,21950,A,N,G,B,B,A,H,-,A,A,0,Y,,,,Y,,A,01,0,1,0,0,1,0,0,0,0,"- ","- ",,,"SAN FRANCISCO","SAN FRANCISCO",-122.49332427978516,37.734031677246094
9431564,2022,2022-04-15,3801,2022-03-04,1601,2150,RICHM,5,5,7,3801,0,0,0,,0,3G2,"SPRUCE ST","SACRAMENTO ST",0.00,,Y,A,-,N,,,,,,,,,,N,3,0,1,2,A,-,10,21950,A,N,G,B,B,A,H,-,A,A,0,Y,,,,Y,,A,01,0,1,0,0,1,0,0,0,0,"- ","- ",,,"SAN FRANCISCO","SAN FRANCISCO",-122.45359039306641,37.787338256835938
9431566,2022,2022-04-15,3801,2022-03-04,1455,1237,CENTR,5,5,7,3801,0,0,0,,0,3S46C,"POWELL ST","POST ST",195.00,S,N,B,-,N,,,,,,,,,,N,3,0,1,2,A,-,05,21651,B,N,A,E,A,A,G,-,A,D,0,,,,,Y,,M,94,0,1,0,0,0,0,0,0,0,"- ","- ",,,"SAN FRANCISCO","SAN FRANCISCO",-122.40828704833984,37.787761688232422
9431567,2022,2022-04-15,3801,2022-03-04,0928,1605,NORTH,5,5,7,3801,0,0,0,,0,3E15A,"OCTAVIA ST","PAGE ST",0.00,,Y,A,-,N,,,,,,,,,,N,2,0,2,2,A,-,12,21453,A,N,D,G,A,B,-,-,A,A,0,,Y,,,Y,,L,04,1,1,0,0,0,0,2,0,0,"- ","- ",,,"SAN FRANCISCO","SAN FRANCISCO",-122.42411041259766,37.773883819580078
9431568,2022,2022-04-15,3801,2022-03-03,1937,1696,NORTH,4,5,7,3801,0,0,0,,0,3E12D,"DIVISADERO ST","FELL ST",25.00,S,N,A,-,N,,,,,,,,,,N,4,0,2,4,A,-,03,22350,,N,C,C,A,B,H,-,C,A,0,,,,,Y,,A,01,0,0,2,0,0,0,0,0,0,"- ","- ",,,"SAN FRANCISCO","SAN FRANCISCO",-122.43758392333984,37.773990631103516
9431569,2022,2022-06-22,3801,2022-03-04,1839,2268,INGLE,5,5,7,3801,0,0,0,,0,3H11D,"MISSION ST","SICKLES AV",46.00,N,N,A,-,N,,,,,,,,,,Y,3,0,3,2,A,-,04,21703,,N,-,-,A,A,H,-,B,-,0,,,,,Y,,A,01,0,1,2,0,0,0,0,0,0,"- ","- ",,,"SAN FRANCISCO","SAN FRANCISCO",-122.45261383056641,37.708847045898438
9431570,2022,2022-04-15,3801,2022-03-04,1507,801,SOUTH,5,5,7,3801,0,0,0,,0,0B1,"HOWARD ST","2ND ST",20.00,N,N,A,-,N,,,,,,,,,,N,4,0,1,2,A,-,08,22101,D,N,D,C,A,A,H,-,A,A,0,,,,,Y,,A,08,0,0,1,0,0,0,0,0,0,"- ","- ",,,"SAN FRANCISCO","SAN FRANCISCO",-122.39820098876953,37.786827087402344
9431572,2022,2022-04-15,3801,2022-03-01,0900,310,SOUTH,2,5,7,3801,0,0,0,,0,3B5C,"SHERMAN ST","HARRISON ST",0.00,,Y,A,-,N,,,,,,,,,,N,3,0,1,2,A,-,12,22450,A,N,D,G,A,A,H,-,A,A,0,,Y,,,Y,Y,A,01,0,1,0,0,0,0,1,0,0,"- ","- ",,,"SAN FRANCISCO","SAN FRANCISCO",-122.40547180175781,37.776203155517578
9431573,2022,2022-05-07,3801,2022-03-26,1842,A23187,CENTR,6,5,7,3801,0,0,0,,0,3A15E,"CALIFORNIA ST","BATTERY ST",0.00,,Y,A,-,N,,,,,,,,,,N,4,0,1,2,A,-,21,22106,,N,G,B,D,A,H,-,A,D,0,Y,,,,Y,,A,07,0,0,1,0,1,0,0,0,0,"- ","- ",,,"SAN FRANCISCO","SAN FRANCISCO",-122.39997863769531,37.793231964111328
9431574,2022,2022-04-15,3801,2022-03-28,2023,2733,SOUTH,1,5,7,3801,0,0,0,,0,0B4,"MISSION ST","9TH ST",0.00,,Y,A,-,N,,,,,,,,,,N,3,0,1,2,A,-,11,21453,D,N,G,B,B,A,H,-,C,A,0,Y,,,,Y,,N,60,0,1,0,0,1,0,0,0,0,"- ","- ",,,"SAN FRANCISCO","SAN FRANCISCO",-122.41471862792969,37.776241302490234
9431575,2022,2022-04-15,3801,2022-03-28,2315,1871,INGLE,1,5,7,3801,0,0,0,,0,901,"VISTACION AV","MANSELL ST",558.00,S,N,A,-,N,,,,,,,,,,Y,4,0,1,2,A,-,05,21650,,F,E,I,A,A,H,-,D,D,0,,,,,Y,,A,01,0,0,1,0,0,0,0,0,0,"- ","- ",,,"SAN FRANCISCO","SAN FRANCISCO",-122.41177368164062,37.717197418212891
9431576,2022,2022-04-15,3801,2022-03-29,2228,101,INGLE,2,5,7,3801,0,0,0,,0,3H11E,"FOLSOM ST","CESAR CHAVEZ",83.00,S,N,A,-,N,,,,,,,,,,N,4,0,1,2,A,-,11,21955,,N,G,B,D,A,H,-,C,D,0,Y,,,,Y,,N,60,0,0,1,0,1,0,0,0,0,"- ","- ",,,"SAN FRANCISCO","SAN FRANCISCO",-122.41365814208984,37.748081207275391
9431578,2022,2022-04-18,3801,2022-03-29,1633,2154,TARAV,2,5,7,3801,0,0,0,,0,3146,"SLOAT BL","34TH AV",0.00,,Y,A,-,N,,,,,,,,,,Y,4,0,1,2,A,-,12,21453,A,N,D,C,A,A,H,-,A,A,0,,,,,Y,,-,"- ",0,0,1,0,0,0,0,0,0,"- ","- ",,,"SAN FRANCISCO","SAN FRANCISCO",-122.49124908447266,37.734130859375
9431579,2022,2022-04-18,3801,2022-03-26,1734,2325,SOUTH,6,5,7,3801,0,0,0,,0,,"BRYANT ST","5TH ST",0.00,,Y,A,-,N,,,,,,,,,,N,4,0,1,2,D,-,00,,,N,C,C,A,A,G,-,A,-,0,,,,,Y,,-,"- ",0,0,1,0,0,0,0,0,0,"- ","- ",,,"SAN FRANCISCO","SAN FRANCISCO",-122.40029144287109,37.777797698974609
9431580,2022,2022-06-22,3801,2022-03-29,2330,1350,BAYVI,2,5,7,3801,0,0,0,,0,3C15E,"SILLIMAN ST","SOMERSET ST",0.00,,Y,A,-,N,,,,,,,,,,N,4,0,1,2,A,-,10,21950,A,N,G,B,B,A,H,-,C,A,0,Y,,Y,,Y,,C,06,0,0,1,0,1,0,0,0,0,"- ","- ",,,"SAN FRANCISCO","SAN FRANCISCO",-122.40904998779297,37.730213165283203
9431588,2022,2022-04-18,3801,2022-03-08,1649,537,PARK,2,5,7,3801,0,0,0,,0,3F11D,"MARTIN LUTHER KING","7TH AV",75.00,E,N,A,-,N,,,,,,,,,,N,3,0,1,2,A,-,03,22350,,N,B,G,A,A,H,-,A,D,0,,Y,,,Y,,L,04,0,1,0,0,0,0,1,0,0,"- ","- ",,,"SAN FRANCISCO","SAN FRANCISCO",-122.46414947509766,37.766494750976562
9431589,2022,2022-04-19,3801,2022-03-09,1600,426,NORTH,3,5,7,3801,0,0,0,,0,3E3D,"GOUGH ST","POST ST",60.00,N,N,A,-,N,,,,,,,,,,Y,4,0,1,3,A,-,08,22107,,F,B,C,A,A,H,-,A,D,0,,,,,Y,,A,01,0,0,1,0,0,0,0,0,0,"- ","- ",,,"SAN FRANCISCO","SAN FRANCISCO",-122.42487335205078,37.786354064941406
9431590,2022,2022-04-19,3801,2022-03-08,1541,104,TRAFF,2,5,7,3801,0,0,0,,0,104,"2ND ST","STILLMAN ST",0.00,,Y,A,-,N,,,,,,,,,,N,4,0,1,2,A,-,09,21801,,N,D,C,A,A,H,-,A,D,0,,,,,Y,,A,07,0,0,1,0,0,0,0,0,0,"- ","- ",,,"SAN FRANCISCO","SAN FRANCISCO",-122.39418029785156,37.783512115478516
9431591,2022,2022-04-18,3801,2022-03-08,1728,2359,TENDE,2,5,7,3801,0,0,0,,0,0J4,"MCALLISTER ST","CHARLES J BRENHAM PL",18.00,E,N,A,-,N,,,,,,,,,,N,3,0,1,2,A,-,00,38300,,N,A,G,A,A,H,-,A,A,0,,Y,,,Y,,A,01,0,1,0,0,0,0,1,0,0,"- ","- ",,,"SAN FRANCISCO","SAN FRANCISCO",-122.41302490234375,37.781009674072266
9431592,2022,2022-04-18,3801,2022-03-08,1025,1129,TARAV,2,5,7,3801,0,0,0,,0,001,"PACHECO ST","LOPEZ AV",381.00,N,N,A,-,N,,,,,,,,,,N,4,0,1,1,A,-,03,22350,,N,F,I,A,A,G,-,A,D,0,,,,,Y,,A,01,0,0,1,0,0,0,0,0,0,"- ","- ",,,"SAN FRANCISCO","SAN FRANCISCO",-122.46294403076172,37.749431610107422
9431594,2022,2022-04-18,3801,2022-03-06,1805,2008,MISSI,7,5,7,3801,0,0,0,,0,3D15D,"16TH ST","WIESE ST",28.00,E,N,A,-,N,,,,,,,,,,N,2,0,1,2,A,-,11,21955,,F,G,B,D,A,H,-,A,D,0,Y,,,,Y,,N,60,1,0,0,0,1,0,0,0,0,"- ","- ",,,"SAN FRANCISCO","SAN FRANCISCO",-122.42037200927734,37.765007019042969
9431595,2022,2022-04-18,3801,2022-03-02,1830,969,MISSI,3,5,7,3801,0,0,0,,0,,"DIAMOND ST","MARKET ST",0.00,,Y,A,-,N,,,,,,,,,,N,3,0,1,2,A,-,10,21950,A,N,G,B,B,A,H,-,D,A,0,Y,,,,Y,,A,01,0,1,0,0,1,0,0,0,0,"- ","- ",,,"SAN FRANCISCO","SAN FRANCISCO",-122.43730163574219,37.76190185546875
9431596,2022,2022-04-19,3801,2022-03-05,1811,1307,MISSI,6,5,7,3801,0,0,0,,0,3D11D,"15TH ST","SANCHEZ ST",0.00,,Y,A,-,N,,,,,,,,,,N,4,0,1,2,A,-,09,21801,A,N,A,C,A,A,H,-,A,A,0,,,Y,,Y,,A,01,0,0,1,0,0,0,0,0,1,"- ","- ",,,"SAN FRANCISCO","SAN FRANCISCO",-122.43100738525391,37.765979766845703
9431597,2022,2022-04-19,3801,2022-03-06,2015,2704,SOUTH,7,5,7,3801,0,0,0,,0,3B2,"3RD ST","TOWNSEND ST",65.00,N,N,A,-,N,,,,,,,,,,Y,4,0,1,2,A,-,08,22107,,N,C,C,A,A,H,-,C,A,0,,,,,Y,Y,A,01,0,0,1,0,0,0,0,0,0,"- ","- ",,,"SAN FRANCISCO","SAN FRANCISCO",-122.39290618896484,37.778987884521484
9431598,2022,2022-04-19,3801,2022-03-03,2048,245,BAYVI,4,5,7,3801,0,0,0,,0,2CAR,"BAY SHORE BL","JERROLD AV",0.00,,Y,C,-,N,,,,,,,,,,Y,4,0,1,2,A,-,03,22350,,N,A,C,A,B,H,-,C,D,0,,,,,Y,,A,01,0,0,1,0,0,0,0,0,0,"- ","- ",,,"SAN FRANCISCO","SAN FRANCISCO",-122.40361785888672,37.747386932373047
9431599,2022,2022-04-27,3801,2022-03-02,1528,539,MISSI,3,5,7,3801,0,0,0,,0,004,"CESAR CHAVEZ ST","MISSION ST",0.00,,Y,A,-,N,,,,,,,,,,Y,4,0,1,2,A,-,12,21453,A,N,-,C,A,A,H,-,A,A,0,,,,,Y,,A,01,0,0,1,0,0,0,0,0,0,"- ","- ",,,"SAN FRANCISCO","SAN FRANCISCO",-122.41819763183594,37.748222351074219
9431600,2022,2022-04-18,3801,2022-03-02,2034,2017,MISSI,3,5,7,3801,0,0,0,,0,3D14D,"POTRERO AV","24TH ST",0.00,,Y,A,-,N,,,,,,,,,,,4,0,1,2,A,-,10,21950,A,F,D,B,B,A,H,-,C,A,0,Y,,,,Y,,A,01,0,0,1,0,1,0,0,0,0,"- ","- ",,,"SAN FRANCISCO","SAN FRANCISCO",-122.40631866455078,37.752994537353516
9431976,2022,2022-04-19,3801,2022-01-21,1406,4178,SOUTH,5,5,7,3801,0,0,0,,0,4B3A,"HOWARD ST","12TH ST",1.00,N,N,A,-,N,,,,,,,,,,Y,3,0,2,7,A,-,05,21460,,F,B,C,A,A,H,-,A,A,0,,,,,Y,,A,01,0,1,1,0,0,0,0,0,0,"- ","- ",,,"SAN FRANCISCO","SAN FRANCISCO",-122.41691589355469,37.771732330322266
9431979,2022,2022-04-19,3801,2022-01-12,0852,1602,SOUTH,3,5,7,3801,0,0,0,,0,SECTR4,"11TH ST","MINNA ST",0.00,,Y,A,-,N,,,,,,,,,,N,4,0,1,2,A,-,12,22450,A,F,G,C,A,A,H,-,A,D,0,,,,,Y,,-,99,0,0,1,0,0,0,0,0,0,"- ","- ",,,"SAN FRANCISCO","SAN FRANCISCO",-122.41657257080078,37.773910522460938
9431980,2022,2022-04-19,3801,2022-01-15,1506,299,CENTR,6,5,7,3801,0,0,0,,0,3A12D,"KEARNY ST","SUTTER ST",0.00,,Y,A,-,N,,,,,,,,,,N,3,0,1,2,A,-,08,22100,B,N,B,C,A,A,H,-,A,A,0,,,Y,,Y,,A,01,0,1,0,0,0,0,0,0,1,"- ","- ",,,"SAN FRANCISCO","SAN FRANCISCO",-122.40383911132812,37.789829254150391
9432285,2022,2022-06-18,3801,2022-05-09,0548,375,BAYVI,1,5,7,3801,0,0,0,,0,3C14,"SILVER AV","BRUSSELS ST",0.00,,Y,A,-,N,,,,,,,,,,Y,4,0,1,4,A,-,03,22350,,N,B,C,A,A,H,-,A,D,0,,,,Y,Y,,A,01,0,0,1,0,0,0,0,0,0,"- ","- ",,,"SAN FRANCISCO","SAN FRANCISCO",-122.40755462646484,37.731868743896484
9432289,2022,2022-06-18,3801,2022-05-16,0956,156,BAYVI,1,5,7,3801,0,0,0,,0,3C60,"BAYSHORE BL","WATERLOO ST",0.00,,Y,A,-,N,,,,,,,,,,N,4,0,1,2,A,-,21,22106,,N,H,-,A,A,H,-,A,D,0,,,,Y,Y,,F,26,0,0,1,0,0,0,0,0,0,"- ","- ",,,"SAN FRANCISCO","SAN FRANCISCO",-122.40701293945312,37.739223480224609
9432293,2022,2022-06-18,3801,2022-05-29,1420,837,CENTR,7,5,7,3801,0,0,0,,0,3A3C,"JEFFERSON ST","MASON ST",88.00,W,N,A,-,N,,,,,,,,,,N,3,0,1,2,A,-,08,22107,,F,B,D,A,A,H,-,A,D,0,,,Y,,Y,,C,03,0,1,0,0,0,0,0,0,1,"- ","- ",,,"SAN FRANCISCO","SAN FRANCISCO",-122.41447448730469,37.808368682861328
9433116,2022,2022-08-05,3801,2022-07-02,1312,2328,BAYVI,6,5,7,3801,0,0,0,,0,3C12C,"NEWHALL ST","KIRKWOOD AV",73.00,N,N,A,-,N,,,,,,,,,,Y,3,0,1,6,A,-,03,22350,,N,A,C,A,A,H,-,A,D,0,,,,,Y,,A,01,0,1,0,0,0,0,0,0,0,"- ","- ",,,"SAN FRANCISCO","SAN FRANCISCO",-122.38982391357422,37.738315582275391
9433185,2022,2022-08-05,3801,2022-07-13,2222,1463,SOUTH,3,5,7,3801,0,0,0,,0,0B2,"BRYANT ST","3RD ST",0.00,,Y,A,-,N,,,,,,,,,,N,4,0,1,2,A,-,09,21806,A,N,D,C,A,A,H,-,C,A,0,,,,,Y,,A,01,0,0,1,0,0,0,0,0,0,"- ","- ",,,"SAN FRANCISCO","SAN FRANCISCO",-122.39585113525391,37.781307220458984
9433188,2022,2022-08-05,3801,2022-05-12,0841,1931,NORTH,4,5,7,3801,0,0,0,,0,3E12C,"GEARY BL","FILLMORE ST",0.00,,Y,A,-,N,,,,,,,,,,Y,4,0,3,2,A,-,12,21453,A,N,D,C,A,A,H,-,A,A,0,,,,,Y,,A,07,0,0,3,0,0,0,0,0,0,"- ","- ",,,"SAN FRANCISCO","SAN FRANCISCO",-122.43294525146484,37.784530639648438
9433189,2022,2022-08-05,3801,2022-07-12,1754,2268,INGLE,2,5,7,3801,0,0,0,,0,3H13D,"VAN DYKE AV","LANE ST",264.00,E,N,A,-,N,,,,,,,,,,N,4,0,1,2,A,-,06,21751,,N,C,C,A,A,H,-,A,D,0,,,,,Y,,J,48,0,0,1,0,0,0,0,0,0,"- ","- ",,,"SAN FRANCISCO","SAN FRANCISCO",-122.39168548583984,37.728717803955078
9433281,2022,2022-09-27,3801,2022-08-01,2052,4084,TRAFF,1,5,7,3801,0,0,0,,0,COA,"STOCKTON ST","SUTTER ST",0.00,,Y,B,-,N,,,,,,,,,,N,3,0,1,2,A,-,12,21453,A,N,D,G,A,A,H,-,C,A,0,,Y,,,Y,Y,L,04,0,1,0,0,0,0,1,0,0,"- ","- ",,,"SAN FRANCISCO","SAN FRANCISCO",-122.40693664550781,37.789417266845703
9433336,2022,2022-10-18,3801,2022-08-13,1515,1911,RICHM,6,5,7,3801,0,0,0,,0,3G12D,"PINE ST","BRODERICK ST",0.00,,Y,A,-,N,,,,,,,,,,Y,3,0,2,2,D,-,00,,,N,D,C,A,A,H,-,A,A,0,,,,,Y,,-,"- ",0,1,1,0,0,0,0,0,0,"- ","- ",,,"SAN FRANCISCO","SAN FRANCISCO",-122.44192504882812,37.786895751953125
9433349,2022,2022-09-26,3801,2022-04-03,1241,4124,INGLE,7,5,7,3801,0,0,0,,0,3H5D,"GENEVA AV","MISSION ST",0.00,,Y,A,-,N,,,,,,,,,,Y,4,0,2,2,A,-,09,21806,A,N,D,C,A,A,H,-,A,A,0,,,,,Y,,A,08,0,0,2,0,0,0,0,0,0,"- ","- ",,,"SAN FRANCISCO","SAN FRANCISCO",-122.44100189208984,37.716388702392578
9433436,2021,2022-08-08,3801,2021-11-30,0830,1684,NORTH,2,5,7,3801,0,0,0,,0,5CAR,"LOMBARD ST","GOUGH ST",0.00,,Y,A,-,N,,,,,,,,,,Y,4,0,2,2,A,-,12,21453,A,N,D,C,A,A,H,-,A,A,0,,,,,Y,,A,08,0,0,2,0,0,0,0,0,0,"- ","- ",,,"SAN FRANCISCO","SAN FRANCISCO",-122.42781829833984,37.800899505615234
9433685,2022,2022-10-17,3801,2022-02-10,2257,4119,TRAFF,4,5,7,3801,0,0,0,,0,4B3K,"BROADWAY ST","FRANKLIN ST",0.00,,Y,A,-,N,,,,,,,,,,N,4,0,1,2,A,-,09,21801,,N,D,C,A,A,H,-,C,A,0,,,,,Y,,A,01,0,0,1,0,0,0,0,0,0,"- ","- ",,,"SAN FRANCISCO","SAN FRANCISCO",-122.42502593994141,37.795528411865234
9433687,2022,2022-10-20,3801,2022-09-15,1851,4201,NORTH,4,5,7,3801,0,0,0,,0,3E12D,"VAN NESS AV","ELLIS ST",0.00,,Y,A,-,Y,SF,4,101,-,-,5.480,I,5,N,N,3,0,1,2,A,-,09,21806,A,N,D,C,A,A,H,-,A,A,0,,,Y,,Y,,C,02,0,1,0,0,0,0,0,0,1,"- ","- ",,,"SAN FRANCISCO","SAN FRANCISCO",-122.42095184326172,37.783843994140625
9433688,2022,2022-10-17,3801,2022-06-13,2120,1430,TRAFF,1,5,7,3801,0,0,0,,0,BAYVIE,"3RD ST","18TH ST",0.00,,Y,A,-,N,,,,,,,,,,Y,4,0,1,2,B,-,22,,,N,-,C,A,A,H,-,D,A,0,,,,,Y,,J,48,0,0,1,0,0,0,0,0,0,"- ","- ",,,"SAN FRANCISCO","SAN FRANCISCO",-122.38884735107422,37.763038635253906
9433922,2022,2022-05-24,3801,2022-04-03,1820,1100,TENDE,7,5,7,3801,0,0,0,,0,3J1D,"AVENUE N","5TH ST",250.00,N,N,G,-,N,,,,,,,,,,N,3,0,1,1,C,-,18,,,N,H,J,A,A,H,-,A,D,0,,,,,Y,,-,"- ",0,1,0,0,0,0,0,0,0,"- ","- ",,,"SAN FRANCISCO","SAN FRANCISCO",-122.36479187011719,37.825119018554688
9433962,2022,2022-05-18,3801,2022-04-20,1232,624,NORTH,3,5,7,3801,0,0,0,,0,004,"PINE ST","DIVISADERO ST",0.00,,Y,A,-,N,,,,,,,,,,Y,4,0,2,2,A,-,09,21806,A,N,D,-,A,A,H,-,A,A,0,,,,,Y,,A,01,0,0,2,0,0,0,0,0,0,"- ","- ",,,"SAN FRANCISCO","SAN FRANCISCO",-122.44023895263672,37.787120819091797
9433967,2022,2022-05-24,3801,2022-04-29,0004,2113,INGLE,5,5,7,3801,0,0,0,,0,901,"GENEVA AV","CALGARY ST",0.00,,Y,A,-,N,,,,,,,,,,Y,4,0,3,2,A,-,12,22450,A,N,D,C,A,A,H,-,C,A,0,,,,,Y,,A,01,0,0,3,0,0,0,0,0,0,"- ","- ",,,"SAN FRANCISCO","SAN FRANCISCO",-122.41664123535156,37.707328796386719
9433971,2022,2022-05-18,3801,2022-04-02,1100,262,TRAFF,6,5,7,3801,0,0,0,,0,4B2G,"HAIGHT ST","CLAYTON ST",210.00,E,N,A,-,N,,,,,,,,,,Y,3,0,1,2,A,-,03,22350,,N,C,C,A,A,H,-,A,D,0,,,Y,,Y,,C,02,0,1,0,0,0,0,0,0,1,"- ","- ",,,"SAN FRANCISCO","SAN FRANCISCO",-122.44786071777344,37.769886016845703
9433975,2022,2022-05-23,3801,2022-04-08,1919,379,TRAFF,5,5,7,3801,0,0,0,,0,,"ALEMANY BL","LYELL ST",0.00,,Y,A,-,N,,,,,,,,,,Y,3,0,3,2,A,-,12,21453,,N,D,C,A,A,H,-,A,A,0,,,,,Y,,J,48,0,1,2,0,0,0,0,0,0,"- ","- ",,,"SAN FRANCISCO","SAN FRANCISCO",-122.43122863769531,37.730609893798828
9434241,2022,2022-04-19,3801,2022-03-04,2205,1217,MISSI,5,5,7,3801,0,0,0,,0,3CAR,"HARRISON ST","22ND ST",0.00,,Y,A,-,N,,,,,,,,,,Y,4,0,1,2,A,-,12,22450,,F,D,C,A,A,H,-,C,D,0,,,,,Y,,-,,0,0,1,0,0,0,0,0,0,"- ","- ",,,"SAN FRANCISCO","SAN FRANCISCO",-122.41222381591797,37.755836486816406
9434242,2022,2022-04-19,3801,2022-03-22,1614,2359,TENDE,2,5,7,3801,0,0,0,,0,0J5,"ELLIS ST","LEAVENWORTH ST",0.00,,Y,A,-,N,,,,,,,,,,N,4,0,1,2,A,-,00,20002,,M,H,C,A,A,H,-,A,D,0,,,,,Y,,A,01,0,0,1,0,0,0,0,0,0,"- ","- ",,,"SAN FRANCISCO","SAN FRANCISCO",-122.41442108154297,37.784671783447266
9434243,2022,2022-04-18,3801,2022-03-18,2020,2017,MISSI,5,5,7,3801,0,0,0,,0,3D11D,"18TH ST","DOLORES ST",0.00,,Y,A,-,N,,,,,,,,,,N,2,0,1,1,A,-,03,22350,A,N,-,I,A,A,H,-,C,A,0,,,,,Y,,M,94,1,0,0,0,0,0,0,0,0,"- ","- ",,,"SAN FRANCISCO","SAN FRANCISCO",-122.42615509033203,37.761444091796875
9434244,2022,2022-04-19,3801,2022-03-20,1050,610,MISSI,7,5,7,3801,0,0,0,,0,3D11A,"GUERRERO ST","DUBOCE AV",93.00,S,N,A,-,N,,,,,,,,,,N,4,0,1,2,A,-,05,21650,,N,A,G,A,A,H,-,A,D,0,,Y,,,Y,,L,04,0,0,1,0,0,0,1,0,0,"- ","- ",,,"SAN FRANCISCO","SAN FRANCISCO",-122.424560546875,37.769485473632812
9434245,2022,2022-04-19,3801,2022-03-22,2355,727,BAYVI,2,5,7,3801,0,0,0,,0,3C15E,"3RD ST","YOSEMITE AV",43.00,N,N,A,-,N,,,,,,,,,,N,3,0,1,2,A,-,12,21453,A,F,D,G,A,A,H,-,C,A,0,,Y,,,Y,,A,01,0,1,0,0,0,0,1,0,0,"- ","- ",,,"SAN FRANCISCO","SAN FRANCISCO",-122.39327239990234,37.727912902832031
9434246,2022,2022-04-19,3801,2022-03-22,1903,540,TARAV,2,5,7,3801,0,0,0,,0,015,"JUNIPERO SERRA BL","WINSTON DR",0.00,,Y,A,-,N,,,,,,,,,,N,4,0,1,2,A,-,10,21950,A,N,G,B,B,A,H,-,B,A,0,Y,,,,Y,,A,01,0,0,1,0,1,0,0,0,0,"- ","- ",,,"SAN FRANCISCO","SAN FRANCISCO",-122.47236633300781,37.726837158203125