CASE_ID,ACCIDENT_YEAR,PROC_DATE,JURIS,COLLISION_DATE,COLLISION_TIME,OFFICER_ID,REPORTING_DISTRICT,DAY_OF_WEEK,CHP_SHIFT,POPULATION,CNTY_CITY_LOC,SPECIAL_COND,BEAT_TYPE,CHP_BEAT_TYPE,CITY_DIVISION_LAPD,CHP_BEAT_CLASS,BEAT_NUMBER,PRIMARY_RD,SECONDARY_RD,DISTANCE,DIRECTION,INTERSECTION,WEATHER_1,WEATHER_2,STATE_HWY_IND,CALTRANS_COUNTY,CALTRANS_DISTRICT,STATE_ROUTE,ROUTE_SUFFIX,POSTMILE_PREFIX,POSTMILE,LOCATION_TYPE,RAMP_INTERSECTION,SIDE_OF_HWY,TOW_AWAY,COLLISION_SEVERITY,NUMBER_KILLED,NUMBER_INJURED,PARTY_COUNT,PRIMARY_COLL_FACTOR,PCF_CODE_OF_VIOL,PCF_VIOL_CATEGORY,PCF_VIOLATION,PCF_VIOL_SUBSECTION,HIT_AND_RUN,TYPE_OF_COLLISION,MVIW,PED_ACTION,ROAD_SURFACE,ROAD_COND_1,ROAD_COND_2,LIGHTING,CONTROL_DEVICE,CHP_ROAD_TYPE,PEDESTRIAN_ACCIDENT,BICYCLE_ACCIDENT,MOTORCYCLE_ACCIDENT,TRUCK_ACCIDENT,NOT_PRIVATE_PROPERTY,ALCOHOL_INVOLVED,STWD_VEHTYPE_AT_FAULT,CHP_VEHTYPE_AT_FAULT,COUNT_SEVERE_INJ,COUNT_VISIBLE_INJ,COUNT_COMPLAINT_PAIN,COUNT_PED_KILLED,COUNT_PED_INJURED,COUNT_BICYCLIST_KILLED,COUNT_BICYCLIST_INJURED,COUNT_MC_KILLED,COUNT_MC_INJURED,PRIMARY_RAMP,SECONDARY_RAMP,LATITUDE,LONGITUDE,COUNTY,CITY,POINT_X,POINT_Y
9437529,2022,2022-05-16,3801,2022-04-21,1805,615,PARK,4,5,7,3801,0,0,0,,0,3F12D,"STANYAN ST","OAK ST",0.00,,Y,A,-,N,,,,,,,,,,Y,4,0,2,2,A,-,03,22350,,F,H,C,A,A,H,-,A,A,0,,,Y,,Y,,C,02,0,0,2,0,0,0,0,0,1,"- ","- ",,,"SAN FRANCISCO","SAN FRANCISCO",-122.45395660400391,37.771354675292969
9437530,2022,2022-05-16,3801,2022-04-25,0816,4124,INGLE,1,5,7,3801,0,0,0,,0,3H15A,"ALEMANY BL","ONONDAGA AV",0.00,,Y,A,-,N,,,,,,,,,,Y,4,0,2,2,A,-,12,21453,A,N,D,C,A,A,H,-,A,A,0,,,,,Y,,A,01,0,0,2,0,0,0,0,0,0,"- ","- ",,,"SAN FRANCISCO","SAN FRANCISCO",-122.43870544433594,37.721645355224609
9437531,2022,2022-05-16,3801,2022-04-20,1624,426,NORTH,3,5,7,3801,0,0,0,,0,3E13D,"BUSH ST","POLK ST",6.00,E,N,A,-,N,,,,,,,,,,N,3,0,1,2,A,-,03,22350,,N,D,J,A,A,H,-,A,A,0,,,,,Y,,M,94,0,1,0,0,0,0,0,0,0,"- ","- ",,,"SAN FRANCISCO","SAN FRANCISCO",-122.42028045654297,37.788692474365234
94375318,2024,2024-08-29,9335,2024-08-24,2110,023558,,6,2,7,3801,0,1,1,,1,081,"I-80 W/B","SFOBB METERING LIGHTS",6864.00,W,N,A,-,Y,ALA,,80," ",R,0.471,H,,L,N,4,0,1,2,A,-,03,22350,,M,C,C,A,A,H,-,C,D,0,,,,,Y,Y,-,99,0,0,1,0,0,0,0,0,0,"- ","- ",37.820560455322266,-122.34120941162109,"SAN FRANCISCO","SAN FRANCISCO",-122.34119415283203,37.820487976074219
9437532,2022,2022-05-13,3801,2022-04-22,1202,198,PARK,5,5,7,3801,0,0,0,,0,0F3,"STANYAN ST","OAK ST",0.00,,Y,A,-,N,,,,,,,,,,N,4,0,1,2,A,-,10,21950,A,N,G,B,B,A,H,-,A,A,0,Y,,,,Y,,A,01,0,0,1,0,1,0,0,0,0,"- ","- ",,,"SAN FRANCISCO","SAN FRANCISCO",-122.45395660400391,37.771354675292969
9437533,2022,2022-05-13,3801,2022-04-23,2053,158,NORTH,6,5,7,3801,0,0,0,,0,3E15D,"LAGUNA ST","SUTTER ST",6.00,S,N,A,-,N,,,,,,,,,,N,4,0,1,2,A,-,10,21950,A,N,G,B,B,A,H,-,C,A,0,Y,,,,Y,,A,01,0,0,1,0,1,0,0,0,0,"- ","- ",,,"SAN FRANCISCO","SAN FRANCISCO",-122.42832946777344,37.786705017089844
9437534,2022,2022-05-13,3801,2022-04-25,1824,1039,MISS,1,5,7,3801,0,0,0,,0,MISS,"CAPP ST","20TH ST",0.00,,Y,A,-,N,,,,,,,,,,Y,4,0,2,4,A,-,12,22450,A,N,D,C,A,A,H,-,A,D,0,,,,,Y,,A,01,0,0,2,0,0,0,0,0,0,"- ","- ",,,"SAN FRANCISCO","SAN FRANCISCO",-122.41796112060547,37.758682250976562
9437535,2022,2022-05-13,3801,2022-04-23,1755,1637,MISSI,6,5,7,3801,0,0,0,,0,3D12D,"16TH ST","HOFF ST",0.00,,Y,A,-,N,,,,,,,,,,N,3,0,1,2,A,-,11,21954,A,N,G,B,D,A,H,-,A,D,0,Y,,,,Y,,N,60,0,1,0,0,1,0,0,0,0,"- ","- ",,,"SAN FRANCISCO","SAN FRANCISCO",-122.42057037353516,37.764991760253906
9437536,2022,2022-05-13,3801,2022-04-22,1950,2239,INGLE,5,5,7,3801,0,0,0,,0,3H11D,"MISSION ST","VALENCIA ST",0.00,,N,A,-,N,,,,,,,,,,N,2,0,1,2,A,-,04,21703,,N,C,G,A,A,H,-,A,B,0,,Y,,,Y,,A,01,1,0,0,0,0,0,1,0,0,"- ","- ",,,"SAN FRANCISCO","SAN FRANCISCO",-122.41986846923828,37.745586395263672
9437537,2022,2022-05-13,3801,2022-04-20,1849,2725,RICHM,3,5,7,3801,0,0,0,,0,,"LINCOLN WY","18TH AV",20.00,E,N,B,-,N,,,,,,,,,,N,3,0,1,2,A,-,11,21954,A,N,D,B,D,A,H,-,A,D,0,Y,,,,Y,Y,N,60,0,1,0,0,1,0,0,0,0,"- ","- ",,,"SAN FRANCISCO","SAN FRANCISCO",-122.47611999511719,37.765491485595703
9437538,2022,2022-05-13,3801,2022-04-22,1009,1396,SOUTH,5,5,7,3801,0,0,0,,0,3B13A,"FOLSOM ST","HARRIET ST",0.00,,Y,A,-,N,,,,,,,,,,N,3,0,1,2,A,-,00,21650,D,N,D,C,A,-,H,-,A,D,0,,,,,Y,,M,97,0,1,0,0,0,0,0,0,0,"- ","- ",,,"SAN FRANCISCO","SAN FRANCISCO",-122.40613555908203,37.778076171875
9437539,2022,2022-05-13,3801,2022-04-24,1516,1878,SOUTH,7,5,7,3801,0,0,0,,0,0B3,"8TH ST","MINNA ST",0.00,,Y,A,-,N,,,,,,,,,,N,4,0,2,2,A,-,03,22350,,N,D,C,A,A,H,-,A,D,0,,,Y,,Y,,C,02,0,0,2,0,0,0,0,0,2,"- ","- ",,,"SAN FRANCISCO","SAN FRANCISCO",-122.41259765625,37.777050018310547
9437540,2022,2022-05-13,3801,2022-04-22,1606,2359,TARAV,5,5,7,3801,0,0,0,,0,0I2,"21ST AV","QUINTARA ST",0.00,,Y,A,-,N,,,,,,,,,,Y,4,0,1,2,A,-,09,21800,A,N,D,C,A,A,H,-,A,D,0,,,,,Y,,A,01,0,0,1,0,0,0,0,0,0,"- ","- ",,,"SAN FRANCISCO","SAN FRANCISCO",-122.478271484375,37.748538970947266
9437541,2022,2022-05-13,3801,2022-04-22,2031,2359,TARAV,5,5,7,3801,0,0,0,,0,0I2,"JUDAH ST","27TH AV",0.00,,Y,A,-,N,,,,,,,,,,Y,4,0,1,1,A,-,03,22350,,N,B,I,A,A,H,-,C,D,0,,,,,Y,,A,01,0,0,1,0,0,0,0,0,0,"- ","- ",,,"SAN FRANCISCO","SAN FRANCISCO",-122.48555755615234,37.761325836181641
9437542,2022,2022-05-13,3801,2022-04-24,0702,2485,CENTR,7,5,7,3801,0,0,0,,0,5CAR,"SANSOME ST","CALIFORNIA ST",43.00,N,N,A,-,N,,,,,,,,,,N,4,0,1,2,A,-,08,22107,,N,B,G,A,A,H,-,A,D,0,,Y,,,Y,,L,04,0,0,1,0,0,0,1,0,0,"- ","- ",,,"SAN FRANCISCO","SAN FRANCISCO",-122.40116119384766,37.793216705322266
9437543,2022,2022-05-16,3801,2022-04-23,1739,2441,INGLE,6,5,7,3801,0,0,0,,0,3H15D,"LONDON ST","GENEVA AV",0.00,,Y,A,-,N,,,,,,,,,,N,4,0,1,2,A,-,21,22106,,N,C,C,A,A,H,-,A,D,0,,,,,Y,,A,01,0,0,1,0,0,0,0,0,0,"- ","- ",,,"SAN FRANCISCO","SAN FRANCISCO",-122.44023895263672,37.716049194335938
9437544,2022,2022-05-13,3801,2022-04-22,1200,724,INGLE,5,5,7,3801,0,0,0,,0,3H13C,"MT VERNON ST","MISSION ST",0.00,,Y,A,-,N,,,,,,,,,,N,4,0,1,2,A,-,10,21950,A,N,G,B,B,A,H,-,A,A,0,Y,,,,Y,Y,A,01,0,0,1,0,1,0,0,0,0,"- ","- ",,,"SAN FRANCISCO","SAN FRANCISCO",-122.44264984130859,37.714607238769531
9437545,2022,2022-05-13,3801,2022-04-23,1249,A20952,INGLE,6,5,7,3801,0,0,0,,0,3H11A,"EUGENIA AV","BONVIEW ST",0.00,,Y,A,-,N,,,,,,,,,,N,4,0,1,2,A,-,12,22450,A,N,A,G,A,A,H,-,A,A,0,,Y,,,Y,,-,"- ",0,0,1,0,0,0,1,0,0,"- ","- ",,,"SAN FRANCISCO","SAN FRANCISCO",-122.41831970214844,37.740798950195312
9437546,2022,2022-06-03,3801,2022-04-22,1537,319,CENTR,5,5,7,3801,0,0,0,,0,3A15D,"NEW MONTGOMERY ST","JESSIE ST",0.00,,Y,A,-,N,,,,,,,,,,N,4,0,1,2,A,-,03,22350,A,F,B,G,A,A,H,-,A,A,0,,Y,,,Y,,A,01,0,0,1,0,0,0,1,0,0,"- ","- ",,,"SAN FRANCISCO","SAN FRANCISCO",-122.40099334716797,37.787868499755859
9437547,2022,2022-05-16,3801,2022-04-11,0829,1129,TARAV,1,5,7,3801,0,0,0,,0,005,"SKYLINE BL","LAKE MERCED BL",0.00,,Y,B,C,N,,,,,,,,,,N,3,0,2,2,A,-,09,21801,A,N,D,C,A,B,H,-,A,D,0,,,,,Y,,A,01,0,1,1,0,0,0,0,0,0,"- ","- ",,,"SAN FRANCISCO","SAN FRANCISCO",-122.49894714355469,37.731536865234375
9437548,2022,2022-05-13,3801,2022-04-14,1739,2469,BAYVI,4,5,7,3801,0,0,0,,0,3C105,"BAY SHORE BL","FLOWER ST",0.00,,Y,C,-,N,,,,,,,,,,N,4,0,2,2,A,-,09,21801,A,N,D,C,A,B,H,-,A,D,0,,,,,Y,,A,01,0,0,2,0,0,0,0,0,0,"- ","- ",,,"SAN FRANCISCO","SAN FRANCISCO",-122.40565490722656,37.742500305175781
9437549,2022,2022-05-13,3801,2022-04-13,1539,1875,BAYVI,3,5,7,3801,0,0,0,,0,3C13D,"3RD ST","LA SALLE AV",0.00,,Y,A,-,N,,,,,,,,,,Y,4,0,3,2,A,-,08,22107,,N,D,C,A,A,H,-,A,A,0,,,,,Y,,A,01,0,0,3,0,0,0,0,0,0,"- ","- ",,,"SAN FRANCISCO","SAN FRANCISCO",-122.38993835449219,37.737216949462891
9437550,2022,2022-05-13,3801,2022-04-07,2104,2056,SOUTH,4,5,7,3801,0,0,0,,0,0B4,"SOUTH VAN NESS","MISSION ST",0.00,,Y,A,-,N,,,,,,,,,,N,3,0,1,2,A,-,12,21453,,N,A,G,A,-,H,-,C,A,0,,Y,,,Y,,L,04,0,1,0,0,0,0,1,0,0,"- ","- ",,,"SAN FRANCISCO","SAN FRANCISCO",-122.41863250732422,37.773109436035156
9437551,2022,2022-06-03,3801,2022-04-12,0730,1540,TARAV,2,5,7,3801,0,0,0,,0,3I13A,"SANTIAGO ST","47TH AV",84.00,E,N,A,-,N,,,,,,,,,,Y,4,0,1,3,A,-,03,22350,,N,-,E,A,A,H,-,A,D,0,,,,,Y,,A,01,0,0,1,0,0,0,0,0,0,"- ","- ",,,"SAN FRANCISCO","SAN FRANCISCO",-122.50556182861328,37.743598937988281
9437552,2022,2022-05-13,3801,2022-04-11,1245,1609,RICHM,1,5,7,3801,0,0,0,,0,3G15A,"CALIFORNIA ST","26TH AV",0.00,,Y,A,-,N,,,,,,,,,,Y,4,0,1,2,A,-,09,21800,A,N,D,C,A,A,H,-,A,A,0,,,,,Y,,A,01,0,0,1,0,0,0,0,0,0,"- ","- ",,,"SAN FRANCISCO","SAN FRANCISCO",-122.486083984375,37.783828735351562
9437553,2022,2022-05-13,3801,2022-04-11,1626,2733,SOUTH,1,5,7,3801,0,0,0,,0,0B1,"MISSION ST","MAIN ST",0.00,,Y,A,-,N,,,,,,,,,,N,3,0,1,2,A,-,10,21950,A,N,G,B,B,A,H,-,A,A,0,Y,,,,Y,,A,01,0,1,0,0,1,0,0,0,0,"- ","- ",,,"SAN FRANCISCO","SAN FRANCISCO",-122.39496612548828,37.791862487792969
9437554,2022,2022-05-13,3801,2022-04-12,1807,2725,RICHM,2,5,7,3801,0,0,0,,0,,"CALIFORNIA ST",ARGUELLO,0.00,,Y,A,-,N,,,,,,,,,,N,3,0,1,2,A,-,10,21950,A,N,D,B,B,-,H,-,A,A,0,Y,,,,Y,,A,01,0,1,0,0,1,0,0,0,0,"- ","- ",,,"SAN FRANCISCO","SAN FRANCISCO",-122.45921325683594,37.785671234130859
9437555,2022,2022-05-13,3801,2022-04-11,1530,2398,NORTH,1,5,7,3801,0,0,0,,0,02E,"GOUGH ST","FELL ST",0.00,,Y,A,-,N,,,,,,,,,,N,4,0,1,2,A,-,08,22107,,N,D,C,A,A,H,-,A,A,0,,,,,Y,,A,01,0,0,1,0,0,0,0,0,0,"- ","- ",,,"SAN FRANCISCO","SAN FRANCISCO",-122.42277526855469,37.775943756103516
9437556,2022,2022-05-13,3801,2022-04-12,0347,2479,NORTH,2,5,7,3801,0,0,0,,0,3E13E,"VAN NESS AV","TURK ST",0.00,,Y,A,-,N,,,,,,,,,,Y,4,0,1,2,A,-,12,21453,A,F,D,C,A,A,H,-,C,A,0,,,,,Y,,A,01,0,0,1,0,0,0,0,0,0,"- ","- ",,,"SAN FRANCISCO","SAN FRANCISCO",-122.42057800292969,37.781936645507812
9437557,2022,2022-05-13,3801,2022-04-13,1544,1160,SOUTH,3,5,7,3801,0,0,0,,0,0B2,"3RD ST","HOWARD ST",0.00,,Y,A,-,N,,,,,,,,,,N,4,0,1,2,A,-,06,21750,A,N,D,C,A,A,H,-,A,A,0,,,Y,,Y,,C,02,0,0,1,0,0,0,0,0,1,"- ","- ",,,"SAN FRANCISCO","SAN FRANCISCO",-122.40049743652344,37.785007476806641
9437558,2022,2022-05-19,3801,2022-04-13,1159,4022,MISSI,3,5,7,3801,0,0,0,,0,3D95C,"16TH ST","ALABAMA ST",0.00,,Y,A,-,N,,,,,,,,,,Y,4,0,1,3,A,-,09,21804,A,F,D,C,A,A,H,-,A,A,0,,,,,Y,,A,01,0,0,1,0,0,0,0,0,0,"- ","- ",,,"SAN FRANCISCO","SAN FRANCISCO",-122.41239929199219,37.765495300292969
9437560,2022,2022-05-13,3801,2022-04-21,2055,713,CENTR,4,5,7,3801,0,0,0,,0,3A14D,"THE EMBARCADERO NORTH","GRANT ST",19.00,E,N,A,-,N,,,,,,,,,,N,4,0,2,2,A,-,03,22350,,F,C,C,A,A,H,-,C,A,0,,,,,Y,,A,01,0,0,2,0,0,0,0,0,0,"- ","- ",,,"SAN FRANCISCO","SAN FRANCISCO",-122.40901947021484,37.808109283447266
9437561,2022,2022-05-17,3801,2022-04-07,1445,1518,CENTR,4,5,7,3801,0,0,0,,0,3A50A,"EMBARCADERO NORTH","GRANT AV",30.00,E,N,A,-,N,,,,,,,,,,N,3,0,1,1,A,-,03,22350,,N,-,I,A,A,H,-,A,A,0,,Y,,,Y,,L,04,0,1,0,0,0,0,1,0,0,"- ","- ",,,"SAN FRANCISCO","SAN FRANCISCO",-122.40898895263672,37.808094024658203
9437562,2022,2022-05-17,3801,2022-04-06,0703,2202,INGLE,3,5,7,3801,0,0,0,,0,3H13A,"MISSION ST","SANTA ROSA AV",0.00,,Y,A,-,N,,,,,,,,,,N,3,0,1,2,A,-,10,21950,A,N,G,B,B,A,H,-,A,A,0,Y,,,,Y,,A,01,0,1,0,0,1,0,0,0,0,"- ","- ",,,"SAN FRANCISCO","SAN FRANCISCO",-122.43401336669922,37.725757598876953
9437563,2022,2022-05-17,3801,2022-04-06,0750,4356,INGLE,3,5,7,3801,0,0,0,,0,3H12A,"OSHAUGHNESSY BL","PORTOLA DR",700.00,E,N,A,-,N,,,,,,,,,,N,4,0,1,2,A,-,04,21703,,N,C,C,A,A,H,-,A,D,0,,,,,Y,,A,01,0,0,1,0,0,0,0,0,0,"- ","- ",,,"SAN FRANCISCO","SAN FRANCISCO",-122.450439453125,37.743850708007812
9437564,2022,2022-05-17,3801,2022-04-04,2024,158,INGLE,1,5,7,3801,0,0,0,,0,3H12D,"CHURCH ST","28TH ST",0.00,,Y,A,-,N,,,,,,,,,,N,4,0,1,2,-,-,"- ",,A,N,G,B,B,A,H,-,C,A,0,Y,,,,Y,,A,01,0,0,1,0,1,0,0,0,0,"- ","- ",,,"SAN FRANCISCO","SAN FRANCISCO",-122.42681884765625,37.745307922363281
9437565,2022,2022-05-17,3801,2022-04-11,1642,2743,SOUTH,1,5,7,3801,0,0,0,,0,3B4,"WASHBURN ST","HOWARD ST",260.00,N,N,A,-,N,,,,,,,,,,N,4,0,2,2,A,-,11,21950,B,N,H,B,D,A,H,-,A,D,0,Y,,,,Y,,N,60,0,0,2,0,1,0,0,0,0,"- ","- ",,,"SAN FRANCISCO","SAN FRANCISCO",-122.41423797607422,37.775165557861328
94376554,2024,2024-08-30,9335,2024-08-22,1520,023737,,4,2,7,3801,0,1,2,,2,013,"US-101 NORTHBOUND","BAYSHORE BOULEVARD",444.00,N,N,A,-,Y,SF,,101," "," ",0.836,H,,R,Y,4,0,2,5,A,-,03,22350,,N,C,2,A,A,H,-,A,D,0,,,,,Y,,A,01,0,0,2,0,0,0,0,0,0,"- ","- ",37.7198486328125,-122.39974212646484,"SAN FRANCISCO","SAN FRANCISCO",-122.39967346191406,37.719860076904297
9437723,2022,2022-06-07,3801,2022-04-11,1310,1917,TARAV,1,5,7,3801,0,0,0,,0,3I16A,"GENEVA AV","HOWTH ST",62.00,E,N,A,G,N,,,,,,,,,,N,4,0,4,2,A,-,03,22350,,N,C,C,A,A,H,-,A,A,0,,,,,Y,,I,19,0,0,4,0,0,0,0,0,0,"- ","- ",,,"SAN FRANCISCO","SAN FRANCISCO",-122.44992828369141,37.722000122070312
9437727,2022,2022-05-18,3801,2022-04-13,1719,4314,RICHM,3,5,7,3801,0,0,0,,0,0G5,"FULTON ST","47TH AV",47.00,W,N,A,B,N,,,,,,,,,,Y,4,0,1,2,D,-,00,,,N,C,E,A,A,H,-,A,D,0,,,,,Y,,-,"- ",0,0,1,0,0,0,0,0,0,"- ","- ",,,"SAN FRANCISCO","SAN FRANCISCO",-122.50791931152344,37.771484375
9437731,2022,2022-05-18,3801,2022-04-13,1510,334,BAYVI,3,5,7,3801,0,0,0,,0,0C2,"BAYSHORE BL","JERROLD AV",0.00,,Y,A,-,N,,,,,,,,,,N,4,0,1,2,A,-,03,22350,,N,C,C,A,A,H,-,A,A,0,,,,,Y,,D,22,0,0,1,0,0,0,0,0,0,"- ","- ",,,"SAN FRANCISCO","SAN FRANCISCO",-122.40361785888672,37.747386932373047
9437743,2022,2022-05-18,3801,2022-04-07,1445,724,INGLE,4,5,7,3801,0,0,0,,0,3H13C,"MISSION ST","LEO ST",81.00,S,N,A,-,N,,,,,,,,,,Y,4,0,1,2,A,-,08,22102,,N,D,C,A,A,H,-,A,D,0,,,,,Y,Y,A,07,0,0,1,0,0,0,0,0,0,"- ","- ",,,"SAN FRANCISCO","SAN FRANCISCO",-122.43665313720703,37.722267150878906
9437747,2022,2022-05-19,3801,2022-04-14,2341,2330,TARAV,4,5,7,3801,0,0,0,,0,901,"GREAT HWY","RIVERA ST",68.00,N,N,B,C,N,,,,,,,,,,Y,4,0,1,2,A,-,03,22350,,N,C,E,A,B,H,-,C,A,0,,,,,Y,,D,22,0,0,1,0,0,0,0,0,0,"- ","- ",,,"SAN FRANCISCO","SAN FRANCISCO",-122.50749206542969,37.745594024658203
94380021,2024,2024-09-03,9335,2024-08-15,2100,023489,,4,2,7,3801,0,1,2,,2,013,"US-101 SOUTHBOUND","BAYSHORE BOULEVARD UNDER-CROSSING",363.00,S,N,A,-,Y,SF,,101," "," ",2.873,H,,L,N,4,0,3,6,A,-,07,21658,A,M,C,C,A,A,H,-,C,D,0,,,Y,,Y,,-,99,0,0,3,0,0,0,0,0,1,"- ","- ",37.747539520263672,-122.40435028076172,"SAN FRANCISCO","SAN FRANCISCO",-122.40440368652344,37.747550964355469
94381768,2024,2024-09-04,9335,2024-08-24,1500,023991,,6,2,7,3801,0,1,1,,2,080,"I-80 WB","3RD STREET UNDERCROSSING",595.00,E,N,A,-,Y,SF,,80," "," ",5.355,H,,L,N,2,0,1,2,A,-,07,21658,A,N,B,C,A,A,H,-,A,D,0,,,Y,,Y,,C,02,1,0,0,0,0,0,0,0,1,"- ","- ",37.783260345458984,-122.39524841308594,"SAN FRANCISCO","SAN FRANCISCO",-122.39527893066406,37.783283233642578
94381780,2024,2024-09-05,9335,2024-08-26,"45  ",023832,,1,3,7,3801,0,1,1,,1,083,"I-80 E/B","TREASURE ISLAND ROAD OVERCROSSING",190.00,W,N,A,-,Y,SF,,80," "," ",7.683,H,,R,Y,4,0,2,3,A,-,03,22350,,N,C,2,A,A,H,-,C,D,0,,,,,Y,,A,01,0,0,2,0,0,0,0,0,0,"- ","- ",37.808631896972656,-122.36679077148438,"SAN FRANCISCO","SAN FRANCISCO",-122.36670684814453,37.808582305908203
94382117,2024,2024-09-05,9335,2024-08-26,1350,023737,,1,1,7,3801,0,1,A,,2,090,"I-80 WESTBOUND","NORTHDATE ROAD",2059.00,E,N,A,-,Y,SF,,80," ",R,8.487,H,,L,N,2,0,3,2,A,-,03,22350,,N,C,C,A,A,H,-,A,D,0,,,Y,,Y,,C,02,2,0,1,0,0,0,0,0,2,"- ","- ",37.816879272460938,-122.35610198974609,"SAN FRANCISCO","SAN FRANCISCO",-122.35616302490234,37.81695556640625
9438252,2022,2022-05-23,3801,2022-04-10,0301,614,TARAV,7,5,7,3801,0,0,0,,0,3I11E,"FONT BL","ARBALLO DR",0.00,,Y,A,-,N,,,,,,,,,,Y,3,0,1,1,A,-,03,22350,,N,E,J,A,A,A,B,C,A,0,,,,,Y,,-,,0,1,0,0,0,0,0,0,0,"- ","- ",,,"SAN FRANCISCO","SAN FRANCISCO",-122.48244476318359,37.721748352050781
9438253,2022,2022-05-23,3801,2022-04-18,0420,1489,BAYVI,1,5,7,3801,0,0,0,,0,3C13E,"EVANS AV","PHELPS ST",0.00,,Y,A,-,N,,,,,,,,,,Y,4,0,1,2,A,-,12,21453,A,F,D,C,A,A,H,-,C,A,0,,,,,Y,,A,01,0,0,1,0,0,0,0,0,0,"- ","- ",,,"SAN FRANCISCO","SAN FRANCISCO",-122.38845062255859,37.742977142333984
9438255,2022,2022-05-23,3801,2022-04-07,1000,244,NORTH,4,5,7,3801,0,0,0,,0,3E14A,"CALIFORNIA ST","LAGUNA ST",0.00,,Y,A,-,N,,,,,,,,,,Y,4,0,1,2,D,-,00,,,N,D,C,A,A,H,-,A,A,0,,,,,Y,,-,"- ",0,0,1,0,0,0,0,0,0,"- ","- ",,,"SAN FRANCISCO","SAN FRANCISCO",-122.42888641357422,37.789531707763672
9438256,2022,2022-05-23,3801,2022-04-09,0957,1605,NORTH,6,5,7,3801,0,0,0,,0,3E11A,"FILLMORE ST","MARINA BL",4.00,N,N,A,-,N,,,,,,,,,,N,3,0,3,3,D,-,00,,,N,H,B,F,A,H,-,A,D,0,Y,Y,,,Y,,-,"- ",0,1,2,0,2,0,1,0,0,"- ","- ",,,"SAN FRANCISCO","SAN FRANCISCO",-122.43743896484375,37.806400299072266
9438257,2022,2022-05-23,3801,2022-04-09,1635,1353,NORTH,6,5,7,3801,0,0,0,,0,3E91,"SUTTER ST","WEBSTER ST",0.00,,Y,A,-,N,,,,,,,,,,,3,0,1,1,A,-,03,22350,,N,F,-,A,A,H,-,A,A,0,,,Y,,Y,,C,03,0,1,0,0,0,0,0,0,1,"- ","- ",,,"SAN FRANCISCO","SAN FRANCISCO",-122.43168640136719,37.786293029785156
9438258,2022,2022-05-23,3801,2022-04-09,0106,2461,SOUTH,6,5,7,3801,0,0,0,,0,3B12E,"HOWARD ST","6TH ST",30.00,W,N,A,-,N,,,,,,,,,,N,4,0,1,2,A,-,03,22350,,N,C,C,A,A,H,-,C,A,0,,,,,Y,,A,01,0,0,1,0,0,0,0,0,0,"- ","- ",,,"SAN FRANCISCO","SAN FRANCISCO",-122.40721130371094,37.779689788818359
94383202,2024,2024-09-06,9335,2024-08-23,2255,023685,,5,3,7,3801,0,1,2,,2,013,"US-101 N/B","ALEMANY BOULEVARD UNDERCROSSING",400.00,N,N,A,-,Y,SF,,101," "," ",2.227,H,,R,Y,4,0,1,2,A,-,01,23152,A,N,B,I,A,A,H,-,C,D,0,,,,,Y,Y,A,01,0,0,1,0,0,0,0,0,0,"- ","- ",37.738929748535156,-122.40808868408203,"SAN FRANCISCO","SAN FRANCISCO",-122.40799713134766,37.738933563232422
94387212,2024,2024-09-09,9335,2024-08-27,"215 ",023845,,2,3,7,3801,0,1,1,,1,083,"I-80 EASTBOUND","TREASURE ISLAND ROAD OVERCROSSING",5016.00,W,N,A,-,Y,SF,,80," "," ",6.814,H,,R,Y,3,0,2,1,C,-,18,,,N,H,A,A,A,H,-,C,D,0,,,,,Y,,-,"- ",0,2,0,0,0,0,0,0,0,"- ","- ",37.798969268798828,-122.37727355957031,"SAN FRANCISCO","SAN FRANCISCO",-122.37702178955078,37.798801422119141
94389046,2024,2024-09-10,9335,2024-09-02,1740,021424,,1,2,7,3801,0,1,2,,2,013,"US-101 S/B","PAUL AVE",500.00,S,N,A,-,Y,SF,,101," "," ",1.028,H,,L,N,4,0,1,2,A,-,07,21658,A,N,B,C,A,A,H,-,A,D,0,,,,,Y,,-,"- ",0,0,1,0,0,0,0,0,0,"- ","- ",37.722389221191406,-122.40084838867188,"SAN FRANCISCO","SAN FRANCISCO",-122.40081787109375,37.722396850585938
94389173,2024,2024-09-10,9335,2024-09-04,1650,023737,,3,2,7,3801,0,1,2,,2,013,"US-101 NORTHBOUND","FAITH STRRET PEDESTRIAN OVERCROSSING",50.00,N,N,A,-,Y,SF,,101," "," ",2.626,H,,R,N,4,0,1,2,A,-,03,22350,,N,C,C,A,A,H,-,A,D,0,,,,,Y,,A,01,0,0,1,0,0,0,0,0,0,"- ","- ",37.743999481201172,-122.40547180175781,"SAN FRANCISCO","SAN FRANCISCO",-122.40552520751953,37.744026184082031
94389306,2024,2024-09-10,9335,2024-09-07,"20  ",023832,,6,3,7,3801,0,1,1,,1,081,"I-80 W/B","BEALE STREET UNDERCROSSING",611.00,W,N,A,-,Y,SF,,80," "," ",5.603,H,,L,Y,3,0,1,1,A,-,08,22107,,N,E,I,A,A,H,-,C,D,0,,,,,Y,,A,01,0,1,0,0,0,0,0,0,0,"- ","- ",37.785411834716797,-122.39173126220703,"SAN FRANCISCO","SAN FRANCISCO",-122.39174652099609,37.785427093505859