CASE_ID,ACCIDENT_YEAR,PROC_DATE,JURIS,COLLISION_DATE,COLLISION_TIME,OFFICER_ID,REPORTING_DISTRICT,DAY_OF_WEEK,CHP_SHIFT,POPULATION,CNTY_CITY_LOC,SPECIAL_COND,BEAT_TYPE,CHP_BEAT_TYPE,CITY_DIVISION_LAPD,CHP_BEAT_CLASS,BEAT_NUMBER,PRIMARY_RD,SECONDARY_RD,DISTANCE,DIRECTION,INTERSECTION,WEATHER_1,WEATHER_2,STATE_HWY_IND,CALTRANS_COUNTY,CALTRANS_DISTRICT,STATE_ROUTE,ROUTE_SUFFIX,POSTMILE_PREFIX,POSTMILE,LOCATION_TYPE,RAMP_INTERSECTION,SIDE_OF_HWY,TOW_AWAY,COLLISION_SEVERITY,NUMBER_KILLED,NUMBER_INJURED,PARTY_COUNT,PRIMARY_COLL_FACTOR,PCF_CODE_OF_VIOL,PCF_VIOL_CATEGORY,PCF_VIOLATION,PCF_VIOL_SUBSECTION,HIT_AND_RUN,TYPE_OF_COLLISION,MVIW,PED_ACTION,ROAD_SURFACE,ROAD_COND_1,ROAD_COND_2,LIGHTING,CONTROL_DEVICE,CHP_ROAD_TYPE,PEDESTRIAN_ACCIDENT,BICYCLE_ACCIDENT,MOTORCYCLE_ACCIDENT,TRUCK_ACCIDENT,NOT_PRIVATE_PROPERTY,ALCOHOL_INVOLVED,STWD_VEHTYPE_AT_FAULT,CHP_VEHTYPE_AT_FAULT,COUNT_SEVERE_INJ,COUNT_VISIBLE_INJ,COUNT_COMPLAINT_PAIN,COUNT_PED_KILLED,COUNT_PED_INJURED,COUNT_BICYCLIST_KILLED,COUNT_BICYCLIST_INJURED,COUNT_MC_KILLED,COUNT_MC_INJURED,PRIMARY_RAMP,SECONDARY_RAMP,LATITUDE,LONGITUDE,COUNTY,CITY,POINT_X,POINT_Y
9438982,2022,2022-05-13,3801,2022-04-26,0850,1242,CENTR,2,5,7,3801,0,0,0,,0,3A5A,"CALIFORNIA ST","BATTERY ST",0.00,,Y,A,-,N,,,,,,,,,,N,4,0,1,2,A,-,10,21950,A,N,G,B,B,A,H,-,A,A,0,Y,,,,Y,,I,11,0,0,1,0,1,0,0,0,0,"- ","- ",,,"SAN FRANCISCO","SAN FRANCISCO",-122.39997863769531,37.793231964111328
9438985,2022,2022-05-18,3801,2022-04-26,0825,1944,INGLE,2,5,7,3801,0,0,0,,0,0H6,"WILDE AV","GOETTINGEN ST",0.00,,Y,A,G,N,,,,,,,,,,N,3,0,1,2,A,-,10,21952,,N,D,B,C,A,H,-,A,D,0,Y,,,,Y,,D,22,0,1,0,0,1,0,0,0,0,"- ","- ",,,"SAN FRANCISCO","SAN FRANCISCO",-122.40208435058594,37.716056823730469
9438986,2022,2022-05-13,3801,2022-04-28,1315,2723,BAYVI,4,5,7,3801,0,0,0,,0,3C11A,"SILVER AV","BOWDOIN ST",0.00,,Y,A,-,N,,,,,,,,,,Y,3,0,1,2,A,-,12,22450,A,N,A,C,A,A,H,-,A,A,0,,,,,Y,,A,01,0,1,0,0,0,0,0,0,0,"- ","- ",,,"SAN FRANCISCO","SAN FRANCISCO",-122.41262817382812,37.730152130126953
9438989,2022,2022-06-06,3801,2022-04-27,1230,764,MISSI,3,5,7,3801,0,0,0,,0,3D44C,MISSION,"25TH ST",0.00,,Y,A,-,N,,,,,,,,,,N,4,0,1,2,A,-,08,22107,,N,B,C,A,A,H,-,A,A,0,,,,,Y,Y,A,01,0,0,1,0,0,0,0,0,0,"- ","- ",,,"SAN FRANCISCO","SAN FRANCISCO",-122.41830444335938,37.750663757324219
9438991,2022,2022-05-18,3801,2022-03-17,0929,4375,TRAFF,4,5,7,3801,0,0,0,,0,4B1F,"VAN NESS AV","TURK ST",38.00,N,N,A,-,N,,,,,,,,,,N,4,0,1,2,A,-,07,21658,A,F,B,C,A,A,H,-,A,-,0,,,,,Y,,-,,0,0,1,0,0,0,0,0,0,"- ","- ",,,"SAN FRANCISCO","SAN FRANCISCO",-122.42060089111328,37.78204345703125
94390812,2024,2024-09-12,9335,2024-09-03,1710,022186,,2,2,7,3801,0,1,1,,2,080,"I-80 E/B","3RD STREET U/C",330.00,E,N,A,-,Y,SF,,80," "," ",5.303,H,,R,Y,4,0,1,2,A,-,03,22350,,N,C,C,A,A,H,-,A,D,0,,,,,Y,,A,01,0,0,1,0,0,0,0,0,0,"- ","- ",37.782630920410156,-122.39581298828125,"SAN FRANCISCO","SAN FRANCISCO",-122.395751953125,37.782588958740234
94391512,2024,2024-09-12,9335,2024-09-01,"215 ",023832,,7,3,7,3801,0,1,2,,2,015,"US-101 S/B TO I-80 E/B","DIVISION STREET UNDERCROSSING",33.00,N,N,A,-,Y,SF,,80," ",L,4.073,H,,L,Y,3,0,1,1,A,-,01,23152,A,N,E,I,A,A,H,-,C,D,0,,,,,Y,Y,A,01,0,1,0,0,0,0,0,0,0,"- ","- ",37.769321441650391,-122.40602111816406,"SAN FRANCISCO","SAN FRANCISCO",-122.40604400634766,37.769340515136719
94392068,2024,2024-09-12,9335,2024-09-04,"710 ",022007,,3,1,7,3801,0,1,1,,1,081,"I-80 W/B","BEALE STREET",79.00,W,N,A,-,Y,SF,,80," "," ",5.704,H,,L,N,4,0,2,3,A,-,03,22350,,N,C,C,A,A,H,-,A,D,0,,,,,Y,,D,23,0,0,2,0,0,0,0,0,0,"- ","- ",37.786441802978516,-122.39040374755859,"SAN FRANCISCO","SAN FRANCISCO",-122.39045715332031,37.786476135253906
94392321,2024,2024-09-12,9335,2024-09-01,"255 ",023603,,7,3,7,3801,0,1,1,,1,081,"I-80 W/B","BEALE STREET UNDERCROSSING",128.00,W,N,A,-,Y,SF,,80," "," ",5.695,H,,L,Y,2,0,1,1,A,-,01,23152,G,N,E,I,A,A,H,-,C,D,0,,,,,Y,Y,A,07,1,0,0,0,0,0,0,0,0,"- ","- ",37.786331176757812,-122.39048767089844,"SAN FRANCISCO","SAN FRANCISCO",-122.39056396484375,37.786380767822266
94392326,2024,2024-09-12,9350,2024-09-10,"830 ",022020,,2,1,7,3801,0,1,2,,1,120,"US-101 N/B","MERCHANT ROAD",528.00,N,N,B,-,Y,,,,,,,,,,N,3,0,1,1,A,-,08,22107,,N,B,8,A,A,H,-,A,D,0,,,,,Y,,A,07,0,1,0,0,0,0,0,0,0,"- ","- ",37.807968139648438,-122.47617340087891,"SAN FRANCISCO","SAN FRANCISCO",-122.47453308105469,37.806819915771484
94392421,2024,2024-10-17,9335,2024-09-04,1635,023118,,3,2,7,3801,0,1,1,,1,081,"I-80 W/B","SPEAR STREET",175.00,E,N,A,-,Y,SF,,80," "," ",5.894,H,,L,N,4,0,2,2,A,-,03,22350,,N,C,C,A,A,H,-,A,D,0,,,,,Y,,A,08,0,0,2,0,0,0,0,0,0,"- ","- ",37.788600921630859,-122.38816070556641,"SAN FRANCISCO","SAN FRANCISCO",-122.38814544677734,37.788593292236328
94392480,2024,2024-09-13,9335,2024-09-06,1735,023592,,5,2,7,3801,0,1,1,,2,080,"I-80 E/B","7TH STREET",40.00,E,N,A,-,Y,SF,,80," "," ",4.493,H,,R,Y,4,0,1,2,C,-,18,,,N,C,C,A,A,H,-,A,D,0,,,,,Y,,-,"- ",0,0,1,0,0,0,0,0,0,"- ","- ",37.775150299072266,-122.4056396484375,"SAN FRANCISCO","SAN FRANCISCO",-122.40564727783203,37.775154113769531
94392701,2024,2024-09-13,9335,2024-08-31,"150 ",023654,,6,3,7,3801,0,1,2,,2,015,"US-101 SOUTHBOUND TO I-80 EASTBOUND","BRANNAN STREET UNDERCROSSING",340.00,W,N,B,-,Y,SF,,80," ",L,4.111,H,,R,Y,4,0,1,1,A,-,01,23152,A,N,E,I,A,A,H,-,C,D,0,,,,,Y,Y,-,"- ",0,0,1,0,0,0,0,0,0,"- ","- ",37.769950866699219,-122.40540313720703,"SAN FRANCISCO","SAN FRANCISCO",-122.40542602539062,37.769950866699219
9439301,2022,2022-05-19,3801,2022-04-20,2020,1987,TARAV,3,5,7,3801,0,0,0,,0,3I13E,"19TH AV","WAWONA ST",0.00,,Y,C,-,N,,,,,,,,,,N,4,0,4,2,A,-,04,21703,,N,A,C,A,B,H,-,C,A,0,,,,,Y,,A,01,0,0,4,0,0,0,0,0,0,"- ","- ",,,"SAN FRANCISCO","SAN FRANCISCO",-122.47529602050781,37.737457275390625
94395678,2024,2024-09-16,9335,2024-08-27,1638,023979,,2,2,7,3801,0,1,1,,2,024,"I-280 N/B","20TH ST OVERCROSSING",20.00,S,N,A,-,Y,SF,,280," ",R,6.382,H,,R,N,4,0,1,2,A,-,03,22350,,N,C,C,A,A,H,-,A,D,0,,,,,Y,,A,07,0,0,1,0,0,0,0,0,0,"- ","- ",37.760169982910156,-122.39234924316406,"SAN FRANCISCO","SAN FRANCISCO",-122.39228820800781,37.760173797607422
94396239,2024,2024-09-17,9335,2024-09-07,2020,023592,,6,2,7,3801,0,1,1,,1,081,"I-80 W/B","7TH ST",126.00,E,N,A,-,Y,SF,,80," "," ",4.517,H,,L,Y,4,0,1,2,A,-,03,22350,,N,C,C,A,A,H,-,C,D,0,,,,,Y,,A,07,0,0,1,0,0,0,0,0,0,"- ","- ",37.775558471679688,-122.40579986572266,"SAN FRANCISCO","SAN FRANCISCO",-122.40582275390625,37.775577545166016
94396247,2024,2024-09-17,9335,2024-09-08,"215 ",023832,,7,3,7,3801,0,1,1,,1,083,"I-80 E/B","NORTH GATE ROAD UNDERCROSSING",3062.00,E,N,A,-,Y,SF,,80," ",R,8.683,H,,R,Y,4,0,2,2,A,-,03,22350,,N,C,C,A,A,H,-,C,D,0,,,,,Y,,A,01,0,0,2,0,0,0,0,0,0,"- ","- ",37.818099975585938,-122.35285186767578,"SAN FRANCISCO","SAN FRANCISCO",-122.35283660888672,37.818077087402344
94397736,2024,2024-09-17,9335,2024-09-08,1112,023111,,7,1,7,3801,0,1,1,,2,022,"I-280 S/B","FARALLONES STREET PEDESTRIAN OVERCROSSING",15.00,S,N,A,-,Y,SF,,280," ",R,1.060,H,,L,Y,4,0,1,2,A,-,07,21658,A,N,B,C,A,A,H,-,A,D,0,,,,,Y,,A,01,0,0,1,0,0,0,0,0,0,"- ","- ",37.713638305664062,-122.45192718505859,"SAN FRANCISCO","SAN FRANCISCO",-122.45195770263672,37.713657379150391
94400875,2024,2024-09-19,9335,2024-09-11,2200,021754,,3,3,7,3801,0,1,1,,1,081,"I-80 W/B","THE EMBARCADERO UNDERCROSSING",300.00,E,N,A,-,Y,SF,,80," "," ",5.988,H,,L,N,4,0,2,2,A,-,03,22350,,N,C,C,A,A,H,-,C,D,0,,,,,Y,,A,07,0,0,2,0,0,0,0,0,0,"- ","- ",37.789718627929688,-122.38713073730469,"SAN FRANCISCO","SAN FRANCISCO",-122.38700866699219,37.789638519287109
94401042,2024,2024-09-20,9335,2024-09-12,1430,023378,,4,2,7,3801,0,1,1,,2,023,"I-280 S/B","FARALLONES STREET PEDESTRIAN OVERCROSSING",330.00,N,N,A,-,Y,SF,,280," ",R,1.001,H,,L,N,4,0,1,1,A,-,08,22107,,N,F,A,A,A,H,-,A,D,0,,,,,Y,,A,07,0,0,1,0,0,0,0,0,0,"- ","- ",37.713058471679688,-122.45272064208984,"SAN FRANCISCO","SAN FRANCISCO",-122.45269012451172,37.713035583496094
94401047,2024,2024-09-20,9335,2024-09-13,1020,023167,,5,1,7,3801,0,1,2,,2,013,"US-101 N/B","PAUL AVE",860.00,S,N,A,-,Y,SF,,101," "," ",0.944,H,,R,N,3,0,1,1,A,-,08,22107,,N,E,I,A,A,H,-,A,D,0,,,,,Y,,A,01,0,1,0,0,0,0,0,0,0,"- ","- ",37.721340179443359,-122.40003204345703,"SAN FRANCISCO","SAN FRANCISCO",-122.40013885498047,37.7213134765625
94401048,2024,2024-09-20,9335,2024-09-14,"605 ",023167,,6,1,7,3801,0,1,1,,2,024,"I-280 S/B","16TH ST",220.00,S,N,A,-,Y,SF,,280," ",R,6.827,H,,L,Y,4,0,1,1,A,-,08,22107,,N,E,I,A,A,H,-,B,D,0,,,,,Y,,A,01,0,0,1,0,0,0,0,0,0,"- ","- ",37.766040802001953,-122.39405822753906,"SAN FRANCISCO","SAN FRANCISCO",-122.39418792724609,37.765953063964844
94401063,2024,2024-09-20,9335,2024-09-18,1430,023119,,3,2,7,3801,0,1,1,,2,023,"I-280 S/B","MISSION STREET OVERCROSSING",170.00,N,N,A,-,Y,SF,,280," ",R,3.154,H,,L,Y,4,0,1,2,A,-,03,22350,,N,C,C,A,A,H,-,A,D,0,,,,,Y,,A,08,0,0,1,0,0,0,0,0,0,"- ","- ",37.731891632080078,-122.42733764648438,"SAN FRANCISCO","SAN FRANCISCO",-122.42735290527344,37.731861114501953
94402815,2024,2024-09-20,9335,2024-09-12,1540,023592,,4,2,7,3801,0,1,2,,2,014,"US-101 N/B","18TH STREET PED. O/C",550.00,S,N,A,-,Y,SF,,101," "," ",3.847,H,,R,Y,4,0,1,2,C,-,18,,,N,C,C,A,A,H,-,A,D,0,,,,,Y,,-,"- ",0,0,1,0,0,0,0,0,0,"- ","- ",37.760658264160156,-122.40624237060547,"SAN FRANCISCO","SAN FRANCISCO",-122.40630340576172,37.760658264160156
94402952,2024,2024-09-20,9335,2024-09-14,1620,023603,,6,2,7,3801,0,1,1,,2,024,"I-280 N/B","18TH STREET UNDERCROSSING",455.00,S,N,A,-,Y,SF,,280," ",R,6.494,H,,R,Y,4,0,2,2,A,-,03,22350,,N,C,C,A,A,H,-,A,D,0,,,,,Y,,A,01,0,0,2,0,0,0,0,0,0,"- ","- ",37.761520385742188,-122.39240264892578,"SAN FRANCISCO","SAN FRANCISCO",-122.39244079589844,37.761516571044922
94404993,2024,2024-09-23,9350,2024-09-14,1345,023069,,6,1,7,3801,0,1,3,,2,011,"SR-1 N/B","KOBBE AVE",380.00,N,N,A,-,Y,SF,,1," "," ",6.776,H,,R,Y,3,0,3,3,A,-,03,22350,,N,C,C,A,A,H,-,A,D,0,,,,,Y,,A,01,0,1,2,0,0,0,0,0,0,"- ","- ",37.798858642578125,-122.469482421875,"SAN FRANCISCO","SAN FRANCISCO",-122.46939849853516,37.798858642578125
94405111,2024,2024-11-15,9335,2024-09-15,1252,023979,,7,1,7,3801,0,1,2,,2,013,"US-101 N/B","CESAR CHAVEZ STREET UNDERCROSSING",480.00,N,N,A,-,Y,SF,,101," "," ",3.117,H,,R,N,4,0,1,3,A,-,07,21658,A,M,B,C,A,A,H,-,A,D,0,,,,,Y,,-,99,0,0,1,0,0,0,0,0,0,"- ","- ",37.750938415527344,-122.40318298339844,"SAN FRANCISCO","SAN FRANCISCO",-122.40312194824219,37.750926971435547
94406785,2024,2024-09-24,9335,2024-09-14,1945,023595,,6,2,7,3801,0,1,2,,2,014,"US-101 SB","HARRISON STREET",320.00,S,N,A,-,Y,SF,,101," ",R,4.802,H,,L,N,4,0,1,3,A,-,03,22350,,N,C,C,A,A,H,-,B,D,0,,,,,Y,,A,01,0,0,1,0,0,0,0,0,0,"- ","- ",37.769451141357422,-122.41226196289062,"SAN FRANCISCO","SAN FRANCISCO",-122.41226196289062,37.769439697265625
9441187,2022,2022-05-20,3801,2022-04-25,1043,1129,TARAV,1,5,7,3801,0,0,0,,0,005,"LAKE MERCED BL","JOHN MUIR DR",0.00,,Y,A,-,N,,,,,,,,,,Y,3,0,1,1,A,-,08,22107,,N,E,I,A,A,H,-,A,D,0,,,,,Y,,A,01,0,1,0,0,0,0,0,0,0,"- ","- ",,,"SAN FRANCISCO","SAN FRANCISCO",-122.48574066162109,37.708110809326172
9441188,2022,2022-05-20,3801,2022-04-25,1543,2733,SOUTH,1,5,7,3801,0,0,0,,0,0B2,"04TH ST","HOWARD ST",0.00,,Y,A,-,N,,,,,,,,,,N,3,0,1,2,A,-,08,22101,D,N,C,G,A,A,H,-,A,A,0,,Y,Y,,Y,,L,04,0,1,0,0,0,0,1,0,0,"- ","- ",,,"SAN FRANCISCO","SAN FRANCISCO",-122.40272400000001,37.783270000000002
9441189,2022,2022-09-06,3801,2022-04-26,0022,460,INGLE,2,5,7,3801,0,0,0,,0,3H15E,"MISSION ST","30TH ST",0.00,,Y,A,-,N,,,,,,,,,,Y,4,0,1,2,A,-,08,22107,,F,B,C,A,A,H,-,C,A,0,,,,,Y,,A,01,0,0,1,0,0,0,0,0,0,"- ","- ",,,"SAN FRANCISCO","SAN FRANCISCO",-122.42195892333984,37.742389678955078
9441190,2022,2022-05-20,3801,2022-04-28,1638,2741,INGLE,4,5,7,3801,0,0,0,,0,901,"GENEVA AV","BROOKDALE AV",63.00,W,N,A,-,N,,,,,,,,,,N,4,0,1,2,A,-,08,22107,,N,B,C,A,A,H,-,A,D,0,,,,,Y,,A,07,0,0,1,0,0,0,0,0,0,"- ","- ",,,"SAN FRANCISCO","SAN FRANCISCO",-122.4246826171875,37.710193634033203
9441193,2022,2022-05-20,3801,2022-04-28,1700,231,BAYVI,4,5,7,3801,0,0,0,,0,901,"SAN BRUNO AV","WOOLSEY AV",0.00,,Y,A,-,N,,,,,,,,,,N,3,0,1,2,A,-,10,21950,A,N,G,B,B,A,H,-,A,D,0,Y,,,,Y,,A,01,0,1,0,0,1,0,0,0,0,"- ","- ",,,"SAN FRANCISCO","SAN FRANCISCO",-122.40261077880859,37.725238800048828
9441196,2022,2022-05-26,3801,2022-04-28,0041,2307,NORTH,4,5,7,3801,0,0,0,,0,3E14E,"OCTAVIA ST","BUSH ST",0.00,,Y,A,-,N,,,,,,,,,,Y,4,0,1,2,A,-,12,21453,A,F,D,C,A,A,H,-,C,A,0,,,,,Y,,-,"- ",0,0,1,0,0,0,0,0,0,"- ","- ",,,"SAN FRANCISCO","SAN FRANCISCO",-122.42687225341797,37.787860870361328
9441197,2022,2022-05-20,3801,2022-04-26,0823,1423,NORTH,2,5,7,3801,0,0,0,,0,3E4A,"VAN NESS AV","TURK ST",0.00,,Y,A,-,N,,,,,,,,,,N,4,0,1,2,A,-,08,22107,,N,B,G,A,A,H,-,A,A,0,,Y,,,Y,,A,07,0,0,1,0,0,0,1,0,0,"- ","- ",,,"SAN FRANCISCO","SAN FRANCISCO",-122.42057800292969,37.781936645507812
9441198,2022,2022-05-20,3801,2022-04-28,1545,1307,CENTR,4,5,7,3801,0,0,0,,0,3A54C,BROADWAY,"STOCKTON ST",108.00,E,N,A,-,N,,,,,,,,,,N,4,0,1,2,A,-,08,22107,,N,C,C,A,-,H,-,A,D,0,,,,,Y,,A,01,0,0,1,0,0,0,0,0,0,"- ","- ",,,"SAN FRANCISCO","SAN FRANCISCO",-122.40823364257812,37.797702789306641
9441199,2022,2022-05-20,3801,2022-04-24,1017,2466,RICHM,7,5,7,3801,0,0,0,,0,FOUR,"FULTON AV","18TH AV",0.00,,Y,A,-,N,,,,,,,,,,Y,4,0,1,2,A,-,04,21703,,F,E,I,A,A,H,-,A,A,0,,,,,Y,,A,01,0,0,1,0,0,0,0,0,0,"- ","- ",,,"SAN FRANCISCO","SAN FRANCISCO",-122.47669982910156,37.772899627685547
9441200,2022,2022-05-20,3801,2022-04-07,2146,1994,TRAFF,4,5,7,3801,0,0,0,,0,4B3D,"CAPP ST","16TH ST",126.00,N,N,A,-,N,,,,,,,,,,N,2,0,1,2,A,-,11,21955,,F,G,B,D,A,H,-,C,D,0,Y,,,,Y,,N,60,1,0,0,0,1,0,0,0,0,"- ","- ",,,"SAN FRANCISCO","SAN FRANCISCO",-122.418701171875,37.765098571777344
94412469,2024,2024-09-30,9335,2024-09-22,"304 ",023121,,7,3,7,3801,0,1,1,,1,083,"I-80 EASTBOUND","SELF-ANCHORED SUSPENSION SPAN (SAS) TOWER",2600.00,E,N,A,-,Y,SF,,80," ",R,8.818,H,,R,N,4,0,3,2,A,-,03,22350,,N,C,C,A,A,H,-,C,D,0,,,,,Y,Y,A,07,0,0,3,0,0,0,0,0,0,"- ","- ",37.818828582763672,-122.35050964355469,"SAN FRANCISCO","SAN FRANCISCO",-122.35047149658203,37.818702697753906
94412510,2024,2024-09-30,9335,2024-09-22,"230 ",023111,,7,3,7,3801,0,1,1,,2,080,"I-80 W/B","MORRIS STREET UNDERCROSSING",138.00,E,N,A,-,Y,SF,,80," "," ",4.736,H,,L,N,4,0,1,2,A,-,03,22350,,N,C,C,A,A,H,-,C,D,0,,,,,Y,,A,01,0,0,1,0,0,0,0,0,0,"- ","- ",37.777599334716797,-122.40268707275391,"SAN FRANCISCO","SAN FRANCISCO",-122.40268707275391,37.777595520019531
94413113,2024,2024-09-30,9335,2024-09-22,1430,023592,,7,2,7,3801,0,1,1,,2,024,"I-280 N/B TO CESAR CHAVEZ STREET","EVANS AVENUE",835.00,S,N,A,-,Y,SF,,280," ",R,5.187,H,,R,Y,4,0,1,1,A,-,08,22107,,N,E,I,A,A,H,-,A,D,0,,,,,Y,,A,01,0,0,1,0,0,0,0,0,0,"- ","- ",37.744098663330078,-122.39537811279297,"SAN FRANCISCO","SAN FRANCISCO",-122.39561462402344,37.744243621826172
9441313,2022,2022-05-19,3801,2022-04-02,1720,1994,TRAFF,6,5,7,3801,0,0,0,,0,4B3D,"POWELL ST","OFARRELL ST",70.00,N,N,A,-,N,,,,,,,,,,N,3,0,1,1,A,-,03,22350,,N,H,I,A,A,G,-,A,D,0,,Y,,,Y,,L,04,0,1,0,0,0,0,1,0,0,"- ","- ",,,"SAN FRANCISCO","SAN FRANCISCO",-122.40806579589844,37.786628723144531
9441314,2022,2022-05-19,3801,2022-04-06,1800,4119,TRAFF,3,5,7,3801,0,0,0,,0,4B3K,"FELTON ST","OXFORD ST",0.00,,Y,B,-,N,,,,,,,,,,N,2,0,1,2,A,-,12,22450,A,N,A,D,A,A,H,-,A,A,0,,,Y,,Y,,C,03,1,0,0,0,0,0,0,0,1,"- ","- ",,,"SAN FRANCISCO","SAN FRANCISCO",-122.41940307617188,37.726181030273438
9441315,2022,2022-05-18,3801,2022-04-08,1346,1936,TRAFF,5,5,7,3801,0,0,0,,0,4B1D,"COLUMBUS AV","BAY ST",0.00,,Y,A,-,N,,,,,,,,,,Y,4,0,1,3,A,-,12,21453,A,F,D,C,A,A,H,-,A,A,0,,,,,Y,,A,01,0,0,1,0,0,0,0,0,0,"- ","- ",,,"SAN FRANCISCO","SAN FRANCISCO",-122.41719818115234,37.805194854736328
9441316,2022,2022-05-19,3801,2022-04-05,0010,1078,NORTH,2,5,7,3801,0,0,0,,0,,"FRANKLIN ST","CHESTNUT ST",0.00,,Y,A,-,N,,,,,,,,,,Y,4,0,1,2,A,-,12,21453,A,F,D,C,A,A,H,-,C,A,0,,,,,Y,,A,01,0,0,1,0,0,0,0,0,0,"- ","- ",,,"SAN FRANCISCO","SAN FRANCISCO",-122.42637634277344,37.802070617675781
9441317,2022,2022-05-26,3801,2022-04-16,1847,1420,INGLE,6,5,7,3801,0,0,0,,0,3H15D,"SAN JOSE AV","ALAMANEY BL",0.00,,Y,A,-,N,,,,,,,,,,Y,4,0,2,2,D,-,00,,,N,-,C,A,A,H,-,B,A,0,,,Y,,Y,,-,"- ",0,0,2,0,0,0,0,0,1,"- ","- ",,,"SAN FRANCISCO","SAN FRANCISCO",,
9441318,2022,2022-05-19,3801,2022-04-19,0815,1003,INGLE,2,5,7,3801,0,0,0,,0,3CAR,"MISSION ST","COLLEGE TER",55.00,N,N,A,-,N,,,,,,,,,,Y,4,0,2,2,A,-,09,21804,A,N,D,D,A,A,H,-,A,D,0,,,,,Y,,A,01,0,0,2,0,0,0,0,0,0,"- ","- ",,,"SAN FRANCISCO","SAN FRANCISCO",-122.42567443847656,37.734397888183594
9441320,2022,2022-05-19,3801,2022-04-20,1719,2231,SOUTH,3,5,7,3801,0,0,0,,0,3B14D,"HOWARD ST","10TH ST",0.00,,Y,A,-,N,,,,,,,,,,N,4,0,1,2,A,-,10,21950,A,N,A,B,B,A,H,-,A,A,0,Y,,,,Y,,A,01,0,0,1,0,1,0,0,0,0,"- ","- ",,,"SAN FRANCISCO","SAN FRANCISCO",-122.41436767578125,37.774024963378906
94413230,2024,2024-09-30,9335,2024-09-15,"430 ",023366,,7,3,7,3801,0,1,1,,2,080,"I-80 W/B","2ND STREET",700.00,E,N,B,-,Y,SF,,80," "," ",5.551,H,,L,Y,3,0,1,1,A,-,01,23152,A,M,E,I,A,A,H,-,C,D,0,,,,,Y,Y,A,01,0,1,0,0,0,0,0,0,0,"- ","- ",37.785171508789062,-122.39266967773438,"SAN FRANCISCO","SAN FRANCISCO",-122.39253997802734,37.785015106201172
94413338,2024,2024-09-30,9335,2024-09-21,"215 ",023121,,6,3,7,3801,0,1,1,,1,083,"I-80 EASTBOUND TO MACALLA ROAD","TREASURE ISLAND TUNNEL",290.00,E,N,A,-,Y,SF,,80," ",R,7.911,H,,R,Y,4,0,1,1,A,-,01,23152,A,N,E,I,A,A,H,-,C,D,0,,,,,Y,Y,A,01,0,0,1,0,0,0,0,0,0,"- ","- ",37.811069488525391,-122.36379241943359,"SAN FRANCISCO","SAN FRANCISCO",-122.36400604248047,37.811195373535156
94413604,2024,2024-09-30,9335,2024-09-23,1640,020999,,1,2,7,3801,0,1,1,,1,083,"I-80 E/B","TREASURE ISLAND RD",2000.00,E,N,A,-,Y,SF,,80," ",R,8.523,H,,R,Y,4,0,1,3,A,-,03,22350,,N,C,C,A,A,H,-,A,D,0,,,,,Y,,A,01,0,0,1,0,0,0,0,0,0,"- ","- ",37.816860198974609,-122.35536956787109,"SAN FRANCISCO","SAN FRANCISCO",-122.35540008544922,37.816898345947266
94413626,2024,2024-09-30,9335,2024-09-24,"820 ",021957,,2,1,7,3801,0,1,1,,2,022,"I-280 N/B","OCEAN AVE OVERCROSSING",303.00,N,N,A,-,Y,SF,,280," ",R,1.834,H,,R,N,4,0,1,1,A,-,08,22107,,N,F,I,A,A,H,-,A,D,0,,,Y,,Y,,-,"- ",0,0,1,0,0,0,0,0,1,"- ","- ",37.723911285400391,-122.44738006591797,"SAN FRANCISCO","SAN FRANCISCO",-122.44737243652344,37.723907470703125
94413706,2024,2024-09-30,9335,2024-09-25,"553 ",018804,,3,3,7,3801,0,1,1,,1,081,"I-80 E/B","TREASURE ISLAND RD",2604.00,W,N,B,-,Y,SF,,80," "," ",7.152,H,,R,N,3,0,1,3,A,-,03,22350,,N,C,C,A,A,H,-,C,D,0,,,,,Y,,D,22,0,1,0,0,0,0,0,0,0,"- ","- ",37.802661895751953,-122.37309265136719,"SAN FRANCISCO","SAN FRANCISCO",-122.37295532226562,37.802566528320312