CASE_ID,ACCIDENT_YEAR,PROC_DATE,JURIS,COLLISION_DATE,COLLISION_TIME,OFFICER_ID,REPORTING_DISTRICT,DAY_OF_WEEK,CHP_SHIFT,POPULATION,CNTY_CITY_LOC,SPECIAL_COND,BEAT_TYPE,CHP_BEAT_TYPE,CITY_DIVISION_LAPD,CHP_BEAT_CLASS,BEAT_NUMBER,PRIMARY_RD,SECONDARY_RD,DISTANCE,DIRECTION,INTERSECTION,WEATHER_1,WEATHER_2,STATE_HWY_IND,CALTRANS_COUNTY,CALTRANS_DISTRICT,STATE_ROUTE,ROUTE_SUFFIX,POSTMILE_PREFIX,POSTMILE,LOCATION_TYPE,RAMP_INTERSECTION,SIDE_OF_HWY,TOW_AWAY,COLLISION_SEVERITY,NUMBER_KILLED,NUMBER_INJURED,PARTY_COUNT,PRIMARY_COLL_FACTOR,PCF_CODE_OF_VIOL,PCF_VIOL_CATEGORY,PCF_VIOLATION,PCF_VIOL_SUBSECTION,HIT_AND_RUN,TYPE_OF_COLLISION,MVIW,PED_ACTION,ROAD_SURFACE,ROAD_COND_1,ROAD_COND_2,LIGHTING,CONTROL_DEVICE,CHP_ROAD_TYPE,PEDESTRIAN_ACCIDENT,BICYCLE_ACCIDENT,MOTORCYCLE_ACCIDENT,TRUCK_ACCIDENT,NOT_PRIVATE_PROPERTY,ALCOHOL_INVOLVED,STWD_VEHTYPE_AT_FAULT,CHP_VEHTYPE_AT_FAULT,COUNT_SEVERE_INJ,COUNT_VISIBLE_INJ,COUNT_COMPLAINT_PAIN,COUNT_PED_KILLED,COUNT_PED_INJURED,COUNT_BICYCLIST_KILLED,COUNT_BICYCLIST_INJURED,COUNT_MC_KILLED,COUNT_MC_INJURED,PRIMARY_RAMP,SECONDARY_RAMP,LATITUDE,LONGITUDE,COUNTY,CITY,POINT_X,POINT_Y
94413796,2024,2024-10-01,9335,2024-09-26,1600,023592,,4,2,7,3801,0,1,1,,2,038,"I-380 E/B","7TH AVE",940.00,W,N,A,-,Y,SM,,380," "," ",6.033,H,,R,Y,4,0,1,2,A,-,07,21658,A,N,B,C,A,A,H,-,A,D,0,,,Y,,Y,,C,02,0,0,1,0,0,0,0,0,1,"- ","- ",37.633628845214844,-122.40914154052734,"SAN FRANCISCO","SAN FRANCISCO",-122.40913391113281,37.633800506591797
9441463,2022,2022-06-27,3801,2022-03-27,0643,812,BAYVI,7,5,7,3801,0,0,0,,0,002,"PALOU AV","DUNSHEE ST",0.00,,Y,B,-,N,,,,,,,,,,N,4,0,1,2,A,-,06,21755,,N,G,-,A,A,H,-,B,D,0,,,,,Y,,M,94,0,0,1,0,0,0,0,0,0,"- ","- ",,,"SAN FRANCISCO","SAN FRANCISCO",-122.39569091796875,37.7366943359375
9441465,2022,2022-05-23,3801,2022-03-03,0808,4375,TRAFF,4,5,7,3801,0,0,0,,0,4B1F,"ITALY AV","MOSCOW ST",12.00,E,N,B,-,N,,,,,,,,,,N,2,0,1,2,A,-,10,21950,A,N,D,B,B,B,H,-,A,A,0,Y,,,,Y,,A,01,1,0,0,0,1,0,0,0,0,"- ","- ",,,"SAN FRANCISCO","SAN FRANCISCO",-122.43232727050781,37.715049743652344
9441561,2022,2022-05-20,3801,2022-04-07,1533,1133,CENTR,4,5,7,3801,0,0,0,,0,02A,"OFARRELL ST","STOCKTON ST",0.00,,Y,A,-,N,,,,,,,,,,N,4,0,1,1,D,-,00,,,N,H,A,A,A,H,-,A,D,0,,,Y,,Y,,-,"- ",0,0,1,0,0,0,0,0,1,"- ","- ",,,"SAN FRANCISCO","SAN FRANCISCO",-122.40638732910156,37.786624908447266
94416711,2024,2024-10-02,9335,2024-09-25,"14  ",023044,,3,3,7,3801,0,1,2,,2,014,"US-101 SOUTHBOUND","18TH STREET PEDESTRIAN OVERCROSSING",881.00,S,N,A,-,Y,SF,,101," "," ",3.786,H,,L,N,3,0,1,2,A,-,00,21960,A,N,H,B,A,A,H,-,C,D,0,,,,,Y,,M,94,0,1,0,0,0,0,0,0,0,"- ","- ",37.759830474853516,-122.40647888183594,"SAN FRANCISCO","SAN FRANCISCO",-122.40641021728516,37.759841918945312
94417168,2024,2024-10-02,9335,2024-09-27,2228,023483,,5,3,7,3801,0,1,2,,2,015,"US-101 SB TO I-80 EB","ALAMEDA STREET",440.00,S,N,A,-,Y,SF,,80," "," ",4.144,H,,R,Y,3,0,1,1,A,-,03,22350,,N,E,I,A,A,H,-,C,D,0,,,,,Y,,A,01,0,1,0,0,0,0,0,0,0,"- ","- ",37.770401000976562,-122.40547943115234,"SAN FRANCISCO","SAN FRANCISCO",-122.40543365478516,37.770416259765625
9441750,2022,2022-05-13,3801,2022-04-01,1545,319,CENTR,5,5,7,3801,0,0,0,,0,3A12D,"GEARY ST","GEARY ST 510",0.00,,Y,A,-,N,,,,,,,,,,N,4,0,1,2,A,-,03,22350,A,N,B,C,A,A,H,-,A,D,0,,,,,Y,,A,01,0,0,1,0,0,0,0,0,0,"- ","- ",,,"SAN FRANCISCO","SAN FRANCISCO",-122.42139434814453,37.785690307617188
94417961,2024,2024-10-03,9335,2024-05-09,2120,023504,,4,2,7,3801,0,1,1,,1,083,"I-80 EB","TREASURE ISLAND ROAD",180.00,W,N,A,-,Y,SF,,80," "," ",7.765,H,,R,Y,3,0,3,2,A,-,08,22107,,N,E,I,A,A,H,-,C,D,0,,,,,Y,,A,07,0,2,1,0,0,0,0,0,0,"- ","- ",37.8094482421875,-122.36563110351562,"SAN FRANCISCO","SAN FRANCISCO",-122.36573028564453,37.809520721435547
9441860,2022,2022-05-13,3801,2022-03-16,1256,2419,RICHM,3,5,7,3801,0,0,0,,0,0G2,"ARGUELLO BL","MCALLISTER ST",50.00,S,N,A,-,N,,,,,,,,,,N,4,0,1,2,A,-,03,22350,,N,C,C,A,A,H,-,A,D,0,,,Y,,Y,,A,01,0,0,1,0,0,0,0,0,1,"- ","- ",,,"SAN FRANCISCO","SAN FRANCISCO",-122.45842742919922,37.775104522705078
94418732,2024,2024-10-04,9335,2024-09-22,1500,023595,,7,2,7,3801,0,1,2,,2,015,"US-101 SB","HARRISON STREET",30.00,N,N,A,-,Y,SF,,101," ",R,4.876,H,,L,N,4,0,1,3,A,-,03,22350,,N,C,C,A,A,H,-,A,D,0,,,,,Y,,A,01,0,0,1,0,0,0,0,0,0,"- ","- ",37.769451141357422,-122.41361236572266,"SAN FRANCISCO","SAN FRANCISCO",-122.41361236572266,37.76947021484375
94418735,2024,2024-10-04,9335,2024-09-24,1330,023595,,2,1,7,3801,0,1,1,,2,023,"I-280 S/B TO ALEMANY BOULEVARD","ELLSWORTH ST",770.00,N,N,A,-,Y,SF,,280," ",R,3.738,H,,L,Y,4,0,1,3,A,-,08,22107,,N,E,I,A,A,H,-,A,D,0,,,,,Y,,A,01,0,0,1,0,0,0,0,0,0,"- ","- ",37.732200622558594,-122.41683959960938,"SAN FRANCISCO","SAN FRANCISCO",-122.41683197021484,37.732025146484375
94419892,2024,2024-10-04,9335,2024-09-28,"10  ",023654,,6,3,7,3801,0,1,1,,2,080,"I-80 EASTBOUND","5TH STREET UNDERCROSSING",70.00,W,N,B,-,Y,SF,,80," "," ",4.821,H,,R,Y,4,0,1,4,A,-,01,23152,A,N,C,C,A,A,H,-,C,D,0,,,,Y,Y,Y,A,07,0,0,1,0,0,0,0,0,0,"- ","- ",37.778171539306641,-122.40110015869141,"SAN FRANCISCO","SAN FRANCISCO",-122.40105438232422,37.778114318847656
94420252,2024,2024-11-15,9335,2024-08-25,1900,023737,,7,2,7,3801,0,1,1,,1,081,"I-80 EASTBOUND","NORTHGATE ROAD",4667.00,E,N,A,-,Y,ALA,,80," ",R,0.125,H,,R,N,3,0,1,2,A,-,08,22107,,F,B,C,A,A,H,-,A,D,0,,,Y,,Y,,C,02,0,1,0,0,0,0,0,0,1,"- ","- ",37.819271087646484,-122.34736633300781,"SAN FRANCISCO","SAN FRANCISCO",-122.34735107421875,37.819183349609375
94420685,2024,2024-10-07,9335,2024-09-25,1530,023118,,3,2,7,3801,0,1,2,,2,014,"US-101 N/B","22ND STREET PEDESTRIAN BRIDGE",120.00,N,N,A,-,Y,SF,,101," "," ",3.545,H,,R,N,4,0,1,2,A,-,03,22350,,M,C,C,A,A,H,-,A,D,0,,,,,Y,,A,01,0,0,1,0,0,0,0,0,0,"- ","- ",37.757221221923828,-122.40358734130859,"SAN FRANCISCO","SAN FRANCISCO",-122.40360260009766,37.757213592529297
9442089,2022,2022-05-13,3801,2022-04-08,0242,2742,BAYVI,5,5,7,3801,0,0,0,,0,3C15E,"JENNINGS ST","WALLACE AV",135.00,S,N,A,-,N,,,,,,,,,,Y,2,0,3,2,A,-,03,22350,,N,D,E,A,A,H,-,C,D,0,,,,,Y,,A,01,1,0,2,0,0,0,0,0,0,"- ","- ",,,"SAN FRANCISCO","SAN FRANCISCO",-122.38951873779297,37.726116180419922
9442090,2022,2022-05-13,3801,2022-04-09,2140,2315,TENDE,6,5,7,3801,0,0,0,,0,3J12E,"MARKET ST","MASON ST",0.00,,Y,A,-,N,,,,,,,,,,N,3,0,1,2,A,-,09,21801,A,F,D,G,A,A,H,-,C,A,0,,Y,,,Y,,A,01,0,1,0,0,0,0,1,0,0,"- ","- ",,,"SAN FRANCISCO","SAN FRANCISCO",-122.40908050537109,37.783233642578125
9442092,2022,2022-05-13,3801,2022-04-09,0109,1336,NORTH,6,5,7,3801,0,0,0,,0,3E12E,"FULTON ST","WEBSTER ST",221.00,W,N,A,-,N,,,,,,,,,,Y,3,0,1,2,A,-,03,22350,,N,F,E,A,A,H,-,C,A,0,,,,,Y,,A,01,0,1,0,0,0,0,0,0,0,"- ","- ",,,"SAN FRANCISCO","SAN FRANCISCO",-122.4306640625,37.777812957763672
9442093,2022,2022-05-13,3801,2022-04-01,1859,1858,BAYVI,5,5,7,3801,0,0,0,,0,3C13D,"EVANS AV","JENNINGS ST",387.00,E,N,A,-,N,,,,,,,,,,N,4,0,1,2,A,-,05,21460,A,N,B,C,A,A,H,-,A,D,0,,,,,Y,,A,01,0,0,1,0,0,0,0,0,0,"- ","- ",,,"SAN FRANCISCO","SAN FRANCISCO",-122.37803649902344,37.737068176269531
9442094,2022,2022-05-16,3801,2022-04-04,1621,746,INGLE,1,5,7,3801,0,0,0,,0,3H13D,"SILVER AV","NAPLES ST",0.00,,Y,B,-,N,,,,,,,,,,Y,4,0,1,2,A,-,06,21750,A,N,B,C,A,A,-,-,A,D,0,,,Y,,Y,,C,02,0,0,1,0,0,0,0,0,1,"- ","- ",,,"SAN FRANCISCO","SAN FRANCISCO",-122.42532348632812,37.728664398193359
9442096,2022,2022-05-13,3801,2022-04-01,1530,1429,CENTR,5,5,7,3801,0,0,0,,0,3A12C,"STOCKTON ST","GEARY ST",80.00,S,N,A,-,N,,,,,,,,,,N,4,0,2,2,A,-,04,21703,,N,C,C,A,A,H,-,A,A,0,,,,,Y,,A,07,0,0,2,0,0,0,0,0,0,"- ","- ",,,"SAN FRANCISCO","SAN FRANCISCO",-122.40653228759766,37.787342071533203
9442097,2022,2022-05-13,3801,2022-03-31,0808,244,NORTH,4,5,7,3801,0,0,0,,0,3E14A,"WEBSTER ST","POST ST",0.00,,Y,A,-,N,,,,,,,,,,N,4,0,1,2,A,-,03,22350,,N,C,C,A,A,H,-,A,A,0,,,,,Y,,A,08,0,0,1,0,0,0,0,0,0,"- ","- ",,,"SAN FRANCISCO","SAN FRANCISCO",-122.43145751953125,37.785358428955078
9442098,2022,2022-05-13,3801,2022-04-03,1449,1423,NORTH,7,5,7,3801,0,0,0,,0,3E3D,"TURK ST","WEBSTER ST",0.00,,Y,A,-,N,,,,,,,,,,N,3,0,1,2,A,-,08,22107,,N,B,C,A,A,H,-,A,A,0,,,,,Y,,A,07,0,1,0,0,0,0,0,0,0,"- ","- ",,,"SAN FRANCISCO","SAN FRANCISCO",-122.43048858642578,37.780685424804688
9442099,2022,2022-05-13,3801,2022-04-03,1442,327,MISSI,7,5,7,3801,0,0,0,,0,3D13C,"VALENCIA ST","14TH ST",0.00,,Y,A,-,N,,,,,,,,,,N,2,0,1,2,A,-,09,21801,A,N,D,C,A,A,H,-,A,A,0,,,,,Y,,A,01,1,0,0,0,0,0,0,0,0,"- ","- ",,,"SAN FRANCISCO","SAN FRANCISCO",-122.42218017578125,37.768150329589844
9442100,2022,2022-05-13,3801,2022-04-02,1152,2167,NORTH,6,5,7,3801,0,0,0,,0,3E12C,"FILLMORE ST","GOLDEN GATE AV",0.00,,Y,A,-,N,,,,,,,,,,Y,4,0,1,2,A,-,09,21801,A,N,D,C,A,A,H,-,A,A,0,,,,,Y,,A,01,0,0,1,0,0,0,0,0,0,"- ","- ",,,"SAN FRANCISCO","SAN FRANCISCO",-122.43193817138672,37.779560089111328
9442101,2022,2022-05-17,3801,2022-04-19,1217,1530,BAYVI,2,5,7,3801,0,0,0,,0,3C13A,"LA SALLE AV","OSCEOLA LN",235.00,W,N,A,-,N,,,,,,,,,,N,4,0,1,3,A,-,03,22350,,N,C,E,A,A,H,-,A,A,0,,,,,Y,,A,01,0,0,1,0,0,0,0,0,0,"- ","- ",,,"SAN FRANCISCO","SAN FRANCISCO",-122.38453674316406,37.732776641845703
9442103,2022,2022-05-17,3801,2022-04-14,0937,2124,MISSI,4,5,7,3801,0,0,0,,0,,"15TH ST","DOLORES ST",0.00,,Y,B,C,N,,,,,,,,,,N,4,0,1,2,A,-,10,21950,A,M,G,B,B,B,H,-,A,A,0,Y,,,,Y,,A,01,0,0,1,0,1,0,0,0,0,"- ","- ",,,"SAN FRANCISCO","SAN FRANCISCO",-122.42659759521484,37.766258239746094
9442104,2022,2022-06-17,3801,2022-04-19,0552,2499,TARAV,2,5,7,3801,0,0,0,,0,,"LAKE MERCED BL","BROTHERHOOD WY",50.00,N,N,A,-,N,,,,,,,,,,Y,4,0,1,2,A,-,03,22350,,N,D,C,A,B,-,-,C,A,0,,,,,Y,,A,01,0,0,1,0,0,0,0,0,0,"- ","- ",,,"SAN FRANCISCO","SAN FRANCISCO",-122.48523712158203,37.714859008789062
9442105,2022,2022-05-17,3801,2022-04-17,2135,2490,BAYVI,7,5,7,3801,0,0,0,,0,3C15E,"OAKDALE AV","QUINT ST",100.00,W,N,A,-,N,,,,,,,,,,Y,4,0,1,5,A,-,03,22350,,F,B,C,A,A,H,-,C,A,0,,,,,Y,Y,A,01,0,0,1,0,0,0,0,0,0,"- ","- ",,,"SAN FRANCISCO","SAN FRANCISCO",-122.39624786376953,37.737960815429688
9442106,2022,2022-05-17,3801,2022-04-14,2316,740,MISSI,4,5,7,3801,0,0,0,,0,0D4,"CESAR CHAVEZ ST","ALABAMA ST",0.00,,Y,B,-,N,,,,,,,,,,Y,4,0,1,2,A,-,09,21801,A,N,D,C,A,B,H,-,C,A,0,,,,,Y,,A,01,0,0,1,0,0,0,0,0,0,"- ","- ",,,"SAN FRANCISCO","SAN FRANCISCO",-122.41054534912109,37.748374938964844
9442107,2022,2022-05-17,3801,2022-04-15,1250,1557,TARAV,5,5,7,3801,0,0,0,,0,3G5,"POINT LOBOS AV","POINT LOBOS AV 1090",0.00,,-,A,-,N,,,,,,,,,,Y,4,0,1,2,A,-,03,22350,,N,C,E,A,A,H,-,A,D,0,,,,,Y,,A,01,0,0,1,0,0,0,0,0,0,"- ","- ",,,"SAN FRANCISCO","SAN FRANCISCO",,
9442108,2022,2022-05-17,3801,2022-04-15,2139,2139,TARAV,5,5,7,3801,0,0,0,,0,901,"SUNSET BL","NORIEGA ST",8.00,N,N,B,-,N,,,,,,,,,,N,2,0,1,2,A,-,00,21456,1,N,G,B,B,A,H,-,C,A,0,Y,,,,Y,,N,60,1,0,0,0,1,0,0,0,0,"- ","- ",,,"SAN FRANCISCO","SAN FRANCISCO",-122.49532318115234,37.753452301025391
9442109,2022,2022-05-17,3801,2022-04-18,0100,1982,MISSI,1,5,7,3801,0,0,0,,0,3D15E,"VALENCIA ST","18TH ST",95.00,N,N,A,-,N,,,,,,,,,,N,4,0,1,2,A,-,21,22106,,F,B,G,A,A,H,-,C,D,0,,Y,,,Y,,A,01,0,0,1,0,0,0,1,0,0,"- ","- ",,,"SAN FRANCISCO","SAN FRANCISCO",-122.42158508300781,37.761970520019531
9442110,2022,2022-05-20,3801,2022-04-14,0149,2153,TARAV,4,5,7,3801,0,0,0,,0,3I16E,"RANDOLPH ST","RANDOLPH ST 940",0.00,,-,A,-,N,,,,,,,,,,Y,4,0,1,3,A,-,03,22350,,N,G,E,A,A,-,-,C,A,0,,,,,Y,,-,,0,0,1,0,0,0,0,0,0,"- ","- ",,,"SAN FRANCISCO","SAN FRANCISCO",,
9442112,2022,2022-05-17,3801,2022-04-17,1155,555,MISSI,7,5,7,3801,0,0,0,,0,3D14A,"20TH ST","TREAT AV",0.00,,Y,A,-,N,,,,,,,,,,N,4,0,1,2,A,-,10,21950,A,F,A,B,B,A,H,-,A,D,0,Y,,,,Y,,A,01,0,0,1,0,1,0,0,0,0,"- ","- ",,,"SAN FRANCISCO","SAN FRANCISCO",-122.41358947753906,37.758949279785156
9442114,2022,2022-05-17,3801,2022-04-13,0815,1477,MISSI,3,5,7,3801,0,0,0,,0,3D13A,"YORK ST","CESAR CHAVEZ ST",8.00,N,N,A,-,N,,,,,,,,,,N,4,0,1,2,A,-,07,21658,A,F,A,G,A,A,H,-,A,A,0,,Y,,,Y,,A,08,0,0,1,0,0,0,1,0,0,"- ","- ",,,"SAN FRANCISCO","SAN FRANCISCO",-122.40789031982422,37.748329162597656
94422141,2024,2024-10-07,9335,2024-09-26,2230,023366,,4,3,7,3801,0,1,1,,2,080,"I-80 E/B","BEALE ST",700.00,W,N,A,-,Y,SF,,80," "," ",5.583,H,,R,Y,4,0,1,2,A,-,07,21658,A,M,D,C,A,A,H,-,C,D,0,,,,,Y,,-,99,0,0,1,0,0,0,0,0,0,"- ","- ",37.785400390625,-122.39217376708984,"SAN FRANCISCO","SAN FRANCISCO",-122.39205932617188,37.785263061523438
94423491,2024,2024-10-08,9350,2024-10-04,"415 ",023731,,5,3,7,3801,0,1,2,,2,020,"US-101 SOUTHBOUND","MERCHANT RD",295.00,N,N,A,-,Y,,,,,,,,,,N,4,0,1,1,A,-,08,22107,,N,E,I,A,D,H,-,C,A,0,,,,,Y,,A,01,0,0,1,0,0,0,0,0,0,"- ","- ",37.807159423828125,-122.47586059570312,"SAN FRANCISCO","SAN FRANCISCO",-122.47510528564453,37.806388854980469
94424969,2024,2024-10-09,9335,2024-10-02,"755 ",018804,,3,1,7,3801,0,1,1,,1,081,"I-80 W/B","TREASURE ISLAND DR.",2320.00,W,N,A,-,Y,SF,,80," "," ",7.204,H,,L,N,3,0,1,2,A,-,07,21658,A,F,D,C,A,A,H,-,A,D,0,,,Y,,Y,,A,01,0,1,0,0,0,0,0,0,1,"- ","- ",37.803249359130859,-122.37246704101562,"SAN FRANCISCO","SAN FRANCISCO",-122.37232971191406,37.803153991699219
94424975,2024,2024-10-09,9335,2024-09-27,"930 ",023832,,5,1,7,3801,0,1,2,,2,013,"US-101 N/B","SILVER AVENUE OVERCROSSING",950.00,N,N,A,-,Y,SF,,101," "," ",1.956,H,,R,Y,4,0,1,2,A,-,03,22350,,N,C,C,A,A,H,-,A,D,0,,,,,Y,,A,01,0,0,1,0,0,0,0,0,0,"- ","- ",37.735118865966797,-122.40666961669922,"SAN FRANCISCO","SAN FRANCISCO",-122.40662384033203,37.735137939453125
94426142,2024,2024-10-10,9335,2024-09-22,"249 ",023366,,7,3,7,3801,0,1,1,,1,083,"I-80 E/B","SFOBB TOWER",3375.00,E,N,B,-,Y,SF,,80," ",R,8.821,H,,R,Y,3,0,1,3,A,-,01,23152,A,M,C,C,A,A,H,-,C,D,0,,,,,Y,Y,A,01,0,1,0,0,0,0,0,0,0,"- ","- ",37.818820953369141,-122.35044860839844,"SAN FRANCISCO","SAN FRANCISCO",-122.35041809082031,37.818714141845703
94426978,2024,2024-10-10,9335,2024-10-01,"943 ",024118,,2,1,7,3801,0,1,1,,1,083,"I-80 E/B","TREASURE ISLAND RD OVERCROSSING",934.00,W,N,A,-,Y,SF,,80," "," ",7.436,H,,R,Y,3,0,1,2,A,-,03,22350,,N,C,C,A,A,D,-,A,D,0,,,Y,,Y,,C,02,0,1,0,0,0,0,0,0,1,"- ","- ",37.805881500244141,-122.36972808837891,"SAN FRANCISCO","SAN FRANCISCO",-122.36954498291016,37.805755615234375
94426986,2024,2024-10-10,9335,2024-10-01,1400,023979,,2,2,7,3801,0,1,1,,2,022,"I-280 N/B","OCEAN AVE OVERCROSSING",1190.00,N,N,A,-,Y,SF,,280," ",R,2.004,H,,R,Y,2,0,3,2,A,-,08,22107,,N,B,C,A,A,H,-,A,D,0,,,,Y,Y,,A,01,3,0,0,0,0,0,0,0,0,"- ","- ",37.726089477539062,-122.44602966308594,"SAN FRANCISCO","SAN FRANCISCO",-122.44599151611328,37.726070404052734
94427753,2024,2024-10-11,9335,2024-09-09,1644,023167,,1,2,7,3801,0,1,1,,2,080,"I-80 E/B","6TH ST",100.00,E,N,A,-,Y,SF,,80," "," ",4.679,H,,R,N,4,0,1,2,A,-,21,22106,,M,D,C,A,A,H,-,A,D,0,,,,,Y,,-,99,0,0,1,0,0,0,0,0,0,"- ","- ",37.776981353759766,-122.40322113037109,"SAN FRANCISCO","SAN FRANCISCO",-122.40323638916016,37.777004241943359
94427796,2024,2024-10-11,9335,2024-09-22,2020,023603,,7,2,7,3801,0,1,1,,2,080,"I-80 W/B TO US-101 N/B","BRANNAN STREET UNDERCROSSING",170.00,W,N,A,-,Y,SF,,80," "," ",4.138,H,,L,Y,4,0,2,3,A,-,03,22350,,N,C,C,A,A,H,-,C,D,0,,,,,Y,,A,07,0,0,2,0,0,0,0,0,0,"- ","- ",37.770320892333984,-122.40592193603516,"SAN FRANCISCO","SAN FRANCISCO",-122.40582275390625,37.770343780517578
94427803,2024,2024-10-11,9335,2024-09-22,"203 ",023536,,7,3,7,3801,0,1,1,,1,081,"I-80 WB","SAN FRANCISCO OAKLAND BAY BRIDGE (SFOBB) TOWER",2000.00,E,N,A,-,Y,SF,,80," ",R,8.750,H,,L,Y,2,0,2,2,A,-,01,23152,A,N,A,C,A,A,H,-,C,A,0,,,,,Y,Y,A,01,1,1,0,0,0,0,0,0,0,"- ","- ",37.818790435791016,-122.35182189941406,"SAN FRANCISCO","SAN FRANCISCO",-122.35182952880859,37.818809509277344
94428706,2024,2024-10-14,9335,2024-09-22,"250 ",023483,,7,3,7,3801,0,1,1,,1,083,"I-80 EASTBOUND","SFOBB TOWER",2500.00,E,N,A,-,Y,SF,,80," ",R,8.803,H,,R,N,3,0,1,2,A,-,03,22350,,N,C,C,A,A,H,-,C,D,0,,,,,Y,,A,01,0,1,0,0,0,0,0,0,0,"- ","- ",37.818710327148438,-122.35076904296875,"SAN FRANCISCO","SAN FRANCISCO",-122.35075378417969,37.818653106689453
94428961,2024,2024-10-14,9335,2024-10-03,"709 ",023357,,4,1,7,3801,0,1,1,,1,083,"I-80 E/B","2ND ST",515.00,E,N,A,-,Y,SF,,80," "," ",5.515,H,,R,N,3,0,1,2,A,-,03,22350,,N,C,C,A,A,H,-,A,D,0,,,,,Y,,A,01,0,1,0,0,0,0,0,0,0,"- ","- ",37.784770965576172,-122.39311218261719,"SAN FRANCISCO","SAN FRANCISCO",-122.39305114746094,37.784717559814453
94428962,2024,2024-11-07,9335,2024-09-20,2120,023685,,5,2,7,3801,0,1,1,,2,021,"I-280 N/B","WESTBOROUGH BOULEVARD",220.00,S,N,A,-,Y,SM,,280," ",R,22.581,H,,R,Y,4,0,1,2,A,-,03,22350,,F,C,C,A,A,H,-,C,D,0,,,,,Y,,-,99,0,0,1,0,0,0,0,0,0,"- ","- ",37.644821166992188,-122.44863128662109,"SAN FRANCISCO","SAN FRANCISCO",-122.44858551025391,37.644851684570312
94430267,2024,2024-10-14,9335,2024-10-02,2256,023991,,3,3,7,3801,0,1,1,,2,024,"I-280 SOUTHBOUND","CESAR CHAVEZ STREET UNDERCROSSING",3897.00,S,N,A,-,Y,SF,,280," ",R,4.890,H,,L,Y,3,0,2,2,A,-,03,22350,,N,C,C,A,A,H,-,D,D,0,,,,,Y,,A,07,0,1,1,0,0,0,0,0,0,"- ","- ",37.740558624267578,-122.39913940429688,"SAN FRANCISCO","SAN FRANCISCO",-122.39913177490234,37.740554809570312
94432240,2024,2024-10-15,9335,2024-10-03,"815 ",024050,,4,1,7,3801,0,1,1,,2,080,"US-101 S/B TO I-80 E/B","DIVISION ST",96.00,N,N,A,-,Y,SF,,80," ",L,4.118,H,,R,Y,4,0,1,2,A,-,07,21658,A,N,B,C,A,A,H,-,A,D,0,,,Y,,Y,,A,01,0,0,1,0,0,0,0,0,1,"- ","- ",37.77001953125,-122.40541839599609,"SAN FRANCISCO","SAN FRANCISCO",-122.40541839599609,37.77001953125
94433562,2024,2024-10-16,9335,2024-10-04,2238,023860,,5,3,7,3801,0,1,1,,1,081,"I-80 W/B","NORTH GATE RD",830.00,E,N,A,-,Y,SF,,80," ",R,8.259,H,,L,Y,3,0,1,3,A,-,03,22350,,N,C,C,A,A,H,-,C,D,0,,,,,Y,,A,01,0,1,0,0,0,0,0,0,0,"- ","- ",37.814899444580078,-122.35958099365234,"SAN FRANCISCO","SAN FRANCISCO",-122.35968780517578,37.815017700195312
94433793,2024,2024-10-16,9350,2024-09-01,1545,023482,,7,2,7,3801,0,1,2,,1,120,"US-101 N/B","LINCOLN BLVD UNDERCROSSING",3168.00,N,N,A,-,Y,,,,,,,,,,Y,4,0,2,3,A,-,03,22350,,N,C,C,A,A,H,-,A,D,0,,,,,Y,,A,01,0,0,2,0,0,0,0,0,0,"- ","- ",37.815601348876953,-122.47805023193359,"SAN FRANCISCO","SAN FRANCISCO",-122.47458648681641,37.806499481201172
94433909,2024,2024-10-16,9335,2024-10-05,1555,023845,,6,2,7,3801,0,1,1,,1,081,"I-80 WESTBOUND","THE EMBARCADERO UNDERCROSSING",610.00,E,N,A,-,Y,SF,,80," "," ",6.039,H,,L,N,4,0,2,3,A,-,03,22350,,N,C,C,A,A,H,-,A,D,0,,,,,Y,,A,07,0,0,2,0,0,0,0,0,0,"- ","- ",37.790290832519531,-122.38652801513672,"SAN FRANCISCO","SAN FRANCISCO",-122.38639831542969,37.790199279785156
94433959,2024,2024-10-16,9335,2024-10-05,2045,023474,,6,2,7,3801,0,1,2,,2,015,"US-101 S/B FROM 10TH STREET","ALAMEDA ST",71.00,N,N,A,-,Y,SF,,101," ",R,4.425,H,,L,N,3,0,1,3,A,-,03,22350,,N,C,C,A,A,H,-,C,D,0,,,,,Y,,A,07,0,1,0,0,0,0,0,0,0,"- ","- ",37.768558502197266,-122.40647888183594,"SAN FRANCISCO","SAN FRANCISCO",-122.40656280517578,37.768444061279297