CASE_ID,ACCIDENT_YEAR,PROC_DATE,JURIS,COLLISION_DATE,COLLISION_TIME,OFFICER_ID,REPORTING_DISTRICT,DAY_OF_WEEK,CHP_SHIFT,POPULATION,CNTY_CITY_LOC,SPECIAL_COND,BEAT_TYPE,CHP_BEAT_TYPE,CITY_DIVISION_LAPD,CHP_BEAT_CLASS,BEAT_NUMBER,PRIMARY_RD,SECONDARY_RD,DISTANCE,DIRECTION,INTERSECTION,WEATHER_1,WEATHER_2,STATE_HWY_IND,CALTRANS_COUNTY,CALTRANS_DISTRICT,STATE_ROUTE,ROUTE_SUFFIX,POSTMILE_PREFIX,POSTMILE,LOCATION_TYPE,RAMP_INTERSECTION,SIDE_OF_HWY,TOW_AWAY,COLLISION_SEVERITY,NUMBER_KILLED,NUMBER_INJURED,PARTY_COUNT,PRIMARY_COLL_FACTOR,PCF_CODE_OF_VIOL,PCF_VIOL_CATEGORY,PCF_VIOLATION,PCF_VIOL_SUBSECTION,HIT_AND_RUN,TYPE_OF_COLLISION,MVIW,PED_ACTION,ROAD_SURFACE,ROAD_COND_1,ROAD_COND_2,LIGHTING,CONTROL_DEVICE,CHP_ROAD_TYPE,PEDESTRIAN_ACCIDENT,BICYCLE_ACCIDENT,MOTORCYCLE_ACCIDENT,TRUCK_ACCIDENT,NOT_PRIVATE_PROPERTY,ALCOHOL_INVOLVED,STWD_VEHTYPE_AT_FAULT,CHP_VEHTYPE_AT_FAULT,COUNT_SEVERE_INJ,COUNT_VISIBLE_INJ,COUNT_COMPLAINT_PAIN,COUNT_PED_KILLED,COUNT_PED_INJURED,COUNT_BICYCLIST_KILLED,COUNT_BICYCLIST_INJURED,COUNT_MC_KILLED,COUNT_MC_INJURED,PRIMARY_RAMP,SECONDARY_RAMP,LATITUDE,LONGITUDE,COUNTY,CITY,POINT_X,POINT_Y
94435619,2024,2024-10-17,9335,2024-10-07,1010,023876,,1,1,7,3801,0,2,S,,2,901,"1377 FELL STREET SAN FRANCISCO, CA 94117","OAK ST",57.00,N,N,A,-,N,,,,,,,,,,N,3,0,1,2,A,-,11,21954,A,N,G,B,D,A,H,-,A,D,0,Y,,,,Y,,N,60,0,1,0,0,1,0,0,0,0,"- ","- ",37.77301025390625,-122.44027709960938,"SAN FRANCISCO","SAN FRANCISCO",-121.32193756103516,38.606578826904297
94435721,2024,2024-10-18,9335,2024-10-07,1550,024112,,1,2,7,3801,0,1,1,,2,023,"I-280 S/B","THE NORTH ALEMANY BLVD OVERCROSSING",1162.00,N,N,A,-,Y,SF,,280," ",R,4.102,H,,L,N,3,0,1,1,A,-,03,22350,,N,E,J,A,A,H,-,A,D,0,,,Y,,Y,,C,02,0,1,0,0,0,0,0,0,1,"- ","- ",37.73419189453125,-122.41094207763672,"SAN FRANCISCO","SAN FRANCISCO",-122.410888671875,37.734111785888672
94435730,2024,2024-10-18,9335,2024-10-05,"243 ",023464,,6,3,7,3801,0,1,2,,2,013,"US-101 N/B","FAITH ST PEDESTRIAN OVERCROSSING",183.00,S,N,A,-,Y,SF,,101," "," ",2.650,H,,R,Y,2,0,3,2,A,-,03,22350,,N,D,C,A,A,H,-,D,D,0,,,,,Y,,A,01,2,0,1,0,0,0,0,0,0,"- ","- ",37.744350433349609,-122.40534210205078,"SAN FRANCISCO","SAN FRANCISCO",-122.40532684326172,37.744346618652344
9443598,2022,2022-05-10,3801,2022-03-29,1601,327,MISSI,2,5,7,3801,0,0,0,,0,3D12C,"14TH ST","MISSION ST",0.00,,Y,A,-,N,,,,,,,,,,N,4,0,1,2,A,-,10,21950,A,N,A,B,B,A,H,-,A,A,0,Y,,,,Y,,A,07,0,0,1,0,1,0,0,0,0,"- ","- ",,,"SAN FRANCISCO","SAN FRANCISCO",-122.41996765136719,37.768291473388672
94436981,2024,2024-10-18,9335,2024-10-08,2006,024112,,2,2,7,3801,0,1,1,,2,024,"I-280 NB TO 6TH ST","MISSION BAY DR",331.00,N,N,A,-,Y,SF,,280," ",T,7.221,H,,R,N,4,0,1,2,A,-,03,22350,,N,C,C,A,A,H,-,C,D,0,,,,,Y,,A,01,0,0,1,0,0,0,0,0,0,"- ","- ",37.771129608154297,-122.39739990234375,"SAN FRANCISCO","SAN FRANCISCO",-122.39746856689453,37.771121978759766
94437191,2024,2024-10-18,9335,2024-10-09,1420,024109,,3,2,7,3801,0,1,2,,2,014,"US 101 NB TO US 101 NB","15TH ST",436.00,N,N,A,-,Y,SF,,101," ",R,4.406,H,,R,Y,4,0,2,2,A,-,03,22350,,N,C,C,A,A,H,-,A,D,0,,,,,Y,,D,22,0,0,2,0,0,0,0,0,0,"- ","- ",37.768341064453125,-122.40598297119141,"SAN FRANCISCO","SAN FRANCISCO",-122.406005859375,37.768318176269531
94437193,2024,2024-10-18,9335,2024-10-09,1115,024050,,3,1,7,3801,0,1,1,,2,080,"I-80 W/B","6TH ST",80.00,E,N,A,-,Y,SF,,80," "," ",4.688,H,,L,Y,3,0,3,2,A,-,03,22350,,N,C,C,A,A,H,-,A,D,0,,,,Y,Y,,F,55,0,1,2,0,0,0,0,0,0,"- ","- ",37.777130126953125,-122.40335845947266,"SAN FRANCISCO","SAN FRANCISCO",-122.40338134765625,37.777149200439453
94437216,2024,2024-10-21,9335,2024-10-08,2230,023991,,2,3,7,3801,0,1,1,,2,022,"I-280 S/B","OCEAN AVE OVERCROSSING",1033.00,N,N,A,-,Y,SF,,280," ",R,1.971,H,,L,N,3,0,1,2,A,-,03,22350,,N,C,C,A,A,H,-,C,D,0,,,,,Y,,A,01,0,1,0,0,0,0,0,0,0,"- ","- ",37.725738525390625,-122.44651031494141,"SAN FRANCISCO","SAN FRANCISCO",-122.44647216796875,37.725723266601562
9443769,2021,2022-05-16,3801,2021-12-16,0938,1825,SOUTH,4,5,7,3801,0,0,0,,0,3B15A,"7TH ST","16TH ST",0.00,,Y,A,-,N,,,,,,,,,,N,2,0,1,2,A,-,08,22107,,N,D,G,A,A,H,-,A,A,0,,Y,,,Y,,A,01,1,0,0,0,0,0,1,0,0,"- ","- ",,,"SAN FRANCISCO","SAN FRANCISCO",-122.39506530761719,37.766536712646484
94437858,2024,2024-10-21,9335,2024-10-11,2254,023483,,5,3,7,3801,0,1,2,,2,014,"US-101 NORTHBOUND","18TH STREET PEDESTRIAN OVERCROSSING",915.00,S,N,A,-,Y,SF,,101," "," ",3.773,H,,R,Y,3,0,2,2,A,-,03,22350,,N,C,C,A,A,H,-,C,D,0,,,,,Y,,A,01,0,2,0,0,0,0,0,0,0,"- ","- ",37.759628295898438,-122.40615844726562,"SAN FRANCISCO","SAN FRANCISCO",-122.4061279296875,37.759635925292969
9443829,2022,2022-05-20,3801,2022-04-06,1115,768,INGLE,3,5,7,3801,0,0,0,,0,3H12A,"CHURCH ST","VALLEY ST",0.00,,Y,A,-,N,,,,,,,,,,Y,4,0,1,2,A,-,09,21802,A,N,D,C,A,A,H,-,A,A,0,,,,Y,Y,,A,01,0,0,1,0,0,0,0,0,0,"- ","- ",,,"SAN FRANCISCO","SAN FRANCISCO",-122.42672729492188,37.7445068359375
9443975,2022,2022-05-13,3801,2022-04-08,1005,A22051,CENTR,5,5,7,3801,0,0,0,,0,3A14A,BROADWAY,"BATTERY ST",0.00,,Y,A,-,N,,,,,,,,,,N,4,0,1,2,A,-,10,21950,A,N,G,B,B,A,H,-,A,A,0,Y,,,,Y,,-,"- ",0,0,1,0,1,0,0,0,0,"- ","- ",,,"SAN FRANCISCO","SAN FRANCISCO",-122.40103912353516,37.798595428466797
9443982,2022,2022-05-16,3801,2022-03-23,0931,1936,TRAFF,3,5,7,3801,0,0,0,,0,4B1D,"PERSIA ST","MISSION ST",14.00,E,N,B,-,N,,,,,,,,,,Y,2,0,1,2,A,-,10,21950,A,N,G,B,B,A,H,-,A,A,0,Y,,,,Y,,A,01,1,0,0,0,1,0,0,0,0,"- ","- ",,,"SAN FRANCISCO","SAN FRANCISCO",-122.43592834472656,37.723121643066406
9443984,2022,2022-05-16,3801,2022-03-22,2120,1993,SOUTH,2,5,7,3801,0,0,0,,0,,"FOLSOM ST","9TH ST",0.00,,Y,F,-,N,,,,,,,,,,N,4,0,1,2,A,-,10,21950,A,F,G,B,B,-,G,-,C,-,0,Y,,,,Y,,-,"- ",0,0,1,0,1,0,0,0,0,"- ","- ",,,"SAN FRANCISCO","SAN FRANCISCO",-122.41161346435547,37.773773193359375
9443985,2022,2022-05-16,3801,2022-03-24,1324,1114,RICHM,4,5,7,3801,0,0,0,,0,3G4A,"POINT LOBOS AV","POINT LOBOS AV 1090",0.00,,Y,A,-,N,,,,,,,,,,N,3,0,1,2,A,-,03,22350,,N,C,G,A,A,H,-,A,D,0,,Y,,,Y,,L,04,0,1,0,0,0,0,1,0,0,"- ","- ",37.464309692382812,-122.30496215820312,"SAN FRANCISCO","SAN FRANCISCO",,
9443986,2022,2022-05-16,3801,2022-03-31,1720,383,TARAV,4,5,7,3801,0,0,0,,0,3I15D,"BROTHERHOOD WY","CHURCH ACCESS RD",0.00,,Y,A,-,N,,,,,,,,,,Y,4,0,2,3,A,-,04,21703,,N,C,C,A,A,H,-,A,A,0,,,,,Y,,A,01,0,0,2,0,0,0,0,0,0,"- ","- ",,,"SAN FRANCISCO","SAN FRANCISCO",,
9443987,2022,2022-05-16,3801,2022-03-31,1733,1057,NORTH,4,5,7,3801,0,0,0,,0,3E13D,"POLK ST","TURK ST",0.00,,Y,A,-,N,,,,,,,,,,N,4,0,1,2,A,-,12,21453,A,N,D,C,A,A,H,-,A,A,0,,,Y,,Y,,C,03,0,0,1,0,0,0,0,0,1,"- ","- ",,,"SAN FRANCISCO","SAN FRANCISCO",-122.41899871826172,37.782169342041016
94440887,2024,2024-10-22,9335,2024-10-12,1650,023474,,6,2,7,3801,0,1,1,,1,083,"I-80 E/B","THE EMBARCADERO",3600.00,E,N,A,-,Y,SF,,80," "," ",6.603,H,,R,N,3,0,1,2,A,-,07,21658,A,M,B,C,A,A,H,-,A,D,0,,,,,Y,,A,01,0,1,0,0,0,0,0,0,0,"- ","- ",37.796581268310547,-122.37973022460938,"SAN FRANCISCO","SAN FRANCISCO",-122.37956237792969,37.796466827392578
94441129,2024,2024-10-22,9335,2024-10-14,"600 ",024042,,1,1,7,3801,0,1,2,,2,014,"US-101 N/B","23RD STREET OVER-CROSSING",472.00,N,N,A,-,Y,SF,,101," "," ",3.449,H,,R,Y,4,0,1,4,A,-,03,22350,,N,C,C,A,A,H,-,D,D,0,,,,,Y,,-,"- ",0,0,1,0,0,0,0,0,0,"- ","- ",37.755809783935547,-122.40303039550781,"SAN FRANCISCO","SAN FRANCISCO",-122.40306091308594,37.755805969238281
94441230,2024,2024-10-23,9335,2024-10-15,"844 ",024118,,2,1,7,3801,0,1,1,,2,080,"I-80 E/B","7TH STREET",739.00,W,N,A,-,Y,SF,,80," "," ",4.332,H,,R,N,3,0,1,2,A,-,03,22350,,N,C,C,A,A,H,-,A,D,0,,,Y,,Y,,C,02,0,1,0,0,0,0,0,0,1,"- ","- ",37.77288818359375,-122.40663909912109,"SAN FRANCISCO","SAN FRANCISCO",-122.40659332275391,37.772891998291016
9444188,2022,2022-06-02,3801,2022-02-23,1900,1505,SOUTH,3,5,7,3801,0,0,0,,0,0B2,"FOLSOM ST","HAWTHORNE ST",90.00,W,N,A,-,N,,,,,,,,,,,4,0,1,2,D,-,00,,,N,B,J,A,A,H,-,C,A,0,,,,,Y,,-,"- ",0,0,1,0,0,0,0,0,0,"- ","- ",,,"SAN FRANCISCO","SAN FRANCISCO",-122.39804840087891,37.784507751464844
94442075,2024,2024-10-23,9335,2024-10-09,2050,024109,,3,2,7,3801,0,1,1,,1,081,"I-80 W/B","THE EMBARCADERO",371.00,W,N,A,-,Y,SF,,80," "," ",5.829,H,,L,N,3,0,1,2,A,-,03,22350,,M,C,C,A,A,H,-,C,D,0,,,,,Y,,-,99,0,1,0,0,0,0,0,0,0,"- ","- ",37.787910461425781,-122.38899993896484,"SAN FRANCISCO","SAN FRANCISCO",-122.38893890380859,37.787868499755859
94442117,2024,2024-10-23,9335,2024-01-14,"320 ",023167,,7,3,7,3801,0,1,1,,1,083,"I-80 E/B","CECTER ANCHORAGE",100.00,E,N,A,-,Y,SF,,80," "," ",6.793,H,,R,Y,1,1,4,4,A,-,01,23152,G,N,C,C,E,B,H,-,C,D,0,Y,,,,Y,Y,A,01,0,1,3,1,0,0,0,0,0,"- ","- ",37.798721313476562,-122.37747955322266,"SAN FRANCISCO","SAN FRANCISCO",-122.37726593017578,37.798576354980469
94442267,2024,2024-10-23,9335,2024-10-09,"624 ",023876,,3,1,7,3801,0,1,2,,2,013,"US-101 NB","SILVER AVE",925.00,N,N,B,-,Y,SF,,101," "," ",1.953,H,,R,Y,3,0,1,2,A,-,03,22350,,N,C,C,A,A,H,-,A,D,0,,,,,Y,,A,07,0,1,0,0,0,0,0,0,0,"- ","- ",37.735088348388672,-122.40660858154297,"SAN FRANCISCO","SAN FRANCISCO",-122.40660095214844,37.735092163085938
94442705,2024,2024-10-23,9335,2024-10-11,1430,023592,,5,2,7,3801,0,1,1,,1,081,"I-80 W/B","MAIN STREET",400.00,E,N,A,-,Y,SF,,80," "," ",5.861,H,,L,Y,4,0,1,2,A,-,03,22350,,N,C,C,A,A,H,-,A,D,0,,,Y,,Y,,C,02,0,0,1,0,0,0,0,0,1,"- ","- ",37.788280487060547,-122.38863372802734,"SAN FRANCISCO","SAN FRANCISCO",-122.3885498046875,37.788223266601562
94442895,2024,2024-10-23,9335,2024-10-14,1031,024118,,1,1,7,3801,0,1,2,,2,014,"US-101 N/B","23RD STREET OVERCROSSING",273.00,S,N,B,-,Y,SF,,101," "," ",3.310,H,,R,N,3,0,1,2,A,-,03,22350,,N,C,C,A,A,H,-,A,D,0,,,,Y,Y,,A,01,0,1,0,0,0,0,0,0,0,"- ","- ",37.753700256347656,-122.40292358398438,"SAN FRANCISCO","SAN FRANCISCO",-122.40286254882812,37.753704071044922
94442907,2024,2024-10-23,9335,2024-09-24,1750,023595,,2,2,7,3801,0,1,2,,2,013,"US-101 S/B","CORTLAND AVENUE",400.00,N,N,A,-,Y,SF,,101," "," ",2.356,H,,L,Y,4,0,2,4,A,-,06,21755,,F,B,C,A,A,H,-,A,D,0,,,,Y,Y,,-,99,0,0,2,0,0,0,0,0,0,"- ","- ",37.740791320800781,-122.40804290771484,"SAN FRANCISCO","SAN FRANCISCO",-122.40792083740234,37.740772247314453
94443150,2024,2024-10-24,9335,2024-10-15,"45  ",023366,,2,3,7,3801,0,1,1,,1,083,"I-80 EB FROM 1ST STREET","BEALE ST",690.00,W,N,A,-,Y,SF,,80," "," ",5.589,H,,R,Y,4,0,2,1,A,-,03,22350,,N,E,I,A,A,H,-,D,D,0,,,,,Y,,A,01,0,0,2,0,0,0,0,0,0,"- ","- ",37.785419464111328,-122.39206695556641,"SAN FRANCISCO","SAN FRANCISCO",-122.39197540283203,37.785305023193359
9444396,2022,2022-05-25,3801,2022-03-14,0647,610,MISSI,1,5,7,3801,0,0,0,,0,3D11A,"DUBOCE AV","VALENCIA ST",194.00,E,N,A,-,N,,,,,,,,,,N,4,0,1,2,A,-,05,21460,A,N,D,C,A,A,H,-,C,D,0,,,Y,,Y,,C,02,0,0,1,0,0,0,0,0,1,"- ","- ",,,"SAN FRANCISCO","SAN FRANCISCO",-122.42169189453125,37.769901275634766
9444397,2022,2022-05-25,3801,2022-03-05,0145,1226,MISSI,6,5,7,3801,0,0,0,,0,,"GRANT AV","VALLEJO ST",0.00,,Y,A,-,N,,,,,,,,,,N,4,0,1,2,A,-,08,22107,,F,B,C,A,A,H,-,C,A,0,,,,,Y,,A,01,0,0,1,0,0,0,0,0,0,"- ","- ",,,"SAN FRANCISCO","SAN FRANCISCO",-122.40718841552734,37.798793792724609
94444631,2024,2024-10-24,9335,2024-10-13,1900,023592,,7,2,7,3801,0,1,1,,1,081,"I-80 W/B","NORTH GATE ROAD",700.00,E,N,A,-,Y,SF,,80," ",R,8.236,H,,L,Y,4,0,2,2,A,-,03,22350,,M,C,C,A,A,H,-,C,D,0,,,Y,,Y,,-,99,0,0,2,0,0,0,0,0,2,"- ","- ",37.814689636230469,-122.35990905761719,"SAN FRANCISCO","SAN FRANCISCO",-122.36003112792969,37.814815521240234
94444796,2024,2024-10-25,9335,2024-10-14,1930,023378,,1,2,7,3801,0,1,1,,2,022,"I-280 S/B","HAVELOCK ST PEDESTRIAN OVERCROSSING",215.00,S,N,B,-,Y,SF,,280," ",R,2.041,H,,L,N,3,0,1,1,A,-,08,22107,,N,F,A,A,A,H,-,C,D,0,,,Y,,Y,,-,"- ",0,1,0,0,0,0,0,0,1,"- ","- ",37.726631164550781,-122.44586944580078,"SAN FRANCISCO","SAN FRANCISCO",-122.44576263427734,37.726566314697266
94445176,2024,2024-10-25,9335,2024-10-15,1900,024116,,2,2,7,3801,0,1,1,,2,023,"I-280 N/B","MISSION ST",500.00,S,N,A,-,Y,SF,,280," ",R,3.005,H,,R,Y,4,0,1,1,C,-,18,,,N,E,I,A,A,A,-,D,D,0,,,Y,,Y,,-,"- ",0,0,1,0,0,0,0,0,1,"- ","- ",37.732089996337891,-122.43009948730469,"SAN FRANCISCO","SAN FRANCISCO",-122.43009185791016,37.732162475585938
94445319,2024,2024-10-25,9335,2024-10-02,1600,024116,,3,2,7,3801,0,1,2,,2,013,"US-101 S/B","CESAR CHAVEZ ST",1000.00,S,N,A,-,Y,SF,,101," "," ",2.766,H,,L,Y,4,0,6,3,A,-,07,21658,A,N,C,C,A,A,H,-,A,D,0,,,,,Y,,A,01,0,0,6,0,0,0,0,0,0,"- ","- ",37.746040344238281,-122.40489959716797,"SAN FRANCISCO","SAN FRANCISCO",-122.40486907958984,37.74603271484375
94446551,2024,2024-10-28,9335,2024-10-17,1400,023592,,4,2,7,3801,0,1,2,,2,013,"US-101 S/B","CORTLAND AVE.",530.00,S,N,A,-,Y,SF,,101," "," ",2.224,H,,L,Y,2,0,1,1,A,-,08,22107,,N,E,I,A,A,H,-,A,D,0,,,Y,,Y,,C,02,1,0,0,0,0,0,0,0,1,"- ","- ",37.738880157470703,-122.40824127197266,"SAN FRANCISCO","SAN FRANCISCO",-122.40817260742188,37.738883972167969
94446567,2024,2024-10-28,9335,2024-10-19,1452,023592,,6,2,7,3801,0,1,1,,2,022,"I-280 N/B TO GENEVA AVE.","GENEVA AVE.",360.00,S,N,A,-,Y,SF,,280," ",R,1.567,H,,R,Y,4,0,2,2,A,-,03,22350,,N,C,C,A,A,H,-,A,D,0,,,,,Y,,A,08,0,0,2,0,0,0,0,0,0,"- ","- ",37.720081329345703,-122.44796752929688,"SAN FRANCISCO","SAN FRANCISCO",-122.44821166992188,37.720096588134766
94446574,2024,2024-10-28,9335,2024-10-20,"647 ",023357,,7,1,7,3801,0,1,1,,1,083,"I-80 E/B","THE EMBARCADERO",1320.00,E,N,A,-,Y,SF,,80," "," ",6.179,H,,R,Y,3,0,1,2,A,-,03,22350,,N,C,C,A,A,H,-,B,D,0,,,,,Y,,A,01,0,1,0,0,0,0,0,0,0,"- ","- ",37.791858673095703,-122.38485717773438,"SAN FRANCISCO","SAN FRANCISCO",-122.38470458984375,37.791751861572266
94447027,2024,2024-10-28,9335,2024-10-22,"638 ",024050,,2,1,7,3801,0,1,2,,2,013,"US-101 S/B","FAITH ST. PEDESTRAIN OVERCROSSING",376.00,N,N,A,-,Y,SF,,101," "," ",2.687,H,,L,Y,3,0,1,3,A,-,03,22350,,N,C,C,A,A,H,-,A,D,0,,,,,Y,,A,07,0,1,0,0,0,0,0,0,0,"- ","- ",37.744899749755859,-122.40518951416016,"SAN FRANCISCO","SAN FRANCISCO",-122.40526580810547,37.744926452636719
94447110,2024,2024-10-28,9335,2024-10-22,"920 ",018804,,2,1,7,3801,0,1,2,,2,015,"US 101 N/B","11TH STREET",131.00,N,N,A,-,Y,SF,,101," ",R,4.774,H,,R,N,4,0,1,2,A,-,03,22350,,N,C,C,A,A,H,-,A,D,0,,,,,Y,,A,01,0,0,1,0,0,0,0,0,0,"- ","- ",37.769599914550781,-122.41172027587891,"SAN FRANCISCO","SAN FRANCISCO",-122.41172790527344,37.76953125
94448032,2024,2024-10-28,9335,2024-10-15,2100,024116,,2,2,7,3801,0,1,1,,2,024,"INTERSTATE 280","18TH STREET",900.00,S,N,A,-,Y,SF,,280," ",R,6.389,H,,R,Y,4,0,1,2,A,-,01,23152,A,N,A,C,A,A,H,-,D,D,0,,,,,Y,Y,A,01,0,0,1,0,0,0,0,0,0,"- ","- ",37.760250091552734,-122.39234161376953,"SAN FRANCISCO","SAN FRANCISCO",-122.39229583740234,37.76025390625
94448244,2024,2024-10-29,9335,2024-10-24,"630 ",023832,,4,1,7,3801,0,1,1,,1,081,"I-80 W/B","TREASURE ISLAND ROAD OVERCROSSING",250.00,E,N,A,-,Y,SF,,80," "," ",7.771,H,,L,N,3,0,1,2,A,-,07,21658,A,M,C,C,A,A,H,-,B,D,0,,,Y,,Y,,-,99,0,1,0,0,0,0,0,0,1,"- ","- ",37.809478759765625,-122.365478515625,"SAN FRANCISCO","SAN FRANCISCO",-122.36563873291016,37.809593200683594
94449641,2024,2024-12-05,9335,2024-10-08,2130,023991,,2,2,7,3801,0,1,1,,2,022,"I-280 S/B","SAN JOSE AVENUE OVERCROSSING",840.00,S,N,A,-,Y,SF,,280," ",R,1.289,H,,L,Y,3,0,1,2,A,-,03,22350,,N,C,C,A,A,H,-,C,D,0,,,,,Y,,A,01,0,1,0,0,0,0,0,0,0,"- ","- ",37.716129302978516,-122.44927978515625,"SAN FRANCISCO","SAN FRANCISCO",-122.44933319091797,37.716152191162109
94449852,2024,2024-10-29,9335,2024-10-23,1900,023592,,3,2,7,3801,0,1,1,,1,081,"I-80 W/B","BEALE ST",250.00,W,N,A,-,Y,SF,,80," "," ",5.669,H,,L,N,4,0,4,2,A,-,07,21658,A,M,C,C,A,A,H,-,C,D,0,,,,,Y,,-,99,0,0,4,0,0,0,0,0,0,"- ","- ",37.786048889160156,-122.39082336425781,"SAN FRANCISCO","SAN FRANCISCO",-122.39087677001953,37.786090850830078
94451513,2024,2024-10-30,9335,2024-10-20,2048,023474,,7,2,7,3801,0,1,1,,2,023,"I-280 N/B","ALEMANY BLVD",770.00,S,N,A,-,Y,SF,,280," ",R,3.717,H,,R,Y,4,0,5,2,A,-,03,22350,,N,C,C,A,A,H,-,C,D,0,,,,,Y,,A,08,0,0,5,0,0,0,0,0,0,"- ","- ",37.731861114501953,-122.41725158691406,"SAN FRANCISCO","SAN FRANCISCO",-122.41725158691406,37.731857299804688
9445244,2022,2022-05-23,3801,2022-04-12,0934,392,MISSI,2,5,7,3801,0,0,0,,0,3D14A,"POTRERO AV","18TH ST",216.00,S,N,A,-,N,,,,,,,,,,N,3,0,1,2,A,-,17,22517,,N,H,C,-,A,H,-,A,D,0,Y,,,,Y,,-,,0,1,0,0,1,0,0,0,0,"- ","- ",,,"SAN FRANCISCO","SAN FRANCISCO",-122.40716552734375,37.761337280273438
94452739,2024,2024-10-31,9335,2024-10-26,1820,023845,,6,2,7,3801,0,1,1,,2,080,"I-80 WESTBOUND","4TH STREET",25.00,W,N,A,-,Y,,,,,,,,,,N,4,0,1,2,A,-,03,22350,,N,C,C,A,A,H,-,C,D,0,,,,,Y,,A,01,0,0,1,0,0,0,0,0,0,"- ","- ",37.780258178710938,-122.93325805664062,"SAN FRANCISCO","SAN FRANCISCO",-122.39912414550781,37.780311584472656
94452927,2024,2024-10-31,9350,2024-10-25,1405,024084,,5,2,7,3801,0,1,2,,2,010,"US-101 N/B","GIRARD RD",132.00,S,N,A,-,Y,SF,,101," ",R,8.261,H,,R,N,4,0,1,1,A,-,08,22107,,N,E,J,A,A,H,-,A,A,0,,,,,Y,Y,A,01,0,0,1,0,0,0,0,0,0,"- ","- ",37.803199768066406,-122.45075988769531,"SAN FRANCISCO","SAN FRANCISCO",-122.45079040527344,37.803153991699219
94454889,2024,2024-11-01,9335,2024-04-11,1427,023504,,4,2,7,3801,0,1,2,,2,015,"US-101 SB TO I-80 EB","DIVISION STREET UNDERCROSSING",140.00,N,N,A,-,Y,SF,,80," ",L,4.040,H,,R,Y,1,1,0,2,A,-,03,22350,,N,E,8,A,A,H,-,A,D,0,,,Y,,Y,,C,02,0,0,0,0,0,0,0,1,0,"- ","- ",37.769218444824219,-122.40561676025391,"SAN FRANCISCO","SAN FRANCISCO",-122.40565490722656,37.769245147705078
94455508,2024,2024-11-04,9335,2024-10-27,2200,023685,,7,3,7,3801,0,1,1,,1,081,"I-80 W/B","TREASURE ISLAND ROAD",740.00,W,N,A,-,Y,SF,,80," "," ",7.580,H,,L,Y,4,0,2,2,A,-,03,22350,,N,C,C,A,A,H,-,C,D,0,,,,,Y,,D,22,0,0,2,0,0,0,0,0,0,"- ","- ",37.807529449462891,-122.36805725097656,"SAN FRANCISCO","SAN FRANCISCO",-122.36782073974609,37.807369232177734
94455773,2024,2024-11-04,9335,2024-10-26,"705 ",023367,,6,1,7,3801,0,1,1,,1,081,"I-80 W/B","NORTHGATE RD",2530.00,E,N,A,-,Y,SF,,80," ",R,8.578,H,,L,Y,4,0,1,2,A,-,07,21658,A,N,D,C,A,A,H,-,A,D,0,,,,,Y,,A,07,0,0,1,0,0,0,0,0,0,"- ","- ",37.817699432373047,-122.35472869873047,"SAN FRANCISCO","SAN FRANCISCO",-122.35472106933594,37.817691802978516
94455989,2024,2024-11-04,9335,2024-10-26,"440 ",023483,,6,3,7,3801,0,1,1,,1,081,"I-80 WESTBOUND","SFOBB TOWER",1900.00,W,N,A,-,Y,SF,,80," ",R,7.963,H,,L,Y,3,0,1,2,A,-,03,22350,,N,C,C,A,A,H,-,C,D,0,,,,,Y,,A,01,0,1,0,0,0,0,0,0,0,"- ","- ",37.811798095703125,-122.36331176757812,"SAN FRANCISCO","SAN FRANCISCO",-122.36347198486328,37.811862945556641
94456012,2024,2024-11-04,9335,2024-10-25,1634,023474,,5,2,7,3801,0,1,1,,2,080,"I-80 E/B FROM 5TH ST","4TH ST",239.00,W,N,A,-,Y,SF,,80," "," ",4.958,H,,R,N,4,0,1,2,A,-,08,22107,,M,B,C,A,A,H,-,A,D,0,,,,,Y,,A,07,0,0,1,0,0,0,0,0,0,"- ","- ",37.779659271240234,-122.39949035644531,"SAN FRANCISCO","SAN FRANCISCO",-122.39933013916016,37.779541015625
94456410,2024,2024-11-04,9335,2024-10-30,"706 ",022703,,3,1,7,3801,0,1,2,,2,014,"US-101 NORTHBOUND","23RD ST",470.00,N,N,A,-,Y,SF,,101," "," ",3.453,H,,R,N,4,0,1,2,A,-,03,22350,,N,C,C,A,A,H,-,B,D,0,,,,,Y,,D,22,0,0,1,0,0,0,0,0,0,"- ","- ",37.755859375,-122.40312957763672,"SAN FRANCISCO","SAN FRANCISCO",-122.40306854248047,37.755867004394531