CASE_ID,ACCIDENT_YEAR,PROC_DATE,JURIS,COLLISION_DATE,COLLISION_TIME,OFFICER_ID,REPORTING_DISTRICT,DAY_OF_WEEK,CHP_SHIFT,POPULATION,CNTY_CITY_LOC,SPECIAL_COND,BEAT_TYPE,CHP_BEAT_TYPE,CITY_DIVISION_LAPD,CHP_BEAT_CLASS,BEAT_NUMBER,PRIMARY_RD,SECONDARY_RD,DISTANCE,DIRECTION,INTERSECTION,WEATHER_1,WEATHER_2,STATE_HWY_IND,CALTRANS_COUNTY,CALTRANS_DISTRICT,STATE_ROUTE,ROUTE_SUFFIX,POSTMILE_PREFIX,POSTMILE,LOCATION_TYPE,RAMP_INTERSECTION,SIDE_OF_HWY,TOW_AWAY,COLLISION_SEVERITY,NUMBER_KILLED,NUMBER_INJURED,PARTY_COUNT,PRIMARY_COLL_FACTOR,PCF_CODE_OF_VIOL,PCF_VIOL_CATEGORY,PCF_VIOLATION,PCF_VIOL_SUBSECTION,HIT_AND_RUN,TYPE_OF_COLLISION,MVIW,PED_ACTION,ROAD_SURFACE,ROAD_COND_1,ROAD_COND_2,LIGHTING,CONTROL_DEVICE,CHP_ROAD_TYPE,PEDESTRIAN_ACCIDENT,BICYCLE_ACCIDENT,MOTORCYCLE_ACCIDENT,TRUCK_ACCIDENT,NOT_PRIVATE_PROPERTY,ALCOHOL_INVOLVED,STWD_VEHTYPE_AT_FAULT,CHP_VEHTYPE_AT_FAULT,COUNT_SEVERE_INJ,COUNT_VISIBLE_INJ,COUNT_COMPLAINT_PAIN,COUNT_PED_KILLED,COUNT_PED_INJURED,COUNT_BICYCLIST_KILLED,COUNT_BICYCLIST_INJURED,COUNT_MC_KILLED,COUNT_MC_INJURED,PRIMARY_RAMP,SECONDARY_RAMP,LATITUDE,LONGITUDE,COUNTY,CITY,POINT_X,POINT_Y
94456464,2024,2024-11-04,9335,2024-10-30,1800,023474,,3,2,7,3801,0,1,2,,2,013,"US-101 S/B","CESAR CHAVEZ ST",1109.00,S,N,A,-,Y,SF,,101," "," ",2.781,H,,L,Y,4,0,1,2,D,-,00,,,N,C,C,A,A,H,-,A,D,0,,,,,Y,,-,"- ",0,0,1,0,0,0,0,0,0,"- ","- ",37.746250152587891,-122.40479278564453,"SAN FRANCISCO","SAN FRANCISCO",-122.40480804443359,37.746253967285156
94457048,2024,2024-11-04,9335,2024-11-02,"702 ",023357,,6,1,7,3801,0,1,1,,1,083,"I-80 E/B","THE EMBARCADERO",2957.00,E,N,B,-,Y,SF,,80," "," ",6.476,H,,R,Y,4,0,2,2,A,-,03,22350,,F,C,C,A,A,H,-,C,D,0,,,,,Y,,-,99,0,0,2,0,0,0,0,0,0,"- ","- ",37.795150756835938,-122.38124084472656,"SAN FRANCISCO","SAN FRANCISCO",-122.381103515625,37.795055389404297
94457174,2024,2024-11-04,9335,2024-10-31,"645 ",024050,,4,1,7,3801,0,1,2,,2,013,"US-101 SB","FAITH STREET PEDESTRAIN OVERCROSSING",845.00,N,N,A,-,Y,SF,,101," "," ",2.772,H,,L,Y,4,0,1,4,A,-,07,21658,A,N,B,C,A,B,H,-,B,D,0,,,,,Y,,A,01,0,0,1,0,0,0,0,0,0,"- ","- ",37.746120452880859,-122.40480804443359,"SAN FRANCISCO","SAN FRANCISCO",-122.40483856201172,37.746124267578125
94457301,2024,2024-11-04,9335,2024-10-28,1635,024080,,1,2,7,3801,0,1,1,,2,080,"I-80 E/B","4TH STREET",740.00,E,N,A,-,Y,SF,,80," "," ",5.211,H,,R,N,4,0,2,2,A,-,07,21658,A,M,B,C,A,A,H,-,A,D,0,,,,,Y,,-,99,0,0,2,0,0,0,0,0,0,"- ","- ",37.781669616699219,-122.39691925048828,"SAN FRANCISCO","SAN FRANCISCO",-122.39685821533203,37.781623840332031
94457507,2023,2024-11-04,9335,2023-09-30,1610,022795,,6,2,7,3801,0,1,2,,2,013,"US-101 S/B TO PAUL AVENUE","SAN BRUNO AVENUE",70.00,E,N,A,-,Y,SF,,101," "," ",0.988,H,,L,Y,1,1,1,1,A,-,03,22350,,N,E,8,A,A,H,-,A,A,0,,,,,Y,,A,01,0,1,0,0,0,0,0,0,0,"- ","- ",37.721771240234375,-122.40081787109375,"SAN FRANCISCO","SAN FRANCISCO",-122.40059661865234,37.721820831298828
94457672,2024,2024-11-18,9335,2024-11-02,1445,023378,,6,2,7,3801,0,1,1,,2,023,"I-280 N/B","SAN JOSE AVENUE OVERCROSSING",80.00,S,N,A,-,Y,SF,,280," ",R,1.434,H,,R,Y,3,0,3,3,A,-,03,22350,,N,C,C,A,A,H,-,A,D,0,,,,,Y,,A,01,0,3,0,0,0,0,0,0,0,"- ","- ",37.71820068359375,-122.44833374023438,"SAN FRANCISCO","SAN FRANCISCO",-122.44844055175781,37.718208312988281
94457710,2024,2024-11-05,9335,2024-11-02,1845,023845,,6,2,7,3801,0,1,1,,1,083,"I-80 EASTBOUND","NORTHGATE ROAD",2482.00,E,N,A,-,Y,SF,,80," ",R,8.577,H,,R,N,4,0,3,2,A,-,03,22350,,N,C,C,A,A,H,-,C,D,0,,,,,Y,,A,01,0,0,3,0,0,0,0,0,0,"- ","- ",37.817378997802734,-122.35459899902344,"SAN FRANCISCO","SAN FRANCISCO",-122.35456848144531,37.817344665527344
94457735,2024,2024-11-05,9335,2024-10-27,1555,023845,,7,2,7,3801,0,1,1,,2,080,"I-80 WESTBOUND","3RD STREET",147.00,W,N,A,-,Y,SF,,80," "," ",5.200,H,,L,N,3,0,1,2,A,-,03,22350,,N,C,C,A,A,H,-,A,D,0,,,Y,,Y,,C,02,0,1,0,0,0,0,0,0,1,"- ","- ",37.781688690185547,-122.39720153808594,"SAN FRANCISCO","SAN FRANCISCO",-122.39728546142578,37.781764984130859
94459105,2024,2024-11-05,9335,2024-10-28,2345,022596,,1,3,7,3801,0,1,1,,1,083,"I-80 E/B TO MACALLA ROAD","YERBA BUENA ISLAND TUNNEL EAST EDGE",290.00,E,N,A,-,Y,SF,,80," ",R,7.911,H,,R,Y,3,0,1,1,A,-,01,23152,G,N,E,I,A,A,H,-,C,D,0,,,,,Y,Y,A,01,0,1,0,0,0,0,0,0,0,"- ","- ",37.811069488525391,-122.36379241943359,"SAN FRANCISCO","SAN FRANCISCO",-122.36400604248047,37.811195373535156
94459332,2024,2024-11-06,9335,2024-10-31,"15  ",023979,,4,3,7,3801,0,1,1,,2,022,"I-280 S/B","SAN JOSE AVE OVERCROSSING",190.00,S,N,C,-,Y,SF,,280," ",R,1.404,H,,L,Y,4,0,1,2,A,-,03,22350,,N,C,C,A,B,H,-,C,D,0,,,,,Y,,A,01,0,0,1,0,0,0,0,0,0,"- ","- ",37.717700958251953,-122.44876098632812,"SAN FRANCISCO","SAN FRANCISCO",-122.44866943359375,37.717689514160156
9446236,2022,2022-06-01,3801,2022-01-24,0130,1782,TENDE,1,5,7,3801,0,0,0,,0,SOUTHE,"SOUTH VAN NESS AV","MISSION ST",0.00,N,Y,A,-,N,,,,,,,,,,N,4,0,2,2,A,-,12,21453,,F,D,C,A,A,H,-,C,A,0,,,,,Y,,A,07,0,0,2,0,0,0,0,0,0,NO,NO,,,"SAN FRANCISCO","SAN FRANCISCO",-122.41863250732422,37.773109436035156
9446237,2022,2022-06-01,3801,2022-01-25,1640,278,TENDE,2,5,7,3801,0,0,0,,0,3J11D,"MARKET ST","MCALLISTER ST",0.00,,Y,A,-,N,,,,,,,,,,N,4,0,1,2,A,-,12,21453,A,N,D,-,A,A,H,-,A,A,0,,Y,Y,,Y,,C,03,0,0,1,0,0,0,1,0,0,"- ","- ",,,"SAN FRANCISCO","SAN FRANCISCO",-122.41164398193359,37.781181335449219
9446239,2022,2022-06-01,3801,2022-01-21,2340,2424,SOUTH,5,5,7,3801,0,0,0,,0,3B15E,"KING ST","3RD ST",0.00,,Y,A,-,N,,,,,,,,,,Y,4,0,2,2,A,-,03,22350,,N,C,C,A,A,H,-,C,A,0,,,,,Y,,A,01,0,0,2,0,0,0,0,0,0,"- ","- ",,,"SAN FRANCISCO","SAN FRANCISCO",-122.39195251464844,37.778202056884766
94462539,2024,2024-11-07,9335,2024-11-06,"945 ",022703,,3,1,7,3801,0,1,1,,2,080,"I-80 EASTBOUND","16TH STREET",105.00,E,N,A,-,Y,SF,,80," "," ",3.854,H,,R,Y,3,0,1,2,A,-,07,21658,A,F,B,C,A,A,H,-,A,D,0,,,Y,,Y,,-,99,0,1,0,0,0,0,0,0,1,"- ","- ",37.766330718994141,-122.40489959716797,"SAN FRANCISCO","SAN FRANCISCO",-122.40493011474609,37.766330718994141
94462615,2024,2024-11-07,9350,2024-10-27,2020,023068,,7,2,7,3801,0,1,2,,1,120,"US-101 S/B","CONZELMAN RD",4030.00,S,N,A,-,Y,,,,,,,,,,N,3,0,1,2,A,-,03,22350,,N,B,C,A,A,H,-,C,D,0,,,Y,,Y,,A,01,0,1,0,0,0,0,0,0,1,"- ","- ",37.819869995117188,-122.47863006591797,"SAN FRANCISCO","SAN FRANCISCO",-122.48223876953125,37.832927703857422
94462635,2024,2024-11-07,9335,2024-11-03,1015,023367,,7,1,7,3801,0,1,1,,2,080,"I-80 W/B","15TH ST",90.00,E,N,A,-,Y,SF,,80," "," ",3.913,H,,L,N,4,0,2,3,A,-,03,22350,,N,C,C,A,A,H,-,A,D,0,,,,,Y,,A,01,0,0,2,0,0,0,0,0,0,"- ","- ",37.767509460449219,-122.40534210205078,"SAN FRANCISCO","SAN FRANCISCO",-122.40536499023438,37.767509460449219
94462735,2024,2024-11-08,9335,2024-10-28,1340,024109,,1,1,7,3801,0,1,2,,2,015,"US-101 N/B","S VAN NESS AVE",650.00,S,N,A,-,Y,SF,,101," ",R,4.980,H,,R,Y,4,0,1,2,A,-,01,23152,A,N,C,C,A,A,H,-,A,D,0,,,,,Y,Y,A,07,0,0,1,0,0,0,0,0,0,"- ","- ",37.769660949707031,-122.41545104980469,"SAN FRANCISCO","SAN FRANCISCO",-122.41545104980469,37.769660949707031
94462737,2024,2024-11-08,9335,2024-11-05,1311,023991,,2,1,7,3801,0,1,1,,2,023,"I-280 SOUTHBOUND","SICKLES AVENUE",2335.00,N,N,A,-,Y,SF,,280," ",R,1.248,H,,L,N,3,0,1,2,A,-,03,22350,,N,C,E,A,A,H,-,A,D,0,,,,,Y,,A,07,0,1,0,0,0,0,0,0,0,"- ","- ",37.715709686279297,-122.4498291015625,"SAN FRANCISCO","SAN FRANCISCO",-122.44972229003906,37.715656280517578
94462744,2024,2024-11-08,9335,2024-11-07,"858 ",023504,,4,1,7,3801,0,1,2,,2,014,"US-101 SB","23RD ST OVER CROSS",23.00,S,N,A,-,Y,SF,,101," "," ",3.357,H,,L,N,3,0,1,2,A,-,03,22350,,N,C,C,A,A,H,-,A,D,0,,,Y,,Y,,C,02,0,1,0,0,0,0,0,0,1,"- ","- ",37.754379272460938,-122.40309143066406,"SAN FRANCISCO","SAN FRANCISCO",-122.40312957763672,37.754379272460938
94462746,2024,2024-11-11,9335,2024-10-29,1335,024109,,2,1,7,3801,0,1,1,,2,022,"I-280 S/B","ALEMANY BLVD",528.00,S,N,A,-,Y,SF,,280," ",R,0.310,H,,L,N,3,0,2,3,A,-,03,22350,,N,C,C,A,A,H,-,A,D,0,,,,,Y,,A,01,0,1,1,0,0,0,0,0,0,"- ","- ",37.710601806640625,-122.4642333984375,"SAN FRANCISCO","SAN FRANCISCO",-122.46422576904297,37.710552215576172
94464458,2024,2024-11-11,9335,2024-11-09,"235 ",022860,,6,3,7,3801,0,1,2,,2,015,"US-101 S/B TO I-80 E/B","DIVISION ST",50.00,N,N,A,-,Y,SF,,80," ",L,4.070,H,,R,Y,4,0,1,1,A,-,03,22350,,N,E,I,A,A,H,-,C,D,0,,,,,Y,Y,A,01,0,0,1,0,0,0,0,0,0,"- ","- ",37.769508361816406,-122.40544128417969,"SAN FRANCISCO","SAN FRANCISCO",-122.40548706054688,37.769523620605469
94464466,2024,2024-11-11,9335,2024-11-08,"900 ",023504,,5,1,7,3801,0,1,2,,2,014,"US-101 N/B","23RD ST OVER CROSS",218.00,N,N,A,-,Y,SF,,101," "," ",3.409,H,,R,N,4,0,1,2,A,-,07,21658,A,N,B,C,A,A,H,-,A,D,0,,,Y,,Y,,A,01,0,0,1,0,0,0,0,0,1,"- ","- ",37.755180358886719,-122.40306091308594,"SAN FRANCISCO","SAN FRANCISCO",-122.40299987792969,37.755184173583984
94464474,2024,2024-11-11,9335,2024-11-05,1740,023832,,2,2,7,3801,0,1,2,,2,014,"US-101 N/B","18TH STREET PEDESTRIAN OVERCROSSING",780.00,S,N,A,-,Y,SF,,101," "," ",3.801,H,,R,N,4,0,1,2,A,-,01,23152,A,N,B,C,A,A,H,-,C,D,0,,,,,Y,Y,A,01,0,0,1,0,0,0,0,0,0,"- ","- ",37.760028839111328,-122.40621185302734,"SAN FRANCISCO","SAN FRANCISCO",-122.40624237060547,37.760025024414062
94464485,2024,2024-11-11,9335,2024-11-07,1750,024080,,4,2,7,3801,0,1,2,,2,014,"US-101 S/B","23RD STREET O/C",300.00,N,N,A,-,Y,SF,,101," "," ",3.423,H,,L,Y,3,0,1,2,A,-,03,22350,,N,C,C,A,A,H,-,C,D,0,,,,,Y,,A,01,0,1,0,0,0,0,0,0,0,"- ","- ",37.755390167236328,-122.40326690673828,"SAN FRANCISCO","SAN FRANCISCO",-122.40322113037109,37.755393981933594
94464638,2024,2024-11-11,9335,2024-11-01,"140 ",023483,,5,3,7,3801,0,1,2,,2,014,"US-101 NORTHBOUND","22ND STREET OVERCROSSING",280.00,N,N,A,-,Y,SF,,101," "," ",3.580,H,,R,Y,3,0,1,1,A,-,08,22107,,M,E,I,A,A,H,-,C,D,0,,,,,Y,,A,01,0,1,0,0,0,0,0,0,0,"- ","- ",37.757541656494141,-122.40408325195312,"SAN FRANCISCO","SAN FRANCISCO",-122.40398406982422,37.757598876953125
94466128,2024,2025-07-31,9350,2024-10-26,1720,024074,,6,2,7,3801,0,1,2,,2,010,"US 101 S/B","MERCHANT RD",100.00,N,N,A,-,Y,,,,,,,,,,N,4,0,2,2,A,-,03,22350,,N,C,C,A,A,H,-,A,D,0,,,,,Y,,D,22,0,0,2,0,0,0,0,0,0,"- ","- ",37.806819915771484,-122.47550201416016,"SAN FRANCISCO","SAN FRANCISCO",-122.47510528564453,37.806388854980469
9446657,2022,2022-07-01,3801,2022-05-11,0957,2444,RICHM,3,5,7,3801,0,0,0,,0,3G12A,"CALIFORNIA ST","LOCUST ST",0.00,,Y,A,-,N,,,,,,,,,,N,3,0,2,2,A,-,06,21755,A,N,B,C,A,A,H,-,A,D,0,,,,,Y,,-,,0,2,0,0,0,0,0,0,0,"- ","- ",,,"SAN FRANCISCO","SAN FRANCISCO",-122.45175170898438,37.786609649658203
94466900,2024,2024-11-12,9335,2024-11-06,1823,024124,,3,2,7,3801,0,1,1,,2,024,"I-280 S/B TO US-101 S/B",US-101,670.00,E,N,A,-,Y,SF,,280," ",R,4.471,H,,R,N,4,0,1,2,A,-,01,23152,A,N,C,C,A,A,H,-,D,D,0,,,,,Y,Y,A,01,0,0,1,0,0,0,0,0,0,"- ","- ",37.735870361328125,-122.40435028076172,"SAN FRANCISCO","SAN FRANCISCO",-122.40452575683594,37.736072540283203
94467007,2024,2024-11-13,9335,2024-11-07,1120,024118,,4,1,7,3801,0,1,1,,1,081,"I-80 W/B","TREASURE ISLAND RD",142.00,W,N,A,-,Y,SF,,80," "," ",7.693,H,,L,N,2,0,3,4,A,-,01,23152,F,N,C,C,A,A,H,-,A,D,0,,,,,Y,,A,01,1,2,0,0,0,0,0,0,0,"- ","- ",37.808738708496094,-122.36666870117188,"SAN FRANCISCO","SAN FRANCISCO",-122.36660003662109,37.808704376220703
94467011,2024,2024-11-13,9335,2024-11-06,1730,024080,,3,2,7,3801,0,1,2,,2,014,"US-101 S/B","23RD STREET O/C",213.00,N,N,A,-,Y,SF,,101," "," ",3.409,H,,L,Y,3,0,1,4,A,-,03,22350,,M,C,C,A,A,H,-,C,D,0,,,,,Y,,A,07,0,1,0,0,0,0,0,0,0,"- ","- ",37.755168914794922,-122.40316009521484,"SAN FRANCISCO","SAN FRANCISCO",-122.40320587158203,37.755168914794922
94467513,2024,2024-11-13,9350,2024-11-03,"140 ",023482,,7,3,7,3801,0,1,2,,2,010,"US-101 N/B TO SR-1 S/B","CRISSY FIELD AVE",1056.00,N,N,A,-,Y,SF,,101," ",R,9.337,H,,R,Y,3,0,1,1,A,-,01,23152,A,N,E,I,A,A,H,-,C,D,0,,,,,Y,Y,A,01,0,1,0,0,0,0,0,0,0,"- ","- ",37.803569793701172,-122.46978759765625,"SAN FRANCISCO","SAN FRANCISCO",-122.46993255615234,37.803329467773438
9446801,2022,2022-06-09,3801,2022-04-29,1230,2728,TENDE,5,5,7,3801,0,0,0,,0,908,"LEAVENWORTH ST","GOLDEN GATE AV",86.00,N,N,A,-,N,,,,,,,,,,N,4,0,1,3,A,-,03,22350,,M,C,C,A,A,H,-,-,D,0,,,,,Y,,A,01,0,0,1,0,0,0,0,0,0,"- ","- ",,,"SAN FRANCISCO","SAN FRANCISCO",-122.41390228271484,37.7821044921875
9446802,2022,2022-06-09,3801,2022-04-29,1208,1306,CENTR,5,5,7,3801,0,0,0,,0,3A44C,"PINE ST","GRANT AV",0.00,,Y,A,-,N,,,,,,,,,,N,4,0,1,2,A,-,10,21950,A,N,G,B,B,A,H,-,A,A,0,Y,,,,Y,,A,01,0,0,1,0,1,0,0,0,0,"- ","- ",,,"SAN FRANCISCO","SAN FRANCISCO",-122.40571594238281,37.791511535644531
9446804,2022,2022-06-09,3801,2022-04-29,0043,2149,NORTH,5,5,7,3801,0,0,0,,0,3E13E,"TURK ST","POLK ST",0.00,,Y,A,-,N,,,,,,,,,,N,4,0,1,2,A,-,09,21453,C,M,B,C,A,A,H,-,C,A,0,,,,,Y,,A,01,0,0,1,0,0,0,0,0,0,"- ","- ",,,"SAN FRANCISCO","SAN FRANCISCO",-122.41899871826172,37.782169342041016
9446805,2022,2022-06-09,3801,2022-04-29,1650,2379,INGLE,5,5,7,3801,0,0,0,,0,3H13D,"MISSION ST","COLLEGE AV",0.00,,Y,A,-,N,,,,,,,,,,,4,0,1,2,A,-,09,21801,A,N,D,C,A,A,H,-,A,A,0,,,,,Y,,A,01,0,0,1,0,0,0,0,0,0,"- ","- ",,,"SAN FRANCISCO","SAN FRANCISCO",-122.4248046875,37.735263824462891
9446807,2022,2022-10-31,3801,2022-04-28,1925,1544,CENTR,4,5,7,3801,0,0,0,,0,3A14D,"COLUMBUS AV","KEARNY ST",0.00,,Y,A,-,N,,,,,,,,,,N,4,0,1,2,A,-,04,21703,,F,D,C,A,A,H,-,A,A,0,,,Y,,Y,,C,02,0,0,1,0,0,0,0,0,0,"- ","- ",,,"SAN FRANCISCO","SAN FRANCISCO",-122.40538787841797,37.79705810546875
9446808,2022,2022-06-09,3801,2022-04-28,1630,713,CENTR,4,5,7,3801,0,0,0,,0,3A14D,"THE EMBARCADERO",BROADWAY,339.00,S,N,A,-,N,,,,,,,,,,N,4,0,1,2,A,-,08,22107,,N,B,G,A,A,H,-,A,D,0,,Y,,,Y,,A,01,0,0,1,0,0,0,1,0,0,"- ","- ",,,"SAN FRANCISCO","SAN FRANCISCO",-122.39743804931641,37.798290252685547
9446809,2022,2022-06-09,3801,2022-04-29,0855,1503,SOUTH,5,5,7,3801,0,0,0,,0,0855,"6TH ST","TEHAMA ST",0.00,,Y,A,-,N,,,,,,,,,,N,3,0,1,2,A,-,17,21200,A,N,H,A,A,A,H,-,A,D,0,,Y,,,Y,,L,04,0,1,0,0,0,0,1,0,0,"- ","- ",,,"SAN FRANCISCO","SAN FRANCISCO",-122.40658569335938,37.779308319091797
9446810,2022,2022-06-09,3801,2022-04-29,1625,2325,SOUTH,5,5,7,3801,0,0,0,,0,,"BATTERY ST","CALIFORNIA ST",0.00,,Y,A,-,N,,,,,,,,,,N,4,0,1,2,A,-,03,22350,,F,C,C,A,A,G,-,A,-,0,,,,,Y,,A,01,0,0,1,0,0,0,0,0,0,"- ","- ",,,"SAN FRANCISCO","SAN FRANCISCO",-122.39997863769531,37.793231964111328
9446811,2022,2022-06-09,3801,2022-04-22,2200,1396,SOUTH,5,5,7,3801,0,0,0,,0,3B13A,"BRYANT ST","8TH ST",0.00,,Y,A,-,N,,,,,,,,,,N,4,0,1,2,A,-,08,22100,B,F,B,C,A,A,H,-,C,A,0,,,,,Y,,A,01,0,0,1,0,0,0,0,0,0,"- ","- ",,,"SAN FRANCISCO","SAN FRANCISCO",-122.406982421875,37.772514343261719
9446812,2022,2022-06-09,3801,2022-04-30,0006,1350,BAYVI,6,5,7,3801,0,0,0,,0,3C13E,"LYDIA AV","NEWHALL ST",28.00,E,N,A,-,N,,,,,,,,,,N,4,0,1,2,A,-,03,22350,,F,G,B,E,A,H,-,C,A,0,Y,,,,Y,,A,01,0,0,1,0,1,0,0,0,0,"- ","- ",,,"SAN FRANCISCO","SAN FRANCISCO",-122.39881134033203,37.727787017822266
9446813,2022,2022-06-08,3801,2022-04-29,0819,2402,TARAV,5,5,7,3801,0,0,0,,0,3I13A,"SAN JOSE AV","LIEBIG ST",0.00,,Y,A,-,N,,,,,,,,,,Y,4,0,3,2,A,-,09,21802,A,N,D,C,A,A,H,-,A,A,0,,,,,Y,,A,01,0,0,3,0,0,0,0,0,0,"- ","- ",,,"SAN FRANCISCO","SAN FRANCISCO",-122.45767974853516,37.70953369140625
9446814,2022,2022-06-14,3801,2022-04-30,1509,1860,TARAV,6,5,7,3801,0,0,0,,0,3I11D,"LAKE MERCED BL","HIGUERA AV",414.00,N,N,A,-,N,,,,,,,,,,N,4,0,2,2,A,-,04,21703,,N,C,C,A,A,H,-,A,D,0,,,,,Y,,A,08,0,0,2,0,0,0,0,0,0,"- ","- ",,,"SAN FRANCISCO","SAN FRANCISCO",-122.48511505126953,37.719448089599609
9446815,2022,2022-06-08,3801,2022-04-30,1253,837,CENTR,6,5,7,3801,0,0,0,,0,3A3C,"MONTGOMERY ST","GREEN ST",16.00,W,N,A,-,N,,,,,,,,,,Y,3,0,1,1,A,-,08,22107,,N,E,I,A,A,H,-,A,D,0,,,,,Y,,A,01,0,1,0,0,0,0,0,0,0,"- ","- ",,,"SAN FRANCISCO","SAN FRANCISCO",-122.40425109863281,37.800151824951172
9446817,2022,2022-06-08,3801,2022-04-20,0045,2433,SOUTH,3,5,7,3801,0,0,0,,0,3B14E,"S VAN NESS AV","MISSION ST",0.00,,Y,A,-,N,,,,,,,,,,N,3,0,1,2,A,-,12,21453,A,F,G,B,B,A,H,-,C,A,0,Y,,,,Y,,A,07,0,1,0,0,1,0,0,0,0,"- ","- ",,,"SAN FRANCISCO","SAN FRANCISCO",-122.41863250732422,37.773109436035156
9446818,2022,2022-06-08,3801,2022-04-18,2315,2094,SOUTH,1,5,7,3801,0,0,0,,0,3B14E,"8TH ST","HARRISON ST",130.00,S,N,B,-,N,,,,,,,,,,N,3,0,1,2,A,-,08,22107,,N,B,G,A,A,H,-,C,A,0,,Y,,,Y,,A,01,0,1,0,0,0,0,0,0,0,"- ","- ",,,"SAN FRANCISCO","SAN FRANCISCO",-122.40821075439453,37.773509979248047
9446819,2022,2022-06-08,3801,2022-04-27,0901,830,MISSI,3,5,7,3801,0,0,0,,0,3D15A,"16TH ST","POTRERO AV",0.00,,Y,A,-,N,,,,,,,,,,N,4,0,1,2,A,-,11,21950,B,N,D,C,A,A,H,-,A,A,0,,Y,,,Y,,L,04,0,0,1,0,0,0,1,0,0,"- ","- ",,,"SAN FRANCISCO","SAN FRANCISCO",-122.40756225585938,37.765773773193359
9446820,2022,2022-06-08,3801,2022-04-20,1820,2168,CENTR,3,5,7,3801,0,0,0,,0,3A2D,"MONTGOMERY ST","SUTTER ST",0.00,,Y,A,-,N,,,,,,,,,,N,4,0,1,2,D,-,00,,,N,C,C,A,A,H,-,A,A,0,,,,,Y,,-,"- ",0,0,1,0,0,0,0,0,0,"- ","- ",,,"SAN FRANCISCO","SAN FRANCISCO",-122.40216827392578,37.790008544921875
9446821,2022,2022-06-10,3801,2022-04-20,1156,1195,SOUTH,3,5,7,3801,0,0,0,,0,3B49,"4TH ST","BRYANT ST",0.00,,Y,A,-,N,,,,,,,,,,N,4,0,1,2,A,-,10,21950,,N,G,B,B,A,H,-,A,A,0,Y,,,,Y,,A,01,0,0,1,0,1,0,0,0,0,"- ","- ",,,"SAN FRANCISCO","SAN FRANCISCO",-122.3980712890625,37.779571533203125
9446822,2022,2022-06-10,3801,2022-04-30,0555,1572,SOUTH,6,5,7,3801,0,0,0,,0,3B1A,"SPEAR ST","HOWARD ST",0.00,,Y,A,-,N,,,,,,,,,,Y,4,0,1,2,A,-,12,21453,A,N,B,C,A,A,H,-,A,-,0,,,,,Y,,A,01,0,0,1,0,0,0,0,0,0,"- ","- ",,,"SAN FRANCISCO","SAN FRANCISCO",-122.39254760742188,37.791324615478516
9446823,2022,2022-06-10,3801,2022-04-29,2323,1660,SOUTH,5,5,7,3801,0,0,0,,0,3B14E,"MISSION ST","6TH ST",0.00,,Y,A,-,N,,,,,,,,,,N,2,0,1,2,A,-,03,22350,,F,G,B,D,A,H,-,C,A,0,Y,,,,Y,,A,01,1,0,0,0,1,0,0,0,0,"- ","- ",,,"SAN FRANCISCO","SAN FRANCISCO",-122.40869140625,37.780982971191406
9446824,2022,2022-11-03,3801,2022-04-13,0755,1796,RICHM,3,5,7,3801,0,0,0,,0,3G14A,FULTON,"27TH AV",0.00,,Y,B,-,N,,,,,,,,,,Y,4,0,1,2,A,-,00,22802,A,N,D,C,A,A,H,-,A,D,0,,,,,Y,,-,,0,0,1,0,0,0,0,0,0,"- ","- ",,,"SAN FRANCISCO","SAN FRANCISCO",-122.486328125,37.772468566894531
9446825,2022,2022-06-10,3801,2022-04-03,1844,1783,MISSI,7,5,7,3801,0,0,0,,0,,"CHURCH ST","16TH ST",0.00,,Y,A,-,N,,,,,,,,,,Y,4,0,1,2,A,-,08,22107,,N,A,D,A,A,H,-,A,A,0,,,,,Y,Y,A,01,0,0,1,0,0,0,0,0,0,"- ","- ",,,"SAN FRANCISCO","SAN FRANCISCO",-122.42864990234375,37.764503479003906
9446826,2022,2022-11-03,3801,2022-04-20,1655,1039,MISSI,3,5,7,3801,0,0,0,,0,003,"S VAN NESS AV","21ST ST",0.00,,Y,A,-,N,,,,,,,,,,Y,3,0,2,2,A,-,05,21460,A,N,D,C,A,A,H,-,A,A,0,,,,,Y,,A,01,0,1,1,0,0,0,0,0,0,"- ","- ",,,"SAN FRANCISCO","SAN FRANCISCO",-122.416748046875,37.757160186767578