CASE_ID,ACCIDENT_YEAR,PROC_DATE,JURIS,COLLISION_DATE,COLLISION_TIME,OFFICER_ID,REPORTING_DISTRICT,DAY_OF_WEEK,CHP_SHIFT,POPULATION,CNTY_CITY_LOC,SPECIAL_COND,BEAT_TYPE,CHP_BEAT_TYPE,CITY_DIVISION_LAPD,CHP_BEAT_CLASS,BEAT_NUMBER,PRIMARY_RD,SECONDARY_RD,DISTANCE,DIRECTION,INTERSECTION,WEATHER_1,WEATHER_2,STATE_HWY_IND,CALTRANS_COUNTY,CALTRANS_DISTRICT,STATE_ROUTE,ROUTE_SUFFIX,POSTMILE_PREFIX,POSTMILE,LOCATION_TYPE,RAMP_INTERSECTION,SIDE_OF_HWY,TOW_AWAY,COLLISION_SEVERITY,NUMBER_KILLED,NUMBER_INJURED,PARTY_COUNT,PRIMARY_COLL_FACTOR,PCF_CODE_OF_VIOL,PCF_VIOL_CATEGORY,PCF_VIOLATION,PCF_VIOL_SUBSECTION,HIT_AND_RUN,TYPE_OF_COLLISION,MVIW,PED_ACTION,ROAD_SURFACE,ROAD_COND_1,ROAD_COND_2,LIGHTING,CONTROL_DEVICE,CHP_ROAD_TYPE,PEDESTRIAN_ACCIDENT,BICYCLE_ACCIDENT,MOTORCYCLE_ACCIDENT,TRUCK_ACCIDENT,NOT_PRIVATE_PROPERTY,ALCOHOL_INVOLVED,STWD_VEHTYPE_AT_FAULT,CHP_VEHTYPE_AT_FAULT,COUNT_SEVERE_INJ,COUNT_VISIBLE_INJ,COUNT_COMPLAINT_PAIN,COUNT_PED_KILLED,COUNT_PED_INJURED,COUNT_BICYCLIST_KILLED,COUNT_BICYCLIST_INJURED,COUNT_MC_KILLED,COUNT_MC_INJURED,PRIMARY_RAMP,SECONDARY_RAMP,LATITUDE,LONGITUDE,COUNTY,CITY,POINT_X,POINT_Y
9446827,2022,2022-06-10,3801,2022-04-30,0103,1184,MISSI,6,5,7,3801,0,0,0,,0,3D14E,"FOLSOM ST","23RD ST",0.00,,Y,A,-,N,,,,,,,,,,N,3,0,1,2,A,-,04,21703,,F,C,C,A,A,H,-,C,A,0,,,,,Y,,-,,0,1,0,0,0,0,0,0,0,"- ","- ",,,"SAN FRANCISCO","SAN FRANCISCO",-122.41425323486328,37.754119873046875
9446828,2022,2022-06-10,3801,2022-04-04,1312,1172,SOUTH,1,5,7,3801,0,0,0,,0,4CAR,"MISSION ST","10TH ST",22.00,S,N,A,-,N,,,,,,,,,,N,4,0,1,2,A,-,04,21703,,N,C,C,A,A,H,-,A,A,0,,,Y,,Y,,C,02,0,0,1,0,0,0,0,0,1,"- ","- ",,,"SAN FRANCISCO","SAN FRANCISCO",-122.41596221923828,37.775238037109375
9446829,2022,2022-06-10,3801,2022-04-04,1536,1951,SOUTH,1,5,7,3801,0,0,0,,0,0B5,"3RD ST","NELSON RISING LN",78.00,S,N,A,-,N,,,,,,,,,,Y,3,0,1,1,A,-,03,22350,,N,H,A,A,A,H,-,A,A,0,,,Y,,Y,,C,02,0,1,0,0,0,0,0,0,1,"- ","- ",,,"SAN FRANCISCO","SAN FRANCISCO",-122.38946533203125,37.769557952880859
9446831,2022,2022-06-10,3801,2022-04-16,1348,104,INGLE,6,5,7,3801,0,0,0,,0,104,"GENEVA AV","PRAGUE ST",1100.00,E,N,B,-,N,,,,,,,,,,Y,2,0,1,2,A,-,11,21954,A,N,G,B,D,A,H,-,A,D,0,Y,,,,Y,,N,60,1,0,0,0,1,0,0,0,0,"- ","- ",,,"SAN FRANCISCO","SAN FRANCISCO",-122.42835235595703,37.711872100830078
9446858,2022,2022-07-13,3801,2022-05-04,1524,1534,INGLE,3,5,7,3801,0,0,0,,0,3H14D,"OSHAUGHNESSY BL","PORTOLA DR",0.00,,N,A,-,N,,,,,,,,,,N,4,0,1,2,A,-,03,22350,,N,C,-,A,A,H,-,A,A,0,,Y,,,Y,Y,A,01,0,0,1,0,0,0,1,0,0,"- ","- ",,,"SAN FRANCISCO","SAN FRANCISCO",-122.45160675048828,37.745479583740234
9446859,2022,2022-11-09,3801,2022-05-03,2309,1750,NORTH,2,5,7,3801,0,0,0,,0,0E3,"FILLMORE ST","FELL ST",0.00,,Y,A,-,N,,,,,,,,,,Y,4,0,4,3,A,-,01,23153,F,N,D,C,A,A,H,-,C,A,0,,,,,Y,,A,01,0,0,4,0,0,0,0,0,0,"- ","- ",,,"SAN FRANCISCO","SAN FRANCISCO",-122.43099975585938,37.774890899658203
9446860,2022,2022-06-16,3801,2022-05-05,2210,1184,MISSI,4,5,7,3801,0,0,0,,0,3D13E,"SOUTH VAN NESS AV","23RD ST",53.00,S,N,A,-,N,,,,,,,,,,Y,4,0,1,3,A,-,01,23153,,N,C,C,A,A,H,-,C,D,0,,,,,Y,Y,A,01,0,0,1,0,0,0,0,0,0,"- ","- ",,,"SAN FRANCISCO","SAN FRANCISCO",-122.41642761230469,37.753814697265625
9446861,2022,2022-06-15,3801,2022-05-05,1237,2017,MISSI,4,5,7,3801,0,0,0,,0,3D1C,"TREAT AV","23RD ST",3.00,S,N,A,-,N,,,,,,,,,,N,4,0,1,2,A,-,11,21955,,N,G,B,E,A,H,-,A,A,0,Y,,,,Y,,N,60,0,0,1,0,1,0,0,0,0,"- ","- ",,,"SAN FRANCISCO","SAN FRANCISCO",-122.41311645507812,37.754161834716797
9446862,2022,2022-06-15,3801,2022-05-06,0827,1157,BAYVI,5,5,7,3801,0,0,0,,0,3C15A,"PHELPS ST","LASALLE AV",0.00,,Y,A,-,N,,,,,,,,,,N,4,0,1,2,A,-,09,21801,A,F,D,C,A,A,H,-,A,A,0,,,Y,,Y,,A,01,0,0,1,0,0,0,0,0,0,"- ","- ",,,"SAN FRANCISCO","SAN FRANCISCO",-122.39236450195312,37.738594055175781
9446864,2022,2022-06-15,3801,2022-05-06,1205,9,CENTR,5,5,7,3801,0,0,0,,0,3A13A,"LOMBARD ST","COLUMBUS AV",77.00,E,N,A,-,N,,,,,,,,,,N,4,0,1,2,D,-,00,,,N,C,G,A,A,H,-,A,D,0,,Y,,,Y,,-,"- ",0,0,1,0,0,0,1,0,0,"- ","- ",,,"SAN FRANCISCO","SAN FRANCISCO",-122.41340637207031,37.802772521972656
9446865,2022,2022-10-27,3801,2022-05-08,0618,1157,BAYVI,7,5,7,3801,0,0,0,,0,3C11A,"BAYSHORE BL","BAYSHORE BL 1464",0.00,,N,A,-,N,,,,,,,,,,Y,4,0,3,3,A,-,03,22350,,N,B,-,A,A,H,-,A,A,0,,,,,Y,,A,01,0,0,3,0,0,0,0,0,0,"- ","- ",,,"SAN FRANCISCO","SAN FRANCISCO",-122.40431213378906,37.745937347412109
9446866,2022,2022-06-27,3801,2022-05-05,0852,1956,TARAV,4,5,7,3801,0,0,0,,0,2CAR,ULLOA,"21ST AV",0.00,,Y,A,-,N,,,,,,,,,,Y,4,0,2,2,A,-,03,22350,,N,D,C,A,A,H,-,A,D,0,,,,,Y,,A,07,0,0,2,0,0,0,0,0,0,"- ","- ",,,"SAN FRANCISCO","SAN FRANCISCO",-122.47770690917969,37.741077423095703
9446867,2022,2022-10-31,3801,2022-05-07,1742,245,PARK,6,5,7,3801,0,0,0,,0,2CAR,"TWIN PEAKS BL","TWIN PEAKS BL 891",0.00,,N,A,-,N,,,,,,,,,,N,4,0,1,2,A,I,"- ",,,N,A,-,E,A,H,-,A,D,0,Y,,,,Y,,N,60,0,0,1,0,1,0,0,0,0,"- ","- ",37.748981475830078,-122.44564819335938,"SAN FRANCISCO","SAN FRANCISCO",,
9446868,2022,2022-06-15,3801,2022-05-08,0454,2421,PARK,7,5,7,3801,0,0,0,,0,3B14,"MARKET ST","GUERRERO ST",0.00,,Y,-,-,N,,,,,,,,,,N,3,0,1,2,A,-,09,21453,B,N,G,B,B,A,H,-,C,A,0,Y,,,,Y,,A,01,0,1,0,0,1,0,0,0,0,"- ","- ",,,"SAN FRANCISCO","SAN FRANCISCO",-122.42485809326172,37.770748138427734
9446869,2022,2022-10-31,3801,2022-05-07,1731,1406,TENDE,6,5,7,3801,0,0,0,,0,,"EDDY ST","HYDE ST",0.00,,Y,A,-,N,,,,,,,,,,Y,4,0,1,2,A,-,12,21453,A,N,D,C,A,A,H,-,A,A,0,,,,,Y,,A,01,0,0,1,0,0,0,0,0,0,"- ","- ",,,"SAN FRANCISCO","SAN FRANCISCO",-122.41588592529297,37.783512115478516
9446870,2022,2022-06-21,3801,2022-05-06,1411,2450,INGLE,5,5,7,3801,0,0,0,,0,3H13C,"ALEMANY BL","ELLSWORTH ST",1000.00,E,N,A,-,N,,,,,,,,,,Y,3,0,2,5,A,-,09,21804,A,N,D,C,A,A,H,-,A,D,0,,,,,Y,,A,01,0,1,1,0,0,0,0,0,0,"- ","- ",,,"SAN FRANCISCO","SAN FRANCISCO",-122.41560363769531,37.732532501220703
9446871,2022,2022-06-15,3801,2022-05-08,0245,1402,SOUTH,7,5,7,3801,0,0,0,,0,3B12E,"CLARA ST","6TH ST",0.00,,Y,A,-,N,,,,,,,,,,Y,4,0,1,4,A,-,03,22350,,F,D,E,A,A,H,-,C,D,0,,,,,Y,,A,01,0,0,1,0,0,0,0,0,0,"- ","- ",,,"SAN FRANCISCO","SAN FRANCISCO",-122.40460968017578,37.777706146240234
9446872,2022,2022-06-27,3801,2022-05-09,2031,1951,SOUTH,1,5,7,3801,0,0,0,,0,0B2,"3RD ST","3RD ST 151",0.00,,-,A,-,N,,,,,,,,,,Y,4,0,1,2,A,-,03,22350,,M,B,C,A,A,H,-,C,A,0,,,,,Y,Y,A,01,0,0,1,0,0,0,0,0,0,"- ","- ",,,"SAN FRANCISCO","SAN FRANCISCO",-122.39085388183594,37.777347564697266
9446873,2022,2022-06-27,3801,2022-05-07,2056,628,RICHM,6,5,7,3801,0,0,0,,0,,"GEARY BL","16TH AV",73.00,W,N,A,-,N,,,,,,,,,,Y,4,0,1,1,A,-,17,21663,,N,E,I,A,A,H,-,C,D,0,,,,,Y,,A,01,0,0,1,0,0,0,0,0,0,"- ","- ",,,"SAN FRANCISCO","SAN FRANCISCO",-122.47536468505859,37.780567169189453
9446874,2022,2022-06-15,3801,2022-05-06,0248,1881,RICHM,5,5,7,3801,0,0,0,,0,RICHM,"POINT LOBOS AV","EL CAMINO DEL MAR",1117.00,W,N,B,-,N,,,,,,,,,,Y,2,0,4,1,A,-,03,22350,,F,E,I,A,D,-,-,C,A,0,,,,,Y,Y,A,01,1,3,0,0,0,0,0,0,0,"- ","- ",,,"SAN FRANCISCO","SAN FRANCISCO",-122.51305389404297,37.779045104980469
9446875,2022,2022-06-15,3801,2022-05-06,2000,2379,INGLE,5,5,7,3801,0,0,0,,0,3H13D,"JOOST AV","ACADIA ST",0.00,,Y,C,-,N,,,,,,,,,,N,3,0,2,2,A,-,08,22107,,N,A,C,A,B,H,-,B,D,0,,,,,Y,,A,01,0,1,1,0,0,0,0,0,0,"- ","- ",,,"SAN FRANCISCO","SAN FRANCISCO",-122.43746948242188,37.732383728027344
9446876,2022,2022-06-16,3801,2022-05-14,1217,4117,TARAV,6,5,7,3801,0,0,0,,0,3I13A,"LAKEMERCED BL","MIDDLEFIELD DR",0.00,,Y,A,-,N,,,,,,,,,,Y,4,0,2,3,A,-,04,21703,,N,-,C,A,A,H,-,A,D,0,,,,,Y,,A,01,0,0,2,0,0,0,0,0,0,"- ","- ",,,"SAN FRANCISCO","SAN FRANCISCO",-122.48658752441406,37.729591369628906
9446877,2022,2022-06-15,3801,2022-05-12,1605,2469,BAYVI,4,5,7,3801,0,0,0,,0,3C15D,"CONNECTICUT ST","25TH ST",0.00,,Y,A,-,N,,,,,,,,,,Y,3,0,3,1,A,-,03,22350,,N,E,I,A,A,D,-,A,D,0,,,,,Y,,A,01,0,1,2,0,0,0,0,0,0,"- ","- ",,,"SAN FRANCISCO","SAN FRANCISCO",-122.39650726318359,37.7523193359375
9446879,2022,2022-06-16,3801,2022-05-12,2158,1454,NORTH,4,5,7,3801,0,0,0,,0,3E12E,"WEBSTER ST","GREENWICH ST",0.00,,Y,A,-,N,,,,,,,,,,N,3,0,2,2,A,-,01,23153,A,F,D,C,A,A,H,-,C,A,0,,,Y,,Y,Y,A,01,0,1,1,0,0,0,0,0,2,"- ","- ",,,"SAN FRANCISCO","SAN FRANCISCO",-122.43421173095703,37.799163818359375
9446880,2022,2022-06-15,3801,2022-05-13,0055,2140,MISSI,5,5,7,3801,0,0,0,,0,,"23RD ST","SOUTH VAN NESS AV",112.00,W,N,A,-,N,,,,,,,,,,,4,0,1,3,A,-,03,22350,,N,B,E,A,A,H,-,C,D,0,,,,,Y,,A,01,0,0,1,0,0,0,0,0,0,"- ","- ",,,"SAN FRANCISCO","SAN FRANCISCO",-122.41682434082031,37.753940582275391
9446882,2022,2022-05-19,3801,2022-04-19,2050,1582,,2,5,7,3801,0,0,0,,0,3A13D,"BAY ST","COLUMBUS AV",0.00,,Y,A,-,N,,,,,,,,,,N,3,0,1,2,A,-,12,21453,A,N,D,G,A,A,H,-,C,A,0,,Y,,,Y,,L,04,0,1,0,0,0,0,1,0,0,"- ","- ",,,"SAN FRANCISCO","SAN FRANCISCO",-122.41719818115234,37.805194854736328
9446883,2022,2022-05-19,3801,2022-04-08,1730,2044,INGLE,5,5,7,3801,0,0,0,,0,3H13E,"14TH ST","SANCHEZ ST",0.00,,Y,F,-,N,,,,,,,,,,N,4,0,1,2,A,-,04,21703,,N,C,D,A,A,H,-,A,D,0,,,,,Y,,A,01,0,0,1,0,0,0,0,0,0,"- ","- ",,,"SAN FRANCISCO","SAN FRANCISCO",-122.43118286132812,37.767601013183594
9446886,2022,2022-05-26,3801,2022-04-11,0020,1096,CENTR,1,5,7,3801,0,0,0,,0,3A11E,"POST ST","LEAVENWOTH ST",0.00,,Y,A,-,N,,,,,,,,,,Y,3,0,2,2,A,-,12,21453,A,N,D,C,A,A,H,-,C,A,0,,,,,Y,,A,01,0,1,1,0,0,0,0,0,0,"- ","- ",,,"SAN FRANCISCO","SAN FRANCISCO",-122.41499328613281,37.787452697753906
9446887,2022,2022-05-19,3801,2022-04-08,2017,1173,RICHM,5,5,7,3801,0,0,0,,0,901,"BALBOA ST","17TH AV",0.00,,Y,A,-,N,,,,,,,,,,N,4,0,1,2,A,-,12,22450,A,N,D,G,A,A,H,-,C,A,0,,Y,,,Y,,L,04,0,0,1,0,0,0,1,0,0,"- ","- ",,,"SAN FRANCISCO","SAN FRANCISCO",-122.47591400146484,37.776691436767578
9446888,2022,2022-05-19,3801,2022-04-07,2203,4798,NORTH,4,5,7,3801,0,0,0,,0,3E00D,"POLK ST","ELLIS ST",0.00,,Y,A,-,N,,,,,,,,,,N,3,0,1,2,A,-,08,22107,,F,B,G,A,A,H,-,C,A,0,,Y,,,Y,,A,01,0,1,0,0,0,0,1,0,0,"- ","- ",,,"SAN FRANCISCO","SAN FRANCISCO",-122.41934967041016,37.784042358398438
9446889,2022,2022-05-19,3801,2022-04-09,1345,4274,RICHM,6,5,7,3801,0,0,0,,0,3G3C,"CALIFORNIA ST","14TH AV",0.00,,Y,A,-,N,,,,,,,,,,Y,4,0,1,2,D,-,00,,,N,D,C,A,A,H,-,A,A,0,,,,,Y,,-,"- ",0,0,1,0,0,0,0,0,0,"- ","- ",,,"SAN FRANCISCO","SAN FRANCISCO",-122.47312927246094,37.784431457519531
9446890,2022,2022-05-19,3801,2022-04-07,1020,1362,RICHM,4,5,7,3801,0,0,0,,0,3G3,"GEARY BL","15TH AV",0.00,,Y,A,-,N,,,,,,,,,,N,4,0,1,2,A,-,08,22107,,N,D,C,A,A,H,-,A,A,0,,,Y,,Y,,-,"- ",0,0,1,0,0,0,0,0,1,"- ","- ",,,"SAN FRANCISCO","SAN FRANCISCO",-122.47399139404297,37.780632019042969
9446891,2022,2022-05-19,3801,2022-04-08,1054,2093,NORTH,5,5,7,3801,0,0,0,,0,3E14A,"LAGUNA ST","GOLDEN GATE AV",0.00,,Y,A,-,N,,,,,,,,,,N,3,0,1,1,A,-,03,22350,,N,H,A,A,A,H,-,A,A,0,,,Y,,Y,,C,03,0,1,0,0,0,0,0,0,1,"- ","- ",,,"SAN FRANCISCO","SAN FRANCISCO",-122.42701721191406,37.780200958251953
9446892,2022,2022-05-19,3801,2022-04-09,1538,2231,SOUTH,6,5,7,3801,0,0,0,,0,3B13D,"HAWTHORNE ST","FOLSOM ST",0.00,,Y,A,-,N,,,,,,,,,,N,4,0,2,2,A,-,12,21453,A,N,D,D,A,A,-,-,A,A,0,,,,,Y,,A,01,0,0,2,0,0,0,0,0,0,"- ","- ",,,"SAN FRANCISCO","SAN FRANCISCO",-122.39783477783203,37.784683227539062
9446893,2022,2022-05-19,3801,2022-04-08,1132,1931,NORTH,5,5,7,3801,0,0,0,,0,3E41C,"HAYES ST","VAN NESS AV",0.00,,Y,A,-,N,,,,,,,,,,N,3,0,1,2,A,-,00,21657,B,N,-,J,A,A,H,-,A,A,0,,,,,Y,,M,94,0,1,0,0,0,0,0,0,0,"- ","- ",,,"SAN FRANCISCO","SAN FRANCISCO",-122.419677734375,37.777294158935547
9446894,2022,2022-05-19,3801,2022-04-08,1335,964,NORTH,5,5,7,3801,0,0,0,,0,3E44C,"JACKSON ST","SCOTT ST",0.00,,-,A,-,N,,,,,,,,,,N,3,0,1,2,A,-,10,21950,A,N,G,B,B,A,H,-,A,A,0,Y,,,,Y,Y,A,01,0,1,0,0,1,0,0,0,0,"- ","- ",,,"SAN FRANCISCO","SAN FRANCISCO",-122.43949127197266,37.791828155517578
9446895,2022,2022-05-19,3801,2022-04-08,0910,2266,INGLE,5,5,7,3801,0,0,0,,0,3H11A,"PERSIA AV","NAPLES ST",0.00,,Y,A,-,N,,,,,,,,,,N,4,0,1,2,A,-,10,21950,A,N,G,B,B,A,H,-,A,A,0,Y,,,,Y,,A,01,0,0,1,0,1,0,0,0,0,"- ","- ",,,"SAN FRANCISCO","SAN FRANCISCO",-122.43121337890625,37.720863342285156
9446896,2022,2022-05-19,3801,2022-04-15,0545,2728,TENDE,5,5,7,3801,0,0,0,,0,908,"TAYLOR RD","EDDY ST",0.00,,Y,A,-,N,,,,,,,,,,Y,4,0,1,2,A,-,12,21457,A,N,D,C,A,A,H,-,C,A,0,,,,,Y,,A,01,0,0,1,0,0,0,0,0,0,"- ","- ",,,"SAN FRANCISCO","SAN FRANCISCO",-122.41094970703125,37.784160614013672
9446898,2022,2022-05-19,3801,2022-04-08,1920,2107,NORTH,5,5,7,3801,0,0,0,,0,3E14D,"LOMBARD ST","GOUGH ST",182.00,W,N,A,-,N,,,,,,,,,,N,3,0,3,3,A,-,08,22107,,F,B,C,A,A,H,-,C,D,0,,,,,Y,,A,01,0,1,2,0,0,0,0,0,0,"- ","- ",,,"SAN FRANCISCO","SAN FRANCISCO",-122.42844390869141,37.800819396972656
9446899,2022,2022-05-19,3801,2022-04-07,2119,2742,BAYVI,4,5,7,3801,0,0,0,,0,5C15E,"WALLACE AV","UNIVERSITY ST",0.00,,Y,A,-,N,,,,,,,,,,Y,4,0,2,2,A,-,08,22107,,F,A,C,A,A,H,-,C,D,0,,,,,Y,,A,07,0,0,2,0,0,0,0,0,0,"- ","- ",,,"SAN FRANCISCO","SAN FRANCISCO",,
9446900,2022,2022-05-19,3801,2022-04-08,1014,001460,SOUTH,5,5,7,3801,0,0,0,,0,3B5A,"2ND ST","CLEMENTINA ST",0.00,,Y,A,-,N,,,,,,,,,,N,3,0,1,2,A,-,07,21658,A,N,D,G,A,A,H,-,A,D,0,,Y,,,Y,,A,01,0,1,0,0,0,0,1,0,0,"- ","- ",,,"SAN FRANCISCO","SAN FRANCISCO",-122.39724731445312,37.785995483398438
94471183,2024,2024-11-15,9335,2024-11-08,"210 ",022802,,5,3,7,3801,0,1,2,,2,015,"US-101 N/B","BRANNAN ST U/C",200.00,N,N,A,-,Y,SF,,101," ",R,4.578,H,,R,Y,4,0,1,1,A,-,01,23152,F,N,E,I,A,A,H,-,C,D,0,,,,,Y,,A,07,0,0,1,0,0,0,0,0,0,"- ","- ",37.769920349121094,-122.40834808349609,"SAN FRANCISCO","SAN FRANCISCO",-122.40835571289062,37.7698974609375
94471251,2024,2024-11-15,9335,2024-11-09,1730,023603,,6,2,7,3801,0,1,2,,2,015,"US-101 N/B","BRANNAN STREET UNDERCROSSING",120.00,S,N,A,-,Y,SF,,101," ",R,4.503,H,,R,N,4,0,2,3,A,-,03,22350,,M,C,C,A,A,H,-,D,D,0,,,,,Y,,-,99,0,0,2,0,0,0,0,0,0,"- ","- ",37.769309997558594,-122.40724182128906,"SAN FRANCISCO","SAN FRANCISCO",-122.40727996826172,37.769279479980469
94471500,2024,2024-11-25,9335,2024-11-08,1745,023603,,5,2,7,3801,0,1,2,,2,013,US-101S/B,"BAYSHORE BOULEVARD UNDERCROSSING",170.00,S,N,A,-,Y,SF,,101," "," ",2.909,H,,R,N,3,0,2,3,A,-,03,22350,,N,C,C,A,A,H,-,D,D,0,,,,,Y,,A,01,0,1,1,0,0,0,0,0,0,"- ","- ",37.748020172119141,-122.40431976318359,"SAN FRANCISCO","SAN FRANCISCO",-122.40406036376953,37.747970581054688
94471574,2024,2024-11-15,9335,2024-11-02,1920,023876,,6,2,7,3801,0,1,1,,1,081,"I-80 W/B","NORTHGATE ROAD",2482.00,E,N,B,-,Y,SF,,80," ",R,8.568,H,,L,Y,3,0,2,3,A,-,03,22350,,N,C,C,A,A,H,-,C,D,0,,,,,Y,,A,01,0,2,0,0,0,0,0,0,0,"- ","- ",37.817611694335938,-122.35488891601562,"SAN FRANCISCO","SAN FRANCISCO",-122.35488891601562,37.817607879638672
94471829,2024,2024-11-15,9335,2024-11-09,2230,023654,,6,3,7,3801,0,1,1,,2,080,"I-80 WESTBOUND","7TH STREET UNDERCROSSING",880.00,E,N,B,-,Y,SF,,80," "," ",4.665,H,,L,Y,4,0,1,4,A,-,03,22350,,M,C,C,A,A,H,-,C,D,0,,,,,Y,,A,07,0,0,1,0,0,0,0,0,0,"- ","- ",37.776988983154297,-122.40373992919922,"SAN FRANCISCO","SAN FRANCISCO",-122.40370178222656,37.776950836181641
94471865,2024,2024-11-15,9335,2024-11-11,"800 ",018371,,1,1,7,3801,0,1,1,,1,083,"INTERSTATE 80","1ST ST",100.00,E,N,B,-,Y,SF,,80," "," ",5.596,H,,R,N,4,0,1,2,A,-,08,22107,,F,B,C,A,A,H,-,A,D,0,,,Y,,Y,,-,99,0,0,1,0,0,0,0,0,1,"- ","- ",37.785469055175781,-122.39193725585938,"SAN FRANCISCO","SAN FRANCISCO",-122.39185333251953,37.785369873046875
94472133,2024,2024-11-18,9335,2024-11-12,"32  ",023979,,2,3,7,3801,0,1,1,,2,080,"I-80 W/B","6TH ST UNDERCROSSING",90.00,W,N,A,-,Y,SF,,80," "," ",4.646,H,,L,N,4,0,1,2,A,-,03,22350,,F,C,C,A,A,H,-,C,D,0,,,,,Y,,-,99,0,0,1,0,0,0,0,0,0,"- ","- ",37.776809692382812,-122.40402221679688,"SAN FRANCISCO","SAN FRANCISCO",-122.40399932861328,37.776786804199219
94472160,2024,2024-11-18,9335,2024-11-12,1640,024080,,2,2,7,3801,0,1,1,,2,022,"I-280 S/B","ST CHARLES AVENUE OVERCROSSING",1600.00,N,N,A,-,Y,SF,,280," ",R,0.322,H,,L,Y,3,0,1,2,A,-,03,22350,,N,C,C,A,A,H,-,A,D,0,,,,,Y,,D,22,0,1,0,0,0,0,0,0,0,"- ","- ",37.710628509521484,-122.46401214599609,"SAN FRANCISCO","SAN FRANCISCO",-122.46400451660156,37.710563659667969
94472168,2024,2024-11-18,9335,2024-11-16,"0   ",023979,,6,3,7,3801,0,1,1,,2,080,"I-80 EB","7TH ST",915.00,W,N,A,-,Y,SF,,80," "," ",4.302,H,,R,N,4,0,1,2,A,-,03,22350,,M,C,C,A,A,H,-,C,D,0,,,,,Y,,-,99,0,0,1,0,0,0,0,0,0,"- ","- ",37.772468566894531,-122.40648651123047,"SAN FRANCISCO","SAN FRANCISCO",-122.40653228759766,37.772464752197266
94472185,2024,2024-11-18,9335,2024-11-12,1804,022186,,2,2,7,3801,0,1,1,,2,023,"I-280 S/B TO I-280 S/B","BAYSHORE BOULEVARD U/C",180.00,N,N,A,-,Y,SF,,280," ",R,4.404,H,,L,N,4,0,1,2,A,-,03,22350,,N,C,C,A,A,H,-,C,D,0,,,,,Y,,A,07,0,0,1,0,0,0,0,0,0,"- ","- ",37.735649108886719,-122.40573120117188,"SAN FRANCISCO","SAN FRANCISCO",-122.40572357177734,37.735637664794922
94472421,2024,2024-11-18,9335,2024-11-13,1745,024080,,3,2,7,3801,0,1,2,,2,015,"US-101 N/B TO DUBOCE AVENUE","SOUTH VAN NESS AVENUE",140.00,S,N,A,-,Y,SF,,101," ",R,5.078,H,,R,N,4,0,1,2,A,-,03,22350,,N,C,C,A,A,H,-,B,D,0,,,,,Y,,A,01,0,0,1,0,0,0,0,0,0,"- ","- ",37.769889831542969,-122.41719055175781,"SAN FRANCISCO","SAN FRANCISCO",-122.41720581054688,37.769809722900391
94472426,2024,2024-11-18,9335,2024-11-14,1525,024112,,4,2,7,3801,0,1,1,,1,083,"I-80 E/B","SFOBB SAS TOWER",834.00,W,N,A,-,Y,SF,,80," ",R,8.165,H,,R,Y,4,0,1,3,A,-,03,22350,,N,C,C,A,A,H,-,A,D,0,,,,,Y,,A,07,0,0,1,0,0,0,0,0,0,"- ","- ",37.813739776611328,-122.36068725585938,"SAN FRANCISCO","SAN FRANCISCO",-122.36081695556641,37.813880920410156
94472799,2024,2024-11-18,9335,2024-11-15,1050,023504,,5,1,7,3801,0,1,2,,2,014,"US-101 SB","23RD ST OVER CROSS",155.00,N,N,A,-,Y,SF,,101," "," ",3.388,H,,L,Y,3,0,1,1,C,-,18,,,N,E,I,A,A,H,-,A,D,0,,,,,Y,,-,"- ",0,1,0,0,0,0,0,0,0,"- ","- ",37.754840850830078,-122.40326690673828,"SAN FRANCISCO","SAN FRANCISCO",-122.40317535400391,37.754844665527344
94473003,2024,2024-11-18,9335,2024-11-10,"405 ",023593,,7,3,7,3801,0,1,2,,2,013,"US-101 SB","PAUL AVENUE",700.00,S,N,A,-,Y,SF,,101," "," ",0.969,H,,L,Y,4,0,1,2,A,-,03,22350,,N,C,E,A,A,H,-,C,D,0,,,,,Y,,A,01,0,0,1,0,0,0,0,0,0,"- ","- ",37.721561431884766,-122.40045166015625,"SAN FRANCISCO","SAN FRANCISCO",-122.40049743652344,37.721549987792969
94473006,2024,2024-11-18,9335,2024-11-10,"401 ",023593,,7,3,7,3801,0,1,2,,2,013,"US-101 S/B","PAUL AVENUE",685.00,S,N,A,-,Y,SF,,101," "," ",0.983,H,,L,Y,3,0,2,2,A,-,03,22350,,N,B,C,A,A,H,-,C,D,0,,,,,Y,,A,01,0,1,1,0,0,0,0,0,0,"- ","- ",37.721759796142578,-122.40055084228516,"SAN FRANCISCO","SAN FRANCISCO",-122.40057373046875,37.721755981445312
94473025,2024,2024-11-18,9335,2024-11-10,"400 ",023593,,7,3,7,3801,0,1,2,,2,013,"US-101 S/B","PAUL AVE",680.00,S,N,A,-,Y,SF,,101," "," ",0.999,H,,L,Y,4,0,2,2,A,-,03,22350,,N,C,C,A,A,H,-,C,D,0,,,,,Y,Y,A,08,0,0,2,0,0,0,0,0,0,"- ","- ",37.721969604492188,-122.40070343017578,"SAN FRANCISCO","SAN FRANCISCO",-122.40065765380859,37.721981048583984