CASE_ID,ACCIDENT_YEAR,PROC_DATE,JURIS,COLLISION_DATE,COLLISION_TIME,OFFICER_ID,REPORTING_DISTRICT,DAY_OF_WEEK,CHP_SHIFT,POPULATION,CNTY_CITY_LOC,SPECIAL_COND,BEAT_TYPE,CHP_BEAT_TYPE,CITY_DIVISION_LAPD,CHP_BEAT_CLASS,BEAT_NUMBER,PRIMARY_RD,SECONDARY_RD,DISTANCE,DIRECTION,INTERSECTION,WEATHER_1,WEATHER_2,STATE_HWY_IND,CALTRANS_COUNTY,CALTRANS_DISTRICT,STATE_ROUTE,ROUTE_SUFFIX,POSTMILE_PREFIX,POSTMILE,LOCATION_TYPE,RAMP_INTERSECTION,SIDE_OF_HWY,TOW_AWAY,COLLISION_SEVERITY,NUMBER_KILLED,NUMBER_INJURED,PARTY_COUNT,PRIMARY_COLL_FACTOR,PCF_CODE_OF_VIOL,PCF_VIOL_CATEGORY,PCF_VIOLATION,PCF_VIOL_SUBSECTION,HIT_AND_RUN,TYPE_OF_COLLISION,MVIW,PED_ACTION,ROAD_SURFACE,ROAD_COND_1,ROAD_COND_2,LIGHTING,CONTROL_DEVICE,CHP_ROAD_TYPE,PEDESTRIAN_ACCIDENT,BICYCLE_ACCIDENT,MOTORCYCLE_ACCIDENT,TRUCK_ACCIDENT,NOT_PRIVATE_PROPERTY,ALCOHOL_INVOLVED,STWD_VEHTYPE_AT_FAULT,CHP_VEHTYPE_AT_FAULT,COUNT_SEVERE_INJ,COUNT_VISIBLE_INJ,COUNT_COMPLAINT_PAIN,COUNT_PED_KILLED,COUNT_PED_INJURED,COUNT_BICYCLIST_KILLED,COUNT_BICYCLIST_INJURED,COUNT_MC_KILLED,COUNT_MC_INJURED,PRIMARY_RAMP,SECONDARY_RAMP,LATITUDE,LONGITUDE,COUNTY,CITY,POINT_X,POINT_Y
94473037,2024,2024-11-18,9335,2024-11-15,"849 ",023474,,5,1,7,3801,0,1,1,,2,080,"I-80 W/B","4TH ST",710.00,E,N,A,-,Y,SF,,80," "," ",5.196,H,,L,N,4,0,1,2,A,-,07,21658,A,N,B,C,A,A,H,-,A,D,0,,,Y,,Y,,A,01,0,0,1,0,0,0,0,0,1,"- ","- ",37.781650543212891,-122.39727020263672,"SAN FRANCISCO","SAN FRANCISCO",-122.39735412597656,37.781719207763672
94477713,2024,2024-11-21,9335,2024-11-09,"339 ",023595,,6,3,7,3801,0,1,2,,2,013,"US-101 S/B","CORTLAND AVE",540.00,S,N,A,-,Y,SF,,101," "," ",2.173,H,,L,Y,3,0,1,3,A,-,07,21658,A,N,C,C,A,A,H,-,D,D,0,,,,,Y,,A,07,0,1,0,0,0,0,0,0,0,"- ","- ",37.738128662109375,-122.40814971923828,"SAN FRANCISCO","SAN FRANCISCO",-122.4080810546875,37.738136291503906
94479272,2024,2024-11-21,9335,2024-11-20,1210,024042,,3,1,7,3801,0,1,1,,1,081,"I-80 W/B","THE EMBARCADERO STREET UNDERCROSSING",825.00,E,N,B,C,Y,SF,,80," "," ",6.086,H,,L,N,4,0,1,3,A,-,04,21703,,N,C,C,A,B,H,-,A,D,0,,,,,Y,,D,22,0,0,1,0,0,0,0,0,0,"- ","- ",37.790821075439453,-122.38596343994141,"SAN FRANCISCO","SAN FRANCISCO",-122.38582611083984,37.790725708007812
94480870,2024,2024-11-22,9335,2024-11-21,1900,024080,,4,2,7,3801,0,1,1,,1,081,"I-80 W/B","BEALE STREET",550.00,W,N,A,-,Y,SF,,80," "," ",5.613,H,,L,N,3,0,1,2,A,-,03,22350,,N,B,C,A,B,H,-,C,D,0,,,,,Y,,A,07,0,1,0,0,0,0,0,0,0,"- ","- ",37.785568237304688,-122.39166259765625,"SAN FRANCISCO","SAN FRANCISCO",-122.3916015625,37.785503387451172
94480897,2024,2024-11-25,9335,2024-11-21,"500 ",023474,,4,3,7,3801,0,1,1,,2,023,"I-280 N/B","CONGDON ST",381.00,N,N,B,C,Y,SF,,280," ",R,3.298,H,,R,N,4,0,1,2,A,-,08,22107,,N,A,C,A,B,H,-,D,D,0,,,,,Y,,A,07,0,0,1,0,0,0,0,0,0,"- ","- ",37.731380462646484,-122.42487335205078,"SAN FRANCISCO","SAN FRANCISCO",-122.42487335205078,37.731365203857422
94481118,2024,2024-11-25,9335,2024-11-15,1112,023592,,5,1,7,3801,0,1,1,,2,084,"I-80 E/B","SFOBB TOLL PLAZA",950.00,W,N,A,-,Y,ALA,,80," "," ",1.785,H,,R,Y,4,0,1,2,A,-,03,22350,,M,C,2,A,A,H,-,C,D,0,,,,,Y,,A,07,0,0,1,0,0,0,0,0,0,"- ","- ",37.823299407958984,-122.31730651855469,"SAN FRANCISCO","SAN FRANCISCO",-122.31729125976562,37.823226928710938
94481444,2024,2024-11-25,9335,2024-11-23,"610 ",023474,,6,1,7,3801,0,1,1,,2,022,"I-280 N/B","SAN JOSE AVE",210.00,S,N,B,-,Y,SF,,280," ",R,1.431,H,,R,N,2,0,1,2,A,-,11,21954,A,N,G,B,E,B,H,-,B,D,0,Y,,,,Y,,N,60,1,0,0,0,1,0,0,0,0,"- ","- ",37.718158721923828,-122.44833374023438,"SAN FRANCISCO","SAN FRANCISCO",-122.44844055175781,37.718170166015625
94481446,2024,2024-11-25,9335,2024-11-22,1650,023378,,5,2,7,3801,0,1,1,,2,024,"I-280 N/B","QUESADA AVE UNDERCROSSING",184.00,S,N,C,-,Y,SF,,280," ",R,4.690,H,,R,N,4,0,1,4,A,-,07,21658,A,N,B,C,A,B,H,-,D,D,0,,,,,Y,,A,01,0,0,1,0,0,0,0,0,0,"- ","- ",37.738208770751953,-122.40132904052734,"SAN FRANCISCO","SAN FRANCISCO",-122.40130615234375,37.738193511962891
94482753,2024,2024-11-25,9335,2024-11-18,2215,023654,,1,3,7,3801,0,1,1,,1,083,"I-80 EASTBOUND","BEALE STREET UNDERCROSSING",479.00,E,N,B,-,Y,SF,,80," "," ",5.631,H,,R,Y,4,0,2,2,A,-,03,22350,,N,C,C,A,A,H,-,C,D,0,,,,,Y,,A,07,0,0,2,0,0,0,0,0,0,"- ","- ",37.785621643066406,-122.39127349853516,"SAN FRANCISCO","SAN FRANCISCO",-122.39134979248047,37.785686492919922
94482758,2024,2024-11-25,9335,2024-11-19,"400 ",023654,,2,3,7,3801,0,1,1,,1,081,"I-80 WESTBOUND","BEALE STREET UNDERCROSSING",110.00,E,N,B,-,Y,SF,,80," "," ",5.745,H,,L,Y,4,0,2,2,A,-,03,22350,,N,C,C,A,A,H,-,C,D,0,,,,Y,Y,,A,07,0,0,2,0,0,0,0,0,0,"- ","- ",37.786930084228516,-122.38993835449219,"SAN FRANCISCO","SAN FRANCISCO",-122.38995361328125,37.786937713623047
94484379,2024,2024-11-26,9350,2024-11-14,2025,021099,,4,2,7,3801,0,1,2,,1,120,"US-101 NORTHBOUND","LINCOLN BLVD UNDER-CROSSING",2640.00,N,N,B,-,Y,,,,,,,,,,Y,4,0,2,2,A,-,03,22350,,F,C,C,A,A,H,-,C,D,0,,,,,Y,,-,99,0,0,2,0,0,0,0,0,0,"- ","- ",37.814689636230469,-122.47792816162109,"SAN FRANCISCO","SAN FRANCISCO",-122.47458648681641,37.806499481201172
94484944,2024,2024-11-26,9335,2024-11-21,"510 ",022802,,4,3,7,3801,0,1,1,,1,081,"I-80 E/B","BEALE ST U/C",155.00,W,N,C,-,Y,SF,,80," "," ",5.689,H,,R,Y,3,0,1,1,A,-,00,22017,,N,E,I,A,B,H,-,C,D,0,,,,Y,Y,,G,25,0,1,0,0,0,0,0,0,0,"- ","- ",37.786308288574219,-122.39063262939453,"SAN FRANCISCO","SAN FRANCISCO",-122.39063262939453,37.786312103271484
94487818,2024,2024-12-02,9335,2024-11-25,"226 ",023536,,1,3,7,3801,0,1,2,,2,015,"US-101 SB TO I-80 EB","DIVISION ST UNDERCROSSING",144.00,S,N,A,-,Y,SF,,80," ",L,4.131,H,,R,Y,4,0,1,1,A,-,01,23152,A,N,E,I,A,A,H,-,C,D,0,,,,,Y,Y,A,07,0,0,1,0,0,0,0,0,0,"- ","- ",37.770160675048828,-122.40540313720703,"SAN FRANCISCO","SAN FRANCISCO",-122.40544128417969,37.770156860351562
94487822,2024,2024-12-02,9335,2024-11-22,1200,023474,,5,1,7,3801,0,1,1,,2,022,"I-280 N/B","FARALLONES ST",64.00,N,N,B,C,Y,SF,,280," ",R,1.076,H,,R,Y,4,0,1,2,A,-,08,22107,,N,B,C,A,B,H,-,A,D,0,,,,,Y,,A,01,0,0,1,0,0,0,0,0,0,"- ","- ",37.713741302490234,-122.45162963867188,"SAN FRANCISCO","SAN FRANCISCO",-122.45163726806641,37.713741302490234
94487823,2024,2024-12-02,9335,2024-11-22,1306,023378,,5,1,7,3801,0,1,1,,2,022,"I-280 N/B","THE FARALLONES STREET PEDESTRIAN OVERCROSSNG",81.00,N,N,C,-,Y,SF,,280," ",R,1.080,H,,R,N,4,0,1,1,A,-,08,22107,,N,E,I,A,B,H,-,A,D,0,,,,,Y,,D,22,0,0,1,0,0,0,0,0,0,"- ","- ",37.713790893554688,-122.45157623291016,"SAN FRANCISCO","SAN FRANCISCO",-122.45157623291016,37.713787078857422
94488039,2024,2024-12-02,9335,2024-11-27,1735,019949,,3,2,7,3801,0,1,2,,2,013,"US-101 N/B","PAUL AVE",528.00,N,N,A,-,Y,SF,,101," "," ",1.262,H,,R,N,4,0,1,2,A,-,03,22350,,N,C,C,A,A,H,-,C,D,0,,,,,Y,,A,01,0,0,1,0,0,0,0,0,0,"- ","- ",37.725688934326172,-122.40180206298828,"SAN FRANCISCO","SAN FRANCISCO",-122.40183258056641,37.725681304931641
94488050,2024,2024-12-02,9335,2024-11-29,"255 ",022860,,5,3,7,3801,0,1,1,,2,080,"I-80 W/B","8TH STREET",250.00,E,N,A,-,Y,SF,,80," "," ",4.348,H,,L,Y,4,0,1,1,A,-,08,22107,,N,E,I,A,A,H,-,C,D,0,,,Y,,Y,,C,02,0,0,1,0,0,0,0,0,1,"- ","- ",37.773220062255859,-122.40691375732422,"SAN FRANCISCO","SAN FRANCISCO",-122.40683746337891,37.773220062255859
94488565,2024,2024-12-02,9350,2024-11-17,"155 ",023802,,7,3,7,3801,0,1,2,,2,010,"US 101 NORTHBOUND","LINCOLN BLVD",466.00,S,N,A,-,Y,SF,,101," ",R,9.561,H,,R,Y,3,0,1,1,A,-,08,22107,,N,E,8,A,A,H,-,C,D,0,,,,,Y,,A,01,0,1,0,0,0,0,0,0,0,"- ","- ",37.805290222167969,-122.47341918945312,"SAN FRANCISCO","SAN FRANCISCO",-122.47339630126953,37.805191040039062
94489051,2023,2024-12-02,9335,2023-10-14,"25  ",023067,,6,3,7,3801,0,1,1,,2,023,"I-280 N/B","MISSION ST",375.00,S,N,A,-,Y,SF,,280," ",R,3.028,H,,R,N,1,1,0,2,A,-,17,21200,,F,H,G,A,A,H,-,D,D,0,,Y,,,Y,Y,L,04,0,0,0,0,0,1,0,0,0,"- ","- ",37.732059478759766,-122.42970275878906,"SAN FRANCISCO","SAN FRANCISCO",-122.42967987060547,37.732128143310547
94489539,2024,2024-12-02,9335,2024-11-29,1439,023121,,5,2,7,3801,0,1,1,,2,080,"I-80 WESTBOUND TO FREMONT STREET","FREMONT STREET",290.00,W,N,A,-,Y,,,,,,,,,,N,4,0,2,2,A,-,03,22350,,N,C,C,A,A,H,-,A,D,0,,,,,Y,,A,01,0,0,2,0,0,0,0,0,0,"- ","- ",37.787860870361328,-122.39511108398438,"SAN FRANCISCO","SAN FRANCISCO",,
94490588,2024,2024-12-03,9350,2024-11-26,"850 ",022020,,2,1,7,3801,0,1,2,,2,010,"US-101 S/B","GOLDEN GATE BRIDGE TOLL PLAZA",158.00,S,N,B,-,Y,,,,,,,,,,N,4,0,1,2,A,-,08,22107,,N,B,C,A,B,H,-,A,D,0,,,Y,,Y,,A,01,0,0,1,0,0,0,0,0,1,"- ","- ",37.806678771972656,-122.47527313232422,"SAN FRANCISCO","SAN FRANCISCO",,
94490611,2024,2024-12-03,9350,2024-11-26,"915 ",022020,,2,1,7,3801,0,1,3,,2,011,"SR-1 N/B TO US-101 N/B","LINCOLN BOULEVARD U/C",1426.00,S,N,B,-,Y,,,,,,,,,,N,4,0,1,1,A,-,03,22350,,N,E,I,A,B,H,-,A,D,0,,,,,Y,,A,01,0,0,1,0,0,0,0,0,0,"- ","- ",37.804069519042969,-122.47013092041016,"SAN FRANCISCO","SAN FRANCISCO",-122.47074127197266,37.804222106933594
94490961,2024,2024-12-03,9335,2024-11-27,1840,024080,,3,2,7,3801,0,1,2,,2,014,"US-101 NB","17TH STREET",30.00,S,N,A,-,Y,SF,,101," "," ",4.127,H,,R,N,4,0,1,2,A,-,01,23152,A,N,C,C,A,A,H,-,C,D,0,,,,,Y,Y,A,07,0,0,1,0,0,0,0,0,0,"- ","- ",37.764541625976562,-122.40486145019531,"SAN FRANCISCO","SAN FRANCISCO",-122.40489196777344,37.764537811279297
94491061,2024,2024-12-03,9335,2024-11-30,1323,023603,,6,1,7,3801,0,1,2,,2,013,"US-101 S/B TO I-280 S/B","CORTLAND AVENUE UNDERCROSSING",195.00,S,N,A,-,Y,SF,,101," "," ",2.237,H,,L,Y,4,0,1,2,A,-,07,21658,A,N,B,C,A,A,H,-,A,D,0,,,,,Y,,A,01,0,0,1,0,0,0,0,0,0,"- ","- ",37.739078521728516,-122.40828704833984,"SAN FRANCISCO","SAN FRANCISCO",-122.40818023681641,37.739078521728516
94491208,2024,2024-12-04,9335,2024-12-02,2140,024116,,1,2,7,3801,0,1,1,,2,022,"I-280 S/B","FARALLONES ST",244.50,N,N,A,-,Y,SF,,280," ",R,1.112,H,,L,N,4,0,1,2,A,-,07,21658,A,M,B,C,A,A,H,-,D,D,0,,,,,Y,,-,99,0,0,1,0,0,0,0,0,0,"- ","- ",37.714260101318359,-122.45140075683594,"SAN FRANCISCO","SAN FRANCISCO",-122.45132446289062,37.714206695556641
94492197,2024,2024-12-04,9335,2024-11-30,"40  ",023592,,6,3,7,3801,0,1,1,,2,022,"I-280 N/B","ALEMANY BLVD",350.00,S,N,A,-,Y,SF,,280," ",R,0.402,H,,R,Y,4,0,1,1,A,-,08,22107,,N,E,I,A,A,H,-,C,D,0,,,,,Y,,A,07,0,0,1,0,0,0,0,0,0,"- ","- ",37.710460662841797,-122.46243286132812,"SAN FRANCISCO","SAN FRANCISCO",-122.46242523193359,37.710395812988281
94492950,2024,2024-12-19,9335,2024-12-02,"820 ",022703,,1,1,7,3801,0,1,1,,2,080,"I-80 EASTBOUND","ALAMEDA STREET",200.00,E,N,A,-,Y,SF,,80," "," ",4.051,H,,R,N,4,0,1,2,A,-,03,22350,,N,C,C,A,A,H,-,A,D,0,,,,,Y,,A,01,0,0,1,0,0,0,0,0,0,"- ","- ",37.769130706787109,-122.40516662597656,"SAN FRANCISCO","SAN FRANCISCO",-122.40515899658203,37.769130706787109
94493627,2024,2024-12-05,9335,2024-11-27,1830,023979,,3,2,7,3801,0,1,2,,2,013,"US-101 S/B","CESAR CHAVEZ ST",1320.00,S,N,A,-,Y,SF,,101," "," ",2.750,H,,L,N,4,0,1,4,A,-,03,22350,,N,C,C,A,A,H,-,C,D,0,,,,,Y,,A,07,0,0,1,0,0,0,0,0,0,"- ","- ",37.745800018310547,-122.40489196777344,"SAN FRANCISCO","SAN FRANCISCO",-122.40493011474609,37.745807647705078
94494128,2024,2024-12-06,9335,2024-12-03,"630 ",024042,,2,1,7,3801,0,1,1,,2,080,"I-80 E/B","5TH STREET UNDERCROSSING",70.00,E,N,A,-,Y,SF,,80," "," ",4.854,H,,R,Y,4,0,1,2,A,-,07,21658,A,N,B,C,A,A,H,-,A,D,0,,,,,Y,,A,01,0,0,1,0,0,0,0,0,0,"- ","- ",37.778461456298828,-122.40065002441406,"SAN FRANCISCO","SAN FRANCISCO",-122.400634765625,37.778450012207031
94494413,2024,2024-12-06,9335,2024-11-27,1438,023118,,3,2,7,3801,0,1,1,,2,024,"I-280 N/B TO KING STREET","5TH STREET",900.00,S,N,A,-,Y,SF,,280," ",T,7.310,H,,R,N,4,0,1,2,A,-,03,22350,,N,C,C,A,A,H,-,A,D,0,,,,,Y,,A,01,0,0,1,0,0,0,0,0,0,"- ","- ",37.772510528564453,-122.39788818359375,"SAN FRANCISCO","SAN FRANCISCO",-122.39813232421875,37.772335052490234
94494415,2024,2024-12-06,9335,2024-11-27,1615,023118,,3,2,7,3801,0,1,1,,2,022,"I-280 S/B FROM SAN JOSE AVENUE","BADEN STREET",200.00,N,N,A,-,Y,SF,,280," ",R,2.507,H,,L,Y,4,0,1,4,A,-,03,22350,,N,C,C,A,A,H,-,A,D,0,,,,,Y,,A,07,0,0,1,0,0,0,0,0,0,"- ","- ",37.73046875,-122.43887329101562,"SAN FRANCISCO","SAN FRANCISCO",-122.43882751464844,37.730381011962891
94495318,2024,2024-12-09,9335,2024-11-29,1915,023121,,5,2,7,3801,0,1,1,,1,081,"I-80 WESTBOUND","MAIN STREET",310.00,E,N,A,-,Y,SF,,80," "," ",5.852,H,,L,N,3,0,1,2,A,-,07,21658,A,F,B,2,A,A,H,-,C,D,0,,,Y,,Y,,-,99,0,1,0,0,0,0,0,0,1,"- ","- ",37.788108825683594,-122.38864135742188,"SAN FRANCISCO","SAN FRANCISCO",-122.38865661621094,37.788124084472656
94495412,2024,2024-12-09,9335,2024-12-01,"120 ",023654,,7,3,7,3801,0,1,1,,2,080,"I-80 EASTBOUND TO 7TH STREET","7TH STREET",300.00,W,N,B,-,Y,SF,,80," "," ",4.393,H,,R,Y,4,0,1,1,A,-,01,23152,A,N,E,I,A,A,H,-,C,D,0,,,,,Y,Y,A,07,0,0,1,0,0,0,0,0,0,"- ","- ",37.773769378662109,-122.40618896484375,"SAN FRANCISCO","SAN FRANCISCO",-122.40642547607422,37.773838043212891
94495756,2024,2024-12-09,9335,2024-11-26,1320,024118,,2,1,7,3801,0,1,2,,2,014,"US-101 S/B","23RD ST OVERCROSSING",303.00,N,N,B,-,Y,SF,,101," "," ",3.423,H,,L,Y,3,0,5,4,A,-,07,21658,A,N,B,C,A,A,H,-,A,D,0,,,,Y,Y,,A,01,0,3,2,0,0,0,0,0,0,"- ","- ",37.755401611328125,-122.40322113037109,"SAN FRANCISCO","SAN FRANCISCO",-122.40322113037109,37.755401611328125
94496030,2024,2024-12-10,9335,2024-11-29,1200,023366,,5,1,7,3801,0,1,1,,2,024,"I-280 S/B","22ND ST",165.00,S,N,A,-,Y,SF,,280," ",R,6.115,H,,L,Y,3,0,5,2,A,-,07,21658,A,N,C,C,A,A,H,-,A,D,0,,,,,Y,,A,07,0,1,4,0,0,0,0,0,0,"- ","- ",37.757179260253906,-122.39253234863281,"SAN FRANCISCO","SAN FRANCISCO",-122.39246368408203,37.757179260253906
94496540,2024,2024-12-12,9335,2024-12-05,1940,023367,,4,2,7,3801,0,1,1,,1,081,"I-80 W/B","2ND ST",85.00,E,N,A,-,Y,SF,,80," "," ",5.430,H,,L,N,4,0,2,3,A,-,03,22350,,N,C,C,A,A,H,-,C,D,0,,,,,Y,,A,01,0,0,2,0,0,0,0,0,0,"- ","- ",37.783988952636719,-122.39424896240234,"SAN FRANCISCO","SAN FRANCISCO",-122.39429473876953,37.784027099609375
94496701,2024,2024-12-16,9335,2024-02-15,"418 ",023044,,4,3,7,3801,0,1,1,,1,083,"I-80 EASTBOUND","THE EMBARCADERO",1003.00,E,N,A,-,Y,SF,,80," "," ",6.108,H,,R,Y,1,3,1,2,A,-,03,22350,,N,C,C,A,A,H,-,C,D,0,,,,,Y,,D,22,1,0,0,0,0,0,0,0,0,"- ","- ",37.790859222412109,-122.38539886474609,"SAN FRANCISCO","SAN FRANCISCO",-122.38555908203125,37.790969848632812
94497261,2024,2024-12-13,9335,2024-12-04,1745,023592,,3,2,7,3801,0,1,2,,2,013,"US-101 S/B","BAYSHORE BLVD",275.00,S,N,A,-,Y,SF,,101," "," ",0.490,H,,L,N,4,0,1,2,A,-,03,22350,,M,C,C,A,A,H,-,C,D,0,,,,,Y,,-,99,0,0,1,0,0,0,0,0,0,"- ","- ",37.714920043945312,-122.39800262451172,"SAN FRANCISCO","SAN FRANCISCO",-122.39805603027344,37.714889526367188
94499370,2024,2025-01-13,9335,2024-12-07,1830,023378,,6,2,7,3801,0,1,2,,2,014,"US-101 N/B","FAITH STREET PEDESTRIAN OVERCROSSING",575.00,N,N,A,-,Y,SF,,101," "," ",2.725,H,,R,N,4,0,1,2,A,-,07,21658,A,N,B,C,A,D,H,-,C,D,0,,,,,Y,,A,01,0,0,1,0,0,0,0,0,0,"- ","- ",37.745361328125,-122.40484619140625,"SAN FRANCISCO","SAN FRANCISCO",-122.4049072265625,37.745372772216797
94500915,2024,2024-12-13,9335,2024-12-02,1118,023860,,1,1,7,3801,0,1,1,,2,023,"I-280 N/B","BADEN ST OVERCROSSING",255.00,N,N,A,-,Y,SF,,280," ",R,2.498,H,,R,Y,2,0,1,2,A,-,07,21658,A,N,E,I,A,A,H,-,A,D,0,,,,,Y,,A,07,1,0,0,0,0,0,0,0,0,"- ","- ",37.730049133300781,-122.43876647949219,"SAN FRANCISCO","SAN FRANCISCO",-122.43883514404297,37.730159759521484
9450255,2022,2022-06-18,3801,2022-03-31,1256,73,TRAFF,4,5,7,3801,0,0,0,,0,4B1B,"5TH ST","WELSH ST",17.00,N,N,A,-,N,,,,,,,,,,Y,3,0,2,2,B,-,22,,,N,C,C,A,A,H,-,A,D,0,,,,,Y,,J,48,0,1,1,0,0,0,0,0,0,"- ","- ",,,"SAN FRANCISCO","SAN FRANCISCO",-122.39978790283203,37.77740478515625
9450339,2022,2022-06-22,3801,2022-05-25,0905,670,INGLE,3,5,7,3801,0,0,0,,0,8H16A,"BAY SHORE BL","ARLETA AV",0.00,,Y,A,-,N,,,,,,,,,,N,3,0,1,2,A,-,00,38300,,N,G,B,B,A,H,-,A,A,0,Y,,,,Y,,J,43,0,1,0,0,1,0,0,0,0,"- ","- ",,,"SAN FRANCISCO","SAN FRANCISCO",-122.40261077880859,37.712268829345703
9450350,2022,2022-06-22,3801,2022-04-02,2238,4027,MISSI,6,5,7,3801,0,0,0,,0,3D13E,"CASTRO ST","21ST ST",50.00,S,N,A,-,N,,,,,,,,,,Y,4,0,2,4,A,-,03,22350,,N,A,E,A,A,H,-,C,A,0,,,,,Y,,A,01,0,0,2,0,0,0,0,0,0,"- ","- ",,,"SAN FRANCISCO","SAN FRANCISCO",-122.43451690673828,37.755992889404297
9450383,2021,2022-06-25,3801,2021-06-02,1141,104,TRAFF,3,5,7,3801,0,0,0,,0,901,"EVANS AV","CESAR CHAVEZ ST",173.00,S,N,A,-,N,,,,,,,,,,Y,4,0,2,2,B,-,22,,,N,D,C,A,A,E,-,A,D,0,,,,,Y,,J,48,0,0,2,0,0,0,0,0,0,"- ","- ",,,"SAN FRANCISCO","SAN FRANCISCO",-122.3970947265625,37.749248504638672
94503900,2024,2024-12-16,9335,2024-12-11,1735,020999,,3,2,7,3801,0,1,1,,1,081,"I-80 W/B","TREASURE ISLAND RD",300.00,W,N,A,-,Y,SF,,80," ",R,8.269,H,,L,Y,4,0,1,2,A,-,03,22350,,N,C,C,A,A,H,-,C,D,0,,,,,Y,,D,22,0,0,1,0,0,0,0,0,0,"- ","- ",37.814990997314453,-122.35942077636719,"SAN FRANCISCO","SAN FRANCISCO",-122.35952758789062,37.815109252929688
94504233,2024,2025-07-07,9335,2024-03-11,"143 ",023121,,1,3,7,3801,0,1,1,,2,080,"I-80 WESTBOUND","4TH STREET",265.00,E,N,C,-,Y,SF,,80," "," ",5.117,H,,L,N,1,1,0,2,A,-,11,21954,A,F,G,B,E,B,H,-,C,D,0,Y,,,,Y,,N,60,0,0,0,1,0,0,0,0,0,"- ","- ",37.780948638916016,-122.39839172363281,"SAN FRANCISCO","SAN FRANCISCO",-122.39839172363281,37.780952453613281
94504262,2024,2024-12-16,9335,2024-12-13,1850,024128,,5,2,7,3801,0,1,2,,2,014,"US-101 S/B","18TH STREET PEDESTRIAN OVERCROSSING",821.00,S,N,B,-,Y,SF,,101," "," ",3.794,H,,L,N,4,0,1,2,A,-,07,21658,A,N,B,C,A,A,H,-,C,D,0,,,,Y,Y,,G,25,0,0,1,0,0,0,0,0,0,"- ","- ",37.75994873046875,-122.40644073486328,"SAN FRANCISCO","SAN FRANCISCO",-122.40643310546875,37.759952545166016
94506018,2024,2024-12-16,9335,2024-12-09,1430,023592,,1,2,7,3801,0,1,2,,2,013,"US-101 N/B","BAYSHORE BLVD",1267.00,S,N,A,-,Y,SF,,101," "," ",2.697,H,,R,Y,4,0,1,2,A,-,03,22350,,N,C,C,A,A,H,-,A,D,0,,,,,Y,,A,01,0,0,1,0,0,0,0,0,0,"- ","- ",37.744991302490234,-122.40511322021484,"SAN FRANCISCO","SAN FRANCISCO",-122.40503692626953,37.744976043701172
94507452,2024,2024-12-17,9335,2024-12-12,"153 ",023737,,4,3,7,3801,0,1,1,,1,081,"I-80 WESTBOUND","THE EMBARCADERO",2123.00,E,N,B,C,Y,SF,,80," "," ",6.318,H,,L,Y,4,0,1,1,A,-,01,23152,A,N,E,I,A,B,H,-,D,D,0,,,,,Y,Y,A,07,0,0,1,0,0,0,0,0,0,"- ","- ",37.793418884277344,-122.38320922851562,"SAN FRANCISCO","SAN FRANCISCO",-122.38302612304688,37.793292999267578
94507577,2024,2024-12-17,9350,2024-12-05,"515 ",023698,,4,3,7,3801,0,1,3,,2,011,"SR-1 S/B","LAKE STREET",1214.00,N,N,A,-,N,,,,,,,,,,Y,4,0,1,3,A,-,03,22350,,N,C,C,A,A,H,-,B,D,0,,,,,Y,,A,01,0,0,1,0,0,0,0,0,0,"- ","- ",37.789791107177734,-122.47087097167969,"SAN FRANCISCO","SAN FRANCISCO",-122.47114562988281,37.789371490478516
94507848,2024,2024-12-18,9335,2024-12-14,1200,022187,,6,1,7,3801,0,1,1,,2,023,"I-280 N/B","THE CONGDON STREET OVER-CROSSING",464.00,N,N,C,-,Y,SF,,280," ",R,3.319,H,,R,N,4,0,1,1,A,-,08,22107,,N,E,I,A,B,H,-,A,D,0,,,,,Y,,A,07,0,0,1,0,0,0,0,0,0,"- ","- ",37.731449127197266,-122.42447662353516,"SAN FRANCISCO","SAN FRANCISCO",-122.42448425292969,37.731357574462891