CASE_ID,ACCIDENT_YEAR,PROC_DATE,JURIS,COLLISION_DATE,COLLISION_TIME,OFFICER_ID,REPORTING_DISTRICT,DAY_OF_WEEK,CHP_SHIFT,POPULATION,CNTY_CITY_LOC,SPECIAL_COND,BEAT_TYPE,CHP_BEAT_TYPE,CITY_DIVISION_LAPD,CHP_BEAT_CLASS,BEAT_NUMBER,PRIMARY_RD,SECONDARY_RD,DISTANCE,DIRECTION,INTERSECTION,WEATHER_1,WEATHER_2,STATE_HWY_IND,CALTRANS_COUNTY,CALTRANS_DISTRICT,STATE_ROUTE,ROUTE_SUFFIX,POSTMILE_PREFIX,POSTMILE,LOCATION_TYPE,RAMP_INTERSECTION,SIDE_OF_HWY,TOW_AWAY,COLLISION_SEVERITY,NUMBER_KILLED,NUMBER_INJURED,PARTY_COUNT,PRIMARY_COLL_FACTOR,PCF_CODE_OF_VIOL,PCF_VIOL_CATEGORY,PCF_VIOLATION,PCF_VIOL_SUBSECTION,HIT_AND_RUN,TYPE_OF_COLLISION,MVIW,PED_ACTION,ROAD_SURFACE,ROAD_COND_1,ROAD_COND_2,LIGHTING,CONTROL_DEVICE,CHP_ROAD_TYPE,PEDESTRIAN_ACCIDENT,BICYCLE_ACCIDENT,MOTORCYCLE_ACCIDENT,TRUCK_ACCIDENT,NOT_PRIVATE_PROPERTY,ALCOHOL_INVOLVED,STWD_VEHTYPE_AT_FAULT,CHP_VEHTYPE_AT_FAULT,COUNT_SEVERE_INJ,COUNT_VISIBLE_INJ,COUNT_COMPLAINT_PAIN,COUNT_PED_KILLED,COUNT_PED_INJURED,COUNT_BICYCLIST_KILLED,COUNT_BICYCLIST_INJURED,COUNT_MC_KILLED,COUNT_MC_INJURED,PRIMARY_RAMP,SECONDARY_RAMP,LATITUDE,LONGITUDE,COUNTY,CITY,POINT_X,POINT_Y
9450821,2022,2022-06-20,3801,2022-05-08,2155,2315,TENDE,7,5,7,3801,0,0,0,,0,3J12E,"TAYLOR ST","TURK ST",0.00,,Y,A,-,N,,,,,,,,,,N,4,0,1,2,A,-,08,22107,,N,B,G,A,A,-,-,C,A,0,,Y,,,Y,,L,04,0,0,1,0,0,0,1,0,0,"- ","- ",,,"SAN FRANCISCO","SAN FRANCISCO",-122.41078186035156,37.783206939697266
94510283,2024,2024-12-19,9335,2024-12-15,1240,023111,,7,1,7,3801,0,1,1,,2,022,"I-280 S/B","SAN JOSE AVENUE OVERCROSSING",69.00,N,N,A,-,Y,SF,,280," ",R,1.480,H,,L,Y,4,0,1,1,A,-,03,22350,,N,F,A,A,A,H,-,A,D,0,,,Y,,Y,,C,02,0,0,1,0,0,0,0,0,1,"- ","- ",37.718780517578125,-122.44853973388672,"SAN FRANCISCO","SAN FRANCISCO",-122.44853973388672,37.718780517578125
94510440,2024,2024-12-19,9335,2024-12-16,1800,020999,,1,2,7,3801,0,1,1,,2,080,"I-80 W/B","7TH ST",500.00,E,N,C,-,Y,SF,,80," "," ",4.530,H,,L,N,4,0,1,2,A,-,07,21658,A,M,B,C,A,B,H,-,D,D,0,,,,,Y,,A,07,0,0,1,0,0,0,0,0,0,"- ","- ",37.775699615478516,-122.4056396484375,"SAN FRANCISCO","SAN FRANCISCO",-122.40566253662109,37.775718688964844
94510814,2024,2024-12-19,9335,2024-12-17,2312,023044,,2,3,7,3801,0,1,1,,2,080,"I-80 EASTBOUND","16TH STREET",27.00,E,N,A,-,Y,SF,,80," "," ",3.838,H,,R,Y,3,0,2,2,A,-,08,22107,,N,E,8,A,A,H,-,C,D,0,,,,,Y,,A,01,0,1,1,0,0,0,0,0,0,"- ","- ",37.766109466552734,-122.40495300292969,"SAN FRANCISCO","SAN FRANCISCO",-122.40492248535156,37.766109466552734
94511680,2024,2024-12-20,9335,2024-12-14,"525 ",023118,,6,3,7,3801,0,1,2,,2,014,"US-101 S/B","CESAR CHAVEZ STREET",465.00,N,N,C,-,Y,SF,,101," "," ",3.097,H,,L,Y,4,0,1,2,A,-,03,22350,,M,C,C,A,B,H,-,D,D,0,,,,,Y,,A,01,0,0,1,0,0,0,0,0,0,"- ","- ",37.750690460205078,-122.40347290039062,"SAN FRANCISCO","SAN FRANCISCO",-122.40339660644531,37.750675201416016
94512005,2024,2024-12-20,9335,2024-12-14,"430 ",024050,,6,3,7,3801,0,1,2,,2,015,"US-101 S/B","FOLSOM STREET UNDERCROSSING",245.00,S,N,B,C,Y,SF,,101," ",R,4.932,H,,L,Y,4,0,1,1,A,-,01,23152,A,N,E,I,A,B,H,-,C,D,0,,,,,Y,Y,A,01,0,0,1,0,0,0,0,0,0,"- ","- ",37.769561767578125,-122.41462707519531,"SAN FRANCISCO","SAN FRANCISCO",-122.41463470458984,37.769496917724609
94512316,2024,2025-01-10,9335,2024-12-17,1800,024156,,2,2,7,3801,0,1,2,,2,015,"US-101 S/B TO I-80 E/B","BRANNAN ST",125.00,S,N,B,-,Y,SF,,80," "," ",4.162,H,,R,N,3,0,1,2,A,-,03,22350,,N,C,C,A,A,H,-,C,D,0,,,,Y,Y,,F,55,0,1,0,0,0,0,0,0,0,"- ","- ",37.770641326904297,-122.40561676025391,"SAN FRANCISCO","SAN FRANCISCO",-122.40556335449219,37.770660400390625
94512321,2024,2024-12-20,9335,2024-12-18,1630,023595,,3,2,7,3801,0,1,2,,2,013,"I-280 S/B TO US-101 S/B","CORTLAND AVE.",450.00,S,N,A,-,Y,SF,,101," "," ",2.191,H,,L,Y,4,0,1,2,A,-,03,22350,,N,C,C,A,A,H,-,A,D,0,,,,,Y,,A,08,0,0,1,0,0,0,0,0,0,"- ","- ",37.738380432128906,-122.40824890136719,"SAN FRANCISCO","SAN FRANCISCO",-122.40811920166016,37.738391876220703
94512536,2024,2024-12-23,9350,2024-12-16,1810,023944,,1,2,7,3801,0,1,2,,2,010,"SR-1 S/B","LAKE STREET",177.00,N,N,C,-,Y,SF,,1," "," ",5.919,H,,L,Y,4,0,1,1,A,-,03,22350,,N,E,I,A,B,H,-,C,D,0,,,,,Y,,A,07,0,0,1,0,0,0,0,0,0,"- ","- ",37.786899566650391,-122.47254180908203,"SAN FRANCISCO","SAN FRANCISCO",-122.47261810302734,37.786914825439453
94512699,2024,2024-12-23,9335,2024-12-21,"818 ",023111,,6,1,7,3801,0,1,2,,2,014,"US-101 S/B","23RD STREET OVERCROSSING",3200.00,N,N,C,-,Y,SF,,101," "," ",3.376,H,,L,Y,4,0,1,1,A,-,08,22107,,N,E,I,A,B,H,-,A,D,0,,,,,Y,,A,07,0,0,1,0,0,0,0,0,0,"- ","- ",37.754661560058594,-122.40309143066406,"SAN FRANCISCO","SAN FRANCISCO",-122.40315246582031,37.754657745361328
94515692,2024,2024-12-24,9335,2024-12-14,1710,023367,,6,2,7,3801,0,1,2,,2,014,"US-101 N/B","23RD STREET OVER-CROSSING",250.00,S,N,A,-,Y,SF,,101," "," ",3.314,H,,R,Y,4,0,1,2,A,-,03,22350,,N,C,C,A,A,H,-,C,D,0,,,,,Y,,A,01,0,0,1,0,0,0,0,0,0,"- ","- ",37.753761291503906,-122.40296173095703,"SAN FRANCISCO","SAN FRANCISCO",-122.40287017822266,37.753765106201172
94515803,2024,2024-12-24,9335,2024-12-17,1742,023991,,2,2,7,3801,0,1,2,,2,013,"US-101 NB","PAUL AVE",180.00,S,N,B,-,Y,SF,,101," "," ",1.079,H,,R,Y,3,0,1,2,A,-,03,22350,,N,C,C,A,A,H,-,B,D,0,,,,,Y,,A,01,0,1,0,0,0,0,0,0,0,"- ","- ",37.723110198974609,-122.40083312988281,"SAN FRANCISCO","SAN FRANCISCO",-122.40083312988281,37.723110198974609
94517033,2024,2024-12-26,9335,2024-12-21,"645 ",024179,,6,1,7,3801,0,1,2,,2,015,"US-101 N/B","ALAMEDA STREET",42.00,S,N,C,-,Y,SF,,101," ",R,4.405,H,,R,Y,4,0,1,2,A,-,07,21658,A,M,B,C,A,B,H,-,C,D,0,,,,,Y,,A,01,0,0,1,0,0,0,0,0,0,"- ","- ",37.768329620361328,-122.40596008300781,"SAN FRANCISCO","SAN FRANCISCO",-122.40599060058594,37.768302917480469
94517044,2024,2024-12-26,9350,2024-12-23,"730 ",022577,,1,1,7,3801,0,1,2,,2,010,"SR-1 NORTHBOUND TO US-101 NORTHBOUND","US-101 NORTHBOUND",223.00,N,N,B,C,Y,,,,,,,,,,Y,3,0,1,1,A,-,03,22350,,N,E,I,A,B,H,-,A,D,0,,,,,Y,,A,01,0,1,0,0,0,0,0,0,0,"- ","- ",37.804241180419922,-122.47061920166016,"SAN FRANCISCO","SAN FRANCISCO",-122.47599029541016,37.807723999023438
94517342,2024,2024-12-27,9335,2024-12-14,"415 ",023366,,6,3,7,3801,0,1,2,,2,013,US-101,"PAUL AVE",65.00,N,N,B,C,Y,SF,,101," "," ",1.155,H,,R,Y,3,0,2,2,A,-,03,22350,,N,E,8,A,B,H,-,C,D,0,,,,,Y,,A,01,0,2,0,0,0,0,0,0,0,"- ","- ",37.724109649658203,-122.40141296386719,"SAN FRANCISCO","SAN FRANCISCO",-122.40126037597656,37.724147796630859
94520347,2024,2024-12-30,9335,2024-12-21,"805 ",024179,,6,1,7,3801,0,1,1,,2,024,"I-280 S/B FROM KING STREET","BERRY STREET",24.00,N,N,C,-,Y,SF,,280," ",T,7.314,H,,R,Y,4,0,1,3,A,-,03,22350,,N,C,C,A,B,H,-,A,D,0,,,,Y,Y,,A,01,0,0,1,0,0,0,0,0,0,"- ","- ",37.772430419921875,-122.39811706542969,"SAN FRANCISCO","SAN FRANCISCO",-122.39818572998047,37.772380828857422
94522159,2024,2024-12-31,9335,2024-12-29,"755 ",022187,,7,1,7,3801,0,1,2,,2,013,"US-101 N/B","THE PAUL AVENUE UNDER-CROSSING",195.00,N,N,C,-,Y,SF,,101," "," ",1.168,H,,R,Y,3,0,1,1,A,-,08,22107,,N,E,I,A,B,H,-,A,D,0,,,,,Y,,A,01,0,1,0,0,0,0,0,0,0,"- ","- ",37.724300384521484,-122.40148162841797,"SAN FRANCISCO","SAN FRANCISCO",-122.40133666992188,37.724338531494141
94522182,2024,2024-12-31,9335,2024-12-26,1245,023832,,4,1,7,3801,0,1,1,,2,080,"I-80 E/B","BRANNAN STREET UNDERCROSSING",73.00,W,N,B,-,Y,SF,,80," "," ",4.173,H,,R,N,4,0,3,2,A,-,03,22350,,N,C,C,A,B,H,-,A,D,0,,,,,Y,,D,22,0,0,3,0,0,0,0,0,0,"- ","- ",37.770801544189453,-122.40564727783203,"SAN FRANCISCO","SAN FRANCISCO",-122.4056396484375,37.770805358886719
94525187,2024,2025-01-03,9335,2024-12-24,"1   ",024042,,2,3,7,3801,0,1,1,,2,023,"I-280 S/B","LYELL STREET UNDERCROSSING",253.00,N,N,A,-,Y,SF,,280," ",R,2.956,H,,L,Y,4,0,1,1,A,-,08,22107,,N,E,J,A,A,H,-,C,D,0,,,,,Y,,A,01,0,0,1,0,0,0,0,0,0,"- ","- ",37.732471466064453,-122.43094635009766,"SAN FRANCISCO","SAN FRANCISCO",-122.43093872070312,37.732372283935547
94525197,2024,2025-01-03,9335,2024-12-21,1618,023378,,6,2,7,3801,0,1,1,,1,081,"I-80 W/B","THE SFOBB TOWER",200.00,E,N,B,C,Y,SF,,80," ",R,8.358,H,,L,Y,4,0,1,6,A,-,01,23152,A,N,B,C,A,B,H,-,B,D,0,,,,,Y,Y,A,07,0,0,1,0,0,0,0,0,0,"- ","- ",37.815761566162109,-122.35806274414062,"SAN FRANCISCO","SAN FRANCISCO",-122.35818481445312,37.815895080566406
94526054,2024,2025-01-06,9335,2024-12-24,"550 ",023860,,2,3,7,3801,0,1,2,,2,015,"US-101 N/B","10TH STREET UNDERCROSSING",30.00,S,N,C,-,Y,SF,,101," ",R,4.608,H,,R,Y,4,0,2,2,A,-,08,22107,,N,D,C,A,B,H,-,B,D,0,,,,Y,Y,,A,07,0,0,2,0,0,0,0,0,0,"- ","- ",37.769889831542969,-122.40889739990234,"SAN FRANCISCO","SAN FRANCISCO",-122.40888977050781,37.769870758056641
94526055,2024,2025-01-06,9335,2024-12-23,1930,023595,,1,2,7,3801,0,1,2,,2,013,"US-101 N/B","FAITH STREET PEDESTRIAN OVERCROSSING",60.00,S,N,B,-,Y,SF,,101," "," ",2.602,H,,R,N,4,0,2,3,A,-,03,22350,,N,C,C,A,A,H,-,D,D,0,,,,Y,Y,,A,01,0,0,2,0,0,0,0,0,0,"- ","- ",37.743751525878906,-122.40576934814453,"SAN FRANCISCO","SAN FRANCISCO",-122.40574645996094,37.743740081787109
94526266,2024,2025-01-06,9335,2024-12-22,"315 ",023654,,7,3,7,3801,0,1,1,,1,083,"I-80 EASTBOUND","THE EMBARCARDO UNDERCROSSING",7920.00,E,N,B,-,Y,SF,,80," "," ",7.439,H,,R,Y,4,0,3,8,A,-,01,23152,A,N,C,C,A,B,H,-,C,D,0,,,,,Y,Y,D,22,0,0,3,0,0,0,0,0,0,"- ","- ",37.805938720703125,-122.36974334716797,"SAN FRANCISCO","SAN FRANCISCO",-122.36951446533203,37.8057861328125
94526299,2024,2025-01-06,9335,2024-12-29,"951 ",023111,,7,1,7,3801,0,1,2,,2,014,"US-101 S/B","CESAR CHAVESZ STREET UNDERCROSSING",364.00,N,N,B,-,Y,SF,,101," "," ",3.078,H,,L,Y,4,0,1,2,A,-,03,22350,,N,C,2,A,B,H,-,A,D,0,,,,,Y,,A,01,0,0,1,0,0,0,0,0,0,"- ","- ",37.750431060791016,-122.40355682373047,"SAN FRANCISCO","SAN FRANCISCO",-122.40348052978516,37.750411987304688
94526360,2024,2025-01-06,9335,2024-12-29,"952 ",024179,,7,1,7,3801,0,1,2,,2,014,"US-101 S/B","CESAR CHAVEZ STREET",450.00,N,N,C,-,Y,SF,,101," "," ",3.094,H,,L,N,4,0,1,2,A,-,04,21703,,N,C,C,A,B,H,-,A,D,0,,,,,Y,,A,01,0,0,1,0,0,0,0,0,0,"- ","- ",37.750648498535156,-122.40348815917969,"SAN FRANCISCO","SAN FRANCISCO",-122.40341186523438,37.750633239746094
94527256,2024,2025-01-06,9335,2024-12-30,1815,023592,,1,2,7,3801,0,1,2,,2,015,"US-101 S/B","BRYANT ST.",35.00,S,N,A,-,Y,SF,,101," ",R,4.719,H,,L,N,4,0,1,2,A,-,03,22350,,N,C,C,A,A,H,-,C,D,0,,,,,Y,,A,07,0,0,1,0,0,0,0,0,0,"- ","- ",37.769309997558594,-122.4107666015625,"SAN FRANCISCO","SAN FRANCISCO",-122.4107666015625,37.769309997558594
9453124,2022,2022-06-17,3801,2022-05-04,1748,812,BAYVI,3,5,7,3801,0,0,0,,0,003,"3RD ST","25TH ST",0.00,,Y,A,-,N,,,,,,,,,,N,4,0,1,2,A,-,08,22107,,M,B,C,A,A,H,-,A,D,0,,,,,Y,,D,22,0,0,1,0,0,0,0,0,0,"- ","- ",,,"SAN FRANCISCO","SAN FRANCISCO",-122.38787841796875,37.752838134765625
9453128,2022,2022-06-14,3801,2022-04-29,1419,2450,INGLE,5,5,7,3801,0,0,0,,0,3H3C,"SAN JOSE AV","ALEMANY BL",105.00,N,N,A,-,N,,,,,,,,,,N,4,0,1,2,B,-,22,,,N,C,-,A,A,H,-,A,D,0,,,,,Y,,D,22,0,0,1,0,0,0,0,0,0,"- ","- ",,,"SAN FRANCISCO","SAN FRANCISCO",-122.45687866210938,37.710296630859375
9453131,2022,2022-12-20,3801,2022-05-11,0952,796,NORTH,3,5,7,3801,0,0,0,,0,3E15A,"GREEN ST","STEINER ST",0.00,,Y,A,-,N,,,,,,,,,,N,1,1,0,2,A,-,10,21950,A,N,G,B,B,A,H,-,A,A,0,Y,,,,Y,,D,22,0,0,0,1,0,0,0,0,0,"- ","- ",,,"SAN FRANCISCO","SAN FRANCISCO",-122.43695068359375,37.795951843261719
9453132,2022,2022-06-22,3801,2022-04-29,1616,1823,SOUTH,5,5,7,3801,0,0,0,,0,004,"8TH ST","NATOMA ST",0.00,,Y,A,-,N,,,,,,,,,,N,4,0,1,2,A,-,10,21950,A,N,D,B,B,A,H,-,A,A,0,Y,,,,Y,,D,22,0,0,1,0,1,0,0,0,0,"- ","- ",,,"SAN FRANCISCO","SAN FRANCISCO",-122.41213226318359,37.776664733886719
9453135,2022,2022-06-22,3801,2022-05-13,0749,2713,TARAV,5,5,7,3801,0,0,0,,0,4CAR,"WEST PORTAL AV","ULLOA ST",132.00,S,N,A,-,N,,,,,,,,,,N,4,0,1,2,A,-,11,21954,A,N,G,B,E,A,H,-,A,D,0,Y,,,,Y,,N,60,0,0,1,0,1,0,0,0,0,"- ","- ",,,"SAN FRANCISCO","SAN FRANCISCO",-122.466064453125,37.740619659423828
9453136,2022,2022-07-13,3801,2022-04-28,0819,2713,TARAV,4,5,7,3801,0,0,0,,0,5CAR,"JUNIPERO SERRA BL","19TH AV",0.00,,Y,A,-,Y,SF,4,1,-,R,0.680,I,5,N,N,4,0,1,2,A,-,08,22107,,N,D,C,A,A,H,-,A,A,0,,,,,Y,,A,01,0,0,1,0,0,0,0,0,0,"- ","- ",,,"SAN FRANCISCO","SAN FRANCISCO",-122.47254943847656,37.717258453369141
9453139,2022,2022-06-16,3801,2022-05-15,2148,2433,SOUTH,7,5,7,3801,0,0,0,,0,3B14E,"10TH ST","HARRISON ST",0.00,,Y,A,-,N,,,,,,,,,,Y,4,0,1,2,A,-,12,21453,A,N,D,C,A,A,H,-,C,A,0,,,,,Y,,D,22,0,0,1,0,0,0,0,0,0,"- ","- ",,,"SAN FRANCISCO","SAN FRANCISCO",-122.41124725341797,37.771595001220703
9453140,2022,2022-06-22,3801,2022-04-29,1507,709,BAYVI,5,5,7,3801,0,0,0,,0,3C15D,"VAN DYKE AV","LANE ST",15.00,E,N,A,-,N,,,,,,,,,,N,4,0,1,2,A,-,08,22107,,F,B,-,A,A,H,-,A,D,0,,,,,Y,,M,94,0,0,1,0,0,0,0,0,0,"- ","- ",,,"SAN FRANCISCO","SAN FRANCISCO",-122.39238739013672,37.729114532470703
9453144,2022,2022-06-17,3801,2022-05-10,1430,2743,SOUTH,2,5,7,3801,0,0,0,,0,3B3,"BRYANT ST","BOARDMAN PL",20.00,E,N,A,-,N,,,,,,,,,,N,3,0,1,2,A,-,11,21950,B,N,G,B,B,A,H,-,A,A,0,Y,,,,Y,,N,60,0,1,0,0,1,0,0,0,0,"- ","- ",,,"SAN FRANCISCO","SAN FRANCISCO",-122.40357208251953,37.77520751953125
9453151,2022,2022-06-16,3801,2022-05-23,1432,327,MISSI,1,5,7,3801,0,0,0,,0,3D16C,"HAMPSHIRE ST","19TH ST",0.00,,Y,A,-,N,,,,,,,,,,N,3,0,1,2,A,-,10,21950,A,N,A,B,D,A,H,-,A,A,0,Y,,,,Y,,D,22,0,1,0,0,1,0,0,0,0,"- ","- ",,,"SAN FRANCISCO","SAN FRANCISCO",-122.40805053710938,37.760608673095703
9453155,2022,2022-06-22,3801,2022-05-15,0855,610,MISSI,7,5,7,3801,0,0,0,,0,3D11A,"GUERRERO ST","24TH ST",0.00,,Y,A,-,N,,,,,,,,,,Y,4,0,4,3,A,-,12,21453,A,N,D,C,A,A,H,-,A,A,0,,,,,Y,,A,01,0,0,4,0,0,0,0,0,0,"- ","- ",,,"SAN FRANCISCO","SAN FRANCISCO",-122.42286682128906,37.752002716064453
9453160,2022,2022-06-16,3801,2022-05-05,1235,4356,INGLE,4,5,7,3801,0,0,0,,0,3H15A,"RUSSIA AV","MOSCOW ST",0.00,,Y,A,-,N,,,,,,,,,,Y,3,0,2,2,D,-,00,,,N,D,C,A,A,H,-,A,A,0,,,,,Y,,-,"- ",0,2,0,0,0,0,0,0,0,"- ","- ",,,"SAN FRANCISCO","SAN FRANCISCO",-122.42997741699219,37.718135833740234
9453164,2022,2022-06-22,3801,2022-05-10,1250,2494,MISSI,2,5,7,3801,0,0,0,,0,3D45C,"15TH ST","MISSION ST",37.00,E,N,A,-,N,,,,,,,,,,N,3,0,1,2,A,-,06,21760,B,F,B,G,A,A,H,-,A,D,0,,Y,,Y,Y,,F,26,0,1,0,0,0,0,1,0,0,"- ","- ",,,"SAN FRANCISCO","SAN FRANCISCO",-122.41969299316406,37.766681671142578
9453171,2022,2022-10-31,3801,2022-05-27,0725,2461,SOUTH,5,5,7,3801,0,0,0,,0,3B13A,"THE EMBARCADERO","THE EMBARCADERO 675",0.00,,N,A,-,N,,,,,,,,,,N,3,0,1,2,B,-,22,,,N,H,A,A,A,H,-,A,A,0,,Y,,,Y,,L,04,0,1,0,0,0,0,1,0,0,"- ","- ",,,"SAN FRANCISCO","SAN FRANCISCO",-122.38925933837891,37.780281066894531
9453172,2022,2022-07-05,3801,2022-03-30,1502,1422,TRAFF,3,5,7,3801,0,0,0,,0,,"8TH ST","BRYANT ST",232.00,N,N,A,-,N,,,,,,,,,,N,3,0,1,2,A,-,08,22107,,N,D,C,A,A,H,-,A,A,0,,,,,Y,,D,22,0,1,0,0,0,0,0,0,0,"- ","- ",,,"SAN FRANCISCO","SAN FRANCISCO",-122.40753936767578,37.772968292236328
94532320,2024,2025-01-10,9335,2024-12-30,2135,024042,,1,2,7,3801,0,1,1,,2,021,"I-280 N/B","JUNIPERO SERRA BOULEVARD OVERCROSSING",983.00,N,N,A,-,Y,SM,,280," ",R,26.697,H,,R,Y,3,0,1,2,A,-,08,22107,,N,B,C,A,A,H,-,C,D,0,,,Y,,Y,,C,02,0,1,0,0,0,0,0,0,1,"- ","- ",37.698398590087891,-122.47135162353516,"SAN FRANCISCO","SAN FRANCISCO",-122.47132873535156,37.698402404785156
94533487,2025,2025-01-10,9335,2025-01-01,"855 ",018804,,3,1,7,3801,0,1,1,,1,083,"I-80 E/B","TREASURE ISLAND RD.",2810.00,W,N,A,-,Y,SF,,80," "," ",7.112,H,,R,N,3,0,2,2,A,-,03,22350,,N,C,C,A,A,H,-,C,D,0,,,,,Y,,A,01,0,2,0,0,0,0,0,0,0,"- ","- ",37.802219390869141,-122.37358093261719,"SAN FRANCISCO","SAN FRANCISCO",-122.37342834472656,37.802120208740234
94534058,2024,2025-01-13,9335,2024-12-31,"130 ",023603,,2,3,7,3801,0,1,1,,1,083,"I-80 E/B","TREASURE ISLAND ROAD",345.00,W,N,A,-,Y,SF,,80," "," ",7.656,H,,R,Y,4,0,2,3,A,-,03,22350,,N,C,C,A,A,H,-,C,D,0,,,,,Y,,A,01,0,0,2,0,0,0,0,0,0,"- ","- ",37.808250427246094,-122.36696624755859,"SAN FRANCISCO","SAN FRANCISCO",-122.36698150634766,37.808258056640625
9453787,2022,2022-07-28,3801,2022-06-02,1552,707,TRAFF,4,5,7,3801,0,0,0,,0,901,"ELLIS ST","CYRIL MAGNIN ST",0.00,,Y,A,-,N,,,,,,,,,,Y,2,0,1,2,A,-,12,21453,A,N,D,C,A,A,H,-,-,A,0,,,Y,Y,Y,,C,03,1,0,0,0,0,0,0,0,1,"- ","- ",,,"SAN FRANCISCO","SAN FRANCISCO",-122.40866088867188,37.785427093505859
9453791,2022,2022-07-19,3801,2022-06-23,0901,1210,TARAV,4,5,7,3801,0,0,0,,0,0I1,"8TH AV","8TH AV 1327",0.00,,N,A,-,N,,,,,,,,,,N,4,0,1,2,A,-,06,21755,A,N,B,C,A,A,H,-,A,D,0,,,,Y,Y,,A,01,0,0,1,0,0,0,0,0,0,"- ","- ",,,"SAN FRANCISCO","SAN FRANCISCO",-121.00348663330078,40.311603546142578
9453794,2022,2022-07-19,3801,2022-06-11,0007,1688,BAYVI,6,5,7,3801,0,0,0,,0,3C12E,"PAUL AV","EXETER ST",115.00,E,N,A,-,N,,,,,,,,,,Y,4,0,2,2,A,-,03,22350,,N,C,E,A,A,H,-,C,D,0,,,,Y,Y,,A,01,0,0,2,0,0,0,0,0,0,"- ","- ",,,"SAN FRANCISCO","SAN FRANCISCO",-122.39798736572266,37.722930908203125
9453797,2022,2022-07-13,3801,2022-06-26,1646,2008,MISSI,7,5,7,3801,0,0,0,,0,3D15D,"JULIAN AV","16TH ST",30.00,N,N,A,-,N,,,,,,,,,,N,4,0,1,2,A,-,11,21954,A,F,G,B,D,A,H,-,A,D,0,Y,,,,Y,,N,60,0,0,1,0,1,0,0,0,0,"- ","- ",,,"SAN FRANCISCO","SAN FRANCISCO",-122.42090606689453,37.765052795410156
9453801,2022,2022-09-07,3801,2022-06-26,1613,2704,SOUTH,7,5,7,3801,0,0,0,,0,,"MISSION ST","11TH ST",280.00,W,N,A,-,N,,,,,,,,,,Y,4,0,1,2,A,-,17,22517,,N,B,E,A,A,H,-,A,D,0,,,,,Y,Y,A,01,0,0,1,0,0,0,0,0,0,"- ","- ",,,"SAN FRANCISCO","SAN FRANCISCO",-122.41776275634766,37.773773193359375
9453810,2022,2022-07-13,3801,2022-06-17,1306,2400,BAYVI,5,5,7,3801,0,0,0,,0,2-CAR,"NEWHALL ST","MCKINNON AV",93.00,N,N,A,-,N,,,,,,,,,,N,4,0,1,3,A,-,03,22350,,F,A,E,A,A,H,-,A,D,0,,,,,Y,,A,01,0,0,1,0,0,0,0,0,0,"- ","- ",,,"SAN FRANCISCO","SAN FRANCISCO",-122.39091491699219,37.737106323242188
9453814,2022,2022-07-19,3801,2022-06-14,1310,1124,TENDE,2,5,7,3801,0,0,0,,0,2CAR,"MARKET ST","MASON ST",0.00,,Y,A,-,N,,,,,,,,,,Y,3,0,1,2,A,-,08,22107,,N,D,C,A,-,H,-,A,A,0,,,Y,,Y,,C,02,0,1,0,0,0,0,0,0,1,"- ","- ",,,"SAN FRANCISCO","SAN FRANCISCO",-122.40908050537109,37.783233642578125
9453821,2022,2022-07-20,3801,2022-03-29,0547,50,TENDE,2,5,7,3801,0,0,0,,0,003,"LARKIN ST","TURK ST",150.00,N,N,A,-,N,,,,,,,,,,Y,4,0,1,2,A,-,01,23152,F,N,H,C,A,A,H,-,C,D,0,,,,,Y,,D,23,0,0,1,0,0,0,0,0,0,"- ","- ",,,"SAN FRANCISCO","SAN FRANCISCO",-122.41741943359375,37.782787322998047
9453825,2022,2022-07-14,3801,2022-05-17,0736,1339,NORTH,2,5,7,3801,0,0,0,,0,,"GOUGH ST","PAGE ST",0.00,,Y,A,-,N,,,,,,,,,,N,3,0,1,2,A,-,12,21453,A,N,D,G,A,A,H,-,A,A,0,,Y,,,Y,,L,04,0,1,0,0,0,0,1,0,0,"- ","- ",,,"SAN FRANCISCO","SAN FRANCISCO",-122.42240905761719,37.774070739746094
9453829,2022,2022-07-19,3801,2022-06-09,2228,2740,TARAV,4,5,7,3801,0,0,0,,0,3I16E,"GRAFTON AV","CAPITOL AV",0.00,,Y,A,-,N,,,,,,,,,,N,2,0,1,2,A,-,11,21954,A,N,D,J,A,A,H,-,C,A,0,,,,,Y,Y,-,,1,0,0,0,0,0,0,0,0,"- ","- ",,,"SAN FRANCISCO","SAN FRANCISCO",-122.45921325683594,37.720016479492188