CASE_ID,ACCIDENT_YEAR,PROC_DATE,JURIS,COLLISION_DATE,COLLISION_TIME,OFFICER_ID,REPORTING_DISTRICT,DAY_OF_WEEK,CHP_SHIFT,POPULATION,CNTY_CITY_LOC,SPECIAL_COND,BEAT_TYPE,CHP_BEAT_TYPE,CITY_DIVISION_LAPD,CHP_BEAT_CLASS,BEAT_NUMBER,PRIMARY_RD,SECONDARY_RD,DISTANCE,DIRECTION,INTERSECTION,WEATHER_1,WEATHER_2,STATE_HWY_IND,CALTRANS_COUNTY,CALTRANS_DISTRICT,STATE_ROUTE,ROUTE_SUFFIX,POSTMILE_PREFIX,POSTMILE,LOCATION_TYPE,RAMP_INTERSECTION,SIDE_OF_HWY,TOW_AWAY,COLLISION_SEVERITY,NUMBER_KILLED,NUMBER_INJURED,PARTY_COUNT,PRIMARY_COLL_FACTOR,PCF_CODE_OF_VIOL,PCF_VIOL_CATEGORY,PCF_VIOLATION,PCF_VIOL_SUBSECTION,HIT_AND_RUN,TYPE_OF_COLLISION,MVIW,PED_ACTION,ROAD_SURFACE,ROAD_COND_1,ROAD_COND_2,LIGHTING,CONTROL_DEVICE,CHP_ROAD_TYPE,PEDESTRIAN_ACCIDENT,BICYCLE_ACCIDENT,MOTORCYCLE_ACCIDENT,TRUCK_ACCIDENT,NOT_PRIVATE_PROPERTY,ALCOHOL_INVOLVED,STWD_VEHTYPE_AT_FAULT,CHP_VEHTYPE_AT_FAULT,COUNT_SEVERE_INJ,COUNT_VISIBLE_INJ,COUNT_COMPLAINT_PAIN,COUNT_PED_KILLED,COUNT_PED_INJURED,COUNT_BICYCLIST_KILLED,COUNT_BICYCLIST_INJURED,COUNT_MC_KILLED,COUNT_MC_INJURED,PRIMARY_RAMP,SECONDARY_RAMP,LATITUDE,LONGITUDE,COUNTY,CITY,POINT_X,POINT_Y
9454043,2022,2022-07-15,3801,2022-06-03,1449,2420,TARAV,5,5,7,3801,0,0,0,,0,031,"OCEAN AV","JULES AV",0.00,,Y,A,-,N,,,,,,,,,,N,4,0,1,2,A,-,08,22100,B,N,D,C,A,A,H,-,A,A,0,,,,,Y,,A,01,0,0,1,0,0,0,0,0,0,"- ","- ",,,"SAN FRANCISCO","SAN FRANCISCO",-122.46123504638672,37.724948883056641
9454045,2022,2022-07-15,3801,2022-06-03,1012,2262,TARAV,5,5,7,3801,0,0,0,,0,3I5A,"JUNIPERO SERRA BL","OCEAN AV",20.00,S,N,C,-,N,,,,,,,,,,Y,3,0,1,1,A,-,03,22350,,N,H,J,A,B,H,-,-,A,0,,,Y,,Y,,C,03,0,1,0,0,0,0,0,0,1,"- ","- ",,,"SAN FRANCISCO","SAN FRANCISCO",-122.47214508056641,37.731143951416016
9454046,2022,2022-07-15,3801,2022-06-03,1504,677,SOUTH,5,5,7,3801,0,0,0,,0,3B12D,"FOLSOM ST","5TH ST",0.00,,Y,A,-,N,,,,,,,,,,N,3,0,1,2,A,-,12,21453,,N,D,J,A,A,H,-,A,A,0,,,,,Y,,M,94,0,1,0,0,0,0,0,0,0,"- ","- ",,,"SAN FRANCISCO","SAN FRANCISCO",-122.40340423583984,37.7802734375
9454048,2022,2022-07-15,3801,2022-06-02,1557,4187,NORTH,4,5,7,3801,0,0,0,,0,3E13D,"GEARY ST","POLK ST",0.00,,Y,A,-,N,,,,,,,,,,N,3,0,1,2,A,-,12,21453,A,N,D,C,A,A,H,-,A,A,0,,,,,Y,,M,94,0,1,0,0,0,0,0,0,0,"- ","- ",,,"SAN FRANCISCO","SAN FRANCISCO",-122.41973876953125,37.785896301269531
9454049,2022,2022-07-15,3801,2022-06-03,2301,221,RICHM,5,5,7,3801,0,0,0,,0,3GT2E,"GEARY BL","SPRUCE ST",0.00,,Y,A,-,N,,,,,,,,,,Y,4,0,3,2,A,-,"- ",,,N,D,C,A,A,-,-,C,A,0,,,,,Y,,-,"- ",0,0,3,0,0,0,0,0,0,"- ","- ",,,"SAN FRANCISCO","SAN FRANCISCO",-122.45317840576172,37.781791687011719
9454050,2022,2022-07-15,3801,2022-06-04,1059,1557,TARAV,6,5,7,3801,0,0,0,,0,3I16A,"DEWEY BL","TARAVAL ST",0.00,,Y,A,-,N,,,,,,,,,,N,4,0,1,2,A,-,03,22350,,N,C,C,A,A,H,-,A,D,0,,,,,Y,,A,01,0,0,1,0,0,0,0,0,0,"- ","- ",,,"SAN FRANCISCO","SAN FRANCISCO",-122.4637451171875,37.743812561035156
9454051,2022,2022-08-09,3801,2022-06-03,1722,LO2359,TARAV,5,5,7,3801,0,0,0,,0,0I6,"JUNIPERO SERRA BL","ALEMANY BL",226.00,S,N,A,-,N,,,,,,,,,,Y,4,0,5,2,A,-,03,22350,,F,D,C,A,A,H,-,A,D,0,,,,,Y,,A,01,0,0,5,0,0,0,0,0,0,"- ","- ",,,"SAN FRANCISCO","SAN FRANCISCO",-122.47073364257812,37.709918975830078
9454052,2022,2022-07-15,3801,2022-06-04,1806,709,BAYVI,6,5,7,3801,0,0,0,,0,3C14D,"3RD ST","HUDSON AV",0.00,,Y,A,-,N,,,,,,,,,,Y,4,0,1,2,A,-,12,21453,A,F,B,C,A,A,H,-,A,A,0,,,,,Y,,A,01,0,0,1,0,0,0,0,0,0,"- ","- ",,,"SAN FRANCISCO","SAN FRANCISCO",-122.38883209228516,37.740383148193359
9454053,2022,2022-07-15,3801,2022-06-04,0009,1718,BAYVI,6,5,7,3801,0,0,0,,0,3C15E,"3RD ST","WALLACE AV",0.00,,Y,A,-,N,,,,,,,,,,Y,4,0,2,2,A,-,08,22101,D,N,D,C,A,A,H,-,C,A,0,,,,,Y,,A,01,0,0,2,0,0,0,0,0,0,SO,"- ",,,"SAN FRANCISCO","SAN FRANCISCO",-122.39299774169922,37.728530883789062
9454054,2022,2022-07-15,3801,2022-06-03,1112,1157,BAYVI,5,5,7,3801,0,0,0,,0,3C13A,"MARIN ST","BAYSHORE BL",30.00,E,N,A,-,N,,,,,,,,,,N,4,0,2,2,A,-,21,22106,,N,D,C,A,A,H,-,A,A,0,,,,,Y,,A,01,0,0,2,0,0,0,0,0,0,"- ","- ",,,"SAN FRANCISCO","SAN FRANCISCO",-122.40341949462891,37.748130798339844
9454055,2022,2022-07-15,3801,2022-06-03,1229,231,BAYVI,5,5,7,3801,0,0,0,,0,901,"OAKDALE AV","LANE ST",360.00,W,N,A,-,N,,,,,,,,,,N,3,0,1,3,A,-,03,22350,,F,B,E,F,A,H,-,A,D,0,Y,,,,Y,,A,01,0,1,0,0,1,0,0,0,0,"- ","- ",,,"SAN FRANCISCO","SAN FRANCISCO",-122.38950347900391,37.734123229980469
9454057,2022,2022-07-15,3801,2022-05-31,1651,309,TARAV,2,5,7,3801,0,0,0,,0,3I13D,"BROTHERHOOD WY","LAKE MERCED BL",0.00,,Y,A,-,N,,,,,,,,,,N,4,0,1,2,A,-,04,21703,,N,C,-,A,A,H,-,A,A,0,,,,,Y,,A,01,0,0,1,0,0,0,0,0,0,"- ","- ",,,"SAN FRANCISCO","SAN FRANCISCO",-122.48523712158203,37.714717864990234
9454058,2022,2022-07-15,3801,2022-06-06,1403,1160,SOUTH,1,5,7,3801,0,0,0,,0,0B4,"9TH ST","TEHAMA ST",52.00,S,N,A,-,N,,,,,,,,,,Y,4,0,1,3,A,-,03,22350,,F,C,C,A,A,H,-,A,D,0,,,,,Y,,-,"- ",0,0,1,0,0,0,0,0,0,"- ","- ",,,"SAN FRANCISCO","SAN FRANCISCO",-122.41249084472656,37.774448394775391
9454059,2022,2022-07-15,3801,2022-06-07,2259,2733,SOUTH,2,5,7,3801,0,0,0,,0,0B4,"MARKET ST","GOUGH ST",0.00,,Y,A,-,N,,,,,,,,,,Y,4,0,1,2,A,-,12,21453,A,N,D,C,A,A,H,-,C,A,0,,,,,Y,,A,01,0,0,1,0,0,0,0,0,0,"- ","- ",,,"SAN FRANCISCO","SAN FRANCISCO",-122.42221069335938,37.772872924804688
9454060,2022,2022-07-15,3801,2022-06-07,0854,50,TENDE,2,5,7,3801,0,0,0,,0,,"CHARLES J BRENHAM ST","MARKET ST",60.00,N,N,A,-,N,,,,,,,,,,N,3,0,1,2,A,-,00,21655,1,F,A,G,A,A,H,-,A,D,0,,Y,,,Y,Y,A,07,0,1,0,0,0,0,1,0,0,"- ","- ",,,"SAN FRANCISCO","SAN FRANCISCO",-122.41265106201172,37.780601501464844
9454101,2022,2022-07-14,3801,2022-06-01,1254,1557,TARAV,3,5,7,3801,0,0,0,,0,3II3A,"38TH AV","LAWTON ST",0.00,,Y,A,-,N,,,,,,,,,,N,4,0,1,2,A,-,12,22450,A,N,D,C,A,A,H,-,A,D,0,,,,,Y,,A,01,0,0,1,0,0,0,0,0,0,"- ","- ",,,"SAN FRANCISCO","SAN FRANCISCO",-122.49710083007812,37.757080078125
9454105,2022,2022-07-14,3801,2022-06-07,1410,156,BAYVI,2,5,7,3801,0,0,0,,0,3C60,"19TH ST","WISCONSIN ST",0.00,,Y,A,-,N,,,,,,,,,,Y,4,0,1,1,A,-,15,26453,,N,E,-,A,A,H,-,A,D,0,,,,,Y,,A,01,0,0,1,0,0,0,0,0,0,"- ","- ",,,"SAN FRANCISCO","SAN FRANCISCO",-122.3992919921875,37.761138916015625
9454108,2022,2022-07-14,3801,2022-06-02,1605,2735,BAYVI,4,5,7,3801,0,0,0,,0,3C11D,"ILLINOIS ST","23RD ST",0.00,,Y,A,-,N,,,,,,,,,,N,4,0,1,2,A,-,09,21802,A,N,D,C,A,A,H,-,A,A,0,,,,,Y,,A,01,0,0,1,0,0,0,0,0,0,"- ","- ",,,"SAN FRANCISCO","SAN FRANCISCO",-122.38709259033203,37.75543212890625
9454115,2022,2022-07-14,3801,2022-06-19,0113,255,INGLE,7,5,7,3801,0,0,0,,0,3H11E,"28TH ST","CASTRO ST",50.00,W,N,A,-,N,,,,,,,,,,Y,3,0,1,3,A,-,01,23152,A,N,B,E,A,A,H,-,C,D,0,,,,,Y,Y,A,01,0,1,0,0,0,0,0,0,0,"- ","- ",,,"SAN FRANCISCO","SAN FRANCISCO",-122.43363189697266,37.744869232177734
9454161,2022,2022-07-13,3801,2022-04-27,1523,1147,TENDE,3,5,7,3801,0,0,0,,0,3J13D,"EDDY ST","LEAVENWORTH ST",40.00,W,N,A,-,N,,,,,,,,,,N,4,0,1,2,A,-,06,21750,A,N,B,C,A,A,H,-,A,D,0,,,,,Y,,A,01,0,0,1,0,0,0,0,0,0,"- ","- ",,,"SAN FRANCISCO","SAN FRANCISCO",-122.41437530517578,37.783710479736328
9454162,2022,2022-07-13,3801,2022-04-24,1041,2402,TARAV,7,5,7,3801,0,0,0,,0,3I15A,"LINCOLN WY","37TH AV",0.00,,Y,A,-,N,,,,,,,,,,N,4,0,1,2,A,-,12,21453,A,N,D,C,A,A,H,-,A,A,0,,,,,Y,,A,07,0,0,1,0,0,0,0,0,0,"- ","- ",,,"SAN FRANCISCO","SAN FRANCISCO",-122.49653625488281,37.764602661132812
9454163,2022,2022-07-13,3801,2022-04-20,1455,1826,CENTR,3,5,7,3801,0,0,0,,0,3A13C,"COLOMBUS AV","NORTH POINT ST",0.00,,Y,A,-,N,,,,,,,,,,N,3,0,1,2,A,-,09,21801,A,N,B,G,A,A,H,-,A,A,0,,Y,Y,,Y,,C,03,0,1,0,0,0,0,1,0,0,"- ","- ",,,"SAN FRANCISCO","SAN FRANCISCO",-122.41836547851562,37.805976867675781
9454164,2022,2022-07-19,3801,2022-04-19,1300,4267,TARAV,2,5,7,3801,0,0,0,,0,3I16A,"ALEMANY BL","SAINT CHARLES AV",0.00,,Y,A,-,N,,,,,,,,,,N,3,0,1,2,A,-,09,21802,,N,D,J,A,A,H,-,A,A,0,,Y,,,Y,,A,01,0,1,0,0,0,0,1,0,0,"- ","- ",,,"SAN FRANCISCO","SAN FRANCISCO",-122.46935272216797,37.710700988769531
9454181,2022,2022-07-20,3801,2022-05-25,0455,2088,IMGLE,3,5,7,3801,0,0,0,,0,3H12C,"MISSION ST","AVALON AV",40.00,S,N,A,-,N,,,,,,,,,,N,3,0,2,3,A,-,03,22350,,F,C,C,A,A,H,-,C,A,0,,,Y,,Y,,A,01,0,1,1,0,0,0,0,0,1,"- ","- ",,,"SAN FRANCISCO","SAN FRANCISCO",-122.43243408203125,37.727638244628906
9454182,2022,2022-07-12,3801,2022-05-19,1001,2466,RICHM,4,5,7,3801,0,0,0,,0,001,"PARK PRESIDIO","CROSSOVER DR",0.00,,Y,A,-,N,,,,,,,,,,Y,4,0,2,3,A,-,03,22350,,N,-,C,A,A,H,-,A,A,0,,,,,Y,,-,"- ",0,0,2,0,0,0,0,0,0,"- ","- ",,,"SAN FRANCISCO","SAN FRANCISCO",-122.47945404052734,37.771183013916016
9454183,2022,2022-07-12,3801,2022-05-29,2254,4027,MISSI,7,5,7,3801,0,0,0,,0,3D6E,"13TH ST","SOUTH VAN NESS AV",0.00,,Y,A,-,N,,,,,,,,,,Y,4,0,1,2,A,-,09,21800,D,N,D,C,A,A,H,-,D,B,0,,,,,Y,,A,01,0,0,1,0,0,0,0,0,0,"- ","- ",,,"SAN FRANCISCO","SAN FRANCISCO",-122.41777801513672,37.7696533203125
9454184,2022,2022-07-11,3801,2022-05-29,1016,2162,SOUTH,7,5,7,3801,0,0,0,,0,3B4A,"MISSION ST","9TH ST",0.00,,Y,A,-,N,,,,,,,,,,N,3,0,1,2,A,-,03,22350,,F,D,J,A,A,H,-,A,A,0,,Y,,,Y,,L,04,0,1,0,0,0,0,0,0,0,"- ","- ",,,"SAN FRANCISCO","SAN FRANCISCO",-122.41471862792969,37.776241302490234
9454186,2022,2022-07-25,3801,2022-05-28,2045,307,INGLE,6,5,7,3801,0,0,0,,0,3H15D,"OCEAN AV","ALEMANY BL",0.00,,Y,A,-,N,,,,,,,,,,Y,4,0,1,2,A,-,09,21801,A,N,-,-,A,A,H,-,C,-,0,,,,,Y,,-,,0,0,1,0,0,0,0,0,0,"- ","- ",,,"SAN FRANCISCO","SAN FRANCISCO",-122.43753814697266,37.723697662353516
9454187,2022,2022-07-12,3801,2022-05-31,0836,1512,BAYVI,2,5,7,3801,0,0,0,,0,0C2,"PALOU AV","PHELPS ST",169.00,E,N,A,-,N,,,,,,,,,,Y,4,0,1,4,A,-,06,21755,,N,B,C,A,A,H,-,A,D,0,,,,,Y,,A,01,0,0,1,0,0,0,0,0,0,"- ","- ",,,"SAN FRANCISCO","SAN FRANCISCO",-122.39417266845703,37.735828399658203
9454188,2022,2022-08-11,3801,2022-05-19,1750,1950,RICHM,4,5,7,3801,0,0,0,,0,3G5,"BALBOA ST","42ND AV",0.00,,Y,A,-,N,,,,,,,,,,N,4,0,1,2,A,-,09,21800,A,N,D,C,A,A,H,-,A,A,0,,,,,Y,,A,07,0,0,1,0,0,0,0,0,0,"- ","- ",,,"SAN FRANCISCO","SAN FRANCISCO",-122.50270080566406,37.775482177734375
9454190,2022,2022-07-11,3801,2022-05-19,1950,2359,TARVA,4,5,7,3801,0,0,0,,0,013,"SANTIAGO ST","45TH AV",0.00,,Y,A,-,N,,,,,,,,,,Y,3,0,1,2,A,-,09,21800,A,N,D,C,A,A,H,-,A,D,0,,,,,Y,,A,01,0,1,0,0,0,0,0,0,0,"- ","- ",,,"SAN FRANCISCO","SAN FRANCISCO",-122.50366973876953,37.743686676025391
9454191,2022,2022-07-11,3801,2022-05-31,1737,798,NORTH,2,5,7,3801,0,0,0,,0,3E14D,"OAK ST","BUCHANAN ST",226.00,E,N,A,-,N,,,,,,,,,,Y,4,0,1,1,A,-,03,22350,,N,F,I,A,A,H,-,A,B,0,,,,,Y,,A,01,0,0,1,0,0,0,0,0,0,"- ","- ",,,"SAN FRANCISCO","SAN FRANCISCO",-122.42676544189453,37.774490356445312
9454192,2022,2022-07-11,3801,2022-05-31,1755,2408,RICHM,2,5,7,3801,0,0,0,,0,3G13,"ARGUELLO BL","SACRAMENTO ST",0.00,,Y,A,-,N,,,,,,,,,,N,4,0,1,2,A,-,10,21950,,N,G,B,B,A,H,-,A,A,0,Y,,,,Y,,A,01,0,0,1,0,1,0,0,0,0,"- ","- ",,,"SAN FRANCISCO","SAN FRANCISCO",-122.45926666259766,37.786617279052734
9454193,2022,2022-07-12,3801,2022-05-31,1612,1860,TRAVA,2,5,7,3801,0,0,0,,0,,"19TH AV","BUCKINGHAM WY",337.00,S,N,A,-,N,,,,,,,,,,Y,4,0,1,4,A,-,04,21703,,N,C,C,A,A,H,-,A,D,0,,,,,Y,,A,07,0,0,1,0,0,0,0,0,0,"- ","- ",,,"SAN FRANCISCO","SAN FRANCISCO",-122.47514343261719,37.724784851074219
9454194,2022,2022-07-12,3801,2022-05-14,1813,2228,CENTR,6,5,7,3801,0,0,0,,0,3A11D,"TAYLOR ST","POST ST",38.00,N,N,A,-,N,,,,,,,,,,N,4,0,1,3,A,-,04,21703,,N,C,C,A,A,H,-,A,A,0,,,Y,,Y,,A,01,0,0,1,0,0,0,0,0,1,"- ","- ",,,"SAN FRANCISCO","SAN FRANCISCO",-122.41172027587891,37.7879638671875
9454195,2022,2022-07-25,3801,2022-05-25,0830,1538,TENDE,3,5,7,3801,0,0,0,,0,901,"EDDY ST","MASON ST",118.00,W,N,A,-,N,,,,,,,,,,N,4,0,1,2,A,-,03,22350,,F,G,B,E,A,H,-,A,D,0,Y,,,,Y,,A,01,0,0,1,0,1,0,0,0,0,"- ","- ",,,"SAN FRANCISCO","SAN FRANCISCO",-122.40970611572266,37.784324645996094
9454199,2022,2022-07-11,3801,2022-05-30,0048,2249,PARK,1,5,7,3801,0,0,0,,0,3F13E,"LINCOLN WAY","4TH AV",0.00,,Y,A,-,N,,,,,,,,,,Y,3,0,3,2,A,-,07,21658,,F,B,C,A,A,H,-,C,D,0,,,,,Y,,A,01,0,1,2,0,0,0,0,0,0,"- ","- ",,,"SAN FRANCISCO","SAN FRANCISCO",-122.46107482910156,37.766159057617188
9454200,2022,2022-07-12,3801,2022-05-21,1803,1213,RICHM,6,5,7,3801,0,0,0,,0,3G90,"MARTIN LUTHER KING JR DR","HAGIWARA TEA GARDEN DR",20.00,W,N,A,-,N,,,,,,,,,,N,4,0,2,4,A,-,10,21950,A,N,G,B,C,A,H,-,A,D,0,Y,,,,Y,,-,,0,0,2,0,2,0,0,0,0,"- ","- ",,,"SAN FRANCISCO","SAN FRANCISCO",-122.46990966796875,37.769214630126953
94549718,2024,2025-01-27,9335,2024-06-08,2225,023483,,6,3,7,3801,0,1,1,,1,083,"I-80 EASTBOUND","FOREST RD",590.00,W,N,A,-,Y,SF,,80," "," ",7.652,H,,R,N,4,0,1,2,A,-,03,22350,,M,C,C,A,A,H,-,C,D,0,,,,,Y,,-,99,0,0,1,0,0,0,0,0,0,"- ","- ",37.808090209960938,-122.36679077148438,"SAN FRANCISCO","SAN FRANCISCO",-122.36701965332031,37.808212280273438
94553754,2024,2025-01-29,9350,2024-12-25,1334,024001,,3,1,7,3801,0,1,2,,1,120,"US 101 S/B","LINCOLN BLVD UNDERCROSSING",4752.00,N,N,B,-,Y,,,,,,,,,,Y,4,0,1,1,A,-,08,22107,,N,E,8,A,A,H,-,A,A,0,,,,,Y,,A,07,0,0,1,0,0,0,0,0,0,"- ","- ",37.807289123535156,-122.47566986083984,"SAN FRANCISCO","SAN FRANCISCO",-122.47480773925781,37.806438446044922
9456438,2022,2022-07-13,3801,2022-04-24,2002,706,TARAV,7,5,7,3801,0,0,0,,0,3I15D,"19TH AV","SLOAT BL",0.00,,Y,A,-,Y,SF,4,1,-,-,1.897,I,5,N,Y,4,0,1,2,A,-,09,21801,A,N,A,C,A,A,H,-,C,A,0,,,,,Y,,A,01,0,0,1,0,0,0,0,0,0,"- ","- ",,,"SAN FRANCISCO","SAN FRANCISCO",-122.47508239746094,37.734642028808594
9456442,2022,2022-06-21,3801,2022-05-29,2030,382,NORTH,7,5,7,3801,0,0,0,,0,3E16E,"LOMBARD ST","VAN NESS AV",125.00,W,N,A,-,Y,SF,4,101,-,-,6.740,H,-,S,N,4,0,2,2,A,-,04,21703,,N,C,C,A,A,H,-,B,A,0,,,,,Y,,A,01,0,0,2,0,0,0,0,0,0,"- ","- ",,,"SAN FRANCISCO","SAN FRANCISCO",-122.42516326904297,37.801219940185547
9458346,2022,2022-06-13,3801,2022-05-20,0728,2202,INGLE,5,5,7,3801,0,0,0,,0,3H13A,"LISBON ST","ITALY AV",244.00,N,N,A,-,N,,,,,,,,,,N,3,0,1,2,A,-,21,22106,,N,D,C,A,A,H,-,A,D,0,,,Y,,Y,,A,01,0,1,0,0,0,0,0,0,1,"- ","- ",,,"SAN FRANCISCO","SAN FRANCISCO",-122.43671417236328,37.717903137207031
9458378,2022,2022-06-15,3801,2022-05-22,0706,2202,INGLE,7,5,7,3801,0,0,0,,0,3H13A,"PORTOLA DR","MIRALOMA DR",175.00,E,N,A,-,N,,,,,,,,,,Y,4,0,2,2,A,-,04,21703,,N,C,C,A,A,H,-,A,D,0,,,,,Y,,A,01,0,0,2,0,0,0,0,0,0,"- ","- ",,,"SAN FRANCISCO","SAN FRANCISCO",-122.45841217041016,37.740715026855469
9458574,2022,2022-06-13,3801,2022-04-29,1137,2202,INGLE,5,5,7,3801,0,0,0,,0,3H13A,"DAY ST","SANCHEZ ST",118.00,E,N,A,-,N,,,,,,,,,,N,3,0,1,2,A,-,21,22106,,N,G,B,E,A,H,-,A,D,0,Y,,,,Y,,A,01,0,1,0,0,1,0,0,0,0,"- ","- ",,,"SAN FRANCISCO","SAN FRANCISCO",-122.42838287353516,37.742786407470703
9459041,2022,2022-06-09,3801,2022-05-25,1959,4259,RICHM,3,5,7,3801,0,0,0,,0,3G15D,"FULTON ST","45TH ST",0.00,,Y,B,-,N,,,,,,,,,,N,3,0,1,2,A,-,09,21801,A,F,D,C,A,A,H,-,C,A,0,,,Y,,Y,Y,A,07,0,1,0,0,0,0,0,0,1,"- ","- ",,,"SAN FRANCISCO","SAN FRANCISCO",-122.50562286376953,37.771579742431641
9459042,2022,2022-06-09,3801,2022-05-29,2159,1217,MISSI,7,5,7,3801,0,0,0,,0,3CAR,"FOLSOM ST","18TH ST",0.00,,-,A,-,N,,,,,,,,,,N,3,0,1,2,A,-,03,22350,A,N,A,G,A,A,H,-,C,A,0,,Y,,,Y,,L,04,0,1,0,0,0,0,1,0,0,"- ","- ",,,"SAN FRANCISCO","SAN FRANCISCO",-122.41499328613281,37.762100219726562
9459043,2022,2022-06-09,3801,2022-05-30,0035,2741,MISSI,1,5,7,3801,0,0,0,,0,901,"GUERRERO ST","16TH ST",0.00,,Y,A,-,N,,,,,,,,,,Y,4,0,2,2,A,-,03,22350,,N,D,C,A,A,H,-,E,D,0,,,,,Y,,A,01,0,0,2,0,0,0,0,0,0,"- ","- ",,,"SAN FRANCISCO","SAN FRANCISCO",-122.42410278320312,37.764781951904297
9459044,2022,2022-06-09,3801,2022-05-29,0300,1499,MISSI,7,5,7,3801,0,0,0,,0,3D13E,"MISSION ST","DUBOCE AV",0.00,,Y,A,-,N,,,,,,,,,,N,4,0,1,2,A,-,09,21800,A,N,-,C,A,A,H,-,E,B,0,,,,,Y,,A,01,0,0,1,0,0,0,0,0,0,"- ","- ",,,"SAN FRANCISCO","SAN FRANCISCO",-122.42018127441406,37.769992828369141
9459045,2022,2022-10-31,3801,2022-05-30,2106,577,TARAV,1,5,7,3801,0,0,0,,0,0I3,"19TH AV","JUDAH ST",0.00,,Y,A,-,N,,,,,,,,,,Y,4,0,2,2,A,-,01,23153,A,F,D,C,A,A,H,-,C,A,0,,,,,Y,Y,A,01,0,0,2,0,0,0,0,0,0,"- ","- ",,,"SAN FRANCISCO","SAN FRANCISCO",-122.47702789306641,37.761695861816406
9459046,2022,2022-06-09,3801,2022-05-25,2148,2167,NORTH,3,5,7,3801,0,0,0,,0,,"POLK ST","OFARRELL ST",0.00,,Y,A,-,N,,,,,,,,,,N,4,0,1,2,A,-,08,22107,,F,-,A,A,A,H,-,C,A,0,,,Y,,Y,,A,01,0,0,1,0,0,0,0,0,1,"- ","- ",,,"SAN FRANCISCO","SAN FRANCISCO",-122.41954803466797,37.784969329833984
9459047,2022,2022-06-09,3801,2022-05-27,0059,341,NORTH,5,5,7,3801,0,0,0,,0,3E15E,"LOMBARD ST","STEINER ST",0.00,,Y,A,-,N,,,,,,,,,,N,4,0,1,2,A,-,11,21950,B,N,A,B,D,A,H,-,C,A,0,Y,,,,Y,Y,N,60,0,0,1,0,1,0,0,0,0,"- ","- ",,,"SAN FRANCISCO","SAN FRANCISCO",-122.43769073486328,37.799640655517578
9459048,2022,2022-06-10,3801,2022-05-20,1712,001460,SOUTH,5,5,7,3801,0,0,0,,0,4R61,"THE EMBARCADERO EAST SIDEWALK","PIER 30-32",0.00,,-,A,-,N,,,,,,,,,,N,4,0,1,2,A,-,17,21235,G,N,D,J,A,A,H,-,A,D,0,,,,,Y,,-,,0,0,1,0,0,0,0,0,0,"- ","- ",,,"SAN FRANCISCO","SAN FRANCISCO",-122.38771057128906,37.787067413330078
9459049,2022,2022-06-09,3801,2022-05-21,1254,001460,SOUTH,6,5,7,3801,0,0,0,,0,3B5A,"KING ST","2ND ST",180.00,N,N,A,-,N,,,,,,,,,,N,3,0,3,2,A,-,17,22517,,N,B,G,A,A,H,-,A,D,0,,Y,,,Y,,A,01,0,2,1,0,0,0,3,0,0,"- ","- ",,,"SAN FRANCISCO","SAN FRANCISCO",-122.38925933837891,37.780281066894531
9459050,2022,2022-06-09,3801,2022-05-27,1340,1631,SOUTH,5,5,7,3801,0,0,0,,0,,"MARKET ST","GUERRERO ST",40.00,E,N,A,-,N,,,,,,,,,,N,4,0,1,1,A,-,03,22350,,N,A,I,A,A,H,-,A,A,0,,Y,,,Y,,L,04,0,0,1,0,0,0,1,0,0,"- ","- ",,,"SAN FRANCISCO","SAN FRANCISCO",-122.42476654052734,37.770828247070312
9459051,2022,2022-06-09,3801,2022-05-26,2030,539,MISSI,4,5,7,3801,0,0,0,,0,MISSIO,"24TH ST","CAPP ST",0.00,,Y,A,-,N,,,,,,,,,,N,4,0,1,2,A,-,03,22350,,F,C,G,A,A,H,-,B,A,0,,Y,,,Y,,A,01,0,0,1,0,0,0,1,0,0,"- ","- ",,,"SAN FRANCISCO","SAN FRANCISCO",-122.41733551025391,37.752307891845703
9459052,2022,2022-06-09,3801,2022-05-22,1526,1637,MISSI,7,5,7,3801,0,0,0,,0,3D13D,"GUERRERO ST","20TH ST",171.00,E,N,A,-,N,,,,,,,,,,Y,4,0,1,2,A,-,04,21703,,N,B,C,A,A,-,-,A,A,0,,,,,Y,,A,01,0,0,1,0,0,0,0,0,0,"- ","- ",,,"SAN FRANCISCO","SAN FRANCISCO",-122.42346954345703,37.75836181640625
9459053,2022,2022-06-09,3801,2022-05-26,2139,4118,MISSI,4,5,7,3801,0,0,0,,0,003,"GUERRERO ST","22ND ST",132.00,S,N,A,-,N,,,,,,,,,,Y,4,0,1,2,A,-,03,22350,,F,C,D,A,A,H,-,C,A,0,,,,,Y,,A,01,0,0,1,0,0,0,0,0,0,"- ","- ",,,"SAN FRANCISCO","SAN FRANCISCO",-122.42314910888672,37.754817962646484
9459054,2022,2022-06-09,3801,2022-05-27,1512,2100,MISSI,5,5,7,3801,0,0,0,,0,1512,"CHATTANOOGA ST","23RD ST",0.00,,Y,A,-,N,,,,,,,,,,N,4,0,1,3,A,-,10,21950,A,N,G,H,B,A,H,-,A,A,0,Y,,,,Y,,A,01,0,0,1,0,1,0,0,0,0,"- ","- ",,,"SAN FRANCISCO","SAN FRANCISCO",-122.42646789550781,37.753353118896484