CASE_ID,ACCIDENT_YEAR,PROC_DATE,JURIS,COLLISION_DATE,COLLISION_TIME,OFFICER_ID,REPORTING_DISTRICT,DAY_OF_WEEK,CHP_SHIFT,POPULATION,CNTY_CITY_LOC,SPECIAL_COND,BEAT_TYPE,CHP_BEAT_TYPE,CITY_DIVISION_LAPD,CHP_BEAT_CLASS,BEAT_NUMBER,PRIMARY_RD,SECONDARY_RD,DISTANCE,DIRECTION,INTERSECTION,WEATHER_1,WEATHER_2,STATE_HWY_IND,CALTRANS_COUNTY,CALTRANS_DISTRICT,STATE_ROUTE,ROUTE_SUFFIX,POSTMILE_PREFIX,POSTMILE,LOCATION_TYPE,RAMP_INTERSECTION,SIDE_OF_HWY,TOW_AWAY,COLLISION_SEVERITY,NUMBER_KILLED,NUMBER_INJURED,PARTY_COUNT,PRIMARY_COLL_FACTOR,PCF_CODE_OF_VIOL,PCF_VIOL_CATEGORY,PCF_VIOLATION,PCF_VIOL_SUBSECTION,HIT_AND_RUN,TYPE_OF_COLLISION,MVIW,PED_ACTION,ROAD_SURFACE,ROAD_COND_1,ROAD_COND_2,LIGHTING,CONTROL_DEVICE,CHP_ROAD_TYPE,PEDESTRIAN_ACCIDENT,BICYCLE_ACCIDENT,MOTORCYCLE_ACCIDENT,TRUCK_ACCIDENT,NOT_PRIVATE_PROPERTY,ALCOHOL_INVOLVED,STWD_VEHTYPE_AT_FAULT,CHP_VEHTYPE_AT_FAULT,COUNT_SEVERE_INJ,COUNT_VISIBLE_INJ,COUNT_COMPLAINT_PAIN,COUNT_PED_KILLED,COUNT_PED_INJURED,COUNT_BICYCLIST_KILLED,COUNT_BICYCLIST_INJURED,COUNT_MC_KILLED,COUNT_MC_INJURED,PRIMARY_RAMP,SECONDARY_RAMP,LATITUDE,LONGITUDE,COUNTY,CITY,POINT_X,POINT_Y
9468629,2023,2023-09-27,3801,2023-08-24,1210,2707,TARAV,4,5,7,3801,0,0,0,,0,3CAR,"37TH AV","KIRKHAM ST",0.00,,Y,A,-,N,,,,,,,,,,N,3,0,1,2,A,-,10,21950,,N,D,-,A,A,H,-,A,A,0,,,,,Y,,A,01,0,1,0,0,0,0,0,0,0,"- ","- ",,,"SAN FRANCISCO","SAN FRANCISCO",-122.49616241455078,37.758987426757812
9468633,2023,2023-09-08,3801,2023-08-24,"925 ",1857,SOUTH,4,5,7,3801,0,0,0,,0,3B60,"7TH ST","HUBBELL ST",33.00,N,N,A,-,N,,,,,,,,,,N,2,0,1,1,D,-,00,,,N,H,-,A,A,H,-,A,D,0,,,,,Y,,-,"- ",1,0,0,0,0,0,0,0,0,"- ","- ",,,"SAN FRANCISCO","SAN FRANCISCO",-122.39678955078125,37.767894744873047
9468637,2023,2023-09-08,3801,2023-08-24,"600 ",764,PARK,4,5,7,3801,0,0,0,,0,3F13A,"STANYAN ST","TURK ST",0.00,,Y,A,-,N,,,,,,,,,,N,4,0,1,3,A,-,12,21453,A,N,D,C,A,A,H,-,B,A,0,,,,,Y,,A,01,0,0,1,0,0,0,0,0,0,"- ","- ",,,"SAN FRANCISCO","SAN FRANCISCO",-122.45523071289062,37.777591705322266
9468638,2023,2023-09-08,3801,2023-08-24,1617,2705,BAYVI,4,5,7,3801,0,0,0,,0,3C11D,"19TH ST","3RD ST",0.00,,Y,A,-,N,,,,,,,,,,N,3,0,1,2,A,-,10,21950,A,N,G,B,B,A,H,-,A,A,0,Y,,,,Y,,A,01,0,1,0,0,1,0,0,0,0,"- ","- ",,,"SAN FRANCISCO","SAN FRANCISCO",-122.38877105712891,37.761768341064453
9468639,2023,2023-09-08,3801,2023-08-23,1502,319,CENTR,3,5,7,3801,0,0,0,,0,3A12D,"2ND ST","BRYANT ST",0.00,,Y,A,-,N,,,,,,,,,,N,3,0,1,2,A,-,03,22350,,N,B,G,A,A,H,-,A,-,0,,Y,,,Y,,A,01,0,1,0,0,0,0,1,0,0,"- ","- ",,,"SAN FRANCISCO","SAN FRANCISCO",-122.39363098144531,37.7830810546875
9468640,2023,2023-09-08,3801,2023-08-23,1128,1518,CENTR,3,5,7,3801,0,0,0,,0,3A44C,"STOCKTON ST","CLAY ST",0.00,,Y,A,-,N,,,,,,,,,,N,3,0,1,2,A,-,11,21456,A,N,A,B,B,A,H,-,A,A,0,Y,,,,Y,,N,60,0,1,0,0,1,0,0,0,0,"- ","- ",,,"SAN FRANCISCO","SAN FRANCISCO",-122.40784454345703,37.7940673828125
9468641,2023,2023-09-21,3801,2023-08-16,1720,2372,INGLE,3,5,7,3801,0,0,0,,0,3H00,"MISSION ST","MISSION ST 5901",0.00,,-,A,-,N,,,,,,,,,,N,4,0,1,2,A,-,"- ",,,N,C,C,A,A,H,-,A,D,0,,,,,Y,,A,01,0,0,1,0,0,0,0,0,0,"- ","- ",,,"SAN FRANCISCO","SAN FRANCISCO",-122.41979217529297,37.7705078125
9468642,2023,2023-09-21,3801,2023-08-17,1458,375,BAYVI,4,5,7,3801,0,0,0,,0,3C13C,"CARGO WY","MENDELL ST",0.00,,Y,A,-,N,,,,,,,,,,Y,4,0,2,2,A,-,09,21801,A,N,D,D,A,A,H,-,A,A,0,,,,,Y,,A,01,0,0,2,0,0,0,0,0,0,"- ","- ",,,"SAN FRANCISCO","SAN FRANCISCO",-122.38314056396484,37.743911743164062
9468643,2023,2023-09-08,3801,2023-08-16,1825,1039,MISSI,3,5,7,3801,0,0,0,,0,006,"FLORIDA ST","16TH ST",515.00,N,N,A,-,N,,,,,,,,,,Y,3,0,1,2,A,-,09,21804,A,N,B,C,A,A,H,-,A,D,0,,,,,Y,,A,01,0,1,0,0,0,0,0,0,0,"- ","- ",,,"SAN FRANCISCO","SAN FRANCISCO",-122.41158294677734,37.766960144042969
9468644,2023,2023-09-08,3801,2023-08-17,"220 ",2035,MISSI,4,5,7,3801,0,0,0,,0,3D16E,"SOUTH VAN NESS AV","17TH ST",0.00,,Y,A,-,N,,,,,,,,,,Y,4,0,2,2,A,-,12,21453,A,F,D,C,A,A,H,-,C,A,0,,,,,Y,,A,01,0,0,2,0,0,0,0,0,0,"- ","- ",,,"SAN FRANCISCO","SAN FRANCISCO",-122.41733551025391,37.763557434082031
9468645,2023,2023-09-20,3801,2023-08-18,2010,821,SOUTH,5,5,7,3801,0,0,0,,0,0B2,"3RD ST","HOWARD ST",0.00,,Y,A,-,N,,,,,,,,,,N,4,0,2,2,A,-,03,22350,,N,C,D,A,-,H,-,B,A,0,,,,,Y,Y,-,"- ",0,0,2,0,0,0,0,0,0,"- ","- ",,,"SAN FRANCISCO","SAN FRANCISCO",-122.40049743652344,37.785007476806641
9468646,2023,2023-09-20,3801,2023-08-19,1942,1286,SOUTH,6,5,7,3801,0,0,0,,0,3B1,"BRYANT ST","2ND ST",0.00,,Y,A,-,N,,,,,,,,,,Y,3,0,1,2,A,-,08,22107,,F,B,C,A,A,H,-,B,A,0,,,Y,,Y,,A,01,0,1,0,0,0,0,0,0,1,"- ","- ",,,"SAN FRANCISCO","SAN FRANCISCO",-122.39363098144531,37.7830810546875
9468647,2023,2023-09-21,3801,2023-08-20,1709,334,BAYVI,7,5,7,3801,0,0,0,,0,0C3,"PALOU AV","LANE ST",0.00,,Y,A,-,N,,,,,,,,,,N,4,0,1,2,A,-,12,22450,,N,C,C,A,A,H,-,A,A,0,,,,,Y,,A,01,0,0,1,0,0,0,0,0,0,"- ","- ",,,"SAN FRANCISCO","SAN FRANCISCO",-122.38903045654297,37.732933044433594
9468648,2023,2023-09-21,3801,2023-08-17,1908,1046,NORTH,4,5,7,3801,0,0,0,,0,3E15D,"STEINER ST","GOLDEN GATE AV",0.00,,-,A,-,N,,,,,,,,,,Y,4,0,1,2,A,-,09,21801,A,N,D,G,A,A,D,H,B,A,0,,,,,Y,,A,01,0,0,1,0,0,0,0,0,0,"- ","- ",,,"SAN FRANCISCO","SAN FRANCISCO",-122.43357849121094,37.779354095458984
9468649,2023,2023-09-20,3801,2023-08-19,1551,1160,SOUTH,6,5,7,3801,0,0,0,,0,0B6,"TRADE WINDS AV","SEVEN SEAS AV",82.00,W,N,A,-,N,,,,,,,,,,Y,3,0,1,1,A,-,03,22350,,N,E,I,A,A,H,-,A,D,0,,,,,Y,,A,01,0,1,0,0,0,0,0,0,0,"- ","- ",,,"SAN FRANCISCO","SAN FRANCISCO",,
9468650,2023,2023-09-20,3801,2023-08-17,2206,709,BAYVI,4,5,7,3801,0,0,0,,0,3C11E,"CESAR CHAVEZ ST","VERMONT ST",183.00,W,N,A,-,N,,,,,,,,,,Y,4,0,1,2,A,-,05,21651,B,N,A,C,A,A,H,-,C,D,0,,,,,Y,,A,07,0,0,1,0,0,0,0,0,0,"- ","- ",,,"SAN FRANCISCO","SAN FRANCISCO",-122.40347290039062,37.749366760253906
9468651,2023,2023-09-20,3801,2023-08-17,1540,1246,BAYVI,4,5,7,3801,0,0,0,,0,3C15D,"3RD ST","VAN DYKE AV",0.00,,Y,A,-,N,,,,,,,,,,N,3,0,1,2,A,-,03,22350,,N,H,G,A,A,H,-,A,D,0,,Y,,,Y,,L,04,0,1,0,0,0,0,1,0,0,"- ","- ",,,"SAN FRANCISCO","SAN FRANCISCO",-122.39257049560547,37.729206085205078
9468652,2023,2023-09-20,3801,2023-08-17,"722 ",9,CENTR,4,5,7,3801,0,0,0,,0,3A14A,"CLAY ST","BATTERY ST",15.00,W,N,A,-,N,,,,,,,,,,,4,0,1,1,A,-,03,22350,,N,F,I,A,A,H,-,A,D,0,,,Y,,Y,,C,02,0,0,1,0,0,0,0,0,1,"- ","- ",,,"SAN FRANCISCO","SAN FRANCISCO",-122.40039825439453,37.794994354248047
9468653,2023,2023-09-21,3801,2023-08-20,2159,1982,MISSI,7,5,7,3801,0,0,0,,0,3D11E,"HARRISON ST","ALAMEDA ST",0.00,,-,A,-,N,,,,,,,,,,N,4,0,1,2,A,-,08,22107,,N,D,D,A,A,H,-,C,A,0,,,Y,,Y,,O,05,0,0,1,0,0,0,0,0,1,SO,"- ",,,"SAN FRANCISCO","SAN FRANCISCO",-122.41337585449219,37.768051147460938
9468654,2023,2023-09-21,3801,2023-08-19,2045,1414,MISSI,6,5,7,3801,0,0,0,,0,3D11D,"13TH ST","MISSION ST",0.00,,Y,A,-,N,,,,,,,,,,N,3,0,1,2,A,-,12,21453,,F,D,C,A,A,H,-,C,A,0,,,Y,,Y,,A,01,0,1,0,0,0,0,0,0,1,"- ","- ",,,"SAN FRANCISCO","SAN FRANCISCO",-122.419921875,37.769977569580078
9468655,2023,2023-09-21,3801,2023-08-19,2114,4103,MISSI,6,5,7,3801,0,0,0,,0,903,"15TH ST","15TH ST 1600",0.00,,-,A,-,N,,,,,,,,,,N,3,0,1,2,A,-,17,22517,,N,H,G,A,A,H,-,-,-,0,,Y,,,Y,,A,01,0,1,0,0,0,0,1,0,0,"- ","- ",,,"SAN FRANCISCO","SAN FRANCISCO",-122.47441864013672,37.7869873046875
9468656,2023,2023-09-21,3801,2023-08-17,2243,4039,CENTR,4,5,7,3801,0,0,0,,0,3A3,"ROBERT C LEVY TUNL","LARKIN ST",650.00,E,N,A,-,N,,,,,,,,,,N,3,0,1,1,A,-,03,22350,,N,E,I,A,A,H,-,C,D,0,,,,,Y,,M,94,0,1,0,0,0,0,0,0,0,"- ","- ",,,"SAN FRANCISCO","SAN FRANCISCO",-122.41790771484375,37.796352386474609
9468657,2023,2023-09-21,3801,2023-08-22,"845 ",1061,SOUTH,2,5,7,3801,0,0,0,,0,3B14A,"MARKET ST","OCTAVIA ST",0.00,,Y,A,-,N,,,,,,,,,,N,4,0,1,2,A,-,08,22101,D,N,D,G,A,A,H,-,A,A,0,,Y,,,Y,,A,01,0,0,1,0,0,0,1,0,0,"- ","- ",,,"SAN FRANCISCO","SAN FRANCISCO",-122.42359161376953,37.771774291992188
9468658,2023,2023-09-21,3801,2023-08-21,1801,2038,PARK,1,5,7,3801,0,0,0,,0,3F13D,"PARKER AV","ANZA ST",223.00,S,N,A,-,N,,,,,,,,,,N,3,0,1,2,A,-,09,21804,,N,H,A,A,A,H,-,A,D,0,,,Y,,Y,,A,01,0,1,0,0,0,0,0,0,1,"- ","- ",,,"SAN FRANCISCO","SAN FRANCISCO",-122.45376586914062,37.779621124267578
9468659,2023,2023-09-21,3801,2023-08-21,"826 ",4001,MISSI,1,5,7,3801,0,0,0,,0,3D11A,"LAPIDGE ST","18TH ST",0.00,,-,A,-,N,,,,,,,,,,,4,0,1,2,A,-,09,21804,,N,D,C,A,A,H,-,A,A,0,,,Y,,Y,,A,01,0,0,1,0,0,0,0,0,1,"- ","- ",,,"SAN FRANCISCO","SAN FRANCISCO",-122.42240142822266,37.761661529541016
9468660,2023,2023-09-21,3801,2023-08-20,2302,1217,MISSI,7,5,7,3801,0,0,0,,0,,"DOLORES ST","19TH ST",0.00,,Y,A,-,N,,,,,,,,,,,3,0,1,2,A,-,"- ",,,N,D,G,A,A,H,-,C,A,0,,Y,,,Y,,L,04,0,1,0,0,0,0,1,0,0,"- ","- ",,,"SAN FRANCISCO","SAN FRANCISCO",-122.42600250244141,37.759849548339844
9468661,2023,2023-09-08,3801,2023-08-04,1630,1339,TRAFF,5,5,7,3801,0,0,0,,0,4B3D,"8TH ST","CLEMENTINA ST",0.00,,Y,A,-,N,,,,,,,,,,Y,4,0,2,3,A,-,01,23152,,N,C,C,A,A,-,-,A,A,0,,,,,Y,,A,07,0,0,2,0,0,0,0,0,0,"- ","- ",,,"SAN FRANCISCO","SAN FRANCISCO",-122.41056823730469,37.775421142578125
9468662,2023,2023-09-14,3801,2023-08-13,1120,2263,TARAV,7,5,7,3801,0,0,0,,0,3I11A,"JUDAH ST",FUNSTON,54.00,W,N,A,-,N,,,,,,,,,,N,4,0,1,2,A,-,09,21804,A,N,E,I,A,A,H,-,A,-,0,,,Y,,Y,,A,01,0,0,1,0,0,0,0,0,1,"- ","- ",,,"SAN FRANCISCO","SAN FRANCISCO",-122.47066497802734,37.762031555175781
9468663,2023,2023-09-21,3801,2023-08-14,"0   ",2157,RICHM,1,5,7,3801,0,0,0,,0,003,"GEARY BL","15TH AV",94.00,E,N,A,-,N,,,,,,,,,,Y,3,0,2,2,A,-,03,22350,,N,C,C,A,A,H,-,C,A,0,,,,,Y,,A,01,0,1,1,0,0,0,0,0,0,"- ","- ",,,"SAN FRANCISCO","SAN FRANCISCO",-122.47366333007812,37.780651092529297
9468664,2023,2023-09-21,3801,2023-08-22,1729,1741,SOUTH,2,5,7,3801,0,0,0,,0,901,"SOUTH VAN NESS AV","HOWARD ST",0.00,,-,A,-,N,,,,,,,,,,,3,0,1,1,A,-,07,21658,A,N,A,I,A,A,H,-,A,A,0,,,,,Y,,A,01,0,1,0,0,0,0,0,0,0,"- ","- ",,,"SAN FRANCISCO","SAN FRANCISCO",-122.41763305664062,37.770336151123047
9468665,2023,2023-09-11,3801,2023-08-14,1926,2725,RICHM,1,5,7,3801,0,0,0,,0,,"ARGUELLO BL","WASHINGTON ST",121.00,S,N,A,-,N,,,,,,,,,,N,3,0,1,2,A,-,09,21801,A,N,H,A,A,A,H,-,A,D,0,,Y,,,Y,,A,01,0,1,0,0,0,0,1,0,0,"- ","- ",,,"SAN FRANCISCO","SAN FRANCISCO",-122.45936584472656,37.788009643554688
9468666,2023,2023-09-11,3801,2023-08-10,1827,1066,NORTH,4,5,7,3801,0,0,0,,0,6CAR,"BROADWAY ST","POLK ST",0.00,,Y,A,-,N,,,,,,,,,,Y,4,0,3,3,A,-,09,21804,A,N,-,-,A,A,D,-,A,A,0,,,,,Y,,A,01,0,0,3,0,0,0,0,0,0,"- ","- ",,,"SAN FRANCISCO","SAN FRANCISCO",-122.42176055908203,37.795940399169922
9468667,2023,2023-09-21,3801,2023-08-07,1540,2450,MISSI,1,5,7,3801,0,0,0,,0,3X74,"DUBOCE AV","ELGIN PARK",50.00,W,N,A,-,N,,,,,,,,,,N,4,0,1,2,A,-,04,21703,,N,C,-,A,A,H,-,A,D,0,,,,,Y,,A,01,0,0,1,0,0,0,0,0,0,"- ","- ",,,"SAN FRANCISCO","SAN FRANCISCO",-122.42332458496094,37.769821166992188
9468668,2023,2023-09-11,3801,2023-08-13,2335,203,MISSI,7,5,7,3801,0,0,0,,0,,"MARKET ST","EUREKA ST",6.00,W,N,A,-,N,,,,,,,,,,N,4,0,1,2,A,-,04,21703,,N,C,C,A,A,H,-,C,A,0,,,,,Y,Y,A,01,0,0,1,0,0,0,0,0,0,"- ","- ",,,"SAN FRANCISCO","SAN FRANCISCO",-122.43836975097656,37.761714935302734
9468669,2023,2023-09-11,3801,2023-08-14,1536,A09968,PARK,1,5,7,3801,0,0,0,,0,3F2D,"CLAYTON ST","MARKET ST",0.00,,Y,A,-,N,,,,,,,,,,N,4,0,1,2,A,-,04,21703,,N,C,G,A,-,H,-,A,A,0,,Y,,,Y,,A,07,0,0,1,0,0,0,1,0,0,"- ","- ",,,"SAN FRANCISCO","SAN FRANCISCO",-122.4437255859375,37.758148193359375
9468670,2023,2023-09-11,3801,2023-08-14,1225,1457,TARAV,1,5,7,3801,0,0,0,,0,002,"PACHECO ST","21ST AV",0.00,,Y,A,-,N,,,,,,,,,,Y,4,0,1,2,A,-,09,21802,A,N,D,-,A,A,H,-,A,-,0,,,,,Y,,A,01,0,0,1,0,0,0,0,0,0,"- ","- ",,,"SAN FRANCISCO","SAN FRANCISCO",-122.47837829589844,37.750419616699219
9468671,2023,2023-09-08,3801,2023-08-14,"640 ",2474,BAYVI,1,5,7,3801,0,0,0,,0,3C14A,"PHELPS ST","WILLIAMS AV",0.00,,Y,A,-,N,,,,,,,,,,N,3,0,1,2,A,-,10,21950,A,N,G,B,B,A,H,-,B,D,0,Y,,,,Y,,A,01,0,1,0,0,1,0,0,0,0,"- ","- ",,,"SAN FRANCISCO","SAN FRANCISCO",-122.39984893798828,37.730304718017578
9468672,2023,2023-09-08,3801,2023-08-14,"120 ",488,INGLE,1,5,7,3801,0,0,0,,0,3H15E,"MISSION ST","MOUNT VERNON ST",40.00,S,N,E,-,N,,,,,,,,,,Y,4,0,1,3,A,-,01,23153,A,N,B,E,A,A,H,-,C,D,0,,,,,Y,Y,A,01,0,0,1,0,0,0,0,0,0,"- ","- ",,,"SAN FRANCISCO","SAN FRANCISCO",-122.44274139404297,37.714527130126953
9468673,2023,2023-09-21,3801,2023-08-18,"19  ",715,MISSI,5,5,7,3801,0,0,0,,0,0D4,"MISSION ST","26TH ST",0.00,,Y,B,-,N,,,,,,,,,,Y,4,0,2,2,A,-,12,21453,A,N,D,C,A,A,H,-,C,A,0,,,,,Y,,A,01,0,0,2,0,0,0,0,0,0,"- ","- ",,,"SAN FRANCISCO","SAN FRANCISCO",-122.41813659667969,37.749061584472656
9468674,2023,2023-09-08,3801,2023-08-17,1957,2390,MISSI,4,5,7,3801,0,0,0,,0,3D16D,"SHOTWELL ST","18TH ST",200.00,S,N,A,-,N,,,,,,,,,,N,3,0,1,2,A,-,09,21804,A,N,D,-,A,A,H,-,A,D,0,,Y,,,Y,,A,01,0,1,0,0,0,0,1,0,0,"- ","- ",,,"SAN FRANCISCO","SAN FRANCISCO",-122.416015625,37.761470794677734
9468675,2023,2023-09-08,3801,2023-08-17,"925 ",2453,MISSI,4,5,7,3801,0,0,0,,0,3D13A,"FOLSOM ST","23RD ST",40.00,N,N,A,-,N,,,,,,,,,,N,4,0,1,2,A,-,17,22517,,N,B,G,A,A,H,-,A,D,0,,Y,,,Y,,A,01,0,0,1,0,0,0,1,0,0,"- ","- ",,,"SAN FRANCISCO","SAN FRANCISCO",-122.41426086425781,37.754230499267578
9468676,2023,2023-09-08,3801,2023-08-14,1619,2433,INGLE,1,5,7,3801,0,0,0,,0,3H15D,"SAN JOSE AV","GENEVA AV",180.00,W,N,A,-,N,,,,,,,,,,N,4,0,1,2,A,-,09,21801,A,N,D,C,A,A,H,-,A,D,0,,,,,Y,,A,01,0,0,1,0,0,0,0,0,0,"- ","- ",,,"SAN FRANCISCO","SAN FRANCISCO",-122.44696044921875,37.720310211181641
9468677,2023,2023-09-08,3801,2023-08-20,1928,1787,NORTH,7,5,7,3801,0,0,0,,0,NORTHE,"BAY ST","OCTAVIA ST",0.00,,Y,A,-,N,,,,,,,,,,Y,4,0,1,2,A,-,12,21453,A,F,D,D,A,A,H,-,A,A,0,,,,,Y,,A,01,0,0,1,0,0,0,0,0,0,"- ","- ",,,"SAN FRANCISCO","SAN FRANCISCO",-122.43003082275391,37.80352783203125
9468678,2023,2023-09-08,3801,2023-08-19,2124,2740,TARAV,6,5,7,3801,0,0,0,,0,INGLES,"MISSION ST","GENEVA AV",0.00,,Y,A,-,N,,,,,,,,,,N,4,0,1,2,A,-,09,21801,,F,B,-,A,A,H,-,C,A,0,,,,,Y,,A,01,0,0,1,0,0,0,0,0,0,"- ","- ",,,"SAN FRANCISCO","SAN FRANCISCO",-122.44100189208984,37.716388702392578
9468679,2023,2023-09-08,3801,2023-08-19,"27  ",637,MISSI,6,5,7,3801,0,0,0,,0,3D13E,"FOLSOM ST","23RD ST",0.00,,Y,A,-,N,,,,,,,,,,Y,4,0,3,2,A,-,12,21453,A,N,D,C,A,A,H,-,C,A,0,,,,,Y,,A,01,0,0,3,0,0,0,0,0,0,"- ","- ",,,"SAN FRANCISCO","SAN FRANCISCO",-122.41425323486328,37.754119873046875
9468680,2023,2023-09-08,3801,2023-08-18,1305,891,PARK,5,5,7,3801,0,0,0,,0,3F14A,"DUBOCE AV","STEINER ST",0.00,,Y,A,-,N,,,,,,,,,,N,4,0,1,2,A,-,10,21950,A,N,D,B,B,A,H,-,A,D,0,Y,,,,Y,,A,01,0,0,1,0,1,0,0,0,0,"- ","- ",,,"SAN FRANCISCO","SAN FRANCISCO",-122.43157958984375,37.769317626953125
9468681,2023,2023-09-15,3801,2023-08-11,1630,1355,TARAV,5,5,7,3801,0,0,0,,0,3I15D,"WINSTON DR","BUCKINGHAM WY",315.00,S,N,A,-,N,,,,,,,,,,Y,4,0,1,1,A,-,08,22107,,N,F,I,A,A,H,-,A,D,0,,,,,Y,,A,07,0,0,1,0,0,0,0,0,0,"- ","- ",,,"SAN FRANCISCO","SAN FRANCISCO",-122.47511291503906,37.729763031005859
9468682,2023,2023-09-14,3801,2023-08-10,"513 ",2157,RICHM,4,5,7,3801,0,0,0,,0,005,"42ND AV","BALBOA ST",310.00,N,N,A,-,N,,,,,,,,,,Y,4,0,1,5,A,-,05,21650,,N,A,E,A,B,H,-,C,D,0,,,,,Y,,-,,0,0,1,0,0,0,0,0,0,"- ","- ",,,"SAN FRANCISCO","SAN FRANCISCO",-122.50273132324219,37.776332855224609
9468683,2023,2023-09-21,3801,2023-08-19,1125,310,SOUTH,6,5,7,3801,0,0,0,,0,3B49,"TOWNSEND ST","7TH ST",588.00,W,N,A,-,N,,,,,,,,,,N,3,0,1,2,A,-,09,21800,B,N,D,G,A,A,H,-,A,D,0,,Y,,,Y,,D,22,0,1,0,0,0,0,1,0,0,"- ","- ",,,"SAN FRANCISCO","SAN FRANCISCO",-122.403076171875,37.770671844482422
9468684,2023,2023-09-08,3801,2023-08-20,1340,1474,BAYVI,7,5,7,3801,0,0,0,,0,901,"BAY SHORE BL","JERROLD AV",0.00,,Y,A,-,N,,,,,,,,,,N,4,0,1,2,A,-,04,21703,,N,C,C,A,A,H,-,A,A,0,,,,,Y,,A,01,0,0,1,0,0,0,0,0,0,"- ","- ",,,"SAN FRANCISCO","SAN FRANCISCO",-122.40361785888672,37.747386932373047
9468685,2023,2023-09-15,3801,2023-08-13,1612,1988,INGLE,7,5,7,3801,0,0,0,,0,3H15D,"LIBSON ST","FRANCE AV",0.00,,Y,A,-,N,,,,,,,,,,Y,4,0,2,2,A,-,00,23350,,M,D,-,A,A,H,-,A,A,0,,,,,Y,Y,A,07,0,0,2,0,0,0,0,0,0,"- ","- ",,,"SAN FRANCISCO","SAN FRANCISCO",-122.43595886230469,37.718891143798828
9468686,2023,2023-09-27,3801,2023-08-11,"955 ",2707,TARAV,5,5,7,3801,0,0,0,,0,002,"JACKSON ST","FILLMORE ST",0.00,,Y,-,-,N,,,,,,,,,,N,3,0,1,2,D,-,00,,,N,H,J,A,-,-,-,A,-,0,,Y,,,Y,Y,-,"- ",0,1,0,0,0,0,1,0,0,"- ","- ",,,"SAN FRANCISCO","SAN FRANCISCO",-122.43454742431641,37.792465209960938
9468687,2023,2023-09-15,3801,2023-08-12,1732,2441,INGLE,6,5,7,3801,0,0,0,,0,3H13D,"PARIS ST","EXCELSIOR AV",0.00,,-,A,-,N,,,,,,,,,,N,4,0,2,2,A,-,06,21750,A,F,B,E,A,A,H,-,A,D,0,,,,,Y,,D,22,0,0,2,0,0,0,0,0,0,"- ","- ",,,"SAN FRANCISCO","SAN FRANCISCO",-122.43203735351562,37.725479125976562
9468688,2023,2023-09-15,3801,2023-08-11,2315,2153,TARAV,5,5,7,3801,0,0,0,,0,3I5E,"BUCKINGHAM WY","WINSTON DR",0.00,,Y,A,-,N,,,,,,,,,,Y,3,0,2,1,A,-,03,22350,,N,-,I,A,A,-,-,C,A,0,,,,,Y,,A,01,0,2,0,0,0,0,0,0,0,"- ","- ",,,"SAN FRANCISCO","SAN FRANCISCO",-122.47597503662109,37.730087280273438
9468689,2023,2023-09-15,3801,2023-08-09,1018,1832,TENDE,3,5,7,3801,0,0,0,,0,3J30,"CYRIL MAGNIN ST","ELLIS ST",0.00,,Y,A,-,N,,,,,,,,,,Y,3,0,1,2,A,-,00,16028,C,N,D,C,A,A,H,-,A,A,0,,,,,Y,Y,A,01,0,1,0,0,0,0,0,0,0,"- ","- ",,,"SAN FRANCISCO","SAN FRANCISCO",-122.40866088867188,37.785427093505859
9468690,2023,2023-09-15,3801,2023-08-08,2027,4276,NORTH,2,5,7,3801,0,0,0,,0,4CAR,DIVISADERO,"CLAY ST",0.00,,Y,F,-,N,,,,,,,,,,N,3,0,1,2,A,-,10,21950,A,N,G,B,B,B,H,-,C,A,0,Y,,Y,,Y,,C,02,0,1,0,0,1,0,0,0,0,"- ","- ",,,"SAN FRANCISCO","SAN FRANCISCO",-122.44081115722656,37.789867401123047
9468691,2023,2023-09-15,3801,2023-08-08,"218 ",276,NORTH,2,5,7,3801,0,0,0,,0,3E13E,"MCALLISTER ST","POLK ST",0.00,,Y,A,-,N,,,,,,,,,,N,4,0,1,2,A,-,12,21453,A,N,B,G,A,A,H,-,C,A,0,,Y,,,Y,,L,04,0,0,1,0,0,0,1,0,0,"- ","- ",,,"SAN FRANCISCO","SAN FRANCISCO",-122.41860198974609,37.7802734375
9468692,2023,2023-09-15,3801,2023-08-04,"656 ",2195,NORTH,5,5,7,3801,0,0,0,,0,003,"GOUGH ST","FULTON ST",0.00,,Y,A,-,N,,,,,,,,,,N,3,0,1,2,A,-,08,22107,,N,D,G,A,A,H,-,A,A,0,,Y,,,Y,,A,01,0,1,0,0,0,0,1,0,0,"- ","- ",,,"SAN FRANCISCO","SAN FRANCISCO",-122.42334747314453,37.778751373291016
9468693,2023,2023-09-14,3801,2023-08-11,1830,2425,TENDE,5,5,7,3801,0,0,0,,0,3J13D,"LARKIN ST","GROVE ST",0.00,,Y,A,-,N,,,,,,,,,,N,3,0,1,2,A,-,09,21801,A,N,D,C,A,A,H,-,A,A,0,,,Y,,Y,,A,01,0,1,0,0,0,0,0,0,1,"- ","- ",,,"SAN FRANCISCO","SAN FRANCISCO",-122.41658782958984,37.778659820556641
9468694,2023,2023-09-14,3801,2023-08-11,"920 ",4798,NORTH,5,5,7,3801,0,0,0,,0,3E00,"LAWTON ST","7TH AV",60.00,S,N,-,-,N,,,,,,,,,,N,3,0,1,2,A,-,08,22100,,N,B,G,A,A,H,-,A,A,0,,Y,,,Y,,A,01,0,1,0,0,0,0,1,0,0,"- ","- ",,,"SAN FRANCISCO","SAN FRANCISCO",-122.46382904052734,37.758541107177734
9468695,2023,2023-09-14,3801,2023-08-10,2131,1857,NORTH,4,5,7,3801,0,0,0,,0,3E6I,"PIERCE ST","ELM ST",0.00,,Y,A,-,N,,,,,,,,,,N,4,0,2,2,A,-,09,21801,A,N,D,D,A,A,H,-,C,D,0,,,,,Y,,A,01,0,0,2,0,0,0,0,0,0,"- ","- ",,,"SAN FRANCISCO","SAN FRANCISCO",-122.43534088134766,37.779670715332031