CASE_ID,ACCIDENT_YEAR,PROC_DATE,JURIS,COLLISION_DATE,COLLISION_TIME,OFFICER_ID,REPORTING_DISTRICT,DAY_OF_WEEK,CHP_SHIFT,POPULATION,CNTY_CITY_LOC,SPECIAL_COND,BEAT_TYPE,CHP_BEAT_TYPE,CITY_DIVISION_LAPD,CHP_BEAT_CLASS,BEAT_NUMBER,PRIMARY_RD,SECONDARY_RD,DISTANCE,DIRECTION,INTERSECTION,WEATHER_1,WEATHER_2,STATE_HWY_IND,CALTRANS_COUNTY,CALTRANS_DISTRICT,STATE_ROUTE,ROUTE_SUFFIX,POSTMILE_PREFIX,POSTMILE,LOCATION_TYPE,RAMP_INTERSECTION,SIDE_OF_HWY,TOW_AWAY,COLLISION_SEVERITY,NUMBER_KILLED,NUMBER_INJURED,PARTY_COUNT,PRIMARY_COLL_FACTOR,PCF_CODE_OF_VIOL,PCF_VIOL_CATEGORY,PCF_VIOLATION,PCF_VIOL_SUBSECTION,HIT_AND_RUN,TYPE_OF_COLLISION,MVIW,PED_ACTION,ROAD_SURFACE,ROAD_COND_1,ROAD_COND_2,LIGHTING,CONTROL_DEVICE,CHP_ROAD_TYPE,PEDESTRIAN_ACCIDENT,BICYCLE_ACCIDENT,MOTORCYCLE_ACCIDENT,TRUCK_ACCIDENT,NOT_PRIVATE_PROPERTY,ALCOHOL_INVOLVED,STWD_VEHTYPE_AT_FAULT,CHP_VEHTYPE_AT_FAULT,COUNT_SEVERE_INJ,COUNT_VISIBLE_INJ,COUNT_COMPLAINT_PAIN,COUNT_PED_KILLED,COUNT_PED_INJURED,COUNT_BICYCLIST_KILLED,COUNT_BICYCLIST_INJURED,COUNT_MC_KILLED,COUNT_MC_INJURED,PRIMARY_RAMP,SECONDARY_RAMP,LATITUDE,LONGITUDE,COUNTY,CITY,POINT_X,POINT_Y
9470703,2023,2023-10-09,3801,2023-08-31,2347,1078,NORTH,4,5,7,3801,0,0,0,,0,3E12E,"FILLMORE ST","FULTON ST",0.00,,Y,A,-,N,,,,,,,,,,Y,4,0,1,2,A,-,12,21453,A,N,D,C,A,A,H,-,C,A,0,,,Y,,Y,,C,03,0,0,1,0,0,0,0,0,1,"- ","- ",,,"SAN FRANCISCO","SAN FRANCISCO",-122.43155670166016,37.777690887451172
9471347,2023,2023-11-04,3801,2023-09-05,1539,104,TRAFF,2,5,7,3801,0,0,0,,0,104,"FOLSOM ST","HALLAM ST",32.00,E,N,A,-,N,,,,,,,,,,N,4,0,3,2,A,-,17,22517,,N,B,C,A,A,H,-,A,D,0,,,,,Y,,A,01,0,0,3,0,0,0,0,0,0,"- ","- ",,,"SAN FRANCISCO","SAN FRANCISCO",-122.40878295898438,37.776012420654297
9472001,2022,2022-07-19,3801,2022-06-07,0845,1109,INGLE,2,5,7,3801,0,0,0,,0,,ALEMANY,TINGLEY,0.00,,Y,A,-,N,,,,,,,,,,Y,4,0,2,2,A,-,09,21802,A,N,D,C,A,A,H,-,A,A,0,,,,,Y,,A,01,0,0,2,0,0,0,0,0,0,"- ","- ",,,"SAN FRANCISCO","SAN FRANCISCO",-122.43402099609375,37.729358673095703
9472002,2022,2022-09-26,3801,2022-06-06,1447,2088,INGLE,1,5,7,3801,0,0,0,,0,,"EXCELSIOR AV","MADRID ST",0.00,,Y,A,-,N,,,,,,,,,,N,3,0,1,2,A,-,03,22350,,N,D,J,A,A,H,-,A,A,0,,,,,Y,,-,,0,1,0,0,0,0,0,0,0,"- ","- ",,,"SAN FRANCISCO","SAN FRANCISCO",-122.430419921875,37.724723815917969
9472003,2022,2022-07-19,3801,2022-06-06,1005,1003,INGLE,1,5,7,3801,0,0,0,,0,3CAR,"MISSION ST","SILVER AV",0.00,,Y,A,-,N,,,,,,,,,,N,3,0,1,2,A,-,10,21950,A,N,G,B,B,A,H,-,A,A,0,Y,,,,Y,Y,A,07,0,1,0,0,1,0,0,0,0,"- ","- ",,,"SAN FRANCISCO","SAN FRANCISCO",-122.43128204345703,37.728736877441406
9472004,2022,2022-07-27,3801,2022-06-05,0007,1709,INGLE,7,5,7,3801,0,0,0,,0,005,"GENEVA AV","RT 280",0.00,,Y,A,-,Y,SF,4,280,-,R,1.851,R,4,N,Y,4,0,1,2,A,-,09,21801,,N,D,C,A,A,H,-,C,A,0,,,,,Y,,A,01,0,0,1,0,0,0,0,0,0,"- ",SO,,,"SAN FRANCISCO","SAN FRANCISCO",-122.44725799560547,37.724128723144531
9472005,2022,2022-07-19,3801,2022-06-04,1614,1911,RICHM,6,5,7,3801,0,0,0,,0,0G2,"PRESIDIO AV","CALIFORNIA ST",50.00,N,N,A,-,N,,,,,,,,,,N,4,0,1,2,A,-,03,22350,,F,C,C,A,A,H,-,A,A,0,,,,,Y,,A,01,0,0,1,0,0,0,0,0,0,"- ","- ",,,"SAN FRANCISCO","SAN FRANCISCO",-122.44680786132812,37.787395477294922
9472006,2022,2022-07-19,3801,2022-06-07,1425,986,TARAV,2,5,7,3801,0,0,0,,0,3I14B,"SKYLINE BL","JOHN MUIR DR",0.00,,Y,A,-,N,,,,,,,,,,Y,3,0,2,3,A,-,12,21453,A,N,D,C,A,A,H,-,A,A,0,,,,,Y,,A,07,0,1,1,0,0,0,0,0,0,"- ","- ",,,"SAN FRANCISCO","SAN FRANCISCO",-122.50016021728516,37.718944549560547
9472008,2022,2022-07-19,3801,2022-06-08,0805,156,BAYVI,3,5,7,3801,0,0,0,,0,3C60,"OAKDALE AV","TOLAND AV",0.00,,Y,A,-,N,,,,,,,,,,Y,4,0,1,4,A,-,07,21658,A,N,A,E,A,A,H,-,A,D,0,,,,,Y,,A,01,0,0,1,0,0,0,0,0,0,"- ","- ",,,"SAN FRANCISCO","SAN FRANCISCO",-122.40155029296875,37.740951538085938
9472009,2022,2022-07-19,3801,2022-06-08,1722,319,CENTR,3,5,7,3801,0,0,0,,0,3A12D,"NEW MONTGOMERY ST","STEVENSON ST",44.00,W,N,A,-,N,,,,,,,,,,N,3,0,1,3,A,-,03,22350,A,N,H,B,D,A,H,-,A,D,0,Y,,,,Y,,A,01,0,1,0,0,1,0,0,0,0,"- ","- ",,,"SAN FRANCISCO","SAN FRANCISCO",-122.40161895751953,37.788383483886719
9472010,2022,2022-07-19,3801,2022-06-09,1625,2342,NORTH,4,5,7,3801,0,0,0,,0,3E14D,"LAGUNA ST","PAGE ST",0.00,,Y,A,-,N,,,,,,,,,,N,3,0,1,2,A,-,10,21950,A,N,D,B,B,A,H,-,A,D,0,Y,,,,Y,,A,01,0,1,0,0,1,0,0,0,0,"- ","- ",,,"SAN FRANCISCO","SAN FRANCISCO",-122.42569732666016,37.773658752441406
9472011,2022,2022-07-19,3801,2022-06-07,1507,A21165,NORTH,2,5,7,3801,0,0,0,,0,3E44C,"LAGUNA ST","FELL ST",0.00,,Y,A,-,N,,,,,,,,,,N,4,0,1,2,A,-,05,21752,D,N,D,C,A,A,H,-,A,A,0,,,Y,,Y,,C,02,0,0,1,0,0,0,0,0,1,"- ","- ",,,"SAN FRANCISCO","SAN FRANCISCO",-122.42610168457031,37.775527954101562
9472024,2022,2022-07-18,3801,2022-06-08,1456,1994,TAFFI,3,5,7,3801,0,0,0,,0,4B3D,"STOCKTON ST","SOUTH TUNNEL ENT",185.00,N,N,A,-,N,,,,,,,,,,Y,2,0,2,3,A,-,05,21460,A,N,B,C,A,A,H,-,A,D,0,,,Y,,Y,,C,02,1,0,1,0,0,0,0,0,1,"- ","- ",,,"SAN FRANCISCO","SAN FRANCISCO",,
9472025,2022,2022-07-25,3801,2022-06-05,1026,73,TRAFF,7,5,7,3801,0,0,0,,0,4B1B,"PERSIA AV","MISSION ST",0.00,,Y,C,-,N,,,,,,,,,,Y,4,0,3,4,A,-,12,21453,A,F,B,C,A,B,H,-,A,A,0,,,,,Y,Y,A,01,0,0,3,0,0,0,0,0,0,"- ","- ",,,"SAN FRANCISCO","SAN FRANCISCO",-122.43596649169922,37.723140716552734
9472026,2022,2022-07-13,3801,2022-06-02,1455,1246,BAYVI,4,5,7,3801,0,0,0,,0,3C44C,"FELTON ST","PRINCETON ST",44.00,E,N,A,-,N,,,,,,,,,,N,4,0,2,2,A,-,03,22350,,N,C,E,A,A,H,-,A,D,0,,,,,Y,,A,01,0,0,2,0,0,0,0,0,0,"- ","- ",,,"SAN FRANCISCO","SAN FRANCISCO",-122.415283203125,37.727256774902344
9472028,2022,2022-07-18,3801,2022-06-05,1027,379,TRAFF,7,5,7,3801,0,0,0,,0,4B3H,"PERSIA AV","LONDON ST",195.00,E,N,B,C,N,,,,,,,,,,Y,3,0,4,7,A,-,17,21663,,F,G,B,F,B,H,-,A,A,0,Y,,,,Y,,A,01,0,1,3,0,1,0,0,0,0,"- ","- ",,,"SAN FRANCISCO","SAN FRANCISCO",-122.43460083007812,37.722492218017578
9472029,2022,2022-07-18,3801,2022-06-16,1214,830,MISSI,4,5,7,3801,0,0,0,,0,3D15A,"18TH ST","MISSION ST",0.00,,Y,A,-,N,,,,,,,,,,N,3,0,2,2,A,-,17,21235,G,N,H,A,A,A,H,-,A,A,0,,,,,Y,,M,94,0,1,1,0,0,0,0,0,0,"- ","- ",,,"SAN FRANCISCO","SAN FRANCISCO",-122.41936492919922,37.7618408203125
9472030,2022,2022-07-13,3801,2022-06-16,1038,2196,MISSI,4,5,7,3801,0,0,0,,0,3D2A,"CHURCH ST","HILL ST",41.00,S,N,A,-,N,,,,,,,,,,N,2,0,1,1,A,-,03,22350,,N,A,I,A,A,H,-,A,D,0,,Y,,,Y,,L,04,1,0,0,0,0,0,1,0,0,"- ","- ",,,"SAN FRANCISCO","SAN FRANCISCO",-122.42781066894531,37.755577087402344
9472114,2022,2022-07-14,3801,2022-06-05,1645,2716,PARK,7,5,7,3801,0,0,0,,0,3F13D,"STANYAN ST","PAGE ST",120.00,N,N,B,-,N,,,,,,,,,,N,3,0,1,2,A,-,08,22107,,N,D,C,A,A,H,-,A,D,0,,,Y,,Y,,A,01,0,1,0,0,0,0,0,0,1,"- ","- ",,,"SAN FRANCISCO","SAN FRANCISCO",-122.45378112792969,37.770427703857422
9472115,2022,2022-07-14,3801,2022-06-14,2027,4041,TARAV,2,5,7,3801,0,0,0,,0,3I13D,"36TH AV","ULLOA ST",0.00,,Y,B,-,N,,,,,,,,,,N,4,0,1,2,A,-,00,22345,,N,D,C,A,A,H,-,C,A,0,,,,,Y,,A,07,0,0,1,0,0,0,0,0,0,"- ","- ",,,"SAN FRANCISCO","SAN FRANCISCO",-122.49378967285156,37.740383148193359
9472116,2022,2022-07-14,3801,2022-06-14,1524,2384,TARAV,2,5,7,3801,0,0,0,,0,3I15D,"SAN BENITO WY","SAN ANSELMO AV",0.00,,Y,A,-,N,,,,,,,,,,Y,4,0,1,2,A,-,21,22106,,N,D,C,A,A,-,-,A,A,0,,,,,Y,,A,01,0,0,1,0,0,0,0,0,0,"- ","- ",,,"SAN FRANCISCO","SAN FRANCISCO",-122.46730041503906,37.737098693847656
9472117,2022,2022-07-14,3801,2022-06-15,1859,309,TARAV,3,5,7,3801,0,0,0,,0,3111D,"KIRKHAM ST","10TH AV",0.00,,Y,A,-,N,,,,,,,,,,N,3,0,1,2,A,-,04,21703,,F,C,G,A,A,H,-,A,A,0,,Y,,,Y,,A,01,0,1,0,0,0,0,1,0,0,"- ","- ",,,"SAN FRANCISCO","SAN FRANCISCO",-122.46714019775391,37.760246276855469
9472118,2022,2022-07-14,3801,2022-06-15,0752,1129,TARAV,3,5,7,3801,0,0,0,,0,002,"NORIEGA ST","21ST AV",0.00,,Y,A,-,N,,,,,,,,,,N,4,0,1,2,A,-,10,21950,A,N,-,B,B,A,H,-,A,A,0,Y,,,,Y,,A,01,0,0,1,0,1,0,0,0,0,"- ","- ",,,"SAN FRANCISCO","SAN FRANCISCO",-122.47863006591797,37.754127502441406
9472119,2022,2022-08-15,3801,2022-06-06,2337,400,SOUTH,1,5,7,3801,0,0,0,,0,,"BRANNAN ST","DIVISION ST",0.00,,Y,A,-,N,,,,,,,,,,N,4,0,1,2,A,-,03,22350,,F,E,J,-,A,D,-,C,A,0,Y,,,,Y,,A,01,0,0,1,0,1,0,0,0,0,"- ","- ",,,"SAN FRANCISCO","SAN FRANCISCO",-122.40788269042969,37.769218444824219
9472120,2022,2022-07-14,3801,2022-06-12,2157,1466,SOUTH,7,5,7,3801,0,0,0,,0,0B2,"HARRISON ST","06TH ST",0.00,,Y,A,-,N,,,,,,,,,,N,3,0,1,2,A,-,12,21453,A,M,G,B,-,A,H,-,C,-,0,Y,,,,Y,,A,01,0,1,0,0,1,0,0,0,0,"- ","- ",,,"SAN FRANCISCO","SAN FRANCISCO",,
9472211,2022,2022-07-20,3801,2022-05-31,1043,392,MISSI,2,5,7,3801,0,0,0,,0,3D14A,"26TH ST","MISSION ST",7.00,E,N,A,-,N,,,,,,,,,,N,3,0,1,2,A,-,10,21950,A,N,D,B,B,B,H,-,A,A,0,Y,,,,Y,,A,01,0,1,0,0,1,0,0,0,0,"- ","- ",,,"SAN FRANCISCO","SAN FRANCISCO",-122.41811370849609,37.749061584472656
9472212,2022,2022-07-20,3801,2022-05-29,1234,1511,BAYVI,7,5,7,3801,0,0,0,,0,3C14C,"BAYSHORE BL","SALINAS AV",0.00,,Y,A,-,N,,,,,,,,,,Y,3,0,2,2,A,-,08,22107,,N,D,C,A,A,H,-,A,D,0,,,,,Y,,A,08,0,1,1,0,0,0,0,0,0,"- ","- ",,,"SAN FRANCISCO","SAN FRANCISCO",-122.39991760253906,37.7215576171875
9472213,2022,2022-07-20,3801,2022-05-24,2215,1741,SOUTH,2,5,7,3801,0,0,0,,0,901,"HARRISON ST","4TH ST",0.00,,Y,A,-,N,,,,,,,,,,Y,4,0,1,2,A,-,08,22107,,N,D,C,A,A,H,-,C,A,0,,,,,Y,,A,01,0,0,1,0,0,0,0,0,0,"- ","- ",,,"SAN FRANCISCO","SAN FRANCISCO",-122.39962768554688,37.780776977539062
9472214,2022,2022-07-20,3801,2022-05-22,0100,4341,BAYVI,7,5,7,3801,0,0,0,,0,901,"NAPOLEON ST","EVANS AV",513.00,W,N,A,-,N,,,,,,,,,,N,2,0,1,2,A,-,03,22350,,F,D,C,A,A,G,-,C,D,0,,,Y,,Y,,C,02,1,0,0,0,0,0,0,0,1,"- ","- ",,,"SAN FRANCISCO","SAN FRANCISCO",-122.39772033691406,37.747097015380859
9472215,2022,2022-07-21,3801,2022-05-15,0915,179,NORTH,7,5,7,3801,0,0,0,,0,3E12A,"GEARY BL","DIVISADERO ST",0.00,,Y,A,-,N,,,,,,,,,,Y,4,0,3,2,D,-,00,,,N,D,C,A,A,H,-,A,A,0,,,,,Y,,-,"- ",0,0,3,0,0,0,0,0,0,"- ","- ",,,"SAN FRANCISCO","SAN FRANCISCO",-122.43947601318359,37.783359527587891
9472254,2022,2022-07-20,3801,2022-06-24,1536,2202,INGLE,5,5,7,3801,0,0,0,,0,3H13A,"BOSWORTH ST","BROMPTON AV",0.00,,Y,A,-,N,,,,,,,,,,Y,3,0,1,2,A,-,07,21658,A,N,F,C,A,A,H,-,A,D,0,,,,,Y,,A,01,0,1,0,0,0,0,0,0,0,"- ","- ",,,"SAN FRANCISCO","SAN FRANCISCO",-122.43499755859375,37.733688354492188
9472255,2022,2022-11-04,3801,2022-06-01,1305,1501,INGLE,3,5,7,3801,0,0,0,,0,3H13A,"MISSION ST","EXCELSIOR AV",52.00,N,N,A,-,N,,,,,,,,,,N,4,0,1,2,A,-,04,21703,,N,-,C,A,A,H,-,A,A,0,,,,,Y,,A,01,0,0,1,0,0,0,0,0,0,"- ","- ",,,"SAN FRANCISCO","SAN FRANCISCO",-122.43354797363281,37.726360321044922
9472256,2022,2022-07-20,3801,2022-06-08,1420,570,MISSI,3,5,7,3801,0,0,0,,0,3D42C,"25TH ST","NOE ST",37.00,E,N,A,-,N,,,,,,,,,,N,4,0,1,2,A,-,03,22350,,F,C,C,A,A,H,-,A,D,0,,,,,Y,,A,07,0,0,1,0,0,0,0,0,0,"- ","- ",,,"SAN FRANCISCO","SAN FRANCISCO",-122.43157958984375,37.749839782714844
9472257,2022,2022-07-21,3801,2022-06-04,0737,2202,INGLE,6,5,7,3801,0,0,0,,0,3H13A,"ALEMANY BL","CONGDON ST",0.00,,Y,A,-,N,,,,,,,,,,Y,3,0,2,2,A,-,12,21453,A,N,D,C,A,A,H,-,A,A,0,,,,Y,Y,,F,21,0,1,1,0,0,0,0,0,0,"- ","- ",,,"SAN FRANCISCO","SAN FRANCISCO",-122.42619323730469,37.731166839599609
9472259,2022,2022-08-31,3801,2022-06-23,1400,312,TARAV,4,5,7,3801,0,0,0,,0,2CAR,"SANTIAGO ST","19TH AV",0.00,,Y,B,-,N,,,,,,,,,,N,4,0,1,2,A,-,09,21804,A,F,D,C,A,A,H,-,A,D,0,,,,,Y,Y,A,01,0,0,1,0,0,0,0,0,0,"- ","- ",,,"SAN FRANCISCO","SAN FRANCISCO",-122.47579956054688,37.744903564453125
9472265,2022,2022-07-20,3801,2022-03-16,1520,4314,RICHM,3,5,7,3801,0,0,0,,0,0G3,"8TH AV","CLEMENT ST",166.00,S,N,A,-,N,,,,,,,,,,Y,3,0,3,3,A,-,21,22106,,N,D,C,E,A,H,-,A,D,0,Y,,,,Y,,A,01,0,1,2,0,1,0,0,0,0,"- ","- ",,,"SAN FRANCISCO","SAN FRANCISCO",-122.46652984619141,37.782386779785156
9472266,2022,2022-07-20,3801,2022-03-24,0645,1387,CENTR,4,5,7,3801,0,0,0,,0,3A14A,"WASHINGTON ST","EMBARCADERO N",0.00,,Y,A,-,N,,,,,,,,,,N,4,0,1,2,A,-,12,21453,A,N,G,B,B,A,H,-,A,A,0,Y,,,,Y,,A,01,0,0,1,0,1,0,0,0,0,"- ","- ",,,"SAN FRANCISCO","SAN FRANCISCO",-122.39556121826172,37.796642303466797
9472267,2022,2022-07-20,3801,2022-03-21,0935,4265,INGLE,1,5,7,3801,0,0,0,,0,4CAR,"MISSION ST","SILVER AV",0.00,,Y,A,-,N,,,,,,,,,,N,3,0,1,2,A,-,05,21460,A,N,-,C,A,A,H,-,A,A,0,,,Y,,Y,,C,02,0,1,0,0,0,0,0,0,1,"- ","- ",,,"SAN FRANCISCO","SAN FRANCISCO",-122.43128204345703,37.728736877441406
9472268,2022,2022-07-20,3801,2022-03-18,1531,2580,SOUTH,5,5,7,3801,0,0,0,,0,901,"8TH ST","HARRISON ST",20.00,S,N,A,-,N,,,,,,,,,,N,4,0,1,2,A,-,08,22107,,N,D,J,A,A,H,-,A,A,0,,,Y,,Y,,A,01,0,0,1,0,0,0,0,0,1,"- ","- ",,,"SAN FRANCISCO","SAN FRANCISCO",-122.40847778320312,37.773719787597656
9472269,2022,2022-07-20,3801,2022-03-05,1853,2241,NORTH,6,5,7,3801,0,0,0,,0,3E13D,"EDDY ST","FRANKLIN ST",0.00,,Y,A,-,N,,,,,,,,,,N,4,0,1,2,A,-,08,22107,,N,B,G,A,A,H,-,C,A,0,,Y,,,Y,,-,,0,0,1,0,0,0,1,0,0,"- ","- ",,,"SAN FRANCISCO","SAN FRANCISCO",-122.42243957519531,37.782665252685547
9472270,2022,2022-07-20,3801,2022-03-23,1445,426,NORTH,3,5,7,3801,0,0,0,,0,3E13D,"FRANKLIN ST","BUSH ST",6.00,N,N,A,-,N,,,,,,,,,,N,3,0,1,2,A,-,10,21950,A,N,G,B,B,A,H,-,A,A,0,Y,,,,Y,,A,07,0,1,0,0,1,0,0,0,0,"- ","- ",,,"SAN FRANCISCO","SAN FRANCISCO",-122.423583984375,37.788295745849609
9472273,2022,2022-07-20,3801,2022-04-04,1608,2475,CENTR,1,5,7,3801,0,0,0,,0,3A11D,"GEARY ST","HYDE ST",0.00,,Y,A,-,N,,,,,,,,,,N,4,0,1,2,A,-,05,21650,1,N,A,G,A,A,-,-,A,D,0,,Y,,,Y,,L,04,0,0,1,0,0,0,1,0,0,"- ","- ",,,"SAN FRANCISCO","SAN FRANCISCO",-122.41645050048828,37.786319732666016
9472274,2022,2022-07-20,3801,2022-03-17,1050,1513,RICHM,4,5,7,3801,0,0,0,,0,3G11A,"CHAIN OF LAKES E","CHAIN OF LAKES",0.00,,Y,A,-,N,,,,,,,,,,N,4,0,1,2,A,-,09,21800,A,N,D,G,A,-,G,-,A,D,0,,Y,,,Y,,L,04,0,0,1,0,0,0,1,0,0,"- ","- ",,,"SAN FRANCISCO","SAN FRANCISCO",,
9472797,2021,2022-08-19,3801,2021-12-14,1518,278,TENDE,2,5,7,3801,0,0,0,,0,TENDER,"ELLIS ST","TAYLOR ST",0.00,,Y,A,-,N,,,,,,,,,,N,4,0,1,2,A,-,03,22350,A,N,D,J,A,-,H,-,A,A,0,,,Y,,Y,,C,03,0,0,1,0,0,0,0,0,1,"- ","- ",,,"SAN FRANCISCO","SAN FRANCISCO",-122.41112518310547,37.78509521484375
94738240,2024,2025-06-25,9335,2024-12-21,"245 ",023366,,6,3,7,3801,0,1,2,,2,013,"US-101 S/B","SILVER AVE",1020.00,N,N,A,-,Y,SF,,101," "," ",1.968,H,,L,Y,1,1,1,2,A,-,00,21960,A,N,H,G,A,A,H,-,C,D,0,,Y,,,Y,,L,04,0,0,1,0,0,1,0,0,0,"- ","- ",37.735240936279297,-122.40689086914062,"SAN FRANCISCO","SAN FRANCISCO",-122.40687561035156,37.735244750976562
9478135,2022,2022-08-09,3801,2022-07-12,1438,1707,NORTH,2,5,7,3801,0,0,0,,0,3E13C,"POLK ST","MYRTLE ST",0.00,,Y,A,-,N,,,,,,,,,,N,4,0,1,2,A,-,09,21801,A,N,D,J,A,A,H,-,A,A,0,,,,,Y,,D,22,0,0,1,0,0,0,0,0,0,"- ","- ",,,"SAN FRANCISCO","SAN FRANCISCO",-122.41963958740234,37.785427093505859
9478138,2022,2022-08-09,3801,2022-07-03,1948,2167,NORTH,7,5,7,3801,0,0,0,,0,3E14E,"VAN NESS AV","BUSH ST",0.00,,Y,A,-,N,,,,,,,,,,Y,4,0,1,2,A,-,12,21453,A,F,D,C,A,A,H,-,A,A,0,,,,,Y,,A,01,0,0,1,0,0,0,0,0,0,"- ","- ",,,"SAN FRANCISCO","SAN FRANCISCO",-122.42191314697266,37.788490295410156
9478914,2022,2022-08-09,3801,2022-04-07,0941,4286,RICHM,4,5,7,3801,0,0,0,,0,0G2,"WASHINGTON ST","LAUREL ST",5.00,E,N,A,-,N,,,,,,,,,,N,3,0,1,2,A,-,10,21950,A,N,B,B,B,A,H,-,A,D,0,Y,,,,Y,,A,01,0,1,0,0,1,0,0,0,0,"- ","- ",,,"SAN FRANCISCO","SAN FRANCISCO",-122.45065307617188,37.789524078369141
9478917,2022,2022-09-08,3801,2022-04-07,1518,2134,TENDE,4,5,7,3801,0,0,0,,0,3J11D,"7TH ST","MARKET ST",0.00,,N,A,-,N,,,,,,,,,,N,4,0,1,3,A,-,17,22517,,N,H,G,A,A,H,-,A,A,0,,Y,,,Y,,-,,0,0,1,0,0,0,1,0,0,"- ","- ",,,"SAN FRANCISCO","SAN FRANCISCO",-122.41251373291016,37.780479431152344
9478918,2022,2022-08-09,3801,2022-04-13,0610,4294,NORTH,3,5,7,3801,0,0,0,,0,0E1,"OCTAVIA ST","PAGE ST",0.00,,Y,A,-,N,,,,,,,,,,N,3,0,1,2,A,-,12,21453,A,F,D,G,A,A,H,-,A,A,0,,Y,,,Y,,A,01,0,1,0,0,0,0,1,0,0,"- ","- ",,,"SAN FRANCISCO","SAN FRANCISCO",-122.42411041259766,37.773883819580078
9478919,2022,2022-08-09,3801,2022-04-14,1200,826,BAYVI,4,5,7,3801,0,0,0,,0,03C,"CESAR CHAVEZ ST","CONNECTICUT ST",25.00,W,N,B,C,N,,,,,,,,,,N,4,0,1,2,A,-,08,22107,,N,B,C,A,B,H,-,A,D,0,,,,,Y,,A,01,0,0,1,0,0,0,0,0,0,"- ","- ",,,"SAN FRANCISCO","SAN FRANCISCO",-122.39635467529297,37.749744415283203
9478920,2022,2022-08-09,3801,2022-04-23,0714,1936,TRAFF,6,5,7,3801,0,0,0,,0,4B1D,"BROTHERHOOD WY","ARCH ST",0.00,,Y,A,-,N,,,,,,,,,,Y,2,0,1,2,A,-,11,21453,D,N,D,C,A,A,H,-,A,A,0,,,Y,,Y,,C,02,1,0,0,0,0,0,0,0,1,"- ","- ",,,"SAN FRANCISCO","SAN FRANCISCO",-122.46707916259766,37.712368011474609
9478956,2022,2022-08-10,3801,2022-07-17,1054,1210,TARAV,7,5,7,3801,0,0,0,,0,0I5,"JUNIPERO SERRA BL","WINSTON DR",0.00,,Y,A,-,N,,,,,,,,,,Y,3,0,1,1,B,-,22,,,N,F,I,A,A,H,-,A,D,0,,,,,Y,,A,07,0,1,0,0,0,0,0,0,0,"- ","- ",,,"SAN FRANCISCO","SAN FRANCISCO",-122.47236633300781,37.726837158203125
9478957,2022,2022-10-03,3801,2022-07-07,1831,1442,NORTH,4,5,7,3801,0,0,0,,0,3E12D,"TURK ST","STEINER ST",0.00,,Y,A,-,N,,,,,,,,,,Y,4,0,2,2,A,-,12,21453,A,N,D,C,A,A,H,-,A,A,0,,,,,Y,,A,01,0,0,2,0,0,0,0,0,0,"- ","- ",,,"SAN FRANCISCO","SAN FRANCISCO",-122.43376922607422,37.780300140380859
9478958,2022,2022-08-10,3801,2022-07-09,1607,1926,NORTH,6,5,7,3801,0,0,0,,0,3E13D,"VAN NESS AV","UNION ST",0.00,,Y,A,-,N,,,,,,,,,,Y,2,0,2,2,A,-,08,22107,,N,D,C,A,A,H,-,A,A,0,,,Y,,Y,,C,02,1,0,1,0,0,0,0,0,2,"- ","- ",,,"SAN FRANCISCO","SAN FRANCISCO",-122.42391967773438,37.798561096191406
9478959,2022,2022-08-10,3801,2022-07-09,0319,1713,NORTH,6,5,7,3801,0,0,0,,0,3E2E,"FRANKLIN ST","CALIFORNIA ST",0.00,,Y,B,-,N,,,,,,,,,,N,3,0,1,2,A,-,03,22350,,N,C,C,A,B,H,-,C,A,0,,,Y,,Y,,C,02,0,1,0,0,0,0,0,0,1,"- ","- ",,,"SAN FRANCISCO","SAN FRANCISCO",-122.42397308349609,37.7901611328125
9478960,2022,2022-08-10,3801,2022-07-12,0931,1857,RICHM,2,5,7,3801,0,0,0,,0,3G12A,"SACRAMENTO ST","LAUREL ST",0.00,,Y,B,-,N,,,,,,,,,,N,3,0,1,2,A,-,10,21950,A,N,B,B,B,B,H,-,-,A,0,Y,,,,Y,,A,01,0,1,0,0,1,0,0,0,0,"- ","- ",,,"SAN FRANCISCO","SAN FRANCISCO",-122.45032501220703,37.787742614746094
9478962,2022,2022-08-10,3801,2022-07-09,1557,796,NORTH,6,5,7,3801,0,0,0,,0,3E15D,"WEBSTER ST","UNION ST",5.00,N,N,A,-,N,,,,,,,,,,N,3,0,1,2,A,-,10,21950,A,N,G,B,B,A,H,-,A,A,0,Y,,,,Y,,A,01,0,1,0,0,1,0,0,0,0,"- ","- ",,,"SAN FRANCISCO","SAN FRANCISCO",-122.43384552001953,37.797313690185547
9478963,2022,2022-09-08,3801,2022-07-09,0208,1017,NORTH,6,5,7,3801,0,0,0,,0,3E13E,"POLK ST","PINE ST",0.00,,Y,B,-,N,,,,,,,,,,N,4,0,1,2,A,-,03,22350,,F,C,C,A,B,H,-,C,A,0,,,Y,,Y,,A,01,0,0,1,0,0,0,0,0,0,"- ","- ",,,"SAN FRANCISCO","SAN FRANCISCO",-122.42050170898438,37.789642333984375
9478964,2022,2022-08-10,3801,2022-07-08,1636,1696,NORTH,5,5,7,3801,0,0,0,,0,3E13D,"CALIFORNIA ST","WEBSTER ST",0.00,,Y,A,-,N,,,,,,,,,,Y,3,0,2,2,A,-,09,21801,,N,D,C,A,A,H,-,A,A,0,,,,,Y,,A,01,0,1,1,0,0,0,0,0,0,"- ","- ",,,"SAN FRANCISCO","SAN FRANCISCO",-122.43218994140625,37.789100646972656