CASE_ID,ACCIDENT_YEAR,PROC_DATE,JURIS,COLLISION_DATE,COLLISION_TIME,OFFICER_ID,REPORTING_DISTRICT,DAY_OF_WEEK,CHP_SHIFT,POPULATION,CNTY_CITY_LOC,SPECIAL_COND,BEAT_TYPE,CHP_BEAT_TYPE,CITY_DIVISION_LAPD,CHP_BEAT_CLASS,BEAT_NUMBER,PRIMARY_RD,SECONDARY_RD,DISTANCE,DIRECTION,INTERSECTION,WEATHER_1,WEATHER_2,STATE_HWY_IND,CALTRANS_COUNTY,CALTRANS_DISTRICT,STATE_ROUTE,ROUTE_SUFFIX,POSTMILE_PREFIX,POSTMILE,LOCATION_TYPE,RAMP_INTERSECTION,SIDE_OF_HWY,TOW_AWAY,COLLISION_SEVERITY,NUMBER_KILLED,NUMBER_INJURED,PARTY_COUNT,PRIMARY_COLL_FACTOR,PCF_CODE_OF_VIOL,PCF_VIOL_CATEGORY,PCF_VIOLATION,PCF_VIOL_SUBSECTION,HIT_AND_RUN,TYPE_OF_COLLISION,MVIW,PED_ACTION,ROAD_SURFACE,ROAD_COND_1,ROAD_COND_2,LIGHTING,CONTROL_DEVICE,CHP_ROAD_TYPE,PEDESTRIAN_ACCIDENT,BICYCLE_ACCIDENT,MOTORCYCLE_ACCIDENT,TRUCK_ACCIDENT,NOT_PRIVATE_PROPERTY,ALCOHOL_INVOLVED,STWD_VEHTYPE_AT_FAULT,CHP_VEHTYPE_AT_FAULT,COUNT_SEVERE_INJ,COUNT_VISIBLE_INJ,COUNT_COMPLAINT_PAIN,COUNT_PED_KILLED,COUNT_PED_INJURED,COUNT_BICYCLIST_KILLED,COUNT_BICYCLIST_INJURED,COUNT_MC_KILLED,COUNT_MC_INJURED,PRIMARY_RAMP,SECONDARY_RAMP,LATITUDE,LONGITUDE,COUNTY,CITY,POINT_X,POINT_Y
9478966,2022,2022-09-15,3801,2022-07-14,1843,1833,NORTH,4,5,7,3801,0,0,0,,0,3E13D,"FRANKLIN ST","MYRTLE ST",40.00,N,N,A,-,N,,,,,,,,,,N,4,0,1,2,D,-,00,,,N,B,C,A,A,H,-,A,D,0,,,Y,,Y,,-,"- ",0,0,1,0,0,0,0,0,1,"- ","- ",,,"SAN FRANCISCO","SAN FRANCISCO",-122.42294311523438,37.785118103027344
9478967,2022,2022-08-10,3801,2022-07-12,0924,1194,SOUTH,2,5,7,3801,0,0,0,,0,0B5,"VERMONT ST","17TH ST",0.00,,Y,A,-,N,,,,,,,,,,N,3,0,1,2,A,-,10,21950,A,N,G,B,B,A,H,-,A,A,0,Y,,,,Y,,A,01,0,1,0,0,1,0,0,0,0,"- ","- ",,,"SAN FRANCISCO","SAN FRANCISCO",-122.40448760986328,37.764682769775391
9478968,2022,2022-08-10,3801,2022-07-14,1555,2210,SOUTH,4,5,7,3801,0,0,0,,0,0B4,"MISSION ST","11TH ST",0.00,,Y,A,-,N,,,,,,,,,,N,2,0,1,2,A,-,12,21453,A,N,D,B,B,A,H,-,A,A,0,Y,,,,Y,,M,94,1,0,0,0,1,0,0,0,0,"- ","- ",,,"SAN FRANCISCO","SAN FRANCISCO",-122.41709899902344,37.774330139160156
9478969,2022,2022-08-10,3801,2022-07-12,1110,50,TENDE,2,5,7,3801,0,0,0,,0,004,"GOLDEN GATE AV","JONES ST",0.00,,Y,A,-,N,,,,,,,,,,N,4,0,1,2,A,-,11,21950,B,N,G,B,B,A,H,-,A,A,0,Y,,,,Y,,N,60,0,0,1,0,1,0,0,0,0,"- ","- ",,,"SAN FRANCISCO","SAN FRANCISCO",-122.4122314453125,37.782081604003906
9478970,2022,2022-08-10,3801,2022-07-06,2250,933,CENTR,3,5,7,3801,0,0,0,,0,0A5,"MARKET ST","1ST ST",0.00,,Y,A,-,N,,,,,,,,,,N,3,0,1,1,A,-,07,21658,A,N,H,J,A,A,H,-,C,D,0,,,Y,,Y,Y,C,03,0,1,0,0,0,0,0,0,1,"- ","- ",,,"SAN FRANCISCO","SAN FRANCISCO",-122.39913940429688,37.791053771972656
9478971,2022,2022-08-10,3801,2022-07-08,1649,2408,RICHM,5,5,7,3801,0,0,0,,0,3A91A,"OFARRELL ST","POWELL ST",215.00,W,N,A,-,N,,,,,,,,,,N,4,0,1,2,A,-,17,21235,G,M,D,C,A,A,H,-,A,A,0,,,Y,,Y,,C,03,0,0,1,0,0,0,0,0,1,"- ","- ",,,"SAN FRANCISCO","SAN FRANCISCO",-122.40876007080078,37.786334991455078
9478972,2022,2022-08-10,3801,2022-07-09,2100,2354,TARAV,6,5,7,3801,0,0,0,,0,,"44TH AV","QUINTARA ST",100.00,S,N,A,-,N,,,,,,,,,,N,3,0,1,2,A,-,03,22350,,M,D,C,A,A,H,-,B,D,0,,,Y,,Y,,C,03,0,1,0,0,0,0,0,0,1,"- ","- ",,,"SAN FRANCISCO","SAN FRANCISCO",-122.50286102294922,37.747184753417969
9478973,2022,2022-08-10,3801,2022-07-11,1400,1389,BAYVI,1,5,7,3801,0,0,0,,0,3C12D,"PATTERSON ST","FLOWER ST",0.00,,Y,A,-,N,,,,,,,,,,N,4,0,1,2,A,-,11,21954,A,N,G,B,E,A,C,-,A,D,0,Y,,,,Y,,N,60,0,0,1,0,1,0,0,0,0,"- ","- ",,,"SAN FRANCISCO","SAN FRANCISCO",-122.40517425537109,37.742328643798828
9478974,2022,2022-08-10,3801,2022-07-11,1715,1389,BAYVI,1,5,7,3801,0,0,0,,0,3C12D,"BAY SHORE BL","JERROLD AV",0.00,,Y,B,-,N,,,,,,,,,,Y,3,0,1,1,A,-,03,22350,,N,F,J,A,A,B,-,A,D,0,,,Y,,Y,,C,02,0,1,0,0,0,0,0,0,1,"- ","- ",,,"SAN FRANCISCO","SAN FRANCISCO",-122.40361785888672,37.747386932373047
9478975,2022,2022-08-10,3801,2022-07-01,1952,1429,CENTR,5,5,7,3801,0,0,0,,0,3A13D,"PINE ST","TAYLOR ST",6.00,W,N,A,-,N,,,,,,,,,,N,3,0,1,2,A,-,10,21950,A,F,D,B,B,A,H,-,A,A,0,Y,,,,Y,Y,A,07,0,1,0,0,1,0,0,0,0,"- ","- ",,,"SAN FRANCISCO","SAN FRANCISCO",-122.41226959228516,37.790657043457031
9478976,2022,2022-08-10,3801,2022-07-02,0943,936,CENTR,6,5,7,3801,0,0,0,,0,3A13A,"NORTH POINT ST","POWELL ST",88.00,W,N,B,-,N,,,,,,,,,,N,3,0,1,2,A,-,17,22517,,N,B,G,A,A,H,-,A,D,0,,Y,,,Y,,A,01,0,1,0,0,0,0,1,0,0,"- ","- ",,,"SAN FRANCISCO","SAN FRANCISCO",-122.41242980957031,37.806728363037109
9478977,2022,2022-08-10,3801,2022-07-02,1040,1641,SOUTH,6,5,7,3801,0,0,0,,0,3B14A,"BRYANT ST","BEALE ST",0.00,,-,B,-,N,,,,,,,,,,N,4,0,1,2,A,-,08,22107,,N,H,J,A,A,H,-,A,A,0,,,Y,,Y,,A,01,0,0,1,0,0,0,0,0,1,"- ","- ",,,"SAN FRANCISCO","SAN FRANCISCO",-122.38969421386719,37.786220550537109
9478978,2022,2022-08-10,3801,2022-07-01,2353,2140,MISSI,5,5,7,3801,0,0,0,,0,3D11E,"MARKET ST","CHURCH ST",0.00,,Y,B,-,N,,,,,,,,,,N,2,0,1,2,A,-,11,21453,D,N,G,B,B,B,H,-,C,A,0,Y,,,,Y,,N,60,1,0,0,0,1,0,0,0,0,"- ","- ",,,"SAN FRANCISCO","SAN FRANCISCO",-122.42893981933594,37.767608642578125
9478979,2022,2022-08-10,3801,2022-07-04,0420,1336,NORTH,1,5,7,3801,0,0,0,,0,0E6,"FRANKLIN ST","PACIFIC AV",0.00,,Y,A,-,N,,,,,,,,,,N,2,0,1,2,A,-,03,22350,,F,G,B,E,A,H,-,C,A,0,Y,,,,Y,,A,07,1,0,0,0,1,0,0,0,0,"- ","- ",,,"SAN FRANCISCO","SAN FRANCISCO",-122.42485046386719,37.794609069824219
9478980,2022,2022-08-10,3801,2022-07-03,0311,4201,NORTH,7,5,7,3801,0,0,0,,0,3E13E,"LOMBARD ST","WEBSTER ST",0.00,,Y,B,E,N,,,,,,,,,,N,4,0,3,2,A,-,03,22350,,N,C,C,A,B,H,-,C,A,0,,,,,Y,,A,01,0,0,3,0,0,0,0,0,0,"- ","- ",,,"SAN FRANCISCO","SAN FRANCISCO",-122.43438720703125,37.800064086914062
9479361,2022,2022-08-18,3801,2022-07-03,0036,2307,NORTH,7,5,7,3801,0,0,0,,0,3E15E,"LOMBARD ST","FILLMORE ST",0.00,,Y,B,-,N,,,,,,,,,,N,2,0,1,2,A,-,12,21453,A,F,G,B,B,B,H,-,C,A,0,Y,,,,Y,Y,A,01,1,0,0,0,1,0,0,0,0,"- ","- ",,,"SAN FRANCISCO","SAN FRANCISCO",-122.43605041503906,37.799846649169922
9479362,2022,2022-08-18,3801,2022-07-01,2317,1402,SOUTH,5,5,7,3801,0,0,0,,0,3B12E,"HOWARD ST","3RD ST",0.00,,Y,A,-,N,,,,,,,,,,Y,4,0,1,2,A,-,04,21703,,F,C,C,A,A,H,-,C,A,0,,,,,Y,,-,99,0,0,1,0,0,0,0,0,0,"- ","- ",,,"SAN FRANCISCO","SAN FRANCISCO",-122.40049743652344,37.785007476806641
9479364,2022,2022-08-18,3801,2022-07-01,0750,504,NORTH,5,5,7,3801,0,0,0,,0,3E15A,"LOMBARD ST","DIVISADERO ST",0.00,,Y,A,-,N,,,,,,,,,,N,4,0,1,2,A,-,04,21703,,N,-,C,A,A,H,-,A,A,0,,,,,Y,,-,,0,0,1,0,0,0,0,0,0,"- ","- ",,,"SAN FRANCISCO","SAN FRANCISCO",-122.44264984130859,37.79901123046875
9479365,2022,2022-08-18,3801,2022-07-02,1230,1878,SOUTH,6,5,7,3801,0,0,0,,0,0B5,"CHANNEL ST","4TH ST",100.00,W,N,A,-,N,,,,,,,,,,Y,2,0,3,2,A,-,08,22107,,F,B,C,A,-,H,-,A,D,0,,,,,Y,,A,01,1,2,0,0,0,0,0,0,0,"- ","- ",,,"SAN FRANCISCO","SAN FRANCISCO",-122.39189147949219,37.774166107177734
9481255,2022,2022-08-08,3801,2022-07-25,1807,1182,INGLE,1,5,7,3801,0,0,0,,0,3H13D,"MISSION ST","APPLETON AV",0.00,,Y,B,-,N,,,,,,,,,,Y,4,0,1,2,A,-,05,21460,A,N,A,C,A,A,H,-,A,A,0,,,,Y,Y,,A,01,0,0,1,0,0,0,0,0,0,"- ","- ",,,"SAN FRANCISCO","SAN FRANCISCO",-122.4239501953125,37.738872528076172
9481257,2022,2022-08-08,3801,2022-07-23,0754,488,INGLE,6,5,7,3801,0,0,0,,0,3H11A,"OSHAUGHNESSY BL","BOSWORTH ST",220.00,W,N,E,-,N,,,,,,,,,,N,4,0,1,2,A,-,03,22350,,N,B,C,A,A,H,-,A,D,0,,,,,Y,,D,22,0,0,1,0,0,0,0,0,0,"- ","- ",,,"SAN FRANCISCO","SAN FRANCISCO",-122.44264221191406,37.735809326171875
9481261,2022,2022-08-23,3801,2022-07-26,0723,310,SOUTH,2,5,7,3801,0,0,0,,0,3B12A,"OTIS ST","DUBOCE AV",149.00,N,N,A,-,N,,,,,,,,,,Y,4,0,1,3,A,-,21,22106,,F,C,C,A,A,H,-,A,D,0,,,,,Y,,-,,0,0,1,0,0,0,0,0,0,"- ","- ",,,"SAN FRANCISCO","SAN FRANCISCO",-122.42022705078125,37.770538330078125
9481266,2022,2022-08-08,3801,2022-07-09,0815,2086,CENTR,6,5,7,3801,0,0,0,,0,3A11A,"CALIFORNIA ST","JONES ST",0.00,,Y,B,-,N,,,,,,,,,,Y,4,0,2,2,A,-,08,22107,,N,B,C,A,A,H,-,A,A,0,,,,,Y,,A,01,0,0,2,0,0,0,0,0,0,"- ","- ",,,"SAN FRANCISCO","SAN FRANCISCO",-122.41410827636719,37.791423797607422
9481268,2022,2022-08-08,3801,2022-07-08,2220,740,MISSI,5,5,7,3801,0,0,0,,0,0D6,"16TH ST","S VAN NESS AV",66.00,E,N,A,B,N,,,,,,,,,,N,3,0,1,2,A,-,17,22517,,N,H,G,A,A,H,-,C,D,0,,Y,,,Y,,D,22,0,1,0,0,0,0,1,0,0,"- ","- ",,,"SAN FRANCISCO","SAN FRANCISCO",-122.41725921630859,37.765190124511719
9481269,2022,2022-08-08,3801,2022-07-16,1250,1429,CENTR,6,5,7,3801,0,0,0,,0,3A13C,"CLAY ST","WALTER U LUM PL",0.00,,Y,A,-,N,,,,,,,,,,N,4,0,1,2,A,-,08,22107,,N,B,E,A,A,H,-,A,A,0,,,,,Y,,I,09,0,0,1,0,0,0,0,0,0,"- ","- ",,,"SAN FRANCISCO","SAN FRANCISCO",-122.40565490722656,37.794357299804688
9481359,2022,2022-08-05,3801,2022-06-27,1754,1100,TENDE,1,5,7,3801,0,0,0,,0,3J61K,"EDDY ST","TAYLOR ST",5.00,E,N,A,-,N,,,,,,,,,,N,4,0,1,2,A,-,10,21950,A,N,G,B,B,A,-,-,A,A,0,Y,,,,Y,,A,01,0,0,1,0,1,0,0,0,0,"- ","- ",,,"SAN FRANCISCO","SAN FRANCISCO",-122.41093444824219,37.784160614013672
9481360,2022,2022-08-05,3801,2022-06-01,1224,610,MISSI,3,5,7,3801,0,0,0,,0,3D11A,"MARKET ST","14TH ST",0.00,,Y,A,-,N,,,,,,,,,,N,2,0,2,2,A,-,11,21453,D,N,D,J,B,A,H,-,A,A,0,Y,,,,Y,,N,60,1,1,0,0,1,0,0,0,0,"- ","- ",,,"SAN FRANCISCO","SAN FRANCISCO",-122.4288330078125,37.767707824707031
9481461,2022,2022-11-07,3801,2022-07-23,1230,1961,INGLE,6,5,7,3801,0,0,0,,0,3H13C,"MISSION ST","RUSSIA AV",0.00,,N,A,-,N,,,,,,,,,,N,3,0,2,2,A,-,09,21804,A,F,D,C,A,A,H,-,A,D,0,,,,,Y,,-,,0,2,0,0,0,0,0,0,0,"- ","- ",,,"SAN FRANCISCO","SAN FRANCISCO",-122.43717956542969,37.721572875976562
9481462,2022,2022-08-08,3801,2022-07-22,2039,2268,INGLE,5,5,7,3801,0,0,0,,0,,"VIENNA ST","ITALY AV",0.00,,Y,A,-,N,,,,,,,,,,N,4,0,1,2,A,-,10,21950,,N,G,B,B,-,H,-,C,A,0,Y,,,,Y,,A,01,0,0,1,0,1,0,0,0,0,"- ","- ",,,"SAN FRANCISCO","SAN FRANCISCO",-122.43394470214844,37.715797424316406
9481463,2022,2022-08-08,3801,2022-07-20,1006,4286,RICHM,3,5,7,3801,0,0,0,,0,0G4,"ANZA ST","17TH AV",0.00,,Y,A,-,N,,,,,,,,,,N,4,0,1,2,A,-,12,22450,A,N,H,G,A,A,H,-,A,D,0,,Y,,,Y,,L,04,0,0,1,0,0,0,1,0,0,"- ","- ",,,"SAN FRANCISCO","SAN FRANCISCO",-122.47602844238281,37.778545379638672
9481464,2022,2022-08-08,3801,2022-07-25,1050,4265,INGLE,1,5,7,3801,0,0,0,,0,5CRA,"ALEMANY BL","NAGLEE AV",0.00,,Y,A,-,N,,,,,,,,,,N,4,0,1,2,A,-,10,21950,A,N,D,B,B,A,H,-,A,D,0,Y,,,,Y,,A,01,0,0,1,0,1,0,0,0,0,"- ","- ",,,"SAN FRANCISCO","SAN FRANCISCO",-122.44901275634766,37.713943481445312
9481465,2022,2022-08-08,3801,2022-07-23,1715,4361,MISSI,6,5,7,3801,0,0,0,,0,3D00,"GUERRERO ST","19TH ST",0.00,,Y,F,-,N,,,,,,,,,,N,3,0,1,2,A,-,17,21235,G,N,A,B,F,A,G,-,A,-,0,Y,,,,Y,,M,94,0,1,0,0,1,0,0,0,0,"- ","- ",,,"SAN FRANCISCO","SAN FRANCISCO",-122.42362976074219,37.759975433349609
9481466,2022,2022-08-08,3801,2022-07-27,1934,LI,BAYVI,3,5,7,3801,0,0,0,,0,3C11D,"23RD ST","DAKOTA ST",0.00,,Y,A,-,N,,,,,,,,,,Y,3,0,1,1,A,-,03,22350,,N,F,I,A,A,H,-,A,D,0,,,,,Y,,A,01,0,1,0,0,0,0,0,0,0,"- ","- ",,,"SAN FRANCISCO","SAN FRANCISCO",-122.39665222167969,37.754722595214844
9481467,2022,2022-08-08,3801,2022-07-27,0803,1530,BAYVI,3,5,7,3801,0,0,0,,0,3C15A,"3RD ST","GILMAN AV",60.00,S,N,A,-,N,,,,,,,,,,Y,4,0,1,2,A,-,09,21804,A,N,A,C,A,A,H,-,A,A,0,,,,,Y,,A,01,0,0,1,0,0,0,0,0,0,"- ","- ",,,"SAN FRANCISCO","SAN FRANCISCO",-122.39564514160156,37.722217559814453
9481468,2022,2022-08-08,3801,2022-07-02,0222,2237,TENDE,6,5,7,3801,0,0,0,,0,3J14E,"ELLIS ST","LARKIN ST",0.00,,Y,A,-,N,,,,,,,,,,N,3,0,1,2,A,-,11,21456,B,N,G,B,B,B,H,-,C,A,0,Y,,,,Y,,N,60,0,1,0,0,1,0,0,0,0,"- ","- ",,,"SAN FRANCISCO","SAN FRANCISCO",-122.417724609375,37.784248352050781
9481469,2022,2022-08-08,3801,2022-07-12,0404,276,NORTH,2,5,7,3801,0,0,0,,0,4CAR,"GOUGH ST","PINE ST",0.00,,Y,A,-,N,,,,,,,,,,Y,4,0,1,3,A,-,12,21453,A,F,D,C,A,A,H,-,C,A,0,,,,,Y,,A,01,0,0,1,0,0,0,0,0,0,"- ","- ",,,"SAN FRANCISCO","SAN FRANCISCO",-122.42542266845703,37.789009094238281
9481470,2022,2022-08-08,3801,2022-07-24,1710,172,RICHM,7,5,7,3801,0,0,0,,0,004,"CLEMENT ST","18TH AV",0.00,,Y,B,-,N,,,,,,,,,,Y,4,0,2,2,A,-,09,21802,A,N,D,C,A,A,H,-,A,A,0,,,,,Y,,A,07,0,0,2,0,0,0,0,0,0,"- ","- ",,,"SAN FRANCISCO","SAN FRANCISCO",-122.47737884521484,37.782352447509766
9481471,2022,2022-08-08,3801,2022-07-24,0024,1750,NORTH,7,5,7,3801,0,0,0,,0,0E3,"GOUGH ST","TURK ST",7.00,S,N,A,-,N,,,,,,,,,,N,3,0,1,2,A,-,10,21950,,F,G,B,B,A,H,-,C,A,0,Y,,,,Y,,A,01,0,1,0,0,1,0,0,0,0,"- ","- ",,,"SAN FRANCISCO","SAN FRANCISCO",-122.42391967773438,37.781509399414062
9481472,2022,2022-08-22,3801,2022-07-25,1037,796,NORTH,1,5,7,3801,0,0,0,,0,3E11A,"FILBERT ST","LAGUNA ST",0.00,,Y,A,-,N,,,,,,,,,,N,3,0,1,2,A,-,09,21800,A,N,H,C,A,A,H,-,A,A,0,,,,,Y,,M,94,0,1,0,0,0,0,0,0,0,"- ","- ",,,"SAN FRANCISCO","SAN FRANCISCO",-122.43073272705078,37.798641204833984
9481473,2022,2022-10-07,3801,2022-07-14,1217,1015,PARK,4,5,7,3801,0,0,0,,0,1CAR,"FREDERICK ST","COLE ST",0.00,,Y,A,-,N,,,,,,,,,,N,4,0,1,2,A,-,11,21950,B,N,G,B,B,A,H,-,A,D,0,Y,,,,Y,Y,N,60,0,0,1,0,1,0,0,0,0,"- ","- ",,,"SAN FRANCISCO","SAN FRANCISCO",-122.45016479492188,37.766735076904297
9481474,2022,2022-08-08,3801,2022-07-24,1235,1961,INGLE,7,5,7,3801,0,0,0,,0,3H13C,"BRUNSWICK ST","CONCORD ST",0.00,,Y,A,-,N,,,,,,,,,,Y,4,0,1,2,A,-,12,22450,A,N,D,C,A,A,H,-,A,A,0,,,,,Y,,A,01,0,0,1,0,0,0,0,0,0,"- ","- ",,,"SAN FRANCISCO","SAN FRANCISCO",-122.44216156005859,37.710918426513672
9481477,2022,2022-08-08,3801,2022-07-04,2126,2741,MISSI,1,5,7,3801,0,0,0,,0,901,"BRYANT ST","20TH ST",295.00,S,N,A,-,N,,,,,,,,,,N,4,0,1,2,A,-,03,22350,,M,G,B,E,A,G,-,B,D,0,Y,,,,Y,,-,99,0,0,1,0,1,0,0,0,0,"- ","- ",,,"SAN FRANCISCO","SAN FRANCISCO",-122.40967559814453,37.758403778076172
9481478,2022,2022-08-08,3801,2022-07-06,1541,4001,MISSI,3,5,7,3801,0,0,0,,0,3D4C,"BRYANT ST","25TH ST",177.00,S,N,A,-,N,,,,,,,,,,N,4,0,1,2,A,-,21,22106,,F,C,E,A,A,H,-,A,D,0,,,,,Y,,A,01,0,0,1,0,0,0,0,0,0,"- ","- ",,,"SAN FRANCISCO","SAN FRANCISCO",-122.40895843505859,37.750705718994141
9481480,2022,2022-08-23,3801,2022-07-16,1335,4132,MISSI,6,5,7,3801,0,0,0,,0,1CAR,"NOE ST","FORD ST",48.00,N,N,A,-,N,,,,,,,,,,N,3,0,1,2,A,-,08,22107,,N,B,C,A,A,H,-,A,D,0,,,Y,,Y,,A,01,0,1,0,0,0,0,0,0,1,"- ","- ",,,"SAN FRANCISCO","SAN FRANCISCO",-122.43289184570312,37.761940002441406
9481483,2022,2022-08-08,3801,2022-07-11,2147,2741,MISSI,1,5,7,3801,0,0,0,,0,901,"HARRISON ST","16TH ST",0.00,,Y,A,-,N,,,,,,,,,,N,3,0,1,2,A,-,09,21801,,N,D,J,A,A,H,-,C,A,0,,Y,,,Y,,A,01,0,1,0,0,0,0,1,0,0,"- ","- ",,,"SAN FRANCISCO","SAN FRANCISCO",-122.41314697265625,37.765449523925781
9481484,2022,2022-09-08,3801,2022-07-13,1630,233,MISSI,3,5,7,3801,0,0,0,,0,03D,"17TH ST","CHURCH ST",200.00,W,N,A,-,N,,,,,,,,,,N,4,0,1,1,A,-,04,21703,,N,H,-,A,A,H,-,A,D,0,,,,,Y,,M,94,0,0,1,0,0,0,0,0,0,"- ","- ",,,"SAN FRANCISCO","SAN FRANCISCO",-122.42919921875,37.762844085693359
9481485,2022,2022-08-08,3801,2022-07-14,1843,1198,MISSI,4,5,7,3801,0,0,0,,0,,"VALENCIA ST","CUNNINGHAM PL",0.00,,Y,A,-,N,,,,,,,,,,N,4,0,1,2,A,-,11,21955,,N,A,B,D,A,H,-,A,D,0,Y,,Y,,Y,,N,60,0,0,1,0,1,0,0,0,0,"- ","- ",,,"SAN FRANCISCO","SAN FRANCISCO",-122.42134094238281,37.759384155273438
9481487,2022,2022-08-08,3801,2022-07-04,2220,2143,MISSI,1,5,7,3801,0,0,0,,0,3D16D,"20TH ST","BRYANT ST",0.00,,Y,A,-,N,,,,,,,,,,N,3,0,1,2,A,-,17,21209,,F,C,B,E,A,H,-,C,D,0,Y,,,,Y,Y,A,01,0,1,0,0,1,0,0,0,0,"- ","- ",,,"SAN FRANCISCO","SAN FRANCISCO",-122.40977478027344,37.759212493896484
9481488,2022,2022-08-08,3801,2022-07-07,0900,1477,MISSI,4,5,7,3801,0,0,0,,0,,"FOLSOM ST","24TH ST",225.00,N,N,A,-,N,,,,,,,,,,N,4,0,2,2,A,-,04,21703,,N,C,C,A,A,H,-,A,D,0,,,,,Y,,A,01,0,0,2,0,0,0,0,0,0,"- ","- ",,,"SAN FRANCISCO","SAN FRANCISCO",-122.41415405273438,37.753128051757812
9481489,2022,2022-08-08,3801,2022-07-08,1808,203,MISSI,5,5,7,3801,0,0,0,,0,,"MISSION ST","24TH ST",44.00,N,N,A,-,N,,,,,,,,,,N,3,0,1,2,A,-,11,21950,B,N,G,B,D,A,H,-,A,D,0,Y,,Y,,Y,,N,60,0,1,0,0,1,0,0,0,0,"- ","- ",,,"SAN FRANCISCO","SAN FRANCISCO",-122.41849517822266,37.75238037109375
9481490,2022,2022-08-08,3801,2022-07-08,1215,1614,MISSI,5,5,7,3801,0,0,0,,0,MISSIO,"16TH ST","ALBION ST",0.00,,Y,A,-,N,,,,,,,,,,N,4,0,1,2,A,-,09,21801,A,N,A,C,A,A,H,-,A,D,0,,,Y,,Y,,A,01,0,0,1,0,0,0,0,0,1,"- ","- ",,,"SAN FRANCISCO","SAN FRANCISCO",-122.423095703125,37.764835357666016
9481491,2022,2022-08-08,3801,2022-07-11,1712,4001,MISSI,1,5,7,3801,0,0,0,,0,,"CAPP ST","19TH ST",35.00,S,N,A,-,N,,,,,,,,,,N,3,0,1,2,A,-,03,22350,,F,A,G,A,A,H,-,A,A,0,,Y,,,Y,,A,01,0,1,0,0,0,0,1,0,0,"- ","- ",,,"SAN FRANCISCO","SAN FRANCISCO",-122.41809844970703,37.76019287109375
9481492,2022,2022-08-08,3801,2022-07-09,1846,4023,MISSI,6,5,7,3801,0,0,0,,0,,"DOLORES ST","19TH ST",0.00,,Y,B,-,N,,,,,,,,,,,3,0,1,2,A,-,03,22350,,N,B,G,A,A,G,-,A,D,0,,Y,,,Y,,L,04,0,1,0,0,0,0,1,0,0,"- ","- ",,,"SAN FRANCISCO","SAN FRANCISCO",-122.42600250244141,37.759849548339844
9481493,2022,2022-08-08,3801,2022-07-15,2305,2425,MISSI,5,5,7,3801,0,0,0,,0,3D16D,"POTRERO AV","20TH ST",0.00,,Y,A,-,N,,,,,,,,,,Y,2,0,4,2,A,-,12,21453,A,N,A,C,A,A,H,-,C,A,0,,,,,Y,,A,01,4,0,0,0,0,0,0,0,0,"- ","- ",,,"SAN FRANCISCO","SAN FRANCISCO",-122.40694427490234,37.759372711181641
9481494,2022,2022-08-15,3801,2022-07-16,1543,4187,NORTH,6,5,7,3801,0,0,0,,0,3E15D,LOMBARD,"FILLMORE ST",0.00,W,N,A,-,N,,,,,,,,,,Y,4,0,1,1,B,-,22,,,N,E,I,A,A,H,-,A,A,0,,,,,Y,,A,01,0,0,1,0,0,0,0,0,0,"- ","- ",,,"SAN FRANCISCO","SAN FRANCISCO",-122.43605041503906,37.799846649169922
9481495,2022,2022-09-08,3801,2022-07-19,1719,2744,SOUTH,2,5,7,3801,0,0,0,,0,0B1,"1ST ST","HARRISON ST",0.00,,Y,A,-,N,,,,,,,,,,N,4,0,1,2,A,-,08,22107,,N,B,C,A,A,H,-,A,A,0,,,Y,,Y,,A,01,0,0,1,0,0,0,0,0,1,"- ","- ",,,"SAN FRANCISCO","SAN FRANCISCO",-122.39295959472656,37.786087036132812
9481496,2022,2022-09-08,3801,2022-07-18,2132,2175,BAYVI,1,5,7,3801,0,0,0,,0,3C13E,"PALOU AV","3RD ST",0.00,,Y,A,-,N,,,,,,,,,,,4,0,1,2,A,-,11,21954,A,N,G,B,E,A,H,-,C,-,0,Y,,,,Y,,N,60,0,0,1,0,1,0,0,0,0,"- ","- ",,,"SAN FRANCISCO","SAN FRANCISCO",-122.39105987548828,37.734039306640625
9481497,2022,2022-09-08,3801,2022-07-18,1230,LI,BAYVI,1,5,7,3801,0,0,0,,0,3C15D,"KEITH ST","SHAFTER AV",27.00,N,N,A,-,N,,,,,,,,,,N,4,0,1,2,D,-,00,,,N,B,E,A,A,H,-,A,D,0,,,,,Y,,-,"- ",0,0,1,0,0,0,0,0,0,"- ","- ",,,"SAN FRANCISCO","SAN FRANCISCO",-122.38881683349609,37.73004150390625
9481498,2022,2022-08-08,3801,2022-07-14,1655,2139,TARAV,4,5,7,3801,0,0,0,,0,901,"JUDAH ST","37TH AV",0.00,,Y,A,-,N,,,,,,,,,,Y,4,0,2,2,A,-,09,21800,A,N,D,C,A,A,H,-,A,A,0,,,,,Y,,A,01,0,0,2,0,0,0,0,0,0,"- ","- ",,,"SAN FRANCISCO","SAN FRANCISCO",-122.49630737304688,37.760841369628906
9481500,2022,2022-08-10,3801,2022-07-10,1630,1179,TENDE,7,5,7,3801,0,0,0,,0,3J12D,EMBARCADERO,"HOBART ST",0.00,,Y,A,-,N,,,,,,,,,,N,3,0,1,2,A,-,17,21209,A,N,H,I,A,A,G,-,A,-,0,,Y,,,Y,,-,,0,1,0,0,0,0,1,0,0,"- ","- ",,,"SAN FRANCISCO","SAN FRANCISCO",,
9481502,2022,2022-08-10,3801,2022-07-11,1610,2080,CENTR,1,5,7,3801,0,0,0,,0,3A15D,"SACRAMENTO ST","BATTERY ST",0.00,,Y,A,-,N,,,,,,,,,,N,4,0,1,2,A,-,12,21453,A,N,D,C,A,A,H,-,A,A,0,,,,,Y,,A,01,0,0,1,0,0,0,0,0,0,"- ","- ",,,"SAN FRANCISCO","SAN FRANCISCO",-122.40016174316406,37.794178009033203