CASE_ID,ACCIDENT_YEAR,PROC_DATE,JURIS,COLLISION_DATE,COLLISION_TIME,OFFICER_ID,REPORTING_DISTRICT,DAY_OF_WEEK,CHP_SHIFT,POPULATION,CNTY_CITY_LOC,SPECIAL_COND,BEAT_TYPE,CHP_BEAT_TYPE,CITY_DIVISION_LAPD,CHP_BEAT_CLASS,BEAT_NUMBER,PRIMARY_RD,SECONDARY_RD,DISTANCE,DIRECTION,INTERSECTION,WEATHER_1,WEATHER_2,STATE_HWY_IND,CALTRANS_COUNTY,CALTRANS_DISTRICT,STATE_ROUTE,ROUTE_SUFFIX,POSTMILE_PREFIX,POSTMILE,LOCATION_TYPE,RAMP_INTERSECTION,SIDE_OF_HWY,TOW_AWAY,COLLISION_SEVERITY,NUMBER_KILLED,NUMBER_INJURED,PARTY_COUNT,PRIMARY_COLL_FACTOR,PCF_CODE_OF_VIOL,PCF_VIOL_CATEGORY,PCF_VIOLATION,PCF_VIOL_SUBSECTION,HIT_AND_RUN,TYPE_OF_COLLISION,MVIW,PED_ACTION,ROAD_SURFACE,ROAD_COND_1,ROAD_COND_2,LIGHTING,CONTROL_DEVICE,CHP_ROAD_TYPE,PEDESTRIAN_ACCIDENT,BICYCLE_ACCIDENT,MOTORCYCLE_ACCIDENT,TRUCK_ACCIDENT,NOT_PRIVATE_PROPERTY,ALCOHOL_INVOLVED,STWD_VEHTYPE_AT_FAULT,CHP_VEHTYPE_AT_FAULT,COUNT_SEVERE_INJ,COUNT_VISIBLE_INJ,COUNT_COMPLAINT_PAIN,COUNT_PED_KILLED,COUNT_PED_INJURED,COUNT_BICYCLIST_KILLED,COUNT_BICYCLIST_INJURED,COUNT_MC_KILLED,COUNT_MC_INJURED,PRIMARY_RAMP,SECONDARY_RAMP,LATITUDE,LONGITUDE,COUNTY,CITY,POINT_X,POINT_Y
9481504,2022,2022-08-10,3801,2022-07-01,1327,1825,SOUTH,5,5,7,3801,0,0,0,,0,3B47,"5TH ST","CLEMENTINA ST",0.00,,Y,A,-,N,,,,,,,,,,Y,3,0,1,2,A,-,09,21800,A,F,D,C,A,A,H,-,A,D,0,,,,,Y,,A,01,0,1,0,0,0,0,0,0,0,"- ","- ",,,"SAN FRANCISCO","SAN FRANCISCO",-122.40390777587891,37.780712127685547
9481506,2022,2022-08-10,3801,2022-07-20,2134,740,MISSI,3,5,7,3801,0,0,0,,0,0D4,"CESAR CHAVEZ ST","SHOTWELL ST",0.00,,Y,A,-,N,,,,,,,,,,Y,4,0,1,2,A,-,12,21453,A,F,D,C,A,A,H,-,C,A,0,,,,,Y,,A,01,0,0,1,0,0,0,0,0,0,"- ","- ",,,"SAN FRANCISCO","SAN FRANCISCO",-122.41490936279297,37.7481689453125
9481507,2022,2022-08-10,3801,2022-07-22,1920,1198,MISSI,5,5,7,3801,0,0,0,,0,,"17TH ST","CHURCH ST",0.00,,Y,A,-,N,,,,,,,,,,N,4,0,1,1,A,-,17,21209,,N,H,I,A,A,H,-,A,D,0,,Y,,,Y,Y,-,"- ",0,0,1,0,0,0,1,0,0,"- ","- ",,,"SAN FRANCISCO","SAN FRANCISCO",-122.42851257324219,37.762882232666016
9481508,2022,2022-09-08,3801,2022-07-24,2040,1352,MISSI,7,5,7,3801,0,0,0,,0,3D44C,"18TH ST","VALENCIA ST",0.00,,Y,A,-,N,,,,,,,,,,N,4,0,1,2,A,-,09,21800,A,N,D,C,A,A,H,-,C,A,0,,,Y,,Y,,C,03,0,0,1,0,0,0,0,0,1,"- ","- ",,,"SAN FRANCISCO","SAN FRANCISCO",-122.42156219482422,37.761714935302734
9481509,2022,2022-08-10,3801,2022-07-23,1613,1160,SOUTH,6,5,7,3801,0,0,0,,0,0B1,"2ND ST","TEHAMA ST",0.00,,Y,A,-,N,,,,,,,,,,N,3,0,1,1,A,-,03,22350,,N,H,J,A,A,H,-,A,D,0,,Y,,,Y,,L,04,0,1,0,0,0,0,1,0,0,"- ","- ",,,"SAN FRANCISCO","SAN FRANCISCO",-122.39771270751953,37.786346435546875
9481510,2022,2022-08-10,3801,2022-07-23,0944,1316,RICHM,6,5,7,3801,0,0,0,,0,3G13A,"4TH AV","CLEMENT ST",109.00,S,N,B,C,N,,,,,,,,,,N,2,0,1,2,A,-,11,21950,B,N,G,B,D,B,H,-,A,D,0,Y,,,,Y,,N,60,1,0,0,0,1,0,0,0,0,"- ","- ",,,"SAN FRANCISCO","SAN FRANCISCO",-122.46225738525391,37.782741546630859
9481511,2022,2022-09-08,3801,2022-07-22,1811,1950,RICHM,5,5,7,3801,0,0,0,,0,3G3D,"FULTON ST","6TH AV",0.00,,Y,A,-,N,,,,,,,,,,Y,4,0,1,2,A,-,03,22350,,N,C,C,A,A,H,-,A,A,0,,,Y,,Y,,C,03,0,0,1,0,0,0,0,0,1,"- ","- ",,,"SAN FRANCISCO","SAN FRANCISCO",-122.46376037597656,37.773612976074219
9481512,2022,2022-08-10,3801,2022-07-22,1932,2407,MISSI,5,5,7,3801,0,0,0,,0,3D14D,"ALABAMA ST","26TH ST",0.00,,Y,A,-,N,,,,,,,,,,N,3,0,1,2,A,-,12,22450,A,F,D,G,A,A,H,-,A,A,0,,Y,,,Y,,A,01,0,1,0,0,0,0,1,0,0,"- ","- ",,,"SAN FRANCISCO","SAN FRANCISCO",-122.41063690185547,37.749500274658203
9481514,2022,2022-08-10,3801,2022-07-19,2307,359,TARAV,2,5,7,3801,0,0,0,,0,3I2E,"19TH AV","KIRKHAM ST",0.00,,Y,E,-,N,,,,,,,,,,Y,3,0,1,2,A,-,12,21453,A,N,D,C,A,A,H,-,C,A,0,,,,,Y,,A,01,0,1,0,0,0,0,0,0,0,"- ","- ",,,"SAN FRANCISCO","SAN FRANCISCO",-122.47682952880859,37.759834289550781
9481515,2022,2022-08-10,3801,2022-07-20,1255,986,TARAV,3,5,7,3801,0,0,0,,0,3I14B,"WEST PORTAL AV","VICENTE ST",0.00,,Y,A,-,N,,,,,,,,,,N,4,0,1,2,D,-,00,,,N,D,C,A,A,H,-,A,A,0,,,,,Y,,-,"- ",0,0,1,0,0,0,0,0,0,"- ","- ",,,"SAN FRANCISCO","SAN FRANCISCO",-122.46701812744141,37.739734649658203
9481516,2022,2022-08-10,3801,2022-07-21,2057,2467,CENTR,4,5,7,3801,0,0,0,,0,,"POST ST","POWELL ST",0.00,,Y,A,-,N,,,,,,,,,,Y,3,0,1,2,A,-,08,22107,,F,-,A,A,A,H,-,C,A,0,,,Y,,Y,,-,,0,1,0,0,0,0,0,0,1,"- ","- ",,,"SAN FRANCISCO","SAN FRANCISCO",-122.40840148925781,37.788291931152344
9481517,2022,2022-08-10,3801,2022-07-20,1653,1631,SOUTH,3,5,7,3801,0,0,0,,0,3B15D,"2ND ST","KING ST",0.00,,Y,A,-,N,,,,,,,,,,N,4,0,1,2,A,-,09,21804,A,F,D,G,A,A,H,-,A,A,0,,Y,,,Y,,-,,0,0,1,0,0,0,1,0,0,"- ","- ",,,"SAN FRANCISCO","SAN FRANCISCO",-122.38970184326172,37.779956817626953
9481518,2022,2022-08-10,3801,2022-07-19,1914,2733,SOUTH,2,5,7,3801,0,0,0,,0,0B3,"BRANNAN ST","5TH ST",0.00,,Y,A,-,N,,,,,,,,,,N,4,0,1,2,A,-,17,22109,,F,C,G,A,A,H,-,A,D,0,,Y,,,Y,,A,01,0,0,1,0,0,0,1,0,0,"- ","- ",,,"SAN FRANCISCO","SAN FRANCISCO",-122.39875793457031,37.776573181152344
9481555,2022,2022-08-09,3801,2022-06-21,1937,1572,SOUTH,2,5,7,3801,0,0,0,,0,,"5TH ST","FOLSOM ST",0.00,,N,A,-,N,,,,,,,,,,,3,0,1,2,A,-,09,21801,,F,B,C,A,A,H,-,A,A,0,,,Y,,Y,Y,-,,0,1,0,0,0,0,0,0,1,"- ","- ",,,"SAN FRANCISCO","SAN FRANCISCO",-122.40340423583984,37.7802734375
9481558,2022,2022-08-09,3801,2022-06-18,1350,4274,RICHM,6,5,7,3801,0,0,0,,0,3G13C,"PARK PRESIDIO BL","FULTON ST",0.00,,Y,A,-,N,,,,,,,,,,Y,3,0,2,2,A,-,12,21453,A,N,D,I,A,A,H,-,A,A,0,,,,,Y,,A,01,0,1,1,0,0,0,0,0,0,"- ","- ",,,"SAN FRANCISCO","SAN FRANCISCO",-122.47177886962891,37.773124694824219
9481883,2022,2022-08-08,3801,2022-05-29,0627,624,NORTH,7,5,7,3801,0,0,0,,0,002,"STEINER ST","TURK ST",0.00,,Y,A,-,N,,,,,,,,,,Y,3,0,2,2,A,-,12,21453,A,N,D,C,A,A,-,-,A,A,0,,,Y,,Y,,C,02,0,2,0,0,0,0,0,0,1,"- ","- ",,,"SAN FRANCISCO","SAN FRANCISCO",-122.43376922607422,37.780300140380859
9481884,2022,2022-08-08,3801,2022-05-06,2034,4239,PARK,5,5,7,3801,0,0,0,,0,3F12D,"17TH ST","CLAYTON ST",0.00,,Y,C,-,N,,,,,,,,,,N,3,0,1,2,A,-,10,21950,A,N,G,B,B,B,H,-,C,A,0,Y,,,,Y,,A,01,0,1,0,0,1,0,0,0,0,"- ","- ",,,"SAN FRANCISCO","SAN FRANCISCO",-122.44676971435547,37.761775970458984
9481886,2022,2022-08-08,3801,2022-04-22,1230,1796,RICHM,5,5,7,3801,0,0,0,,0,,"CALIFORNIA ST","22ND AV",0.00,,Y,A,-,N,,,,,,,,,,N,4,0,1,2,A,-,06,21755,,N,C,C,A,A,H,-,A,D,0,,,Y,,Y,,C,02,0,0,1,0,0,0,0,0,1,"- ","- ",,,"SAN FRANCISCO","SAN FRANCISCO",-122.48180389404297,37.784015655517578
9481887,2022,2022-08-08,3801,2022-04-05,1250,4286,RICHM,2,5,7,3801,0,0,0,,0,0G2,"CLAY ST","MAPLE ST",0.00,,Y,A,-,N,,,,,,,,,,N,3,0,1,2,A,-,09,21802,A,N,D,G,A,A,H,-,A,D,0,,Y,,,Y,,L,04,0,1,0,0,0,0,1,0,0,"- ","- ",,,"SAN FRANCISCO","SAN FRANCISCO",-122.45542907714844,37.788013458251953
9481888,2022,2022-08-08,3801,2022-04-17,0747,392,MISSI,7,5,7,3801,0,0,0,,0,3D14A,"VALENCIA ST","22ND ST",21.00,N,N,A,-,N,,,,,,,,,,N,4,0,1,2,A,-,10,21950,A,N,G,B,B,A,H,-,A,A,0,Y,,,,Y,,A,01,0,0,1,0,1,0,0,0,0,"- ","- ",,,"SAN FRANCISCO","SAN FRANCISCO",-122.42096710205078,37.755367279052734
9481893,2022,2022-08-08,3801,2022-04-30,0804,1297,PARK,6,5,7,3801,0,0,0,,0,3F13A,"FULTON ST","MASONIC AV",0.00,,Y,A,-,N,,,,,,,,,,N,3,0,1,2,A,-,10,21950,,F,G,B,B,A,H,-,A,A,0,Y,,,,Y,,A,01,0,1,0,0,1,0,0,0,0,"- ","- ",,,"SAN FRANCISCO","SAN FRANCISCO",-122.44647216796875,37.775791168212891
9481894,2022,2022-10-10,3801,2022-04-29,2243,1057,NORTH,5,5,7,3801,0,0,0,,0,,"WEBSTER ST","OFARRELL ST",0.00,,Y,A,-,N,,,,,,,,,,N,3,0,1,2,A,-,03,22350,,F,C,C,A,A,H,-,C,A,0,,,,,Y,Y,-,,0,1,0,0,0,0,0,0,0,"- ","- ",,,"SAN FRANCISCO","SAN FRANCISCO",-122.43105316162109,37.783504486083984
9481896,2022,2022-08-09,3801,2022-03-20,0212,359,CENTR,7,5,7,3801,0,0,0,,0,3A12E,"STOCKTON ST","OFARRELL ST",0.00,,Y,A,-,N,,,,,,,,,,Y,4,0,4,2,A,-,12,21453,A,N,D,C,A,A,H,-,C,A,0,,,,,Y,,A,01,0,0,4,0,0,0,0,0,0,"- ","- ",,,"SAN FRANCISCO","SAN FRANCISCO",-122.40638732910156,37.786624908447266
9481897,2022,2022-10-05,3801,2022-03-15,2045,4314,RICHM,2,5,7,3801,0,0,0,,0,0G2,"GEARY BL","STANYAN ST",0.00,,N,B,-,N,,,,,,,,,,N,4,0,1,2,A,-,04,21703,,N,C,C,A,A,H,-,C,A,0,,,Y,,Y,,A,01,0,0,1,0,0,0,0,0,1,"- ","- ",,,"SAN FRANCISCO","SAN FRANCISCO",-122.45630645751953,37.781440734863281
9481909,2022,2022-08-08,3801,2022-02-12,1825,1148,MISSI,6,5,7,3801,0,0,0,,0,3D15D,"MISSION ST","ERIE ST",0.00,,Y,A,-,N,,,,,,,,,,N,3,0,1,2,A,-,08,22102,,N,B,G,A,A,H,-,C,D,0,,Y,,,Y,,-,"- ",0,1,0,0,0,0,1,0,0,"- ","- ",,,"SAN FRANCISCO","SAN FRANCISCO",-122.42003631591797,37.769065856933594
9483283,2022,2022-08-11,3801,2022-07-15,0434,2023,PARK,5,5,7,3801,0,0,0,,0,003,"HAIGHT ST","COLE ST",0.00,,Y,A,-,N,,,,,,,,,,Y,4,0,2,2,A,-,12,22450,A,F,D,C,A,A,H,-,C,D,0,,,,,Y,,A,01,0,0,2,0,0,0,0,0,0,"- ","- ",,,"SAN FRANCISCO","SAN FRANCISCO",-122.45072937011719,37.769508361816406
9483314,2022,2022-08-11,3801,2022-06-20,1819,2408,RICHM,1,5,7,3801,0,0,0,,0,3G13D,"FULTON ST","PARK PRESIDEO BL",0.00,,Y,A,-,N,,,,,,,,,,Y,2,0,2,3,A,-,03,22350,,N,C,C,A,A,H,-,A,A,0,,,Y,,Y,Y,A,01,1,1,0,0,0,0,0,0,1,"- ","- ",,,"SAN FRANCISCO","SAN FRANCISCO",-122.47177886962891,37.773124694824219
9483334,2022,2022-09-12,3801,2022-03-14,2220,WONG2330,TARAV,1,5,7,3801,0,0,0,,0,3I13E,"32ND AV","SANTIAGO ST",27.00,N,N,A,-,N,,,,,,,,,,N,4,0,1,5,A,-,03,22350,,N,A,E,A,A,H,-,C,D,0,,,,,Y,,A,01,0,0,1,0,0,0,0,0,0,"- ","- ",,,"SAN FRANCISCO","SAN FRANCISCO",-122.48976135253906,37.744373321533203
9483338,2022,2022-08-08,3801,2022-07-01,1228,2400,BAYVI,5,5,7,3801,0,0,0,,0,,"OAKDALE AV","QUINT ST",0.00,,Y,B,-,N,,,,,,,,,,N,4,0,1,2,A,-,21,22106,,N,D,C,A,A,H,-,A,A,0,,,,,Y,,D,22,0,0,1,0,0,0,0,0,0,"- ","- ",,,"SAN FRANCISCO","SAN FRANCISCO",-122.39596557617188,37.737800598144531
9483342,2022,2022-08-08,3801,2022-07-04,0533,1514,MISSI,1,5,7,3801,0,0,0,,0,3D5A,"18TH ST",DIAMOND,100.00,W,N,A,-,N,,,,,,,,,,Y,4,0,1,2,A,-,01,23152,A,N,B,C,A,A,H,-,C,D,0,,,,,Y,Y,A,01,0,0,1,0,0,0,0,0,0,"- ","- ",,,"SAN FRANCISCO","SAN FRANCISCO",-122.43753814697266,37.760723114013672
9483346,2022,2022-10-07,3801,2022-07-15,0156,2491,SOUTH,5,5,7,3801,0,0,0,,0,3B15E,"FOLSOM ST","HALLAM ST",0.00,,Y,A,-,N,,,,,,,,,,N,4,0,2,3,A,-,08,22107,,N,B,C,A,A,H,-,C,D,0,,,,,Y,Y,-,"- ",0,0,2,0,0,0,0,0,0,"- ","- ",,,"SAN FRANCISCO","SAN FRANCISCO",-122.40885925292969,37.775951385498047
9483433,2022,2022-08-08,3801,2022-06-23,1825,1766,TRAFF,4,5,7,3801,0,0,0,,0,4B103,"MISSION ST","COLLEGE TR",154.00,N,N,A,-,N,,,,,,,,,,N,2,0,2,2,A,-,08,22107,,N,D,J,A,A,H,-,A,A,0,,,Y,,Y,,A,01,1,0,1,0,0,0,0,0,1,"- ","- ",,,"SAN FRANCISCO","SAN FRANCISCO",-122.42546081542969,37.734611511230469
9483434,2022,2022-08-08,3801,2022-06-23,0646,2404,MISSI,4,5,7,3801,0,0,0,,0,MISSIO,"DUBOCE ST","HARRISON ST",0.00,,Y,A,-,N,,,,,,,,,,Y,3,0,1,2,A,-,"- ",,,N,D,C,A,A,H,-,A,A,0,,,Y,,Y,,C,02,0,1,0,0,0,0,0,0,1,"- ","- ",,,"SAN FRANCISCO","SAN FRANCISCO",,
9483435,2022,2022-08-08,3801,2022-06-10,2052,1766,TRAFF,5,5,7,3801,0,0,0,,0,4B103,"CLAY ST","LEAVENWORTH ST",218.00,E,N,A,-,N,,,,,,,,,,Y,4,0,1,2,A,-,08,22108,,N,-,I,A,A,H,-,B,A,0,,,,,Y,,A,01,0,0,1,0,0,0,0,0,0,"- ","- ",,,"SAN FRANCISCO","SAN FRANCISCO",-122.41536712646484,37.793109893798828
9483436,2022,2022-08-08,3801,2022-06-29,1903,1926,NORTH,3,5,7,3801,0,0,0,,0,3E13D,"GOUGH ST","GROVE ST",75.00,S,N,A,-,N,,,,,,,,,,N,4,0,1,2,A,-,04,21703,,N,C,C,A,A,H,-,A,A,0,,,,,Y,,A,07,0,0,1,0,0,0,0,0,0,"- ","- ",,,"SAN FRANCISCO","SAN FRANCISCO",-122.42311859130859,37.777606964111328
9483439,2022,2022-08-08,3801,2022-06-28,1145,1540,TARAV,2,5,7,3801,0,0,0,,0,3I11A,"19TH ST","EUCALYPTUS DR",753.00,S,N,A,-,N,,,,,,,,,,Y,4,0,1,2,A,-,03,22350,,N,-,I,A,A,H,-,A,A,0,,,,,Y,,A,01,0,0,1,0,0,0,0,0,0,"- ","- ",,,"SAN FRANCISCO","SAN FRANCISCO",-122.47467041015625,37.729026794433594
9483458,2022,2022-08-08,3801,2022-07-16,0950,1952,BAYVI,6,5,7,3801,0,0,0,,0,3C15D,"18TH ST","CASTRO ST",20.00,W,N,A,-,N,,,,,,,,,,N,2,0,1,2,A,-,"- ",,,M,B,G,A,A,H,-,A,A,0,,Y,,,Y,,A,01,1,0,0,0,0,0,1,0,0,"- ","- ",,,"SAN FRANCISCO","SAN FRANCISCO",-122.43506622314453,37.760887145996094
9483460,2022,2022-08-08,3801,2022-07-16,1800,1688,BAYVI,6,5,7,3801,0,0,0,,0,,"3RD ST","HUDSON AV",0.00,,Y,A,-,N,,,,,,,,,,Y,4,0,2,2,A,-,12,21453,,N,D,C,A,A,H,-,A,A,0,,,,,Y,,A,01,0,0,2,0,0,0,0,0,0,"- ","- ",,,"SAN FRANCISCO","SAN FRANCISCO",-122.38883209228516,37.740383148193359
9483461,2022,2022-08-26,3801,2022-07-16,0234,2722,CENTR,6,5,7,3801,0,0,0,,0,3A13E,"COLUMBUS AV","POWELL ST",0.00,,Y,B,-,N,,,,,,,,,,Y,4,0,2,2,A,-,07,21658,A,N,C,E,A,B,H,-,C,A,0,,,,,Y,,A,01,0,0,2,0,0,0,0,0,0,"- ","- ",,,"SAN FRANCISCO","SAN FRANCISCO",-122.41094207763672,37.800838470458984
9483462,2022,2022-08-08,3801,2022-07-14,2253,2023,PARK,4,5,7,3801,0,0,0,,0,003,"FELL ST","MASONIC AV",0.00,,Y,A,-,N,,,,,,,,,,Y,4,0,2,3,A,-,12,21453,A,N,D,C,A,A,H,-,C,A,0,,,Y,,Y,,A,08,0,0,2,0,0,0,0,0,1,"- ","- ",,,"SAN FRANCISCO","SAN FRANCISCO",-122.44591522216797,37.772983551025391
9483463,2022,2022-08-05,3801,2022-07-14,1500,1544,CENTR,4,5,7,3801,0,0,0,,0,3A14D,"THE EMBARCADERO","BAY ST",0.00,,Y,A,-,N,,,,,,,,,,N,2,0,1,1,C,-,18,,,N,H,A,A,A,H,-,A,D,0,,,,,Y,,-,"- ",1,0,0,0,0,0,0,0,0,"- ","- ",,,"SAN FRANCISCO","SAN FRANCISCO",-122.40596771240234,37.806632995605469
9483464,2022,2022-08-08,3801,2022-07-14,1800,2469,BAYVI,4,5,7,3801,0,0,0,,0,3C13D,"MARIN ST","BAYSHORE BL",0.00,,Y,A,-,N,,,,,,,,,,N,4,0,1,2,A,-,06,21755,,N,D,C,A,A,H,-,A,A,0,,,,,Y,,A,01,0,0,1,0,0,0,0,0,0,"- ","- ",,,"SAN FRANCISCO","SAN FRANCISCO",-122.40351867675781,37.748123168945312
9483465,2022,2022-09-19,3801,2022-07-17,2500,1881,RICHM,7,5,7,3801,0,0,0,,0,3G117,"PARK PRESIDIO BL","CLEMENT ST",28.00,N,N,A,-,N,,,,,,,,,,N,2,0,1,2,A,-,03,22350,,N,C,C,A,A,H,-,C,A,0,,,,,Y,,A,01,1,0,0,0,0,0,0,0,0,"- ","- ",,,"SAN FRANCISCO","SAN FRANCISCO",-122.47247314453125,37.782657623291016
9483466,2022,2022-08-05,3801,2022-07-15,1023,1118,SOUTH,5,5,7,3801,0,0,0,,0,3B12A,"MISSION ST","3RD ST",0.00,,Y,A,-,N,,,,,,,,,,N,3,0,1,2,A,-,10,21950,A,F,G,B,B,A,H,-,A,A,0,Y,,,,Y,,A,01,0,1,0,0,1,0,0,0,0,"- ","- ",,,"SAN FRANCISCO","SAN FRANCISCO",-122.40200042724609,37.786266326904297
9483467,2022,2022-08-05,3801,2022-07-23,0900,1572,SOUTH,6,5,7,3801,0,0,0,,0,3B1A,"10TH ST","FOLSOM ST",0.00,,Y,A,-,N,,,,,,,,,,Y,4,0,1,2,A,-,12,21453,A,N,D,C,A,A,H,-,A,A,0,,,,,Y,,-,,0,0,1,0,0,0,0,0,0,"- ","- ",,,"SAN FRANCISCO","SAN FRANCISCO",-122.41281890869141,37.772819519042969
9483468,2022,2022-08-05,3801,2022-07-16,2150,145,CENTR,6,5,7,3801,0,0,0,,0,3A15E,"DAVIS ST","CALIFORNIA ST",18.00,,N,A,-,N,,,,,,,,,,N,3,0,1,1,A,-,03,22350,,N,E,I,A,A,H,-,C,D,0,,,,,Y,,M,94,0,1,0,0,0,0,0,0,0,"- ","- ",,,"SAN FRANCISCO","SAN FRANCISCO",-122.39762878417969,37.793502807617188
9483469,2022,2022-08-05,3801,2022-07-16,1535,2207,CENTR,6,5,7,3801,0,0,0,,0,3A13D,"NORTH POINT ST","HYDE ST",0.00,,Y,A,-,N,,,,,,,,,,N,2,0,1,1,C,-,18,,,N,H,A,A,-,-,-,A,D,0,,,,,Y,,-,"- ",1,0,0,0,0,0,0,0,0,"- ","- ",,,"SAN FRANCISCO","SAN FRANCISCO",-122.42034912109375,37.805732727050781
9483470,2022,2022-08-26,3801,2022-07-14,2146,1252,RICHM,4,5,7,3801,0,0,0,,0,0G4,"BALBOA ST","22ND AV",0.00,,Y,A,-,N,,,,,,,,,,N,4,0,1,2,A,-,09,21802,A,N,D,D,A,A,H,-,C,D,0,,,,,Y,,A,01,0,0,1,0,0,0,0,0,0,"- ","- ",,,"SAN FRANCISCO","SAN FRANCISCO",-122.48126220703125,37.776454925537109
9483471,2022,2022-08-05,3801,2022-07-16,1620,1544,CENTR,6,5,7,3801,0,0,0,,0,3AJ4D,BRAODWAY,"KEARNY ST",78.00,W,N,A,-,N,,,,,,,,,,N,4,0,2,2,A,-,03,22350,A,N,C,C,A,A,H,-,A,D,0,,,,,Y,,A,01,0,0,2,0,0,0,0,0,0,"- ","- ",,,"SAN FRANCISCO","SAN FRANCISCO",-122.40575408935547,37.797992706298828
9483482,2022,2022-08-05,3801,2022-07-13,1208,670,INGLE,3,5,7,3801,0,0,0,,0,3H13A,"FOOTE AV","ELLINGTON AV",35.00,E,N,B,-,N,,,,,,,,,,N,3,0,1,2,A,-,11,21956,A,N,G,B,E,A,H,-,A,D,0,Y,,,,Y,Y,N,60,0,1,0,0,1,0,0,0,0,"- ","- ",,,"SAN FRANCISCO","SAN FRANCISCO",-122.44540405273438,37.713130950927734
9483543,2022,2022-08-08,3801,2022-07-14,2354,2491,SOUTH,4,5,7,3801,0,0,0,,0,3B14E,"11TH ST","HARRISON ST",0.00,,Y,A,-,N,,,,,,,,,,N,4,0,1,2,A,-,07,21658,A,F,B,G,A,A,H,-,C,D,0,,Y,,,Y,Y,A,07,0,0,1,0,0,0,1,0,0,"- ","- ",,,"SAN FRANCISCO","SAN FRANCISCO",-122.41246795654297,37.770633697509766
9483545,2022,2022-08-08,3801,2022-06-30,1011,1693,BAYVI,4,5,7,3801,0,0,0,,0,901,"3RD ST","EGBERT AV",97.00,S,N,A,-,N,,,,,,,,,,Y,3,0,1,1,C,-,18,,,N,E,I,A,A,H,-,A,A,0,,,,,Y,,-,"- ",0,1,0,0,0,0,0,0,0,"- ","- ",,,"SAN FRANCISCO","SAN FRANCISCO",-122.39513397216797,37.723751068115234
9483547,2022,2022-08-08,3801,2022-06-18,2005,273,CENTR,6,5,7,3801,0,0,0,,0,3A11D,"CALIFORNIA ST","KEARNY ST",45.00,E,N,A,-,N,,,,,,,,,,Y,4,0,1,2,A,-,08,22107,,N,B,C,A,A,H,-,C,D,0,,,,,Y,,A,01,0,0,1,0,0,0,0,0,0,"- ","- ",,,"SAN FRANCISCO","SAN FRANCISCO",-122.40422821044922,37.792701721191406
9483548,2022,2022-08-08,3801,2022-06-26,0525,2750,BAYVI,7,5,7,3801,0,0,0,,0,0C2,"3RD ST","JAMESTOWN AV",0.00,,Y,A,-,N,,,,,,,,,,Y,4,0,2,2,A,-,03,22350,,N,D,C,A,A,H,-,A,A,0,,,,,Y,,A,01,0,0,2,0,0,0,0,0,0,"- ","- ",,,"SAN FRANCISCO","SAN FRANCISCO",-122.39671325683594,37.720260620117188
9483549,2022,2022-08-08,3801,2022-05-13,0823,1387,CENTR,5,5,7,3801,0,0,0,,0,3A5A,"MARKET ST","1ST ST",0.00,,Y,A,-,N,,,,,,,,,,N,3,0,1,2,A,-,09,21801,A,F,D,G,A,A,H,-,A,A,0,,Y,,,Y,,A,01,0,1,0,0,0,0,1,0,0,"- ","- ",,,"SAN FRANCISCO","SAN FRANCISCO",-122.39913940429688,37.791053771972656
9483550,2022,2022-08-08,3801,2022-06-28,0757,610,MISSI,2,5,7,3801,0,0,0,,0,3D11A,"GUERRERO ST","15TH ST",0.00,,Y,A,-,N,,,,,,,,,,Y,3,0,3,2,A,-,12,21453,A,N,-,-,A,A,H,-,A,-,0,,,,,Y,,A,01,0,1,2,0,0,0,0,0,0,"- ","- ",,,"SAN FRANCISCO","SAN FRANCISCO",-122.42424011230469,37.766403198242188
9483551,2022,2022-08-08,3801,2022-06-26,1626,2455,CENTR,7,5,7,3801,0,0,0,,0,3A13D,BROADWAY,"POWELL ST",0.00,,Y,A,-,N,,,,,,,,,,Y,4,0,2,5,A,-,03,22350,,F,C,C,A,A,H,-,A,A,0,,,,,Y,,A,07,0,0,2,0,0,0,0,0,0,"- ","- ",,,"SAN FRANCISCO","SAN FRANCISCO",-122.41024017333984,37.797409057617188
9483552,2022,2022-08-08,3801,2022-06-28,0745,1339,NORTH,2,5,7,3801,0,0,0,,0,,"LAGUNA ST","FULTON ST",0.00,,Y,A,-,N,,,,,,,,,,Y,4,0,2,2,A,-,12,21453,A,N,D,C,A,A,H,-,A,A,0,,,,,Y,,A,07,0,0,2,0,0,0,0,0,0,"- ","- ",,,"SAN FRANCISCO","SAN FRANCISCO",-122.42664337158203,37.778327941894531
9483553,2022,2022-08-08,3801,2022-06-26,2106,276,NORTH,7,5,7,3801,0,0,0,,0,3E13E,"BUSH ST","VAN NESS AV",0.00,,Y,A,-,N,,,,,,,,,,N,2,0,1,2,A,-,11,21955,,N,G,B,D,A,H,-,C,A,0,Y,,,,Y,,N,60,1,0,0,0,1,0,0,0,0,"- ","- ",,,"SAN FRANCISCO","SAN FRANCISCO",-122.42191314697266,37.788490295410156
9483554,2022,2022-08-08,3801,2022-07-19,1354,2323,BAYVI,2,5,7,3801,0,0,0,,0,3801,"PALOU AV","KEITH ST",0.00,,Y,A,-,N,,,,,,,,,,Y,4,0,1,2,A,-,12,22450,A,M,D,C,A,A,H,-,A,D,0,,,,,Y,Y,A,01,0,0,1,0,0,0,0,0,0,"- ","- ",,,"SAN FRANCISCO","SAN FRANCISCO",-122.38714599609375,37.731868743896484
9483555,2022,2022-08-08,3801,2022-06-30,1400,4274,RICHM,4,5,7,3801,0,0,0,,0,4G13C,"BALBOA ST","GREAT HWY",0.00,,Y,A,-,N,,,,,,,,,,N,4,0,1,2,A,-,12,22450,A,N,D,G,A,A,H,-,A,A,0,,Y,,,Y,,L,04,0,0,1,0,0,0,1,0,0,"- ","- ",,,"SAN FRANCISCO","SAN FRANCISCO",-122.51129150390625,37.775077819824219