CASE_ID,ACCIDENT_YEAR,PROC_DATE,JURIS,COLLISION_DATE,COLLISION_TIME,OFFICER_ID,REPORTING_DISTRICT,DAY_OF_WEEK,CHP_SHIFT,POPULATION,CNTY_CITY_LOC,SPECIAL_COND,BEAT_TYPE,CHP_BEAT_TYPE,CITY_DIVISION_LAPD,CHP_BEAT_CLASS,BEAT_NUMBER,PRIMARY_RD,SECONDARY_RD,DISTANCE,DIRECTION,INTERSECTION,WEATHER_1,WEATHER_2,STATE_HWY_IND,CALTRANS_COUNTY,CALTRANS_DISTRICT,STATE_ROUTE,ROUTE_SUFFIX,POSTMILE_PREFIX,POSTMILE,LOCATION_TYPE,RAMP_INTERSECTION,SIDE_OF_HWY,TOW_AWAY,COLLISION_SEVERITY,NUMBER_KILLED,NUMBER_INJURED,PARTY_COUNT,PRIMARY_COLL_FACTOR,PCF_CODE_OF_VIOL,PCF_VIOL_CATEGORY,PCF_VIOLATION,PCF_VIOL_SUBSECTION,HIT_AND_RUN,TYPE_OF_COLLISION,MVIW,PED_ACTION,ROAD_SURFACE,ROAD_COND_1,ROAD_COND_2,LIGHTING,CONTROL_DEVICE,CHP_ROAD_TYPE,PEDESTRIAN_ACCIDENT,BICYCLE_ACCIDENT,MOTORCYCLE_ACCIDENT,TRUCK_ACCIDENT,NOT_PRIVATE_PROPERTY,ALCOHOL_INVOLVED,STWD_VEHTYPE_AT_FAULT,CHP_VEHTYPE_AT_FAULT,COUNT_SEVERE_INJ,COUNT_VISIBLE_INJ,COUNT_COMPLAINT_PAIN,COUNT_PED_KILLED,COUNT_PED_INJURED,COUNT_BICYCLIST_KILLED,COUNT_BICYCLIST_INJURED,COUNT_MC_KILLED,COUNT_MC_INJURED,PRIMARY_RAMP,SECONDARY_RAMP,LATITUDE,LONGITUDE,COUNTY,CITY,POINT_X,POINT_Y
9502471,2022,2022-09-22,3801,2022-08-08,1820,1148,MISSI,1,5,7,3801,0,0,0,,0,3D16D,"VAN NESS AV","GEARY ST",35.00,N,N,F,-,N,,,,,,,,,,N,4,0,1,2,A,-,04,21703,,N,C,-,A,A,H,-,A,A,0,,,,Y,Y,,F,21,0,0,1,0,0,0,0,0,0,"- ","- ",,,"SAN FRANCISCO","SAN FRANCISCO",-122.42134094238281,37.785793304443359
9502472,2022,2022-09-27,3801,2022-08-26,1831,301,INGLE,5,5,7,3801,0,0,0,,0,3H15D,"SAN JOSE AV","SENECA AV",78.00,N,N,B,-,N,,,,,,,,,,Y,4,0,1,2,A,-,08,22107,,N,B,C,A,A,H,-,A,D,0,,,,,Y,,D,22,0,0,1,0,0,0,0,0,0,"- ","- ",,,"SAN FRANCISCO","SAN FRANCISCO",-122.44570159912109,37.721817016601562
9502475,2022,2022-09-22,3801,2022-08-05,1750,1194,SOUTH,5,5,7,3801,0,0,0,,0,0B4,"S VAN NESS AV","20TH ST",120.00,N,N,A,-,N,,,,,,,,,,N,4,0,1,2,A,-,09,21804,A,N,B,C,A,A,G,-,A,D,0,,,,,Y,,A,01,0,0,1,0,0,0,0,0,0,"- ","- ",,,"SAN FRANCISCO","SAN FRANCISCO",-122.41693878173828,37.759090423583984
9502476,2022,2022-09-27,3801,2022-08-30,0737,2476,BAYVI,2,5,7,3801,0,0,0,,0,3C4A,"BACON ST","SOMERSET ST",0.00,,Y,A,-,N,,,,,,,,,,N,4,0,1,2,A,-,10,21950,A,N,G,B,B,A,H,-,A,D,0,Y,,,,Y,,D,22,0,0,1,0,1,0,0,0,0,"- ","- ",,,"SAN FRANCISCO","SAN FRANCISCO",-122.40755462646484,37.726615905761719
9502479,2022,2022-09-22,3801,2022-08-04,0750,1557,TARAV,4,5,7,3801,0,0,0,,0,3I16A,"OCEAN AV","APTOS AV",0.00,,Y,A,-,N,,,,,,,,,,Y,3,0,1,3,A,-,09,21800,A,N,D,C,A,A,H,-,A,A,0,,,,,Y,,I,11,0,1,0,0,0,0,0,0,0,"- ","- ",,,"SAN FRANCISCO","SAN FRANCISCO",-122.46772766113281,37.728286743164062
9502480,2022,2022-10-06,3801,2022-08-22,0837,1527,NORTH,1,5,7,3801,0,0,0,,0,03E,"VAN NESS AV","MCALLISTER ST",6.00,W,N,A,-,N,,,,,,,,,,N,4,0,1,2,A,-,08,22107,,F,D,G,A,A,H,-,A,A,0,,Y,,,Y,,D,22,0,0,1,0,0,0,1,0,0,"- ","- ",,,"SAN FRANCISCO","SAN FRANCISCO",-122.42020416259766,37.780075073242188
9502641,2022,2022-10-31,3801,2022-05-04,0800,4313,RICHM,3,5,7,3801,0,0,0,,0,0G3,"GEARY BL","3RD AV",0.00,,Y,A,-,N,,,,,,,,,,Y,4,0,1,2,A,-,17,21655,,N,D,C,A,A,H,-,A,A,0,,,,,Y,,A,01,0,0,1,0,0,0,0,0,0,"- ","- ",,,"SAN FRANCISCO","SAN FRANCISCO",-122.46106719970703,37.781227111816406
9502644,2022,2022-10-05,3801,2022-05-05,0938,2402,TARAV,4,5,7,3801,0,0,0,,0,3I13A,"SUNSET BL","JUDAH ST",0.00,,Y,B,-,N,,,,,,,,,,N,4,0,2,3,A,-,03,22350,,N,D,C,A,A,H,-,A,A,0,,,,,Y,,A,01,0,0,2,0,0,0,0,0,0,"- ","- ",,,"SAN FRANCISCO","SAN FRANCISCO",-122.49583435058594,37.760860443115234
9502645,2022,2022-10-05,3801,2022-05-18,1501,2376,SOUTH,3,5,7,3801,0,0,0,,0,3B12A,"BRYANT ST","4TH ST",0.00,,Y,A,-,N,,,,,,,,,,N,3,0,2,3,A,-,10,21950,A,N,B,B,B,A,H,-,A,D,0,Y,,,,Y,,A,01,0,2,0,0,2,0,0,0,0,"- ","- ",,,"SAN FRANCISCO","SAN FRANCISCO",-122.3980712890625,37.779571533203125
9502646,2022,2022-10-05,3801,2022-05-06,2341,1336,NORTH,5,5,7,3801,0,0,0,,0,0E1,"GOUGH ST","PAGE ST",0.00,,Y,A,-,N,,,,,,,,,,N,4,0,1,2,A,-,17,21657,,N,D,C,A,A,H,-,C,A,0,,,Y,,Y,,C,03,0,0,1,0,0,0,0,0,1,"- ","- ",,,"SAN FRANCISCO","SAN FRANCISCO",-122.42240905761719,37.774070739746094
9502647,2022,2022-10-05,3801,2022-05-25,2303,2463,SOUTH,3,5,7,3801,0,0,0,,0,3B11E,"THE EMBACADERO","FOLSOM ST",225.00,S,N,A,-,N,,,,,,,,,,N,3,0,1,2,A,-,00,21408,A,N,D,C,A,A,H,-,C,D,0,,,Y,,Y,,A,01,0,1,0,0,0,0,0,0,1,"- ","- ",,,"SAN FRANCISCO","SAN FRANCISCO",-122.38961029052734,37.790321350097656
9502648,2022,2022-10-05,3801,2022-05-14,1547,1286,SOUTH,6,5,7,3801,0,0,0,,0,3B4,"MARKET ST","LAGUNA ST",0.00,,Y,A,-,N,,,,,,,,,,N,4,0,1,2,A,-,21,22106,,N,C,C,A,A,H,-,A,A,0,,,Y,,Y,,A,01,0,0,1,0,0,0,0,0,1,"- ","- ",,,"SAN FRANCISCO","SAN FRANCISCO",-122.42485809326172,37.770748138427734
9502885,2022,2022-09-27,3801,2022-08-01,1924,,RICHM,1,5,7,3801,0,0,0,,0,,"ARGUELLO BL","EDWARD ST",0.00,,Y,A,-,N,,,,,,,,,,N,4,0,1,2,A,-,09,21801,A,N,D,C,A,A,H,-,A,D,0,,,Y,,Y,,A,08,0,0,1,0,0,0,0,0,1,"- ","- ",,,"SAN FRANCISCO","SAN FRANCISCO",-122.45864105224609,37.778022766113281
9502905,2022,2022-09-27,3801,2022-07-27,1620,1994,TRAFF,3,5,7,3801,0,0,0,,0,4B3G,"MARKET ST","FRONT ST",0.00,,Y,A,-,N,,,,,,,,,,Y,3,0,3,2,A,-,12,21453,A,N,D,C,A,A,H,-,A,A,0,,,,,Y,,A,01,0,2,1,0,0,0,0,0,0,"- ","- ",,,"SAN FRANCISCO","SAN FRANCISCO",-122.39833831787109,37.791694641113281
9502973,2022,2022-09-29,3801,2022-08-22,1557,654,PARK,1,5,7,3801,0,0,0,,0,3F13D,"HAYES ST","COLE ST",0.00,,Y,A,-,N,,,,,,,,,,N,3,0,1,2,D,-,00,,,N,D,C,A,A,H,-,A,A,0,,,Y,,Y,,-,"- ",0,1,0,0,0,0,0,0,1,"- ","- ",,,"SAN FRANCISCO","SAN FRANCISCO",-122.45095825195312,37.773334503173828
9502987,2022,2022-09-19,3801,2022-08-14,2208,1480,MISSI,7,5,7,3801,0,0,0,,0,3D15E,MISSION,"18TH ST",0.00,,Y,A,-,N,,,,,,,,,,Y,4,0,1,2,A,-,12,21453,A,N,D,C,A,A,-,-,C,A,0,,,,,Y,,A,01,0,0,1,0,0,0,0,0,0,"- ","- ",,,"SAN FRANCISCO","SAN FRANCISCO",-122.41936492919922,37.7618408203125
9502992,2022,2022-09-19,3801,2022-08-16,0730,1339,NORTH,2,5,7,3801,0,0,0,,0,,"OFARRELL ST","DIVISADERO ST",0.00,,Y,A,-,N,,,,,,,,,,Y,4,0,1,2,A,-,09,21801,A,N,A,C,A,A,H,-,A,A,0,,,,,Y,,A,01,0,0,1,0,0,0,0,0,0,"- ","- ",,,"SAN FRANCISCO","SAN FRANCISCO",-122.43930053710938,37.782432556152344
9503003,2022,2022-10-04,3801,2022-08-06,2234,245,PARK,6,5,7,3801,0,0,0,,0,,"DUBOCE AV","BELCHER ST",0.00,,Y,A,-,N,,,,,,,,,,N,3,0,1,3,A,-,17,22517,,N,H,G,A,A,H,-,C,D,0,,,Y,,Y,,A,01,0,1,0,0,0,0,0,0,1,"- ","- ",,,"SAN FRANCISCO","SAN FRANCISCO",-122.43022918701172,37.769390106201172
9503041,2022,2022-10-05,3801,2022-08-09,1730,1307,TENDE,2,5,7,3801,0,0,0,,0,3J14D,"MCALLISTER ST","LEAVENWORTH ST",34.00,E,N,A,-,N,,,,,,,,,,N,4,0,1,2,A,-,21,22106,,F,C,E,A,A,H,-,A,D,0,,,,,Y,,A,01,0,0,1,0,0,0,0,0,0,"- ","- ",,,"SAN FRANCISCO","SAN FRANCISCO",-122.41357421875,37.78094482421875
9503042,2022,2022-09-21,3801,2022-08-13,1210,1503,SOUTH,6,5,7,3801,0,0,0,,0,3B13A,"MISSION ST","7TH ST",216.00,E,N,A,-,N,,,,,,,,,,N,4,0,1,2,A,-,06,21755,,N,B,C,A,A,H,-,A,D,0,,,Y,,Y,,C,02,0,0,1,0,0,0,0,0,1,"- ","- ",,,"SAN FRANCISCO","SAN FRANCISCO",-122.41037750244141,37.779632568359375
9503043,2022,2022-09-21,3801,2022-08-18,1650,1544,CENTR,4,5,7,3801,0,0,0,,0,3A14D,"THE EMBARCADERO",BATTERY,50.00,S,N,A,-,N,,,,,,,,,,N,4,0,1,2,A,-,03,22350,A,N,C,C,A,A,H,-,A,D,0,,,Y,,Y,,A,01,0,0,1,0,0,0,0,0,1,"- ","- ",,,"SAN FRANCISCO","SAN FRANCISCO",-122.40191650390625,37.803867340087891
9503044,2022,2022-09-21,3801,2022-08-18,2200,1096,CENTR,4,5,7,3801,0,0,0,,0,3A14E,"THE EMBARCADERO","BAY ST",29.00,S,N,A,-,N,,,,,,,,,,Y,3,0,1,1,A,-,03,22350,,N,F,I,A,A,H,-,C,A,0,,,,,Y,,A,01,0,1,0,0,0,0,0,0,0,"- ","- ",,,"SAN FRANCISCO","SAN FRANCISCO",-122.4058837890625,37.806587219238281
9503045,2022,2022-10-11,3801,2022-08-17,1425,2743,SOUTH,3,5,7,3801,0,0,0,,0,3B2,"4TH ST","MISSION ST",75.00,N,N,A,-,N,,,,,,,,,,N,3,0,1,2,A,-,04,21703,,N,C,C,A,A,H,-,A,A,0,,,Y,,Y,,A,01,0,1,0,0,0,0,0,0,1,"- ","- ",,,"SAN FRANCISCO","SAN FRANCISCO",-122.40443420410156,37.784671783447266
9503046,2022,2022-10-11,3801,2022-08-17,1524,2407,MISSI,3,5,7,3801,0,0,0,,0,3D11D,HARRISON,16TH,30.00,S,N,A,-,N,,,,,,,,,,N,4,0,1,2,A,-,04,21703,,N,-,-,A,A,H,-,A,A,0,,Y,,,Y,Y,-,"- ",0,0,1,0,0,0,1,0,0,"- ","- ",,,"SAN FRANCISCO","SAN FRANCISCO",-122.41313934326172,37.765369415283203
9503047,2022,2022-09-21,3801,2022-08-16,1903,2288,INGLE,2,5,7,3801,0,0,0,,0,3H14D,"MONTEREY BL","BADEN ST",0.00,,Y,A,-,N,,,,,,,,,,N,3,0,1,2,A,-,10,21950,,N,G,B,B,A,H,-,A,D,0,Y,,,,Y,,A,07,0,1,0,0,1,0,0,0,0,"- ","- ",,,"SAN FRANCISCO","SAN FRANCISCO",-122.43972778320312,37.731609344482422
9503048,2022,2022-09-21,3801,2022-08-05,2230,221,RICHM,5,5,7,3801,0,0,0,,0,3G12E,"FULTON ST","DIVISADERO ST",0.00,,Y,A,-,N,,,,,,,,,,N,3,0,1,2,A,-,08,22107,,N,B,G,A,A,H,-,C,A,0,,Y,,,Y,,A,01,0,1,0,0,0,0,1,0,0,"- ","- ",,,"SAN FRANCISCO","SAN FRANCISCO",-122.43816375732422,37.776859283447266
9503049,2022,2022-09-21,3801,2022-08-19,0758,610,MISSI,5,5,7,3801,0,0,0,,0,3D16A,"HARRISON ST","17TH ST",35.00,N,N,B,-,N,,,,,,,,,,Y,3,0,1,2,A,-,03,22350,,N,B,C,A,A,H,-,A,A,0,,,Y,,Y,,C,02,0,1,0,0,0,0,0,0,1,"- ","- ",,,"SAN FRANCISCO","SAN FRANCISCO",-122.41303253173828,37.764186859130859
9503050,2022,2022-09-21,3801,2022-08-17,1525,4046,INGLE,3,5,7,3801,0,0,0,,0,3H12D,"OCEAN AV","ALEMANY BL",90.00,W,N,A,-,N,,,,,,,,,,N,3,0,2,3,A,-,10,21954,B,F,B,B,E,A,H,-,A,D,0,Y,,,,Y,,A,01,0,2,0,0,2,0,0,0,0,"- ","- ",,,"SAN FRANCISCO","SAN FRANCISCO",-122.43785095214844,37.723686218261719
9503051,2022,2022-09-21,3801,2022-08-18,1337,1304,NORTH,4,5,7,3801,0,0,0,,0,3E5A,"FELL ST","DIVISADERO ST",118.00,E,N,A,-,N,,,,,,,,,,N,4,0,1,2,A,-,09,21801,A,N,D,G,A,A,H,-,A,D,0,,Y,,,Y,,A,01,0,0,1,0,0,0,1,0,0,"- ","- ",,,"SAN FRANCISCO","SAN FRANCISCO",-122.43719482421875,37.77410888671875
9503052,2022,2022-09-21,3801,2022-08-17,1618,1453,NORTH,3,5,7,3801,0,0,0,,0,,"WEBSTER ST","HAYES ST",0.00,,Y,A,-,N,,,,,,,,,,Y,3,0,1,2,A,-,03,22350,,N,D,C,A,A,H,-,A,A,0,,,,,Y,,A,01,0,1,0,0,0,0,0,0,0,"- ","- ",,,"SAN FRANCISCO","SAN FRANCISCO",-122.42953491210938,37.776042938232422
9503053,2022,2022-09-21,3801,2022-08-20,1456,1952,BAYVI,6,5,7,3801,0,0,0,,0,3C12D,"3RD ST","JERROLD AV",0.00,,Y,A,-,N,,,,,,,,,,Y,4,0,1,2,A,-,01,23152,A,N,C,C,A,A,H,-,A,A,0,,,,,Y,Y,A,01,0,0,1,0,0,0,0,0,0,"- ","- ",,,"SAN FRANCISCO","SAN FRANCISCO",-122.38935852050781,37.738780975341797
9503054,2022,2022-09-21,3801,2022-08-18,2024,2017,MISSI,4,5,7,3801,0,0,0,,0,3D14D,"GUERRERO ST","ELIZABETH ST",159.00,S,N,A,-,N,,,,,,,,,,Y,4,0,1,6,A,-,01,23153,A,N,C,E,A,A,H,-,C,D,0,,,,,Y,Y,A,01,0,0,1,0,0,0,0,0,0,"- ","- ",,,"SAN FRANCISCO","SAN FRANCISCO",-122.42290496826172,37.752346038818359
9503055,2022,2022-09-21,3801,2022-08-19,0929,1118,SOUTH,5,5,7,3801,0,0,0,,0,3B14A,"BRANNAN ST","6TH ST",296.00,E,N,A,-,N,,,,,,,,,,Y,2,0,6,2,A,-,08,22102,,N,D,C,A,A,H,-,A,D,0,,,,,Y,,A,01,1,0,5,0,0,0,0,0,0,"- ","- ",,,"SAN FRANCISCO","SAN FRANCISCO",-122.40026092529297,37.775424957275391
9503056,2022,2022-09-21,3801,2022-08-19,1921,2491,SOUTH,5,5,7,3801,0,0,0,,0,3B13D,"2ND ST","TEHAMA ST",0.00,,Y,A,-,N,,,,,,,,,,Y,4,0,1,2,A,-,09,21804,A,N,D,C,A,A,H,-,A,A,0,,,Y,,Y,,A,01,0,0,1,0,0,0,0,0,1,"- ","- ",,,"SAN FRANCISCO","SAN FRANCISCO",-122.39771270751953,37.786346435546875
9503057,2022,2022-10-12,3801,2022-08-21,1508,2241,NORTH,7,5,7,3801,0,0,0,,0,0E5,"LOMBARD ST","PIERCE ST",0.00,,Y,A,-,N,,,,,,,,,,N,4,0,3,2,A,-,09,21801,,N,B,-,A,A,H,-,A,A,0,,,,,Y,,A,01,0,0,3,0,0,0,0,0,0,"- ","- ",,,"SAN FRANCISCO","SAN FRANCISCO",-122.43933868408203,37.799423217773438
9503058,2022,2022-09-21,3801,2022-08-19,2237,2707,CENTR,5,5,7,3801,0,0,0,,0,2CAR,"STOCKTON ST","GEARY ST",0.00,,Y,A,-,N,,,,,,,,,,N,3,0,1,1,A,-,03,22350,,N,H,-,A,A,H,-,C,D,0,,,,,Y,,M,94,0,1,0,0,0,0,0,0,0,"- ","- ",,,"SAN FRANCISCO","SAN FRANCISCO",-122.40657806396484,37.787563323974609
9503059,2022,2022-10-11,3801,2022-08-18,1739,1945,BAYVI,4,5,7,3801,0,0,0,,0,3C13D,"3RD ST","LA SALLE AV",0.00,,Y,A,-,N,,,,,,,,,,N,4,0,1,2,A,-,03,22350,,N,D,-,A,A,H,-,A,A,0,,Y,,,Y,,-,"- ",0,0,1,0,0,0,1,0,0,"- ","- ",,,"SAN FRANCISCO","SAN FRANCISCO",-122.38993835449219,37.737216949462891
9503060,2022,2022-11-03,3801,2022-08-18,0840,1057,NORTH,4,5,7,3801,0,0,0,,0,3E13A,"FULTON ST","FILLMORE ST",0.00,,Y,A,-,N,,,,,,,,,,N,4,0,1,1,A,-,03,22350,,N,-,A,A,A,H,-,A,A,0,,Y,,,Y,,L,04,0,0,1,0,0,0,1,0,0,"- ","- ",,,"SAN FRANCISCO","SAN FRANCISCO",-122.43155670166016,37.777690887451172
9503061,2022,2022-09-22,3801,2022-08-05,1440,724,INGLE,5,5,7,3801,0,0,0,,0,3H13C,"ACTON ST","MISSION ST",0.00,,Y,A,-,N,,,,,,,,,,N,3,0,1,2,A,-,12,21453,A,N,D,G,A,A,H,-,A,A,0,,Y,,,Y,Y,L,04,0,1,0,0,0,0,1,0,0,"- ","- ",,,"SAN FRANCISCO","SAN FRANCISCO",-122.4527587890625,37.70880126953125
9503062,2022,2022-10-07,3801,2022-08-07,2218,4136,RICHM,7,5,7,3801,0,0,0,,0,3G2E,"CLAY ST","PRESIDIO AVE",0.00,,N,A,-,N,,,,,,,,,,N,2,0,1,1,D,-,00,,,N,E,I,A,A,C,G,C,D,0,,Y,,,Y,,-,"- ",1,0,0,0,0,0,1,0,0,"- ","- ",,,"SAN FRANCISCO","SAN FRANCISCO",-122.44715881347656,37.789073944091797
9503063,2022,2022-09-22,3801,2022-08-18,0834,1157,BAYVI,4,5,7,3801,0,0,0,,0,3C13A,"EVANS AV","RANKIN ST",0.00,,Y,A,-,N,,,,,,,,,,Y,4,0,3,2,A,-,04,21703,,N,C,C,A,A,H,-,A,A,0,,,,,Y,,A,01,0,0,3,0,0,0,0,0,0,"- ","- ",,,"SAN FRANCISCO","SAN FRANCISCO",-122.39220428466797,37.745109558105469
9503065,2022,2022-09-22,3801,2022-08-20,1224,4314,RICHM,6,5,7,3801,0,0,0,,0,0G5,"FULTON ST","LA PLAYA ST",0.00,,Y,A,-,N,,,,,,,,,,N,3,0,2,2,A,-,09,21801,,N,-,C,A,A,H,-,A,A,0,,,Y,,Y,,A,01,0,2,0,0,0,0,0,0,2,"- ","- ",,,"SAN FRANCISCO","SAN FRANCISCO",-122.50991821289062,37.771389007568359
9503066,2022,2022-09-22,3801,2022-08-19,0920,1857,TENDE,5,5,7,3801,0,0,0,,0,3J12A,"JONES ST","TURK ST",121.00,S,N,A,-,N,,,,,,,,,,N,4,0,1,2,A,-,03,22350,,N,G,B,F,A,H,-,A,D,0,Y,,,,Y,,A,01,0,0,1,0,1,0,0,0,0,"- ","- ",,,"SAN FRANCISCO","SAN FRANCISCO",-122.41234588623047,37.782672882080078
9503067,2022,2022-10-07,3801,2022-08-27,1623,1631,SOUTH,6,5,7,3801,0,0,0,,0,3B13D,"2ND ST","CLEMENTINA ST",0.00,,Y,A,-,N,,,,,,,,,,N,4,0,1,2,A,-,03,22350,,N,D,C,A,A,H,-,A,D,0,,,,,Y,,-,,0,0,1,0,0,0,0,0,0,"- ","- ",,,"SAN FRANCISCO","SAN FRANCISCO",-122.39724731445312,37.785995483398438
9503068,2022,2022-09-22,3801,2022-08-21,1124,1857,RICHM,7,5,7,3801,0,0,0,,0,3G11A,"GEARY BL","STANYAN ST",0.00,,Y,A,-,N,,,,,,,,,,N,4,0,1,2,A,-,09,21801,A,N,D,C,A,-,H,-,A,A,0,,,Y,,Y,,A,01,0,0,1,0,0,0,0,0,1,"- ","- ",,,"SAN FRANCISCO","SAN FRANCISCO",-122.45630645751953,37.781440734863281
9503069,2022,2022-10-07,3801,2022-08-22,1540,1826,CENTR,1,5,7,3801,0,0,0,,0,3A13C,"BEACH ST","POLK ST",0.00,,-,A,-,N,,,,,,,,,,N,4,0,2,2,C,-,18,,,N,B,E,A,A,H,-,A,D,0,,,Y,,Y,,-,"- ",0,0,2,0,0,0,0,0,2,"- ","- ",,,"SAN FRANCISCO","SAN FRANCISCO",-122.42381286621094,37.806217193603516
9503070,2022,2022-09-22,3801,2022-08-08,1421,4022,MISSI,1,5,7,3801,0,0,0,,0,3D14C,"VALENCIA ST","16TH ST",192.00,N,N,A,-,N,,,,,,,,,,N,3,0,1,2,A,-,06,21755,A,N,B,C,A,A,H,-,A,A,0,,,Y,,Y,,C,02,0,1,0,0,0,0,0,0,1,"- ","- ",,,"SAN FRANCISCO","SAN FRANCISCO",-122.42192840576172,37.765438079833984
9503071,2022,2022-09-22,3801,2022-08-06,1438,1352,MISSI,6,5,7,3801,0,0,0,,0,3D6C,"SOUTH VAN NESS AV","13TH ST",0.00,,Y,A,-,N,,,,,,,,,,N,4,0,2,2,A,-,09,21801,A,N,D,C,A,A,H,-,A,A,0,,,,,Y,,A,01,0,0,2,0,0,0,0,0,0,"- ","- ",,,"SAN FRANCISCO","SAN FRANCISCO",-122.41777801513672,37.7696533203125
9503072,2022,2022-09-23,3801,2022-08-22,1013,1949,CENTR,1,5,7,3801,0,0,0,,0,3A11A,"THE EMBARCADERO",LOMBARD,0.00,,Y,A,-,N,,,,,,,,,,N,4,0,1,2,A,-,17,22517,,N,H,G,A,A,-,-,A,A,0,,Y,,,Y,,A,01,0,0,1,0,0,0,1,0,0,"- ","- ",,,"SAN FRANCISCO","SAN FRANCISCO",-122.40220642089844,37.804168701171875
9503073,2022,2022-09-23,3801,2022-08-20,1747,1860,TARAV,6,5,7,3801,0,0,0,,0,3I1D,"19TH AV","LINCOLN WY",172.00,S,N,A,-,N,,,,,,,,,,Y,4,0,3,4,D,-,00,,,N,C,C,A,A,H,-,A,D,0,,,,,Y,,-,"- ",0,0,3,0,0,0,0,0,0,"- ","- ",,,"SAN FRANCISCO","SAN FRANCISCO",-122.477294921875,37.764968872070312
9503074,2022,2022-10-05,3801,2022-08-07,1728,2008,MISSI,7,5,7,3801,0,0,0,,0,3D15D,"MISSION ST","15TH ST",0.00,,Y,A,-,N,,,,,,,,,,N,3,0,1,2,A,-,11,21954,A,N,G,B,D,A,H,-,A,A,0,Y,,,,Y,,-,"- ",0,1,0,0,1,0,0,0,0,"- ","- ",,,"SAN FRANCISCO","SAN FRANCISCO",-122.41981506347656,37.766674041748047
9503075,2022,2022-09-22,3801,2022-08-20,0917,1129,TARAV,6,5,7,3801,0,0,0,,0,005,"LAKE MERCED BL","STATE DR",0.00,,Y,A,-,N,,,,,,,,,,N,4,0,1,2,A,-,03,22350,,F,C,C,A,A,H,-,A,A,0,,,,,Y,,-,,0,0,1,0,0,0,0,0,0,"- ","- ",,,"SAN FRANCISCO","SAN FRANCISCO",-122.48471832275391,37.72491455078125
9503076,2022,2022-10-05,3801,2022-08-20,1120,1540,TARAV,6,5,7,3801,0,0,0,,0,3I1A,"15TH AV","TARAVAL ST",300.00,N,N,A,-,N,,,,,,,,,,N,4,0,1,2,A,-,11,21950,B,N,G,B,E,A,H,-,A,D,0,Y,,,,Y,,N,60,0,0,1,0,1,0,0,0,0,"- ","- ",,,"SAN FRANCISCO","SAN FRANCISCO",-122.47141265869141,37.744064331054688
9503077,2022,2022-09-22,3801,2022-08-23,2100,101,INGLE,2,5,7,3801,0,0,0,,0,3H15E,"MISSION ST","POPE ST",0.00,,-,A,-,N,,,,,,,,,,Y,3,0,1,2,A,-,03,22350,,F,B,E,A,A,H,-,C,D,0,,,,,Y,Y,-,,0,1,0,0,0,0,0,0,0,"- ","- ",,,"SAN FRANCISCO","SAN FRANCISCO",-122.44183349609375,37.715427398681641
9503078,2022,2022-09-22,3801,2022-08-05,1618,1033,TENDE,5,5,7,3801,0,0,0,,0,3J15D,"LARKIN ST","GROVE ST",0.00,,Y,A,-,N,,,,,,,,,,N,2,0,1,2,A,-,03,22350,,N,D,G,A,A,H,-,A,A,0,,Y,,,Y,,L,04,1,0,0,0,0,0,1,0,0,"- ","- ",,,"SAN FRANCISCO","SAN FRANCISCO",-122.41658782958984,37.778659820556641
9503079,2022,2022-09-22,3801,2022-08-23,1546,306,CENTR,2,5,7,3801,0,0,0,,0,3A91G,"POWELL ST","GEARY ST",0.00,,Y,A,-,N,,,,,,,,,,N,4,0,1,2,A,-,10,21950,A,N,G,B,B,A,H,-,A,A,0,Y,,,,Y,,A,01,0,0,1,0,1,0,0,0,0,"- ","- ",,,"SAN FRANCISCO","SAN FRANCISCO",-122.40821075439453,37.787364959716797
9503080,2022,2022-10-10,3801,2022-08-23,1644,893,INGLE,2,5,7,3801,0,0,0,,0,3H15D,"TRUMBULL ST","CONGDON ST",0.00,,Y,A,-,N,,,,,,,,,,Y,3,0,2,2,A,-,09,21802,A,N,D,C,A,A,H,-,A,A,0,,,,,Y,,A,01,0,2,0,0,0,0,0,0,0,"- ","- ",,,"SAN FRANCISCO","SAN FRANCISCO",-122.42615509033203,37.730899810791016
9503081,2022,2022-09-21,3801,2022-08-10,1248,392,MISSI,3,5,7,3801,0,0,0,,0,3D14A,"CESAR CHAVEZ ST","MISSION ST",15.00,E,N,A,-,N,,,,,,,,,,N,3,0,1,1,A,-,03,22350,,N,B,I,A,A,H,-,A,A,0,,,Y,,Y,,C,02,0,1,0,0,0,0,0,0,1,"- ","- ",,,"SAN FRANCISCO","SAN FRANCISCO",-122.41815185546875,37.748218536376953
9503082,2022,2022-09-21,3801,2022-08-11,1602,539,MISSI,4,5,7,3801,0,0,0,,0,MISSIO,"GUERRERO ST","18TH ST",0.00,,Y,A,-,N,,,,,,,,,,N,3,0,1,1,A,-,03,22350,,N,F,J,A,A,H,-,A,A,0,,,Y,,Y,,C,02,0,1,0,0,0,0,0,0,1,"- ","- ",,,"SAN FRANCISCO","SAN FRANCISCO",-122.42379760742188,37.761577606201172
9503083,2022,2022-09-21,3801,2022-08-08,1720,4103,MISSI,1,5,7,3801,0,0,0,,0,901,16TH,POTRERO,0.00,,Y,A,-,N,,,,,,,,,,N,4,0,1,2,A,-,12,21453,,F,D,C,A,A,-,-,C,A,0,,,Y,,Y,,C,06,0,0,1,0,0,0,0,0,0,"- ","- ",,,"SAN FRANCISCO","SAN FRANCISCO",-122.40756225585938,37.765773773193359
9503084,2022,2022-09-21,3801,2022-08-09,1552,4022,MISSI,2,5,7,3801,0,0,0,,0,3D14C,"MISSION ST","26TH ST",104.00,,N,A,-,N,,,,,,,,,,N,4,0,1,2,A,-,08,22102,,F,D,C,A,A,H,-,A,A,0,,,,,Y,,A,01,0,0,1,0,0,0,0,0,0,"- ","- ",,,"SAN FRANCISCO","SAN FRANCISCO",-122.41813659667969,37.749061584472656