CASE_ID,ACCIDENT_YEAR,PROC_DATE,JURIS,COLLISION_DATE,COLLISION_TIME,OFFICER_ID,REPORTING_DISTRICT,DAY_OF_WEEK,CHP_SHIFT,POPULATION,CNTY_CITY_LOC,SPECIAL_COND,BEAT_TYPE,CHP_BEAT_TYPE,CITY_DIVISION_LAPD,CHP_BEAT_CLASS,BEAT_NUMBER,PRIMARY_RD,SECONDARY_RD,DISTANCE,DIRECTION,INTERSECTION,WEATHER_1,WEATHER_2,STATE_HWY_IND,CALTRANS_COUNTY,CALTRANS_DISTRICT,STATE_ROUTE,ROUTE_SUFFIX,POSTMILE_PREFIX,POSTMILE,LOCATION_TYPE,RAMP_INTERSECTION,SIDE_OF_HWY,TOW_AWAY,COLLISION_SEVERITY,NUMBER_KILLED,NUMBER_INJURED,PARTY_COUNT,PRIMARY_COLL_FACTOR,PCF_CODE_OF_VIOL,PCF_VIOL_CATEGORY,PCF_VIOLATION,PCF_VIOL_SUBSECTION,HIT_AND_RUN,TYPE_OF_COLLISION,MVIW,PED_ACTION,ROAD_SURFACE,ROAD_COND_1,ROAD_COND_2,LIGHTING,CONTROL_DEVICE,CHP_ROAD_TYPE,PEDESTRIAN_ACCIDENT,BICYCLE_ACCIDENT,MOTORCYCLE_ACCIDENT,TRUCK_ACCIDENT,NOT_PRIVATE_PROPERTY,ALCOHOL_INVOLVED,STWD_VEHTYPE_AT_FAULT,CHP_VEHTYPE_AT_FAULT,COUNT_SEVERE_INJ,COUNT_VISIBLE_INJ,COUNT_COMPLAINT_PAIN,COUNT_PED_KILLED,COUNT_PED_INJURED,COUNT_BICYCLIST_KILLED,COUNT_BICYCLIST_INJURED,COUNT_MC_KILLED,COUNT_MC_INJURED,PRIMARY_RAMP,SECONDARY_RAMP,LATITUDE,LONGITUDE,COUNTY,CITY,POINT_X,POINT_Y
9503085,2022,2022-09-21,3801,2022-08-12,2051,1680,MISSI,5,5,7,3801,0,0,0,,0,3D13D,"22ND ST","GUERRERO ST",0.00,,Y,A,-,N,,,,,,,,,,N,4,0,1,2,A,-,10,21950,A,N,G,B,B,A,H,-,C,A,0,Y,,,,Y,,A,01,0,0,1,0,1,0,0,0,0,"- ","- ",,,"SAN FRANCISCO","SAN FRANCISCO",-122.42317962646484,37.755180358886719
9503086,2022,2022-09-21,3801,2022-08-15,1700,2725,RICHM,1,5,7,3801,0,0,0,,0,,"GEARY BL","STANYAN ST",0.00,,Y,A,-,N,,,,,,,,,,Y,2,0,1,2,A,-,09,21801,,N,D,C,A,A,H,-,A,A,0,,,Y,,Y,,A,01,1,0,0,0,0,0,0,0,1,"- ","- ",,,"SAN FRANCISCO","SAN FRANCISCO",-122.45630645751953,37.781440734863281
9503087,2022,2022-09-21,3801,2022-08-16,1016,728,TARAV,2,5,7,3801,0,0,0,,0,3I13A,"UPPER GREAT HWY","JUDAH ST",6.00,N,N,A,-,N,,,,,,,,,,N,3,0,2,2,A,-,04,21703,,N,B,D,A,A,G,-,A,A,0,,,Y,,Y,,C,02,0,1,1,0,0,0,0,0,2,"- ","- ",,,"SAN FRANCISCO","SAN FRANCISCO",-122.50994110107422,37.760265350341797
9503088,2022,2022-10-12,3801,2022-08-12,1859,1173,RICHM,5,5,7,3801,0,0,0,,0,901,"FULTON ST","18TH AV",0.00,,Y,A,-,N,,,,,,,,,,N,3,0,1,1,A,-,03,22350,,N,H,-,A,A,H,-,A,A,0,,,Y,,Y,,C,02,0,1,0,0,0,0,0,0,1,"- ","- ",,,"SAN FRANCISCO","SAN FRANCISCO",-122.47669982910156,37.772899627685547
9503089,2022,2022-09-21,3801,2022-08-14,1905,2167,NORTH,7,5,7,3801,0,0,0,,0,3E13D,"VAN NESS AV","MCALLISTER ST",0.00,,Y,A,-,N,,,,,,,,,,N,4,0,1,2,A,-,03,22350,,N,D,C,A,A,H,-,A,A,0,,,Y,,Y,,C,02,0,0,1,0,0,0,0,0,1,"- ","- ",,,"SAN FRANCISCO","SAN FRANCISCO",-122.42020416259766,37.780055999755859
9503090,2022,2022-09-21,3801,2022-08-15,0809,670,INGLE,1,5,7,3801,0,0,0,,0,3H14A,"ALEMANY BL","TINGLEY ST",0.00,,Y,A,-,N,,,,,,,,,,Y,4,0,1,2,A,-,09,21800,A,N,D,C,A,A,H,-,A,A,0,,,Y,,Y,,A,01,0,0,1,0,0,0,0,0,1,"- ","- ",,,"SAN FRANCISCO","SAN FRANCISCO",-122.43402099609375,37.729358673095703
9503091,2022,2022-09-21,3801,2022-08-16,1314,892,SOUTH,2,5,7,3801,0,0,0,,0,0B3,"NATOMA ST","7TH ST",0.00,,Y,A,-,N,,,,,,,,,,N,3,0,1,2,A,-,11,21954,A,F,G,B,E,A,H,-,A,A,0,Y,Y,,,Y,,N,60,0,1,0,0,1,0,0,0,0,"- ","- ",,,"SAN FRANCISCO","SAN FRANCISCO",-122.40989685058594,37.778400421142578
9503092,2022,2022-09-21,3801,2022-08-14,1222,1931,NORTH,7,5,7,3801,0,0,0,,0,3E14C,"CHESTNUT ST","BAKER ST",0.00,,Y,A,-,N,,,,,,,,,,N,3,0,1,2,A,-,08,22107,,N,D,C,A,A,H,-,A,A,0,,,Y,,Y,,A,01,0,1,0,0,0,0,0,0,1,"- ","- ",,,"SAN FRANCISCO","SAN FRANCISCO",-122.44598388671875,37.799575805664062
9503093,2022,2022-11-03,3801,2022-08-13,1400,282,TARAV,6,5,7,3801,0,0,0,,0,3I41,"IRVING ST","IRVING ST 2050",0.00,,N,A,-,N,,,,,,,,,,N,4,0,1,2,A,-,11,21954,A,N,G,B,D,A,H,-,A,D,0,Y,,,,Y,,N,60,0,0,1,0,1,0,0,0,0,"- ","- ",,,"SAN FRANCISCO","SAN FRANCISCO",,
9503094,2022,2022-09-21,3801,2022-08-14,0830,1605,NORTH,7,5,7,3801,0,0,0,,0,3E13A,"MCALLISTER ST","POLK ST",131.00,W,N,A,-,N,,,,,,,,,,N,4,0,1,2,A,-,08,22107,,N,D,B,A,A,H,-,A,D,0,,,,,Y,,A,01,0,0,1,0,0,0,0,0,0,"- ","- ",,,"SAN FRANCISCO","SAN FRANCISCO",-122.41904449462891,37.78021240234375
9503095,2022,2022-09-21,3801,2022-08-07,1355,737,NORTH,7,5,7,3801,0,0,0,,0,3E77,"EDDY ST","FILLMORE ST",0.00,,Y,A,-,N,,,,,,,,,,N,3,0,1,2,A,-,08,22107,,N,D,G,A,A,H,-,A,D,0,,Y,,,Y,,L,04,0,1,0,0,0,0,1,0,0,"- ","- ",,,"SAN FRANCISCO","SAN FRANCISCO",-122.43231964111328,37.781425476074219
9503096,2022,2022-10-11,3801,2022-08-12,0900,SCOTT,INGLE,5,5,7,3801,0,0,0,,0,3H13A,"MISSION ST","ST MARYS AV",38.00,N,N,A,-,N,,,,,,,,,,Y,3,0,1,2,A,-,07,21658,A,N,B,C,A,A,H,-,A,D,0,,,,,Y,,A,07,0,1,0,0,0,0,0,0,0,"- ","- ",,,"SAN FRANCISCO","SAN FRANCISCO",-122.42604064941406,37.734031677246094
9503097,2022,2022-09-21,3801,2022-08-05,1628,2419,RICHM,5,5,7,3801,0,0,0,,0,908,"CLAY ST","LYON ST",194.00,W,N,A,-,N,,,,,,,,,,N,2,0,1,1,A,-,03,22350,,N,H,A,A,A,G,-,A,D,0,,Y,,,Y,,L,04,1,0,0,0,0,0,1,0,0,"- ","- ",,,"SAN FRANCISCO","SAN FRANCISCO",-122.44643402099609,37.789157867431641
9503098,2022,2022-09-21,3801,2022-08-05,1750,4274,RICHM,5,5,7,3801,0,0,0,,0,3G13C,"MARTIN LUTHER KING JR DR","CROSSOVER DR",108.00,E,N,A,-,N,,,,,,,,,,N,3,0,1,2,D,-,00,,,N,B,G,A,A,H,-,A,D,0,,,,,Y,,-,"- ",0,1,0,0,0,0,0,0,0,"- ","- ",,,"SAN FRANCISCO","SAN FRANCISCO",-122.47701263427734,37.766101837158203
9503099,2022,2022-09-21,3801,2022-08-02,1606,54,NORTH,2,5,7,3801,0,0,0,,0,3E11D,"MARKET ST","FRANKLIN ST",2.00,E,N,A,-,N,,,,,,,,,,N,4,0,1,2,A,-,17,21209,A,N,D,C,A,A,H,-,A,A,0,,,,,Y,,A,01,0,0,1,0,0,0,0,0,0,"- ","- ",,,"SAN FRANCISCO","SAN FRANCISCO",-122.42070770263672,37.774024963378906
9503100,2022,2022-09-21,3801,2022-08-06,0302,1713,NORTH,6,5,7,3801,0,0,0,,0,004,"BUSH ST","STEINER ST",0.00,,Y,A,-,N,,,,,,,,,,N,4,0,1,3,A,-,12,21453,A,F,D,C,A,A,H,-,C,A,0,,,,,Y,,A,01,0,0,1,0,0,0,0,0,0,"- ","- ",,,"SAN FRANCISCO","SAN FRANCISCO",-122.43511199951172,37.786823272705078
9503101,2022,2022-10-05,3801,2022-08-09,1038,2089,TENDE,2,5,7,3801,0,0,0,,0,COJ4CA,"EDDY ST","LEAVENWORTH ST",25.00,E,N,A,-,N,,,,,,,,,,Y,3,0,1,6,A,-,03,22350,,N,F,E," ",A,H,-,A,A,0,Y,,,,Y,,A,01,0,1,0,0,1,0,0,0,0,"- ","- ",,,"SAN FRANCISCO","SAN FRANCISCO",-122.41415405273438,37.783740997314453
9503102,2022,2022-09-21,3801,2022-08-08,0658,1316,RICHM,1,5,7,3801,0,0,0,,0,3G14A,"FULTON ST","12TH AV",100.00,W,N,A,-,N,,,,,,,,,,Y,4,0,1,2,A,-,08,22103,,F,C,C,A,A,H,-,A,A,0,,,,,Y,,A,01,0,0,1,0,0,0,0,0,0,"- ","- ",,,"SAN FRANCISCO","SAN FRANCISCO",-122.47051239013672,37.773189544677734
9503103,2022,2022-09-21,3801,2022-08-08,1350,1100,TENDE,1,5,7,3801,0,0,0,,0,3J4A,"EDDY ST","HYDE ST",207.00,E,N,A,-,N,,,,,,,,,,N,3,0,1,3,A,-,17,22517,,N,B,G,A,A,H,-,A,D,0,,Y,,,Y,,A,01,0,1,0,0,0,0,1,0,0,"- ","- ",,,"SAN FRANCISCO","SAN FRANCISCO",-122.41518402099609,37.783603668212891
9503104,2022,2022-09-21,3801,2022-08-11,1815,2186,NORTH,4,5,7,3801,0,0,0,,0,3E12D,"EDDY ST","WEBSTER ST",0.00,,Y,A,-,N,,,,,,,,,,N,4,0,1,2,A,-,08,22107,,F,H,C,A,A,H,-,A,A,0,,,,,Y,,-,,0,0,1,0,0,0,0,0,0,"- ","- ",,,"SAN FRANCISCO","SAN FRANCISCO",-122.43067169189453,37.781623840332031
9503105,2022,2022-11-03,3801,2022-08-09,1755,1644,TENDE,2,5,7,3801,0,0,0,,0,3J12D,"6TH ST","6TH ST 88",0.00,,N,A,-,N,,,,,,,,,,N,3,0,1,2,D,-,00,,,N,B,C,A,A,H,-,A,A,0,,,Y,,Y,,-,"- ",0,1,0,0,0,0,0,0,1,"- ","- ",,,"SAN FRANCISCO","SAN FRANCISCO",-122.408911,37.781123999999998
9503106,2022,2022-09-21,3801,2022-08-09,1830,1100,TENDE,2,5,7,3801,0,0,0,,0,3J5D,"MARKET ST","5TH ST",120.00,E,N,A,-,N,,,,,,,,,,N,3,0,1,1,A,-,03,22350,,N,F,I,A,A,-,-,A,D,0,,Y,,,Y,,L,04,0,1,0,0,0,0,1,0,0,"- ","- ",,,"SAN FRANCISCO","SAN FRANCISCO",-122.40776062011719,37.784229278564453
9503107,2022,2022-09-21,3801,2022-08-14,1455,2491,SOUTH,7,5,7,3801,0,0,0,,0,3B14D,"3RD ST","BRYANT ST",0.00,,Y,A,-,N,,,,,,,,,,N,4,0,1,2,A,-,08,22107,,N,B,C,A,A,H,-,A,A,0,,,,,Y,,A,07,0,0,1,0,0,0,0,0,0,"- ","- ",,,"SAN FRANCISCO","SAN FRANCISCO",-122.39585113525391,37.781307220458984
9503108,2022,2022-09-21,3801,2022-08-10,1503,1951,SOUTH,3,5,7,3801,0,0,0,,0,0B1,"MISSION ST","NEW MONTGOMERY ST",0.00,,Y,A,-,N,,,,,,,,,,N,4,0,1,2,A,-,10,21950,A,N,G,B,B,A,H,-,A,A,0,Y,,,,Y,,A,01,0,0,1,0,1,0,0,0,0,"- ","- ",,,"SAN FRANCISCO","SAN FRANCISCO",-122.40049743652344,37.787452697753906
9503109,2022,2022-09-21,3801,2022-08-12,2046,2328,BAYVI,5,5,7,3801,0,0,0,,0,901,"CARGO WY","JENNINGS ST",0.00,,Y,A,-,N,,,,,,,,,,Y,2,0,1,1,A,-,03,22350,,N,E,I,A,A,H,-,C,A,0,,,,,Y,,A,01,1,0,0,0,0,0,0,0,0,"- ","- ",,,"SAN FRANCISCO","SAN FRANCISCO",-122.37690734863281,37.740230560302734
9503110,2022,2022-09-21,3801,2022-08-14,0225,1641,SOUTH,7,5,7,3801,0,0,0,,0,3B12E,"NEW MONTGOMERY ST","MISSION ST",0.00,,Y,A,-,N,,,,,,,,,,Y,4,0,8,3,A,-,12,21453,A,N,D,C,A,A,H,-,C,A,0,,,,,Y,,A,01,0,0,8,0,0,0,0,0,0,"- ","- ",,,"SAN FRANCISCO","SAN FRANCISCO",-122.40049743652344,37.787452697753906
9503111,2022,2022-11-03,3801,2022-08-12,2155,1961,INGLE,5,5,7,3801,0,0,0,,0,3H16E,"OSHAUGHNESSY BL","OSHAUGHNESSY BL 8415",0.00,,N,A,-,N,,,,,,,,,,N,2,0,1,1,A,-,03,22350,,N,H,A,A,A,B,-,C,D,0,,Y,,,Y,,L,04,1,0,0,0,0,0,1,0,0,"- ","- ",,,"SAN FRANCISCO","SAN FRANCISCO",,
9503112,2022,2022-10-11,3801,2022-08-11,2120,1350,BAYVI,4,5,7,3801,0,0,0,,0,3C13E,"AMADOR ST","ILLINOIS ST",0.00,,Y,A,-,N,,,,,,,,,,N,4,0,1,2,A,-,12,21453,A,N,D,-,A,A,H,-,C,A,0,,Y,,,Y,,-,"- ",0,0,1,0,0,0,1,0,0,"- ","- ",,,"SAN FRANCISCO","SAN FRANCISCO",-122.38603973388672,37.745765686035156
9503113,2022,2022-09-21,3801,2022-08-12,1410,2580,TENDE,5,5,7,3801,0,0,0,,0,901,"HOWARD ST","10TH ST",0.00,,Y,A,-,N,,,,,,,,,,Y,4,0,1,2,D,-,00,,,N,C,C,A,-,H,-,A,A,0,,,,,Y,,-,"- ",0,0,1,0,0,0,0,0,0,"- ","- ",,,"SAN FRANCISCO","SAN FRANCISCO",-122.41436767578125,37.774024963378906
9503114,2022,2022-09-21,3801,2022-08-10,1335,986,TARAV,3,5,7,3801,0,0,0,,0,3113B,"19TH AV","NORIEGA ST",0.00,,Y,A,-,N,,,,,,,,,,Y,4,0,7,6,A,-,03,22350,,N,C,C,A,A,H,-,A,A,0,,,,,Y,,A,07,0,0,7,0,0,0,0,0,0,"- ","- ",,,"SAN FRANCISCO","SAN FRANCISCO",-122.4764404296875,37.754215240478516
9503115,2022,2022-09-21,3801,2022-08-15,0806,118,PARK,1,5,7,3801,0,0,0,,0,3F11A,"LINCOLN WY","KEZAR DR",0.00,,Y,A,-,N,,,,,,,,,,Y,4,0,1,4,A,-,03,22350,,N,A,C,A,A,H,-,A,D,0,,,,,Y,,A,01,0,0,1,0,0,0,0,0,0,"- ","- ",,,"SAN FRANCISCO","SAN FRANCISCO",-122.4605712890625,37.766178131103516
9503116,2022,2022-09-21,3801,2022-08-15,0849,621,CENTR,1,5,7,3801,0,0,0,,0,3A13A,"KEARNY ST","VER MEHR PL",18.00,S,N,A,-,N,,,,,,,,,,N,4,0,1,2,A,-,06,21755,,N,B,G,A,A,H,-,A,D,0,,Y,,,Y,,A,01,0,0,1,0,0,0,1,0,0,"- ","- ",,,"SAN FRANCISCO","SAN FRANCISCO",-122.40373992919922,37.789291381835938
9503117,2022,2022-09-21,3801,2022-08-11,2112,2035,MISSI,4,5,7,3801,0,0,0,,0,3D16E,"17TH ST","BRYAN ST",0.00,,Y,A,-,N,,,,,,,,,,N,4,0,1,2,A,-,09,21801,,N,D,G,A,A,H,-,C,A,0,,Y,,,Y,,A,01,0,0,1,0,0,0,1,0,0,"- ","- ",,,"SAN FRANCISCO","SAN FRANCISCO",-122.41038513183594,37.764324188232422
9503118,2022,2022-09-21,3801,2022-08-12,1559,1113,PARK,5,5,7,3801,0,0,0,,0,3F13D,"MASONIC AV","GOLDEN GATE AV",0.00,,Y,A,-,N,,,,,,,,,,N,3,0,1,2,A,-,08,22107,,N,D,G,A,A,H,-,A,A,0,,Y,,,Y,,A,01,0,1,0,0,0,0,1,0,0,"- ","- ",,,"SAN FRANCISCO","SAN FRANCISCO",-122.44683837890625,37.777671813964844
9503119,2022,2022-09-21,3801,2022-08-11,1745,1148,MISSI,4,5,7,3801,0,0,0,,0,3D15D,"MISSION ST","15TH ST",76.00,N,N,A,-,N,,,,,,,,,,N,4,0,1,2,A,-,05,21460,A,N,D,G,A,A,H,-,A,D,0,,Y,,,Y,,A,01,0,0,1,0,0,0,1,0,0,"- ","- ",,,"SAN FRANCISCO","SAN FRANCISCO",-122.41983795166016,37.766880035400391
9503120,2022,2022-10-12,3801,2022-08-11,2112,1769,MISSI,4,5,7,3801,0,0,0,,0,3D11E,"VALENCIA ST","16TH ST",66.00,N,N,A,-,N,,,,,,,,,,Y,3,0,1,2,A,-,08,22102,,F,A,C,A,A,H,-,C,A,0,,,,,Y,,A,01,0,1,0,0,0,0,0,0,0,"- ","- ",,,"SAN FRANCISCO","SAN FRANCISCO",-122.42190551757812,37.765090942382812
9503123,2022,2022-10-07,3801,2022-07-10,2500,2020,SOUTH,7,5,7,3801,0,0,0,,0,3B4A,"MARKET ST","GOUGH ST",0.00,,Y,A,-,N,,,,,,,,,,Y,3,0,2,2,A,-,03,22350,,N,D,C,A,A,H,-,A,A,0,,,,,Y,,-,,0,1,1,0,0,0,0,0,0,"- ","- ",,,"SAN FRANCISCO","SAN FRANCISCO",-122.42221069335938,37.772872924804688
9503125,2022,2022-09-21,3801,2022-07-30,0129,1574,INGLE,6,5,7,3801,0,0,0,,0,3H15E,"SAN JOSE AV","SENECA AV",0.00,,Y,A,-,N,,,,,,,,,,,3,0,1,1,A,-,03,22350,,M,E,I,A,B,H,-,C,A,0,,,,,Y,,A,01,0,1,0,0,0,0,0,0,0,"- ","- ",,,"SAN FRANCISCO","SAN FRANCISCO",-122.44585418701172,37.721637725830078
9503141,2022,2022-09-19,3801,2022-07-31,1944,4178,NORTH,7,5,7,3801,0,0,0,,0,4B3A,"WEBSTER ST","HAYES ST",0.00,,Y,A,-,N,,,,,,,,,,N,2,0,1,2,A,-,12,21453,A,N,D,G,A,A,H,-,B,A,0,,Y,,,Y,,L,04,1,0,0,0,0,0,1,0,0,"- ","- ",,,"SAN FRANCISCO","SAN FRANCISCO",-122.42953491210938,37.776042938232422
9503142,2022,2022-09-28,3801,2022-07-10,0745,2020,SOUTH,7,5,7,3801,0,0,0,,0,3B4A,"MARKET ST","GOUGH ST",0.00,,Y,A,-,N,,,,,,,,,,Y,3,0,2,2,A,-,03,22350,,N,D,C,A,A,H,-,A,A,0,,,,,Y,,-,,0,1,1,0,0,0,0,0,0,"- ","- ",,,"SAN FRANCISCO","SAN FRANCISCO",-122.42221069335938,37.772872924804688
9503144,2022,2022-09-19,3801,2022-07-28,2219,1994,TRAFF,4,5,7,3801,0,0,0,,0,4B3D,"GOLDEN GATE AV","LEAVENWORTH ST",18.00,E,N,B,-,N,,,,,,,,,,Y,2,0,1,1,A,-,03,22350,,N,A,I,A,A,H,-,C,A,0,,,Y,,Y,,C,03,1,0,0,0,0,0,0,0,1,"- ","- ",,,"SAN FRANCISCO","SAN FRANCISCO",-122.41379547119141,37.781879425048828
9503145,2022,2022-09-19,3801,2022-07-29,2342,1166,INGLE,5,5,7,3801,0,0,0,,0,3H16E,"MISSION ST","GENEVA AV",0.00,,Y,B,F,N,,,,,,,,,,N,4,0,1,2,A,-,10,21950,A,N,G,B,B,B,H,-,C,A,0,Y,,,,Y,Y,A,01,0,0,1,0,1,0,0,0,0,"- ","- ",,,"SAN FRANCISCO","SAN FRANCISCO",-122.44100189208984,37.716388702392578
9503146,2022,2022-10-12,3801,2022-07-29,0903,1641,SOUTH,5,5,7,3801,0,0,0,,0,,"OCTAVIA ST","MARKET ST",0.00,,Y,B,-,N,,,,,,,,,,N,4,0,1,2,A,-,04,21703,,N,C,C,A,B,H,-,A,A,0,,,,,Y,,A,01,0,0,1,0,0,0,0,0,0,"- ","- ",,,"SAN FRANCISCO","SAN FRANCISCO",-122.42359161376953,37.771774291992188
9503147,2022,2022-09-28,3801,2022-07-29,1236,713,CENTR,5,5,7,3801,0,0,0,,0,3A14D,"THE EMBARCADERO","BAY ST",298.00,S,N,A,-,N,,,,,,,,,,N,3,0,1,1,A,-,03,22350,,N,H,A,A,A,H,-,A,D,0,,,,,Y,,-,,0,1,0,0,0,0,0,0,0,"- ","- ",,,"SAN FRANCISCO","SAN FRANCISCO",-122.40510559082031,37.806186676025391
9503148,2022,2022-09-19,3801,2022-07-29,0333,2722,CENTR,5,5,7,3801,0,0,0,,0,3A13E,"BUSH ST","HYDE ST",0.00,,Y,A,-,N,,,,,,,,,,N,3,0,1,2,A,-,11,21950,B,N,A,B,D,B,H,-,C,D,0,Y,,Y,,Y,,N,60,0,1,0,0,1,0,0,0,0,"- ","- ",,,"SAN FRANCISCO","SAN FRANCISCO",-122.41700744628906,37.789119720458984
9503149,2022,2022-09-19,3801,2022-07-28,0138,4222,INGLE,4,5,7,3801,0,0,0,,0,3H13E,"SILVER AV","CONGDON ST",0.00,,Y,F,-,N,,,,,,,,,,Y,4,0,2,3,A,-,12,22450,A,F,D,C,A,B,H,-,C,A,0,,,,,Y,,A,01,0,0,2,0,0,0,0,0,0,"- ","- ",,,"SAN FRANCISCO","SAN FRANCISCO",-122.42597961425781,37.7286376953125
9503150,2022,2022-09-19,3801,2022-07-29,2116,4039,CENTR,5,5,7,3801,0,0,0,,0,3A5,"THE EMBARCADERO","WASHINGTON ST",153.00,N,N,B,C,N,,,,,,,,,,,4,0,1,2,A,-,11,21955,,N,G,B,D,B,H,-,C,A,0,Y,,,,Y,,N,60,0,0,1,0,1,0,0,0,0,"- ","- ",,,"SAN FRANCISCO","SAN FRANCISCO",-122.39585876464844,37.796989440917969
9503151,2022,2022-09-19,3801,2022-07-29,0813,2093,NORTH,5,5,7,3801,0,0,0,,0,3E14A,"FILLMORE ST","BAY ST",0.00,,Y,A,-,N,,,,,,,,,,N,4,0,1,2,A,-,03,22350,,F,D,C,A,A,H,-,A,A,0,,,,,Y,Y,A,01,0,0,1,0,0,0,0,0,0,"- ","- ",,,"SAN FRANCISCO","SAN FRANCISCO",-122.43667602539062,37.802707672119141
9503152,2022,2022-09-19,3801,2022-07-28,1455,301,INGLE,4,5,7,3801,0,0,0,,0,3H13C,"GENEVA AV","SAN JOSE AV",265.00,W,N,B,-,N,,,,,,,,,,Y,4,0,2,2,C,-,18,,,N,A,C,A,A,H,-,A,A,0,,,,,Y,Y,-,"- ",0,0,2,0,0,0,0,0,0,"- ","- ",,,"SAN FRANCISCO","SAN FRANCISCO",-122.44744873046875,37.721061706542969
9503153,2022,2022-09-19,3801,2022-07-28,1609,2342,NORTH,4,5,7,3801,0,0,0,,0,3E14D,"PINE ST","VAN NESS AV",0.00,,Y,A,-,N,,,,,,,,,,Y,4,0,1,2,A,-,08,22107,,N,B,C,A,A,H,-,A,D,0,,,,,Y,,A,01,0,0,1,0,0,0,0,0,0,"- ","- ",,,"SAN FRANCISCO","SAN FRANCISCO",-122.42209625244141,37.789417266845703
9503154,2022,2022-09-19,3801,2022-07-28,0146,1750,NORTH,4,5,7,3801,0,0,0,,0,0E3,"CALIFORNIA ST","POLK ST",63.00,W,N,-,-,N,,,,,,,,,,Y,3,0,1,2,A,-,03,22350,,N,C,E,A,A,H,-,C,A,0,,,,,Y,,A,01,0,1,0,0,0,0,0,0,0,"- ","- ",,,"SAN FRANCISCO","SAN FRANCISCO",-122.4208984375,37.790542602539062
9503155,2022,2022-09-28,3801,2022-07-30,0157,2722,CENTR,6,5,7,3801,0,0,0,,0,3A2E,"ESSEX ST","HARRISON ST",0.00,,Y,B,-,N,,,,,,,,,,,4,0,1,1,A,-,03,22350,,N,B,I,A,B,H,-,C,A,0,,,,,Y,,A,01,0,0,1,0,0,0,0,0,0,"- ","- ",,,"SAN FRANCISCO","SAN FRANCISCO",-122.39405822753906,37.785213470458984
9503156,2022,2022-09-19,3801,2022-07-28,1604,1833,NORTH,4,5,7,3801,0,0,0,,0,3E13D,"FRANKLIN ST","ELLIS ST",0.00,,Y,A,-,N,,,,,,,,,,Y,3,0,1,2,A,-,03,22350,A,F,E,B,F,A,H,-,A,A,0,Y,,,,Y,,A,01,0,1,0,0,1,0,0,0,0,"- ","- ",,,"SAN FRANCISCO","SAN FRANCISCO",-122.42264556884766,37.783611297607422
9503157,2022,2022-09-19,3801,2022-07-28,2250,1300,PARK,4,5,7,3801,0,0,0,,0,3F13E,"OAK ST",CENTRAL,230.00,W,N,B,F,N,,,,,,,,,,N,4,0,1,1,A,-,03,22350,,N,H,A,A,B,H,-,C,D,0,,,Y,,Y,,C,03,0,0,1,0,0,0,0,0,1,"- ","- ",,,"SAN FRANCISCO","SAN FRANCISCO",-122.44483947753906,37.772193908691406
9503158,2022,2022-09-28,3801,2022-07-28,1236,1396,SOUTH,4,5,7,3801,0,0,0,,0,3B1A,"FOLSOM ST","10TH ST",0.00,,Y,A,-,N,,,,,,,,,,N,4,0,1,2,A,-,"- ",,,N,D,C,A,A,H,-,A,B,0,,,,,Y,,-,"- ",0,0,1,0,0,0,0,0,0,"- ","- ",,,"SAN FRANCISCO","SAN FRANCISCO",-122.41281890869141,37.772819519042969
9503159,2022,2022-09-19,3801,2022-07-28,2353,821,SOUTH,4,5,7,3801,0,0,0,,0,03E,"MCALLISTER ST","FRANKLIN ST",0.00,,Y,A,-,N,,,,,,,,,,,4,0,1,2,A,-,08,22107,,F,-,G,A,A,H,-,C,A,0,,Y,,,Y,,-,,0,0,1,0,0,0,1,0,0,"- ","- ",,,"SAN FRANCISCO","SAN FRANCISCO",-122.42189025878906,37.779876708984375
9503160,2022,2022-09-28,3801,2022-07-22,1818,4239,PARK,5,5,7,3801,0,0,0,,0,3F12D,"KEZAR DR","WALLER ST",360.00,W,N,A,-,N,,,,,,,,,,N,3,0,1,2,A,-,04,21703,,N,B,C,A,A,H,-,A,D,0,,,Y,,Y,,C,02,0,1,0,0,0,0,0,0,1,"- ","- ",,,"SAN FRANCISCO","SAN FRANCISCO",-122.45632934570312,37.767906188964844
9503161,2022,2022-09-19,3801,2022-07-28,0601,2262,TARAV,4,5,7,3801,0,0,0,,0,3I15A,"LAKE MERCED BL","EVERGLADE DR",0.00,,Y,B,-,N,,,,,,,,,,Y,4,0,1,1,A,-,03,22350,,N,F,J,A,B,H,-,B,A,0,,,,,Y,,A,01,0,0,1,0,0,0,0,0,0,"- ","- ",,,"SAN FRANCISCO","SAN FRANCISCO",-122.48896789550781,37.730434417724609
9503162,2022,2022-09-20,3801,2022-07-29,2050,359,TARAV,5,5,7,3801,0,0,0,,0,312D,"MORAGA ST","33RD AV",0.00,,Y,E,-,N,,,,,,,,,,Y,4,0,1,2,A,-,09,21800,A,N,D,C,A,B,H,-,C,A,0,,,,,Y,,A,01,0,0,1,0,0,0,0,0,0,"- ","- ",,,"SAN FRANCISCO","SAN FRANCISCO",-122.49160766601562,37.755451202392578
9503163,2022,2022-09-19,3801,2022-07-30,1500,4187,NORTH,6,5,7,3801,0,0,0,,0,3E12D,"MCALLISTER ST","BUCHANAN ST",30.00,W,N,A,-,N,,,,,,,,,,N,3,0,1,1,A,-,17,21235,G,N,E,I,A,A,H,-,A,D,0,,,,,Y,,M,94,0,1,0,0,0,0,0,0,0,"- ","- ",,,"SAN FRANCISCO","SAN FRANCISCO",-122.42866516113281,37.779029846191406
9503164,2022,2022-09-29,3801,2022-07-27,2040,426,NORTH,3,5,7,3801,0,0,0,,0,,"GOUGH ST","GEARY BL",0.00,,Y,A,-,N,,,,,,,,,,N,4,0,1,2,A,-,08,22107,,F,B,C,A,A,H,-,C,A,0,,,,,Y,,A,01,0,0,1,0,0,0,0,0,0,"- ","- ",,,"SAN FRANCISCO","SAN FRANCISCO",-122.42469024658203,37.785411834716797