CASE_ID,ACCIDENT_YEAR,PROC_DATE,JURIS,COLLISION_DATE,COLLISION_TIME,OFFICER_ID,REPORTING_DISTRICT,DAY_OF_WEEK,CHP_SHIFT,POPULATION,CNTY_CITY_LOC,SPECIAL_COND,BEAT_TYPE,CHP_BEAT_TYPE,CITY_DIVISION_LAPD,CHP_BEAT_CLASS,BEAT_NUMBER,PRIMARY_RD,SECONDARY_RD,DISTANCE,DIRECTION,INTERSECTION,WEATHER_1,WEATHER_2,STATE_HWY_IND,CALTRANS_COUNTY,CALTRANS_DISTRICT,STATE_ROUTE,ROUTE_SUFFIX,POSTMILE_PREFIX,POSTMILE,LOCATION_TYPE,RAMP_INTERSECTION,SIDE_OF_HWY,TOW_AWAY,COLLISION_SEVERITY,NUMBER_KILLED,NUMBER_INJURED,PARTY_COUNT,PRIMARY_COLL_FACTOR,PCF_CODE_OF_VIOL,PCF_VIOL_CATEGORY,PCF_VIOLATION,PCF_VIOL_SUBSECTION,HIT_AND_RUN,TYPE_OF_COLLISION,MVIW,PED_ACTION,ROAD_SURFACE,ROAD_COND_1,ROAD_COND_2,LIGHTING,CONTROL_DEVICE,CHP_ROAD_TYPE,PEDESTRIAN_ACCIDENT,BICYCLE_ACCIDENT,MOTORCYCLE_ACCIDENT,TRUCK_ACCIDENT,NOT_PRIVATE_PROPERTY,ALCOHOL_INVOLVED,STWD_VEHTYPE_AT_FAULT,CHP_VEHTYPE_AT_FAULT,COUNT_SEVERE_INJ,COUNT_VISIBLE_INJ,COUNT_COMPLAINT_PAIN,COUNT_PED_KILLED,COUNT_PED_INJURED,COUNT_BICYCLIST_KILLED,COUNT_BICYCLIST_INJURED,COUNT_MC_KILLED,COUNT_MC_INJURED,PRIMARY_RAMP,SECONDARY_RAMP,LATITUDE,LONGITUDE,COUNTY,CITY,POINT_X,POINT_Y
9503165,2022,2022-09-20,3801,2022-07-04,1545,104,TRAFF,1,5,7,3801,0,0,0,,0,4B4A,"BATTERY ST","BUSH ST",0.00,,Y,A,-,N,,,,,,,,,,Y,2,0,6,3,A,-,12,21453,A,N,D,C,A,A,H,-,A,A,0,,,,,Y,,A,01,4,0,2,0,0,0,0,0,0,"- ","- ",,,"SAN FRANCISCO","SAN FRANCISCO",-122.39959716796875,37.791351318359375
9503166,2022,2022-09-28,3801,2022-07-11,1252,2405,TENDE,1,5,7,3801,0,0,0,,0,,"ELLIS ST","POWELL ST",35.00,,N,A,-,N,,,,,,,,,,N,4,0,2,2,A,-,04,21703,,N,C,C,A,A,-,-,A,D,0,,,,,Y,,-,"- ",0,0,2,0,0,0,0,0,0,"- ","- ",,,"SAN FRANCISCO","SAN FRANCISCO",-122.40782928466797,37.785499572753906
9503167,2022,2022-09-20,3801,2022-07-29,1523,801,SOUTH,5,5,7,3801,0,0,0,,0,0B2,"5TH ST","CLARA ST",10.00,S,N,A,-,N,,,,,,,,,,N,4,0,2,2,A,-,03,22350,,N,D,C,A,A,H,-,A,D,0,,,,,Y,,A,01,0,0,2,0,0,0,0,0,0,"- ","- ",,,"SAN FRANCISCO","SAN FRANCISCO",-122.40235137939453,37.779430389404297
9503168,2022,2022-09-20,3801,2022-07-16,1645,1052,RICHM,6,5,7,3801,0,0,0,,0,3G5D,"GEARY BL","30TH AV",0.00,,Y,A,-,N,,,,,,,,,,N,3,0,2,2,A,-,09,21801,A,N,D,C,A,A,H,-,A,A,0,,,,,Y,Y,A,01,0,1,1,0,0,0,0,0,0,"- ","- ",,,"SAN FRANCISCO","SAN FRANCISCO",-122.49007415771484,37.779911041259766
9503169,2022,2022-09-19,3801,2022-07-01,2039,1544,CENTR,5,5,7,3801,0,0,0,,0,3A14D,BATTERY,BROADWAY,30.00,N,N,A,-,N,,,,,,,,,,N,4,0,1,2,A,-,03,22350,A,F,C,C,A,A,H,-,B,A,0,,,,,Y,Y,A,01,0,0,1,0,0,0,0,0,0,"- ","- ",,,"SAN FRANCISCO","SAN FRANCISCO",-122.40105438232422,37.798683166503906
9503170,2022,2022-09-19,3801,2022-07-02,1950,1453,CENTR,6,5,7,3801,0,0,0,,0,3A14D,"WASHINGTON ST","KEARNY ST",0.00,,Y,B,-,N,,,,,,,,,,N,3,0,1,2,A,-,12,22450,A,N,D,B,E,A,H,-,A,D,0,Y,,,,Y,,N,60,0,1,0,0,1,0,0,0,0,"- ","- ",,,"SAN FRANCISCO","SAN FRANCISCO",-122.40496063232422,37.795330047607422
9503181,2022,2022-09-21,3801,2022-08-25,1613,2407,MISSI,4,5,7,3801,0,0,0,,0,3D2D,"CLIPPER ST","CHURCH ST",408.00,W,N,A,-,N,,,,,,,,,,N,4,0,1,2,A,-,10,21954,B,N,B,B,E,A,H,-,A,A,0,Y,,,,Y,,A,07,0,0,1,0,1,0,0,0,0,"- ","- ",,,"SAN FRANCISCO","SAN FRANCISCO",-122.42863464355469,37.749210357666016
9503182,2022,2022-09-21,3801,2022-08-25,2010,1861,TARAV,4,5,7,3801,0,0,0,,0,3I11D,"LINCOLN WY","16TH AV",0.00,,Y,A,-,N,,,,,,,,,,Y,3,0,4,2,A,-,03,22350,,F,D,C,A,A,H,-,B,D,0,,,,,Y,,A,01,0,1,3,0,0,0,0,0,0,"- ","- ",,,"SAN FRANCISCO","SAN FRANCISCO",-122.47406768798828,37.765594482421875
9503183,2022,2022-09-21,3801,2022-08-25,0050,2354,TARAV,4,5,7,3801,0,0,0,,0,3CAR,"GREAT HWY","JUDAH ST",0.00,,Y,E,-,N,,,,,,,,,,N,4,0,1,2,A,-,03,22350,,F,G,B,B,B,H,-,C,D,0,Y,,,,Y,,A,07,0,0,1,0,1,0,0,0,0,"- ","- ",,,"SAN FRANCISCO","SAN FRANCISCO",-122.50994110107422,37.760246276855469
9503185,2022,2022-09-21,3801,2022-08-29,1745,916,BAYVI,1,5,7,3801,0,0,0,,0,3C14D,"SILVER AV","DARTMOUTH ST",0.00,,Y,A,-,N,,,,,,,,,,N,4,0,1,2,A,-,02,22526,A,N,H,A,A,A,H,-,A,A,0,,,Y,,Y,,-,"- ",0,0,1,0,0,0,0,0,1,"- ","- ",,,"SAN FRANCISCO","SAN FRANCISCO",-122.41326904296875,37.729900360107422
9503186,2022,2022-10-05,3801,2022-08-24,1510,986,TARAV,3,5,7,3801,0,0,0,,0,3115B,"SUNSET BL","YORBA ST",0.00,,Y,A,-,N,,,,,,,,,,N,3,0,1,2,D,-,00,,,N,G,B,B,A,H,-,A,A,0,Y,,,,Y,,-,"- ",0,1,0,0,1,0,0,0,0,"- ","- ",,,"SAN FRANCISCO","SAN FRANCISCO",-122.4940185546875,37.735000610351562
9503187,2022,2022-09-21,3801,2022-08-28,1641,1133,CENTR,7,5,7,3801,0,0,0,,0,0A4,"THE EMBARCADERO",BROADWAY,0.00,,Y,A,-,N,,,,,,,,,,N,3,0,1,2,A,-,12,21453,A,F,D,C,A,A,H,-,A,A,0,,Y,Y,,Y,,L,04,0,1,0,0,0,0,0,0,1,"- ","- ",,,"SAN FRANCISCO","SAN FRANCISCO",-122.39775848388672,37.799182891845703
9503188,2022,2023-04-24,3801,2022-08-28,1859,2435,BAYVI,7,5,7,3801,0,0,0,,0,003,"INGALLS ST","HUDSON CT",0.00,,Y,A,-,N,,,,,,,,,,N,4,0,2,2,A,-,12,22450,A,M,D,D,A,A,H,-,B,A,0,,,,,Y,,A,07,0,0,2,0,0,0,0,0,0,"- ","- ",,,"SAN FRANCISCO","SAN FRANCISCO",-122.37961578369141,37.73248291015625
9503190,2022,2022-09-21,3801,2022-08-27,1427,2328,BAYVI,6,5,7,3801,0,0,0,,0,901,"3RD ST","PALOU AV",0.00,,Y,A,-,N,,,,,,,,,,Y,3,0,2,2,A,-,08,22107,,F,B,C,A,A,H,-,A,A,0,,,,,Y,,-,99,0,1,1,0,0,0,0,0,0,"- ","- ",,,"SAN FRANCISCO","SAN FRANCISCO",-122.39105987548828,37.734039306640625
9503191,2022,2022-09-21,3801,2022-08-29,1143,1119,SOUTH,1,5,7,3801,0,0,0,,0,,"12TH ST","BERNICE ST",12.00,E,N,A,-,N,,,,,,,,,,N,3,0,1,1,A,-,03,22350,,N,H,A,A,A,H,-,A,D,0,,,,,Y,,M,94,0,1,0,0,0,0,0,0,0,"- ","- ",,,"SAN FRANCISCO","SAN FRANCISCO",-122.41370391845703,37.770336151123047
9503192,2022,2022-09-21,3801,2022-08-29,1646,445,INGLE,1,5,7,3801,0,0,0,,0,004,"CAYUGA AV","SANTA YNEZ ST",0.00,,Y,A,-,N,,,,,,,,,,N,4,0,3,2,A,-,09,21802,A,N,D,C,A,A,H,-,A,A,0,,,,,Y,,A,01,0,0,3,0,0,0,0,0,0,"- ","- ",,,"SAN FRANCISCO","SAN FRANCISCO",-122.43866729736328,37.723823547363281
9503193,2022,2022-09-21,3801,2022-08-25,1521,2017,MISSI,4,5,7,3801,0,0,0,,0,3D11D,"GUERRERO ST","19TH ST",50.00,N,N,A,-,N,,,,,,,,,,N,4,0,2,2,A,-,04,21703,,N,C,C,A,A,H,-,A,A,0,,,,,Y,,A,01,0,0,2,0,0,0,0,0,0,"- ","- ",,,"SAN FRANCISCO","SAN FRANCISCO",-122.42364501953125,37.760116577148438
9503194,2022,2022-09-21,3801,2022-08-28,1145,664,MISSI,7,5,7,3801,0,0,0,,0,003,"GUERRERO ST","19TH ST",0.00,,Y,A,-,N,,,,,,,,,,N,4,0,1,2,A,-,08,22100,B,N,B,G,A,A,H,-,A,A,0,,Y,,,Y,,L,04,0,0,1,0,0,0,1,0,0,"- ","- ",,,"SAN FRANCISCO","SAN FRANCISCO",-122.42362976074219,37.759975433349609
9503195,2022,2022-09-21,3801,2022-08-22,1654,LI,BAYVI,1,5,7,3801,0,0,0,,0,3C2D,"OAKDALE AV","DUNSHEE ST",15.00,E,N,A,-,N,,,,,,,,,,N,4,0,1,2,A,-,09,21801,A,N,A,C,A,A,H,-,A,D,0,,,,,Y,,A,01,0,0,1,0,0,0,0,0,0,"- ","- ",,,"SAN FRANCISCO","SAN FRANCISCO",-122.39508819580078,37.737297058105469
9503197,2022,2022-09-21,3801,2022-08-20,2115,2479,BAYVI,6,5,7,3801,0,0,0,,0,3C13E,"3RD ST","KIRKWOOD AV",0.00,,Y,A,-,N,,,,,,,,,,N,4,0,1,1,A,-,03,22350,,N,E,I,A,A,H,-,C,A,0,,Y,,,Y,,L,04,0,0,1,0,0,0,1,0,0,"- ","- ",,,"SAN FRANCISCO","SAN FRANCISCO",-122.38967895507812,37.737998962402344
9503198,2022,2022-09-21,3801,2022-08-20,2123,1217,MISSI,6,5,7,3801,0,0,0,,0,3CAR,"S VAN NESS AV","23RD ST",110.00,N,N,A,-,N,,,,,,,,,,N,3,0,1,2,A,-,03,22350,A,N,C,C,A,A,H,-,C,A,0,,,,,Y,,A,01,0,1,0,0,0,0,0,0,0,"- ","- ",,,"SAN FRANCISCO","SAN FRANCISCO",-122.41646575927734,37.754261016845703
9503199,2022,2022-09-21,3801,2022-08-07,1643,2408,RICHM,7,5,7,3801,0,0,0,,0,3G5D,"FULTON ST","5TH AV",0.00,,Y,A,-,N,,,,,,,,,,N,4,0,1,2,A,-,09,21801,,N,D,C,A,A,H,-,A,A,0,,,,,Y,,A,07,0,0,1,0,0,0,0,0,0,"- ","- ",,,"SAN FRANCISCO","SAN FRANCISCO",-122.46269226074219,37.773754119873047
9503200,2022,2022-09-21,3801,2022-08-01,1903,34,TRAFF,1,5,7,3801,0,0,0,,0,4B4C,"OFARRELL ST","HYDE ST",42.00,E,N,A,-,N,,,,,,,,,,N,2,0,1,2,A,-,03,22350,A,N,D,J,A,A,H,-,A,A,0,,,,,Y,,-,,1,0,0,0,0,0,0,0,0,"- ","- ",,,"SAN FRANCISCO","SAN FRANCISCO",-122.41611480712891,37.785408020019531
9503221,2022,2022-09-21,3801,2022-08-12,1040,1513,RICHM,5,5,7,3801,0,0,0,,0,03G,CALIFORNIA,"11TH AV",0.00,,Y,A,-,N,,,,,,,,,,Y,3,0,2,4,A,-,09,21804,A,N,D,C,A,A,H,-,A,A,0,,,,,Y,,A,01,0,1,1,0,0,0,0,0,0,"- ","- ",,,"SAN FRANCISCO","SAN FRANCISCO",-122.46990966796875,37.784572601318359
9503222,2022,2022-09-21,3801,2022-08-18,2245,255,INGLE,4,5,7,3801,0,0,0,,0,3H00,"TRUMBULL ST","CONGDON ST",0.00,,Y,E,-,N,,,,,,,,,,N,4,0,1,2,A,-,04,21703,,F,C,C,A,B,H,-,C,A,0,,,,,Y,,A,01,0,0,1,0,0,0,0,0,0,"- ","- ",,,"SAN FRANCISCO","SAN FRANCISCO",-122.42615509033203,37.730899810791016
9503223,2022,2022-09-21,3801,2022-08-20,2200,1372,INGLE,6,5,7,3801,0,0,0,,0,3H13E,"ALEMANY BL","PUTNAM ST",300.00,W,N,A,-,N,,,,,,,,,,Y,4,0,1,4,A,-,03,22350,,F,B,C,A,A,H,-,C,D,0,,,,,Y,,A,01,0,0,1,0,0,0,0,0,0,"- ","- ",,,"SAN FRANCISCO","SAN FRANCISCO",-122.41169738769531,37.734363555908203
9503224,2022,2022-09-21,3801,2022-08-05,0830,2088,INGLE,5,5,7,3801,0,0,0,,0,3H2C,"CESAR CHAVEZ ST","HARRISTON ST",0.00,,Y,A,-,N,,,,,,,,,,N,2,0,1,1,D,-,00,,,N,H,-,A,A,H,-,A,A,0,,Y,,,Y,,-,"- ",1,0,0,0,0,0,1,0,0,"- ","- ",,,"SAN FRANCISCO","SAN FRANCISCO",-122.41151428222656,37.748359680175781
9503225,2022,2022-09-21,3801,2022-08-24,1022,796,NORTH,3,5,7,3801,0,0,0,,0,3E13A,"POLK ST","ELLIS ST",0.00,,Y,A,-,N,,,,,,,,,,N,3,0,1,2,A,-,08,22101,D,N,D,G,A,A,H,-,A,A,0,,Y,,,Y,,A,01,0,1,0,0,0,0,1,0,0,"- ","- ",,,"SAN FRANCISCO","SAN FRANCISCO",-122.41934967041016,37.784042358398438
9503226,2022,2022-09-21,3801,2022-08-22,2148,679,NORTH,1,5,7,3801,0,0,0,,0,0E3,"TURK ST","GOUGH ST",0.00,,Y,A,-,N,,,,,,,,,,N,3,0,1,2,A,-,12,21453,A,N,D,C,A,A,H,-,C,A,0,,Y,,,Y,,L,04,0,1,0,0,0,0,1,0,0,"- ","- ",,,"SAN FRANCISCO","SAN FRANCISCO",-122.42391967773438,37.781532287597656
9503227,2022,2022-09-21,3801,2022-08-01,0955,1501,INGLE,1,5,7,3801,0,0,0,,0,3H11A,"MISSION ST","APPLETON AV",63.00,S,N,F,-,N,,,,,,,,,,Y,3,0,1,1,A,-,03,22350,,N,A,I,A,A,H,-,A,B,0,,,,,Y,,A,01,0,1,0,0,0,0,0,0,0,"- ","- ",,,"SAN FRANCISCO","SAN FRANCISCO",-122.42395782470703,37.738697052001953
9503228,2022,2022-10-11,3801,2022-08-14,0222,1769,MISSI,7,5,7,3801,0,0,0,,0,3D11E,"15TH ST","15TH ST 1959",0.00,,Y,A,-,N,,,,,,,,,,N,3,0,1,2,A,-,07,21658,A,N,B,E,A,A,H,-,C,A,0,,,,,Y,,A,01,0,1,0,0,0,0,0,0,0,"- ","- ",,,"SAN FRANCISCO","SAN FRANCISCO",-122.47441864013672,37.7869873046875
9503229,2022,2022-09-21,3801,2022-08-02,0546,390,PARK,2,5,7,3801,0,0,0,,0,001,"KEZAR DR","JOHN F KENNEDY DR",142.00,S,N,A,-,N,,,,,,,,,,N,4,0,1,2,D,-,00,,,N,D,G,A,A,H,-,C,A,0,,Y,,,Y,,-,"- ",0,0,1,0,0,0,1,0,0,"- ","- ",,,"SAN FRANCISCO","SAN FRANCISCO",-122.45545959472656,37.770488739013672
9503230,2022,2022-09-21,3801,2022-08-01,1626,1371,NORTH,1,5,7,3801,0,0,0,,0,003,"FRANKLIN ST","GEARY BL",0.00,,Y,A,-,N,,,,,,,,,,Y,4,0,1,2,A,-,08,22107,,N,B,C,A,A,H,-,A,A,0,,,,,Y,,A,01,0,0,1,0,0,0,0,0,0,"- ","- ",,,"SAN FRANCISCO","SAN FRANCISCO",-122.42301940917969,37.785484313964844
9503231,2022,2022-10-11,3801,2022-08-04,1715,2435,BAYVI,4,5,7,3801,0,0,0,,0,004,"SAN BRUNO AV","DWIGHT ST",0.00,,N,A,-,N,,,,,,,,,,N,4,0,1,2,A,-,09,21801,A,F,D,C,A,A,H,-,A,A,0,,,,,Y,,A,01,0,0,1,0,0,0,0,0,0,"- ","- ",,,"SAN FRANCISCO","SAN FRANCISCO",-122.402099609375,37.724040985107422
9503232,2022,2022-09-21,3801,2022-08-02,0706,892,SOUTH,2,5,7,3801,0,0,0,,0,0B5,"17TH ST","VERMONT ST",0.00,,Y,A,-,N,,,,,,,,,,N,4,0,1,2,A,-,12,22450,A,N,D,C,A,A,H,-,A,A,0,,,,,Y,,M,94,0,0,1,0,0,0,0,0,0,"- ","- ",,,"SAN FRANCISCO","SAN FRANCISCO",-122.40448760986328,37.764682769775391
9503233,2022,2022-09-21,3801,2022-08-16,1700,4326,SOUTH,2,5,7,3801,0,0,0,,0,001,"1ST ST","LANSING ST",0.00,,Y,A,-,N,,,,,,,,,,N,4,0,1,2,D,-,00,,,N,-,C,A,A,H,-,A,A,0,,,,,Y,,-,"- ",0,0,1,0,0,0,0,0,0,"- ","- ",,,"SAN FRANCISCO","SAN FRANCISCO",-122.39344024658203,37.7864990234375
9503234,2022,2022-09-21,3801,2022-08-04,1240,1952,BAYVI,4,5,7,3801,0,0,0,,0,3C12D,"VENUS ST","THORNTON AV",214.00,E,N,A,-,N,,,,,,,,,,N,4,0,1,2,A,-,08,22108,,N,G,B,E,A,H,-,A,D,0,Y,,,,Y,,A,01,0,0,1,0,1,0,0,0,0,"- ","- ",,,"SAN FRANCISCO","SAN FRANCISCO",-122.39714813232422,37.731792449951172
9503235,2022,2022-10-11,3801,2022-08-31,0536,2249,PARK,3,5,7,3801,0,0,0,,0,3F13E,"OAK ST","CENTRAL AVE",0.00,E,N,A,-,N,,,,,,,,,,N,2,0,1,2,A,-,11,21955,,N,G,B,D,A,H,-,C,D,0,Y,,,,Y,,N,60,1,0,0,0,1,0,0,0,0,"- ","- ",,,"SAN FRANCISCO","SAN FRANCISCO",-122.44405364990234,37.772289276123047
9503236,2022,2022-09-21,3801,2022-08-31,1445,1246,BAYVI,3,5,7,3801,0,0,0,,0,3C1C,"CESAR CHAVEZ ST","VERMONT ST",0.00,,Y,A,-,N,,,,,,,,,,N,4,0,1,2,A,-,11,21954,A,N,G,B,E,A,H,-,A,D,0,Y,,,,Y,Y,N,60,0,0,1,0,1,0,0,0,0,"- ","- ",,,"SAN FRANCISCO","SAN FRANCISCO",-122.40283966064453,37.749393463134766
9503237,2022,2022-09-21,3801,2022-08-29,1447,796,NORTH,1,5,7,3801,0,0,0,,0,3E11A,"DIVISADERO ST","HAYES ST",64.00,N,N,A,-,N,,,,,,,,,,N,3,0,1,2,A,-,06,21750,A,N,C,C,A,A,H,-,A,D,0,,,,,Y,,A,01,0,1,0,0,0,0,0,0,0,"- ","- ",,,"SAN FRANCISCO","SAN FRANCISCO",-122.43782806396484,37.775154113769531
9503238,2022,2022-09-21,3801,2022-08-30,0600,310,SOUTH,2,5,7,3801,0,0,0,,0,3B2A,"MISSION ST","3RD ST",0.00,,Y,A,-,N,,,,,,,,,,N,3,0,1,2,A,-,12,21453,A,F,D,J,A,A,H,-,C,A,0,,,,,Y,,A,01,0,1,0,0,0,0,0,0,0,"- ","- ",,,"SAN FRANCISCO","SAN FRANCISCO",-122.40200042724609,37.786266326904297
9503239,2022,2022-09-21,3801,2022-08-17,1404,1994,TRAFF,3,5,7,3801,0,0,0,,0,4B3D,"3RD ST","22ND ST",0.00,,Y,A,-,N,,,,,,,,,,N,4,0,2,2,A,-,08,22101,D,N,D,F,A,A,H,-,A,A,0,,,,,Y,,A,01,0,0,2,0,0,0,0,0,0,"- ","- ",,,"SAN FRANCISCO","SAN FRANCISCO",-122.388427734375,37.757953643798828
9503240,2022,2022-09-21,3801,2022-08-27,1551,2046,NORTH,6,5,7,3801,0,0,0,,0,,"DIVISADERO ST","PACIFIC ST",0.00,,Y,A,-,N,,,,,,,,,,N,4,0,1,2,A,-,09,21800,A,N,D,C,A,A,H,-,A,A,0,,,,,Y,,A,01,0,0,1,0,0,0,0,0,0,"- ","- ",,,"SAN FRANCISCO","SAN FRANCISCO",-122.44134521484375,37.792503356933594
9503241,2022,2022-09-22,3801,2022-08-08,0814,1693,BAYVI,1,5,7,3801,0,0,0,,0,901,"MISSISSIPPI ST","MARIPOSA ST",0.00,,Y,A,-,N,,,,,,,,,,N,3,0,1,2,A,-,12,22450,A,F,D,G,A,A,H,-,A,A,0,,Y,,,Y,,-,99,0,1,0,0,0,0,1,0,0,"- ","- ",,,"SAN FRANCISCO","SAN FRANCISCO",-122.39473724365234,37.763980865478516
9503242,2022,2022-09-22,3801,2022-08-07,0205,2467,BAYVI,7,5,7,3801,0,0,0,,0,3C11E,"BAYSHORE BL","BAYSHORE BL 175",0.00,,-,A,-,N,,,,,,,,,,Y,3,0,1,1,D,-,00,,,N,F,A,A,A,H,-,C,A,0,,,,,Y,,-,"- ",0,1,0,0,0,0,0,0,0,"- ","- ",,,"SAN FRANCISCO","SAN FRANCISCO",-122.40431213378906,37.745937347412109
9503243,2022,2022-09-21,3801,2022-08-06,1748,1952,BAYVI,6,5,7,3801,0,0,0,,0,3C15D,"REVERE AV","LANE ST",30.00,E,N,A,-,N,,,,,,,,,,N,4,0,2,2,A,-,08,22107,,N,B,C,A,A,H,-,A,A,0,,,,,Y,,B,01,0,0,2,0,0,0,0,0,0,"- ","- ",,,"SAN FRANCISCO","SAN FRANCISCO",-122.39009857177734,37.731624603271484
9503244,2022,2022-10-07,3801,2022-08-09,1000,1906,NORTH,2,5,7,3801,0,0,0,,0,3E6,"FRANKLIN ST","SACRAMENTO ST",3.00,S,N,A,-,N,,,,,,,,,,N,4,0,1,2,A,-,12,21453,A,N,D,C,A,A,H,-,A,A,0,,,,,Y,,-,,0,0,1,0,0,0,0,0,0,"- ","- ",,,"SAN FRANCISCO","SAN FRANCISCO",-122.42415618896484,37.791080474853516
9503245,2022,2022-09-21,3801,2022-08-09,0728,1339,NORTH,2,5,7,3801,0,0,0,,0,,"WEBSTER ST","FULTON ST",0.00,,Y,A,-,N,,,,,,,,,,Y,4,0,2,3,A,-,12,21453,A,N,D,C,A,A,H,-,A,A,0,,Y,,,Y,,A,01,0,0,2,0,0,0,1,0,0,"- ","- ",,,"SAN FRANCISCO","SAN FRANCISCO",-122.42990875244141,37.777912139892578
9503246,2022,2022-09-21,3801,2022-08-04,0958,2098,TENDE,4,5,7,3801,0,0,0,,0,3J93A,"EDDY ST","VAN NESS AV",0.00,,Y,A,-,N,,,,,,,,,,N,4,0,1,2,A,-,05,21650,,N,B,G,A,A,H,-,A,A,0,,Y,,,Y,Y,L,04,0,0,1,0,0,0,1,0,0,"- ","- ",,,"SAN FRANCISCO","SAN FRANCISCO",-122.42076110839844,37.782890319824219
9503247,2022,2022-09-21,3801,2022-08-09,1340,310,SOUTH,2,5,7,3801,0,0,0,,0,3B12A,"4TH ST","FOLSOM ST",0.00,,Y,A,-,N,,,,,,,,,,Y,3,0,1,2,A,-,08,22100,B,F,D,C,A,A,H,-,A,A,0,,,,,Y,,A,01,0,1,0,0,0,0,0,0,0,"- ","- ",,,"SAN FRANCISCO","SAN FRANCISCO",-122.40116119384766,37.782035827636719
9503248,2022,2022-09-21,3801,2022-08-10,0531,1078,NORTH,3,5,7,3801,0,0,0,,0,3E12E,"OCTAVIA BL","OAK ST",0.00,,Y,A,-,N,,,,,,,,,,Y,4,0,1,2,A,-,12,21453,A,F,D,C,A,A,H,-,A,A,0,,,Y,,Y,,A,01,0,0,1,0,0,0,0,0,1,"- ","- ",,,"SAN FRANCISCO","SAN FRANCISCO",-122.42430114746094,37.774799346923828
9503250,2022,2022-09-21,3801,2022-08-05,2153,4039,CENTR,5,5,7,3801,0,0,0,,0,3A4,BROADWAY,"SANSOME ST",0.00,,Y,A,-,N,,,,,,,,,,N,3,0,2,3,A,-,10,21954,B,N,G,B,D,A,H,-,C,A,0,Y,,,,Y,,A,01,0,2,0,0,2,0,0,0,0,"- ","- ",,,"SAN FRANCISCO","SAN FRANCISCO",-122.40222930908203,37.798450469970703
9503251,2022,2022-09-21,3801,2022-08-07,2107,2249,PARK,7,5,7,3801,0,0,0,,0,3F13E,"STANYAN BL","OAK ST",0.00,,Y,A,-,N,,,,,,,,,,N,4,0,1,2,A,-,08,22107,,N,D,C,A,A,H,-,C,A,0,,,,,Y,,A,01,0,0,1,0,0,0,0,0,0,"- ","- ",,,"SAN FRANCISCO","SAN FRANCISCO",-122.45395660400391,37.771354675292969
9503252,2022,2022-09-21,3801,2022-08-16,0719,1316,RICHM,2,5,7,3801,0,0,0,,0,3G14A,"CHAIN OF LAKES DR E","JOHN F KENNEDY DR",0.00,,Y,A,-,N,,,,,,,,,,N,3,0,1,2,A,-,12,22450,A,N,D,G,A,A,H,-,A,A,0,,Y,,,Y,,A,01,0,1,0,0,0,0,1,0,0,"- ","- ",,,"SAN FRANCISCO","SAN FRANCISCO",,
9503253,2022,2022-09-21,3801,2022-08-12,1900,4039,CENTR,5,5,7,3801,0,0,0,,0,3A3,"BAY ST","LARKIN ST",0.00,,Y,F,-,N,,,,,,,,,,N,3,0,1,2,A,-,10,21950,A,F,G,B,B,-,G,-,A,A,0,Y,,,,Y,,A,01,0,1,0,0,1,0,0,0,0,"- ","- ",,,"SAN FRANCISCO","SAN FRANCISCO",-122.42179870605469,37.804573059082031
9503254,2022,2022-09-21,3801,2022-08-17,0805,728,TARAV,3,5,7,3801,0,0,0,,0,3I13A,"38TH AV","RIVERA ST",0.00,,Y,E,-,N,,,,,,,,,,Y,4,0,1,2,-,-,"- ",,,N,D,C,A,A,-,-,A,D,0,,,,,Y,,-,"- ",0,0,1,0,0,0,0,0,0,"- ","- ",,,"SAN FRANCISCO","SAN FRANCISCO",-122.49631500244141,37.745872497558594
9503255,2022,2022-10-07,3801,2022-08-16,0403,1803,RICHM,2,5,7,3801,0,0,0,,0,3G15E,"MARTIN LUTHER KING JR DR","CROSSOVER DR",0.00,,Y,A,-,N,,,,,,,,,,N,4,0,2,2,A,-,12,21453,,M,C,C,A,A,H,-,C,A,0,,,,,Y,,-,,0,0,2,0,0,0,0,0,0,"- ","- ",,,"SAN FRANCISCO","SAN FRANCISCO",-122.47737884521484,37.766044616699219
9503256,2022,2022-09-21,3801,2022-08-16,1901,2215,NORTH,2,5,7,3801,0,0,0,,0,3E12D,"EDDY ST","FILLMORE ST",130.00,W,N,A,-,N,,,,,,,,,,N,4,0,1,2,A,-,21,22106,,N,B,C,A,A,H,-,B,D,0,,,,,Y,,A,01,0,0,1,0,0,0,0,0,0,"- ","- ",,,"SAN FRANCISCO","SAN FRANCISCO",-122.43276214599609,37.781364440917969
9503257,2022,2022-09-21,3801,2022-08-10,1137,1994,TRAFF,3,5,7,3801,0,0,0,,0,4B3D,"BERRY ST","DE HARO ST",10.00,E,N,A,-,N,,,,,,,,,,N,3,0,1,2,A,-,10,21950,A,N,G,B,B,A,H,-,A,D,0,Y,,,,Y,,-,,0,1,0,0,1,0,0,0,0,"- ","- ",,,"SAN FRANCISCO","SAN FRANCISCO",-122.4019775390625,37.769054412841797
9503258,2022,2022-09-21,3801,2022-08-11,1846,2328,BAYVI,4,5,7,3801,0,0,0,,0,901,"25TH ST","TENNESSEE ST",106.00,E,N,A,-,N,,,,,,,,,,Y,3,0,3,2,A,-,09,21804,A,N,D,C,A,A,H,-,A,D,0,,,,,Y,,A,01,0,1,2,0,0,0,0,0,0,"- ","- ",,,"SAN FRANCISCO","SAN FRANCISCO",-122.38838195800781,37.752803802490234