CASE_ID,ACCIDENT_YEAR,PROC_DATE,JURIS,COLLISION_DATE,COLLISION_TIME,OFFICER_ID,REPORTING_DISTRICT,DAY_OF_WEEK,CHP_SHIFT,POPULATION,CNTY_CITY_LOC,SPECIAL_COND,BEAT_TYPE,CHP_BEAT_TYPE,CITY_DIVISION_LAPD,CHP_BEAT_CLASS,BEAT_NUMBER,PRIMARY_RD,SECONDARY_RD,DISTANCE,DIRECTION,INTERSECTION,WEATHER_1,WEATHER_2,STATE_HWY_IND,CALTRANS_COUNTY,CALTRANS_DISTRICT,STATE_ROUTE,ROUTE_SUFFIX,POSTMILE_PREFIX,POSTMILE,LOCATION_TYPE,RAMP_INTERSECTION,SIDE_OF_HWY,TOW_AWAY,COLLISION_SEVERITY,NUMBER_KILLED,NUMBER_INJURED,PARTY_COUNT,PRIMARY_COLL_FACTOR,PCF_CODE_OF_VIOL,PCF_VIOL_CATEGORY,PCF_VIOLATION,PCF_VIOL_SUBSECTION,HIT_AND_RUN,TYPE_OF_COLLISION,MVIW,PED_ACTION,ROAD_SURFACE,ROAD_COND_1,ROAD_COND_2,LIGHTING,CONTROL_DEVICE,CHP_ROAD_TYPE,PEDESTRIAN_ACCIDENT,BICYCLE_ACCIDENT,MOTORCYCLE_ACCIDENT,TRUCK_ACCIDENT,NOT_PRIVATE_PROPERTY,ALCOHOL_INVOLVED,STWD_VEHTYPE_AT_FAULT,CHP_VEHTYPE_AT_FAULT,COUNT_SEVERE_INJ,COUNT_VISIBLE_INJ,COUNT_COMPLAINT_PAIN,COUNT_PED_KILLED,COUNT_PED_INJURED,COUNT_BICYCLIST_KILLED,COUNT_BICYCLIST_INJURED,COUNT_MC_KILLED,COUNT_MC_INJURED,PRIMARY_RAMP,SECONDARY_RAMP,LATITUDE,LONGITUDE,COUNTY,CITY,POINT_X,POINT_Y
9505792,2022,2022-11-17,3801,2022-09-30,0201,1350,BAYVI,5,5,7,3801,0,0,0,,0,3C13E,"MENDELL ST","NEWHALL ST",72.00,N,N,A,-,N,,,,,,,,,,N,3,0,1,2,A,-,03,22350,,F,G,B,E,A,H,-,C,A,0,Y,,,,Y,,-,99,0,1,0,0,1,0,0,0,0,"- ","- ",,,"SAN FRANCISCO","SAN FRANCISCO",-122.38383483886719,37.742576599121094
9505793,2022,2022-11-08,3801,2022-09-29,1544,1833,NORTH,4,5,7,3801,0,0,0,,0,3E12D,"PIERCE ST","GOLDEN GATE AV",0.00,,Y,A,-,N,,,,,,,,,,N,3,0,1,2,A,-,11,21453,D,N,G,B,B,A,H,-,A,A,0,Y,,,,Y,,N,60,0,1,0,0,1,0,0,0,0,"- ","- ",,,"SAN FRANCISCO","SAN FRANCISCO",-122.43523406982422,37.779148101806641
9505794,2022,2022-11-21,3801,2022-09-29,1050,4187,NORTH,4,5,7,3801,0,0,0,,0,3E15D,"UNION ST","VAN NESS AV",0.00,,Y,A,-,N,,,,,,,,,,N,4,0,1,2,A,-,12,21453,A,F,D,C,A,A,H,-,A,A,0,,,,,Y,,A,01,0,0,1,0,0,0,0,0,0,"- ","- ",,,"SAN FRANCISCO","SAN FRANCISCO",-122.42391967773438,37.798561096191406
9505795,2022,2022-11-18,3801,2022-09-28,1840,1810,MISSI,3,5,7,3801,0,0,0,,0,3D13D,GUERRERO,"22ND ST",132.00,N,N,A,-,N,,,,,,,,,,Y,2,0,1,2,A,-,01,23152,A,M,A,I,A,A,H,-,A,A,0,,,,,Y,Y,A,01,1,0,0,0,0,0,0,0,0,"- ","- ",,,"SAN FRANCISCO","SAN FRANCISCO",-122.4232177734375,37.755542755126953
9505796,2022,2022-11-18,3801,2022-09-30,1305,4132,MISSI,5,5,7,3801,0,0,0,,0,1CAR,"15TH ST","ALBION ST",40.00,E,N,A,-,N,,,,,,,,,,N,2,0,1,2,A,-,"- ",,,N,D,B,F,A,H,-,A,D,0,Y,Y,,,Y,,L,04,1,0,0,0,1,0,0,0,0,"- ","- ",,,"SAN FRANCISCO","SAN FRANCISCO",-122.42311859130859,37.766460418701172
9505798,2022,2022-11-21,3801,2022-09-29,1049,327,MISSI,4,5,7,3801,0,0,0,,0,3D2A,"VALENCIA ST","14TH ST",60.00,S,N,A,-,N,,,,,,,,,,N,4,0,1,2,A,-,03,22411,,N,A,C,A,A,H,-,A,D,0,,,,,Y,,M,94,0,0,1,0,0,0,0,0,0,"- ","- ",,,"SAN FRANCISCO","SAN FRANCISCO",-122.42216491699219,37.767986297607422
9505799,2022,2022-11-08,3801,2022-10-06,0810,2417,BAYVI,4,5,7,3801,0,0,0,,0,3C15A,"SILVER AV","BARNEVELD AV",0.00,,Y,A,-,N,,,,,,,,,,Y,4,0,1,2,A,-,09,21801,A,N,D,C,A,A,H,-,A,A,0,,,,,Y,,A,01,0,0,1,0,0,0,0,0,0,"- ","- ",,,"SAN FRANCISCO","SAN FRANCISCO",-122.40676879882812,37.732086181640625
9505800,2022,2022-11-17,3801,2022-10-01,0750,432,MISSI,6,5,7,3801,0,0,0,,0,3D41A,"HARRISON ST","25TH ST",16.00,N,N,A,-,N,,,,,,,,,,N,3,0,1,2,A,-,09,21804,A,N,B,C,A,A,H,-,A,D,0,,,Y,,Y,,A,01,0,1,0,0,0,0,0,0,0,"- ","- ",,,"SAN FRANCISCO","SAN FRANCISCO",-122.41178131103516,37.751094818115234
9505801,2022,2022-11-16,3801,2022-10-22,2353,2035,MISSI,6,5,7,3801,0,0,0,,0,3D11E,"POTRERO AV","18TH ST",0.00,,Y,A,-,N,,,,,,,,,,Y,4,0,1,3,A,-,01,23152,A,N,D,C,A,A,H,-,C,A,0,,,,,Y,Y,A,01,0,0,1,0,0,0,0,0,0,"- ","- ",,,"SAN FRANCISCO","SAN FRANCISCO",-122.40721893310547,37.761928558349609
9505802,2022,2022-11-16,3801,2022-10-24,0713,1825,SOUTH,1,5,7,3801,0,0,0,,0,3B14A,"7TH ST","BRANNAN ST",0.00,,Y,A,-,N,,,,,,,,,,Y,4,0,1,2,A,-,03,22350,,N,D,C,A,A,H,-,A,A,0,,,,,Y,,A,01,0,0,1,0,0,0,0,0,0,"- ","- ",,,"SAN FRANCISCO","SAN FRANCISCO",-122.40320587158203,37.773052215576172
9505803,2022,2022-11-15,3801,2022-10-22,1012,2401,MISSI,6,5,7,3801,0,0,0,,0,3D11A,"16TH ST","CHURCH ST",0.00,,Y,A,-,N,,,,,,,,,,N,4,0,1,2,A,-,12,21453,,N,D,-,A,A,H,-,A,A,0,,,,,Y,,-,,0,0,1,0,0,0,0,0,0,"- ","- ",,,"SAN FRANCISCO","SAN FRANCISCO",-122.42864990234375,37.764503479003906
9505805,2022,2022-11-16,3801,2022-10-19,0838,2453,MISSI,3,5,7,3801,0,0,0,,0,3D16A,"16TH ST","UTAH ST",45.00,E,N,A,-,N,,,,,,,,,,N,3,0,1,2,A,-,17,22517,,N,G,C,A,-,H,-,A,D,0,,,Y,,Y,,A,01,0,1,0,0,0,0,0,0,1,"- ","- ",,,"SAN FRANCISCO","SAN FRANCISCO",-122.40639495849609,37.765846252441406
9505806,2022,2022-11-15,3801,2022-10-21,1904,1480,MISSI,5,5,7,3801,0,0,0,,0,3D15E,"POTRERO AV","17TH ST",150.00,S,N,A,-,N,,,,,,,,,,N,4,0,1,2,A,-,03,22350,,F,D,G,A,A,H,-,C,D,0,,Y,,,Y,,-,,0,0,1,0,0,0,1,0,0,"- ","- ",,,"SAN FRANCISCO","SAN FRANCISCO",-122.40740203857422,37.764080047607422
9505807,2022,2022-11-16,3801,2022-10-21,0605,2035,MISSI,5,5,7,3801,0,0,0,,0,3D15E,"CAPP ST","21ST ST",0.00,,Y,A,-,N,,,,,,,,,,Y,4,0,2,2,A,-,09,21800,A,N,D,C,A,A,H,-,C,A,0,,,,,Y,,A,01,0,0,2,0,0,0,0,0,0,"- ","- ",,,"SAN FRANCISCO","SAN FRANCISCO",-122.41780853271484,37.757080078125
9505808,2022,2022-11-16,3801,2022-10-12,1915,1435,TRAFF,3,5,7,3801,0,0,0,,0,4B4C,"SCOTT ST","MARINA BL",29.00,S,N,A,-,N,,,,,,,,,,N,2,0,1,2,A,-,06,21755,A,N,D,G,A,A,H,-,C,A,0,,Y,,,Y,,L,04,1,0,0,0,0,0,1,0,0,"- ","- ",,,"SAN FRANCISCO","SAN FRANCISCO",-122.4422607421875,37.805702209472656
9505809,2022,2022-11-16,3801,2022-10-24,1540,2139,TARAV,1,5,7,3801,0,0,0,,0,901,"23RD AV","LINCOLN WY",0.00,,Y,A,-,N,,,,,,,,,,N,3,0,1,2,A,-,09,21800,A,N,B,G,A,A,H,-,A,A,0,,Y,,,Y,,A,01,0,1,0,0,0,0,1,0,0,"- ","- ",,,"SAN FRANCISCO","SAN FRANCISCO",-122.48155975341797,37.765251159667969
9505810,2022,2022-11-16,3801,2022-10-17,1130,2228,CENTR,1,5,7,3801,0,0,0,,0,3A14D,"CHESTNUT ST","MONTGOMERY ST",0.00,,Y,F,-,N,,,,,,,,,,N,4,0,1,2,D,-,00,,,N,C,G,A,A,G,-,A,D,0,,Y,Y,,Y,,-,"- ",0,0,1,0,0,0,1,0,0,"- ","- ",,,"SAN FRANCISCO","SAN FRANCISCO",-122.40515899658203,37.804779052734375
9505811,2022,2022-11-28,3801,2022-10-22,2015,964,NORTH,6,5,7,3801,0,0,0,,0,3A14D,"FILLMORE ST","CALIFORNIA ST",8.00,S,N,A,-,N,,,,,,,,,,N,2,0,1,2,A,-,10,21950,A,N,G,B,B,A,H,-,C,A,0,Y,,,,Y,,A,01,1,0,0,0,1,0,0,0,0,"- ","- ",,,"SAN FRANCISCO","SAN FRANCISCO",-122.43381500244141,37.788887023925781
9505812,2022,2022-11-15,3801,2022-10-23,1818,1857,NORTH,7,5,7,3801,0,0,0,,0,3E13D,"POLK ST","HEMLOCK ST",0.00,,Y,A,-,N,,,,,,,,,,N,3,0,1,2,A,-,08,22107,,F,B,G,A,A,H,-,B,A,0,,Y,,,Y,,A,01,0,1,0,0,0,0,1,0,0,"- ","- ",,,"SAN FRANCISCO","SAN FRANCISCO",-122.41999053955078,37.78729248046875
9505815,2022,2022-11-16,3801,2022-10-21,1207,668,NORTH,5,5,7,3801,0,0,0,,0,3E13A,"POLK ST","HAYES ST",0.00,,Y,A,-,N,,,,,,,,,,N,4,0,1,2,A,-,08,22107,,N,B,G,A,A,H,-,A,A,0,,Y,,,Y,,-,,0,0,1,0,0,0,1,0,0,"- ","- ",,,"SAN FRANCISCO","SAN FRANCISCO",-122.41803741455078,37.777507781982422
9505816,2022,2022-11-16,3801,2022-10-22,0207,4347,TARAV,6,5,7,3801,0,0,0,,0,3I11E,"19TH AV","ULLOA ST",0.00,,Y,E,-,N,,,,,,,,,,Y,3,0,3,2,A,-,12,21453,A,F,D,C,A,B,H,-,C,A,0,,,,,Y,,A,01,0,1,2,0,0,0,0,0,0,"- ","- ",,,"SAN FRANCISCO","SAN FRANCISCO",-122.47557067871094,37.741195678710938
9505817,2022,2022-11-22,3801,2022-10-24,1131,1423,TENDE,1,5,7,3801,0,0,0,,0,3J11A,"EDDY ST","LEAVENWORTH ST",0.00,,Y,A,-,N,,,,,,,,,,N,3,0,1,2,A,-,08,22107,,F,D,C,A,A,H,-,A,A,0,,,,,Y,Y,-,,0,1,0,0,0,0,0,0,0,"- ","- ",,,"SAN FRANCISCO","SAN FRANCISCO",-122.41423797607422,37.783729553222656
9505818,2022,2022-11-16,3801,2022-10-20,0832,8,NORTH,4,5,7,3801,0,0,0,,0,3E1A,"FELL ST","BUCHANAN ST",0.00,,Y,A,-,N,,,,,,,,,,Y,3,0,1,2,A,-,12,21453,A,N,-,C,A,-,H,-,A,A,0,,,,,Y,,A,01,0,1,0,0,0,0,0,0,0,"- ","- ",,,"SAN FRANCISCO","SAN FRANCISCO",-122.42771148681641,37.77532958984375
9505819,2022,2022-11-22,3801,2022-10-25,2035,426,NORTH,2,5,7,3801,0,0,0,,0,3E13D,"VAN NESS AV","HAYES ST",0.00,,Y,A,-,N,,,,,,,,,,,4,0,1,2,A,-,12,21453,A,F,D,C,A,A,H,-,C,A,0,,,,,Y,,A,01,0,0,1,0,0,0,0,0,0,"- ","- ",,,"SAN FRANCISCO","SAN FRANCISCO",-122.419677734375,37.777294158935547
9505820,2022,2022-11-16,3801,2022-10-25,1138,1263,BAYVI,2,5,7,3801,0,0,0,,0,0C1,"MARIPOSA ST","INDIANA ST",0.00,,Y,A,-,N,,,,,,,,,,Y,3,0,2,2,A,-,09,21800,A,N,D,C,A,A,H,-,A,D,0,,,,,Y,,A,01,0,1,1,0,0,0,0,0,0,"- ","- ",,,"SAN FRANCISCO","SAN FRANCISCO",-122.39177703857422,37.764152526855469
9505821,2022,2022-11-22,3801,2022-10-05,1222,1352,MISSI,3,5,7,3801,0,0,0,,0,3D44C,"CESAR CHAVEZ ST","BAYSHORE BL",0.00,,Y,A,-,N,,,,,,,,,,Y,3,0,1,1,A,-,08,22107,,N,A,J,A,A,H,-,A,A,0,,,,,Y,,A,01,0,1,0,0,0,0,0,0,0,"- ","- ",,,"SAN FRANCISCO","SAN FRANCISCO",-122.40558624267578,37.748996734619141
9505822,2022,2022-11-22,3801,2022-10-05,0055,2148,MISSI,3,5,7,3801,0,0,0,,0,3D13E,"22ND ST","CAPP ST",0.00,,Y,A,-,N,,,,,,,,,,N,4,0,1,2,A,-,10,21950,A,F,B,B,B,A,H,-,C,D,0,Y,,,,Y,,-,,0,0,1,0,1,0,0,0,0,"- ","- ",,,"SAN FRANCISCO","SAN FRANCISCO",-122.41765594482422,37.755531311035156
9505825,2022,2022-11-15,3801,2022-10-13,2017,307,PARK,4,5,7,3801,0,0,0,,0,3F11D,"7TH AV","IRVING ST",0.00,,Y,-,-,N,,,,,,,,,,Y,4,0,2,2,A,-,09,21801,A,N,A,C,A,A,H,-,C,A,0,,,,,Y,,A,01,0,0,2,0,0,0,0,0,0,"- ","- ",,,"SAN FRANCISCO","SAN FRANCISCO",-122.46416473388672,37.76416015625
9505826,2022,2022-11-15,3801,2022-10-13,1647,203,MISSI,4,5,7,3801,0,0,0,,0,,"FOLSOM ST","23RD ST",56.00,N,N,A,-,N,,,,,,,,,,N,4,0,2,3,A,-,04,21703,,N,C,C,A,A,H,-,A,A,0,,,,,Y,,A,01,0,0,2,0,0,0,0,0,0,"- ","- ",,,"SAN FRANCISCO","SAN FRANCISCO",-122.41426086425781,37.7542724609375
9505827,2022,2022-11-15,3801,2022-10-12,1304,327,MISSI,3,5,7,3801,0,0,0,,0,3D14C,"CESAR CHAVEZ ST","FOLSOM ST",0.00,,Y,A,-,N,,,,,,,,,,N,2,0,1,2,A,-,06,21755,A,N,D,C,A,A,H,-,A,A,0,,,Y,,Y,,C,02,1,0,0,0,0,0,0,0,1,"- ","- ",,,"SAN FRANCISCO","SAN FRANCISCO",-122.41368103027344,37.748313903808594
9505828,2022,2022-11-21,3801,2022-10-16,2241,2315,MISSI,7,5,7,3801,0,0,0,,0,3D15E,"17TH ST","CAPP ST",0.00,,Y,A,-,N,,,,,,,,,,Y,4,0,1,2,A,-,12,22450,A,F,D,G,A,A,H,-,C,D,0,,Y,,,Y,Y,A,01,0,0,1,0,0,0,1,0,0,"- ","- ",,,"SAN FRANCISCO","SAN FRANCISCO",-122.41853332519531,37.763477325439453
9505829,2022,2022-11-16,3801,2022-10-03,0802,2088,INGLE,1,5,7,3801,0,0,0,,0,3H15A,"GENEVA AV","ATHENS ST",0.00,,Y,A,-,N,,,,,,,,,,Y,4,0,1,2,A,-,08,22107,,N,D,C,A,A,H,-,A,D,0,,,,,Y,,A,01,0,0,1,0,0,0,0,0,0,"- ","- ",,,"SAN FRANCISCO","SAN FRANCISCO",-122.43453979492188,37.713474273681641
9505831,2022,2022-11-16,3801,2022-10-15,1240,2088,INGLE,6,5,7,3801,0,0,0,,0,3H15A,"MISSION ST","NAGLEE AV",0.00,,Y,A,-,N,,,,,,,,,,N,3,0,1,3,A,-,08,22107,,N,A,C,A,A,H,-,A,A,0,,,Y,,Y,,A,01,0,1,0,0,0,0,0,0,1,"- ","- ",,,"SAN FRANCISCO","SAN FRANCISCO",-122.44612884521484,37.711601257324219
9505832,2022,2022-11-16,3801,2022-10-16,1708,670,INGLE,7,5,7,3801,0,0,0,,0,,"MISSION ST","TRUMBULL ST",0.00,,Y,A,-,N,,,,,,,,,,N,3,0,1,2,A,-,17,22517,,N,H,G,A,A,H,-,A,D,0,,Y,,,Y,,A,01,0,1,0,0,0,0,1,0,0,"- ","- ",,,"SAN FRANCISCO","SAN FRANCISCO",-122.42925262451172,37.730781555175781
9505833,2022,2022-11-16,3801,2022-10-17,0657,4259,RICHM,1,5,7,3801,0,0,0,,0,3G13A,"PARK PRESIDIO BL","CLEMENT ST",38.00,N,N,A,-,N,,,,,,,,,,N,4,0,1,2,A,-,08,22100,,N,C,C,A,A,H,-,B,A,0,,,Y,,Y,,A,01,0,0,1,0,0,0,0,0,1,"- ","- ",,,"SAN FRANCISCO","SAN FRANCISCO",-122.47248077392578,37.782684326171875
9505834,2022,2022-11-16,3801,2022-10-17,1910,2732,CENTR,1,5,7,3801,0,0,0,,0,3A14D,"STOCKTON ST","PACIFIC ST",132.00,S,N,A,-,N,,,,,,,,,,,3,0,1,1,C,-,18,,,N,F,A,A,A,A,-,C,A,0,,,,,Y,,-,"- ",0,1,0,0,0,0,0,0,0,"- ","- ",,,"SAN FRANCISCO","SAN FRANCISCO",-122.40833282470703,37.796363830566406
9505837,2022,2022-11-16,3801,2022-10-18,1208,2088,INGLE,2,5,7,3801,0,0,0,,0,3H15A,"MISSION ST","AMAZON AV",0.00,,Y,A,-,N,,,,,,,,,,N,4,0,1,2,A,-,08,22107,,N,-,-,A,A,H,-,A,B,0,,Y,,,Y,,A,01,0,0,1,0,0,0,1,0,0,"- ","- ",,,"SAN FRANCISCO","SAN FRANCISCO",-122.4404296875,37.717235565185547
9505838,2022,2022-11-16,3801,2022-10-18,0615,2493,PARK,2,5,7,3801,0,0,0,,0,3F13A,"OAK ST","CENTRAL AV",0.00,,Y,A,-,N,,,,,,,,,,N,3,0,1,2,A,-,12,21453,A,F,D,G,A,A,H,-,C,A,0,,Y,,,Y,,A,01,0,1,0,0,0,0,1,0,0,"- ","- ",,,"SAN FRANCISCO","SAN FRANCISCO",-122.44405364990234,37.772289276123047
9505839,2022,2022-11-16,3801,2022-10-26,0725,1892,BAYVI,3,5,7,3801,0,0,0,,0,3C13A,"INNES AV","DONAHUE ST",54.00,N,N,A,-,N,,,,,,,,,,N,4,0,1,2,A,-,12,22450,A,N,G,B,B,A,H,-,B,D,0,Y,,,,Y,,A,01,0,0,1,0,1,0,0,0,0,"- ","- ",,,"SAN FRANCISCO","SAN FRANCISCO",-122.37029266357422,37.728916168212891
9505840,2022,2022-11-16,3801,2022-10-26,0010,1926,NORTH,3,5,7,3801,0,0,0,,0,3E13E,"FRANKLIN ST","GROVE ST",0.00,,Y,A,-,N,,,,,,,,,,N,4,0,1,2,A,-,12,21453,A,F,D,C,A,A,H,-,C,A,0,,,,,Y,,A,07,0,0,1,0,0,0,0,0,0,"- ","- ",,,"SAN FRANCISCO","SAN FRANCISCO",-122.42151641845703,37.778022766113281
9505920,2022,2022-11-09,3801,2022-10-11,1717,1414,MISSI,2,5,7,3801,0,0,0,,0,3D13D,"LEXINGTON ST","19TH ST",320.00,S,N,B,-,N,,,,,,,,,,N,4,0,1,2,A,-,08,22107,,N,B,C,A,A,H,-,A,D,0,,,,,Y,,-,,0,0,1,0,0,0,0,0,0,"- ","- ",,,"SAN FRANCISCO","SAN FRANCISCO",-122.42055511474609,37.759284973144531
9505921,2022,2022-11-14,3801,2022-10-06,0405,101,INGLE,4,5,7,3801,0,0,0,,0,3HI2E,"GENEVA AV","MISSION ST",140.00,W,N,E,-,N,,,,,,,,,,Y,2,0,1,2,A,-,03,22350,,N,B,I,A,A,H,-,C,A,0,,,,,Y,,-,,1,0,0,0,0,0,0,0,0,"- ","- ",,,"SAN FRANCISCO","SAN FRANCISCO",-122.44120788574219,37.716739654541016
9505922,2022,2022-11-14,3801,2022-10-03,2204,2341,INGLE,1,5,7,3801,0,0,0,,0,3HI5E,"ALEMANY BL","SENECA AV",0.00,N,N,A,-,N,,,,,,,,,,N,3,0,1,1,A,-,01,23152,A,N,E,I,A,A,H,-,C,D,0,,,,,Y,Y,A,01,0,1,0,0,0,0,0,0,0,"- ","- ",,,"SAN FRANCISCO","SAN FRANCISCO",-122.44136047363281,37.718658447265625
9505923,2022,2022-11-14,3801,2022-10-08,0234,1442,NORTH,6,5,7,3801,0,0,0,,0,3E13E,"FRANKLIN ST","PINE ST",0.00,,Y,A,-,N,,,,,,,,,,Y,2,0,2,2,A,-,12,21453,,N,D,D,A,A,H,-,C,A,0,,,,,Y,Y,A,01,2,0,0,0,0,0,0,0,0,"- ","- ",,,"SAN FRANCISCO","SAN FRANCISCO",-122.42377471923828,37.789207458496094
9505924,2022,2022-11-14,3801,2022-10-07,1900,4201,NORTH,5,5,7,3801,0,0,0,,0,3E13D,"GROVE ST","LARKIN ST",0.00,,Y,A,-,N,,,,,,,,,,Y,4,0,1,1,A,-,03,22350,A,N,A,I,A,A,H,-,C,A,0,,,,,Y,,A,01,0,0,1,0,0,0,0,0,0,"- ","- ",,,"SAN FRANCISCO","SAN FRANCISCO",-122.41658782958984,37.778659820556641
9505925,2022,2022-11-14,3801,2022-10-08,1233,1870,RICHM,6,5,7,3801,0,0,0,,0,3G13C,"PARK PRESIDIO BYPASS","FULTON ST",0.00,,Y,A,-,N,,,,,,,,,,Y,3,0,2,2,A,-,08,22107,,N,C,C,A,A,H,-,A,D,0,,,,,Y,,A,01,0,2,0,0,0,0,0,0,0,"- ","- ",,,"SAN FRANCISCO","SAN FRANCISCO",-122.47177886962891,37.773124694824219
9505926,2022,2022-11-14,3801,2022-10-07,1830,221,RICHM,5,5,7,3801,0,0,0,,0,3G13D,"FULTON ST","2ND AV",0.00,,Y,E,-,N,,,,,,,,,,Y,4,0,4,3,A,-,03,22350,,N,C,C,A,A,H,-,B,A,0,,,,,Y,,A,01,0,0,4,0,0,0,0,0,0,"- ","- ",,,"SAN FRANCISCO","SAN FRANCISCO",-122.45948791503906,37.774169921875
9505927,2022,2022-11-14,3801,2022-10-08,2236,1068,NORTH,6,5,7,3801,0,0,0,,0,,"FELL ST","STEINER ST",0.00,,Y,E,-,N,,,,,,,,,,Y,4,0,3,2,A,-,09,21801,A,N,A,C,A,A,H,-,C,A,0,,,,,Y,,A,01,0,0,3,0,0,0,0,0,0,"- ","- ",,,"SAN FRANCISCO","SAN FRANCISCO",-122.43265533447266,37.774684906005859
9505929,2022,2022-11-22,3801,2022-10-10,1628,1637,SOUTH,1,5,7,3801,0,0,0,,0,3B14D,"10TH ST","BRYANT ST",0.00,,Y,A,-,N,,,,,,,,,,N,4,0,1,2,A,-,05,21650,1,N,A,G,A,A,-,-,A,A,0,,Y,,,Y,,L,04,0,0,1,0,0,0,1,0,0,"- ","- ",,,"SAN FRANCISCO","SAN FRANCISCO",-122.40973663330078,37.770336151123047
9505930,2022,2023-01-20,3801,2022-10-06,0615,1572,SOUTH,4,5,7,3801,0,0,0,,0,3B1A,"7TH ST","NATOMA ST",0.00,,Y,A,-,N,,,,,,,,,,N,3,0,1,2,A,-,08,22107,,N,B,-,A,A,H,-,C,D,0,,,,,Y,,A,01,0,1,0,0,0,0,0,0,0,"- ","- ",,,"SAN FRANCISCO","SAN FRANCISCO",-122.40989685058594,37.778400421142578
9505931,2022,2022-11-14,3801,2022-10-07,1906,1198,MISSI,5,5,7,3801,0,0,0,,0,,"GUERRERO ST","19TH ST",0.00,,Y,A,-,N,,,,,,,,,,Y,4,0,1,2,A,-,09,21801,,N,A,C,A,A,H,-,C,A,0,,,,,Y,,A,01,0,0,1,0,0,0,0,0,0,"- ","- ",,,"SAN FRANCISCO","SAN FRANCISCO",-122.42362976074219,37.759975433349609
9505932,2022,2022-11-14,3801,2022-10-10,1422,310,SOUTH,1,5,7,3801,0,0,0,,0,3B12A,"FOLSOM ST","FREMONT ST",105.00,E,N,A,-,N,,,,,,,,,,Y,4,0,1,1,A,-,03,22350,,N,E,I,A,A,H,-,A,D,0,,,Y,,Y,,C,03,0,0,1,0,0,0,0,0,1,"- ","- ",,,"SAN FRANCISCO","SAN FRANCISCO",-122.39334869384766,37.7882080078125
9505934,2022,2022-11-14,3801,2022-10-07,1122,2401,MISSI,5,5,7,3801,0,0,0,,0,3D15A,"24TH ST","POTRERO AV",90.00,W,N,A,-,N,,,,,,,,,,N,4,0,1,2,A,-,11,21955,,F,G,B,D,A,H,-,A,A,0,Y,,,,Y,,N,60,0,0,1,0,1,0,0,0,0,"- ","- ",,,"SAN FRANCISCO","SAN FRANCISCO",-122.40663146972656,37.752960205078125
9505935,2022,2022-11-14,3801,2022-10-09,1222,4117,TARAV,7,5,7,3801,0,0,0,,0,3I15A,"LAKE MERCED BL","WINSTON ST",0.00,,Y,A,-,N,,,,,,,,,,Y,4,0,1,4,A,-,03,22350,,N,B,C,A,A,H,-,A,A,0,,,,,Y,,A,01,0,0,1,0,0,0,0,0,0,"- ","- ",,,"SAN FRANCISCO","SAN FRANCISCO",-122.48397064208984,37.727001190185547
9505937,2022,2022-11-14,3801,2022-10-09,2316,2708,SOUTH,7,5,7,3801,0,0,0,,0,,"MISSION ST","MINT ST",0.00,,Y,A,-,N,,,,,,,,,,N,2,0,1,2,A,-,03,22350,,F,A,B,C,A,H,-,C,A,0,Y,,,,Y,,A,01,1,0,0,0,1,0,0,0,0,"- ","- ",,,"SAN FRANCISCO","SAN FRANCISCO",-122.40716552734375,37.782188415527344
9505938,2022,2022-11-14,3801,2022-10-13,2111,1198,MISSI,4,5,7,3801,0,0,0,,0,,"MISSION ST","20TH ST",0.00,,Y,A,-,N,,,,,,,,,,N,4,0,1,2,A,-,00,27103,,M,C,D,A,A,H,-,C,A,0,,,,,Y,,A,01,0,0,1,0,0,0,0,0,0,"- ","- ",,,"SAN FRANCISCO","SAN FRANCISCO",-122.41903686523438,37.758628845214844
9505939,2022,2022-11-14,3801,2022-10-13,1220,2263,TARAV,4,5,7,3801,0,0,0,,0,3I11A,"19TH AV",ULLOA,0.00,,Y,A,-,N,,,,,,,,,,N,3,0,1,2,A,-,11,21954,A,N,G,B,B,A,H,-,A,A,0,Y,,,,Y,,N,60,0,1,0,0,1,0,0,0,0,"- ","- ",,,"SAN FRANCISCO","SAN FRANCISCO",-122.47557067871094,37.741195678710938
9505940,2022,2022-11-14,3801,2022-10-17,0723,54,TARAV,1,5,7,3801,0,0,0,,0,3I11A,"SANTIAGO ST","19TH AV",7.00,E,N,A,-,N,,,,,,,,,,N,3,0,1,2,A,-,05,21650,1,N,D,G,A,A,H,-,A,A,0,,Y,,,Y,,L,04,0,1,0,0,0,0,1,0,0,"- ","- ",,,"SAN FRANCISCO","SAN FRANCISCO",-122.47577667236328,37.744899749755859
9505941,2022,2022-11-10,3801,2022-10-09,1721,1544,CENTR,7,5,7,3801,0,0,0,,0,3A14D,FRANCISCO,"LARKIN ST",0.00,,Y,-,-,N,,,,,,,,,,N,2,0,1,1,A,-,03,22350,A,N,H,J,A,A,H,-,A,D,0,,,Y,,Y,,C,03,1,0,0,0,0,0,0,0,1,"- ","- ",,,"SAN FRANCISCO","SAN FRANCISCO",-122.42164611816406,37.803520202636719
9505943,2022,2022-11-18,3801,2022-10-16,1300,563,TARAV,7,5,7,3801,0,0,0,,0,001,"18TH AV","LAWTON ST",0.00,,Y,A,-,N,,,,,,,,,,Y,3,0,2,2,A,-,12,22450,,N,D,C,A,A,H,-,A,-,0,,,,,Y,,-,"- ",0,1,1,0,0,0,0,0,0,"- ","- ",,,"SAN FRANCISCO","SAN FRANCISCO",-122.47566223144531,37.757987976074219
9505944,2022,2022-11-22,3801,2022-10-15,1443,54,TARAV,6,5,7,3801,0,0,0,,0,3I16A,"OCEAN AV","HAROLD AV",0.00,,Y,A,-,N,,,,,,,,,,Y,4,0,1,2,A,-,09,21800,A,N,D,C,A,A,H,-,A,A,0,,,,,Y,,A,01,0,0,1,0,0,0,0,0,0,"- ","- ",,,"SAN FRANCISCO","SAN FRANCISCO",-122.45313262939453,37.7232666015625