CASE_ID,ACCIDENT_YEAR,PROC_DATE,JURIS,COLLISION_DATE,COLLISION_TIME,OFFICER_ID,REPORTING_DISTRICT,DAY_OF_WEEK,CHP_SHIFT,POPULATION,CNTY_CITY_LOC,SPECIAL_COND,BEAT_TYPE,CHP_BEAT_TYPE,CITY_DIVISION_LAPD,CHP_BEAT_CLASS,BEAT_NUMBER,PRIMARY_RD,SECONDARY_RD,DISTANCE,DIRECTION,INTERSECTION,WEATHER_1,WEATHER_2,STATE_HWY_IND,CALTRANS_COUNTY,CALTRANS_DISTRICT,STATE_ROUTE,ROUTE_SUFFIX,POSTMILE_PREFIX,POSTMILE,LOCATION_TYPE,RAMP_INTERSECTION,SIDE_OF_HWY,TOW_AWAY,COLLISION_SEVERITY,NUMBER_KILLED,NUMBER_INJURED,PARTY_COUNT,PRIMARY_COLL_FACTOR,PCF_CODE_OF_VIOL,PCF_VIOL_CATEGORY,PCF_VIOLATION,PCF_VIOL_SUBSECTION,HIT_AND_RUN,TYPE_OF_COLLISION,MVIW,PED_ACTION,ROAD_SURFACE,ROAD_COND_1,ROAD_COND_2,LIGHTING,CONTROL_DEVICE,CHP_ROAD_TYPE,PEDESTRIAN_ACCIDENT,BICYCLE_ACCIDENT,MOTORCYCLE_ACCIDENT,TRUCK_ACCIDENT,NOT_PRIVATE_PROPERTY,ALCOHOL_INVOLVED,STWD_VEHTYPE_AT_FAULT,CHP_VEHTYPE_AT_FAULT,COUNT_SEVERE_INJ,COUNT_VISIBLE_INJ,COUNT_COMPLAINT_PAIN,COUNT_PED_KILLED,COUNT_PED_INJURED,COUNT_BICYCLIST_KILLED,COUNT_BICYCLIST_INJURED,COUNT_MC_KILLED,COUNT_MC_INJURED,PRIMARY_RAMP,SECONDARY_RAMP,LATITUDE,LONGITUDE,COUNTY,CITY,POINT_X,POINT_Y
9506051,2022,2022-11-10,3801,2022-10-03,1752,307,NORTH,1,5,7,3801,0,0,0,,0,3E13D,"MCALLISTER ST","GOUGH ST",0.00,,Y,A,-,N,,,,,,,,,,N,3,0,1,2,A,-,09,21801,A,N,D,G,A,A,H,-,A,A,0,,Y,,,Y,,A,01,0,1,0,0,0,0,1,0,0,"- ","- ",,,"SAN FRANCISCO","SAN FRANCISCO",-122.42353820800781,37.779670715332031
9506052,2022,2022-11-18,3801,2022-10-01,1758,1961,INGLE,6,5,7,3801,0,0,0,,0,3H13D,"TERESITA BL","BELLE VISTA WY",0.00,,Y,B,-,N,,,,,,,,,,N,3,0,1,2,A,-,"- ",,,N,D,B,E,A,H,-,B,A,0,Y,,,,Y,,N,60,0,1,0,0,1,0,0,0,0,"- ","- ",,,"SAN FRANCISCO","SAN FRANCISCO",-122.44645690917969,37.737548828125
9506053,2022,2022-11-10,3801,2022-10-02,1127,796,NORTH,7,5,7,3801,0,0,0,,0,3E4A,"SACRAMENTO ST","WEBSTER ST",0.00,,Y,A,-,N,,,,,,,,,,Y,4,0,1,2,A,-,12,22450,A,N,D,C,A,A,H,-,A,A,0,,,,,Y,,A,01,0,0,1,0,0,0,0,0,0,"- ","- ",,,"SAN FRANCISCO","SAN FRANCISCO",-122.43238067626953,37.790027618408203
9506054,2022,2022-11-10,3801,2022-10-03,0703,2039,TARAV,1,5,7,3801,0,0,0,,0,005,"JUNIPERO SERRA BL","HOLLOWAY AV",0.00,,Y,A,-,N,,,,,,,,,,Y,4,0,1,2,A,-,03,22350,,N,C,C,A,A,H,-,A,A,0,,,,,Y,,A,01,0,0,1,0,0,0,0,0,0,"- ","- ",,,"SAN FRANCISCO","SAN FRANCISCO",-122.47267150878906,37.721572875976562
9506056,2022,2022-11-10,3801,2022-10-30,1307,1917,TARAV,7,5,7,3801,0,0,0,,0,3I16A,"32ND AV","ULLOA ST",193.00,N,N,A,-,N,,,,,,,,,,Y,4,0,1,2,A,-,08,22107,,N,A,E,A,A,H,-,A,D,0,,,,,Y,,A,01,0,0,1,0,0,0,0,0,0,"- ","- ",,,"SAN FRANCISCO","SAN FRANCISCO",-122.48951721191406,37.741107940673828
9506058,2022,2022-11-10,3801,2022-10-01,1427,4274,RICHM,6,5,7,3801,0,0,0,,0,3G13C,"CABRILLO ST","41ST AV",121.00,W,N,A,-,N,,,,,,,,,,N,3,0,1,2,A,-,03,22350,,N,B,G,A,A,H,-,A,D,0,,Y,,,Y,,L,04,0,1,0,0,0,0,1,0,0,"- ","- ",,,"SAN FRANCISCO","SAN FRANCISCO",-122.50187683105469,37.773612976074219
9506059,2022,2022-11-10,3801,2022-10-02,2200,2427,SOUTH,7,5,7,3801,0,0,0,,0,001,"HARRISON ST","1ST ST",0.00,,Y,A,-,N,,,,,,,,,,N,4,0,1,2,A,-,08,22107,,N,C,C,A,A,H,-,C,A,0,,,,,Y,,A,01,0,0,1,0,0,0,0,0,0,"- ","- ",,,"SAN FRANCISCO","SAN FRANCISCO",-122.39295959472656,37.786087036132812
9506060,2022,2022-11-10,3801,2022-10-01,1823,4200,TARAV,6,5,7,3801,0,0,0,,0,3I13D,"SLOAT BL","19TH AV",0.00,,Y,A,-,N,,,,,,,,,,Y,4,0,1,2,A,-,04,21703,,N,C,C,A,A,H,-,C,A,0,,,,,Y,,A,01,0,0,1,0,0,0,0,0,0,"- ","- ",,,"SAN FRANCISCO","SAN FRANCISCO",-122.47511291503906,37.734561920166016
9506061,2022,2022-11-10,3801,2022-10-05,1511,2487,BAYVI,3,5,7,3801,0,0,0,,0,3C4,"SAN BRUNO AV","SILVER AV",0.00,,Y,A,-,N,,,,,,,,,,N,4,0,1,2,A,-,10,21950,A,F,D,C,A,A,H,-,A,A,0,,,,,Y,,A,01,0,0,1,0,0,0,0,0,0,"- ","- ",,,"SAN FRANCISCO","SAN FRANCISCO",-122.40561676025391,37.732444763183594
9506062,2022,2022-11-10,3801,2022-10-03,1034,1693,BAYVI,1,5,7,3801,0,0,0,,0,901,"SILVER AV","LEDYARD ST",0.00,,Y,A,-,N,,,,,,,,,,N,4,0,2,2,A,-,00,21751,A,F,C,C,A,A,H,-,A,D,0,,,,,Y,,A,01,0,0,2,0,0,0,0,0,0,"- ","- ",,,"SAN FRANCISCO","SAN FRANCISCO",-122.40287780761719,37.734066009521484
9506063,2022,2022-11-10,3801,2022-10-04,1542,1371,NORTH,2,5,7,3801,0,0,0,,0,002,"FULTON ST","OCTAVIA ST",38.00,W,N,A,-,N,,,,,,,,,,N,4,0,1,2,A,-,04,21703,,N,C,G,A,A,D,-,A,A,0,,Y,,,Y,,L,04,0,0,1,0,0,0,1,0,0,"- ","- ",,,"SAN FRANCISCO","SAN FRANCISCO",-122.42511749267578,37.778522491455078
9506064,2022,2022-11-10,3801,2022-10-05,1922,1414,MISSI,3,5,7,3801,0,0,0,,0,3D16D,"15TH ST","UTAH ST",50.00,E,N,A,-,N,,,,,,,,,,N,4,0,1,1,A,-,03,22350,,N,H,-,A,A,H,-,C,D,0,,,,,Y,,-,,0,0,1,0,0,0,0,0,0,"- ","- ",,,"SAN FRANCISCO","SAN FRANCISCO",-122.40648651123047,37.767162322998047
9506065,2022,2022-11-10,3801,2022-10-03,0841,1819,RICHM,1,5,7,3801,0,0,0,,0,,"CALIFORNIA ST","12TH AV",0.00,,Y,A,-,N,,,,,,,,,,N,4,0,1,2,A,-,17,21235,G,N,B,C,A,A,H,-,A,A,0,,,,,Y,,M,94,0,0,1,0,0,0,0,0,0,"- ","- ",,,"SAN FRANCISCO","SAN FRANCISCO",-122.47097778320312,37.784519195556641
9506066,2022,2022-11-10,3801,2022-10-05,1021,618,TARAV,3,5,7,3801,0,0,0,,0,3I13A,"45TH AV","SLOAT BL",0.00,,Y,A,-,N,,,,,,,,,,N,4,0,1,2,A,-,10,21950,A,N,G,B,B,A,H,-,A,A,0,Y,,,,Y,,-,,0,0,1,0,1,0,0,0,0,"- ","- ",,,"SAN FRANCISCO","SAN FRANCISCO",-122.50308990478516,37.735542297363281
9506067,2022,2022-11-17,3801,2022-10-06,1420,LARA,CENTR,4,5,7,3801,0,0,0,,0,3A50A,"THE EMBARCADERO","BAY ST",0.00,,Y,A,-,N,,,,,,,,,,N,4,0,1,2,C,-,18,,,N,B,G,A,A,H,-,A,A,0,,Y,,,Y,,-,"- ",0,0,1,0,0,0,1,0,0,"- ","- ",,,"SAN FRANCISCO","SAN FRANCISCO",-122.40596771240234,37.806632995605469
9506068,2022,2022-11-10,3801,2022-10-04,1300,4335,RICHM,2,5,7,3801,0,0,0,,0,901,"CLEMENT ST","21ST AV",28.00,E,N,A,-,N,,,,,,,,,,N,3,0,1,2,A,-,03,22350,,N,D,G,A,A,H,-,A,D,0,,Y,,,Y,,L,04,0,1,0,0,0,0,1,0,0,"- ","- ",,,"SAN FRANCISCO","SAN FRANCISCO",-122.48049163818359,37.782203674316406
9506069,2022,2022-11-10,3801,2022-10-11,2020,790,RICHM,2,5,7,3801,0,0,0,,0,004,"GEARY BL","25TH AV",0.00,,Y,A,-,N,,,,,,,,,,N,3,0,1,1,A,-,03,22350,,N,-,I,A,A,H,-,C,A,0,,,,,Y,,-,,0,1,0,0,0,0,0,0,0,"- ","- ",,,"SAN FRANCISCO","SAN FRANCISCO",-122.4847412109375,37.780162811279297
9506070,2022,2022-11-10,3801,2022-10-06,1402,936,CENTR,4,5,7,3801,0,0,0,,0,3A3A,"POST ST","STOCKTON ST",0.00,,Y,A,-,N,,,,,,,,,,N,4,0,1,2,A,-,10,21950,A,N,G,B,B,A,H,-,A,A,0,Y,,,,Y,,A,08,0,0,1,0,1,0,0,0,0,"- ","- ",,,"SAN FRANCISCO","SAN FRANCISCO",-122.40676879882812,37.788505554199219
9506071,2022,2022-11-10,3801,2022-10-07,2003,2441,INGLE,5,5,7,3801,0,0,0,,0,3H13D,"GENEVA AV","MISSION ST",0.00,,Y,A,-,N,,,,,,,,,,N,3,0,1,2,A,-,10,21950,A,N,G,B,B,A,H,-,C,A,0,Y,,,,Y,,-,,0,1,0,0,1,0,0,0,0,"- ","- ",,,"SAN FRANCISCO","SAN FRANCISCO",-122.44100189208984,37.716388702392578
9506072,2022,2022-11-10,3801,2022-10-08,1704,2239,INGLE,6,5,7,3801,0,0,0,,0,1704,"GENEVA AV","RT 280",6.00,E,N,B,-,N,,,,,,,,,,Y,4,0,1,2,A,-,12,21453,A,N,D,D,A,A,H,-,A,A,0,,,,,Y,,A,01,0,0,1,0,0,0,0,0,0,"- ","- ",,,"SAN FRANCISCO","SAN FRANCISCO",-122.44798278808594,37.721263885498047
9506073,2022,2022-11-18,3801,2022-10-10,0543,311,PARK,1,5,7,3801,0,0,0,,0,3F91,"FELL ST","MASONIC AV",0.00,,Y,E,-,N,,,,,,,,,,Y,4,0,1,2,A,-,00,23453,,N,D,D,A,B,H,-,C,A,0,,,,,Y,,A,01,0,0,1,0,0,0,0,0,0,"- ","- ",,,"SAN FRANCISCO","SAN FRANCISCO",-122.44591522216797,37.772983551025391
9506074,2022,2022-11-10,3801,2022-10-11,1745,539,NORTH,2,5,7,3801,0,0,0,,0,NORTHE,"MCALLISTER ST","WEBSTER ST",0.00,,Y,B,-,N,,,,,,,,,,N,3,0,1,2,A,-,12,21453,A,N,D,G,A,A,H,-,A,A,0,,Y,,,Y,,L,04,0,1,0,0,0,0,1,0,0,CN,"- ",,,"SAN FRANCISCO","SAN FRANCISCO",-122.43010711669922,37.778839111328125
9506075,2022,2022-11-10,3801,2022-10-10,1535,1371,NORTH,1,5,7,3801,0,0,0,,0,002,"GEARY BL","DIVISADERO ST",109.00,E,N,A,-,N,,,,,,,,,,N,3,0,1,2,A,-,03,22350,,N,G,B,F,A,H,-,A,A,0,Y,,,,Y,,M,94,0,1,0,0,1,0,0,0,0,"- ","- ",,,"SAN FRANCISCO","SAN FRANCISCO",-122.43910980224609,37.783424377441406
9506076,2022,2022-11-14,3801,2022-10-10,1948,2398,NORTH,1,5,7,3801,0,0,0,,0,04E,"POST ST","WEBSTER ST",150.00,W,N,A,-,N,,,,,,,,,,N,4,0,1,2,A,-,08,22102,,N,D,C,A,A,H,-,C,D,0,,,,,Y,,A,01,0,0,1,0,0,0,0,0,0,"- ","- ",,,"SAN FRANCISCO","SAN FRANCISCO",-122.43197631835938,37.785297393798828
9506077,2022,2022-11-23,3801,2022-10-10,2014,837,CENTR,1,5,7,3801,0,0,0,,0,3A11D,"LARKIN ST","CALIFORNIA ST",0.00,,Y,A,-,N,,,,,,,,,,Y,4,0,1,2,A,-,03,22350,,N,D,C,A,A,H,-,C,A,0,,,Y,,Y,,C,02,0,0,1,0,0,0,0,0,1,"- ","- ",,,"SAN FRANCISCO","SAN FRANCISCO",-122.41903686523438,37.790794372558594
9506078,2022,2022-11-10,3801,2022-10-10,0053,1144,RICHM,1,5,7,3801,0,0,0,,0,3G12E,"PARK PRESIDIO BYPASS DR","FULTON ST",60.00,S,N,E,-,N,,,,,,,,,,Y,4,0,1,1,A,-,03,22350,A,N,E,I,A,A,H,-,C,D,0,,,,,Y,,A,01,0,0,1,0,0,0,0,0,0,"- ","- ",,,"SAN FRANCISCO","SAN FRANCISCO",-122.47177124023438,37.772964477539062
9506079,2022,2022-11-10,3801,2022-10-07,2327,2722,CENTR,5,5,7,3801,0,0,0,,0,3A2E,"STOCKTON TUNL","SACRAMENTO ST",0.00,,Y,A,-,N,,,,,,,,,,Y,4,0,1,2,A,-,08,22107,,N,C,C,A,A,C,H,C,A,0,,,,,Y,,-,,0,0,1,0,0,0,0,0,0,"- ","- ",,,"SAN FRANCISCO","SAN FRANCISCO",-122.40769958496094,37.793186187744141
9506080,2022,2022-11-10,3801,2022-10-06,2215,2307,NORTH,4,5,7,3801,0,0,0,,0,3E13E,"POLK ST","FERN ST",0.00,,Y,A,-,N,,,,,,,,,,N,4,0,1,2,A,-,12,22450,,F,D,C,A,A,H,-,C,A,0,,,,,Y,,A,01,0,0,1,0,0,0,0,0,0,"- ","- ",,,"SAN FRANCISCO","SAN FRANCISCO",-122.42018890380859,37.788211822509766
9506229,2022,2022-10-20,3801,2022-09-16,1700,1848,PARK,5,5,7,3801,0,0,0,,0,01D,"17TH ST","CHURCH ST",0.00,,Y,A,-,N,,,,,,,,,,N,3,0,1,2,A,-,09,21801,A,N,H,G,A,A,H,-,A,A,0,,Y,,,Y,,A,01,0,1,0,0,0,0,1,0,0,"- ","- ",,,"SAN FRANCISCO","SAN FRANCISCO",-122.42851257324219,37.762882232666016
9506231,2022,2022-10-20,3801,2022-09-15,0812,2001,TRAFF,4,5,7,3801,0,0,0,,0,3H16A,"BAYSHORE BL","SAN BRUNO AV",0.00,,Y,A,-,N,,,,,,,,,,N,4,0,1,2,A,-,11,21456,C,N,G,B,B,A,H,-,A,A,0,Y,,,,Y,,N,60,0,0,1,0,1,0,0,0,0,"- ","- ",,,"SAN FRANCISCO","SAN FRANCISCO",-122.40318298339844,37.711971282958984
9506236,2022,2022-10-20,3801,2022-09-17,1640,,CENTR,6,5,7,3801,0,0,0,,0,3A13D,"MASON ST","BAY ST",0.00,,Y,A,-,N,,,,,,,,,,N,4,0,1,2,A,-,"- ",,,N,D,C,A,A,-,-,A,D,0,,,,,Y,,A,01,0,0,1,0,0,0,0,0,0,"- ","- ",,,"SAN FRANCISCO","SAN FRANCISCO",-122.41358947753906,37.805633544921875
9506237,2022,2022-10-31,3801,2022-06-06,1638,2215,NORTH,1,5,7,3801,0,0,0,,0,3E14D,"MCALLISTER ST","FRANKLIN ST",130.00,E,N,A,-,N,,,,,,,,,,N,3,0,1,2,A,-,21,22106,,M,D,C,A,A,H,-,A,A,0,,,,,Y,,A,01,0,1,0,0,0,0,0,0,0,"- ","- ",,,"SAN FRANCISCO","SAN FRANCISCO",-122.42144775390625,37.779930114746094
9506239,2022,2022-10-31,3801,2022-06-15,1421,2081,CENTR,3,5,7,3801,0,0,0,,0,005,"PIER 5","THE EMBARCADERO NORTH",0.00,,Y,A,-,N,,,,,,,,,,N,2,0,2,2,A,-,03,22350,,N,A,-,A,A,H,-,A,D,0,,Y,,,Y,,-,"- ",1,0,1,0,0,0,1,0,0,"- ","- ",,,"SAN FRANCISCO","SAN FRANCISCO",-122.39646148681641,37.798084259033203
9506240,2022,2022-10-31,3801,2022-06-05,2050,1660,SOUTH,7,5,7,3801,0,0,0,,0,3B12E,"5TH ST","BRYANT ST",0.00,,Y,A,-,N,,,,,,,,,,N,3,0,1,2,A,-,08,22107,,F,D,C,A,A,H,-,C,A,0,,,,,Y,Y,A,01,0,1,0,0,0,0,0,0,0,"- ","- ",,,"SAN FRANCISCO","SAN FRANCISCO",-122.40029144287109,37.777797698974609
9506275,2022,2022-10-07,3801,2022-08-30,2209,1237,CENTR,2,5,7,3801,0,0,0,,0,3A13E,BROADWAY,"LARKIN ST",0.00,,Y,A,-,N,,,,,,,,,,Y,4,0,2,2,A,-,12,21453,A,N,D,C,A,A,H,-,C,A,0,,,,,Y,,A,01,0,0,2,0,0,0,0,0,0,"- ","- ",,,"SAN FRANCISCO","SAN FRANCISCO",-122.42012786865234,37.796218872070312
9506276,2022,2022-10-31,3801,2022-08-31,2309,2140,MISSI,3,5,7,3801,0,0,0,,0,3D14E,"24TH ST","HARRISON ST",0.00,,Y,A,-,N,,,,,,,,,,Y,3,0,1,4,A,-,07,21658,,F,A,E,A,A,H,-,C,D,0,,,,,Y,,A,01,0,1,0,0,0,0,0,0,0,"- ","- ",,,"SAN FRANCISCO","SAN FRANCISCO",-122.41188812255859,37.752651214599609
9506323,2022,2022-10-12,3801,2022-09-18,2314,4222,INGLE,7,5,7,3801,0,0,0,,0,3H11E,"MISSION ST","APPLETON ST",300.00,S,N,C,-,N,,,,,,,,,,Y,4,0,1,4,A,-,01,23152,A,N,B,E,A,B,H,-,C,D,0,,,Y,,Y,Y,A,01,0,0,1,0,0,0,0,0,0,"- ","- ",,,"SAN FRANCISCO","SAN FRANCISCO",-122.42399597167969,37.738048553466797
9506324,2022,2022-10-19,3801,2022-09-16,2115,2150,RICHM,5,5,7,3801,0,0,0,,0,0G4,"21ST AV","CALIFORNIA ST",0.00,,Y,A,-,N,,,,,,,,,,N,2,0,2,3,A,-,10,21950,A,N,G,B,B,A,H,-,C,A,0,Y,,,,Y,,A,01,1,0,1,0,2,0,0,0,0,"- ","- ",,,"SAN FRANCISCO","SAN FRANCISCO",-122.48072052001953,37.784069061279297
9506327,2022,2022-10-24,3801,2022-09-14,1424,885,BAYVI,3,5,7,3801,0,0,0,,0,02C,"CESAR CHAVEZ ST","EVANS ST",319.00,W,N,A,-,N,,,,,,,,,,Y,4,0,2,2,A,-,08,21460,5,N,B,C,A,A,H,-,A,D,0,,,,,Y,,A,08,0,0,2,0,0,0,0,0,0,"- ","- ",,,"SAN FRANCISCO","SAN FRANCISCO",-122.39842224121094,37.749626159667969
9506328,2022,2022-10-12,3801,2022-09-14,1627,2355,TARAV,3,5,7,3801,0,0,0,,0,0I3,"SLOAT BL","47TH AV",0.00,,Y,A,-,N,,,,,,,,,,N,4,0,1,2,A,-,09,21801,A,F,D,C,A,A,H,-,A,A,0,,,,,Y,,A,01,0,0,1,0,0,0,0,0,0,"- ","- ",,,"SAN FRANCISCO","SAN FRANCISCO",-122.50525665283203,37.735561370849609
9506329,2022,2022-10-12,3801,2022-09-14,1054,2093,NORTH,3,5,7,3801,0,0,0,,0,3E14A,"DIVISADERO ST","GEARY BL",0.00,,Y,A,-,N,,,,,,,,,,Y,4,0,1,2,A,-,21,22106,,N,C,C,A,A,H,-,A,A,0,,,,,Y,,A,07,0,0,1,0,0,0,0,0,0,"- ","- ",,,"SAN FRANCISCO","SAN FRANCISCO",-122.43947601318359,37.783359527587891
9506332,2022,2022-10-19,3801,2022-09-14,0915,504,NORTH,3,5,7,3801,0,0,0,,0,3E15A,"GOUGH ST","MCALLISTER ST",0.00,,Y,A,-,N,,,,,,,,,,N,4,0,1,2,A,-,04,21703,,F,C,C,A,A,H,-,A,A,0,,,Y,,Y,Y,-,,0,0,1,0,0,0,0,0,1,"- ","- ",,,"SAN FRANCISCO","SAN FRANCISCO",-122.42353820800781,37.779670715332031
9506334,2022,2022-10-10,3801,2022-09-16,2346,1718,BAYVI,5,5,7,3801,0,0,0,,0,3C15E,"JAMESTOWN AV","3RD ST",920.00,W,N,A,-,N,,,,,,,,,,Y,4,0,2,2,A,-,07,21658,A,F,B,C,A,A,H,-,C,D,0,,,,,Y,,-,99,0,0,2,0,0,0,0,0,0,"- ","- ",,,"SAN FRANCISCO","SAN FRANCISCO",-122.39833068847656,37.721141815185547
9506335,2022,2022-10-10,3801,2022-09-22,0623,1892,BAYVI,4,5,7,3801,0,0,0,,0,3C12A,"BAYSHORE BL","JERROLD AV",0.00,,Y,A,-,N,,,,,,,,,,N,4,0,1,1,C,-,18,,,N,H,-,A,A,A,-,C,A,0,,,Y,,Y,,-,"- ",0,0,1,0,0,0,0,0,1,"- ","- ",,,"SAN FRANCISCO","SAN FRANCISCO",-122.40361785888672,37.747386932373047
9506336,2022,2022-10-10,3801,2022-09-14,2101,1951,PARK,3,5,7,3801,0,0,0,,0,0F3,"STANYAN ST","OAK ST",0.00,,Y,A,-,N,,,,,,,,,,Y,4,0,2,2,A,-,09,21801,,N,D,D,A,A,H,-,C,A,0,,,,,Y,,A,01,0,0,2,0,0,0,0,0,0,"- ","- ",,,"SAN FRANCISCO","SAN FRANCISCO",-122.45395660400391,37.771354675292969
9506337,2022,2022-10-31,3801,2022-09-16,0019,2457,SOUTH,5,5,7,3801,0,0,0,,0,3B14E,"MARKET ST","VAN NESS AV",0.00,,Y,A,-,N,,,,,,,,,,N,4,0,1,2,A,-,12,21453,A,N,D,C,A,A,H,-,C,A,0,,,,,Y,,M,94,0,0,1,0,0,0,0,0,0,"- ","- ",,,"SAN FRANCISCO","SAN FRANCISCO",-122.41925811767578,37.775169372558594
9506338,2022,2022-10-10,3801,2022-09-22,0200,2727,INGLE,4,5,7,3801,0,0,0,,0,3H11E,"MISSION ST","RANDALL ST",0.00,,Y,A,-,N,,,,,,,,,,Y,4,0,1,2,A,-,12,22450,A,N,A,C,A,A,H,-,C,A,0,,,Y,,Y,,A,01,0,0,1,0,0,0,0,0,1,"- ","- ",,,"SAN FRANCISCO","SAN FRANCISCO",-122.42362213134766,37.739799499511719
9506339,2022,2022-10-24,3801,2022-09-16,1655,713,CENTR,5,5,7,3801,0,0,0,,0,3A14D,"COLUBUS AV","GREEN ST",21.00,N,N,A,-,N,,,,,,,,,,N,3,0,1,2,A,-,10,21950,A,N,-,B,B,A,H,-,A,A,0,Y,,,,Y,,M,94,0,1,0,0,1,0,0,0,0,"- ","- ",,,"SAN FRANCISCO","SAN FRANCISCO",-122.40903472900391,37.799537658691406
9506341,2022,2022-10-11,3801,2022-09-03,1658,577,TARAV,6,5,7,3801,0,0,0,,0,0I5,"JUNIPERO SERRA BL","WINSTON DR",0.00,,Y,A,-,N,,,,,,,,,,Y,2,0,2,2,A,-,12,21453,A,F,D,C,A,A,H,-,A,A,0,,,,,Y,,A,01,2,0,0,0,0,0,0,0,0,"- ","- ",,,"SAN FRANCISCO","SAN FRANCISCO",-122.47236633300781,37.726837158203125
9506342,2022,2022-11-09,3801,2022-09-03,1855,382,NORTH,6,5,7,3801,0,0,0,,0,3E15E,"BAY ST","BAKER ST",42.00,W,N,A,-,N,,,,,,,,,,N,4,0,1,2,A,-,03,22350,,N,B,E,A,A,H,-,C,A,0,,,,,Y,,A,01,0,0,1,0,0,0,0,0,0,"- ","- ",,,"SAN FRANCISCO","SAN FRANCISCO",-122.44676971435547,37.801761627197266
9506343,2022,2022-10-11,3801,2022-09-03,0248,481,CENTR,6,5,7,3801,0,0,0,,0,3A11E,"PINE ST","LARKIN ST",146.00,E,N,A,-,N,,,,,,,,,,Y,3,0,1,5,A,-,03,22350,A,N,B,E,A,A,H,-,C,A,0,,,,,Y,,A,01,0,1,0,0,0,0,0,0,0,"- ","- ",,,"SAN FRANCISCO","SAN FRANCISCO",-122.41835784912109,37.789897918701172
9506344,2022,2022-10-11,3801,2022-09-03,0324,1961,INGLE,6,5,7,3801,0,0,0,,0,3H16E,"ALEMANY BL","ROUSSEAU ST",188.00,N,N,A,-,N,,,,,,,,,,Y,3,0,1,2,A,-,05,21651,B,F,A,C,A,A,H,-,C,D,0,,,,,Y,,A,01,0,1,0,0,0,0,0,0,0,"- ","- ",,,"SAN FRANCISCO","SAN FRANCISCO",-122.42900085449219,37.731227874755859
9506345,2022,2022-10-11,3801,2022-09-02,2110,1660,SOUTH,5,5,7,3801,0,0,0,,0,3B13E,EMBARCADERO,"MISSION ST",0.00,,Y,A,-,N,,,,,,,,,,N,4,0,1,2,A,-,03,22350,A,F,B,B,F,A,H,-,C,D,0,Y,Y,,,Y,Y,L,04,0,0,1,0,1,0,0,0,0,"- ","- ",,,"SAN FRANCISCO","SAN FRANCISCO",-122.39263153076172,37.793708801269531
9506346,2022,2022-10-11,3801,2022-09-02,2342,1017,NORTH,5,5,7,3801,0,0,0,,0,3E15E,"LOMBARD ST","LAGUNA ST",0.00,,Y,A,-,N,,,,,,,,,,N,3,0,1,2,A,-,03,22350,,F,H,B,B,A,H,-,C,D,0,Y,,,,Y,,-,,0,1,0,0,1,0,0,0,0,"- ","- ",,,"SAN FRANCISCO","SAN FRANCISCO",-122.43110656738281,37.80047607421875
9506347,2022,2022-10-11,3801,2022-09-02,1654,1707,NORTH,5,5,7,3801,0,0,0,,0,3E15D,"TURK ST","GOUGH ST",25.00,E,N,A,-,N,,,,,,,,,,N,4,0,2,2,A,-,08,22107,,N,B,C,A,A,H,-,A,A,0,,,,,Y,,A,01,0,0,2,0,0,0,0,0,0,"- ","- ",,,"SAN FRANCISCO","SAN FRANCISCO",-122.42383575439453,37.781539916992188
9506348,2022,2022-10-11,3801,2022-09-02,1815,2441,INGLE,5,5,7,3801,0,0,0,,0,3H15D,"ALEMANY BL","ONONDAGA AV",0.00,,Y,A,-,N,,,,,,,,,,N,2,0,1,2,A,-,10,21950,A,N,G,B,B,A,H,-,A,A,0,Y,,,,Y,,A,01,1,0,0,0,1,0,0,0,0,"- ","- ",,,"SAN FRANCISCO","SAN FRANCISCO",-122.43870544433594,37.721645355224609
9506349,2022,2022-10-11,3801,2022-09-02,0042,1252,RICHM,5,5,7,3801,0,0,0,,0,,"PARK PRESIDIO BL","FULTON ST",50.00,S,N,B,-,N,,,,,,,,,,Y,4,0,1,1,A,-,03,22350,,N,A,I,A,B,H,-,C,D,0,,,,,Y,,-,,0,0,1,0,0,0,0,0,0,"- ","- ",,,"SAN FRANCISCO","SAN FRANCISCO",-122.47177886962891,37.773128509521484
9506350,2022,2022-10-11,3801,2022-09-02,0945,1053,TARAV,5,5,7,3801,0,0,0,,0,3I1A,"SUNSET BL","OCEAN AV",161.00,N,N,B,-,N,,,,,,,,,,N,4,0,1,2,A,-,03,22350,,N,C,C,A,A,H,-,A,A,0,,,,,Y,,A,01,0,0,1,0,0,0,0,0,0,"- ","- ",,,"SAN FRANCISCO","SAN FRANCISCO",-122.49382781982422,37.732341766357422
9506351,2022,2022-10-11,3801,2022-09-01,2100,1537,BAYVI,4,5,7,3801,0,0,0,,0,3C105,"BAYSHORE BL",HESTER,97.00,N,N,A,-,N,,,,,,,,,,Y,4,0,2,1,A,-,03,22350,,F,E,I,A,A,H,-,C,A,0,,,,,Y,,A,07,0,0,2,0,0,0,0,0,0,"- ","- ",,,"SAN FRANCISCO","SAN FRANCISCO",-122.39980316162109,37.713829040527344
9506352,2022,2022-10-11,3801,2022-09-01,2223,246,TARAV,4,5,7,3801,0,0,0,,0,2CAR,"TARAVAL ST","21ST AV",0.00,,Y,B,E,N,,,,,,,,,,N,3,0,1,2,A,-,10,21950,A,N,A,B,B,A,H,-,C,A,0,Y,,,,Y,,A,01,0,1,0,0,1,0,0,0,0,"- ","- ",,,"SAN FRANCISCO","SAN FRANCISCO",-122.47782897949219,37.742950439453125