CASE_ID,ACCIDENT_YEAR,PROC_DATE,JURIS,COLLISION_DATE,COLLISION_TIME,OFFICER_ID,REPORTING_DISTRICT,DAY_OF_WEEK,CHP_SHIFT,POPULATION,CNTY_CITY_LOC,SPECIAL_COND,BEAT_TYPE,CHP_BEAT_TYPE,CITY_DIVISION_LAPD,CHP_BEAT_CLASS,BEAT_NUMBER,PRIMARY_RD,SECONDARY_RD,DISTANCE,DIRECTION,INTERSECTION,WEATHER_1,WEATHER_2,STATE_HWY_IND,CALTRANS_COUNTY,CALTRANS_DISTRICT,STATE_ROUTE,ROUTE_SUFFIX,POSTMILE_PREFIX,POSTMILE,LOCATION_TYPE,RAMP_INTERSECTION,SIDE_OF_HWY,TOW_AWAY,COLLISION_SEVERITY,NUMBER_KILLED,NUMBER_INJURED,PARTY_COUNT,PRIMARY_COLL_FACTOR,PCF_CODE_OF_VIOL,PCF_VIOL_CATEGORY,PCF_VIOLATION,PCF_VIOL_SUBSECTION,HIT_AND_RUN,TYPE_OF_COLLISION,MVIW,PED_ACTION,ROAD_SURFACE,ROAD_COND_1,ROAD_COND_2,LIGHTING,CONTROL_DEVICE,CHP_ROAD_TYPE,PEDESTRIAN_ACCIDENT,BICYCLE_ACCIDENT,MOTORCYCLE_ACCIDENT,TRUCK_ACCIDENT,NOT_PRIVATE_PROPERTY,ALCOHOL_INVOLVED,STWD_VEHTYPE_AT_FAULT,CHP_VEHTYPE_AT_FAULT,COUNT_SEVERE_INJ,COUNT_VISIBLE_INJ,COUNT_COMPLAINT_PAIN,COUNT_PED_KILLED,COUNT_PED_INJURED,COUNT_BICYCLIST_KILLED,COUNT_BICYCLIST_INJURED,COUNT_MC_KILLED,COUNT_MC_INJURED,PRIMARY_RAMP,SECONDARY_RAMP,LATITUDE,LONGITUDE,COUNTY,CITY,POINT_X,POINT_Y
9506353,2022,2022-10-11,3801,2022-09-01,1542,4259,RICHM,4,5,7,3801,0,0,0,,0,3G13D,"FULTON ST","ARGUELLO BL",0.00,,Y,A,-,N,,,,,,,,,,Y,4,0,2,2,A,-,10,21950,A,N,G,B,B,A,H,-,A,A,0,Y,,,,Y,,A,01,0,0,2,0,1,0,0,0,0,"- ","- ",,,"SAN FRANCISCO","SAN FRANCISCO",-122.45835113525391,37.774288177490234
9506354,2022,2023-02-02,3801,2022-09-01,1823,2046,NORTH,4,5,7,3801,0,0,0,,0,,"VALLEJO ST","POLK ST",0.00,,Y,A,-,N,,,,,,,,,,N,1,1,0,2,A,-,10,21950,A,N,G,B,B,A,H,-,A,A,0,Y,,,,Y,,A,01,0,0,0,1,0,0,0,0,0,"- ","- ",,,"SAN FRANCISCO","SAN FRANCISCO",-122.42195892333984,37.796886444091797
9506355,2022,2022-10-11,3801,2022-09-12,1517,2732,CENTR,1,5,7,3801,0,0,0,,0,3A11D,"LARKIN ST","CEDAR ST",34.00,S,N,A,-,N,,,,,,,,,,N,4,0,2,2,A,-,11,21954,A,N,G,B,D,A,H,-,A,A,0,Y,Y,,,Y,,N,60,0,0,2,0,1,0,1,0,0,"- ","- ",,,"SAN FRANCISCO","SAN FRANCISCO",-122.41817474365234,37.786476135253906
9506356,2022,2022-11-02,3801,2022-09-04,2308,1952,BAYVI,7,5,7,3801,0,0,0,,0,3C15D,"SAN BRUNO AV","SILLIMAN ST",0.00,,Y,A,-,Y,SF,4,101,-,-,1.763,R,4,S,Y,3,0,2,3,A,-,12,21453,A,N,D,C,A,A,H,-,C,A,0,,,,,Y,,-,"- ",0,1,1,0,0,0,0,0,0,"- ","- ",,,"SAN FRANCISCO","SAN FRANCISCO",-122.40525054931641,37.732463836669922
9506357,2022,2022-11-09,3801,2022-09-03,2315,1602,MISSI,6,5,7,3801,0,0,0,,0,SECTOR,"18TH ST","SOUTH VAN NESS AV",0.00,,Y,A,-,N,,,,,,,,,,Y,3,0,5,4,A,-,12,21453,A,F,A,C,A,A,H,-,C,A,0,,,,,Y,,A,01,0,3,2,0,0,0,0,0,0,"- ","- ",,,"SAN FRANCISCO","SAN FRANCISCO",-122.41719818115234,37.761947631835938
9506358,2022,2022-11-01,3801,2022-09-02,1651,2100,MISSI,5,5,7,3801,0,0,0,,0,3D14D,"26TH ST","SOUTH VAN NESS AV",0.00,,Y,A,-,N,,,,,,,,,,N,4,0,1,2,A,-,04,21703,,N,C,C,A,A,H,-,A,A,0,,,,,Y,,A,01,0,0,1,0,0,0,0,0,0,"- ","- ",,,"SAN FRANCISCO","SAN FRANCISCO",-122.41600036621094,37.749168395996094
9506359,2022,2022-10-11,3801,2022-09-08,1223,1239,MISSI,4,5,7,3801,0,0,0,,0,1CAR,"MARKET ST","DOLORES ST",0.00,,Y,A,-,N,,,,,,,,,,N,3,0,1,2,A,-,11,21453,D,N,G,B,B,A,H,-,A,A,0,Y,,,,Y,Y,N,60,0,1,0,0,1,0,0,0,0,"- ","- ",,,"SAN FRANCISCO","SAN FRANCISCO",-122.42691040039062,37.769203186035156
9506368,2022,2022-10-14,3801,2022-09-10,2500,1100,TENDE,6,5,7,3801,0,0,0,,0,3J4D,"MASON ST","GEARY ST",0.00,,Y,-,-,N,,,,,,,,,,N,2,0,1,2,A,-,10,21950,A,F,G,-,B,A,-,-,C,A,0,Y,,,,Y,Y,-,99,1,0,0,0,1,0,0,0,0,"- ","- ",,,"SAN FRANCISCO","SAN FRANCISCO",-122.40985870361328,37.787166595458984
9506372,2022,2022-10-14,3801,2022-09-24,0123,1113,PARK,6,5,7,3801,0,0,0,,0,3F13E,"CHURCH ST","DUBOCE AV",206.00,S,N,A,-,N,,,,,,,,,,Y,4,0,1,1,A,-,03,22350,,N,E,I,A,A,H,-,C,-,0,,,,,Y,,A,01,0,0,1,0,0,0,0,0,0,"- ","- ",,,"SAN FRANCISCO","SAN FRANCISCO",-122.42906951904297,37.768894195556641
9506373,2022,2022-10-14,3801,2022-09-16,1657,203,MISSI,5,5,7,3801,0,0,0,,0,,"16TH ST","CAPP ST",0.00,,Y,A,-,N,,,,,,,,,,N,4,0,1,2,A,-,09,21800,A,N,-,G,A,A,H,-,A,A,0,,Y,,,Y,,A,01,0,0,1,0,0,0,1,0,0,"- ","- ",,,"SAN FRANCISCO","SAN FRANCISCO",-122.418701171875,37.765098571777344
9506381,2022,2022-12-06,3801,2022-09-16,1305,A21165,NORTH,5,5,7,3801,0,0,0,,0,3E15C,"FRANKLIN ST","GEARY ST",0.00,,Y,A,-,N,,,,,,,,,,N,3,0,1,2,A,-,06,21750,A,N,B,C,A,A,H,-,A,A,0,,,Y,,Y,,C,03,0,1,0,0,0,0,0,0,1,"- ","- ",,,"SAN FRANCISCO","SAN FRANCISCO",-122.42301940917969,37.785484313964844
9506382,2022,2022-10-11,3801,2022-09-16,1829,1833,NORTH,5,5,7,3801,0,0,0,,0,3E12D,"OCTAVIA ST","PAGE ST",0.00,,Y,A,-,N,,,,,,,,,,Y,4,0,1,2,A,-,04,21703,,N,C,C,A,A,H,-,A,A,0,,,,,Y,,-,,0,0,1,0,0,0,0,0,0,"- ","- ",,,"SAN FRANCISCO","SAN FRANCISCO",-122.42411041259766,37.773883819580078
9506384,2022,2022-11-04,3801,2022-09-16,1025,1819,NORTH,5,5,7,3801,0,0,0,,0,,"FILLMORE ST","MCALLISTER ST",0.00,,Y,A,-,N,,,,,,,,,,N,3,0,1,2,D,-,00,,,N,B,C,A,A,H,-,A,A,0,,,,,Y,,-,"- ",0,1,0,0,0,0,0,0,0,"- ","- ",,,"SAN FRANCISCO","SAN FRANCISCO",-122.43175506591797,37.778644561767578
9506385,2022,2022-10-31,3801,2022-09-11,1500,2401,MISSI,7,5,7,3801,0,0,0,,0,3D15A,"SOUTH VAN NESS AV","22ND ST",30.00,N,N,A,-,N,,,,,,,,,,N,3,0,1,2,A,-,17,22517,,N,B,-,A,A,H,-,A,A,0,,Y,,,Y,,-,,0,1,0,0,0,0,1,0,0,"- ","- ",,,"SAN FRANCISCO","SAN FRANCISCO",-122.41659545898438,37.755653381347656
9506386,2022,2022-10-11,3801,2022-09-06,1800,664,MISSI,2,5,7,3801,0,0,0,,0,002,"FOLSOM ST","10TH ST",0.00,,Y,A,-,N,,,,,,,,,,N,4,0,1,2,A,-,21,22106,,F,D,C,A,A,H,-,A,D,0,,,,,Y,Y,A,01,0,0,1,0,0,0,0,0,0,"- ","- ",,,"SAN FRANCISCO","SAN FRANCISCO",-122.41281890869141,37.772819519042969
9506387,2022,2022-10-11,3801,2022-09-13,1537,2008,MISSI,2,5,7,3801,0,0,0,,0,3D15D,"17TH ST","UTAH ST",62.00,E,N,A,-,N,,,,,,,,,,Y,4,0,1,2,A,-,01,23153,A,N,C,C,A,A,H,-,A,D,0,,,,,Y,Y,A,01,0,0,1,0,0,0,0,0,0,"- ","- ",,,"SAN FRANCISCO","SAN FRANCISCO",-122.40621948242188,37.764568328857422
9506388,2022,2022-10-11,3801,2022-09-11,1738,1198,MISSI,7,5,7,3801,0,0,0,,0,,"MISSION ST","ERIE ST",56.00,S,N,A,-,N,,,,,,,,,,Y,4,0,1,3,A,-,09,21804,,N,D,C,A,A,H,-,A,D,0,,,Y,,Y,Y,C,02,0,0,1,0,0,0,0,0,1,"- ","- ",,,"SAN FRANCISCO","SAN FRANCISCO",-122.42002868652344,37.768917083740234
9506389,2022,2022-11-18,3801,2022-09-18,0038,2175,BAYVI,7,5,7,3801,0,0,0,,0,3C13E,"PALOU AV","SILVER AV",0.00,,N,A,-,N,,,,,,,,,,Y,4,0,2,3,A,-,03,22350,,N,B,E,A,A,H,-,C,D,0,,,,,Y,,A,08,0,0,2,0,0,0,0,0,0,"- ","- ",,,"SAN FRANCISCO","SAN FRANCISCO",-122.39650726318359,37.737205505371094
9506390,2022,2022-10-11,3801,2022-09-12,1854,2431,RICHM,1,5,7,3801,0,0,0,,0,3G13D,"CALIFORNIA ST","9TH AV",0.00,,Y,A,-,N,,,,,,,,,,N,4,0,1,2,A,-,10,21950,A,N,G,B,B,A,H,-,A,A,0,Y,,,,Y,,A,01,0,0,1,0,1,0,0,0,0,"- ","- ",,,"SAN FRANCISCO","SAN FRANCISCO",-122.4677734375,37.784671783447266
9506391,2022,2022-10-11,3801,2022-09-18,1720,1414,MISSI,7,5,7,3801,0,0,0,,0,3D14D,"CAPP ST","19TH ST",0.00,,Y,B,C,N,,,,,,,,,,N,4,0,1,2,A,-,10,21950,A,N,A,B,C,B,H,-,A,D,0,Y,,,,Y,,-,,0,0,1,0,1,0,0,0,0,"- ","- ",,,"SAN FRANCISCO","SAN FRANCISCO",-122.41810607910156,37.760292053222656
9506392,2022,2022-10-11,3801,2022-09-16,2206,1350,BAYVI,5,5,7,3801,0,0,0,,0,3C13E,"3RD ST","NEWCOMB AV",0.00,,Y,A,-,N,,,,,,,,,,Y,4,0,1,2,A,-,12,21453,A,F,D,G,A,A,H,-,C,A,0,,Y,,,Y,,-,99,0,0,1,0,0,0,1,0,0,"- ","- ",,,"SAN FRANCISCO","SAN FRANCISCO",-122.39049530029297,37.735633850097656
9506394,2022,2022-10-11,3801,2022-09-16,2025,1198,MISSI,5,5,7,3801,0,0,0,,0,,"VALENCIA ST","HILL ST",0.00,,Y,A,-,N,,,,,,,,,,N,4,0,1,2,A,-,08,22107,,N,B,G,A,A,H,-,C,D,0,,Y,,,Y,,A,01,0,0,1,0,0,0,1,0,0,"- ","- ",,,"SAN FRANCISCO","SAN FRANCISCO",-122.42104339599609,37.756099700927734
9506395,2022,2022-10-11,3801,2022-09-01,0729,298,PARK,4,5,7,3801,0,0,0,,0,3F60,"CLAYTON ST","CORBETT AV",0.00,,Y,A,-,N,,,,,,,,,,N,3,0,1,2,A,-,10,21950,A,N,G,B,B,A,H,-,A,A,0,Y,,,,Y,,A,01,0,1,0,0,1,0,0,0,0,"- ","- ",,,"SAN FRANCISCO","SAN FRANCISCO",-122.44596862792969,37.758724212646484
9506397,2022,2022-12-06,3801,2022-09-04,1003,1438,INGLE,7,5,7,3801,0,0,0,,0,3CAR,"MISSION ST","TRUMBULL AV",0.00,,Y,A,-,N,,,,,,,,,,Y,2,0,1,3,A,-,08,22107,,N,C,E,A,A,H,-,A,D,0,,,,,Y,,A,07,1,0,0,0,0,0,0,0,0,"- ","- ",,,"SAN FRANCISCO","SAN FRANCISCO",-122.42925262451172,37.730781555175781
9506398,2022,2022-10-11,3801,2022-09-04,1346,310,SOUTH,7,5,7,3801,0,0,0,,0,3B4A,"7TH ST","HARRISON ST",365.00,S,N,A,-,N,,,,,,,,,,N,3,0,1,2,A,-,10,21950,A,N,G,B,B,A,H,-,A,A,0,Y,,,,Y,,A,07,0,1,0,0,0,0,0,0,0,"- ","- ",,,"SAN FRANCISCO","SAN FRANCISCO",-122.40541076660156,37.774814605712891
9506399,2022,2022-10-11,3801,2022-09-04,0156,4004,CENTR,7,5,7,3801,0,0,0,,0,3A11E,"BAY ST","STOCKTON ST",51.00,S,N,A,-,N,,,,,,,,,,Y,2,0,1,2,A,-,03,22350,,N,D,C,A,A,H,-,D,A,0,,,Y,,Y,,C,02,1,0,0,0,0,0,0,0,1,"- ","- ",,,"SAN FRANCISCO","SAN FRANCISCO",-122.41047668457031,37.806018829345703
9506400,2022,2022-12-07,3801,2022-09-04,0149,2741,TENDE,7,5,7,3801,0,0,0,,0,901,"JONES ST","ELLIST ST",0.00,,Y,A,-,N,,,,,,,,,,N,3,0,1,1,A,-,03,22350,,N,E,I,A,A,H,-,C,D,0,,,,,Y,,M,94,0,1,0,0,0,0,0,0,0,"- ","- ",,,"SAN FRANCISCO","SAN FRANCISCO",-122.41278076171875,37.784896850585938
9506408,2022,2022-10-14,3801,2022-09-12,1919,1160,SOUTH,1,5,7,3801,0,0,0,,0,0B2,"NATOMA ST","MARY ST",60.00,E,N,A,-,N,,,,,,,,,,Y,4,0,1,2,A,-,03,22350,,N,B,E,A,A,H,-,A,D,0,,,,,Y,,A,01,0,0,1,0,0,0,0,0,0,"- ","- ",,,"SAN FRANCISCO","SAN FRANCISCO",-122.40609741210938,37.781429290771484
9506413,2022,2022-10-14,3801,2022-09-16,1739,654,PARK,5,5,7,3801,0,0,0,,0,3F11D,"LINCOLN WY","4TH AV",0.00,,Y,A,-,N,,,,,,,,,,N,2,0,1,2,A,-,08,22107,,N,C,D,A,A,H,-,B,D,0,,,Y,,Y,,C,03,1,0,0,0,0,0,0,0,1,"- ","- ",,,"SAN FRANCISCO","SAN FRANCISCO",-122.46107482910156,37.766159057617188
9506418,2022,2022-10-14,3801,2022-09-22,1008,2154,TENDE,4,5,7,3801,0,0,0,,0,3S13H,"4TH ST","JESSIE ST",0.00,,Y,A,-,N,,,,,,,,,,N,3,0,1,3,A,-,11,21954,A,N,-,G,D,A,H,-,A,A,0,Y,Y,,,Y,,N,60,0,1,0,0,0,0,1,0,0,"- ","- ",,,"SAN FRANCISCO","SAN FRANCISCO",-122.40476989746094,37.784942626953125
9506434,2022,2022-10-11,3801,2022-09-05,0100,2354,TARAV,1,5,7,3801,0,0,0,,0,2CAR,"QUINTARA ST","27TH AV",0.00,,Y,A,-,N,,,,,,,,,,Y,4,0,2,1,A,-,03,22350,,N,E,I,A,A,H,-,C,D,0,,,,,Y,,A,01,0,0,2,0,0,0,0,0,0,"- ","- ",,,"SAN FRANCISCO","SAN FRANCISCO",-122.48465728759766,37.748260498046875
9506440,2022,2022-10-11,3801,2022-09-07,2215,1769,BAYVI,3,5,7,3801,0,0,0,,0,3C14E,"RICKARD ST","SAN BRUNO AV",0.00,,Y,A,-,N,,,,,,,,,,N,3,0,1,2,A,-,10,21950,A,N,G,B,B,A,H,-,C,D,0,Y,,,,Y,,A,01,0,1,0,0,1,0,0,0,0,"- ","- ",,,"SAN FRANCISCO","SAN FRANCISCO",-122.40682983398438,37.734516143798828
9506456,2022,2022-10-10,3801,2022-09-22,1015,2143,TARAV,4,5,7,3801,0,0,0,,0,3I12A,"MORAGA ST","28TH AV",0.00,,Y,A,-,N,,,,,,,,,,N,3,0,1,2,A,-,03,22350,,N,B,E,A,A,H,-,A,D,0,,,,,Y,Y,A,01,0,1,0,0,0,0,0,0,0,"- ","- ",,,"SAN FRANCISCO","SAN FRANCISCO",-122.48625183105469,37.755691528320312
9506476,2022,2022-10-10,3801,2022-09-21,0910,4370,INGLE,3,5,7,3801,0,0,0,,0,3H11A,"GUERRERO ST","DUNCAN ST",10.00,N,N,B,-,N,,,,,,,,,,N,4,0,1,2,A,-,03,22350,,N,C,C,A,B,H,-,A,A,0,,,,,Y,,A,01,0,0,1,0,0,0,0,0,0,"- ","- ",,,"SAN FRANCISCO","SAN FRANCISCO",-122.42239379882812,37.746406555175781
9506481,2022,2022-11-18,3801,2022-09-13,0800,BASS,SOUTH,2,5,7,3801,0,0,0,,0,3B14A,"9TH ST","CLEMENTINA ST",0.00,,N,A,-,N,,,,,,,,,,Y,2,0,2,3,A,-,03,22350,,N,C,C,A,A,H,-,A,D,0,,,Y,,Y,,C,02,1,0,1,0,0,0,0,0,1,"- ","- ",,,"SAN FRANCISCO","SAN FRANCISCO",-122.41216278076172,37.774188995361328
9506482,2022,2022-10-18,3801,2022-09-12,1422,1987,TENDE,1,5,7,3801,0,0,0,,0,3J92D,"MISSION ST","8TH ST",0.00,,Y,A,-,N,,,,,,,,,,N,4,0,1,2,A,-,"- ",,,N,B,C,A,A,H,-,A,A,0,,Y,,,Y,,L,04,0,0,1,0,0,0,1,0,0,"- ","- ",,,"SAN FRANCISCO","SAN FRANCISCO",-122.41315460205078,37.7774658203125
9506483,2022,2022-10-10,3801,2022-09-01,1728,2735,MISSI,4,5,7,3801,0,0,0,,0,3D11D,"POTRERO AV","ALAMEDA ST",0.00,,Y,A,-,N,,,,,,,,,,Y,4,0,1,2,A,-,09,21801,A,N,A,C,A,A,H,-,A,A,0,,,,,Y,,A,01,0,0,1,0,0,0,0,0,0,"- ","- ",,,"SAN FRANCISCO","SAN FRANCISCO",-122.40779113769531,37.768383026123047
9506484,2022,2022-10-10,3801,2022-09-13,1859,539,NORTH,2,5,7,3801,0,0,0,,0,5CAR,"MARINA GREEN DR","MARINA BL",74.00,N,N,A,-,N,,,,,,,,,,N,3,0,1,1,A,-,03,22350,,N,F,J,A,A,H,-,A,D,0,,Y,,,Y,,L,04,0,1,0,0,0,0,1,0,0,"- ","- ",,,"SAN FRANCISCO","SAN FRANCISCO",-122.43590545654297,37.806594848632812
9506485,2022,2022-10-10,3801,2022-09-20,0626,2161,MISSI,2,5,7,3801,0,0,0,,0,3D13A,"21ST ST","LEXINGTON ST",0.00,,Y,A,-,N,,,,,,,,,,Y,4,0,1,2,A,-,09,21800,A,N,D,C,A,A,H,-,C,D,0,,,Y,,Y,,C,02,0,0,1,0,0,0,0,0,1,"- ","- ",,,"SAN FRANCISCO","SAN FRANCISCO",-122.42033386230469,37.756954193115234
9506486,2022,2022-10-10,3801,2022-09-10,2254,1961,INGLE,6,5,7,3801,0,0,0,,0,3H15E,"RUSSIA AV","MOSCOW ST",0.00,,Y,B,-,N,,,,,,,,,,Y,4,0,1,2,A,-,12,22450,,N,D,C,A,A,H,-,C,A,0,,,,,Y,,A,01,0,0,1,0,0,0,0,0,0,"- ","- ",,,"SAN FRANCISCO","SAN FRANCISCO",-122.42997741699219,37.718135833740234
9506487,2022,2022-10-20,3801,2022-09-20,0743,2746,RICHM,2,5,7,3801,0,0,0,,0,3G14A,"EL CAMINO DEL MAR","26TH AV",0.00,,Y,A,-,N,,,,,,,,,,N,3,0,1,2,A,-,10,21950,,N,G,B,B,A,H,-,A,D,0,Y,,,,Y,Y,B,01,0,1,0,0,1,0,0,0,0,"- ","- ",,,"SAN FRANCISCO","SAN FRANCISCO",-122.48635101318359,37.787551879882812
9506488,2022,2022-10-10,3801,2022-09-20,1142,1832,TENDE,2,5,7,3801,0,0,0,,0,3J93C,"STEVENSON ST","7TH ST",105.00,W,N,A,-,N,,,,,,,,,,N,4,0,1,2,A,-,11,21954,A,N,G,B,E,-,H,-,A,D,0,Y,,,,Y,,N,60,0,0,1,0,1,0,0,0,0,"- ","- ",,,"SAN FRANCISCO","SAN FRANCISCO",-122.41215515136719,37.779792785644531
9506489,2022,2022-10-10,3801,2022-09-21,0454,2467,BAYVI,3,5,7,3801,0,0,0,,0,,"25TH ST","3RD ST",0.00,,Y,C,-,N,,,,,,,,,,,4,0,1,2,A,-,08,22107,,N,D,G,A,B,H,-,C,A,0,,Y,,,Y,,-,,0,0,1,0,0,0,1,0,0,"- ","- ",,,"SAN FRANCISCO","SAN FRANCISCO",-122.38787841796875,37.752838134765625
9506490,2022,2022-10-10,3801,2022-09-13,1726,4041,TARAV,2,5,7,3801,0,0,0,,0,3I13D,"UPPER GREAT HWY","JUDAH ST",0.00,,Y,A,-,N,,,,,,,,,,N,2,0,1,2,A,-,09,21804,A,N,D,G,A,A,H,-,A,A,0,,Y,,,Y,,L,04,1,0,0,0,0,0,1,0,0,"- ","- ",,,"SAN FRANCISCO","SAN FRANCISCO",-122.50994110107422,37.760246276855469
9506491,2022,2022-10-10,3801,2022-09-06,1044,1316,RICHM,2,5,7,3801,0,0,0,,0,3G13A,"CLEMENT ST","16TH AV",9.00,E,N,A,-,N,,,,,,,,,,Y,4,0,1,5,A,-,09,21802,A,N,B,C,A,A,H,-,A,A,0,,,,,Y,,A,01,0,0,1,0,0,0,0,0,0,"- ","- ",,,"SAN FRANCISCO","SAN FRANCISCO",-122.47521209716797,37.782440185546875
9506492,2022,2022-10-10,3801,2022-09-06,1140,4314,RICHM,2,5,7,3801,0,0,0,,0,0G2,"CALIFORNIA ST","COMMONWEALTH AV",2.00,W,N,A,-,N,,,,,,,,,,N,4,0,1,2,A,-,08,22100,A,N,D,C,A,A,H,-,A,D,0,,,,,Y,,A,01,0,0,1,0,0,0,0,0,0,"- ","- ",,,"SAN FRANCISCO","SAN FRANCISCO",-122.45592498779297,37.786090850830078
9506493,2022,2022-10-10,3801,2022-09-06,0316,901,INGLE,2,5,7,3801,0,0,0,,0,3H12E,"ALEMANY BL","ELLSWORTH ST",317.00,E,N,A,-,N,,,,,,,,,,N,3,0,1,1,A,-,08,22107,,N,H,J,A,A,H,-,C,D,0,,,Y,,Y,,C,02,0,1,0,0,0,0,0,0,1,"- ","- ",,,"SAN FRANCISCO","SAN FRANCISCO",-122.41792297363281,37.732231140136719
9506494,2022,2022-10-18,3801,2022-09-06,0851,310,SOUTH,2,5,7,3801,0,0,0,,0,3B12A,"6TH ST","HOWARD ST",0.00,,Y,A,-,N,,,,,,,,,,N,3,0,1,2,A,-,08,22107,,N,B,C,A,A,D,-,A,A,0,,,,,Y,,M,94,0,1,0,0,0,0,0,0,0,"- ","- ",,,"SAN FRANCISCO","SAN FRANCISCO",-122.40714263916016,37.779750823974609
9506495,2022,2022-11-03,3801,2022-09-05,2118,2237,TARAV,1,5,7,3801,0,0,0,,0,00I,"ALEMANY BL","SAGAMORE ST",0.00,,Y,A,-,N,,,,,,,,,,Y,4,0,2,1,A,-,03,22350,,N,E,I,A,A,H,-,C,A,0,,,,,Y,,A,01,0,0,2,0,0,0,0,0,0,"- ","- ",,,"SAN FRANCISCO","SAN FRANCISCO",-122.46316528320312,37.711448669433594
9506497,2022,2022-10-10,3801,2022-09-05,1848,172,RICHM,1,5,7,3801,0,0,0,,0,003,"GEARY BL","15TH AV",84.00,W,N,A,-,N,,,,,,,,,,Y,4,0,2,3,A,-,03,22350,,F,C,C,A,A,H,-,A,A,0,,,,,Y,,A,01,0,0,2,0,0,0,0,0,0,"- ","- ",,,"SAN FRANCISCO","SAN FRANCISCO",-122.47428131103516,37.780616760253906
9506498,2022,2022-10-10,3801,2022-09-05,1937,301,INGLE,1,5,7,3801,0,0,0,,0,3H15D,"GENEVA AV","PRAGUE ST",382.00,E,N,A,-,N,,,,,,,,,,Y,3,0,2,3,A,-,03,22350,,N,C,E,A,A,H,-,B,D,0,,,,,Y,,A,01,0,1,1,0,0,0,0,0,0,"- ","- ",,,"SAN FRANCISCO","SAN FRANCISCO",-122.43068695068359,37.712516784667969
9506499,2022,2022-10-10,3801,2022-09-23,2346,2150,RICHM,5,5,7,3801,0,0,0,,0,3G4,"27TH AV","BALBOA ST",308.00,S,N,A,-,N,,,,,,,,,,Y,3,0,1,2,A,-,01,23152,A,N,A,E,A,A,H,-,C,D,0,,,,,Y,Y,A,01,0,1,0,0,0,0,0,0,0,"- ","- ",,,"SAN FRANCISCO","SAN FRANCISCO",-122.48654937744141,37.775356292724609
9506500,2022,2022-10-10,3801,2022-09-05,0905,4286,RICHM,1,5,7,3801,0,0,0,,0,0G2,"CLAY ST","BRODERICK ST",180.00,W,N,A,-,N,,,,,,,,,,N,3,0,1,2,A,-,09,21801,A,N,D,G,A,A,H,-,A,D,0,,Y,,,Y,,A,01,0,1,0,0,0,0,1,0,0,"- ","- ",,,"SAN FRANCISCO","SAN FRANCISCO",-122.44309997558594,37.789577484130859
9506502,2022,2022-10-11,3801,2022-09-12,1500,454,TENDE,1,5,7,3801,0,0,0,,0,003,"LARKIN ST","EDDY ST",0.00,,Y,A,-,N,,,,,,,,,,N,4,0,1,2,A,-,03,22350,,F,C,C,A,A,H,-,A,A,0,,,,,Y,,-,,0,0,1,0,0,0,0,0,0,"- ","- ",,,"SAN FRANCISCO","SAN FRANCISCO",-122.41751861572266,37.783294677734375
9506503,2022,2022-10-11,3801,2022-09-02,1235,417,TARAV,5,5,7,3801,0,0,0,,0,3I15D,"SAN JOSE AV","LAKEVIEW AV",0.00,,Y,A,-,N,,,,,,,,,,N,4,0,1,2,A,-,08,22101,D,N,B,B,D,A,H,-,A,D,0,Y,,,,Y,,A,01,0,0,1,0,1,0,0,0,0,"- ","- ",,,"SAN FRANCISCO","SAN FRANCISCO",-122.45040130615234,37.716156005859375
9506504,2022,2022-10-11,3801,2022-09-12,2225,317,CENTR,1,5,7,3801,0,0,0,,0,SECTOR,"SANSOME ST","CLAY ST",0.00,,Y,A,-,N,,,,,,,,,,N,4,0,1,2,A,-,08,22107,,N,G,B,B,A,H,-,C,A,0,Y,,,,Y,,A,07,0,0,1,0,1,0,0,0,0,"- ","- ",,,"SAN FRANCISCO","SAN FRANCISCO",-122.40148162841797,37.794868469238281
9506506,2022,2022-10-11,3801,2022-09-17,0013,1207,TENDE,6,5,7,3801,0,0,0,,0,0J5,"POLK ST","OFARRELL ST",0.00,,Y,A,-,N,,,,,,,,,,N,4,0,1,2,A,-,09,21801,,M,D,C,A,A,H,-,C,A,0,,,Y,,Y,,A,01,0,0,1,0,0,0,0,0,1,"- ","- ",,,"SAN FRANCISCO","SAN FRANCISCO",-122.41954803466797,37.784969329833984
9506507,2022,2022-10-11,3801,2022-09-15,1735,1100,TENDE,4,5,7,3801,0,0,0,,0,3J4D,"LEAVENWORTH ST","GOLDEN GATE AV",50.00,S,N,A,-,N,,,,,,,,,,N,4,0,1,2,A,-,21,22106,,F,B,J,A,A,H,-,A,D,0,,,,,Y,,A,07,0,0,1,0,0,0,0,0,0,"- ","- ",,,"SAN FRANCISCO","SAN FRANCISCO",-122.41383361816406,37.781734466552734
9506510,2022,2022-10-11,3801,2022-09-15,0549,1068,NORTH,4,5,7,3801,0,0,0,,0,3E11A,"DIVISADERO ST","BROADWAY ST",0.00,,Y,A,-,N,,,,,,,,,,Y,4,0,1,2,A,-,09,21800,A,N,D,C,A,A,H,-,C,D,0,,,,,Y,,A,01,0,0,1,0,0,0,0,0,0,"- ","- ",,,"SAN FRANCISCO","SAN FRANCISCO",-122.4415283203125,37.793430328369141
9506511,2022,2022-10-11,3801,2022-09-16,2236,2730,BAYVI,5,5,7,3801,0,0,0,,0,3C12E,"PALOU AV","NEWHALL ST",0.00,,Y,A,-,N,,,,,,,,,,Y,4,0,1,2,A,-,12,22450,A,F,D,C,A,A,H,-,C,A,0,,,,,Y,,A,01,0,0,1,0,0,0,0,0,0,"- ","- ",,,"SAN FRANCISCO","SAN FRANCISCO",-122.39278411865234,37.735027313232422
9506512,2022,2022-10-11,3801,2022-09-16,2013,1454,NORTH,5,5,7,3801,0,0,0,,0,3E14D,"DIVISADERO ST","HAYES ST",0.00,,Y,A,-,N,,,,,,,,,,N,4,0,1,2,A,-,11,21456,B,M,G,B,B,A,H,-,C,A,0,Y,,,,Y,Y,N,60,0,0,1,0,1,0,0,0,0,"- ","- ",,,"SAN FRANCISCO","SAN FRANCISCO",-122.43778991699219,37.774978637695312