CASE_ID,ACCIDENT_YEAR,PROC_DATE,JURIS,COLLISION_DATE,COLLISION_TIME,OFFICER_ID,REPORTING_DISTRICT,DAY_OF_WEEK,CHP_SHIFT,POPULATION,CNTY_CITY_LOC,SPECIAL_COND,BEAT_TYPE,CHP_BEAT_TYPE,CITY_DIVISION_LAPD,CHP_BEAT_CLASS,BEAT_NUMBER,PRIMARY_RD,SECONDARY_RD,DISTANCE,DIRECTION,INTERSECTION,WEATHER_1,WEATHER_2,STATE_HWY_IND,CALTRANS_COUNTY,CALTRANS_DISTRICT,STATE_ROUTE,ROUTE_SUFFIX,POSTMILE_PREFIX,POSTMILE,LOCATION_TYPE,RAMP_INTERSECTION,SIDE_OF_HWY,TOW_AWAY,COLLISION_SEVERITY,NUMBER_KILLED,NUMBER_INJURED,PARTY_COUNT,PRIMARY_COLL_FACTOR,PCF_CODE_OF_VIOL,PCF_VIOL_CATEGORY,PCF_VIOLATION,PCF_VIOL_SUBSECTION,HIT_AND_RUN,TYPE_OF_COLLISION,MVIW,PED_ACTION,ROAD_SURFACE,ROAD_COND_1,ROAD_COND_2,LIGHTING,CONTROL_DEVICE,CHP_ROAD_TYPE,PEDESTRIAN_ACCIDENT,BICYCLE_ACCIDENT,MOTORCYCLE_ACCIDENT,TRUCK_ACCIDENT,NOT_PRIVATE_PROPERTY,ALCOHOL_INVOLVED,STWD_VEHTYPE_AT_FAULT,CHP_VEHTYPE_AT_FAULT,COUNT_SEVERE_INJ,COUNT_VISIBLE_INJ,COUNT_COMPLAINT_PAIN,COUNT_PED_KILLED,COUNT_PED_INJURED,COUNT_BICYCLIST_KILLED,COUNT_BICYCLIST_INJURED,COUNT_MC_KILLED,COUNT_MC_INJURED,PRIMARY_RAMP,SECONDARY_RAMP,LATITUDE,LONGITUDE,COUNTY,CITY,POINT_X,POINT_Y
9506513,2022,2022-10-11,3801,2022-09-16,2306,1017,NORTH,5,5,7,3801,0,0,0,,0,3E6E,"FRANKLIN ST","BROADWAY ST",0.00,,Y,A,-,N,,,,,,,,,,Y,2,0,1,3,A,-,03,22350,,N,C,C,A,A,H,-,C,A,0,,,,,Y,,A,01,1,0,0,0,0,0,0,0,0,"- ","- ",,,"SAN FRANCISCO","SAN FRANCISCO",-122.42502593994141,37.795528411865234
9506514,2022,2022-10-14,3801,2022-09-12,1610,1194,TENDE,1,5,7,3801,0,0,0,,0,0J3,"GROVE ST","LARKIN ST",0.00,,Y,A,-,N,,,,,,,,,,N,4,0,1,2,A,-,09,21801,A,N,A,G,A,A,H,-,A,A,0,,Y,,,Y,,A,01,0,0,1,0,0,0,1,0,0,"- ","- ",,,"SAN FRANCISCO","SAN FRANCISCO",-122.41658782958984,37.778659820556641
9506515,2022,2022-10-11,3801,2022-09-15,0828,1396,SOUTH,4,5,7,3801,0,0,0,,0,3B3A,"7TH ST","MINNA ST",0.00,,Y,A,-,N,,,,,,,,,,N,4,0,1,2,A,-,06,21755,A,M,B,C,A,A,H,-,A,A,0,,,,,Y,,-,"- ",0,0,1,0,0,0,0,0,0,"- ","- ",,,"SAN FRANCISCO","SAN FRANCISCO",-122.41038513183594,37.778785705566406
9506516,2022,2022-10-11,3801,2022-09-17,2216,22063656,NORTH,6,5,7,3801,0,0,0,,0,3E13E,"FRANKLIN ST","FULTON ST",4.00,N,N,A,-,N,,,,,,,,,,Y,4,0,1,2,A,-,08,22107,,N,B,C,A,A,H,-,C,A,0,,,,,Y,,A,01,0,0,1,0,0,0,0,0,0,"- ","- ",,,"SAN FRANCISCO","SAN FRANCISCO",-122.42172241210938,37.778949737548828
9506518,2022,2022-10-11,3801,2022-09-15,1905,964,NORTH,4,5,7,3801,0,0,0,,0,3E13D,"GOLDEN GATE AV","FRANKLIN ST",0.00,,Y,-,-,N,,,,,,,,,,N,3,0,2,2,-,-,"- ",,A,N,G,B,B,A,H,-,C,A,0,Y,,,,Y,,A,01,0,1,1,0,1,0,0,0,0,"- ","- ",,,"SAN FRANCISCO","SAN FRANCISCO",-122.42209625244141,37.78082275390625
9506519,2022,2022-10-11,3801,2022-09-16,1152,1598,RICHM,5,5,7,3801,0,0,0,,0,001,"CROSSOVER DR","PARK PRESIDIO BL",0.00,,Y,A,-,N,,,,,,,,,,Y,4,0,1,3,A,-,07,21658,A,N,C,C,A,A,H,-,-,D,0,,,,,Y,,A,07,0,0,1,0,0,0,0,0,0,"- ","- ",,,"SAN FRANCISCO","SAN FRANCISCO",-122.47945404052734,37.771183013916016
9506521,2022,2022-10-11,3801,2022-09-21,1452,4102,SOUTH,3,5,7,3801,0,0,0,,0,3B47,"TOWNSEND ST","STANFORD ST",20.00,W,N,A,-,N,,,,,,,,,,N,4,0,1,2,A,-,08,22102,,N,D,G,A,-,H,-,A,D,0,,Y,,,Y,,A,01,0,0,1,0,0,0,1,0,0,"- ","- ",,,"SAN FRANCISCO","SAN FRANCISCO",-122.39112854003906,37.780162811279297
9506523,2022,2022-10-31,3801,2022-09-22,2206,4039,CENTR,4,5,7,3801,0,0,0,,0,3A3,"THE EMBARCADERO","JEFFERSON ST",0.00,,Y,A,-,N,,,,,,,,,,,3,0,1,1,A,-,03,22350,,N,E,I,A,A,H,-,C,A,0,,,,,Y,,-,,0,1,0,0,0,0,0,0,0,"- ","- ",,,"SAN FRANCISCO","SAN FRANCISCO",-122.41249847412109,37.808578491210938
9506524,2022,2022-10-11,3801,2022-09-20,2220,2315,MISSI,2,5,7,3801,0,0,0,,0,3D11E,"CASTRO ST","MARKET ST",310.00,S,N,A,-,N,,,,,,,,,,N,3,0,1,2,A,-,11,21955,,N,G,B,D,A,H,-,C,D,0,Y,,,,Y,Y,N,60,0,1,0,0,1,0,0,0,0,"- ","- ",,,"SAN FRANCISCO","SAN FRANCISCO",-122.43508148193359,37.761791229248047
9506525,2022,2022-10-11,3801,2022-09-26,0822,1339,NORTH,1,5,7,3801,0,0,0,,0,,"GEARY BL","WEBSTER ST",0.00,,Y,B,-,N,,,,,,,,,,Y,3,0,2,2,A,-,08,22101,D,N,D,C,A,A,H,-,A,A,0,,,,,Y,,A,01,0,2,0,0,0,0,0,0,0,"- ","- ",,,"SAN FRANCISCO","SAN FRANCISCO",-122.43130493164062,37.784725189208984
9506526,2022,2022-10-11,3801,2022-09-22,1930,1804,BAYVI,4,5,7,3801,0,0,0,,0,3C13D`,"CARGO WY","MENDELL ST",5.00,W,N,A,-,N,,,,,,,,,,Y,4,0,1,2,A,-,12,21453,A,F,C,C,A,A,H,-,D,A,0,,,,,Y,,A,01,0,0,1,0,0,0,0,0,0,"- ","- ",,,"SAN FRANCISCO","SAN FRANCISCO",-122.38315582275391,37.743919372558594
9506528,2022,2022-10-11,3801,2022-09-26,0126,1857,NORTH,1,5,7,3801,0,0,0,,0,3E15E,"LOMBARD ST","FRANKLIN ST",0.00,,Y,B,-,N,,,,,,,,,,Y,4,0,1,2,A,-,12,21453,A,N,D,C,A,A,H,-,C,A,0,,,,,Y,,A,01,0,0,1,0,0,0,0,0,0,"- ","- ",,,"SAN FRANCISCO","SAN FRANCISCO",-122.42620086669922,37.801105499267578
9506529,2022,2022-10-11,3801,2022-09-16,2004,499,PARK,5,5,7,3801,0,0,0,,0,3F11D,"7TH AV","LAWTON ST",0.00,,N,A,-,N,,,,,,,,,,Y,2,0,1,2,A,-,17,23109,C,N,D,C,A,A,-,-,C,D,0,,,Y,,Y,,C,02,1,0,0,0,0,0,0,0,1,"- ","- ",,,"SAN FRANCISCO","SAN FRANCISCO",-122.46382904052734,37.758537292480469
9506530,2022,2022-10-11,3801,2022-09-22,1611,1833,NORTH,4,5,7,3801,0,0,0,,0,3E15C,"TURK ST","FILLMORE ST",0.00,,Y,A,-,N,,,,,,,,,,N,4,0,2,2,A,-,08,22100,B,N,B,C,A,A,H,-,A,A,0,,,,,Y,,A,01,0,0,2,0,0,0,0,0,0,"- ","- ",,,"SAN FRANCISCO","SAN FRANCISCO",-122.43212890625,37.780487060546875
9506532,2022,2022-11-18,3801,2022-09-28,1349,1572,SOUTH,3,5,7,3801,0,0,0,,0,3B12A,"MISSION ST","5TH STREET",0.00,,N,A,-,N,,,,,,,,,,N,4,0,1,2,A,-,04,21703,,N,B,C,A,A,H,-,A,A,0,,,,,Y,,A,01,0,0,1,0,0,0,0,0,0,"- ","- ",,,"SAN FRANCISCO","SAN FRANCISCO",-122.40648651123047,37.782737731933594
9506534,2022,2022-10-11,3801,2022-09-28,1930,273,CENTR,3,5,7,3801,0,0,0,,0,3A11D,"CALIFORNIA ST","HYDE ST",120.00,W,N,A,-,N,,,,,,,,,,N,4,0,1,2,A,-,11,21955,,F,G,B,D,A,H,-,C,D,0,Y,,Y,,Y,,N,60,0,0,1,0,0,0,0,0,1,"- ","- ",,,"SAN FRANCISCO","SAN FRANCISCO",-122.41780853271484,37.790939331054688
9506535,2022,2022-10-11,3801,2022-09-28,0741,1530,BAYVI,3,5,7,3801,0,0,0,,0,3C11A,"CESAR CHAVEZ ST","EVANS AV",215.00,W,N,A,-,N,,,,,,,,,,N,3,0,1,2,A,-,08,22107,,F,C,G,A,A,H,-,A,A,0,,Y,,,Y,,-,,0,1,0,0,0,0,1,0,0,"- ","- ",,,"SAN FRANCISCO","SAN FRANCISCO",-122.39806365966797,37.749649047851562
9506536,2022,2022-11-04,3801,2022-09-05,2319,1741,SOUTH,1,5,7,3801,0,0,0,,0,901,"MISSION ST","9TH ST",0.00,,Y,A,-,N,,,,,,,,,,,4,0,1,2,A,-,12,21453,A,F,D,C,A,A,H,-,C,A,0,,,,,Y,,A,01,0,0,1,0,0,0,0,0,0,"- ","- ",,,"SAN FRANCISCO","SAN FRANCISCO",-122.41471862792969,37.776241302490234
9506537,2022,2022-10-11,3801,2022-09-20,1741,2433,SOUTH,2,5,7,3801,0,0,0,,0,3B3D,"4TH ST","FOLSOM ST",25.00,W,N,A,-,N,,,,,,,,,,N,4,0,1,2,A,-,03,22350,,N,B,G,A,A,H,-,A,A,0,,Y,,,Y,,L,04,0,0,1,0,0,0,1,0,0,"- ","- ",,,"SAN FRANCISCO","SAN FRANCISCO",-122.40122222900391,37.782085418701172
9506538,2022,2022-11-03,3801,2022-09-23,1854,2231,SOUTH,5,5,7,3801,0,0,0,,0,3B12D,"5TH ST","MINNA ST",0.00,,Y,A,-,N,,,,,,,,,,N,3,0,2,2,A,-,11,21954,A,N,G,B,E,A,H,-,A,A,0,Y,,,,Y,Y,N,60,0,2,0,0,1,0,0,0,0,"- ","- ",,,"SAN FRANCISCO","SAN FRANCISCO",-122.40592193603516,37.782295227050781
9506540,2022,2022-10-10,3801,2022-09-28,2138,1871,INGLE,3,5,7,3801,0,0,0,,0,901,"MISSION ST","AVALON AV",0.00,,Y,A,-,N,,,,,,,,,,N,4,0,1,2,A,-,04,21703,,F,C,C,A,A,H,-,C,A,0,,,,,Y,,A,01,0,0,1,0,0,0,0,0,0,"- ","- ",,,"SAN FRANCISCO","SAN FRANCISCO",-122.43234252929688,37.72772216796875
9506541,2022,2022-12-07,3801,2022-09-30,0228,317,CENTR,5,5,7,3801,0,0,0,,0,SECTOR,"POST ST","GRANT AV",0.00,,Y,A,-,N,,,,,,,,,,N,3,0,1,2,A,-,07,21658,A,N,B,-,A,A,H,-,C,A,0,,,,,Y,,M,94,0,1,0,0,0,0,0,0,0,"- ","- ",,,"SAN FRANCISCO","SAN FRANCISCO",-122.40522003173828,37.7886962890625
9506542,2022,2022-10-10,3801,2022-09-29,1048,1157,BAYVI,4,5,7,3801,0,0,0,,0,3C15A,"3RD ST","HOLLISTER AV",0.00,,Y,A,-,N,,,,,,,,,,N,4,0,3,2,A,-,03,22350,,N,C,C,A,A,H,-,A,A,0,,,,,Y,,A,01,0,0,3,0,0,0,0,0,0,"- ","- ",,,"SAN FRANCISCO","SAN FRANCISCO",-122.39604949951172,37.721725463867188
9506543,2022,2022-10-10,3801,2022-09-24,1809,2017,MISSI,6,5,7,3801,0,0,0,,0,3D11D,"20TH ST","CHURCH ST",0.00,,Y,A,-,N,,,,,,,,,,,4,0,1,2,A,-,04,21703,,F,C,C,A,A,H,-,A,A,0,,,,,Y,,A,01,0,0,1,0,0,0,0,0,0,"- ","- ",,,"SAN FRANCISCO","SAN FRANCISCO",-122.42804718017578,37.758060455322266
9506545,2022,2022-10-10,3801,2022-09-26,1805,4041,TARAV,1,5,7,3801,0,0,0,,0,3I13D,"44TH AV","IRVING ST",0.00,,Y,A,-,N,,,,,,,,,,Y,2,0,1,2,A,-,09,21802,,N,D,-,A,A,H,-,A,A,0,,,Y,,Y,,A,01,1,0,0,0,0,0,0,0,1,"- ","- ",,,"SAN FRANCISCO","SAN FRANCISCO",-122.50392150878906,37.762378692626953
9506546,2022,2022-10-10,3801,2022-09-27,0759,2039,TARAV,2,5,7,3801,0,0,0,,0,005,"LAWTON ST","37TH AV",0.00,,Y,A,-,N,,,,,,,,,,Y,4,0,1,2,A,-,09,21802,A,N,D,C,A,A,H,-,A,A,0,,,,,Y,,A,01,0,0,1,0,0,0,0,0,0,"- ","- ",,,"SAN FRANCISCO","SAN FRANCISCO",-122.49604034423828,37.757133483886719
9506547,2022,2022-10-31,3801,2022-09-24,1515,1534,INGLE,6,5,7,3801,0,0,0,,0,3H11D,"MISSION ST","CORTLAND AV",0.00,,Y,A,-,N,,,,,,,,,,,3,0,1,2,A,-,03,22350,,N,C,-,A,A,A,-,A,D,0,,Y,,,Y,,L,04,0,1,0,0,0,0,1,0,0,"- ","- ",,,"SAN FRANCISCO","SAN FRANCISCO",-122.42284393310547,37.741012573242188
9506548,2022,2022-10-10,3801,2022-09-24,2309,2164,INGLE,6,5,7,3801,0,0,0,,0,3H13E,"ROLPH ST","PARIS ST",0.00,,Y,A,-,N,,,,,,,,,,N,4,0,1,2,A,-,12,22450,A,F,B,G,A,A,H,-,C,-,0,,Y,,,Y,,-,,0,0,1,0,0,0,1,0,0,"- ","- ",,,"SAN FRANCISCO","SAN FRANCISCO",-122.43990325927734,37.715011596679688
9506550,2022,2022-10-10,3801,2022-09-22,1445,2239,INGLE,4,5,7,3801,0,0,0,,0,3H11D,"ROSENKRANZ ST","CHAPMAN ST",0.00,,N,A,-,N,,,,,,,,,,N,3,0,1,1,D,-,00,,,N,H,-,A,A,H,-,A,D,0,,Y,,,Y,,-,"- ",0,1,0,0,0,0,1,0,0,"- ","- ",,,"SAN FRANCISCO","SAN FRANCISCO",-122.41069030761719,37.741825103759766
9506551,2022,2022-10-10,3801,2022-09-25,0645,1605,NORTH,7,5,7,3801,0,0,0,,0,3E13A,"GOUGH ST","GOLDEN GATE AV",0.00,,Y,A,-,N,,,,,,,,,,N,3,0,1,2,A,-,11,21456,B,N,G,B,B,A,H,-,B,A,0,Y,,,,Y,,N,60,0,1,0,0,1,0,0,0,0,"- ","- ",,,"SAN FRANCISCO","SAN FRANCISCO",-122.42372894287109,37.780612945556641
9506552,2022,2022-10-10,3801,2022-09-27,1639,649,INGLE,2,5,7,3801,0,0,0,,0,3H12D,"PORTOLA DR","OSHAUGHNESSY BL",0.00,,Y,A,-,N,,,,,,,,,,N,3,0,1,2,A,-,08,22107,,N,B,G,A,A,H,-,A,A,0,,Y,,,Y,,A,01,0,1,0,0,0,0,1,0,0,"- ","- ",,,"SAN FRANCISCO","SAN FRANCISCO",-122.45160675048828,37.745479583740234
9506553,2022,2022-10-10,3801,2022-09-21,1154,392,MISSI,3,5,7,3801,0,0,0,,0,3D14A,"GUERRERO ST","15TH ST",0.00,,Y,A,-,N,,,,,,,,,,N,3,0,1,2,A,-,03,22350,,N,D,C,A,A,H,-,A,A,0,,,,,Y,,M,94,0,1,0,0,0,0,0,0,0,"- ","- ",,,"SAN FRANCISCO","SAN FRANCISCO",-122.42424011230469,37.766403198242188
9506554,2022,2022-10-10,3801,2022-09-26,1316,392,MISSI,1,5,7,3801,0,0,0,,0,3D14A,"13TH ST","S VAN NESS AV",0.00,,Y,A,-,N,,,,,,,,,,N,3,0,1,2,A,-,08,22101,D,N,D,C,A,A,H,-,A,A,0,,,Y,,Y,,C,03,0,1,0,0,0,0,0,0,1,"- ","- ",,,"SAN FRANCISCO","SAN FRANCISCO",-122.41777801513672,37.7696533203125
9506555,2022,2022-10-10,3801,2022-09-22,1237,4102,SOUTH,4,5,7,3801,0,0,0,,0,3B47,"16TH ST","ILLINOIS ST",60.00,W,N,-,-,N,,,,,,,,,,N,2,0,1,2,A,-,09,21804,A,N,D,C,A,A,H,-,A,D,0,,,Y,,Y,,A,07,1,0,0,0,0,0,0,0,1,"- ","- ",,,"SAN FRANCISCO","SAN FRANCISCO",-122.38837432861328,37.766956329345703
9506558,2022,2022-10-10,3801,2022-09-23,1949,790,RICHM,5,5,7,3801,0,0,0,,0,3G13D,"CALIFORNIA ST","11TH AV",0.00,,Y,A,-,N,,,,,,,,,,N,3,0,1,2,A,-,09,21800,A,N,D,C,A,A,H,-,C,A,0,,,Y,,Y,,A,01,0,1,0,0,0,0,0,0,1,"- ","- ",,,"SAN FRANCISCO","SAN FRANCISCO",-122.46990966796875,37.784572601318359
9506559,2022,2022-10-10,3801,2022-09-24,1052,1513,RICHM,6,5,7,3801,0,0,0,,0,3G13A,"GEARY BL","BAKER ST",0.00,,Y,A,-,N,,,,,,,,,,N,4,0,1,2,A,-,12,22450,A,N,D,D,A,A,-,-,A,A,0,,,,,Y,,A,01,0,0,1,0,0,0,0,0,0,"- ","- ",,,"SAN FRANCISCO","SAN FRANCISCO",-122.44281005859375,37.782955169677734
9506560,2022,2022-10-10,3801,2022-09-21,0155,1881,RICHM,3,5,7,3801,0,0,0,,0,RICHM,"MASONIC AV","GEARY BL",0.00,,Y,-,-,N,,,,,,,,,,N,3,0,1,1,A,-,03,22350,,N,H,A,E,B,H,-,C,-,0,Y,,,,Y,Y,N,60,0,1,0,0,1,0,0,0,0,"- ","- ",,,"SAN FRANCISCO","SAN FRANCISCO",-122.44786834716797,37.782279968261719
9506561,2022,2022-10-10,3801,2022-08-19,2000,319,CENTR,5,5,7,3801,0,0,0,,0,3A12D,"3RD ST","STEVENSON ST",0.00,,Y,A,-,N,,,,,,,,,,N,3,0,1,2,A,-,03,22350,A,N,B,C,A,A,H,-,A,A,0,,,Y,,Y,,C,02,0,1,0,0,0,0,0,0,1,"- ","- ",,,"SAN FRANCISCO","SAN FRANCISCO",-122.40297698974609,37.787040710449219
9506563,2022,2022-11-09,3801,2022-08-17,1650,2743,SOUTH,3,5,7,3801,0,0,0,,0,3B2,"4TH ST","BLUXOME ST",95.00,S,N,A,-,N,,,,,,,,,,N,4,0,1,2,A,-,03,22350,,N,D,-,A,A,H,-,A,D,0,,,,,Y,,M,94,0,0,1,0,0,0,0,0,0,"- ","- ",,,"SAN FRANCISCO","SAN FRANCISCO",-122.39554595947266,37.777538299560547
9506564,2022,2022-11-03,3801,2022-08-19,1153,1994,TRAFF,5,5,7,3801,0,0,0,,0,4B3D,"EDDY ST","LARKIN ST",123.00,W,N,A,-,N,,,,,,,,,,N,3,0,1,2,A,-,17,21235,G,F,C,B,F,A,H,-,A,D,0,Y,,Y,,Y,,C,03,0,1,0,0,1,0,0,0,0,"- ","- ",,,"SAN FRANCISCO","SAN FRANCISCO",-122.41793823242188,37.783241271972656
9506565,2022,2022-11-01,3801,2022-08-09,1224,1352,MISSI,2,5,7,3801,0,0,0,,0,3D44C,"MISSION ST","26TH ST",0.00,,Y,A,-,N,,,,,,,,,,N,2,0,1,2,A,-,10,21950,,N,G,-,B,A,H,-,A,A,0,Y,,,,Y,,A,01,1,0,0,0,1,0,0,0,0,"- ","- ",,,"SAN FRANCISCO","SAN FRANCISCO",-122.41813659667969,37.749061584472656
9506566,2022,2022-10-10,3801,2022-08-12,1730,899,NORTH,5,5,7,3801,0,0,0,,0,3E90B,"FELL ST","WEBSTER ST",0.00,,Y,A,-,N,,,,,,,,,,,3,0,1,2,A,-,10,21950,A,N,G,B,B,A,H,-,A,A,0,Y,,,,Y,,A,01,0,1,0,0,1,0,0,0,0,"- ","- ",,,"SAN FRANCISCO","SAN FRANCISCO",-122.42932891845703,37.775123596191406
9506567,2022,2022-10-17,3801,2022-08-31,0747,1944,INGLE,3,5,7,3801,0,0,0,,0,0H6,"SAN BRUNO AV","ORDWAY ST",161.00,N,N,A,-,N,,,,,,,,,,Y,3,0,1,1,C,-,18,,,N,F,A,A,A,H,-,A,D,0,,,Y,,Y,,-,"- ",0,1,0,0,0,0,0,0,1,"- ","- ",,,"SAN FRANCISCO","SAN FRANCISCO",-122.40084838867188,37.720817565917969
9506569,2022,2022-11-07,3801,2022-08-31,1444,,TRAFF,3,5,7,3801,0,0,0,,0,4B3G,"POLK ST","EDDY ST",16.00,S,N,A,-,N,,,,,,,,,,N,3,0,1,2,A,-,12,21453,A,F,A,C,A,A,H,-,A,A,0,,,,,Y,,M,94,0,1,0,0,0,0,0,0,0,"- ","- ",,,"SAN FRANCISCO","SAN FRANCISCO",-122.41917419433594,37.783035278320312
9506570,2022,2022-10-17,3801,2022-08-31,1819,1631,SOUTH,3,5,7,3801,0,0,0,,0,3B14D,"MARKET ST","GOUGH ST",0.00,,Y,A,-,N,,,,,,,,,,N,2,0,3,2,A,-,08,22107,,N,D,C,A,A,H,-,A,A,0,,,,,Y,,A,07,1,0,2,0,0,0,0,0,0,"- ","- ",,,"SAN FRANCISCO","SAN FRANCISCO",-122.42221069335938,37.772872924804688
9506571,2022,2022-10-10,3801,2022-08-31,1710,104,TRAFF,3,5,7,3801,0,0,0,,0,4B4F,"LANE ST","VAN DYKE AV",45.00,S,N,A,-,N,,,,,,,,,,Y,2,0,1,1,A,-,08,22107,,N,E,I,A,A,H,-,A,A,0,,,Y,,Y,,C,02,1,0,0,0,0,0,0,0,1,"- ","- ",,,"SAN FRANCISCO","SAN FRANCISCO",-122.39252471923828,37.729042053222656
9506574,2022,2022-10-10,3801,2022-08-19,2025,1817,TENDE,5,5,7,3801,0,0,0,,0,COJ,"ELLIS ST","JONES ST",0.00,,Y,A,-,N,,,,,,,,,,N,2,0,1,2,A,-,04,21703,,F,-,G,A,-,H,-,C,A,0,,Y,,,Y,,A,01,1,0,0,0,0,0,1,0,0,"- ","- ",,,"SAN FRANCISCO","SAN FRANCISCO",-122.41278076171875,37.784896850585938
9506575,2022,2022-10-10,3801,2022-08-18,2219,1833,NORTH,4,5,7,3801,0,0,0,,0,3E12E,"MCALLISTER ST","DIVISADERO ST",0.00,,Y,A,-,N,,,,,,,,,,N,2,0,1,2,A,-,11,21950,B,N,G,B,B,A,H,-,C,A,0,Y,,,,Y,,N,60,1,0,0,0,1,0,0,0,0,"- ","- ",,,"SAN FRANCISCO","SAN FRANCISCO",-122.4383544921875,37.777786254882812
9506576,2022,2022-10-10,3801,2022-08-29,1809,2215,NORTH,1,5,7,3801,0,0,0,,0,3E12D,"TURK ST","FILLMORE ST",0.00,,Y,A,-,N,,,,,,,,,,Y,4,0,2,2,A,-,12,21453,A,N,D,C,A,A,H,-,B,A,0,,,,,Y,,A,01,0,0,2,0,0,0,0,0,0,"- ","- ",,,"SAN FRANCISCO","SAN FRANCISCO",-122.43212890625,37.780487060546875
9506577,2022,2022-10-10,3801,2022-08-31,1938,4046,INGLE,3,5,7,3801,0,0,0,,0,3H61,"JARBOE AV","PUTNAM ST",0.00,,Y,A,-,N,,,,,,,,,,N,3,0,1,2,A,-,09,21802,A,N,D,C,A,A,H,-,A,A,0,,Y,,,Y,,L,04,0,1,0,0,0,0,1,0,0,"- ","- ",,,"SAN FRANCISCO","SAN FRANCISCO",-122.41088104248047,37.738170623779297
9506578,2022,2022-10-17,3801,2022-08-25,1608,1878,SOUTH,4,5,7,3801,0,0,0,,0,0B1,"2ND ST","CLEMENTINA ST",0.00,,Y,A,-,N,,,,,,,,,,N,4,0,1,2,A,-,09,21801,A,N,A,C,A,A,H,-,A,D,0,,,Y,,Y,,A,01,0,0,1,0,0,0,0,0,1,"- ","- ",,,"SAN FRANCISCO","SAN FRANCISCO",-122.39724731445312,37.785995483398438
9506579,2022,2022-10-10,3801,2022-08-30,1552,1358,TENDE,2,5,7,3801,0,0,0,,0,3J13D,"HYDE ST",MCALLISTER,7.00,N,N,A,-,N,,,,,,,,,,Y,2,0,1,2,A,-,10,21950,A,F,G,B,B,A,H,-,A,A,0,Y,,,,Y,,A,01,1,0,0,0,1,0,0,0,0,"- ","- ",,,"SAN FRANCISCO","SAN FRANCISCO",-122.41532135009766,37.780757904052734
9506580,2022,2022-10-17,3801,2022-08-31,1750,4187,NORTH,3,5,7,3801,0,0,0,,0,3E13D,"FRANKLIN ST","ELLIS ST",25.00,N,N,A,-,N,,,,,,,,,,N,4,0,1,3,A,-,03,22350,,N,C,C,A,A,H,-,A,D,0,,,,,Y,,D,22,0,0,1,0,0,0,0,0,0,"- ","- ",,,"SAN FRANCISCO","SAN FRANCISCO",-122.42266082763672,37.783679962158203
9506582,2022,2022-10-11,3801,2022-09-09,0835,2728,TENDE,5,5,7,3801,0,0,0,,0,908,"HYDE ST","GOLDEN GATE AV",0.00,,Y,A,-,N,,,,,,,,,,N,4,0,1,2,A,-,21,22106,,F,G,B,B,A,H,-,A,A,0,Y,,,,Y,,A,01,0,0,1,0,1,0,0,0,0,"- ","- ",,,"SAN FRANCISCO","SAN FRANCISCO",-122.41549682617188,37.781650543212891
9506583,2022,2022-10-12,3801,2022-09-10,0217,1857,NORTH,6,5,7,3801,0,0,0,,0,3E16E,"LOMBARD ST","GOUGH ST",0.00,,Y,B,-,N,,,,,,,,,,N,3,0,1,2,A,-,01,23152,B,N,D,C,A,A,H,-,C,A,0,,,Y,,Y,Y,C,02,0,1,0,0,0,0,0,0,1,"- ","- ",,,"SAN FRANCISCO","SAN FRANCISCO",-122.42781829833984,37.800899505615234
9506584,2022,2022-10-11,3801,2022-09-10,1419,4006,TARAV,6,5,7,3801,0,0,0,,0,3I2B,"31ST AV","KIRKHAM ST",0.00,,Y,A,-,N,,,,,,,,,,N,4,0,1,2,A,-,09,21800,C,N,D,G,A,A,H,-,A,A,0,,Y,,,Y,,L,04,0,0,1,0,0,0,1,0,0,"- ","- ",,,"SAN FRANCISCO","SAN FRANCISCO",-122.48972320556641,37.759258270263672
9506585,2022,2022-10-11,3801,2022-09-11,2338,1184,MISSI,7,5,7,3801,0,0,0,,0,3D11E,"VALENCIA ST","15TH ST",81.00,S,N,A,-,N,,,,,,,,,,N,4,0,2,2,A,-,22,23123,A,N,C,C,A,A,H,-,C,A,0,,,,,Y,,-,,0,0,2,0,0,0,0,0,0,"- ","- ",,,"SAN FRANCISCO","SAN FRANCISCO",-122.42200469970703,37.766307830810547
9506586,2022,2022-10-11,3801,2022-09-09,2500,899,NORTH,5,5,7,3801,0,0,0,,0,3E13E,"FILLMORE ST","PINE ST",0.00,,Y,A,-,N,,,,,,,,,,Y,4,0,1,2,A,-,17,21657,,N,D,C,A,A,H,-,C,A,0,,,,,Y,,A,01,0,0,1,0,0,0,0,0,0,"- ","- ",,,"SAN FRANCISCO","SAN FRANCISCO",-122.43363189697266,37.787956237792969
9506587,2022,2022-10-11,3801,2022-09-08,1405,2713,TARAV,4,5,7,3801,0,0,0,,0,6CAR,"SARGENT ST","RALSTON ST",0.00,,Y,A,-,N,,,,,,,,,,Y,4,0,1,1,A,-,03,22350,,N,E,I,A,-,H,-,A,D,0,,,,,Y,,A,01,0,0,1,0,0,0,0,0,0,"- ","- ",,,"SAN FRANCISCO","SAN FRANCISCO",-122.46893310546875,37.716091156005859
9506588,2022,2022-10-11,3801,2022-09-09,2130,1184,MISSI,5,5,7,3801,0,0,0,,0,3D15E,"13TH ST","MISSION ST",15.00,E,N,A,-,N,,,,,,,,,,N,2,0,1,2,A,-,12,21453,A,N,D,G,A,A,H,-,C,A,0,,Y,,,Y,,L,04,1,0,0,0,0,0,1,0,0,"- ","- ",,,"SAN FRANCISCO","SAN FRANCISCO",-122.41986846923828,37.769977569580078