CASE_ID,ACCIDENT_YEAR,PROC_DATE,JURIS,COLLISION_DATE,COLLISION_TIME,OFFICER_ID,REPORTING_DISTRICT,DAY_OF_WEEK,CHP_SHIFT,POPULATION,CNTY_CITY_LOC,SPECIAL_COND,BEAT_TYPE,CHP_BEAT_TYPE,CITY_DIVISION_LAPD,CHP_BEAT_CLASS,BEAT_NUMBER,PRIMARY_RD,SECONDARY_RD,DISTANCE,DIRECTION,INTERSECTION,WEATHER_1,WEATHER_2,STATE_HWY_IND,CALTRANS_COUNTY,CALTRANS_DISTRICT,STATE_ROUTE,ROUTE_SUFFIX,POSTMILE_PREFIX,POSTMILE,LOCATION_TYPE,RAMP_INTERSECTION,SIDE_OF_HWY,TOW_AWAY,COLLISION_SEVERITY,NUMBER_KILLED,NUMBER_INJURED,PARTY_COUNT,PRIMARY_COLL_FACTOR,PCF_CODE_OF_VIOL,PCF_VIOL_CATEGORY,PCF_VIOLATION,PCF_VIOL_SUBSECTION,HIT_AND_RUN,TYPE_OF_COLLISION,MVIW,PED_ACTION,ROAD_SURFACE,ROAD_COND_1,ROAD_COND_2,LIGHTING,CONTROL_DEVICE,CHP_ROAD_TYPE,PEDESTRIAN_ACCIDENT,BICYCLE_ACCIDENT,MOTORCYCLE_ACCIDENT,TRUCK_ACCIDENT,NOT_PRIVATE_PROPERTY,ALCOHOL_INVOLVED,STWD_VEHTYPE_AT_FAULT,CHP_VEHTYPE_AT_FAULT,COUNT_SEVERE_INJ,COUNT_VISIBLE_INJ,COUNT_COMPLAINT_PAIN,COUNT_PED_KILLED,COUNT_PED_INJURED,COUNT_BICYCLIST_KILLED,COUNT_BICYCLIST_INJURED,COUNT_MC_KILLED,COUNT_MC_INJURED,PRIMARY_RAMP,SECONDARY_RAMP,LATITUDE,LONGITUDE,COUNTY,CITY,POINT_X,POINT_Y
9506589,2022,2022-10-11,3801,2022-09-07,2121,246,TARAV,3,5,7,3801,0,0,0,,0,,"JUDAH ST","16TH AV",0.00,,Y,A,-,N,,,,,,,,,,Y,4,0,1,1,A,-,03,22350,,N,A,I,A,A,H,-,C,A,0,,,,,Y,,A,01,0,0,1,0,0,0,0,0,0,"- ","- ",,,"SAN FRANCISCO","SAN FRANCISCO",-122.47379302978516,37.761913299560547
9506590,2022,2022-11-03,3801,2022-09-08,0719,2402,TARAV,4,5,7,3801,0,0,0,,0,3I13A,"ULLOA ST","36TH AV",0.00,,Y,A,-,N,,,,,,,,,,N,3,0,1,2,A,-,"- ",,,N,G,B,B,A,H,-,A,D,0,Y,,,,Y,,A,01,0,1,0,0,1,0,0,0,0,"- ","- ",,,"SAN FRANCISCO","SAN FRANCISCO",-122.49378967285156,37.740383148193359
9506592,2022,2022-10-11,3801,2022-09-06,0945,2039,TARAV,2,5,7,3801,0,0,0,,0,005,"WINSTON DR","19TH AV",0.00,,Y,A,-,N,,,,,,,,,,Y,4,0,2,2,A,-,09,21801,,N,A,C,A,A,H,-,A,A,0,,,,,Y,,A,01,0,0,2,0,0,0,0,0,0,"- ","- ",,,"SAN FRANCISCO","SAN FRANCISCO",-122.47492218017578,37.728935241699219
9506594,2022,2022-10-19,3801,2022-09-10,1845,2441,INGLE,6,5,7,3801,0,0,0,,0,3H16D,"BAYSHORE BL","SUNNYDALE AV",0.00,,N,A,-,N,,,,,,,,,,N,4,0,1,2,A,-,21,22106,,N,G,B,A,A,H,-,C,D,0,,,,,Y,,A,01,0,0,1,0,0,0,0,0,0,"- ","- ",,,"SAN FRANCISCO","SAN FRANCISCO",-122.40522766113281,37.708900451660156
9506595,2022,2022-10-11,3801,2022-09-01,2255,740,MISSI,4,5,7,3801,0,0,0,,0,0D6,"FOLSOM ST","15TH ST",0.00,,Y,A,-,N,,,,,,,,,,Y,4,0,1,2,A,-,12,21453,A,F,D,C,A,A,H,-,C,A,0,,,,,Y,,A,07,0,0,1,0,0,0,0,0,0,"- ","- ",,,"SAN FRANCISCO","SAN FRANCISCO",-122.41545867919922,37.766933441162109
9506598,2022,2022-10-11,3801,2022-09-05,1410,1119,SOUTH,1,5,7,3801,0,0,0,,0,5CARS,"HARRISON ST","6TH ST",0.00,,Y,A,-,N,,,,,,,,,,Y,4,0,1,2,A,-,09,21802,A,N,A,C,A,A,H,-,A,A,0,,,,,Y,,A,07,0,0,1,0,0,0,0,0,0,"- ","- ",,,"SAN FRANCISCO","SAN FRANCISCO",-122.40408325195312,37.777309417724609
9506600,2022,2022-10-11,3801,2022-09-12,1014,1949,CENTR,1,5,7,3801,0,0,0,,0,3A11A,"SHANNON ST","GEARY ST",0.00,,Y,A,-,N,,,,,,,,,,N,3,0,1,2,A,-,11,21955,,N,G,B,F,A,H,-,A,D,0,Y,,,,Y,Y,N,60,0,1,0,0,1,0,0,0,0,"- ","- ",,,"SAN FRANCISCO","SAN FRANCISCO",-122.41233062744141,37.786849975585938
9506601,2022,2022-10-12,3801,2022-09-20,0730,310,SOUTH,2,5,7,3801,0,0,0,,0,3B12A,"4TH ST","BERRY ST",315.00,S,N,A,-,N,,,,,,,,,,N,3,0,2,1,C,-,18,,,N,H,I,A,A,H,-,A,D,0,,Y,,,Y,,-,"- ",0,2,0,0,0,0,2,0,0,"- ","- ",,,"SAN FRANCISCO","SAN FRANCISCO",-122.39257049560547,37.775169372558594
9506603,2022,2022-10-10,3801,2022-09-18,1956,2215,NORTH,7,5,7,3801,0,0,0,,0,3E12D,"WEBSTER ST","GOLDEN GATE AV",0.00,,Y,A,-,N,,,,,,,,,,N,4,0,1,3,A,-,09,21801,A,N,D,C,A,B,H,-,C,A,0,,,,,Y,,A,01,0,0,1,0,0,0,0,0,0,"- ","- ",,,"SAN FRANCISCO","SAN FRANCISCO",-122.4302978515625,37.779758453369141
9506605,2022,2022-10-10,3801,2022-09-07,0740,1503,BAYVI,3,5,7,3801,0,0,0,,0,3A11C,"CORAL RD","CAROLINA ST",22.00,W,N,A,-,N,,,,,,,,,,N,4,0,1,2,A,-,11,21954,A,N,A,B,E,A,H,-,A,D,0,Y,,,,Y,,N,60,0,0,1,0,1,0,0,0,0,"- ","- ",,,"SAN FRANCISCO","SAN FRANCISCO",-122.39952850341797,37.753890991210938
9506606,2022,2022-10-10,3801,2022-09-19,0841,1952,BAYVI,1,5,7,3801,0,0,0,,0,901,"GIRARD ST","BACON ST",0.00,,Y,A,-,N,,,,,,,,,,N,3,0,2,3,A,-,10,21950,A,N,G,B,B,A,H,-,A,A,0,Y,,,,Y,,A,01,0,1,1,0,2,0,0,0,0,"- ","- ",,,"SAN FRANCISCO","SAN FRANCISCO",-122.40458679199219,37.727378845214844
9506607,2022,2022-10-10,3801,2022-09-19,1707,2487,BAYVI,1,5,7,3801,0,0,0,,0,0C3,"DONAHUE ST","CLEO RAND AV",0.00,,Y,A,-,N,,,,,,,,,,Y,3,0,1,2,A,-,03,22350,,M,B,E,A,A,H,-,A,D,0,,,Y,,Y,,C,02,0,1,0,0,0,0,0,0,1,"- ","- ",,,"SAN FRANCISCO","SAN FRANCISCO",-122.37036895751953,37.72857666015625
9506609,2022,2022-10-10,3801,2022-09-18,2028,1244,SOUTH,7,5,7,3801,0,0,0,,0,3801,"ELGIN PARK","DUBOCE AV",50.00,N,N,B,-,N,,,,,,,,,,N,3,0,1,2,A,-,08,22107,,N,C,E,A,B,H,-,C,D,0,,Y,,,Y,,L,04,0,1,0,0,0,0,1,0,0,"- ","- ",,,"SAN FRANCISCO","SAN FRANCISCO",-122.42316436767578,37.769966125488281
9506610,2022,2022-10-10,3801,2022-09-20,1403,310,SOUTH,2,5,7,3801,0,0,0,,0,3B12A,"MISSION ST","9TH ST",0.00,,Y,A,-,N,,,,,,,,,,Y,4,0,4,2,A,-,09,21801,A,N,D,C,A,A,H,-,A,A,0,,,,,Y,,A,01,0,0,4,0,0,0,0,0,0,"- ","- ",,,"SAN FRANCISCO","SAN FRANCISCO",-122.41471862792969,37.776241302490234
9506611,2022,2022-10-10,3801,2022-09-17,1809,2704,SOUTH,6,5,7,3801,0,0,0,,0,3B4,"MARKET ST","OCTAVIA ST",0.00,,Y,A,-,N,,,,,,,,,,N,4,0,1,3,A,-,03,22350,,M,C,C,A,A,H,-,A,A,0,,,Y,,Y,,A,01,0,0,1,0,0,0,0,0,0,"- ","- ",,,"SAN FRANCISCO","SAN FRANCISCO",-122.42359161376953,37.771774291992188
9506612,2022,2022-10-10,3801,2022-09-19,1045,563,TARAV,1,5,7,3801,0,0,0,,0,001,"19TH AV","JUDAH ST",0.00,,Y,A,-,N,,,,,,,,,,Y,4,0,1,2,A,-,08,22107,,N,B,C,A,A,H,-,A,D,0,,,,,Y,,A,01,0,0,1,0,0,0,0,0,0,"- ","- ",,,"SAN FRANCISCO","SAN FRANCISCO",-122.47702789306641,37.761695861816406
9506613,2022,2022-10-10,3801,2022-09-22,1655,2231,SOUTH,4,5,7,3801,0,0,0,,0,3B12D,"6TH ST","BRYANT ST",0.00,,Y,A,-,N,,,,,,,,,,N,4,0,1,2,A,-,02,22526,A,N,D,C,A,A,H,-,A,A,0,,,,,Y,Y,A,01,0,0,1,0,0,0,0,0,0,"- ","- ",,,"SAN FRANCISCO","SAN FRANCISCO",-122.40250396728516,37.776058197021484
9506614,2022,2022-10-10,3801,2022-09-12,2157,2707,TARAV,1,5,7,3801,0,0,0,,0,"1 CAR","PACHECO ST","DEWEY BL",0.00,,Y,A,-,N,,,,,,,,,,Y,4,0,1,2,A,-,12,22450,,N,D,C,A,A,H,-,C,A,0,,,,,Y,,A,07,0,0,1,0,0,0,0,0,0,"- ","- ",,,"SAN FRANCISCO","SAN FRANCISCO",-122.46138763427734,37.745559692382812
9506615,2022,2022-10-10,3801,2022-09-15,1116,1819,NORTH,4,5,7,3801,0,0,0,,0,"6 CAR","GREEN ST","POLK ST",0.00,,Y,A,-,N,,,,,,,,,,Y,3,0,1,2,A,-,12,22450,A,N,G,B,B,A,H,-,A,A,0,Y,,,,Y,,A,01,0,1,0,0,1,0,0,0,0,SO,"- ",,,"SAN FRANCISCO","SAN FRANCISCO",-122.42214202880859,37.797832489013672
9506616,2022,2022-10-10,3801,2022-09-09,1410,2466,RICHM,5,5,7,3801,0,0,0,,0,THREE,"4TH AV","CORNWALL ST",0.00,,Y,A,-,N,,,,,,,,,,N,3,0,1,2,D,-,00,,,N,B,-,A,-,-,-,A,D,0,,Y,,,Y,,-,"- ",0,1,0,0,0,0,1,0,0,"- ","- ",,,"SAN FRANCISCO","SAN FRANCISCO",-122.46242523193359,37.784908294677734
9506617,2022,2022-10-10,3801,2022-09-17,1712,1961,INGLE,6,5,7,3801,0,0,0,,0,3H13D,"MISSION ST","TRUMBULL ST",0.00,,Y,B,-,N,,,,,,,,,,Y,4,0,4,2,A,-,09,21801,A,N,A,C,A,A,H,-,A,A,0,,,,,Y,,A,01,0,0,4,0,0,0,0,0,0,"- ","- ",,,"SAN FRANCISCO","SAN FRANCISCO",-122.42925262451172,37.730781555175781
9506619,2022,2022-10-10,3801,2022-09-23,2130,1068,NORTH,5,5,7,3801,0,0,0,,0,3E12E,"DIVISADERO ST","BROADWAY ST",0.00,,Y,A,-,N,,,,,,,,,,Y,3,0,1,3,A,-,12,22450,A,N,D,C,A,A,H,-,C,D,0,,,,,Y,,A,01,0,1,0,0,0,0,0,0,0,"- ","- ",,,"SAN FRANCISCO","SAN FRANCISCO",-122.4415283203125,37.793430328369141
9506620,2022,2022-10-10,3801,2022-09-18,0033,1372,INGLE,7,5,7,3801,0,0,0,,0,3H13E,"ALEMANY BL","LYELL ST",0.00,,Y,A,-,N,,,,,,,,,,Y,4,0,2,2,A,-,12,21453,A,F,-,C,A,A,H,-,C,A,0,,,,,Y,,A,01,0,0,2,0,0,0,0,0,0,"- ","- ",,,"SAN FRANCISCO","SAN FRANCISCO",-122.43122863769531,37.730609893798828
9506621,2022,2022-10-10,3801,2022-09-04,1512,2390,TENDE,7,5,7,3801,0,0,0,,0,3JI5D,"MARKET ST","JONES ST",0.00,,Y,A,-,N,,,,,,,,,,N,3,0,1,1,A,-,03,22350,,N,H,A,A,A,H,-,A,D,0,,,,,Y,Y,M,97,0,1,0,0,0,0,0,0,0,"- ","- ",,,"SAN FRANCISCO","SAN FRANCISCO",-122.41197967529297,37.780910491943359
9506622,2022,2022-11-18,3801,2022-09-05,2129,365,RICHM,1,5,7,3801,0,0,0,,0,3G13D,"PARK PRESIDION BYPASS DR","FULTON ST",0.00,,N,A,-,N,,,,,,,,,,N,4,0,1,2,A,-,04,21703,,F,C,C,A,A,H,-,C,D,0,,,,,Y,,A,01,0,0,1,0,0,0,0,0,0,"- ","- ",,,"SAN FRANCISCO","SAN FRANCISCO",-122.47177886962891,37.773124694824219
9506623,2022,2022-10-10,3801,2022-09-08,1816,2342,NORTH,4,5,7,3801,0,0,0,,0,3E4D,"WEBSTER ST","FULTON ST",0.00,,Y,A,-,N,,,,,,,,,,N,3,0,1,2,A,-,09,21801,A,N,D,C,A,A,H,-,A,D,0,,,,,Y,,M,94,0,1,0,0,0,0,0,0,0,"- ","- ",,,"SAN FRANCISCO","SAN FRANCISCO",-122.42990875244141,37.777912139892578
9506624,2022,2022-10-10,3801,2022-09-04,0531,628,RICHM,7,5,7,3801,0,0,0,,0,0G4,"GEARY BL","25TH AV",0.00,,Y,A,-,N,,,,,,,,,,Y,4,0,1,2,A,-,12,21453,,N,D,-,A,A,H,-,B,A,0,,,,,Y,,-,"- ",0,0,1,0,0,0,0,0,0,"- ","- ",,,"SAN FRANCISCO","SAN FRANCISCO",-122.4847412109375,37.780162811279297
9506625,2022,2022-10-10,3801,2022-09-08,0039,1926,NORTH,4,5,7,3801,0,0,0,,0,3E12E,"LAGUNA ST","TURK ST",0.00,,Y,A,-,N,,,,,,,,,,N,2,0,1,2,A,-,12,21453,A,N,D,G,A,A,H,-,C,A,0,,Y,,,Y,,L,04,1,0,0,0,0,0,1,0,0,"- ","- ",,,"SAN FRANCISCO","SAN FRANCISCO",-122.42720031738281,37.781116485595703
9506626,2022,2022-10-10,3801,2022-09-08,0405,2412,SOUTH,4,5,7,3801,0,0,0,,0,0B4,"OCTAVIA ST","MARKET ST",0.00,,Y,A,-,N,,,,,,,,,,Y,2,0,2,2,A,-,12,21453,A,F,D,C,A,A,H,-,C,A,0,,,,,Y,,A,01,1,0,1,0,0,0,0,0,0,"- ","- ",,,"SAN FRANCISCO","SAN FRANCISCO",-122.42359161376953,37.771774291992188
9506627,2022,2022-11-04,3801,2022-09-06,2040,1909,NORTH,2,5,7,3801,0,0,0,,0,NORTHE,"GEARY BL","LAGUNA ST",300.00,W,N,A,-,N,,,,,,,,,,N,4,0,2,2,A,-,03,22350,,N,C,D,A,A,H,-,C,A,0,,,Y,,Y,,A,01,0,0,2,0,0,0,0,0,1,"- ","- ",,,"SAN FRANCISCO","SAN FRANCISCO",-122.42902374267578,37.784912109375
9506628,2022,2022-10-10,3801,2022-09-07,1729,2407,MISSI,3,5,7,3801,0,0,0,,0,3D15D,"15TH ST","JULIAN ST",0.00,,Y,A,-,N,,,,,,,,,,N,4,0,1,2,A,-,10,21950,A,N,G,B,B,A,H,-,A,A,0,Y,,,,Y,,A,01,0,0,1,0,1,0,0,0,0,"- ","- ",,,"SAN FRANCISCO","SAN FRANCISCO",-122.4210205078125,37.766609191894531
9506629,2022,2022-10-10,3801,2022-09-08,1135,1657,BAYVI,4,5,7,3801,0,0,0,,0,3801,"KIRKWOOD AV","NEWHALL ST",143.00,W,N,A,-,N,,,,,,,,,,N,4,0,1,3,A,-,21,22106,,N,D,E,E,A,H,-,A,D,0,Y,,,,Y,,A,01,0,0,1,0,1,0,0,0,0,"- ","- ",,,"SAN FRANCISCO","SAN FRANCISCO",-122.39035797119141,37.738380432128906
9506630,2022,2022-10-10,3801,2022-09-05,1518,1371,NORTH,1,5,7,3801,0,0,0,,0,001,"OAK ST","SCOTT ST",151.00,W,N,A,-,N,,,,,,,,,,N,2,0,1,1,A,-,03,22350,,N,H,J,A,A,H,-,A,A,0,,Y,,,Y,,L,04,1,0,0,0,0,0,1,0,0,"- ","- ",,,"SAN FRANCISCO","SAN FRANCISCO",-122.43628692626953,37.773269653320312
9506631,2022,2022-10-10,3801,2022-09-07,0935,1068,NORTH,3,5,7,3801,0,0,0,,0,3E16A,"JACKSON ST","POLK ST",210.00,W,N,A,-,N,,,,,,,,,,N,3,0,1,2,A,-,03,22350,,N,G,B,E,A,H,-,A,D,0,Y,,,,Y,,A,01,0,1,0,0,1,0,0,0,0,"- ","- ",,,"SAN FRANCISCO","SAN FRANCISCO",-122.42211151123047,37.794052124023438
9506632,2022,2022-10-10,3801,2022-09-08,0242,2457,SOUTH,4,5,7,3801,0,0,0,,0,3B15E,"MISSION ST","THE EMBARCADERO",0.00,,Y,A,-,N,,,,,,,,,,Y,4,0,1,1,A,-,03,22350,,N,E,I,A,A,H,-,C,A,0,,,,,Y,,A,01,0,0,1,0,0,0,0,0,0,"- ","- ",,,"SAN FRANCISCO","SAN FRANCISCO",-122.39263153076172,37.793708801269531
9506633,2022,2022-10-10,3801,2022-09-10,1634,2445,SOUTH,6,5,7,3801,0,0,0,,0,3B13D,"BRANNAN ST","9TH ST",0.00,,Y,A,-,N,,,,,,,,,,N,4,0,1,2,A,-,12,21453,A,N,A,C,A,A,H,-,A,A,0,,,Y,,Y,,-,"- ",0,0,1,0,0,0,0,0,1,"- ","- ",,,"SAN FRANCISCO","SAN FRANCISCO",-122.40699005126953,37.770057678222656
9506634,2022,2022-10-10,3801,2022-09-07,0827,2491,SOUTH,3,5,7,3801,0,0,0,,0,3B110,"11TH ST","MISSION ST",0.00,,Y,A,-,N,,,,,,,,,,N,3,0,1,2,A,-,12,21453,A,N,D,G,A,A,H,-,A,A,0,,Y,,,Y,Y,-,"- ",0,1,0,0,0,0,1,0,0,"- ","- ",,,"SAN FRANCISCO","SAN FRANCISCO",-122.41709899902344,37.774330139160156
9506635,2022,2022-10-10,3801,2022-09-24,0218,2730,BAYVI,6,5,7,3801,0,0,0,,0,3C13E,"3RD ST","OAKDALE AV",0.00,,Y,A,-,N,,,,,,,,,,N,2,0,1,1,B,-,22,,,N,H,A,A,A,H,-,C,A,0,,,,,Y,,M,94,1,0,0,0,0,0,0,0,0,"- ","- ",,,"SAN FRANCISCO","SAN FRANCISCO",-122.39076995849609,37.734832763671875
9506636,2022,2022-10-10,3801,2022-09-10,1538,2118,SOUTH,6,5,7,3801,0,0,0,,0,3B12D,"MARKET ST","VALENCIA ST",0.00,,Y,A,-,N,,,,,,,,,,N,4,0,1,2,A,-,12,21453,A,N,D,G,A,A,H,-,A,A,0,,Y,Y,,Y,,C,03,0,0,1,0,0,0,0,0,1,"- ","- ",,,"SAN FRANCISCO","SAN FRANCISCO",-122.42262268066406,37.772548675537109
9506637,2022,2022-10-10,3801,2022-09-23,1840,2705,BAYVI,5,5,7,3801,0,0,0,,0,3C11D,"25TH ST","PENNSYLVANIA AV",0.00,,Y,A,-,N,,,,,,,,,,N,4,0,1,2,A,-,12,22450,A,F,D,C,A,A,H,-,A,A,0,,,,,Y,,-,99,0,0,1,0,0,0,0,0,0,"- ","- ",,,"SAN FRANCISCO","SAN FRANCISCO",-122.39266204833984,37.752544403076172
9506638,2022,2022-10-10,3801,2022-09-23,0925,1657,BAYVI,5,5,7,3801,0,0,0,,0,,"MARIPOSA ST","CONNECTICUT ST",8.00,W,N,A,-,N,,,,,,,,,,Y,2,0,2,3,A,-,07,21658,A,F,A,E,A,A,H,-,A,D,0,,,,,Y,,A,01,1,0,1,0,0,0,0,0,0,"- ","- ",,,"SAN FRANCISCO","SAN FRANCISCO",-122.39766693115234,37.763790130615234
9506639,2022,2022-10-10,3801,2022-09-15,2239,2445,SOUTH,4,5,7,3801,0,0,0,,0,3B14D,"MARKET ST","FRANKLIN ST",0.00,,Y,A,-,N,,,,,,,,,,N,4,0,1,2,A,-,00,20001,A,F,C,C,A,B,-,-,C,A,0,,,Y,,Y,Y,-,"- ",0,0,1,0,0,0,0,0,1,"- ","- ",,,"SAN FRANCISCO","SAN FRANCISCO",-122.42070770263672,37.774017333984375
9506691,2022,2022-10-14,3801,2022-09-12,1524,2740,TARAV,1,5,7,3801,0,0,0,,0,0I2,"TARAVAL ST","21ST AV",261.00,W,N,B,-,N,,,,,,,,,,Y,2,0,2,5,A,-,08,22107,,N,G,B,F,A,H,-,A,A,0,Y,,,,Y,,A,01,2,0,0,0,1,0,0,0,0,"- ","- ",,,"SAN FRANCISCO","SAN FRANCISCO",-122.47872924804688,37.742916107177734
9507604,2022,2022-10-11,3801,2022-05-31,0844,2445,CENTR,2,5,7,3801,0,0,0,,0,3A11A,"SACRAMENTO ST","TAYLOR ST",0.00,,Y,A,-,N,,,,,,,,,,N,4,0,1,2,A,-,15,26451,B,N,E,C,A,A,H,-,A,A,0,,,,,Y,,M,44,0,0,1,0,0,0,0,0,0,"- ","- ",,,"SAN FRANCISCO","SAN FRANCISCO",-122.41264343261719,37.792549133300781
9507612,2022,2022-10-19,3801,2022-09-14,1825,1251,BAYVI,3,5,7,3801,0,0,0,,0,3C13D,"EVANS AV","KEITH AV",0.00,,Y,A,-,N,,,,,,,,,,Y,4,0,3,2,A,-,03,22350,,N,B,C,A,A,H,-,B,D,0,,,,,Y,,A,07,0,0,3,0,0,0,0,0,0,"- ","- ",,,"SAN FRANCISCO","SAN FRANCISCO",-122.38102722167969,37.738735198974609
9507616,2022,2022-11-09,3801,2022-09-14,2218,2463,SOUTH,3,5,7,3801,0,0,0,,0,3B14E,"MISSION ST","11TH ST",120.00,W,N,A,-,N,,,,,,,,,,N,4,0,1,2,D,-,00,,,N,G,-,-,A,D,-,C,D,0,Y,,,,Y,,-,"- ",0,0,1,0,0,0,0,0,0,"- ","- ",,,"SAN FRANCISCO","SAN FRANCISCO",-122.41738891601562,37.774089813232422
9507624,2022,2022-11-04,3801,2022-09-28,0808,2097,BAYVI,3,5,7,3801,0,0,0,,0,C11A,"CESAR CHAVEZ","MICHIGAN ST",218.00,E,N,A,-,N,,,,,,,,,,N,4,0,1,2,A,-,08,22100,,N,D,-,A,A,A,-,A,D,0,,,Y,,Y,,A,01,0,0,1,0,0,0,0,0,1,"- ","- ",,,"SAN FRANCISCO","SAN FRANCISCO",-122.38485717773438,37.750423431396484
9507628,2022,2022-11-30,3801,2022-09-07,1039,1182,INGLE,3,5,7,3801,0,0,0,,0,3H14A,"ALEMANY BL","TINGLEY ST",0.00,,Y,A,-,N,,,,,,,,,,Y,3,0,1,2,A,-,09,21802,A,N,D,C,A,A,H,-,A,A,0,,,,,Y,,D,22,0,1,0,0,0,0,0,0,0,"- ","- ",,,"SAN FRANCISCO","SAN FRANCISCO",-122.43402099609375,37.729358673095703
9507635,2022,2022-10-28,3801,2022-09-03,0720,1540,TARAV,6,5,7,3801,0,0,0,,0,3II3A,"19TH AV","KIRKHAM ST",0.00,,Y,A,-,N,,,,,,,,,,Y,3,0,1,2,D,-,00,,,N,D,C,A,A,H,-,A,A,0,,,,,Y,,-,"- ",0,1,0,0,0,0,0,0,0,"- ","- ",,,"SAN FRANCISCO","SAN FRANCISCO",-122.47682952880859,37.759834289550781
9507636,2022,2022-10-12,3801,2022-09-07,1520,1909,NORTH,3,5,7,3801,0,0,0,,0,NORTHE,"BAY ST","NORTH POINT ST",0.00,,Y,A,-,N,,,,,,,,,,N,4,0,1,2,A,-,03,22350,,N,C,C,A,A,H,-,A,D,0,,,,,Y,,D,22,0,0,1,0,0,0,0,0,0,"- ","- ",,,"SAN FRANCISCO","SAN FRANCISCO",,
9507639,2022,2022-10-24,3801,2022-07-14,0453,835,NORTH,4,5,7,3801,0,0,0,,0,,"VAN NESS AV","EDDY ST",0.00,,Y,A,-,N,,,,,,,,,,Y,4,0,1,2,A,-,03,22350,,F,B,C,A,A,H,-,C,A,0,,,,,Y,,A,01,0,0,1,0,0,0,0,0,0,"- ","- ",,,"SAN FRANCISCO","SAN FRANCISCO",-122.42076110839844,37.782890319824219
9507640,2022,2022-10-19,3801,2022-09-21,0008,628,RICHM,3,5,7,3801,0,0,0,,0,0G4,"FULTON ST","27TH AV",65.00,E,N,A,-,N,,,,,,,,,,N,3,0,1,2,A,-,11,21954,A,N,A,B,D,A,H,-,C,D,0,Y,,,,Y,Y,N,60,0,1,0,0,1,0,0,0,0,"- ","- ",,,"SAN FRANCISCO","SAN FRANCISCO",-122.48610687255859,37.772480010986328
9507643,2022,2022-11-17,3801,2022-08-11,1027,891,PARK,4,5,7,3801,0,0,0,,0,,"WALLER ST","LAGUNA ST",0.00,,N,A,-,N,,,,,,,,,,N,4,0,1,2,A,-,21,22106,,N,H,C,A,A,H,-,A,D,0,,,,,Y,,D,22,0,0,1,0,0,0,0,0,0,"- ","- ",,,"SAN FRANCISCO","SAN FRANCISCO",-122.42530822753906,37.771793365478516
9507644,2022,2022-10-12,3801,2022-09-24,2240,623,BAYVI,6,5,7,3801,0,0,0,,0,3C11E,"CONNECTICUT ST","25TH ST",0.00,,Y,A,-,N,,,,,,,,,,Y,3,0,1,2,A,-,03,22350,,N,D,E,A,A,H,-,C,A,0,,,Y,,Y,,C,03,0,1,0,0,0,0,0,0,1,"- ","- ",,,"SAN FRANCISCO","SAN FRANCISCO",-122.39650726318359,37.7523193359375
9507651,2022,2022-10-17,3801,2022-09-14,1750,1454,NORTH,3,5,7,3801,0,0,0,,0,3E13D,"VAN NESS AV","POST ST",0.00,,Y,A,-,N,,,,,,,,,,N,4,0,2,2,A,-,08,22107,,N,B,C,A,A,H,-,A,D,0,,,,,Y,,A,01,0,0,2,0,0,0,0,0,0,"- ","- ",,,"SAN FRANCISCO","SAN FRANCISCO",-122.42153167724609,37.786624908447266
9507656,2022,2022-10-25,3801,2022-09-27,1721,539,NORTH,2,5,7,3801,0,0,0,,0,,"VAN NESS AV","POST ST",45.00,S,N,A,-,Y,SF,4,101,-,-,5.650,H,-,S,,4,0,1,2,A,-,11,21955,,N,A,B,D,A,H,-,A,A,0,Y,,,,Y,,N,60,0,0,1,0,1,0,0,0,0,"- ","- ",,,"SAN FRANCISCO","SAN FRANCISCO",-122.42160797119141,37.786281585693359
9507659,2022,2022-10-12,3801,2022-09-07,1129,640,MISSI,3,5,7,3801,0,0,0,,0,3D12C,"CLIPPER ST","CASTRO ST",0.00,,Y,A,-,N,,,,,,,,,,Y,4,0,1,2,A,-,10,21950,A,N,G,B,B,A,H,-,A,A,0,Y,,,,Y,,D,22,0,0,1,0,1,0,0,0,0,"- ","- ",,,"SAN FRANCISCO","SAN FRANCISCO",-122.433837890625,37.748897552490234
9507667,2022,2022-11-02,3801,2022-09-12,0522,2722,CENTR,1,5,7,3801,0,0,0,,0,3A5E,"THE EMBARCADERO","MARKET ST",0.00,,N,A,-,N,,,,,,,,,,Y,4,0,2,4,A,-,03,22350,,F,B,D,A,A,H,-,C,A,0,,,,Y,Y,Y,A,01,0,0,2,0,0,0,0,0,0,"- ","- ",37.474201202392578,-122.23396301269531,"SAN FRANCISCO","SAN FRANCISCO",-122.39629364013672,37.793525695800781
9507672,2022,2022-10-13,3801,2022-09-21,1011,IMHOFF8,NORTH,3,5,7,3801,0,0,0,,0,3E1A,"FEEL ST","LAGUNA ST",136.00,W,N,A,-,N,,,,,,,,,,Y,4,0,1,4,A,-,03,22350,,N,C,C,A,-,H,-,A,D,0,,,,Y,Y,,F,26,0,0,1,0,0,0,0,0,0,"- ","- ",,,"SAN FRANCISCO","SAN FRANCISCO",,
9507915,2022,2022-10-17,3801,2022-02-07,0807,156,BAYVI,1,5,7,3801,0,0,0,,0,3C60,"JERROLD AV","BAYSHORE BL",0.00,,Y,A,-,N,,,,,,,,,,N,4,0,1,2,A,-,17,21209,,N,D,C,A,A,H,-,A,D,0,,,,,Y,,A,01,0,0,1,0,0,0,0,0,0,"- ","- ",,,"SAN FRANCISCO","SAN FRANCISCO",-122.40361785888672,37.747386932373047
9507917,2022,2022-10-17,3801,2022-03-03,1325,1297,PARK,4,5,7,3801,0,0,0,,0,3F14A,"DUBOCE AV","STEINER ST",0.00,,Y,A,-,N,,,,,,,,,,N,3,0,1,2,C,-,18,,,N,C,G,A,A,H,-,A,A,0,,Y,,,Y,,-,"- ",0,1,0,0,0,0,1,0,0,"- ","- ",,,"SAN FRANCISCO","SAN FRANCISCO",-122.43157958984375,37.769317626953125