CASE_ID,ACCIDENT_YEAR,PROC_DATE,JURIS,COLLISION_DATE,COLLISION_TIME,OFFICER_ID,REPORTING_DISTRICT,DAY_OF_WEEK,CHP_SHIFT,POPULATION,CNTY_CITY_LOC,SPECIAL_COND,BEAT_TYPE,CHP_BEAT_TYPE,CITY_DIVISION_LAPD,CHP_BEAT_CLASS,BEAT_NUMBER,PRIMARY_RD,SECONDARY_RD,DISTANCE,DIRECTION,INTERSECTION,WEATHER_1,WEATHER_2,STATE_HWY_IND,CALTRANS_COUNTY,CALTRANS_DISTRICT,STATE_ROUTE,ROUTE_SUFFIX,POSTMILE_PREFIX,POSTMILE,LOCATION_TYPE,RAMP_INTERSECTION,SIDE_OF_HWY,TOW_AWAY,COLLISION_SEVERITY,NUMBER_KILLED,NUMBER_INJURED,PARTY_COUNT,PRIMARY_COLL_FACTOR,PCF_CODE_OF_VIOL,PCF_VIOL_CATEGORY,PCF_VIOLATION,PCF_VIOL_SUBSECTION,HIT_AND_RUN,TYPE_OF_COLLISION,MVIW,PED_ACTION,ROAD_SURFACE,ROAD_COND_1,ROAD_COND_2,LIGHTING,CONTROL_DEVICE,CHP_ROAD_TYPE,PEDESTRIAN_ACCIDENT,BICYCLE_ACCIDENT,MOTORCYCLE_ACCIDENT,TRUCK_ACCIDENT,NOT_PRIVATE_PROPERTY,ALCOHOL_INVOLVED,STWD_VEHTYPE_AT_FAULT,CHP_VEHTYPE_AT_FAULT,COUNT_SEVERE_INJ,COUNT_VISIBLE_INJ,COUNT_COMPLAINT_PAIN,COUNT_PED_KILLED,COUNT_PED_INJURED,COUNT_BICYCLIST_KILLED,COUNT_BICYCLIST_INJURED,COUNT_MC_KILLED,COUNT_MC_INJURED,PRIMARY_RAMP,SECONDARY_RAMP,LATITUDE,LONGITUDE,COUNTY,CITY,POINT_X,POINT_Y
9510005,2022,2022-12-30,3801,2022-11-17,1733,4325,NORTH,4,5,7,3801,0,0,0,,0,3E4,"CALIFORNIA ST","STEINER ST",0.00,,Y,A,-,N,,,,,,,,,,Y,3,0,1,4,A,-,12,21453,A,N,D,C,B,A,H,-,B,A,0,Y,,Y,,Y,,A,01,0,1,0,0,0,0,0,0,0,"- ","- ",,,"SAN FRANCISCO","SAN FRANCISCO",-122.43549346923828,37.788715362548828
9510006,2022,2022-12-20,3801,2022-11-17,1603,334,BAYVI,4,5,7,3801,0,0,0,,0,0C4,"WOOLSEY ST","GIRARD ST",0.00,,Y,A,-,N,,,,,,,,,,N,3,0,1,2,A,-,11,21954,A,N,D,B,D,A,H,-,A,A,0,Y,,,,Y,,N,60,0,1,0,0,1,0,0,0,0,"- ","- ",,,"SAN FRANCISCO","SAN FRANCISCO",-122.40360260009766,37.724967956542969
9510007,2022,2022-12-20,3801,2022-11-17,0059,1750,NORTH,4,5,7,3801,0,0,0,,0,0E1,"HAYES ST","FILLMORE ST",0.00,,Y,A,B,N,,,,,,,,,,N,2,0,1,2,A,-,11,21453,D,N,G,B,B,A,H,-,C,A,0,Y,,,,Y,,N,60,1,0,0,0,1,0,0,0,0,"- ","- ",,,"SAN FRANCISCO","SAN FRANCISCO",-122.43118286132812,37.775825500488281
9510008,2022,2022-12-20,3801,2022-11-16,2234,2724,SOUTH,3,5,7,3801,0,0,0,,0,3B15E,"BRANNAN ST","HARRIET ST",0.00,,Y,A,-,N,,,,,,,,,,N,4,0,1,2,A,-,05,21650,,N,A,C,A,A,H,-,C,A,0,,,,,Y,,M,94,0,0,1,0,0,0,0,0,0,"- ","- ",,,"SAN FRANCISCO","SAN FRANCISCO",-122.40151214599609,37.774402618408203
9510009,2022,2022-12-20,3801,2022-11-16,1739,1806,NORTH,3,5,7,3801,0,0,0,,0,3E11D,"MCALLISTER ST","VAN NESS AV",0.00,,Y,A,-,N,,,,,,,,,,N,4,0,1,2,A,-,12,21453,A,N,G,B,B,A,H,-,B,A,0,Y,,,,Y,,A,01,0,0,1,0,1,0,0,0,0,"- ","- ",,,"SAN FRANCISCO","SAN FRANCISCO",-122.42020416259766,37.780055999755859
9510061,2022,2022-12-08,3801,2022-10-31,2126,2451,TARAV,1,5,7,3801,0,0,0,,0,3I11E,"VICENTE ST","43RD AV",0.00,,Y,A,-,N,,,,,,,,,,Y,4,0,1,2,A,-,12,22450,,F,D,C,A,A,H,-,C,A,0,,,,,Y,,A,01,0,0,1,0,0,0,0,0,0,"- ","- ",,,"SAN FRANCISCO","SAN FRANCISCO",-122.50114440917969,37.738178253173828
9510062,2022,2022-12-08,3801,2022-10-29,1830,2486,TENDE,6,5,7,3801,0,0,0,,0,3J15E,"GEARY ST","LARKIN ST",0.00,,Y,A,-,N,,,,,,,,,,N,4,0,1,2,-,-,"- ",,,N,D,C,A,A,H,-,B,A,0,,,Y,,Y,,-,"- ",0,0,1,0,0,0,0,0,1,"- ","- ",,,"SAN FRANCISCO","SAN FRANCISCO",-122.41810607910156,37.786113739013672
9510063,2022,2022-12-08,3801,2022-10-27,1836,2341,INGLE,4,5,7,3801,0,0,0,,0,3H14C,"ALEMANY BL","SAN JUAN AV",0.00,,Y,A,-,N,,,,,,,,,,N,4,0,1,2,-,-,"- ",,,N,D,C,A,A,H,-,C,A,0,,,Y,,Y,,-,"- ",0,0,1,0,0,0,0,0,1,"- ","- ",,,"SAN FRANCISCO","SAN FRANCISCO",-122.43706512451172,37.724830627441406
9510064,2022,2022-12-08,3801,2022-10-29,2311,1857,NORTH,6,5,7,3801,0,0,0,,0,,"BROADWAY ST","VAN NESS AV",50.00,W,N,B,-,N,,,,,,,,,,N,3,0,1,2,A,-,11,21955,,F,G,B,D,A,H,-,C,D,0,Y,,Y,,Y,Y,N,60,0,1,0,0,1,0,0,0,0,"- ","- ",,,"SAN FRANCISCO","SAN FRANCISCO",-122.42350006103516,37.795730590820312
9510065,2022,2022-12-08,3801,2022-10-26,2040,1068,NORTH,3,5,7,3801,0,0,0,,0,,"WEBSTER ST","GOLDEN GATE AV",0.00,,Y,A,-,N,,,,,,,,,,Y,4,0,2,2,A,-,09,21801,A,F,A,C,A,A,H,-,C,A,0,,,,,Y,,A,01,0,0,2,0,0,0,0,0,0,"- ","- ",,,"SAN FRANCISCO","SAN FRANCISCO",-122.4302978515625,37.779758453369141
9510066,2022,2022-12-08,3801,2022-10-30,0247,2494,MISSI,7,5,7,3801,0,0,0,,0,3D13E,"22ND ST","S VAN NESS AV",0.00,,Y,A,-,N,,,,,,,,,,N,4,0,4,2,A,-,03,22350,,F,C,C,A,A,H,-,C,A,0,,,Y,,Y,,C,06,0,0,4,0,0,0,0,0,0,"- ","- ",,,"SAN FRANCISCO","SAN FRANCISCO",-122.41658782958984,37.755565643310547
9510067,2022,2022-12-08,3801,2022-10-29,1851,4047,MISSI,6,5,7,3801,0,0,0,,0,3D16D,"GUERRERO ST","17TH ST",0.00,,Y,A,-,N,,,,,,,,,,N,4,0,1,2,A,-,09,21801,,N,-,G,A,A,H,-,C,A,0,,Y,,,Y,,A,01,0,0,1,0,0,0,1,0,0,"- ","- ",,,"SAN FRANCISCO","SAN FRANCISCO",-122.42392730712891,37.763172149658203
9510068,2022,2022-12-08,3801,2022-10-28,2154,740,MISSI,5,5,7,3801,0,0,0,,0,0D3,"S VAN NESS AV","24TH ST",100.00,S,N,A,-,N,,,,,,,,,,N,4,0,1,2,A,-,04,21703,,F,C,C,A,A,H,-,C,D,0,,,,,Y,,A,07,0,0,1,0,0,0,0,0,0,"- ","- ",,,"SAN FRANCISCO","SAN FRANCISCO",-122.416259765625,37.752105712890625
9510069,2022,2022-12-08,3801,2022-10-29,2041,1414,MISSI,6,5,7,3801,0,0,0,,0,3D16D,"POTRERO AV","24TH ST",0.00,,Y,A,-,N,,,,,,,,,,N,4,0,2,2,A,-,03,22350,,N,A,B,B,A,H,-,C,A,0,Y,,,,Y,,-,,0,0,2,0,1,0,0,0,0,"- ","- ",,,"SAN FRANCISCO","SAN FRANCISCO",-122.40631866455078,37.752994537353516
9510070,2022,2022-12-08,3801,2022-10-29,0305,1184,MISSI,6,5,7,3801,0,0,0,,0,3D11E,"15TH ST","VALENCIA ST",0.00,,Y,A,-,N,,,,,,,,,,N,3,0,1,2,A,-,12,21453,A,N,D,C,A,-,H,-,C,A,0,,,Y,,Y,,C,03,0,1,0,0,0,0,0,0,1,"- ","- ",,,"SAN FRANCISCO","SAN FRANCISCO",-122.42203521728516,37.766529083251953
9510071,2022,2022-12-16,3801,2022-10-27,2213,740,MISSI,4,5,7,3801,0,0,0,,0,0D4,"POTRERO AV","RT 101",0.00,,Y,A,-,Y,SF,4,101,-,-,2.972,R,1,S,Y,4,0,1,1,A,-,01,23152,A,N,F,I,A,A,H,-,C,D,0,,,,,Y,Y,A,01,0,0,1,0,0,0,0,0,0,"- ",SO,,,"SAN FRANCISCO","SAN FRANCISCO",-122.40395355224609,37.748935699462891
9510072,2022,2022-12-19,3801,2022-10-25,1715,2143,MISSI,2,5,7,3801,0,0,0,,0,3D15D,"16TH ST","CALEDONIA ST",0.00,,N,A,-,N,,,,,,,,,,N,3,0,1,2,A,-,17,21229,A,N,D,C,A,A,H,-,A,D,0,,,,,Y,Y,M,94,0,1,0,0,0,0,0,0,0,"- ","- ",,,"SAN FRANCISCO","SAN FRANCISCO",-122.42134857177734,37.764934539794922
9510073,2022,2022-12-15,3801,2022-10-10,1629,2433,SOUTH,1,5,7,3801,0,0,0,,0,3B13D,"1ST ST","NATOMA ST",0.00,,Y,B,-,N,,,,,,,,,,N,4,0,1,2,A,-,11,21456,C,N,G,B,B,A,H,-,A,A,0,Y,,,,Y,,N,60,0,0,1,0,1,0,0,0,0,"- ","- ",,,"SAN FRANCISCO","SAN FRANCISCO",-122.39656066894531,37.788982391357422
9510074,2022,2022-12-08,3801,2022-10-19,2351,196,CENTR,3,5,7,3801,0,0,0,,0,3A11E,"7TH ST","FOLSOM ST",0.00,,Y,F,-,N,,,,,,,,,,N,4,0,1,2,A,-,04,21703,,F,-,-,A,-,G,-,-,-,0,,,,,Y,,A,01,0,0,1,0,0,0,0,0,0,"- ","- ",,,"SAN FRANCISCO","SAN FRANCISCO",-122.40784454345703,37.776771545410156
9510075,2022,2022-12-08,3801,2022-10-26,0633,748,CENTR,3,5,7,3801,0,0,0,,0,0630,"HYDE ST","POST ST",0.00,,Y,A,-,N,,,,,,,,,,Y,4,0,1,3,A,-,03,22350,,N,B,E,A,A,H,-,C,A,0,,,,,Y,,A,01,0,0,1,0,0,0,0,0,0,"- ","- ",,,"SAN FRANCISCO","SAN FRANCISCO",-122.41661834716797,37.787246704101562
9510076,2022,2022-12-08,3801,2022-10-14,1500,2398,PARK,5,5,7,3801,0,0,0,,0,01F,"STANYAN ST","PARNASSUS AV",151.00,S,N,A,-,N,,,,,,,,,,Y,4,0,1,2,A,-,22,23123,A,N,C,E,A,A,H,-,A,D,0,,,,,Y,,A,01,0,0,1,0,0,0,0,0,0,"- ","- ",,,"SAN FRANCISCO","SAN FRANCISCO",-122.45249176025391,37.764080047607422
9510077,2022,2022-12-08,3801,2022-10-25,1615,4175,TRAFF,2,5,7,3801,0,0,0,,0,4B4D,"ANZA ST","STANYAN ST",0.00,,Y,A,-,N,,,,,,,,,,N,4,0,1,2,A,-,09,21801,A,N,D,G,A,A,H,-,A,A,0,,Y,,,Y,,A,01,0,0,1,0,0,0,1,0,0,"- ","- ",,,"SAN FRANCISCO","SAN FRANCISCO",-122.45619201660156,37.779811859130859
9510078,2022,2022-12-08,3801,2022-10-21,0559,812,BAYVI,5,5,7,3801,0,0,0,,0,002,"WILLIAMS AV","APOLLO ST",50.00,S,N,A,-,N,,,,,,,,,,Y,4,0,1,3,A,-,06,21750,,F,-,C,A,A,H,-,C,D,0,,,,,Y,,A,01,0,0,1,0,0,0,0,0,0,"- ","- ",,,"SAN FRANCISCO","SAN FRANCISCO",-122.39881134033203,37.730144500732422
9510133,2022,2022-12-12,3801,2022-11-10,1205,1145,SOUTH,4,5,7,3801,0,0,0,,0,3B1A,"2ND ST","DOW PL",64.00,S,N,A,-,N,,,,,,,,,,N,4,0,1,2,A,-,09,21804,A,N,D,G,A,A,H,-,A,D,0,,Y,,,Y,,A,01,0,0,1,0,0,0,1,0,0,"- ","- ",,,"SAN FRANCISCO","SAN FRANCISCO",-122.39576721191406,37.784782409667969
9510301,2022,2022-12-08,3801,2022-09-13,0841,1730,INGLE,2,5,7,3801,0,0,0,,0,3H60,"SENECA AV","CAYUGA AV",0.00,,Y,A,B,N,,,,,,,,,,N,4,0,1,2,A,-,11,21950,B,N,G,B,B,A,H,-,A,D,0,Y,,,,Y,,N,60,0,0,1,0,1,0,0,0,0,"- ","- ",,,"SAN FRANCISCO","SAN FRANCISCO",-122.44249725341797,37.719631195068359
9510302,2022,2022-12-08,3801,2022-09-24,0956,4117,TARAV,6,5,7,3801,0,0,0,,0,3I1A,"LINCOLN WY","10TH AV",450.00,E,N,A,-,N,,,,,,,,,,Y,4,0,1,4,A,-,09,21804,A,N,D,C,A,A,H,-,A,D,0,,,,,Y,,A,01,0,0,1,0,0,0,0,0,0,"- ","- ",,,"SAN FRANCISCO","SAN FRANCISCO",-122.4659423828125,37.765953063964844
9510303,2022,2022-12-08,3801,2022-09-04,1615,2215,NORTH,7,5,7,3801,0,0,0,,0,3E12D,"SCOTT ST","TURK ST",2.00,N,N,A,-,N,,,,,,,,,,N,3,0,2,2,A,-,11,21954,A,N,D,C,A,A,H,-,A,A,0,,,,,Y,,M,94,0,2,0,0,0,0,0,0,0,"- ","- ",,,"SAN FRANCISCO","SAN FRANCISCO",-122.43705749511719,37.779865264892578
9510304,2022,2022-12-08,3801,2022-09-26,1006,2746,RICHM,1,5,7,3801,0,0,0,,0,3G14A,"FULTON ST","17TH AV",0.00,,Y,A,-,N,,,,,,,,,,Y,2,0,2,4,A,-,05,21460,A,N,A,C,A,A,-,-,A,A,0,,,,,Y,,-,"- ",1,0,1,0,0,0,0,0,0,"- ","- ",,,"SAN FRANCISCO","SAN FRANCISCO",-122.47563171386719,37.772945404052734
9510364,2022,2022-12-09,3801,2022-10-28,1336,1994,TRAFF,5,5,7,3801,0,0,0,,0,4B3D,"18TH ST","ARKANSAS ST",0.00,,Y,A,-,N,,,,,,,,,,Y,4,0,1,2,A,-,12,22450,,F,D,C,A,A,H,-,A,A,0,,,,,Y,,A,01,0,0,1,0,0,0,0,0,0,"- ","- ",,,"SAN FRANCISCO","SAN FRANCISCO",-122.39846038818359,37.762451171875
9510368,2022,2022-12-21,3801,2022-11-04,1335,1503,BAYVI,5,5,7,3801,0,0,0,,0,3C15A,"ARELIOUS WALKER DR","GILMAN AV",0.00,,Y,A,-,N,,,,,,,,,,Y,4,0,1,3,A,-,06,21750,A,F,D,C,A,A,H,-,A,D,0,,,,,Y,,A,01,0,0,1,0,0,0,0,0,0,"- ","- ",,,"SAN FRANCISCO","SAN FRANCISCO",-122.38626861572266,37.7171630859375
9510370,2022,2022-12-23,3801,2022-11-10,1030,2310,BAYVI,4,5,7,3801,0,0,0,,0,3C15A,"OAKDALE AV","LOOMIS ST",0.00,,Y,A,-,N,,,,,,,,,,Y,4,0,1,2,A,-,12,22450,A,N,B,C,A,A,H,-,A,A,0,,,,,Y,,A,01,0,0,1,0,0,0,0,0,0,"- ","- ",,,"SAN FRANCISCO","SAN FRANCISCO",-122.40431213378906,37.742527008056641
9510375,2022,2022-12-21,3801,2022-11-23,0000,1406,TENDE,3,5,7,3801,0,0,0,,0,3J4,"JONES ST","EDDY ST",66.00,N,N,A,-,N,,,,,,,,,,N,4,0,2,2,A,-,03,22350,,F,C,C,A,A,H,-,C,D,0,,,,Y,Y,,F,26,0,0,2,0,0,0,0,0,0,"- ","- ",,,"SAN FRANCISCO","SAN FRANCISCO",-122.41262817382812,37.78411865234375
9510379,2022,2023-01-24,3801,2022-11-28,1256,1952,BAYVI,1,5,7,3801,0,0,0,,0,901,"THOMAS AV","JENNINGS ST",385.00,W,N,A,-,N,,,,,,,,,,Y,3,0,4,3,A,-,03,22350,,F,B,E,A,A,H,-,A,A,0,,,,,Y,,E,22,0,3,1,0,0,0,0,0,0,"- ","- ",,,"SAN FRANCISCO","SAN FRANCISCO",-122.38862609863281,37.728900909423828
9510380,2022,2022-12-21,3801,2022-11-01,1102,2748,MISSI,2,5,7,3801,0,0,0,,0,,"POTRERO AV","25TH ST",0.00,,Y,C,-,N,,,,,,,,,,N,4,0,3,4,A,-,12,21453,A,N,G,B,B,B,H,-,A,A,0,Y,,,,Y,,D,22,0,0,3,0,3,0,0,0,0,"- ","- ",,,"SAN FRANCISCO","SAN FRANCISCO",-122.40620422363281,37.751743316650391
9511320,2022,2022-12-13,3801,2022-08-26,0700,2196,MISSI,5,5,7,3801,0,0,0,,0,3D13A,"24TH ST","HARRISON ST",0.00,,Y,A,B,N,,,,,,,,,,Y,4,0,2,2,A,-,12,21453,A,F,B,C,A,A,H,-,A,A,0,,,,,Y,,A,01,0,0,2,0,0,0,0,0,0,"- ","- ",,,"SAN FRANCISCO","SAN FRANCISCO",-122.41188812255859,37.752651214599609
9511322,2022,2022-12-20,3801,2022-08-14,0825,1304,NORTH,7,5,7,3801,0,0,0,,0,3E2A,"EDDY ST","GOUGH ST",298.00,W,N,A,-,N,,,,,,,,,,Y,4,0,2,2,A,-,09,21804,,N,B,C,A,A,H,-,A,D,0,,,,,Y,,A,01,0,0,2,0,0,0,0,0,0,"- ","- ",,,"SAN FRANCISCO","SAN FRANCISCO",-122.42514038085938,37.782341003417969
9511332,2022,2022-12-12,3801,2022-02-05,2213,1464,TENDE,6,5,7,3801,0,0,0,,0,3J12E,"6TH ST","JESSIE ST",0.00,,Y,A,-,N,,,,,,,,,,N,4,0,1,2,A,-,00,24153,A,F,G,B,B,A,H,-,C,A,0,Y,,,,Y,,A,01,0,0,1,0,1,0,0,0,0,"- ","- ",,,"SAN FRANCISCO","SAN FRANCISCO",-122.40921020507812,37.781398773193359
9511333,2022,2022-12-12,3801,2022-03-20,1343,837,CENTR,7,5,7,3801,0,0,0,,0,3A2C,"THE EMBARCADERO NORTH","POLE #E258 ON THE EMBARCADERO",10.00,E,N,A,-,N,,,,,,,,,,N,4,0,1,3,A,-,03,22350,,N,C,C,A,A,H,-,A,A,0,,,,,Y,,A,01,0,0,1,0,0,0,0,0,0,"- ","- ",,,"SAN FRANCISCO","SAN FRANCISCO",,
9511339,2022,2022-12-12,3801,2022-06-30,1740,417,TARAV,4,5,7,3801,0,0,0,,0,3I15D,"JUNIPERO SERRA BL","WINSTON DR",0.00,,Y,B,-,N,,,,,,,,,,N,4,0,2,2,A,-,09,21800,A,N,D,C,A,A,H,-,A,A,0,,,,,Y,,A,07,0,0,2,0,0,0,0,0,0,"- ","- ",,,"SAN FRANCISCO","SAN FRANCISCO",-122.47236633300781,37.726837158203125
9513419,2021,2022-11-18,3801,2021-11-30,2258,1464,TENDE,2,5,7,3801,0,0,0,,0,3J11E,"STEVENSON ST","7TH ST",0.00,,Y,A,-,N,,,,,,,,,,N,3,0,1,2,A,-,10,21950,A,N,G,B,B,A,H,-,C,D,0,Y,,,,Y,,A,01,0,1,0,0,1,0,0,0,0,"- ","- ",,,"SAN FRANCISCO","SAN FRANCISCO",-122.41188812255859,37.779991149902344
9514145,2023,2023-02-22,3801,2023-01-04,"722 ",2039,TARAV,3,5,7,3801,0,0,0,,0,005,"JUNIPERO SERRA BL","19TH AV",0.00,,Y,C,-,Y,SF,4,1,-,R,0.680,I,5,N,Y,3,0,1,1,A,-,03,22350,,N,A,I,A,B,H,-,A,A,0,,,,,Y,,A,01,0,1,0,0,0,0,0,0,0,"- ","- ",,,"SAN FRANCISCO","SAN FRANCISCO",-122.47254943847656,37.717258453369141
9514146,2023,2023-02-22,3801,2023-01-17,"910 ",1825,SOUTH,2,5,7,3801,0,0,0,,0,3B14A,"S VAN NESS AV","12TH ST",0.00,,Y,A,-,Y,SF,4,101,-,T,4.706,I,5,S,Y,2,0,1,2,A,-,09,21801,A,N,D,C,A,A,H,-,A,D,0,,,Y,,Y,,C,02,1,0,0,0,0,0,0,0,1,"- ","- ",,,"SAN FRANCISCO","SAN FRANCISCO",-122.41862487792969,37.773017883300781
9515117,2022,2022-12-20,3801,2022-11-22,0407,1769,BAYVI,2,5,7,3801,0,0,0,,0,3C15E,"BRET HARTE HWY","3RD ST",258.00,W,N,A,-,N,,,,,,,,,,Y,4,0,2,2,A,-,08,22107,,F,B,C,A,A,H,-,C,A,0,,,,,Y,,A,07,0,0,2,0,0,0,0,0,0,"- ","- ",,,"SAN FRANCISCO","SAN FRANCISCO",,
9516461,2022,2022-12-22,3801,2022-11-29,1219,2038,PARK,2,5,7,3801,0,0,0,,0,3F44,"MASONIC AV","PAGE ST",0.00,,Y,A,-,N,,,,,,,,,,Y,3,0,2,2,A,-,09,21801,A,N,A,C,A,A,H,-,A,A,0,,,,,Y,,A,01,0,1,1,0,0,0,0,0,0,"- ","- ",,,"SAN FRANCISCO","SAN FRANCISCO",-122.44554138183594,37.771137237548828
9516462,2022,2022-12-22,3801,2022-11-17,1335,2202,INGLE,4,5,7,3801,0,0,0,,0,PARKDI,"PORTOLA DR","TWIN PEAKS BL",0.00,,Y,A,-,N,,,,,,,,,,N,4,0,1,2,A,-,08,22107,,N,D,G,A,A,H,-,A,A,0,,Y,,,Y,,A,01,0,0,1,0,0,0,1,0,0,"- ","- ",,,"SAN FRANCISCO","SAN FRANCISCO",-122.45082855224609,37.74591064453125
9518803,2022,2023-01-30,3801,2022-04-28,0059,2163,BAYVI,4,5,7,3801,0,0,0,,0,,"OAKDALE AV","LOOMIS ST",0.00,,Y,A,-,N,,,,,,,,,,Y,4,0,2,2,D,-,00,,,N,D,C,A,A,H,-,C,A,0,,,,,Y,,-,"- ",0,0,2,0,0,0,0,0,0,"- ","- ",,,"SAN FRANCISCO","SAN FRANCISCO",-122.40431213378906,37.742527008056641
9518810,2022,2023-02-10,3801,2022-01-31,0900,2126,CENTR,1,5,7,3801,0,0,0,,0,,"POWELL ST","CLAY ST",18.00,S,N,A,-,N,,,,,,,,,,N,4,0,1,2,A,-,11,21954,A,N,G,B,E,A,H,-,A,A,0,Y,,,,Y,,N,60,0,0,1,0,1,0,0,0,0,"- ","- ",,,"SAN FRANCISCO","SAN FRANCISCO",-122.40952301025391,37.793830871582031
9518818,2022,2023-02-02,3801,2022-05-02,1845,1389,BAYVI,1,5,7,3801,0,0,0,,0,3C13D,KISKA,"KISKA 188",0.00,,-,A,-,N,,,,,,,,,,N,4,0,1,1,A,-,03,22350,,N,H,A,A,A,B,-,B,D,0,,Y,,,Y,,L,04,0,0,1,0,0,0,1,0,0,"- ","- ",,,"SAN FRANCISCO","SAN FRANCISCO",,
9520019,2022,2022-11-04,3801,2022-09-28,2321,2157,RICHM,3,5,7,3801,0,0,0,,0,3G13E,"12TH AV","FULTON ST",84.00,S,N,A,-,N,,,,,,,,,,Y,1,1,0,1,A,-,03,22350,,N,E,I,A,A,H,-,C,D,0,,,,,Y,,A,01,0,0,0,0,0,0,0,0,0,"- ","- ",,,"SAN FRANCISCO","SAN FRANCISCO",-122.47016906738281,37.773208618164062
9520020,2022,2022-11-04,3801,2022-10-24,1050,917,TRAFF,1,5,7,3801,0,0,0,,0,4B2E,"SANTIAGO ST","24TH ST",13.00,E,N,A,-,N,,,,,,,,,,Y,1,1,3,7,A,-,01,23152,,N,G,B,B,A,H,-,A,A,0,Y,,,,Y,,A,01,1,0,2,1,1,0,0,0,0,"- ","- ",,,"SAN FRANCISCO","SAN FRANCISCO",-122.48115539550781,37.744663238525391
9520098,2022,2023-02-09,3801,2022-05-11,0039,679,NORTH,3,5,7,3801,0,0,0,,0,03E,"SUTTER ST","POLK ST",0.00,,Y,A,-,N,,,,,,,,,,Y,2,0,2,3,A,-,08,22100,B,N,B,C,F,A,H,-,C,A,0,Y,,Y,,Y,,A,01,2,0,0,0,1,0,0,0,1,"- ","- ",,,"SAN FRANCISCO","SAN FRANCISCO",-122.42010498046875,37.787761688232422
9520237,2022,2023-03-06,3801,2022-09-08,0515,707,TRAFF,4,5,7,3801,0,0,0,,0,4B1C,"RT 101","STEINER ST",4.00,W,N,A,-,Y,SF,4,101,-,-,7.420,H,-,S,Y,1,1,0,2,A,-,11,21456,C,N,G,B,B,A,H,-,C,A,0,Y,,,,Y,,N,60,0,0,0,1,0,0,0,0,0,"- ","- ",,,"SAN FRANCISCO","SAN FRANCISCO",-122.43751525878906,37.799636840820312
9520245,2022,2023-01-18,3801,2022-10-28,0146,2035,MISSI,5,5,7,3801,0,0,0,,0,3D16E,"HARRISON ST","14TH ST",98.00,N,N,A,-,N,,,,,,,,,,Y,1,1,0,1,A,-,03,22350,,N,E,I,A,A,H,-,C,D,0,,,Y,,Y,,C,03,0,0,0,0,0,0,0,1,0,"- ","- ",,,"SAN FRANCISCO","SAN FRANCISCO",-122.41347503662109,37.768928527832031
9520246,2022,2023-01-18,3801,2022-10-31,2314,4119,TRAFF,1,5,7,3801,0,0,0,,0,4B3K,"MARKET ST","SANCHEZ ST",50.00,W,N,A,-,N,,,,,,,,,,Y,1,1,0,1,A,-,03,22350,,N,E,I,A,A,H,-,C,A,0,,,Y,,Y,,C,02,0,0,0,0,0,0,0,1,0,"- ","- ",,,"SAN FRANCISCO","SAN FRANCISCO",-122.43112182617188,37.765876770019531
9520251,2022,2023-01-18,3801,2022-12-06,2219,4175,TRAFF,2,5,7,3801,0,0,0,,0,4B4D,"GENEVA AV","NAPLES ST",22.00,E,N,A,-,N,,,,,,,,,,N,1,1,0,2,A,-,11,21954,A,N,G,B,B,A,H,-,C,A,0,Y,,,,Y,Y,N,60,0,0,0,1,0,0,0,0,0,"- ","- ",,,"SAN FRANCISCO","SAN FRANCISCO",-122.43612670898438,37.714179992675781
9520422,2022,2023-02-15,3801,2022-10-19,1104,4130,INGLE,3,5,7,3801,0,0,0,,0,5Z103,"JOHN F SHELLEY DR","MANSELL ST",115.00,N,N,A,-,N,,,,,,,,,,N,1,1,0,1,C,-,18,,,N,H,J,A,A,H,-,A,D,0,,Y,,,Y,,-,"- ",0,0,0,0,0,1,0,0,0,"- ","- ",,,"SAN FRANCISCO","SAN FRANCISCO",-122.41849517822266,37.719039916992188
9520434,2022,2023-02-22,3801,2022-12-07,1933,4119,TRAFF,3,5,7,3801,0,0,0,,0,4B103,"GENEVA AV","PRAGUE ST",486.00,E,N,A,-,N,,,,,,,,,,Y,1,1,0,3,A,-,11,21955,,F,G,B,D,A,H,-,C,D,0,Y,,,,Y,,N,60,0,0,0,1,0,0,0,0,0,"- ","- ",,,"SAN FRANCISCO","SAN FRANCISCO",-122.43033599853516,37.712448120117188
9520602,2023,2023-06-14,3801,2023-04-11,1213,202,TRAFF,2,5,7,3801,0,0,0,,0,4B2D,"JONES ST","GEARY BL",92.00,N,N,A,-,N,,,,,,,,,,Y,1,1,1,3,A,-,21,22106,,N,B,C,A,A,H,-,A,D,0,,,,Y,Y,,F,26,0,0,1,0,0,0,0,0,0,"- ","- ",,,"SAN FRANCISCO","SAN FRANCISCO",-122.41320037841797,37.786998748779297
9520738,2023,2025-06-25,3801,2023-05-23,"105 ",917,TRAFF,2,5,7,3801,0,0,0,,0,4B2E,RT-101,"DIVISADERO ST",0.00,,Y,A,-,Y,SF,4,101,-,-,7.696,I,5,N,Y,1,1,0,2,A,-,01,23152,A,F,G,B,D,A,H,-,C,A,0,Y,,,,Y,Y,D,22,0,0,0,1,0,0,0,0,0,"- ","- ",,,"SAN FRANCISCO","SAN FRANCISCO",-122.44266510009766,37.799060821533203
9520739,2023,2025-06-25,3801,2023-05-23,1021,4036,TRAFF,2,5,7,3801,0,0,0,,0,4B2C,"16TH ST","POTRERO AV",0.00,,Y,A,-,N,,,,,,,,,,Y,1,1,4,5,A,-,12,21453,A,N,D,C,F,A,H,-,A,A,0,Y,,,,Y,,D,22,1,0,3,1,2,0,0,0,0,"- ","- ",,,"SAN FRANCISCO","SAN FRANCISCO",-122.40756225585938,37.765773773193359