CASE_ID,ACCIDENT_YEAR,PROC_DATE,JURIS,COLLISION_DATE,COLLISION_TIME,OFFICER_ID,REPORTING_DISTRICT,DAY_OF_WEEK,CHP_SHIFT,POPULATION,CNTY_CITY_LOC,SPECIAL_COND,BEAT_TYPE,CHP_BEAT_TYPE,CITY_DIVISION_LAPD,CHP_BEAT_CLASS,BEAT_NUMBER,PRIMARY_RD,SECONDARY_RD,DISTANCE,DIRECTION,INTERSECTION,WEATHER_1,WEATHER_2,STATE_HWY_IND,CALTRANS_COUNTY,CALTRANS_DISTRICT,STATE_ROUTE,ROUTE_SUFFIX,POSTMILE_PREFIX,POSTMILE,LOCATION_TYPE,RAMP_INTERSECTION,SIDE_OF_HWY,TOW_AWAY,COLLISION_SEVERITY,NUMBER_KILLED,NUMBER_INJURED,PARTY_COUNT,PRIMARY_COLL_FACTOR,PCF_CODE_OF_VIOL,PCF_VIOL_CATEGORY,PCF_VIOLATION,PCF_VIOL_SUBSECTION,HIT_AND_RUN,TYPE_OF_COLLISION,MVIW,PED_ACTION,ROAD_SURFACE,ROAD_COND_1,ROAD_COND_2,LIGHTING,CONTROL_DEVICE,CHP_ROAD_TYPE,PEDESTRIAN_ACCIDENT,BICYCLE_ACCIDENT,MOTORCYCLE_ACCIDENT,TRUCK_ACCIDENT,NOT_PRIVATE_PROPERTY,ALCOHOL_INVOLVED,STWD_VEHTYPE_AT_FAULT,CHP_VEHTYPE_AT_FAULT,COUNT_SEVERE_INJ,COUNT_VISIBLE_INJ,COUNT_COMPLAINT_PAIN,COUNT_PED_KILLED,COUNT_PED_INJURED,COUNT_BICYCLIST_KILLED,COUNT_BICYCLIST_INJURED,COUNT_MC_KILLED,COUNT_MC_INJURED,PRIMARY_RAMP,SECONDARY_RAMP,LATITUDE,LONGITUDE,COUNTY,CITY,POINT_X,POINT_Y
9531248,2022,2023-01-24,3801,2022-11-09,0800,2491,SOUTH,3,5,7,3801,0,0,0,,0,3B13A,"6TH ST","FOLSOM ST",30.00,S,N,A,-,N,,,,,,,,,,Y,3,0,1,2,A,-,01,23152,A,N,B,E,A,A,H,-,A,A,0,,,,,Y,Y,A,01,0,1,0,0,0,0,0,0,0,"- ","- ",,,"SAN FRANCISCO","SAN FRANCISCO",-122.40552520751953,37.7784423828125
9531339,2021,2022-12-21,3801,2021-11-26,1600,1192,SOUTH,5,5,7,3801,0,0,0,,0,03B,"3RD ST","TOWNSEND ST",17.00,N,N,A,-,N,,,,,,,,,,N,4,0,2,2,A,-,07,21658,A,N,C,C,A,A,H,-,A,D,0,,,,,Y,,A,01,0,0,2,0,0,0,0,0,0,"- ","- ",,,"SAN FRANCISCO","SAN FRANCISCO",-122.39279174804688,37.778892517089844
9531340,2022,2022-12-21,3801,2022-11-08,2359,299,CENTR,2,5,7,3801,0,0,0,,0,3A12E,"MONTGOMERY ST","CLAY ST",0.00,,Y,A,-,N,,,,,,,,,,N,4,0,1,2,A,-,10,21950,A,F,G,B,B,B,H,-,C,A,0,Y,,,,Y,,-,,0,0,1,0,1,0,0,0,0,"- ","- ",,,"SAN FRANCISCO","SAN FRANCISCO",-122.40312194824219,37.794681549072266
9531341,2022,2022-12-19,3801,2022-11-08,1915,577,TARAV,2,5,7,3801,0,0,0,,0,0I6,"GENEVA AV","HOWTH ST",0.00,,Y,C,-,N,,,,,,,,,,Y,3,0,2,2,A,-,09,21801,A,N,D,C,A,B,H,-,C,A,0,,,,,Y,,A,01,0,1,1,0,0,0,0,0,0,"- ","- ",,,"SAN FRANCISCO","SAN FRANCISCO",-122.45011901855469,37.722076416015625
9531342,2022,2023-01-03,3801,2022-11-10,1730,4132,MISSI,4,5,7,3801,0,0,0,,0,3CAR,"VALENCIA ST","HILL ST",0.00,,Y,A,-,N,,,,,,,,,,Y,4,0,2,2,A,-,04,21703,,N,C,C,A,A,H,-,C,D,0,,,,,Y,,A,01,0,0,2,0,0,0,0,0,0,"- ","- ",,,"SAN FRANCISCO","SAN FRANCISCO",-122.42104339599609,37.756099700927734
9531343,2022,2022-12-29,3801,2022-11-09,1558,4047,MISSI,3,5,7,3801,0,0,0,,0,3D16D,"DIVISION ST","BRANNAN ST",0.00,,Y,A,-,N,,,,,,,,,,Y,4,0,1,2,-,-,"- ",,,N,D,C,A,A,H,-,A,A,0,,,,,Y,,-,"- ",0,0,1,0,0,0,0,0,0,"- ","- ",,,"SAN FRANCISCO","SAN FRANCISCO",-122.40788269042969,37.769218444824219
9531344,2022,2022-12-28,3801,2022-11-15,1820,737,NORTH,2,5,7,3801,0,0,0,,0,3E11C,"FELL ST","OCTAVIA ST",6.00,S,N,A,-,N,,,,,,,,,,Y,3,0,1,4,A,-,07,21658,,N,B,E,A,A,H,-,C,A,0,,,,,Y,,A,01,0,1,0,0,0,0,0,0,0,"- ","- ",,,"SAN FRANCISCO","SAN FRANCISCO",-122.42449951171875,37.775718688964844
9531345,2022,2022-12-19,3801,2022-11-14,1401,2730,BAYVI,1,5,7,3801,0,0,0,,0,3C90A,"DAVIDSON AV","QUINT ST",0.00,,Y,A,-,N,,,,,,,,,,N,3,0,1,2,A,-,09,21801,A,N,D,C,A,A,H,-,A,D,0,,,,,Y,,M,94,0,1,0,0,0,0,0,0,0,"- ","- ",,,"SAN FRANCISCO","SAN FRANCISCO",-122.38974761962891,37.744667053222656
9531346,2022,2022-12-19,3801,2022-11-15,1854,2704,SOUTH,2,5,7,3801,0,0,0,,0,3B4,"MISSION ST","10TH ST",0.00,,Y,A,-,N,,,,,,,,,,N,4,0,1,3,A,-,03,22350,,N,C,C,A,A,H,-,C,A,0,,,,,Y,,A,01,0,0,1,0,0,0,0,0,0,"- ","- ",,,"SAN FRANCISCO","SAN FRANCISCO",-122.41590881347656,37.775276184082031
9531347,2022,2022-12-19,3801,2022-11-11,1535,2433,SOUTH,5,5,7,3801,0,0,0,,0,3B5D,"2ND ST","STEVENSON ST",0.00,,Y,A,-,N,,,,,,,,,,N,3,0,1,2,A,-,08,22107,,F,G,B,E,A,H,-,A,A,0,Y,,,,Y,,A,07,0,1,0,0,1,0,0,0,0,"- ","- ",,,"SAN FRANCISCO","SAN FRANCISCO",-122.40084075927734,37.788803100585938
9531348,2022,2022-12-19,3801,2022-11-15,1120,1827,CENTR,2,5,7,3801,0,0,0,,0,3A11C,"GEARY ST","JONES ST",15.00,E,N,A,-,N,,,,,,,,,,Y,4,0,2,2,A,-,04,21703,,N,C,C,A,A,H,-,A,A,0,,,,,Y,,A,01,0,0,2,0,0,0,0,0,0,"- ","- ",,,"SAN FRANCISCO","SAN FRANCISCO",-122.41310119628906,37.786754608154297
9531350,2022,2022-12-19,3801,2022-11-15,1548,4212,PARK,2,5,7,3801,0,0,0,,0,3F12D,"PARNASSUS AV","4TH AV",0.00,,Y,A,-,N,,,,,,,,,,N,3,0,1,2,A,-,10,21950,A,N,G,B,B,A,H,-,A,D,0,Y,,,,Y,,A,01,0,1,0,0,1,0,0,0,0,"- ","- ",,,"SAN FRANCISCO","SAN FRANCISCO",-122.46089935302734,37.762649536132812
9531351,2022,2022-12-19,3801,2022-11-02,1045,4259,RICHM,3,5,7,3801,0,0,0,,0,3G11A,"ARGUELLO BL","GOLDEN GATE AV",0.00,,Y,A,-,N,,,,,,,,,,Y,4,0,2,2,A,-,08,22107,,N,D,C,A,A,H,-,A,A,0,,,,,Y,,A,01,0,0,2,0,0,0,0,0,0,"- ","- ",,,"SAN FRANCISCO","SAN FRANCISCO",-122.45851898193359,37.776168823242188
9531352,2022,2022-12-19,3801,2022-11-06,1448,1246,BAYVI,7,5,7,3801,0,0,0,,0,,"BAY SHORE BL","JERROLD AV",30.00,W,N,A,-,N,,,,,,,,,,N,3,0,1,1,A,-,03,22350,,N,H,J,A,A,A,-,A,A,0,,,Y,,Y,,C,03,0,1,0,0,0,0,0,0,1,"- ","- ",,,"SAN FRANCISCO","SAN FRANCISCO",-122.40365600585938,37.747314453125
9531353,2022,2022-12-21,3801,2022-11-04,1531,2017,MISSI,5,5,7,3801,0,0,0,,0,3D13D,"23RD ST","VALENCIA ST",0.00,,Y,A,-,N,,,,,,,,,,N,4,0,1,2,A,-,09,21801,A,N,-,C,A,A,H,-,A,A,0,,,Y,,Y,,A,01,0,0,1,0,0,0,0,0,1,"- ","- ",,,"SAN FRANCISCO","SAN FRANCISCO",-122.42080688476562,37.753704071044922
9531354,2022,2022-12-19,3801,2022-11-04,2335,173,INGLE,5,5,7,3801,0,0,0,,0,3H13E,"ALEMANY BL","CONGDON ST",290.00,S,N,A,-,N,,,,,,,,,,Y,4,0,2,1,A,-,03,22350,,N,E,I,A,A,H,-,C,A,0,,,,,Y,,A,01,0,0,2,0,0,0,0,0,0,"- ","- ",,,"SAN FRANCISCO","SAN FRANCISCO",-122.42520141601562,37.731071472167969
9531355,2022,2022-12-19,3801,2022-11-02,2052,1454,NORTH,3,5,7,3801,0,0,0,,0,3E14D,"POLK ST","GEARY ST",0.00,,Y,A,-,N,,,,,,,,,,N,3,0,1,2,A,-,10,21950,A,M,G,B,B,A,H,-,C,A,0,Y,,,,Y,,A,01,0,1,0,0,1,0,0,0,0,"- ","- ",,,"SAN FRANCISCO","SAN FRANCISCO",-122.41973876953125,37.785896301269531
9531356,2022,2022-12-19,3801,2022-11-01,1228,1297,PARK,2,5,7,3801,0,0,0,,0,3F13A,"7TH AV","KIRKHAM ST",0.00,,Y,C,-,N,,,,,,,,,,N,3,0,1,2,A,-,03,22350,,N,D,G,A,B,-,-,A,A,0,,Y,,,Y,,L,04,0,1,0,0,0,0,1,0,0,"- ","- ",,,"SAN FRANCISCO","SAN FRANCISCO",-122.46392059326172,37.760391235351562
9531357,2022,2022-12-19,3801,2022-11-26,0913,1572,SOUTH,6,5,7,3801,0,0,0,,0,3B1A,"6TH ST","NATOMA ST",0.00,,Y,A,-,N,,,,,,,,,,N,4,0,1,2,A,-,03,22350,A,F,B,-,A,A,H,-,B,D,0,,,,,Y,Y,-,,0,0,1,0,0,0,0,0,0,"- ","- ",,,"SAN FRANCISCO","SAN FRANCISCO",-122.40766906738281,37.780181884765625
9531358,2022,2022-12-28,3801,2022-11-24,2242,421,CENTR,4,5,7,3801,0,0,0,,0,001,"LEAVENWORT ST","POST ST",0.00,,N,A,-,N,,,,,,,,,,N,3,0,1,2,A,-,10,21950,,F,G,B,B,A,H,-,C,A,0,Y,,,,Y,,A,01,0,1,0,0,1,0,0,0,0,"- ","- ",,,"SAN FRANCISCO","SAN FRANCISCO",-122.41499328613281,37.787452697753906
9531359,2022,2022-12-19,3801,2022-11-25,2126,2089,TENDE,5,5,7,3801,0,0,0,,0,COJ2CA,"CYRIL MAGNIN ST","EDDY ST",0.00,,Y,A,-,N,,,,,,,,,,N,2,0,1,2,A,-,11,21955,,F,G,B,D,A,H,-,C,A,0,Y,,,,Y,,N,60,1,0,0,0,1,0,0,0,0,"- ","- ",,,"SAN FRANCISCO","SAN FRANCISCO",-122.40851593017578,37.784500122070312
9531360,2022,2022-12-19,3801,2022-11-20,0213,1857,NORTH,7,5,7,3801,0,0,0,,0,3E14E,"LAGUNA ST","MARINA BL",0.00,,Y,A,-,N,,,,,,,,,,Y,3,0,1,1,A,-,01,23152,,N,A,I,A,A,H,-,C,A,0,,,,,Y,Y,A,01,0,1,0,0,0,0,0,0,0,"- ","- ",,,"SAN FRANCISCO","SAN FRANCISCO",-122.43206787109375,37.805210113525391
9531365,2022,2022-12-22,3801,2022-11-23,2050,460,INGLE,3,5,7,3801,0,0,0,,0,3H11E,"MISSION ST","30TH ST",0.00,,Y,A,-,N,,,,,,,,,,Y,3,0,7,3,A,-,03,22350,,F,C,C,A,A,H,-,C,A,0,,,,,Y,,D,22,0,1,6,0,0,0,0,0,0,"- ","- ",,,"SAN FRANCISCO","SAN FRANCISCO",-122.42195892333984,37.742389678955078
9531377,2022,2022-12-09,3801,2022-10-30,1915,740,MISSI,7,5,7,3801,0,0,0,,0,0D3,"FOLSOM ST","20TH ST",0.00,,Y,A,-,N,,,,,,,,,,N,4,0,1,2,A,-,04,21703,,F,C,C,A,A,H,-,C,A,0,,,,,Y,,D,22,0,0,1,0,0,0,0,0,0,"- ","- ",,,"SAN FRANCISCO","SAN FRANCISCO",-122.41468048095703,37.758888244628906
9531441,2022,2022-11-21,3801,2022-10-30,1330,310,SOUTH,7,5,7,3801,0,0,0,,0,3B12A,"MISSION ST","SOUTH VAN NESS AV",0.00,E,N,A,-,N,,,,,,,,,,N,2,0,1,1,A,-,03,22350,,N,H,J,A,A,H,-,A,D,0,,,,,Y,,M,94,1,0,0,0,0,0,0,0,0,"- ","- ",,,"SAN FRANCISCO","SAN FRANCISCO",-122.41863250732422,37.773109436035156
9531442,2022,2022-11-22,3801,2022-10-31,0031,2451,TARAV,1,5,7,3801,0,0,0,,0,3I11E,"PACHECO AV","19TH AV",0.00,,Y,A,-,N,,,,,,,,,,Y,4,0,3,3,A,-,03,22350,,F,C,C,A,A,H,-,C,A,0,,,,,Y,,A,01,0,0,3,0,0,0,0,0,0,"- ","- ",,,"SAN FRANCISCO","SAN FRANCISCO",-122.47618103027344,37.750507354736328
9531443,2022,2022-11-21,3801,2022-10-29,0240,1660,SOUTH,6,5,7,3801,0,0,0,,0,3B14E,"3RD ST","BRYANT ST",0.00,,Y,A,-,N,,,,,,,,,,Y,4,0,1,2,A,-,12,21453,A,F,F,C,A,A,H,-,C,A,0,,,,,Y,,A,01,0,0,1,0,0,0,0,0,0,"- ","- ",,,"SAN FRANCISCO","SAN FRANCISCO",-122.39585113525391,37.781307220458984
9531444,2022,2022-11-14,3801,2022-10-29,2002,875,CENTR,6,5,7,3801,0,0,0,,0,3A12D,"SUTTER ST","POWELL ST",5.00,S,N,A,-,N,,,,,,,,,,N,3,0,1,2,A,-,08,22107,,N,B,C,A,A,H,-,C,A,0,,,Y,,Y,,C,03,0,1,0,0,0,0,0,0,1,"- ","- ",,,"SAN FRANCISCO","SAN FRANCISCO",-122.40863037109375,37.789226531982422
9531445,2022,2022-11-22,3801,2022-10-28,1915,4115,CENTR,5,5,7,3801,0,0,0,,0,3A15D,"BAY ST","LEAVENWORTH ST",0.00,,Y,A,-,N,,,,,,,,,,N,3,0,1,2,A,-,08,22101,D,N,A,C,A,A,H,-,C,A,0,,,Y,,Y,,A,01,0,1,0,0,0,0,0,0,1,"- ","- ",,,"SAN FRANCISCO","SAN FRANCISCO",-122.41855621337891,37.805030822753906
9531446,2022,2022-11-10,3801,2022-10-29,1250,4335,RICHM,6,5,7,3801,0,0,0,,0,901,"BAKER ST","BUSH ST",0.00,,Y,A,-,N,,,,,,,,,,Y,3,0,2,2,A,-,09,21801,A,N,A,C,A,A,H,-,A,A,0,,,,,Y,,A,07,0,1,1,0,0,0,0,0,0,"- ","- ",,,"SAN FRANCISCO","SAN FRANCISCO",-122.44337463378906,37.785751342773438
9531447,2022,2022-11-23,3801,2022-10-27,0915,1118,SOUTH,4,5,7,3801,0,0,0,,0,3B14A,"TERRY A FRANCOIS BL","PIERPOINT LN",0.00,,Y,A,-,N,,,,,,,,,,N,3,0,1,2,A,-,08,22107,,N,D,-,A,A,-,-,A,D,0,,Y,,,Y,,A,07,0,1,0,0,0,0,1,0,0,"- ","- ",,,"SAN FRANCISCO","SAN FRANCISCO",-122.38639831542969,37.769966125488281
9531448,2022,2022-11-10,3801,2022-10-28,1000,1388,TARAV,5,5,7,3801,0,0,0,,0,3I5A,"16TH AV","TARAVAL ST",90.00,S,N,A,-,N,,,,,,,,,,Y,4,0,1,5,A,-,21,22106,,N,C,E,A,A,H,-,A,-,0,,,,,Y,,A,01,0,0,1,0,0,0,0,0,0,"- ","- ",,,"SAN FRANCISCO","SAN FRANCISCO",-122.47246551513672,37.742942810058594
9531449,2022,2022-11-10,3801,2022-10-28,2020,1389,BAYVI,5,5,7,3801,0,0,0,,0,3C13D,"MENDELL ST","HUDSON AV",0.00,,Y,A,-,N,,,,,,,,,,Y,4,0,4,2,A,-,12,22450,A,N,D,C,A,A,H,-,C,A,0,,,,,Y,,A,01,0,0,4,0,0,0,0,0,0,"- ","- ",,,"SAN FRANCISCO","SAN FRANCISCO",-122.38639831542969,37.738971710205078
9531450,2022,2022-11-14,3801,2022-10-29,0954,4267,TARAV,6,5,7,3801,0,0,0,,0,3I11A,"NORIEGA ST","25TH AV",0.00,,Y,A,-,N,,,,,,,,,,N,3,0,1,2,A,-,10,21950,A,N,G,B,B,-,H,-,A,D,0,Y,,,,Y,,A,01,0,1,0,0,1,0,0,0,0,"- ","- ",,,"SAN FRANCISCO","SAN FRANCISCO",-122.48291778564453,37.753974914550781
9531451,2022,2022-11-16,3801,2022-10-02,1300,4286,RICHM,7,5,7,3801,0,0,0,,0,0G1,"PARK PRESIDIO BL","FULTON ST",15.00,S,N,A,-,N,,,,,,,,,,N,4,0,2,2,A,-,01,23153,A,N,C,C,A,A,H,-,A,A,0,,,,,Y,Y,A,01,0,0,2,0,0,0,0,0,0,"- ","- ",,,"SAN FRANCISCO","SAN FRANCISCO",-122.47177886962891,37.773128509521484
9531452,2022,2022-11-18,3801,2022-10-01,1219,4286,RICHM,6,5,7,3801,0,0,0,,0,0G4,"CALIFORNIA ST","26TH AV",0.00,,Y,A,-,N,,,,,,,,,,N,3,0,1,2,A,-,12,22450,A,N,D,J,A,A,H,-,A,D,0,,,,,Y,,A,01,0,1,0,0,0,0,0,0,0,"- ","- ",,,"SAN FRANCISCO","SAN FRANCISCO",-122.486083984375,37.783828735351562
9531453,2022,2022-11-10,3801,2022-10-04,1044,624,NORTH,2,5,7,3801,0,0,0,,0,002,"DIVISADERO ST","FULTON ST",0.00,,Y,B,-,N,,,,,,,,,,Y,4,0,1,2,A,-,09,21801,A,N,D,C,A,A,H,-,A,A,0,,,Y,,Y,,A,01,0,0,1,0,0,0,0,0,0,"- ","- ",,,"SAN FRANCISCO","SAN FRANCISCO",-122.43816375732422,37.776859283447266
9531455,2022,2022-11-09,3801,2022-10-05,1614,1133,CENTR,3,5,7,3801,0,0,0,,0,04A,"COLUMBUS AV","VALLEJO ST",0.00,,Y,A,-,N,,,,,,,,,,N,3,0,1,2,A,-,10,21950,A,N,G,B,B,A,H,-,A,A,0,Y,,,,Y,,A,01,0,1,0,0,1,0,0,0,0,"- ","- ",,,"SAN FRANCISCO","SAN FRANCISCO",-122.40789031982422,37.798721313476562
9531456,2022,2022-11-10,3801,2022-10-03,0848,1364,NORTH,1,5,7,3801,0,0,0,,0,NORTHE,"OAK ST",GOUGH,5.00,W,N,A,-,N,,,,,,,,,,N,2,0,2,2,A,-,11,21950,B,N,D,B,B,A,H,-,A,A,0,Y,Y,,,Y,,N,60,1,1,0,0,1,0,1,0,0,"- ","- ",,,"SAN FRANCISCO","SAN FRANCISCO",-122.422607421875,37.775016784667969
9531457,2022,2022-11-22,3801,2022-10-04,1737,1039,MISSI,2,5,7,3801,0,0,0,,0,003,VALENCIA,"18TH ST",250.00,S,N,A,-,N,,,,,,,,,,N,3,0,1,2,A,-,08,22107,,N,C,G,A,A,H,-,A,D,0,,Y,,,Y,,A,01,0,1,0,0,0,0,1,0,0,"- ","- ",,,"SAN FRANCISCO","SAN FRANCISCO",-122.42149353027344,37.761024475097656
9531458,2022,2022-11-09,3801,2022-10-04,0423,2461,MISSI,2,5,7,3801,0,0,0,,0,3D13E,"22ND ST","CAPP ST",0.00,,Y,A,-,N,,,,,,,,,,Y,3,0,1,2,A,-,01,23152,A,N,D,C,A,A,H,-,C,D,0,,,,,Y,Y,A,08,0,1,0,0,0,0,0,0,0,"- ","- ",,,"SAN FRANCISCO","SAN FRANCISCO",-122.41765594482422,37.755531311035156
9531459,2022,2022-11-21,3801,2022-10-04,1209,1825,SOUTH,2,5,7,3801,0,0,0,,0,3B2A,"2ND ST","FEDERAL ST",0.00,,Y,A,-,N,,,,,,,,,,N,3,0,2,2,A,-,03,22350,,N,D,B,C,A,H,-,A,D,0,Y,Y,,,Y,,L,04,0,2,0,0,1,0,1,0,0,"- ","- ",,,"SAN FRANCISCO","SAN FRANCISCO",-122.39308166503906,37.782646179199219
9531460,2022,2022-11-09,3801,2022-10-03,2254,2089,TENDE,1,5,7,3801,0,0,0,,0,COJ1CA,"9TH ST","JESSIE ST",35.00,S,N,A,-,N,,,,,,,,,,Y,3,0,1,2,A,-,03,22350,,N,F,E,A,A,H,-,C,A,0,,,,,Y,,A,01,0,1,0,0,0,0,0,0,0,"- ","- ",,,"SAN FRANCISCO","SAN FRANCISCO",-122.41524505615234,37.776641845703125
9531462,2022,2022-11-08,3801,2022-10-17,1801,2725,RICHM,1,5,7,3801,0,0,0,,0,,"PRESIDIO AV","CLAY ST",0.00,,Y,A,-,N,,,,,,,,,,N,4,0,1,2,A,-,09,21802,A,N,D,C,A,A,H,-,A,A,0,,,,,Y,,M,94,0,0,1,0,0,0,0,0,0,"- ","- ",,,"SAN FRANCISCO","SAN FRANCISCO",-122.44715881347656,37.789073944091797
9531507,2022,2022-11-09,3801,2022-10-15,0937,392,MISSI,6,5,7,3801,0,0,0,,0,3D14A,"22ND ST","CAPP ST",152.00,E,N,A,-,N,,,,,,,,,,Y,4,0,1,2,A,-,01,23152,A,N,C,C,A,A,H,-,A,D,0,,,,,Y,Y,A,01,0,0,1,0,0,0,0,0,0,"- ","- ",,,"SAN FRANCISCO","SAN FRANCISCO",-122.41713714599609,37.755550384521484
9531521,2022,2022-11-22,3801,2022-07-20,1830,1810,MISSI,3,5,7,3801,0,0,0,,0,3D14D,"21ST ST","MISSION ST",0.00,,Y,F,-,N,,,,,,,,,,N,2,0,1,2,A,-,17,22517,,N,H,G,A,-,G,-,-,-,0,,Y,,,Y,,A,07,1,0,0,0,0,0,1,0,0,"- ","- ",,,"SAN FRANCISCO","SAN FRANCISCO",-122.41891479492188,37.757015228271484
9531522,2022,2022-11-18,3801,2022-07-08,1255,4178,INGLE,5,5,7,3801,0,0,0,,0,4B3A,"BANKS ST","CORTLAND AV",34.00,S,N,A,-,N,,,,,,,,,,Y,4,0,1,1,A,-,13,22515,A,N,E,I,A,A,H,-,A,D,0,,,,,Y,,A,01,0,0,1,0,0,0,0,0,0,"- ","- ",,,"SAN FRANCISCO","SAN FRANCISCO",-122.41274261474609,37.739269256591797
9531523,2022,2022-11-22,3801,2022-07-11,2331,2459,SOUTH,1,5,7,3801,0,0,0,,0,3B14E,"10TH ST","HARRISON ST",5.00,N,N,A,-,N,,,,,,,,,,N,4,0,1,2,A,-,04,21703,,N,C,C,A,A,H,-,C,A,0,,,,,Y,,A,01,0,0,1,0,0,0,0,0,0,"- ","- ",,,"SAN FRANCISCO","SAN FRANCISCO",-122.41126251220703,37.771610260009766
9531524,2022,2022-12-05,3801,2022-07-21,0907,1513,RICHM,4,5,7,3801,0,0,0,,0,2CAR,BRODERICK,POST,0.00,,Y,B,-,N,,,,,,,,,,N,4,0,1,2,A,-,21,22106,,N,D,E,-,A,H,-,A,D,0,Y,,,,Y,,A,01,0,0,1,0,1,0,0,0,0,"- ","- ",,,"SAN FRANCISCO","SAN FRANCISCO",-122.44135284423828,37.784088134765625
9531526,2022,2022-11-22,3801,2022-07-26,1830,469,MISSI,2,5,7,3801,0,0,0,,0,3D14D,"CESAR CHAVEZ","BRYANT ST",0.00,,Y,A,-,N,,,,,,,,,,N,3,0,1,2,A,-,08,22107,,N,B,G,A,A,H,-,A,A,0,,Y,,,Y,,A,01,0,1,0,0,0,0,1,0,0,"- ","- ",,,"SAN FRANCISCO","SAN FRANCISCO",-122.40872192382812,37.748401641845703
9531541,2022,2022-11-17,3801,2022-10-23,0836,1388,TARAV,7,5,7,3801,0,0,0,,0,3I15A,"VICENTE ST","14TH AV",0.00,,Y,A,-,N,,,,,,,,,,,4,0,1,2,A,-,09,21800,A,N,-,C,A,A,H,-,A,A,0,,,,,Y,,A,01,0,0,1,0,0,0,0,0,0,"- ","- ",,,"SAN FRANCISCO","SAN FRANCISCO",-122.46997833251953,37.739536285400391
9531542,2022,2022-11-07,3801,2022-08-04,2030,1769,MISSI,4,5,7,3801,0,0,0,,0,3D11E,"VALENCIA ST","DUBOCE AV",0.00,,Y,A,-,N,,,,,,,,,,N,4,0,1,2,A,-,08,22107,,F,B,G,A,A,H,-,C,A,0,,Y,,,Y,,A,01,0,0,1,0,0,0,1,0,0,"- ","- ",,,"SAN FRANCISCO","SAN FRANCISCO",-122.42236328125,37.769866943359375
9531543,2022,2022-11-07,3801,2022-08-07,1457,1355,TARAV,7,5,7,3801,0,0,0,,0,3I13B,"SKYLINE BL","LAKE MERCED BL",0.00,,Y,A,-,N,,,,,,,,,,Y,2,0,2,3,A,-,09,21801,A,N,D,C,A,A,H,-,A,D,0,,,,,Y,,A,01,1,0,1,0,0,0,0,0,0,"- ","- ",,,"SAN FRANCISCO","SAN FRANCISCO",-122.49894714355469,37.731536865234375
9531544,2022,2022-11-07,3801,2022-08-26,1341,1394,MISSI,5,5,7,3801,0,0,0,,0,MISSIO,"CAPP ST","18TH ST",0.00,,Y,A,-,N,,,,,,,,,,Y,3,0,1,2,A,-,03,22350,,F,B,E,A,A,H,-,A,D,0,,,,,Y,,A,01,0,1,0,0,0,0,0,0,0,"- ","- ",,,"SAN FRANCISCO","SAN FRANCISCO",-122.41826629638672,37.761894226074219
9531545,2022,2022-11-21,3801,2022-08-15,1657,812,BAYVI,1,5,7,3801,0,0,0,,0,005,"3RD ST","FITZGERALD AV",0.00,,Y,A,-,N,,,,,,,,,,Y,4,0,1,2,A,-,08,22107,,F,D,F,A,A,H,-,A,A,0,,,,,Y,,A,01,0,0,1,0,0,0,0,0,0,"- ","- ",,,"SAN FRANCISCO","SAN FRANCISCO",-122.39539337158203,37.723201751708984
9531546,2022,2022-11-21,3801,2022-08-04,0115,2237,TENDE,4,5,7,3801,0,0,0,,0,3J12E,"MARKET ST","CYRIL MAGNIN ST",0.00,,Y,A,-,N,,,,,,,,,,N,3,0,3,4,A,-,08,22107,,N,D,J,A,A,H,-,C,A,0,,,,,Y,,A,01,0,2,1,0,0,0,0,0,0,"- ","- ",,,"SAN FRANCISCO","SAN FRANCISCO",-122.40805816650391,37.78399658203125
9531547,2022,2022-11-07,3801,2022-08-17,0932,504,NORTH,3,5,7,3801,0,0,0,,0,3E12A,"FULTON ST","FILLMORE ST",0.00,,Y,A,-,N,,,,,,,,,,N,3,0,1,2,A,-,08,22107,,N,D,G,A,A,G,-,A,A,0,,Y,,,Y,,A,01,0,1,0,0,0,0,1,0,0,"- ","- ",,,"SAN FRANCISCO","SAN FRANCISCO",-122.43155670166016,37.777690887451172
9531548,2022,2022-11-07,3801,2022-08-28,0600,1796,RICHM,7,5,7,3801,0,0,0,,0,,"FULTON ST","30TH AV",14.00,S,N,A,-,N,,,,,,,,,,Y,4,0,1,2,A,-,03,22350,,N,C,C,A,A,H,-,A,A,0,,,,,Y,,A,01,0,0,1,0,0,0,0,0,0,"- ","- ",,,"SAN FRANCISCO","SAN FRANCISCO",-122.48954010009766,37.772331237792969
9531550,2022,2022-11-07,3801,2022-08-09,1320,1819,NORTH,2,5,7,3801,0,0,0,,0,003,"PORTOLA AV","BURNETTE AV",0.00,,Y,-,-,N,,,,,,,,,,N,4,0,1,2,A,-,03,22350,,N,C,-,A,-,-,-,-,-,0,,,,,Y,,-,,0,0,1,0,0,0,0,0,0,"- ","- ",,,"SAN FRANCISCO","SAN FRANCISCO",-122.44486999511719,37.747016906738281
9531551,2022,2022-11-07,3801,2022-08-08,1552,1427,TENDE,1,5,7,3801,0,0,0,,0,3J11D,"8TH ST","STEVENSON ALLEY",15.00,E,N,A,-,N,,,,,,,,,,N,4,0,1,2,A,-,11,21950,B,N,A,B,D,A,H,-,A,D,0,Y,,,,Y,,N,60,0,0,1,0,1,0,0,0,0,"- ","- ",,,"SAN FRANCISCO","SAN FRANCISCO",-122.41411590576172,37.778221130371094
9531558,2022,2022-11-15,3801,2022-06-20,0927,4277,BAYVI,1,5,7,3801,0,0,0,,0,3C00,"25TH ST","MINNESOTA ST",0.00,,Y,A,-,N,,,,,,,,,,N,4,0,1,2,A,-,12,22450,A,N,D,C,A,A,H,-,A,A,0,,,,,Y,,A,01,0,0,1,0,0,0,0,0,0,"- ","- ",,,"SAN FRANCISCO","SAN FRANCISCO",-122.38973999023438,37.752731323242188