CASE_ID,ACCIDENT_YEAR,PROC_DATE,JURIS,COLLISION_DATE,COLLISION_TIME,OFFICER_ID,REPORTING_DISTRICT,DAY_OF_WEEK,CHP_SHIFT,POPULATION,CNTY_CITY_LOC,SPECIAL_COND,BEAT_TYPE,CHP_BEAT_TYPE,CITY_DIVISION_LAPD,CHP_BEAT_CLASS,BEAT_NUMBER,PRIMARY_RD,SECONDARY_RD,DISTANCE,DIRECTION,INTERSECTION,WEATHER_1,WEATHER_2,STATE_HWY_IND,CALTRANS_COUNTY,CALTRANS_DISTRICT,STATE_ROUTE,ROUTE_SUFFIX,POSTMILE_PREFIX,POSTMILE,LOCATION_TYPE,RAMP_INTERSECTION,SIDE_OF_HWY,TOW_AWAY,COLLISION_SEVERITY,NUMBER_KILLED,NUMBER_INJURED,PARTY_COUNT,PRIMARY_COLL_FACTOR,PCF_CODE_OF_VIOL,PCF_VIOL_CATEGORY,PCF_VIOLATION,PCF_VIOL_SUBSECTION,HIT_AND_RUN,TYPE_OF_COLLISION,MVIW,PED_ACTION,ROAD_SURFACE,ROAD_COND_1,ROAD_COND_2,LIGHTING,CONTROL_DEVICE,CHP_ROAD_TYPE,PEDESTRIAN_ACCIDENT,BICYCLE_ACCIDENT,MOTORCYCLE_ACCIDENT,TRUCK_ACCIDENT,NOT_PRIVATE_PROPERTY,ALCOHOL_INVOLVED,STWD_VEHTYPE_AT_FAULT,CHP_VEHTYPE_AT_FAULT,COUNT_SEVERE_INJ,COUNT_VISIBLE_INJ,COUNT_COMPLAINT_PAIN,COUNT_PED_KILLED,COUNT_PED_INJURED,COUNT_BICYCLIST_KILLED,COUNT_BICYCLIST_INJURED,COUNT_MC_KILLED,COUNT_MC_INJURED,PRIMARY_RAMP,SECONDARY_RAMP,LATITUDE,LONGITUDE,COUNTY,CITY,POINT_X,POINT_Y
9543081,2022,2023-02-08,3801,2022-12-28,1835,1875,BAYVI,3,5,7,3801,0,0,0,,0,3C13D,"DEDMAN CT","CASHMERE ST",459.00,E,N,A,-,N,,,,,,,,,,N,4,0,1,2,A,-,13,22515,A,N,C,E,A,A,H,-,C,D,0,,,,,Y,,A,01,0,0,1,0,0,0,0,0,0,"- ","- ",,,"SAN FRANCISCO","SAN FRANCISCO",-122.38430023193359,37.736854553222656
9543082,2022,2023-02-08,3801,2022-12-02,1954,1251,BAYVI,5,5,7,3801,0,0,0,,0,3C12D,"BAY SHORE BL","CORTLAND AV",320.00,N,N,A,-,N,,,,,,,,,,Y,4,0,2,2,A,-,03,22350,,F,C,C,A,A,H,-,C,D,0,,,,,Y,,A,01,0,0,2,0,0,0,0,0,0,"- ","- ",,,"SAN FRANCISCO","SAN FRANCISCO",-122.40687561035156,37.740455627441406
9543083,2022,2023-02-08,3801,2022-12-27,0933,2039,TARAV,2,5,7,3801,0,0,0,,0,005,"JUNIPERO SERRA BL","OCEAN AV",0.00,,Y,C,-,N,,,,,,,,,,Y,4,0,5,3,A,-,09,21453,C,N,D,C,A,B,H,-,A,A,0,,,,,Y,,A,01,0,0,5,0,0,0,0,0,0,"- ","- ",,,"SAN FRANCISCO","SAN FRANCISCO",-122.47213745117188,37.731204986572266
9543084,2022,2023-02-08,3801,2022-12-27,1310,1917,TARAV,2,5,7,3801,0,0,0,,0,3I16A,"OCEAN AV","PLYMOUTH AV",25.00,E,N,C,-,N,,,,,,,,,,N,4,0,1,2,A,-,03,22350,,N,C,C,A,B,H,-,A,A,0,,,,,Y,,A,01,0,0,1,0,0,0,0,0,0,"- ","- ",,,"SAN FRANCISCO","SAN FRANCISCO",-122.45645904541016,37.723960876464844
9543085,2022,2023-02-08,3801,2022-12-28,1729,4314,RICHM,3,5,7,3801,0,0,0,,0,0G1,"PARK PRESIDIO BL","FULTON ST",90.00,S,N,A,-,N,,,,,,,,,,Y,4,0,6,4,A,-,03,22350,,F,C,C,A,A,H,-,C,D,0,,,,,Y,,A,07,0,0,6,0,0,0,0,0,0,"- ","- ",,,"SAN FRANCISCO","SAN FRANCISCO",-122.47177886962891,37.773128509521484
9543086,2022,2023-02-08,3801,2022-12-29,1654,2342,NORTH,4,5,7,3801,0,0,0,,0,3E4D,"POLK ST","MCALLISTER ST",0.00,,Y,C,-,N,,,,,,,,,,N,4,0,1,2,A,-,10,21950,A,N,D,B,B,B,H,-,C,D,0,Y,,,,Y,,A,01,0,0,1,0,1,0,0,0,0,"- ","- ",,,"SAN FRANCISCO","SAN FRANCISCO",-122.41860198974609,37.7802734375
9543087,2022,2023-02-08,3801,2022-12-24,1542,1371,NORTH,6,5,7,3801,0,0,0,,0,003,"GOLDEN GATE AV","POLK ST",0.00,,Y,A,-,N,,,,,,,,,,Y,4,0,2,2,A,-,08,22100,B,N,B,C,A,A,H,-,A,A,0,,,,,Y,,A,01,0,0,2,0,0,0,0,0,0,"- ","- ",,,"SAN FRANCISCO","SAN FRANCISCO",-122.41880035400391,37.781227111816406
9543088,2022,2023-02-08,3801,2022-12-27,1457,2293,NORTH,2,5,7,3801,0,0,0,,0,,"LOMBARD ST","SCOTT ST",0.00,,Y,A,-,N,,,,,,,,,,Y,4,0,8,2,A,-,09,21801,A,N,B,C,A,B,H,-,A,A,0,,,,,Y,,A,01,0,0,8,0,0,0,0,0,0,"- ","- ",,,"SAN FRANCISCO","SAN FRANCISCO",-122.44100189208984,37.799209594726562
9543089,2022,2023-02-07,3801,2022-12-29,1801,1696,NORTH,4,5,7,3801,0,0,0,,0,3E15D,"DIVISADERO ST","FRANCISCO ST",0.00,,Y,A,-,N,,,,,,,,,,N,4,0,1,2,A,-,10,21950,A,N,G,B,B,B,H,-,C,A,0,Y,,,,Y,,A,01,0,0,1,0,1,0,0,0,0,"- ","- ",,,"SAN FRANCISCO","SAN FRANCISCO",-122.44303131103516,37.800918579101562
9543090,2022,2023-02-09,3801,2022-12-25,1917,539,NORTH,7,5,7,3801,0,0,0,,0,,"FRANKLIN ST","OAK ST",38.00,S,N,A,-,N,,,,,,,,,,N,4,0,1,2,A,-,04,21703,,N,C,C,A,-,H,-,C,B,0,,,,,Y,,A,01,0,0,1,0,0,0,0,0,0,"- ","- ",,,"SAN FRANCISCO","SAN FRANCISCO",-122.42092895507812,37.775108337402344
9543093,2022,2023-02-07,3801,2022-12-14,2355,A23187,CENTR,3,5,7,3801,0,0,0,,0,3A11E,"POST ST","LEAVENWORTH ST",0.00,,Y,A,-,N,,,,,,,,,,Y,4,0,2,2,A,-,12,21453,A,F,D,C,A,A,H,-,C,A,0,,,,,Y,,A,01,0,0,2,0,0,0,0,0,0,"- ","- ",,,"SAN FRANCISCO","SAN FRANCISCO",-122.41499328613281,37.787452697753906
9543094,2022,2023-02-07,3801,2022-12-03,1116,1557,TARAV,6,5,7,3801,0,0,0,,0,3I2,"JUDAH ST","35TH AV",0.00,,Y,C,-,N,,,,,,,,,,N,4,0,1,2,A,-,09,21800,A,N,D,C,A,B,H,-,A,D,0,,,,,Y,,A,01,0,0,1,0,0,0,0,0,0,"- ","- ",,,"SAN FRANCISCO","SAN FRANCISCO",-122.49413299560547,37.760940551757812
9543095,2022,2023-02-07,3801,2022-12-19,0744,1003,INGLE,1,5,7,3801,0,0,0,,0,3CAR,"ALEMANY BL","CONGDON ST",0.00,,Y,A,-,N,,,,,,,,,,Y,3,0,1,3,A,-,09,21801,A,N,D,C,A,A,H,-,A,A,0,,,Y,,Y,,A,01,0,1,0,0,0,0,0,0,1,"- ","- ",,,"SAN FRANCISCO","SAN FRANCISCO",-122.42619323730469,37.731166839599609
9543097,2022,2023-02-07,3801,2022-12-22,1602,1845,TARAV,4,5,7,3801,0,0,0,,0,03I,"PORTOLA DR","SANTA ANA AV",0.00,,Y,A,-,N,,,,,,,,,,N,3,0,1,2,A,-,09,21801,A,N,D,C,A,A,H,-,A,A,0,,,,,Y,,A,01,0,1,0,0,0,0,0,0,0,"- ","- ",,,"SAN FRANCISCO","SAN FRANCISCO",-122.46833038330078,37.737415313720703
9543098,2022,2023-02-07,3801,2022-12-21,1547,1897,INGLE,3,5,7,3801,0,0,0,,0,3H15D,"HEARST AV","HEARST AV 30",0.00,,-,A,-,N,,,,,,,,,,Y,3,0,1,1,A,-,01,23152,A,N,E,I,A,A,H,-,A,D,0,,,,,Y,Y,A,01,0,1,0,0,0,0,0,0,0,"- ","- ",,,"SAN FRANCISCO","SAN FRANCISCO",,
9543100,2022,2023-02-07,3801,2022-12-14,1715,2143,MISSI,3,5,7,3801,0,0,0,,0,3D11D,"18TH ST","18TH ST 3320",0.00,,-,A,-,N,,,,,,,,,,N,3,0,2,1,C,-,18,,,N,H,A,A,-,H,-,B,D,0,,Y,,,Y,Y,-,"- ",0,1,1,0,0,0,2,0,0,"- ","- ",,,"SAN FRANCISCO","SAN FRANCISCO",-122.417913,37.761924999999998
9543101,2022,2023-02-07,3801,2022-12-17,1613,1183,MISSI,6,5,7,3801,0,0,0,,0,3D114,"18TH ST","S VAN NESS AV",0.00,,Y,A,-,N,,,,,,,,,,N,4,0,1,2,A,-,10,21950,A,F,G,B,B,A,H,-,A,A,0,Y,,,,Y,,A,01,0,0,1,0,1,0,0,0,0,"- ","- ",,,"SAN FRANCISCO","SAN FRANCISCO",-122.41719818115234,37.761947631835938
9543102,2022,2023-02-07,3801,2022-12-17,2500,2035,MISSI,6,5,7,3801,0,0,0,,0,3D16E,"MARKET ST","ROMAIN ST",34.00,N,N,A,-,N,,,,,,,,,,Y,2,0,1,1,A,-,03,22350,,N,-,I,A,A,H,-,C,D,0,,,,,Y,,A,07,1,0,0,0,0,0,0,0,0,"- ","- ",,,"SAN FRANCISCO","SAN FRANCISCO",-122.44112396240234,37.756282806396484
9543103,2022,2023-02-07,3801,2022-12-14,1954,2008,MISSI,3,5,7,3801,0,0,0,,0,3D15D,"DOLORES ST","14TH ST",0.00,,Y,A,-,N,,,,,,,,,,Y,2,0,2,2,A,-,09,21801,A,N,D,C,A,A,H,-,C,A,0,,,,,Y,,A,01,1,0,1,0,0,0,0,0,0,"- ","- ",,,"SAN FRANCISCO","SAN FRANCISCO",-122.42677307128906,37.767879486083984
9543104,2022,2023-02-07,3801,2022-12-17,2000,2100,MISSI,6,5,7,3801,0,0,0,,0,3D12D,"POTRERO AV","25TH ST",0.00,S,-,A,-,N,,,,,,,,,,Y,4,0,1,1,A,-,08,22107,,N,E,I,A,A,H,-,C,D,0,,,,,Y,,A,08,0,0,1,0,0,0,0,0,0,"- ","- ",37.756160736083984,-122.40609741210938,"SAN FRANCISCO","SAN FRANCISCO",-122.40620422363281,37.751743316650391
9543105,2022,2023-02-07,3801,2022-12-13,0702,2161,MISSI,2,5,7,3801,0,0,0,,0,3D14A,"17TH ST","BRYANT ST",32.00,W,N,A,-,N,,,,,,,,,,N,4,0,1,2,A,-,03,22350,,N,C,C,A,A,H,-,A,D,0,,,,,Y,,A,01,0,0,1,0,0,0,0,0,0,"- ","- ",,,"SAN FRANCISCO","SAN FRANCISCO",-122.41049194335938,37.764308929443359
9543106,2022,2023-02-07,3801,2022-12-23,1316,830,MISSI,5,5,7,3801,0,0,0,,0,3D2C,"CLIPPER ST","CASTRO ST",0.00,,Y,A,-,N,,,,,,,,,,N,4,0,1,2,A,-,09,21800,B,N,D,C,A,A,H,-,A,A,0,,,,,Y,,A,01,0,0,1,0,0,0,0,0,0,"- ","- ",,,"SAN FRANCISCO","SAN FRANCISCO",-122.433837890625,37.748897552490234
9543107,2022,2023-02-07,3801,2022-12-26,0813,392,MISSI,1,5,7,3801,0,0,0,,0,3D14A,"S VAN NESS AV","24TH ST",37.00,N,N,B,-,N,,,,,,,,,,Y,3,0,2,3,A,-,11,21453,D,N,G,B,B,A,H,-,A,A,0,Y,,Y,,Y,,N,60,0,1,1,0,1,0,0,0,1,"- ","- ",,,"SAN FRANCISCO","SAN FRANCISCO",-122.41629028320312,37.752479553222656
9543108,2022,2023-02-07,3801,2022-12-25,1603,327,MISSI,7,5,7,3801,0,0,0,,0,3D14C,"24TH ST","SHOTWELL ST",0.00,,Y,A,-,N,,,,,,,,,,N,3,0,1,2,A,-,01,21200,5,F,B,C,A,A,H,-,A,A,0,,Y,,,Y,Y,L,04,0,1,0,0,0,0,1,0,0,"- ","- ",,,"SAN FRANCISCO","SAN FRANCISCO",-122.41517639160156,37.752452850341797
9543109,2022,2023-02-07,3801,2022-12-19,2257,1602,MISSI,1,5,7,3801,0,0,0,,0,SECTOR,"VALENCIA ST","DUBOCE AV",0.00,,Y,A,-,N,,,,,,,,,,N,3,0,1,2,A,-,12,21453,A,N,D,C,A,A,H,-,C,A,0,,,,,Y,,-,,0,1,0,0,0,0,0,0,0,"- ","- ",,,"SAN FRANCISCO","SAN FRANCISCO",-122.42236328125,37.769866943359375
9543110,2022,2023-02-07,3801,2022-12-25,2200,610,MISSI,7,5,7,3801,0,0,0,,0,3D41A,"24TH ST","TREAT AV",0.00,,Y,A,-,N,,,,,,,,,,N,4,0,2,2,A,-,12,22450,A,F,A,C,A,A,H,-,C,A,0,,,,,Y,,A,01,0,0,2,0,0,0,0,0,0,"- ","- ",,,"SAN FRANCISCO","SAN FRANCISCO",-122.41299438476562,37.752571105957031
9543111,2022,2023-02-07,3801,2022-12-21,1439,327,MISSI,3,5,7,3801,0,0,0,,0,3D15C,"POTRERO AV","17TH ST",64.00,N,N,A,-,N,,,,,,,,,,N,4,0,1,2,A,-,11,21955,,N,A,B,D,A,H,-,A,D,0,Y,,,,Y,,N,60,0,0,1,0,1,0,0,0,0,"- ","- ",,,"SAN FRANCISCO","SAN FRANCISCO",-122.40744781494141,37.764663696289062
9543112,2022,2023-02-07,3801,2022-12-21,1620,2390,MISSI,3,5,7,3801,0,0,0,,0,3D14D,"18TH ST","LEXINGTON ST",86.00,E,N,A,-,N,,,,,,,,,,N,3,0,1,2,A,-,17,22517,,N,H,G,A,A,H,-,A,D,0,,Y,,,Y,,A,01,0,1,0,0,0,0,1,0,0,"- ","- ",,,"SAN FRANCISCO","SAN FRANCISCO",-122.42048645019531,37.761768341064453
9543113,2022,2023-02-07,3801,2022-12-19,0639,830,MISSI,1,5,7,3801,0,0,0,,0,3D16A,"16TH ST","S VAN NESS AV",0.00,,Y,B,-,N,,,,,,,,,,N,4,0,1,2,A,-,09,21801,,N,D,C,A,A,H,-,C,A,0,,,Y,,Y,,A,01,0,0,1,0,0,0,0,0,1,"- ","- ",,,"SAN FRANCISCO","SAN FRANCISCO",-122.41748809814453,37.765178680419922
9543114,2022,2023-02-07,3801,2022-12-24,1608,2725,RICHM,6,5,7,3801,0,0,0,,0,,"CLAY ST","LYON ST",0.00,,Y,-,-,N,,,,,,,,,,N,4,0,1,2,A,-,12,22450,A,F,D,C,A,A,H,-,A,A,0,,,,,Y,,A,01,0,0,1,0,0,0,0,0,0,"- ","- ",,,"SAN FRANCISCO","SAN FRANCISCO",-122.44577026367188,37.789234161376953
9543115,2022,2023-02-07,3801,2022-12-27,1747,2433,SOUTH,2,5,7,3801,0,0,0,,0,3B13D,"6TH ST","MINNA ST",0.00,,Y,A,-,N,,,,,,,,,,N,4,0,1,2,A,-,12,21453,A,F,D,G,A,A,H,-,C,A,0,,Y,,,Y,,A,01,0,0,1,0,0,0,1,0,0,"- ","- ",,,"SAN FRANCISCO","SAN FRANCISCO",-122.40813446044922,37.780551910400391
9543116,2022,2023-02-07,3801,2022-12-28,2122,1104,CENTR,3,5,7,3801,0,0,0,,0,3A11E,"LARKIN ST","SUTTER ST",0.00,,Y,B,-,N,,,,,,,,,,N,4,0,1,2,D,-,00,,,N,D,B,B,A,H,-,C,A,0,Y,,,,Y,,-,"- ",0,0,1,0,1,0,0,0,0,"- ","- ",,,"SAN FRANCISCO","SAN FRANCISCO",-122.41846466064453,37.787967681884766
9543117,2022,2023-02-07,3801,2022-12-27,1543,4212,PARK,2,5,7,3801,0,0,0,,0,3F13D,"BAKER ST","TURK ST",0.00,,Y,A,-,N,,,,,,,,,,Y,4,0,1,2,A,-,09,21801,A,N,D,C,A,A,H,-,A,A,0,,,Y,,Y,,A,07,0,0,1,0,0,0,0,0,1,"- ","- ",,,"SAN FRANCISCO","SAN FRANCISCO",-122.44206237792969,37.779262542724609
9543118,2022,2023-02-07,3801,2022-12-25,1619,2238,BAYVI,7,5,7,3801,0,0,0,,0,0C2,"PALOU AV","RANKIN ST",251.00,W,N,A,-,N,,,,,,,,,,N,3,0,1,2,A,-,09,21804,A,N,D,C,A,A,H,-,A,D,0,,,Y,,Y,,A,07,0,1,0,0,0,0,0,0,1,"- ","- ",,,"SAN FRANCISCO","SAN FRANCISCO",-122.39908599853516,37.738620758056641
9543119,2022,2023-02-07,3801,2022-12-25,1638,4212,PARK,7,5,7,3801,0,0,0,,0,3F13D,"FELL ST","MASONIC AV",0.00,,Y,A,-,N,,,,,,,,,,Y,4,0,1,2,A,-,12,21453,A,N,D,C,A,A,H,-,A,A,0,,,,,Y,,A,01,0,0,1,0,0,0,0,0,0,"- ","- ",,,"SAN FRANCISCO","SAN FRANCISCO",-122.44591522216797,37.772983551025391
9543120,2022,2023-02-07,3801,2022-12-21,1532,1637,SOUTH,3,5,7,3801,0,0,0,,0,3B12D,"BRADFORD ST","STERLING ST",0.00,,Y,A,-,N,,,,,,,,,,N,4,0,1,2,A,-,08,22107,,N,C,C,A,A,H,-,A,A,0,,,,,Y,,-,,0,0,1,0,0,0,0,0,0,"- ","- ",,,"SAN FRANCISCO","SAN FRANCISCO",,
9543121,2022,2023-02-14,3801,2022-12-11,2500,,INGLE,7,5,7,3801,0,0,0,,0,3H15D,"MISSION ST","SICKLES ST",0.00,,Y,C,-,N,,,,,,,,,,Y,4,0,4,2,A,-,08,22107,,N,B,C,A,B,H,-,C,A,0,,,,,Y,Y,A,01,0,0,4,0,0,0,0,0,0,"- ","- ",,,"SAN FRANCISCO","SAN FRANCISCO",-122.4527587890625,37.70880126953125
9543141,2022,2023-02-08,3801,2022-12-09,1927,1804,BAYVI,5,5,7,3801,0,0,0,,0,3C13D,"3RD AV","OAKDALE AV",0.00,,Y,A,-,N,,,,,,,,,,Y,4,0,1,2,A,-,12,21453,A,F,D,C,A,A,H,-,C,A,0,,,,,Y,,A,01,0,0,1,0,0,0,0,0,0,"- ","- ",,,"SAN FRANCISCO","SAN FRANCISCO",-122.39076995849609,37.734832763671875
9543143,2022,2023-02-08,3801,2022-12-10,0413,2457,SOUTH,6,5,7,3801,0,0,0,,0,3B11E,"1ST ST",MISSION,0.00,,Y,A,-,N,,,,,,,,,,Y,4,0,3,2,A,-,12,21453,A,N,D,C,A,B,H,-,C,A,0,,,,,Y,,A,01,0,0,3,0,0,0,0,0,0,"- ","- ",,,"SAN FRANCISCO","SAN FRANCISCO",-122.39756774902344,37.789775848388672
9543144,2022,2023-02-08,3801,2022-12-09,1738,2149,SOUTH,5,5,7,3801,0,0,0,,0,,"7TH ST","HOWARD ST",200.00,S,N,A,-,N,,,,,,,,,,N,3,0,1,2,A,-,11,21954,A,N,G,B,D,A,H,-,C,D,0,Y,,,,Y,,N,60,0,1,0,0,1,0,0,0,0,"- ","- ",,,"SAN FRANCISCO","SAN FRANCISCO",-122.40890502929688,37.777595520019531
9543145,2022,2023-02-08,3801,2022-12-07,2304,2035,MISSI,3,5,7,3801,0,0,0,,0,,"HARRISON ST","MARIPOSA ST",104.00,S,N,A,-,N,,,,,,,,,,N,2,0,1,2,A,-,09,21804,,N,D,G,A,A,H,-,C,D,0,,Y,,,Y,,L,04,1,0,0,0,0,0,1,0,0,"- ","- ",,,"SAN FRANCISCO","SAN FRANCISCO",-122.41287231445312,37.762615203857422
9543147,2022,2023-02-08,3801,2022-12-10,2040,1527,NORTH,6,5,7,3801,0,0,0,,0,0E5,"FILBERT ST","GOUGH ST",0.00,,Y,C,-,N,,,,,,,,,,N,4,0,2,3,A,-,10,21950,A,N,G,B,B,B,H,-,C,A,0,Y,,,,Y,Y,A,01,0,0,2,0,2,0,0,0,0,"- ","- ",,,"SAN FRANCISCO","SAN FRANCISCO",-122.42745971679688,37.799072265625
9543149,2022,2023-02-08,3801,2022-12-09,0630,4370,INGLE,5,5,7,3801,0,0,0,,0,3H15A,"MISSION ST","CESAR CHAVEZ ST",6.00,S,N,A,-,N,,,,,,,,,,N,4,0,1,2,A,-,10,21950,A,F,G,B,B,A,H,-,C,A,0,Y,,,,Y,,A,01,0,0,1,0,1,0,0,0,0,"- ","- ",,,"SAN FRANCISCO","SAN FRANCISCO",-122.418212890625,37.748207092285156
9543150,2022,2023-02-08,3801,2022-12-04,1239,2196,MISSI,7,5,7,3801,0,0,0,,0,3D1A,"CASTRO ST","18TH ST",240.00,N,N,A,-,N,,,,,,,,,,N,4,0,1,2,A,-,03,22350,,N,H,C,A,A,H,-,A,D,0,,,Y,,Y,,C,03,0,0,1,0,0,0,0,0,1,"- ","- ",,,"SAN FRANCISCO","SAN FRANCISCO",-122.43506622314453,37.761547088623047
9543151,2022,2023-02-08,3801,2022-12-09,2000,2268,INGLE,5,5,7,3801,0,0,0,,0,3H14C,"SUTTER ST","SUTTER ST 840",0.00,,N,C,-,N,,,,,,,,,,N,3,0,1,2,A,-,08,22107,,F,B,C,A,B,H,-,C,D,0,,,Y,,Y,,A,01,0,1,0,0,0,0,0,0,1,"- ","- ",,,"SAN FRANCISCO","SAN FRANCISCO",-116.98536682128906,34.421840667724609
9543152,2022,2023-02-08,3801,2022-12-08,2028,2239,INGLE,4,5,7,3801,0,0,0,,0,3H11D,"MISSION ST","MISSION ST 3170",0.00,,N,C,-,N,,,,,,,,,,N,3,0,1,2,A,-,17,22517,,N,H,G,A,B,H,-,C,D,0,,Y,,,Y,,A,07,0,1,0,0,0,0,1,0,0,"- ","- ",,,"SAN FRANCISCO","SAN FRANCISCO",-122.41979217529297,37.7705078125
9543154,2022,2023-02-08,3801,2022-12-14,1600,426,NORTH,3,5,7,3801,0,0,0,,0,3E13D,"MYRTLE ST","LARKIN ST",125.00,W,N,A,-,N,,,,,,,,,,N,4,0,1,2,A,-,09,21804,,F,G,B,F,A,H,-,A,D,0,Y,,,,Y,,A,07,0,0,1,0,1,0,0,0,0,"- ","- ",,,"SAN FRANCISCO","SAN FRANCISCO",-122.41843414306641,37.78558349609375
9543156,2022,2023-02-08,3801,2022-12-13,2500,746,INGLE,2,5,7,3801,0,0,0,,0,3H61,"MISSION ST","GENEVA AV",0.00,,Y,A,-,N,,,,,,,,,,Y,3,0,2,2,A,-,09,21801,,N,-,C,A,A,H,-,C,A,0,,,Y,,Y,,A,07,0,1,1,0,0,0,0,0,2,"- ","- ",,,"SAN FRANCISCO","SAN FRANCISCO",-122.44100189208984,37.716388702392578
9543158,2022,2023-02-08,3801,2022-12-13,0718,1003,INGLE,2,5,7,3801,0,0,0,,0,3CAR,"MISSION ST","MISSION ST 4071",0.00,,-,A,-,N,,,,,,,,,,Y,4,0,1,2,A,-,05,21460,A,N,D,C,A,A,H,-,A,D,0,,,,,Y,,A,01,0,0,1,0,0,0,0,0,0,"- ","- ",,,"SAN FRANCISCO","SAN FRANCISCO",-122.41979217529297,37.7705078125
9543160,2022,2023-02-08,3801,2022-12-19,1308,1653,INGLE,1,5,7,3801,0,0,0,,0,3H5A,"ALEMANY BL","NAGLEE AV",150.00,S,N,A,-,N,,,,,,,,,,Y,3,0,3,1,A,-,03,22350,,N,E,I,A,A,H,-,A,-,0,,,,,Y,,A,01,0,1,2,0,0,0,0,0,0,"- ","- ",,,"SAN FRANCISCO","SAN FRANCISCO",-122.44947052001953,37.713752746582031
9543161,2022,2023-02-02,3801,2022-12-04,1608,1336,NORTH,7,5,7,3801,0,0,0,,0,0E1,"OAK ST","BUCHANAN ST",0.00,,Y,B,-,N,,,,,,,,,,N,4,0,1,2,A,-,10,21950,,F,G,B,B,B,H,-,A,A,0,Y,,,,Y,,-,,0,0,1,0,1,0,0,0,0,"- ","- ",,,"SAN FRANCISCO","SAN FRANCISCO",-122.42754364013672,37.774402618408203
9543162,2022,2023-02-02,3801,2022-12-06,0740,1906,NORTH,2,5,7,3801,0,0,0,,0,3E6,"VAN NESS AV","VALLEJO ST",15.00,S,N,A,-,N,,,,,,,,,,Y,3,0,1,1,C,-,18,,,N,E,I,A,A,H,-,A,A,0,,,,,Y,,-,"- ",0,1,0,0,0,0,0,0,0,"- ","- ",,,"SAN FRANCISCO","SAN FRANCISCO",-122.42352294921875,37.796657562255859
9543163,2022,2023-02-02,3801,2022-12-03,0007,1857,NORTH,6,5,7,3801,0,0,0,,0,3E12E,"LAGUNA ST","OAK ST",0.00,,Y,A,-,N,,,,,,,,,,Y,3,0,2,3,A,-,12,21453,A,N,D,C,A,A,H,-,C,A,0,,,,,Y,,-,"- ",0,1,1,0,0,0,0,0,0,"- ","- ",,,"SAN FRANCISCO","SAN FRANCISCO",-122.42588043212891,37.774600982666016
9543164,2022,2023-02-02,3801,2022-12-06,1755,1160,SOUTH,2,5,7,3801,0,0,0,,0,0B1,"MISSION ST","STEUART ST",105.00,W,N,A,-,N,,,,,,,,,,Y,4,0,1,2,A,-,08,22102,,N,B,C,A,A,H,-,C,D,0,,,Y,,Y,,A,01,0,0,1,0,0,0,0,0,1,"- ","- ",,,"SAN FRANCISCO","SAN FRANCISCO",-122.39344787597656,37.793045043945312
9543165,2022,2023-02-02,3801,2022-12-07,2230,1466,SOUTH,3,5,7,3801,0,0,0,,0,0B5,"CONNECTICUT ST","17TH ST",0.00,,Y,A,-,N,,,,,,,,,,N,4,0,1,2,D,-,00,,,N,G,B,B,A,H,-,C,A,0,Y,,,,Y,Y,-,"- ",0,0,1,0,1,0,0,0,0,"- ","- ",,,"SAN FRANCISCO","SAN FRANCISCO",-122.39775085449219,37.765071868896484
9543169,2022,2023-02-02,3801,2022-12-04,1710,221,RICHM,7,5,7,3801,0,0,0,,0,3G13D,"PARK PRESIDIO BL","ANZA ST",0.00,,Y,C,-,N,,,,,,,,,,N,3,0,1,2,A,-,09,21801,A,N,D,G,A,B,-,-,E,A,0,,Y,,,Y,,A,07,0,1,0,0,0,0,1,0,0,"- ","- ",,,"SAN FRANCISCO","SAN FRANCISCO",-122.47219085693359,37.778724670410156
9543170,2022,2023-02-02,3801,2022-12-05,0840,1825,SOUTH,1,5,7,3801,0,0,0,,0,3B12A,"5TH ST","CLARA ST",0.00,,Y,B,-,N,,,,,,,,,,N,3,0,1,2,A,-,05,21650,1,N,D,-,A,B,H,-,A,D,0,,Y,,,Y,,L,04,0,1,0,0,0,0,1,0,0,"- ","- ",,,"SAN FRANCISCO","SAN FRANCISCO",-122.40238189697266,37.779453277587891
9543171,2022,2023-02-02,3801,2022-12-07,1217,624,NORTH,3,5,7,3801,0,0,0,,0,002,"DIVISADERO ST","GEARY BL",0.00,,Y,A,-,N,,,,,,,,,,N,3,0,1,2,A,-,10,21950,A,N,-,B,B,A,H,-,A,A,0,Y,,,,Y,,A,01,0,1,0,0,1,0,0,0,0,"- ","- ",,,"SAN FRANCISCO","SAN FRANCISCO",-122.43947601318359,37.783359527587891
9543172,2022,2023-02-02,3801,2022-12-05,0050,1252,RICHM,1,5,7,3801,0,0,0,,0,0G3,"FULTON ST","PARK PRESIDIO BL",10.00,W,N,B,-,N,,,,,,,,,,Y,4,0,1,2,A,-,01,23153,A,N,A,C,A,B,H,-,C,A,0,,,,,Y,Y,A,01,0,0,1,0,0,0,0,0,0,"- ","- ",,,"SAN FRANCISCO","SAN FRANCISCO",-122.47181701660156,37.773128509521484
9543173,2022,2023-02-02,3801,2022-12-05,0935,1339,NORTH,1,5,7,3801,0,0,0,,0,,"LAGUNA ST","ELLIS ST",0.00,,Y,A,-,N,,,,,,,,,,N,4,0,2,4,A,-,10,21950,A,F,A,B,B,A,H,-,A,A,0,Y,,,,Y,,A,01,0,0,2,0,2,0,0,0,0,"- ","- ",,,"SAN FRANCISCO","SAN FRANCISCO",-122.42758178710938,37.782981872558594
9543174,2022,2023-02-02,3801,2022-12-05,2308,488,INGLE,1,5,7,3801,0,0,0,,0,3H15E,"S HILL BL","PRAGUE ST",0.00,,Y,C,-,N,,,,,,,,,,N,2,0,1,2,A,-,10,21950,A,N,G,B,B,B,H,-,C,A,0,Y,,,,Y,Y,A,01,1,0,0,0,1,0,0,0,0,"- ","- ",,,"SAN FRANCISCO","SAN FRANCISCO",-122.43231201171875,37.712230682373047