CASE_ID,ACCIDENT_YEAR,PROC_DATE,JURIS,COLLISION_DATE,COLLISION_TIME,OFFICER_ID,REPORTING_DISTRICT,DAY_OF_WEEK,CHP_SHIFT,POPULATION,CNTY_CITY_LOC,SPECIAL_COND,BEAT_TYPE,CHP_BEAT_TYPE,CITY_DIVISION_LAPD,CHP_BEAT_CLASS,BEAT_NUMBER,PRIMARY_RD,SECONDARY_RD,DISTANCE,DIRECTION,INTERSECTION,WEATHER_1,WEATHER_2,STATE_HWY_IND,CALTRANS_COUNTY,CALTRANS_DISTRICT,STATE_ROUTE,ROUTE_SUFFIX,POSTMILE_PREFIX,POSTMILE,LOCATION_TYPE,RAMP_INTERSECTION,SIDE_OF_HWY,TOW_AWAY,COLLISION_SEVERITY,NUMBER_KILLED,NUMBER_INJURED,PARTY_COUNT,PRIMARY_COLL_FACTOR,PCF_CODE_OF_VIOL,PCF_VIOL_CATEGORY,PCF_VIOLATION,PCF_VIOL_SUBSECTION,HIT_AND_RUN,TYPE_OF_COLLISION,MVIW,PED_ACTION,ROAD_SURFACE,ROAD_COND_1,ROAD_COND_2,LIGHTING,CONTROL_DEVICE,CHP_ROAD_TYPE,PEDESTRIAN_ACCIDENT,BICYCLE_ACCIDENT,MOTORCYCLE_ACCIDENT,TRUCK_ACCIDENT,NOT_PRIVATE_PROPERTY,ALCOHOL_INVOLVED,STWD_VEHTYPE_AT_FAULT,CHP_VEHTYPE_AT_FAULT,COUNT_SEVERE_INJ,COUNT_VISIBLE_INJ,COUNT_COMPLAINT_PAIN,COUNT_PED_KILLED,COUNT_PED_INJURED,COUNT_BICYCLIST_KILLED,COUNT_BICYCLIST_INJURED,COUNT_MC_KILLED,COUNT_MC_INJURED,PRIMARY_RAMP,SECONDARY_RAMP,LATITUDE,LONGITUDE,COUNTY,CITY,POINT_X,POINT_Y
9543258,2022,2023-02-06,3801,2022-12-07,1205,1540,TARAV,3,5,7,3801,0,0,0,,0,3I11A,"TARAVAL ST","18TH AV",75.00,W,N,A,-,N,,,,,,,,,,Y,4,0,1,1,A,-,08,22107,,N,-,I,A,A,H,-,A,D,0,,,,,Y,,A,01,0,0,1,0,0,0,0,0,0,"- ","- ",,,"SAN FRANCISCO","SAN FRANCISCO",-122.47488403320312,37.743141174316406
9543259,2022,2023-02-06,3801,2022-12-12,0950,563,TARAV,1,5,7,3801,0,0,0,,0,002,"20TH AV","ORTEGA ST",0.00,,Y,A,-,N,,,,,,,,,,Y,4,0,1,2,A,-,12,22450,A,N,D,C,A,A,H,-,A,A,0,,,,,Y,,A,01,0,0,1,0,0,0,0,0,0,"- ","- ",,,"SAN FRANCISCO","SAN FRANCISCO",-122.4774169921875,37.752300262451172
9543260,2022,2023-02-06,3801,2022-12-09,0750,2402,TARAV,5,5,7,3801,0,0,0,,0,3I13A,"TARAVAL ST","46TH AV",0.00,,Y,A,-,N,,,,,,,,,,Y,4,0,1,2,A,-,09,21802,A,N,D,C,A,A,H,-,A,A,0,,,,,Y,,A,01,0,0,1,0,0,0,0,0,0,"- ","- ",,,"SAN FRANCISCO","SAN FRANCISCO",-122.50463104248047,37.741771697998047
9543262,2022,2023-01-18,3801,2022-11-23,0936,2122,TENDE,3,5,7,3801,0,0,0,,0,3J12A,"MISSION ST","6TH ST",5.00,W,N,A,-,N,,,,,,,,,,N,4,0,1,2,A,-,10,21950,A,F,D,B,B,A,H,-,A,A,0,Y,,,,Y,,A,01,0,0,1,0,1,0,0,0,0,"- ","- ",,,"SAN FRANCISCO","SAN FRANCISCO",-122.40869903564453,37.780971527099609
9543263,2022,2023-02-01,3801,2022-11-22,1149,4259,RICHM,2,5,7,3801,0,0,0,,0,3G13A,"4TH AV","GEARY BL",0.00,,Y,-,-,N,,,,,,,,,,N,4,0,1,2,A,-,05,21651,B,N,A,C,A,A,H,-,A,A,0,,,,,Y,,M,93,0,0,1,0,0,0,0,0,0,"- ","- ",,,"SAN FRANCISCO","SAN FRANCISCO",-122.46215057373047,37.78118896484375
9543264,2022,2023-01-18,3801,2022-11-18,2016,1406,TENDE,5,5,7,3801,0,0,0,,0,,"7TH ST","STEVENSON ST",0.00,,Y,A,-,N,,,,,,,,,,Y,4,0,1,2,A,-,21,22106,,F,G,B,D,A,H,-,C,D,0,Y,,,,Y,,A,08,0,0,1,0,1,0,0,0,0,"- ","- ",,,"SAN FRANCISCO","SAN FRANCISCO",-122.41188812255859,37.779991149902344
9543265,2022,2023-01-20,3801,2022-11-22,0017,1057,TENDE,2,5,7,3801,0,0,0,,0,3J15E,"LEAVENWORTH ST","MCALLISTER ST",0.00,N,N,A,-,N,,,,,,,,,,N,3,0,1,2,A,-,17,21235,G,F,A,E,A,A,H,-,C,A,0,,,Y,,Y,,C,03,0,1,0,0,0,0,0,0,0,"- ","- ",,,"SAN FRANCISCO","SAN FRANCISCO",-122.41368865966797,37.780929565429688
9543266,2022,2023-01-18,3801,2022-11-08,1600,1214,CENTR,2,5,7,3801,0,0,0,,0,3A42C,"UNION ST","STOCKTON ST",0.00,,Y,A,-,N,,,,,,,,,,N,4,0,1,2,A,-,10,21950,A,N,A,B,B,A,H,-,A,A,0,Y,,,,Y,,A,01,0,0,1,0,1,0,0,0,0,"- ","- ",,,"SAN FRANCISCO","SAN FRANCISCO",-122.40917205810547,37.800430297851562
9543267,2022,2023-01-20,3801,2022-11-28,1246,1061,SOUTH,1,5,7,3801,0,0,0,,0,3B12A,"FOLSOM ST 944","FOLSOM ST",0.00,,Y,A,-,N,,,,,,,,,,N,4,0,1,2,A,-,11,21955,,N,G,B,D,A,H,-,A,D,0,Y,,,,Y,,N,60,0,0,1,0,1,0,0,0,0,"- ","- ",,,"SAN FRANCISCO","SAN FRANCISCO",,
9543268,2022,2023-01-18,3801,2022-11-11,0715,1936,TRAFF,5,5,7,3801,0,0,0,,0,4B1D,"PINE ST","POLK ST",0.00,,Y,A,-,N,,,,,,,,,,N,2,0,1,2,A,-,12,21453,A,N,D,C,A,A,H,-,A,A,0,,,,,Y,,M,94,1,0,0,0,0,0,0,0,0,"- ","- ",,,"SAN FRANCISCO","SAN FRANCISCO",-122.42050170898438,37.789642333984375
9543269,2022,2023-01-18,3801,2022-11-26,1301,327,MISSI,6,5,7,3801,0,0,0,,0,3D45C,"ARMY ST","FOLSOM ST",0.00,,Y,A,-,N,,,,,,,,,,Y,4,0,1,2,A,-,12,21453,A,N,D,C,A,A,H,-,A,A,0,,,,,Y,,A,01,0,0,1,0,0,0,0,0,0,"- ","- ",,,"SAN FRANCISCO","SAN FRANCISCO",,
9543271,2022,2023-01-18,3801,2022-11-29,1843,2431,RICHM,2,5,7,3801,0,0,0,,0,3G13D,"CLEMENT ST","PARK PRESIDIO BL",0.00,,Y,-,-,N,,,,,,,,,,Y,4,0,2,2,A,-,08,22107,,N,A,C,A,A,H,-,C,A,0,,,,,Y,,A,01,0,0,2,0,0,0,0,0,0,"- ","- ",,,"SAN FRANCISCO","SAN FRANCISCO",-122.47246551513672,37.782577514648438
9543273,2022,2023-01-18,3801,2022-11-20,2128,1021,TENDE,7,5,7,3801,0,0,0,,0,3J12E,"MISSION ST","5TH ST",46.00,E,N,A,-,N,,,,,,,,,,N,4,0,1,2,A,-,04,21703,,N,C,C,A,A,H,-,C,A,0,,,,,Y,,A,01,0,0,1,0,0,0,0,0,0,"- ","- ",,,"SAN FRANCISCO","SAN FRANCISCO",-122.4063720703125,37.782825469970703
9543274,2022,2023-01-18,3801,2022-11-29,0412,2241,NORTH,2,5,7,3801,0,0,0,,0,0E3,"VAN NESS AV","TURK ST",0.00,,Y,A,-,N,,,,,,,,,,Y,4,0,1,3,A,-,17,21657,,M,D,C,A,A,H,-,C,A,0,,,,,Y,Y,A,01,0,0,1,0,0,0,0,0,0,"- ","- ",,,"SAN FRANCISCO","SAN FRANCISCO",-122.42057800292969,37.781936645507812
9543277,2022,2023-01-24,3801,2022-11-24,1831,1480,MISSI,4,5,7,3801,0,0,0,,0,3D15E,"GUERRERO ST","14TH ST",0.00,,Y,A,-,N,,,,,,,,,,N,2,0,1,2,A,-,12,21453,A,N,D,G,A,A,H,-,C,A,0,,Y,,,Y,,L,04,1,0,0,0,0,0,1,0,0,"- ","- ",,,"SAN FRANCISCO","SAN FRANCISCO",-122.42440795898438,37.768024444580078
9543278,2022,2023-02-01,3801,2022-11-08,1430,2028,BAYVI,2,5,7,3801,0,0,0,,0,3C13D,"PALOU AV","LANE ST",0.00,,Y,B,C,N,,,,,,,,,,N,4,0,2,2,A,-,03,22350,,F,C,C,A,B,H,-,A,A,0,,,,,Y,,A,01,0,0,2,0,0,0,0,0,0,"- ","- ",,,"SAN FRANCISCO","SAN FRANCISCO",-122.38903045654297,37.732933044433594
9543279,2022,2023-01-18,3801,2022-11-20,1831,4239,PARK,7,5,7,3801,0,0,0,,0,3F13D,"BAKER ST","OAK ST",16.00,N,N,A,-,N,,,,,,,,,,N,4,0,1,2,A,-,08,22107,,N,A,G,A,A,H,-,C,A,0,,Y,,,Y,,A,01,0,0,1,0,0,0,1,0,0,"- ","- ",,,"SAN FRANCISCO","SAN FRANCISCO",-122.44077301025391,37.772743225097656
9543280,2022,2023-01-18,3801,2022-11-28,1004,2039,TARAV,1,5,7,3801,0,0,0,,0,003,"RIVERA ST","45TH AV",30.00,E,N,A,-,N,,,,,,,,,,Y,3,0,1,2,A,-,08,22107,,N,D,E,A,A,H,-,A,D,0,,,,,Y,,A,01,0,1,0,0,0,0,0,0,0,"- ","- ",,,"SAN FRANCISCO","SAN FRANCISCO",-122.50370788574219,37.745574951171875
9543339,2022,2023-02-03,3801,2022-12-11,1730,2143,MISSI,7,5,7,3801,0,0,0,,0,3D11D,"SANCHEZ ST","16TH ST",0.00,,Y,C,-,N,,,,,,,,,,N,3,0,1,2,A,-,00,12500,A,N,A,B,B,B,H,-,B,A,0,Y,,,,Y,Y,A,01,0,1,0,0,1,0,0,0,0,"- ","- ",,,"SAN FRANCISCO","SAN FRANCISCO",-122.43087768554688,37.764358520507812
9543361,2022,2023-01-31,3801,2022-11-29,1539,2433,SOUTH,2,5,7,3801,0,0,0,,0,3B4D,"MISSION ST","MISSION ST 1235",0.00,,N,A,-,N,,,,,,,,,,N,4,0,1,2,A,-,11,21955,,N,G,B,D,A,H,-,A,A,0,Y,,,,Y,,N,60,0,0,1,0,1,0,0,0,0,"- ","- ",,,"SAN FRANCISCO","SAN FRANCISCO",-122.41979217529297,37.7705078125
9543362,2022,2023-02-08,3801,2022-12-02,0730,504,NORTH,5,5,7,3801,0,0,0,,0,3E15A,"LOMBARD ST","BUCHANAN ST",0.00,,Y,A,-,N,,,,,,,,,,Y,3,0,3,2,A,-,03,22350,,N,C,C,A,A,H,-,A,A,0,,,,,Y,,A,08,0,1,2,0,0,0,0,0,0,"- ","- ",,,"SAN FRANCISCO","SAN FRANCISCO",-122.43276214599609,37.800262451171875
9543374,2022,2023-01-18,3801,2022-11-09,1421,2293,NORTH,3,5,7,3801,0,0,0,,0,3E11A,"FELL ST","WEBSTER ST",108.00,E,N,A,-,N,,,,,,,,,,N,4,0,2,2,A,-,08,22107,A,N,-,-,A,-,H,-,-,-,0,,,,,Y,,I,10,0,0,2,0,0,0,0,0,0,"- ","- ",,,"SAN FRANCISCO","SAN FRANCISCO",-122.42896270751953,37.775169372558594
9543378,2022,2023-01-24,3801,2022-11-18,1517,379,TRAFF,5,5,7,3801,0,0,0,,0,4B3H,"RT 35","OLYMPIC COUNTRY CLUB RD",0.00,,Y,A,-,Y,SF,4,35,-,-,0.120,I,5,N,Y,4,0,2,3,A,-,09,21801,A,N,D,C,A,A,H,-,A,D,0,,,,,Y,,A,08,0,0,2,0,0,0,0,0,0,"- ","- ",,,"SAN FRANCISCO","SAN FRANCISCO",-122.49796295166016,37.709941864013672
9543382,2022,2023-01-17,3801,2022-10-31,1338,555,MISSI,1,5,7,3801,0,0,0,,0,3D11A,"15TH ST","GUERRERO ST",0.00,,Y,A,-,N,,,,,,,,,,Y,2,0,1,2,A,-,12,21453,,N,D,C,A,A,H,-,A,A,0,,,Y,,Y,,C,02,1,0,0,0,0,0,0,0,1,"- ","- ",,,"SAN FRANCISCO","SAN FRANCISCO",-122.42424011230469,37.766403198242188
9543397,2022,2023-01-30,3801,2022-11-04,0618,4375,TRAFF,5,5,7,3801,0,0,0,,0,4B1F,"EDDY ST","POLK ST",0.00,,Y,A,-,N,,,,,,,,,,N,3,0,1,2,A,-,10,21950,A,N,G,B,B,A,H,-,C,A,0,Y,,,,Y,,D,72,0,1,0,0,1,0,0,0,0,"- ","- ",,,"SAN FRANCISCO","SAN FRANCISCO",-122.41918182373047,37.7830810546875
9543398,2022,2023-02-07,3801,2022-12-29,1915,2147,NORTH,4,5,7,3801,0,0,0,,0,6CAR,"POLK ST","CALIFORNIA ST",0.00,,Y,C,-,N,,,,,,,,,,N,3,0,1,2,A,-,11,21456,A,N,G,B,B,B,H,-,C,A,0,Y,,,,Y,,N,60,0,1,0,0,1,0,0,0,0,"- ","- ",,,"SAN FRANCISCO","SAN FRANCISCO",-122.42068481445312,37.790569305419922
9543413,2022,2023-02-01,3801,2022-12-06,2235,365,RICHM,2,5,7,3801,0,0,0,,0,3G14E,"CROSSOVER DR","PARK PRESIDIO BL",145.00,S,N,A,-,N,,,,,,,,,,N,4,0,2,2,A,-,04,21703,,N,C,C,A,A,H,-,C,A,0,,,,,Y,,I,20,0,0,2,0,0,0,0,0,0,"- ","- ",,,"SAN FRANCISCO","SAN FRANCISCO",-122.47925567626953,37.77081298828125
9543417,2022,2023-02-01,3801,2022-12-08,1225,1015,PARK,4,5,7,3801,0,0,0,,0,4CAR,"DUBOCE AV","CASTRO ST",0.00,,Y,A,-,N,,,,,,,,,,Y,4,0,1,2,A,-,04,21703,,N,-,C,A,A,H,-,A,A,0,,,,,Y,,A,01,0,0,1,0,0,0,0,0,0,"- ","- ",,,"SAN FRANCISCO","SAN FRANCISCO",-122.43582153320312,37.769050598144531
9543429,2022,2023-01-23,3801,2022-11-25,2055,4178,TRAFF,5,5,7,3801,0,0,0,,0,4B3A,"18TH ST","MISSION ST",76.00,W,N,A,-,N,,,,,,,,,,Y,4,0,2,2,A,-,03,22350,,F,B,C,A,A,H,-,C,D,0,,,,,Y,,I,11,0,0,2,0,0,0,0,0,0,"- ","- ",,,"SAN FRANCISCO","SAN FRANCISCO",-122.41963195800781,37.761821746826172
9543437,2022,2023-01-31,3801,2022-12-10,2311,460,INGLE,6,5,7,3801,0,0,0,,0,3H15E,"GENEVA AV","NAPLES ST",0.00,,Y,C,-,N,,,,,,,,,,N,3,0,2,3,A,-,12,21453,A,N,D,C,F,B,H,-,C,A,0,Y,Y,,,Y,,L,04,0,2,0,0,1,0,1,0,0,"- ","- ",,,"SAN FRANCISCO","SAN FRANCISCO",-122.43618774414062,37.714210510253906
9543457,2022,2023-02-02,3801,2022-12-01,2108,367,CENTR,4,5,7,3801,0,0,0,,0,3A14E,"COLUMBUS AV","UNION ST",0.00,,Y,A,-,N,,,,,,,,,,Y,4,0,4,2,A,-,08,22107,,N,D,C,A,A,H,-,C,A,0,,,,,Y,,D,22,0,0,4,0,0,0,0,0,0,"- ","- ",,,"SAN FRANCISCO","SAN FRANCISCO",-122.41017150878906,37.800304412841797
9543458,2022,2023-02-02,3801,2022-12-13,0700,189,NORTH,2,5,7,3801,0,0,0,,0,003,"FRANKLIN ST","SUTTER ST",0.00,,Y,A,-,N,,,,,,,,,,N,4,0,2,2,A,-,12,21453,A,N,D,C,A,A,H,-,A,A,0,,,Y,,Y,,A,01,0,0,2,0,0,0,0,0,2,"- ","- ",,,"SAN FRANCISCO","SAN FRANCISCO",-122.42340087890625,37.787345886230469
9543460,2022,2023-02-02,3801,2022-12-13,1606,4212,PARK,2,5,7,3801,0,0,0,,0,3F13D,"GOLDEN GATE AV","ANNAPOLIS TER",0.00,,Y,A,-,N,,,,,,,,,,N,3,0,1,2,A,-,08,22107,,N,D,G,A,A,H,-,A,D,0,,Y,,,Y,,A,01,0,1,0,0,0,0,1,0,0,"- ","- ",,,"SAN FRANCISCO","SAN FRANCISCO",-122.44779968261719,37.777553558349609
9543521,2022,2023-02-03,3801,2022-12-17,2251,367,CENTR,6,5,7,3801,0,0,0,,0,3A13E,BROADWAY,"LARKIN ST",0.00,,Y,A,-,N,,,,,,,,,,N,4,0,2,2,A,-,17,21461,A,N,B,C,A,A,H,-,C,A,0,,,,,Y,,A,01,0,0,2,0,0,0,0,0,0,"- ","- ",,,"SAN FRANCISCO","SAN FRANCISCO",-122.42012786865234,37.796218872070312
9543522,2022,2023-02-03,3801,2022-12-15,0846,ALLEN,BAYVI,4,5,7,3801,0,0,0,,0,3C12A,"ARLETA AV","SAN BRUNO AV",0.00,,Y,A,-,N,,,,,,,,,,N,4,0,1,2,A,-,03,22350,,F,C,C,A,A,H,-,A,A,0,,,,,Y,,A,01,0,0,1,0,0,0,0,0,0,"- ","- ",,,"SAN FRANCISCO","SAN FRANCISCO",-122.40269470214844,37.712356567382812
9543524,2022,2023-01-11,3801,2022-09-24,1741,2305,TRAFF,6,5,7,3801,0,0,0,,0,4B3F,"TURK ST","TAYLOR ST",68.00,E,N,A,-,N,,,,,,,,,,N,4,0,1,2,A,-,03,22350,,F,G,B,E,A,H,-,A,A,0,Y,,,,Y,,A,01,0,0,1,0,1,0,0,0,0,"- ","- ",,,"SAN FRANCISCO","SAN FRANCISCO",-122.41054534912109,37.783237457275391
9543531,2022,2023-01-11,3801,2022-10-26,1342,1849,TENDE,3,5,7,3801,0,0,0,,0,,"3RD ST","MARKET ST",0.00,,Y,A,-,N,,,,,,,,,,N,4,0,2,3,A,-,21,22106,,N,G,B,B,A,H,-,A,A,0,Y,,,,Y,,A,01,0,0,2,0,2,0,0,0,0,"- ","- ",,,"SAN FRANCISCO","SAN FRANCISCO",-122.40345764160156,37.787662506103516
9543532,2022,2023-01-11,3801,2022-10-01,1648,2431,RICHM,6,5,7,3801,0,0,0,,0,3G3D,"JOHN F KENNEDY DR","10TH AV",425.00,W,N,A,-,N,,,,,,,,,,N,3,0,1,2,A,-,03,22350,,N,C,B,E,A,H,-,A,D,0,Y,Y,,,Y,,L,04,0,1,0,0,1,0,0,0,0,"- ","- ",,,"SAN FRANCISCO","SAN FRANCISCO",-122.46802520751953,37.772590637207031
9543533,2022,2023-01-24,3801,2022-10-18,2156,311,PARK,2,5,7,3801,0,0,0,,0,3F11D,"CLAYTON ST","17TH ST",0.00,,Y,A,-,N,,,,,,,,,,Y,4,0,2,2,A,-,08,22101,D,N,A,D,A,A,H,-,C,A,0,,,,,Y,,A,08,0,0,2,0,0,0,0,0,0,"- ","- ",,,"SAN FRANCISCO","SAN FRANCISCO",-122.44676971435547,37.761775970458984
9543535,2022,2023-01-17,3801,2022-11-30,0645,4356,INGLE,3,5,7,3801,0,0,0,,0,3H15A,"GENEVA AV","MISSION ST",0.00,,Y,A,-,N,,,,,,,,,,N,4,0,1,2,A,-,10,21950,A,N,G,B,B,A,H,-,C,A,0,Y,,,,Y,,A,07,0,0,1,0,1,0,0,0,0,"- ","- ",,,"SAN FRANCISCO","SAN FRANCISCO",-122.44100189208984,37.716388702392578
9543536,2022,2023-01-11,3801,2022-10-09,1111,1796,RICHM,7,5,7,3801,0,0,0,,0,3G14A,"CABRILLO ST","25TH AV",0.00,,Y,A,-,N,,,,,,,,,,N,4,0,1,2,A,-,08,22107,,N,B,G,A,A,H,-,A,A,0,,Y,,,Y,,-,,0,0,1,0,0,0,1,0,0,"- ","- ",,,"SAN FRANCISCO","SAN FRANCISCO",-122.48432159423828,37.774448394775391
9543537,2022,2023-01-11,3801,2022-12-14,2335,365,RICHM,3,5,7,3801,0,0,0,,0,3G4E,"GEARY BL","25TH AV",0.00,,Y,A,-,N,,,,,,,,,,N,4,0,1,2,A,-,03,22350,,N,C,C,A,A,H,-,C,A,0,,,,,Y,,A,01,0,0,1,0,0,0,0,0,0,"- ","- ",,,"SAN FRANCISCO","SAN FRANCISCO",-122.4847412109375,37.780162811279297
9543538,2022,2023-01-11,3801,2022-12-14,1713,4023,MISSI,3,5,7,3801,0,0,0,,0,006,"CESAR CHAVEZ ST","VALENCIA ST",0.00,,Y,A,-,N,,,,,,,,,,N,4,0,1,2,-,-,"- ",,,N,D,C,A,A,H,-,C,A,0,,,,,Y,,-,"- ",0,0,1,0,0,0,0,0,0,"- ","- ",,,"SAN FRANCISCO","SAN FRANCISCO",-122.42025756835938,37.748161315917969
9543539,2022,2023-01-11,3801,2022-12-18,0212,2457,SOUTH,7,5,7,3801,0,0,0,,0,3B11E,"FOLSOM ST","HALLAM ST",0.00,,Y,A,-,N,,,,,,,,,,Y,3,0,4,5,A,-,01,23153,A,N,G,B,E,A,H,-,C,D,0,Y,,,,Y,Y,A,07,0,3,1,0,4,0,0,0,0,"- ","- ",,,"SAN FRANCISCO","SAN FRANCISCO",-122.40885925292969,37.775951385498047
9543540,2022,2023-01-17,3801,2022-12-17,1205,2724,SOUTH,6,5,7,3801,0,0,0,,0,3B13A,"MISSION ST","11TH ST",13.00,S,N,A,-,N,,,,,,,,,,Y,4,0,1,2,A,-,03,22350,,N,B,C,A,A,H,-,A,A,0,,,,,Y,,M,94,0,0,1,0,0,0,0,0,0,"- ","- ",,,"SAN FRANCISCO","SAN FRANCISCO",-122.41712951660156,37.774303436279297
9543551,2022,2023-01-17,3801,2022-11-10,1625,2305,TRAFF,4,5,7,3801,0,0,0,,0,4B3F,"SAN BRUNO AV","MANSELL ST",0.00,,Y,A,-,N,,,,,,,,,,Y,4,0,3,2,A,-,03,22350,,N,B,C,A,A,H,-,A,D,0,,,,,Y,,A,01,0,0,3,0,0,0,0,0,0,"- ","- ",,,"SAN FRANCISCO","SAN FRANCISCO",-122.401123046875,37.721637725830078
9543552,2022,2023-01-17,3801,2022-11-15,1958,104,TRAFF,2,5,7,3801,0,0,0,,0,104,"STANYAN ST","HAIGHT ST",0.00,,Y,A,-,N,,,,,,,,,,N,2,0,1,2,A,-,11,21453,D,N,D,B,D,A,H,-,C,A,0,Y,,,,Y,,A,01,1,0,0,0,1,0,0,0,0,"- ","- ",,,"SAN FRANCISCO","SAN FRANCISCO",-122.45352935791016,37.769149780273438
9543553,2022,2023-01-17,3801,2022-11-23,1725,4325,NORTH,3,5,7,3801,0,0,0,,0,003,"FRANKLIN ST","GEARY BL",0.00,,Y,A,-,N,,,,,,,,,,N,3,0,1,2,A,-,09,21453,B,N,B,C,A,A,H,-,C,A,0,,,Y,,Y,,A,01,0,1,0,0,0,0,0,0,1,"- ","- ",,,"SAN FRANCISCO","SAN FRANCISCO",-122.42301940917969,37.785484313964844
9543554,2022,2023-01-26,3801,2022-11-29,1733,1263,BAYVI,2,5,7,3801,0,0,0,,0,0C3,"3RD ST","OAKDALE AV",0.00,,Y,A,-,N,,,,,,,,,,Y,3,0,1,2,A,-,17,21461,A,N,D,C,A,A,H,-,C,A,0,,,,,Y,,A,01,0,1,0,0,0,0,0,0,0,"- ","- ",,,"SAN FRANCISCO","SAN FRANCISCO",-122.39076995849609,37.734832763671875
9543555,2022,2023-01-17,3801,2022-11-25,1050,1239,MISSI,5,5,7,3801,0,0,0,,0,MISSIO,"POTRERO AV","DIVISION ST",0.00,,Y,A,-,N,,,,,,,,,,N,4,0,2,2,A,-,09,21801,A,N,A,C,A,A,H,-,A,A,0,,,,,Y,,A,01,0,0,2,0,0,0,0,0,0,"- ","- ",,,"SAN FRANCISCO","SAN FRANCISCO",-122.40834045410156,37.769203186035156
9543556,2022,2023-01-17,3801,2022-11-23,1040,1503,BAYVI,3,5,7,3801,0,0,0,,0,3C11A,"ILLINOIS ST","HUMBOLDT ST",156.00,N,N,A,-,N,,,,,,,,,,N,4,0,1,2,A,-,09,21801,A,N,D,J,A,A,H,-,A,D,0,,,,,Y,,A,01,0,0,1,0,0,0,0,0,0,"- ","- ",,,"SAN FRANCISCO","SAN FRANCISCO",-122.38727569580078,37.757205963134766
9543557,2022,2023-01-17,3801,2022-11-30,2247,2089,TENDE,3,5,7,3801,0,0,0,,0,COJ4CA,"EDDY ST","MASON ST",5.00,E,N,A,-,N,,,,,,,,,,Y,2,0,1,2,A,-,11,21950,B,F,G,B,D,A,H,-,C,A,0,Y,,,,Y,,N,60,1,0,0,0,1,0,0,0,0,"- ","- ",,,"SAN FRANCISCO","SAN FRANCISCO",-122.40928649902344,37.784381866455078
9543558,2022,2023-01-17,3801,2022-11-30,0004,1217,MISSI,3,5,7,3801,0,0,0,,0,1CAR,"VALENCIA ST","18TH ST",215.00,S,N,A,-,N,,,,,,,,,,N,2,0,2,2,A,-,11,21955,,N,D,-,D,A,H,-,C,D,0,Y,Y,,,Y,Y,N,60,1,0,1,0,1,0,1,0,0,"- ","- ",,,"SAN FRANCISCO","SAN FRANCISCO",-122.42150115966797,37.761119842529297
9543559,2022,2023-01-17,3801,2022-11-30,1000,2724,SOUTH,3,5,7,3801,0,0,0,,0,3B14A,"HARRISON ST","10TH ST",0.00,,Y,A,-,N,,,,,,,,,,N,2,0,1,2,A,-,10,21950,A,N,G,B,B,A,H,-,A,A,0,Y,,,,Y,,A,01,1,0,0,0,1,0,0,0,0,"- ","- ",,,"SAN FRANCISCO","SAN FRANCISCO",-122.41124725341797,37.771595001220703
9543560,2022,2023-01-17,3801,2022-11-20,0002,2730,BAYVI,7,5,7,3801,0,0,0,,0,3C13E,"PAUL AV","CARR ST",0.00,,Y,A,-,N,,,,,,,,,,Y,3,0,1,4,A,-,03,22350,,N,B,E,A,A,H,-,C,A,0,,,,,Y,,A,01,0,1,0,0,0,0,0,0,0,"- ","- ",,,"SAN FRANCISCO","SAN FRANCISCO",-122.39662933349609,37.722618103027344
9543595,2022,2023-01-11,3801,2022-11-18,1956,4119,TRAFF,5,5,7,3801,0,0,0,,0,4B3K,"FRANKLIN ST","MYRTLE ST",53.00,S,N,A,-,N,,,,,,,,,,Y,4,0,1,2,A,-,21,22106,,N,B,C,A,A,H,-,C,D,0,,,,,Y,,A,01,0,0,1,0,0,0,0,0,0,"- ","- ",,,"SAN FRANCISCO","SAN FRANCISCO",-122.42288970947266,37.784866333007812
9545201,2023,2023-03-06,3801,2023-01-10,1106,396,BAYVI,2,5,7,3801,0,0,0,,0,3C5,"3RD ST","THORNTON AV",0.00,,Y,A,-,N,,,,,,,,,,Y,4,0,7,2,A,-,12,21453,A,N,D,C,A,B,H,-,A,A,0,,,,,Y,,A,01,0,0,7,0,0,0,0,0,0,"- ","- ",,,"SAN FRANCISCO","SAN FRANCISCO",-122.39225006103516,37.730628967285156
9545206,2023,2023-02-24,3801,2023-01-14,1442,2400,BAYVI,6,5,7,3801,0,0,0,,0,0C1,"DAKOTA ST","25TH ST",298.00,N,N,B,-,N,,,,,,,,,,N,2,0,1,2,A,-,03,22350,,F,G,B,D,A,H,-,A,D,0,Y,,,,Y,,D,22,1,0,0,0,1,0,0,0,0,"- ","- ",,,"SAN FRANCISCO","SAN FRANCISCO",-122.39518737792969,37.753120422363281
9545214,2022,2023-02-10,3801,2022-11-02,0822,1500,CENTR,3,5,7,3801,0,0,0,,0,3A4A,"VALLEJO ST","POLLARD ST",36.00,E,N,B,-,N,,,,,,,,,,N,4,0,1,2,A,-,21,22106,,N,C,C,A,A,H,-,A,D,0,,,Y,,Y,,-,,0,0,1,0,0,0,0,0,1,"- ","- ",,,"SAN FRANCISCO","SAN FRANCISCO",-122.40629577636719,37.798904418945312
9545217,2022,2023-02-10,3801,2022-12-31,1818,1454,NORTH,6,5,7,3801,0,0,0,,0,3E13D,"PAGE ST","GOUGH ST",0.00,,Y,C,-,N,,,,,,,,,,N,4,0,1,2,A,-,10,21950,A,N,G,B,B,B,H,-,C,A,0,Y,,,,Y,,D,22,0,0,1,0,1,0,0,0,0,"- ","- ",,,"SAN FRANCISCO","SAN FRANCISCO",-122.42240905761719,37.774070739746094
9545222,2023,2023-02-24,3801,2023-01-18,"237 ",2750,BAYVI,3,5,7,3801,0,0,0,,0,01C,"26TH ST","CONNECTICUT ST",0.00,,Y,A,-,N,,,,,,,,,,N,4,0,1,1,A,-,08,22100,B,N,E,I,A,A,H,-,C,D,0,,,,,Y,,I,20,0,0,1,0,0,0,0,0,0,"- ","- ",,,"SAN FRANCISCO","SAN FRANCISCO",-122.39641571044922,37.751167297363281