CASE_ID,ACCIDENT_YEAR,PROC_DATE,JURIS,COLLISION_DATE,COLLISION_TIME,OFFICER_ID,REPORTING_DISTRICT,DAY_OF_WEEK,CHP_SHIFT,POPULATION,CNTY_CITY_LOC,SPECIAL_COND,BEAT_TYPE,CHP_BEAT_TYPE,CITY_DIVISION_LAPD,CHP_BEAT_CLASS,BEAT_NUMBER,PRIMARY_RD,SECONDARY_RD,DISTANCE,DIRECTION,INTERSECTION,WEATHER_1,WEATHER_2,STATE_HWY_IND,CALTRANS_COUNTY,CALTRANS_DISTRICT,STATE_ROUTE,ROUTE_SUFFIX,POSTMILE_PREFIX,POSTMILE,LOCATION_TYPE,RAMP_INTERSECTION,SIDE_OF_HWY,TOW_AWAY,COLLISION_SEVERITY,NUMBER_KILLED,NUMBER_INJURED,PARTY_COUNT,PRIMARY_COLL_FACTOR,PCF_CODE_OF_VIOL,PCF_VIOL_CATEGORY,PCF_VIOLATION,PCF_VIOL_SUBSECTION,HIT_AND_RUN,TYPE_OF_COLLISION,MVIW,PED_ACTION,ROAD_SURFACE,ROAD_COND_1,ROAD_COND_2,LIGHTING,CONTROL_DEVICE,CHP_ROAD_TYPE,PEDESTRIAN_ACCIDENT,BICYCLE_ACCIDENT,MOTORCYCLE_ACCIDENT,TRUCK_ACCIDENT,NOT_PRIVATE_PROPERTY,ALCOHOL_INVOLVED,STWD_VEHTYPE_AT_FAULT,CHP_VEHTYPE_AT_FAULT,COUNT_SEVERE_INJ,COUNT_VISIBLE_INJ,COUNT_COMPLAINT_PAIN,COUNT_PED_KILLED,COUNT_PED_INJURED,COUNT_BICYCLIST_KILLED,COUNT_BICYCLIST_INJURED,COUNT_MC_KILLED,COUNT_MC_INJURED,PRIMARY_RAMP,SECONDARY_RAMP,LATITUDE,LONGITUDE,COUNTY,CITY,POINT_X,POINT_Y
9545233,2022,2023-02-10,3801,2022-12-09,1956,1994,TRAFF,5,5,7,3801,0,0,0,,0,4B3D,"EVANS AV","SELBY ST",24.00,W,N,B,-,N,,,,,,,,,,N,2,0,1,2,A,-,11,21954,A,F,G,B,E,A,H,-,C,D,0,Y,,,Y,Y,Y,N,60,1,0,0,0,1,0,0,0,0,"- ","- ",,,"SAN FRANCISCO","SAN FRANCISCO",-122.39412689208984,37.746208190917969
9545237,2022,2023-02-14,3801,2022-11-14,1400,1518,CENTR,1,5,7,3801,0,0,0,,0,3A44C,BROADWAY,"POWELL ST",659.00,W,N,A,-,N,,,,,,,,,,N,4,0,3,2,A,-,17,21461,A,N,B,I,A,A,H,-,A,A,0,,,,Y,Y,,-,"- ",0,0,3,0,0,0,0,0,0,"- ","- ",,,"SAN FRANCISCO","SAN FRANCISCO",-122.41249084472656,37.797187805175781
9545246,2023,2023-03-06,3801,2023-01-26,1035,1359,INGLE,4,5,7,3801,0,0,0,,0,3H16A,"BAY SHORE BL","SUNNYDALE AV",310.00,N,N,A,-,N,,,,,,,,,,Y,3,0,2,4,A,-,03,22350,,F,A,E,A,A,H,-,A,D,0,,,,Y,Y,,A,01,0,1,1,0,0,0,0,0,0,"- ","- ",,,"SAN FRANCISCO","SAN FRANCISCO",-122.40486145019531,37.709697723388672
9545253,2023,2023-02-27,3801,2023-01-10,1148,1530,BAYVI,2,5,7,3801,0,0,0,,0,3C13A,"BAYSHORE BL","COSTA ST",177.00,N,N,C,G,N,,,,,,,,,,N,4,0,1,2,A,-,08,22107,,N,C,C,A,B,H,-,A,A,0,,,,,Y,,D,22,0,0,1,0,0,0,0,0,0,"- ","- ",,,"SAN FRANCISCO","SAN FRANCISCO",-122.40428161621094,37.744735717773438
9545258,2023,2023-02-27,3801,2023-01-23,1419,1514,MISSI,1,5,7,3801,0,0,0,,0,,"24TH ST","POTRERO AV",0.00,W,N,A,-,N,,,,,,,,,,N,3,0,1,2,A,-,11,21954,A,N,G,B,-,A,H,-,A,D,0,Y,,,,Y,,N,60,0,1,0,0,1,0,0,0,0,"- ","- ",,,"SAN FRANCISCO","SAN FRANCISCO",-122.40631866455078,37.752994537353516
9545261,2022,2023-02-10,3801,2022-12-08,1600,4325,NORTH,4,5,7,3801,0,0,0,,0,003,"OLIVE ST","VAN NESS AV",0.00,,Y,C,-,N,,,,,,,,,,N,3,0,1,2,A,-,17,21235,G,N,D,J,A,B,H,-,A,A,0,,,,,Y,,M,94,0,1,0,0,0,0,0,0,0,"- ","- ",,,"SAN FRANCISCO","SAN FRANCISCO",-122.42102813720703,37.784286499023438
9545269,2023,2023-03-14,3801,2023-01-15,1235,504,NORTH,7,5,7,3801,0,0,0,,0,3E15A,"VAN NESS AV","JACKSON ST",0.00,,Y,A,B,Y,SF,4,101,-,-,6.190,I,5,N,N,4,0,4,2,A,-,08,22107,,F,D,C,A,B,-,-,A,-,0,,,,,Y,,-,99,0,0,4,0,0,0,0,0,0,"- ","- ",,,"SAN FRANCISCO","SAN FRANCISCO",-122.42296600341797,37.793952941894531
9545270,2023,2023-02-24,3801,2023-01-18,"930 ",1438,INGLE,3,5,7,3801,0,0,0,,0,COB4CA,"MISSION ST","10TH ST",0.00,,Y,F,-,N,,,,,,,,,,N,4,0,1,2,A,-,07,21658,A,F,B,C,A,-,G,-,A,D,0,,,,,Y,Y,D,22,0,0,1,0,0,0,0,0,0,"- ","- ",,,"SAN FRANCISCO","SAN FRANCISCO",-122.41590881347656,37.775276184082031
9545377,2023,2023-02-16,3801,2023-01-22,1740,426,NORTH,7,5,7,3801,0,0,0,,0,3E13D,POLK,"POST ST",3.00,S,N,A,-,N,,,,,,,,,,N,3,0,2,2,A,-,12,21453,,N,D,G,A,A,H,-,C,A,0,,Y,Y,,Y,,L,04,0,1,1,0,0,0,1,0,1,"- ","- ",,,"SAN FRANCISCO","SAN FRANCISCO",-122.41989898681641,37.786823272705078
9545381,2023,2023-02-28,3801,2023-01-22,2122,4115,CENTR,7,5,7,3801,0,0,0,,0,3A11E,BROADWAY,"BROADWAY TUNNEL",0.00,,N,A,-,N,,,,,,,,,,N,3,0,2,2,A,-,04,21703,,N,C,C,A,A,H,-,C,D,0,,,,,Y,,A,01,0,1,1,0,0,0,0,0,0,"- ","- ",37.766300201416016,-122.41899871826172,"SAN FRANCISCO","SAN FRANCISCO",-122.42012023925781,37.796077728271484
9545382,2023,2023-02-28,3801,2023-01-21,"20  ",2023,PARK,6,5,7,3801,0,0,0,,0,003,"OFARRELL ST","DIVISADERO ST",20.00,W,N,A,-,N,,,,,,,,,,Y,4,0,1,2,A,-,00,21561,B,F,A,D,A,A,H,-,C,D,0,,,,,Y,,-,,0,0,1,0,0,0,0,0,0,"- ","- ",,,"SAN FRANCISCO","SAN FRANCISCO",-122.43936920166016,37.782421112060547
9545383,2023,2023-02-28,3801,2023-01-21,1715,307,NORTH,6,5,7,3801,0,0,0,,0,3E13D,"FRANKLIN ST","TURK ST",0.00,,Y,A,-,N,,,,,,,,,,N,4,0,1,2,A,-,08,22100,B,N,D,C,A,A,H,-,A,A,0,,,Y,,Y,,A,01,0,0,1,0,0,0,0,0,1,"- ","- ",,,"SAN FRANCISCO","SAN FRANCISCO",-122.42224884033203,37.781730651855469
9545384,2023,2023-02-28,3801,2023-01-21,1106,2039,TARAV,6,5,7,3801,0,0,0,,0,005,"JOHN MUIR DR","LAKE MERCED BL",365.00,W,N,A,-,N,,,,,,,,,,N,3,0,1,2,A,-,08,22107,,N,B,G,A,A,H,-,A,D,0,,Y,,,Y,,A,01,0,1,0,0,0,0,1,0,0,"- ","- ",,,"SAN FRANCISCO","SAN FRANCISCO",-122.48682403564453,37.7086181640625
9545385,2023,2023-02-28,3801,2023-01-24,2230,1182,TENDE,2,5,7,3801,0,0,0,,0,901,"OFARRELL ST","JONES ST",146.00,E,N,A,-,N,,,,,,,,,,N,3,0,1,2,A,-,03,22350,A,F,G,B,D,A,H,-,C,D,0,Y,,,,Y,,-,,0,1,0,0,1,0,0,0,0,"- ","- ",,,"SAN FRANCISCO","SAN FRANCISCO",-122.41246795654297,37.785865783691406
9545386,2023,2023-02-28,3801,2023-01-23,1310,1561,MISSI,1,5,7,3801,0,0,0,,0,MISSIO,"GUERRERO ST","25TH ST",0.00,,Y,A,-,N,,,,,,,,,,N,4,0,1,2,A,-,09,21801,,N,A,C,A,A,-,-,A,A,0,,,,,Y,,A,01,0,0,1,0,0,0,0,0,0,"- ","- ",,,"SAN FRANCISCO","SAN FRANCISCO",-122.42272186279297,37.750392913818359
9545387,2023,2023-02-28,3801,2023-01-01,1730,1696,NORTH,7,5,7,3801,0,0,0,,0,3E16D,"FRANCISCO ST","POLK ST",0.00,,Y,A,-,N,,,,,,,,,,N,2,0,1,2,A,-,12,22450,A,N,A,C,A,A,H,-,A,A,0,,,Y,,Y,,C,03,1,0,0,0,0,0,0,0,1,"- ","- ",,,"SAN FRANCISCO","SAN FRANCISCO",-122.42327117919922,37.803421020507812
9545388,2023,2023-02-28,3801,2023-01-24,2025,1160,SOUTH,2,5,7,3801,0,0,0,,0,0B1,"THE EMBARCADERO","BRANNAN ST",78.00,S,N,A,-,N,,,,,,,,,,N,3,0,1,2,A,-,03,22350,,N,C,C,A,A,H,-,C,A,0,,,,,Y,,A,01,0,1,0,0,0,0,0,0,0,"- ","- ",,,"SAN FRANCISCO","SAN FRANCISCO",-122.38820648193359,37.784564971923828
9545389,2023,2023-02-24,3801,2023-01-04,1753,1845,TARAV,3,5,7,3801,0,0,0,,0,3I16D,"OCEAN AV","DORADO TER",0.00,,Y,C,-,N,,,,,,,,,,N,4,0,1,2,A,-,10,21950,A,N,G,B,B,B,H,-,C,A,0,Y,,,,Y,,A,01,0,0,1,0,1,0,0,0,0,"- ","- ",,,"SAN FRANCISCO","SAN FRANCISCO",-122.46123504638672,37.724948883056641
9545390,2023,2023-02-24,3801,2023-01-01,1458,2305,TRAFF,7,5,7,3801,0,0,0,,0,4B3F,"CORBETT AV","DIXIE DR",0.00,,Y,A,-,N,,,,,,,,,,N,4,0,1,2,A,-,03,22350,,N,G,B,B,A,H,-,A,D,0,Y,,,,Y,,A,01,0,0,1,0,1,0,0,0,0,"- ","- ",,,"SAN FRANCISCO","SAN FRANCISCO",-122.44303131103516,37.753990173339844
9545391,2023,2023-03-06,3801,2023-01-23,2245,1871,INGLE,1,5,7,3801,0,0,0,,0,901,"BAYSHORE BL","VISITACION AV",0.00,,Y,A,-,N,,,,,,,,,,N,2,0,1,2,D,-,00,,,N,H,G,A,A,H,-,C,A,0,,Y,,,Y,,-,"- ",1,0,0,0,0,0,1,0,0,"- ","- ",,,"SAN FRANCISCO","SAN FRANCISCO",-122.40432739257812,37.710441589355469
9545392,2023,2023-02-24,3801,2023-01-23,1411,1766,CENTR,1,5,7,3801,0,0,0,,0,3A15C,"GEARY ST","TAYLOR ST",16.00,W,N,A,-,N,,,,,,,,,,N,3,0,1,2,A,-,10,21950,A,N,G,B,B,A,H,-,A,A,0,Y,,,,Y,,A,01,0,1,0,0,1,0,0,0,0,"- ","- ",,,"SAN FRANCISCO","SAN FRANCISCO",-122.41156768798828,37.786941528320312
9545393,2023,2023-02-24,3801,2023-01-19,"438 ",101,INGLE,4,5,7,3801,0,0,0,,0,3H15E,"MISSION ST","LAWRENCE AV",30.00,S,N,A,-,N,,,,,,,,,,Y,3,0,1,2,A,-,03,22350,,N,-,-,A,B,H,-,C,-,0,,,,,Y,,A,01,0,1,0,0,0,0,0,0,0,"- ","- ",,,"SAN FRANCISCO","SAN FRANCISCO",-122.45097351074219,37.709384918212891
9545394,2023,2023-02-24,3801,2023-01-17,1838,1572,SOUTH,2,5,7,3801,0,0,0,,0,3B5D,"4TH ST","16TH ST",0.00,,Y,-,-,N,,,,,,,,,,N,4,0,1,2,A,-,08,22107,,N,B,G,A,A,H,-,C,A,0,,Y,,,Y,,A,01,0,0,1,0,0,0,1,0,0,"- ","- ",,,"SAN FRANCISCO","SAN FRANCISCO",-122.39083099365234,37.766845703125
9545395,2023,2023-02-24,3801,2023-01-21,1825,893,INGLE,6,5,7,3801,0,0,0,,0,3H15D,"MOSCOW ST","ITALY ST",0.00,,Y,A,-,N,,,,,,,,,,N,4,0,1,2,A,-,10,21950,A,F,G,B,B,A,H,-,C,D,0,Y,,,,Y,,A,01,0,0,1,0,1,0,0,0,0,"- ","- ",,,"SAN FRANCISCO","SAN FRANCISCO",-122.43232727050781,37.715049743652344
9545396,2023,2023-02-28,3801,2023-01-19,"747 ",649,INGLE,4,5,7,3801,0,0,0,,0,3H14A,"ALEMANY BL","ADMIRAL AV",180.00,N,N,A,-,N,,,,,,,,,,Y,4,0,1,2,A,-,03,22350,,N,C,C,A,A,H,-,A,D,0,,,,,Y,,A,01,0,0,1,0,0,0,0,0,0,"- ","- ",,,"SAN FRANCISCO","SAN FRANCISCO",-122.43037414550781,37.730792999267578
9545397,2023,2023-02-28,3801,2023-01-19,1458,1400,CENTR,4,5,7,3801,0,0,0,,0,3A40C,"NORTH POINT ST","TAYLOR ST",0.00,,Y,A,-,N,,,,,,,,,,N,4,0,1,2,A,-,11,21955,,N,G,B,D,A,H,-,A,A,0,Y,,,,Y,,N,60,0,0,1,0,1,0,0,0,0,"- ","- ",,,"SAN FRANCISCO","SAN FRANCISCO",-122.41543579101562,37.806362152099609
9545398,2023,2023-03-09,3801,2023-01-20,1545,1534,INGLE,5,5,7,3801,0,0,0,,0,3H15D,"VIENNA ST","AVALON AV",0.00,,N,A,-,N,,,,,,,,,,N,4,0,1,2,A,-,12,22450,,F,D,C,A,A,H,-,A,-,0,,,,,Y,,A,01,0,0,1,0,0,0,0,0,0,"- ","- ",,,"SAN FRANCISCO","SAN FRANCISCO",-122.42690277099609,37.725147247314453
9545399,2023,2023-02-28,3801,2023-01-20,1609,1696,NORTH,5,5,7,3801,0,0,0,,0,3E15D,"CALIFORNIA ST","LARKIN ST",10.00,W,N,A,-,N,,,,,,,,,,N,4,0,1,2,A,-,17,22517,,N,A,C,A,A,H,-,A,D,0,,,,,Y,,A,01,0,0,1,0,0,0,0,0,0,"- ","- ",,,"SAN FRANCISCO","SAN FRANCISCO",-122.41907501220703,37.790786743164062
9545400,2023,2023-02-24,3801,2023-01-19,2026,481,CENTR,4,5,7,3801,0,0,0,,0,3A11D,"BATTERY ST","CALIFORNIA ST",0.00,,Y,A,-,N,,,,,,,,,,N,3,0,1,1,A,-,03,22350,,N,H,A,A,A,A,-,C,A,0,,,,,Y,,M,94,0,1,0,0,0,0,0,0,0,"- ","- ",,,"SAN FRANCISCO","SAN FRANCISCO",-122.39997863769531,37.793231964111328
9545404,2023,2023-03-02,3801,2023-01-19,"648 ",1503,BAYVI,4,5,7,3801,0,0,0,,0,3C13A,"EVANS AV","MENDELL ST",0.00,,Y,A,-,N,,,,,,,,,,Y,4,0,1,2,A,-,12,21453,A,N,D,C,A,A,H,-,C,A,0,,,,,Y,,A,01,0,0,1,0,0,0,0,0,0,"- ","- ",,,"SAN FRANCISCO","SAN FRANCISCO",-122.38475799560547,37.740852355957031
9545405,2023,2023-03-02,3801,2023-01-29,"410 ",1857,NORTH,7,5,7,3801,0,0,0,,0,3E14E,"GOUGH ST","LOMBARD ST",30.00,N,N,A,-,N,,,,,,,,,,N,4,0,1,2,A,-,03,22350,,F,C,C,A,A,H,-,C,A,0,,,,,Y,,A,01,0,0,1,0,0,0,0,0,0,"- ","- ",,,"SAN FRANCISCO","SAN FRANCISCO",-122.42783355712891,37.800979614257812
9545406,2023,2023-03-02,3801,2023-01-29,1759,1806,NORTH,7,5,7,3801,0,0,0,,0,3E12D,"GEARY BL","STEINER ST",0.00,,Y,A,-,N,,,,,,,,,,N,4,0,4,2,A,-,08,22100,A,N,D,C,A,A,H,-,C,A,0,,,,,Y,,A,01,0,0,4,0,0,0,0,0,0,"- ","- ",,,"SAN FRANCISCO","SAN FRANCISCO",-122.43457794189453,37.784320831298828
9545408,2023,2023-03-02,3801,2023-01-17,1508,1414,MISSI,2,5,7,3801,0,0,0,,0,3D16D,"16TH ST","FLORIDA ST",0.00,,Y,A,-,N,,,,,,,,,,N,4,0,1,2,A,-,09,21802,A,N,D,C,A,A,H,-,A,D,0,,,,,Y,,-,,0,0,1,0,0,0,0,0,0,"- ","- ",,,"SAN FRANCISCO","SAN FRANCISCO",-122.41143798828125,37.765548706054688
9545409,2023,2023-03-07,3801,2023-01-30,1954,1038,RICHM,1,5,7,3801,0,0,0,,0,3G2D,"GEARY BL","LYON ST",0.00,,Y,A,-,N,,,,,,,,,,N,3,0,1,1,A,-,03,22411,,N,-,-,A,A,H,-,C,D,0,,,,,Y,,M,94,0,1,0,0,0,0,0,0,0,"- ","- ",,,"SAN FRANCISCO","SAN FRANCISCO",-122.44446563720703,37.782783508300781
9545411,2023,2023-03-15,3801,2023-01-30,2206,4115,CENTR,1,5,7,3801,0,0,0,,0,3A11E,"SUTTER ST","KEARNY ST",0.00,,Y,A,-,N,,,,,,,,,,N,4,0,1,2,A,-,05,21650,1,N,G,B,A,A,H,-,C,A,0,,,,,Y,,M,94,0,0,1,0,0,0,0,0,0,"- ","- ",,,"SAN FRANCISCO","SAN FRANCISCO",-122.40383911132812,37.789829254150391
9545412,2023,2023-03-02,3801,2023-01-30,1830,2452,CENTR,1,5,7,3801,0,0,0,,0,3A11D,"NORTH POINT ST","TAYLOR ST",0.00,,Y,A,-,N,,,,,,,,,,N,4,0,1,2,A,-,00,21450,A,N,G,B,B,A,H,-,C,A,0,Y,,,,Y,,A,01,0,0,1,0,1,0,0,0,0,"- ","- ",,,"SAN FRANCISCO","SAN FRANCISCO",-122.41543579101562,37.806362152099609
9545413,2023,2023-03-02,3801,2023-01-31,1626,364,SOUTH,2,5,7,3801,0,0,0,,0,B13D,"HARRISON ST","7TH ST",0.00,,Y,A,-,N,,,,,,,,,,N,4,0,1,2,A,-,04,21703,,N,C,C,A,A,H,-,B,A,0,,,Y,,Y,,A,01,0,0,1,0,0,0,0,0,1,"- ","- ",,,"SAN FRANCISCO","SAN FRANCISCO",-122.40628051757812,37.775539398193359
9545414,2023,2023-03-02,3801,2023-01-31,"654 ",4267,TARAV,2,5,7,3801,0,0,0,,0,,"20TH AV","WINSTON DR",0.00,,Y,A,-,N,,,,,,,,,,Y,3,0,2,2,A,-,08,22107,,N,D,C,A,A,H,-,C,A,0,,,,,Y,,A,01,0,1,1,0,0,0,0,0,0,"- ","- ",,,"SAN FRANCISCO","SAN FRANCISCO",-122.47597503662109,37.730087280273438
9545415,2023,2023-03-02,3801,2023-01-06,"715 ",2151,PARK,5,5,7,3801,0,0,0,,0,,"FELL ST","BAKER ST",0.00,,Y,B,-,N,,,,,,,,,,N,3,0,1,2,A,-,03,22350,,N,H,A,A,B,H,-,A,D,0,,Y,,,Y,,L,04,0,1,0,0,0,0,1,0,0,"- ","- ",,,"SAN FRANCISCO","SAN FRANCISCO",-122.44093322753906,37.77362060546875
9545416,2023,2023-03-02,3801,2023-01-18,1015,179,NORTH,3,5,7,3801,0,0,0,,0,702,"DIVISADERO ST","GOLDEN GATE AV",15.00,S,N,A,-,N,,,,,,,,,,Y,3,0,1,5,C,-,18,,,N,B,-,A,A,H,-,A,A,0,,,,,Y,,-,"- ",0,1,0,0,0,0,0,0,0,"- ","- ",,,"SAN FRANCISCO","SAN FRANCISCO",-122.43852996826172,37.778690338134766
9545417,2023,2023-03-02,3801,2023-01-13,1455,4325,NORTH,5,5,7,3801,0,0,0,,0,002,"GEARY ST","STEINER ST",430.00,E,N,C,-,N,,,,,,,,,,Y,3,0,1,1,A,-,03,22350,,N,B,I,A,B,H,-,A,D,0,,,,,Y,,A,07,0,1,0,0,0,0,0,0,0,"- ","- ",,,"SAN FRANCISCO","SAN FRANCISCO",-122.43311309814453,37.784511566162109
9545419,2023,2023-03-02,3801,2023-01-30,"920 ",1917,TARAV,1,5,7,3801,0,0,0,,0,3I16A,"OCEAN AV","HAVENSIDE DR",0.00,,Y,A,-,N,,,,,,,,,,N,4,0,2,3,A,-,10,21950,A,N,G,B,B,A,H,-,A,A,0,Y,,,,Y,,A,01,0,0,2,0,2,0,0,0,0,"- ","- ",,,"SAN FRANCISCO","SAN FRANCISCO",-122.48976898193359,37.732067108154297
9545421,2023,2023-02-25,3801,2023-01-05,2218,1833,TENDE,4,5,7,3801,0,0,0,,0,3J13E,"BRYANT ST","5TH ST",0.00,,Y,A,-,N,,,,,,,,,,Y,4,0,1,2,A,-,12,21453,,F,D,C,A,A,H,-,C,A,0,,,,,Y,,A,01,0,0,1,0,0,0,0,0,0,"- ","- ",,,"SAN FRANCISCO","SAN FRANCISCO",-122.40029144287109,37.777797698974609
9545423,2023,2023-02-25,3801,2023-01-24,1740,4212,PARK,2,5,7,3801,0,0,0,,0,3F12D,"OFARRELL ST","MASONIC AV",0.00,,Y,A,-,N,,,,,,,,,,N,4,0,1,2,A,-,12,21453,A,N,D,J,A,A,H,-,C,A,0,,,,,Y,,M,94,0,0,1,0,0,0,0,0,0,"- ","- ",,,"SAN FRANCISCO","SAN FRANCISCO",-122.44754028320312,37.781036376953125
9545424,2023,2023-02-24,3801,2023-01-24,"550 ",1530,BAYVI,2,5,7,3801,0,0,0,,0,3C13A,"LANE ST","MCKINNON AV",0.00,,Y,A,-,N,,,,,,,,,,Y,4,0,1,3,A,-,17,21663,,F,A,C,A,A,H,-,C,A,0,,,,,Y,,A,01,0,0,1,0,0,0,0,0,0,"- ","- ",,,"SAN FRANCISCO","SAN FRANCISCO",-122.38739013671875,37.734813690185547
9545425,2023,2023-02-24,3801,2023-01-12,1431,4375,TRAFF,4,5,7,3801,0,0,0,,0,4B1F,"OCTAVIA BL","PAGE ST",119.00,S,N,A,-,N,,,,,,,,,,Y,4,0,1,2,A,-,03,22350,,N,B,C,A,A,H,-,A,A,0,,,,,Y,,A,07,0,0,1,0,0,0,0,0,0,"- ","- ",,,"SAN FRANCISCO","SAN FRANCISCO",-122.42404937744141,37.773555755615234
9545426,2022,2023-02-24,3801,2022-12-07,0932,1316,RICHM,3,5,7,3801,0,0,0,,0,3G14A,"CALIFORNIA AV","7TH AV",0.00,,Y,A,-,N,,,,,,,,,,Y,4,0,1,2,A,-,09,21800,A,N,D,C,A,A,H,-,A,A,0,,,,,Y,,A,01,0,0,1,0,0,0,0,0,0,"- ","- ",,,"SAN FRANCISCO","SAN FRANCISCO",-122.46564483642578,37.784862518310547
9545427,2023,2023-02-24,3801,2023-01-11,1554,2118,SOUTH,3,5,7,3801,0,0,0,,0,3B12D,"HOWARD ST","BEALE ST",0.00,,Y,C,-,N,,,,,,,,,,Y,4,0,3,3,A,-,22,23123,A,N,D,C,A,B,H,-,A,A,0,,,,,Y,,A,01,0,0,3,0,0,0,0,0,0,"- ","- ",,,"SAN FRANCISCO","SAN FRANCISCO",-122.39427947998047,37.789920806884766
9545428,2023,2023-02-24,3801,2023-01-17,1837,2162,SOUTH,2,5,7,3801,0,0,0,,0,,"SILVER AV","BAYSHORE BL",0.00,,Y,A,-,N,,,,,,,,,,N,3,0,1,2,A,-,08,22107,,F,B,C,A,A,H,-,C,A,0,,,Y,,Y,,A,01,0,1,0,0,0,0,0,0,1,"- ","- ",,,"SAN FRANCISCO","SAN FRANCISCO",-122.40464782714844,37.732959747314453
9545429,2023,2023-02-24,3801,2023-01-24,1255,242,NORTH,2,5,7,3801,0,0,0,,0,003,"POLK ST","CEDAR ST",0.00,,Y,A,-,N,,,,,,,,,,N,4,0,1,2,A,-,08,22107,,N,B,C,A,A,H,-,A,D,0,,,,,Y,,A,01,0,0,1,0,0,0,0,0,0,"- ","- ",,,"SAN FRANCISCO","SAN FRANCISCO",-122.41983032226562,37.786373138427734
9545430,2023,2023-02-24,3801,2023-01-23,1356,624,NORTH,1,5,7,3801,0,0,0,,0,002,"GEARY BL","LAGUNA ST",6.00,E,N,A,-,N,,,,,,,,,,N,3,0,1,2,A,-,12,21453,A,F,G,B,-,A,H,-,A,A,0,Y,,,,Y,,A,01,0,1,0,0,1,0,0,0,0,"- ","- ",,,"SAN FRANCISCO","SAN FRANCISCO",-122.427978515625,37.785041809082031
9545431,2023,2023-02-24,3801,2023-01-25,"830 ",1364,NORTH,3,5,7,3801,0,0,0,,0,3E11A,"POLK ST","MARKET ST",162.00,N,N,A,-,N,,,,,,,,,,N,4,0,1,2,A,-,04,21703,,N,C,C,A,A,H,-,A,D,0,,,,,Y,,A,08,0,0,1,0,0,0,0,0,0,"- ","- ",,,"SAN FRANCISCO","SAN FRANCISCO",-122.41791534423828,37.776840209960938
9545432,2023,2023-02-24,3801,2023-01-28,1451,1400,CENTR,6,5,7,3801,0,0,0,,0,3A40C,"JEFFERSON ST","MASON ST",0.00,,Y,A,-,N,,,,,,,,,,,4,0,1,2,A,-,08,22107,,M,B,G,A,A,H,-,A,A,0,,Y,,,Y,Y,A,01,0,0,1,0,0,0,1,0,0,"- ","- ",,,"SAN FRANCISCO","SAN FRANCISCO",-122.41416931152344,37.808395385742188
9545433,2023,2023-02-24,3801,2023-01-26,1746,1260,BAYVI,4,5,7,3801,0,0,0,,0,3C13D,"EVANS AV","JENNINGS ST",0.00,,Y,A,-,N,,,,,,,,,,N,4,0,1,2,A,-,12,22450,A,N,D,C,A,A,H,-,C,A,0,,,,,Y,,A,01,0,0,1,0,0,0,0,0,0,"- ","- ",,,"SAN FRANCISCO","SAN FRANCISCO",-122.37911987304688,37.737693786621094
9545434,2023,2023-02-25,3801,2023-01-29,1636,1591,INGLE,7,5,7,3801,0,0,0,,0,3H13D,"ALEMANY BL","JUSTIN DR",0.00,,Y,A,-,N,,,,,,,,,,N,3,0,2,1,A,-,03,22350,,N,F,A,A,A,H,-,A,D,0,,,Y,,Y,,C,02,0,1,1,0,0,0,0,0,2,"- ","- ",,,"SAN FRANCISCO","SAN FRANCISCO",-122.42595672607422,37.731796264648438
9545435,2023,2023-03-02,3801,2023-01-01,1314,1620,RICHM,7,5,7,3801,0,0,0,,0,3G13C,"PARK PRESDIO BL","BALBOA ST",0.00,,Y,A,-,N,,,,,,,,,,N,4,0,1,2,A,-,10,21950,A,N,G,B,B,A,H,-,A,A,0,Y,,,,Y,,A,01,0,0,1,0,1,0,0,0,0,"- ","- ",,,"SAN FRANCISCO","SAN FRANCISCO",-122.47206115722656,37.776851654052734
9545436,2023,2023-02-24,3801,2023-01-29,1020,1503,BAYVI,7,5,7,3801,0,0,0,,0,3C15A,"FITZGERALD AV","3RD ST",282.00,E,N,A,-,N,,,,,,,,,,Y,4,0,1,2,A,-,06,21750,A,F,D,C,A,A,H,-,A,D,0,,,,,Y,,-,,0,0,1,0,0,0,0,0,0,"- ","- ",,,"SAN FRANCISCO","SAN FRANCISCO",-122.39456939697266,37.722785949707031
9545438,2023,2023-03-06,3801,2023-01-26,2148,1463,SOUTH,4,5,7,3801,0,0,0,,0,0B1,"MISSION ST","NEW MONTGOMERY ST",0.00,,Y,A,-,N,,,,,,,,,,Y,4,0,3,2,A,-,12,21453,A,N,D,C,A,A,H,-,C,A,0,,,,,Y,,-,"- ",0,0,3,0,0,0,0,0,0,"- ","- ",,,"SAN FRANCISCO","SAN FRANCISCO",-122.40049743652344,37.787452697753906
9545439,2023,2023-02-24,3801,2023-01-30,1436,4023,MISSI,1,5,7,3801,0,0,0,,0,006,"16TH ST","BRYANT ST",0.00,,Y,A,-,N,,,,,,,,,,N,3,0,1,2,A,-,10,21950,A,N,G,B,B,A,H,-,A,A,0,Y,,,,Y,,A,01,0,1,0,0,1,0,0,0,0,"- ","- ",,,"SAN FRANCISCO","SAN FRANCISCO",-122.4105224609375,37.765594482421875
9545440,2023,2023-02-24,3801,2023-01-29,1926,582,CENTR,7,5,7,3801,0,0,0,,0,004,"JACKSON ST","FRONT ST",0.00,,Y,A,-,N,,,,,,,,,,Y,4,0,1,2,A,-,01,23153,F,F,G,B,F,A,H,-,C,A,0,Y,,,,Y,,A,01,0,0,1,0,1,0,0,0,0,"- ","- ",,,"SAN FRANCISCO","SAN FRANCISCO",-122.39947509765625,37.796939849853516