CASE_ID,ACCIDENT_YEAR,PROC_DATE,JURIS,COLLISION_DATE,COLLISION_TIME,OFFICER_ID,REPORTING_DISTRICT,DAY_OF_WEEK,CHP_SHIFT,POPULATION,CNTY_CITY_LOC,SPECIAL_COND,BEAT_TYPE,CHP_BEAT_TYPE,CITY_DIVISION_LAPD,CHP_BEAT_CLASS,BEAT_NUMBER,PRIMARY_RD,SECONDARY_RD,DISTANCE,DIRECTION,INTERSECTION,WEATHER_1,WEATHER_2,STATE_HWY_IND,CALTRANS_COUNTY,CALTRANS_DISTRICT,STATE_ROUTE,ROUTE_SUFFIX,POSTMILE_PREFIX,POSTMILE,LOCATION_TYPE,RAMP_INTERSECTION,SIDE_OF_HWY,TOW_AWAY,COLLISION_SEVERITY,NUMBER_KILLED,NUMBER_INJURED,PARTY_COUNT,PRIMARY_COLL_FACTOR,PCF_CODE_OF_VIOL,PCF_VIOL_CATEGORY,PCF_VIOLATION,PCF_VIOL_SUBSECTION,HIT_AND_RUN,TYPE_OF_COLLISION,MVIW,PED_ACTION,ROAD_SURFACE,ROAD_COND_1,ROAD_COND_2,LIGHTING,CONTROL_DEVICE,CHP_ROAD_TYPE,PEDESTRIAN_ACCIDENT,BICYCLE_ACCIDENT,MOTORCYCLE_ACCIDENT,TRUCK_ACCIDENT,NOT_PRIVATE_PROPERTY,ALCOHOL_INVOLVED,STWD_VEHTYPE_AT_FAULT,CHP_VEHTYPE_AT_FAULT,COUNT_SEVERE_INJ,COUNT_VISIBLE_INJ,COUNT_COMPLAINT_PAIN,COUNT_PED_KILLED,COUNT_PED_INJURED,COUNT_BICYCLIST_KILLED,COUNT_BICYCLIST_INJURED,COUNT_MC_KILLED,COUNT_MC_INJURED,PRIMARY_RAMP,SECONDARY_RAMP,LATITUDE,LONGITUDE,COUNTY,CITY,POINT_X,POINT_Y
9545442,2023,2023-03-01,3801,2023-01-09,"29  ",4115,CENTR,1,5,7,3801,0,0,0,,0,3A11E,"KEARNY ST",BROADWAY,0.00,,Y,C,-,N,,,,,,,,,,N,4,0,1,2,A,-,12,21453,A,N,G,B,B,B,H,-,C,A,0,Y,,,,Y,,A,01,0,0,1,0,1,0,0,0,0,"- ","- ",,,"SAN FRANCISCO","SAN FRANCISCO",-122.40548706054688,37.798019409179688
9545443,2023,2023-03-01,3801,2023-01-09,2329,1182,TENDE,1,5,7,3801,0,0,0,,0,3J11E,"MARKET ST","MARKET ST 1355",0.00,,-,C,G,N,,,,,,,,,,N,4,0,1,1,A,-,03,22350,,N,E,I,A,B,G,-,C,D,0,,,Y,,Y,,C,02,0,0,1,0,0,0,0,0,1,"- ","- ",,,"SAN FRANCISCO","SAN FRANCISCO",,
9545444,2023,2023-03-01,3801,2023-01-09,2121,2741,TENDE,1,5,7,3801,0,0,0,,0,901,"TAYLOR ST","TURK ST",0.00,,Y,A,-,N,,,,,,,,,,N,2,0,1,2,D,-,00,,,N,G,B,B,A,H,-,C,A,0,Y,,,,Y,,-,"- ",1,0,0,0,1,0,0,0,0,"- ","- ",,,"SAN FRANCISCO","SAN FRANCISCO",-122.41078186035156,37.783206939697266
9545445,2023,2023-03-08,3801,2023-01-05,1629,282,TARAV,4,5,7,3801,0,0,0,,0,3I15B,"LAKE MERCED BL","MIDDLEFIELD DR",80.00,E,N,A,-,N,,,,,,,,,,N,4,0,1,2,A,-,04,21703,,N,C,C,A,A,H,-,B,A,0,,,,,Y,,A,01,0,0,1,0,0,0,0,0,0,"- ","- ",,,"SAN FRANCISCO","SAN FRANCISCO",-122.486328125,37.729515075683594
9545447,2023,2023-03-01,3801,2023-01-09,"730 ",4305,NORTH,1,5,7,3801,0,0,0,,0,,"FRANKLIN ST","OFARRELL ST",0.00,,Y,A,-,N,,,,,,,,,,N,4,0,1,2,A,-,08,22107,,N,A,C,A,B,H,-,A,A,0,,,,,Y,,M,94,0,0,1,0,0,0,0,0,0,"- ","- ",,,"SAN FRANCISCO","SAN FRANCISCO",-122.42282867431641,37.7845458984375
9545451,2023,2023-03-01,3801,2023-01-08,1800,837,CENTR,7,5,7,3801,0,0,0,,0,3A14D,"GEARY ST","LARKIN ST",0.00,,Y,A,-,N,,,,,,,,,,N,4,0,1,2,A,-,10,21950,A,F,G,B,B,A,H,-,C,A,0,Y,,,,Y,,A,01,0,0,1,0,1,0,0,0,0,"- ","- ",,,"SAN FRANCISCO","SAN FRANCISCO",-122.41810607910156,37.786113739013672
9545453,2023,2023-03-01,3801,2023-01-14,1730,2028,BAYVI,6,5,7,3801,0,0,0,,0,3C12D,"CARROLL AV",PHELPS,321.00,W,N,C,-,N,,,,,,,,,,Y,4,0,1,2,A,-,03,22350,,N,H,E,A,B,H,-,C,D,0,,,,,Y,,A,01,0,0,1,0,0,0,0,0,0,"- ","- ",,,"SAN FRANCISCO","SAN FRANCISCO",-122.40175628662109,37.729713439941406
9545454,2023,2023-03-01,3801,2023-01-10,1335,257,RICHM,2,5,7,3801,0,0,0,,0,3G4A,"FULTON ST","20TH AV",0.00,,Y,B,-,N,,,,,,,,,,Y,4,0,1,2,C,-,18,,,N,H,J,A,B,H,-,A,D,0,,,,,Y,,-,"- ",0,0,1,0,0,0,0,0,0,"- ","- ",,,"SAN FRANCISCO","SAN FRANCISCO",-122.47882843017578,37.772811889648438
9545455,2023,2023-03-01,3801,2023-01-15,1759,319,CENTR,7,5,7,3801,0,0,0,,0,3A12D,"CALIFORNIA ST","POWELL ST",0.00,,Y,C,-,N,,,,,,,,,,N,3,0,1,2,A,-,03,22350,A,N,B,B,B,B,H,-,C,A,0,Y,,,,Y,,A,01,0,1,0,0,1,0,0,0,0,"- ","- ",,,"SAN FRANCISCO","SAN FRANCISCO",-122.40917205810547,37.79205322265625
9545460,2023,2023-03-01,3801,2023-01-10,1130,1961,TENDE,2,5,7,3801,0,0,0,,0,3J13D,"ELLIS ST","TAYLOR ST",0.00,,Y,C,-,N,,,,,,,,,,N,4,0,1,2,A,-,10,21950,A,F,G,B,A,B,H,-,A,A,0,,,,,Y,,A,01,0,0,1,0,0,0,0,0,0,"- ","- ",,,"SAN FRANCISCO","SAN FRANCISCO",-122.41112518310547,37.78509521484375
9545462,2023,2023-02-27,3801,2023-01-01,1541,4115,CENTR,7,5,7,3801,0,0,0,,0,3A12C,"NORTH POINT ST","NORTH POINT ST 870",0.00,,N,A,-,N,,,,,,,,,,N,3,0,2,2,A,-,06,21756,A,N,G,B,E,-,H,-,A,D,0,Y,Y,,,Y,,L,04,0,1,1,0,1,0,1,0,0,"- ","- ",,,"SAN FRANCISCO","SAN FRANCISCO",,
9545463,2023,2023-02-24,3801,2023-01-01,1610,709,BAYVI,7,5,7,3801,0,0,0,,0,3C14D,"SILVER AV","SAN BRUNO AV",0.00,,Y,B,-,N,,,,,,,,,,Y,4,0,2,2,A,-,03,22350,,N,A,C,A,A,H,-,A,A,0,,,,,Y,,A,01,0,0,2,0,0,0,0,0,0,"- ","- ",,,"SAN FRANCISCO","SAN FRANCISCO",-122.40561676025391,37.732444763183594
9545465,2023,2023-02-24,3801,2023-01-01,"150 ",2724,SOUTH,7,5,7,3801,0,0,0,,0,3B14E,"5TH ST","BRANNAN ST",0.00,,Y,A,-,N,,,,,,,,,,N,4,0,1,2,A,-,12,22450,A,N,A,C,A,A,H,-,C,A,0,,,,,Y,,M,94,0,0,1,0,0,0,0,0,0,"- ","- ",,,"SAN FRANCISCO","SAN FRANCISCO",-122.39875793457031,37.776573181152344
9545466,2023,2023-02-24,3801,2023-01-01,1828,319,CENTR,7,5,7,3801,0,0,0,,0,3A12D,"CALIFORNIA ST","SANSOME ST",0.00,,Y,A,-,N,,,,,,,,,,Y,4,0,6,2,A,-,12,21453,A,N,D,C,A,A,H,-,B,A,0,,,,,Y,,A,01,0,0,6,0,0,0,0,0,0,"- ","- ",,,"SAN FRANCISCO","SAN FRANCISCO",-122.40113830566406,37.793098449707031
9545467,2023,2023-03-06,3801,2023-01-04,"129 ",1182,TENDE,3,5,7,3801,0,0,0,,0,901,"LEAVENWORTH ST","ELLIS ST",72.00,N,N,A,-,N,,,,,,,,,,Y,4,0,1,4,A,-,07,21658,A,N,B,E,A,A,H,-,C,D,0,,,,,Y,,A,01,0,0,1,0,0,0,0,0,0,"- ","- ",,,"SAN FRANCISCO","SAN FRANCISCO",-122.41445922851562,37.784866333007812
9545469,2023,2023-02-25,3801,2023-01-03,"841 ",4305,NORTH,2,5,7,3801,0,0,0,,0,,"EDDY ST","VAN NESS AV",0.00,,Y,A,-,N,,,,,,,,,,Y,4,0,1,2,A,-,08,22101,D,F,E,I,A,A,H,-,A,A,0,,,,,Y,Y,A,01,0,0,1,0,0,0,0,0,0,"- ","- ",,,"SAN FRANCISCO","SAN FRANCISCO",-122.42076110839844,37.782890319824219
9545471,2023,2023-02-24,3801,2023-01-01,1728,1394,PARK,7,5,7,3801,0,0,0,,0,PARK4,"CASTRO ST","16TH ST",0.00,,Y,A,-,N,,,,,,,,,,Y,4,0,3,2,A,-,09,21801,A,N,A,C,A,-,H,-,A,A,0,,,,,Y,,A,01,0,0,3,0,0,0,0,0,0,"- ","- ",,,"SAN FRANCISCO","SAN FRANCISCO",-122.43533325195312,37.764106750488281
9545472,2023,2023-02-24,3801,2023-01-02,1810,2469,SOUTH,1,5,7,3801,0,0,0,,0,,"TERRY A FRANCOIS BL","WARRIORS WY",0.00,,Y,C,-,N,,,,,,,,,,Y,4,0,1,2,A,-,08,22107,,F,G,B,E,B,-,-,C,A,0,Y,,,,Y,,A,01,0,0,1,0,1,0,0,0,0,"- ","- ",,,"SAN FRANCISCO","SAN FRANCISCO",-122.38632202148438,37.768985748291016
9545473,2023,2023-02-24,3801,2023-01-03,1519,812,BAYVI,2,5,7,3801,0,0,0,,0,,"23RD ST","TENNESSEE ST",0.00,,Y,A,-,N,,,,,,,,,,Y,4,0,1,2,A,-,05,21660,,N,B,C,A,A,H,-,-,D,0,,,,,Y,,A,01,0,0,1,0,0,0,0,0,0,"- ","- ",,,"SAN FRANCISCO","SAN FRANCISCO",-122.38899993896484,37.755332946777344
9545474,2023,2023-02-24,3801,2023-01-01,1706,2293,NORTH,7,5,7,3801,0,0,0,,0,0E1,"OCTAVIA ST","HAIGHT ST",0.00,,Y,A,-,N,,,,,,,,,,N,4,0,1,2,A,-,12,21453,A,N,D,G,A,A,H,-,A,A,0,,Y,,,Y,,L,04,0,0,1,0,0,0,1,0,0,"- ","- ",,,"SAN FRANCISCO","SAN FRANCISCO",-122.42392730712891,37.772964477539062
9545475,2023,2023-02-24,3801,2023-01-08,2242,460,INGLE,7,5,7,3801,0,0,0,,0,3H15E,"GENEVA AV","MADRID ST",0.00,,Y,C,-,N,,,,,,,,,,Y,4,0,1,1,A,-,03,22350,,N,A,I,A,B,H,-,C,D,0,,,,,Y,,A,01,0,0,1,0,0,0,0,0,0,"- ","- ",,,"SAN FRANCISCO","SAN FRANCISCO",-122.43781280517578,37.714950561523438
9545476,2023,2023-02-24,3801,2023-01-01,"136 ",1017,NORTH,7,5,7,3801,0,0,0,,0,3E14E,"WEBSTER ST","POST ST",0.00,,Y,A,-,N,,,,,,,,,,N,4,0,1,2,A,-,10,21950,A,N,G,B,B,B,H,-,C,A,0,Y,,,,Y,,A,01,0,0,1,0,1,0,0,0,0,"- ","- ",,,"SAN FRANCISCO","SAN FRANCISCO",-122.43145751953125,37.785358428955078
9545477,2023,2023-02-24,3801,2023-01-09,1854,540,TARAV,1,5,7,3801,0,0,0,,0,0I6,"SAN JOSE AV","DE LONG ST",30.00,N,N,B,-,N,,,,,,,,,,Y,4,0,1,2,A,-,09,21802,A,N,D,C,A,A,H,-,C,A,0,,,,,Y,,A,01,0,0,1,0,0,0,0,0,0,"- ","- ",,,"SAN FRANCISCO","SAN FRANCISCO",-122.45761108398438,37.7095947265625
9545478,2023,2023-02-24,3801,2023-01-08,1146,1540,TARAV,7,5,7,3801,0,0,0,,0,3I11A,"TARAVAL ST","20TH AV",81.00,E,N,B,-,N,,,,,,,,,,N,4,0,1,2,A,-,11,21954,A,N,D,B,D,B,H,-,A,A,0,Y,,,,Y,,N,60,0,0,1,0,1,0,0,0,0,"- ","- ",,,"SAN FRANCISCO","SAN FRANCISCO",-122.47650909423828,37.7430419921875
9545479,2023,2023-02-24,3801,2023-01-10,"750 ",2476,SOUTH,2,5,7,3801,0,0,0,,0,3B13A,"7TH ST","HARRISON ST",0.00,,Y,C,-,N,,,,,,,,,,N,3,0,1,2,A,-,03,22350,,N,D,J,A,D,-,-,A,D,0,,,,,Y,,M,94,0,1,0,0,0,0,0,0,0,"- ","- ",,,"SAN FRANCISCO","SAN FRANCISCO",-122.40628051757812,37.775539398193359
9545480,2023,2023-02-24,3801,2023-01-09,1844,890,BAYVI,1,5,7,3801,0,0,0,,0,BAYVIE,"JENNINGS ST","CARROLL AV",48.00,N,N,A,-,N,,,,,,,,,,Y,3,0,1,2,A,-,03,22350,,F,C,-,A,A,H,-,C,A,0,,,,,Y,,A,01,0,1,0,0,0,0,0,0,0,"- ","- ",,,"SAN FRANCISCO","SAN FRANCISCO",-122.39141082763672,37.724006652832031
9545483,2023,2023-02-17,3801,2023-01-04,1033,1118,SOUTH,3,5,7,3801,0,0,0,,0,3B14A,"MARKET ST","VALENCIA ST",49.00,W,N,C,-,N,,,,,,,,,,N,4,0,1,2,A,-,04,21703,,N,C,C,A,B,H,-,A,A,0,,,,,Y,,A,01,0,0,1,0,0,0,0,0,0,"- ","- ",,,"SAN FRANCISCO","SAN FRANCISCO",-122.42273712158203,37.772453308105469
9545486,2023,2023-02-24,3801,2023-01-12,1530,1062,MISSI,4,5,7,3801,0,0,0,,0,3D45C,"VALENCIA ST","16TH ST",0.00,,Y,A,-,N,,,,,,,,,,N,4,0,3,2,A,-,09,21801,A,N,D,C,A,A,H,-,A,A,0,,,,,Y,,A,01,0,0,3,0,0,0,0,0,0,"- ","- ",,,"SAN FRANCISCO","SAN FRANCISCO",-122.42189025878906,37.764907836914062
9545495,2023,2023-03-03,3801,2023-01-05,"728 ",4356,INGLE,4,5,7,3801,0,0,0,,0,3H15A,"GENEVA AV","RT 280 N",0.00,,Y,B,-,Y,SF,4,280,-,R,1.556,R,4,N,Y,4,0,2,2,D,-,00,,,N,D,C,A,B,H,-,A,A,0,,,,,Y,,-,"- ",0,0,2,0,0,0,0,0,0,"- ","- ",,,"SAN FRANCISCO","SAN FRANCISCO",-122.44822692871094,37.719936370849609
9545503,2023,2023-02-16,3801,2023-01-09,"434 ",727,BAYVI,1,5,7,3801,0,0,0,,0,3C15E,"NEWHALL ST","LA SALLE AV",0.00,,Y,C,-,N,,,,,,,,,,N,4,0,1,2,A,-,08,22107,,N,G,B,B,B,G,-,C,D,0,Y,,,,Y,,A,01,0,0,1,0,1,0,0,0,0,"- ","- ",,,"SAN FRANCISCO","SAN FRANCISCO",-122.39053344726562,37.737529754638672
9545521,2023,2023-02-25,3801,2023-01-02,2200,1372,INGLE,1,5,7,3801,0,0,0,,0,3H13E,"JUDSON AV","CIRCULAR AV",40.00,W,N,C,-,N,,,,,,,,,,Y,3,0,1,1,A,-,08,22107,,N,E,I,A,B,H,-,C,D,0,,,,,Y,,A,01,0,1,0,0,0,0,0,0,0,"- ","- ",,,"SAN FRANCISCO","SAN FRANCISCO",-122.44439697265625,37.728279113769531
9545523,2023,2023-02-25,3801,2023-01-05,"756 ",2210,SOUTH,4,5,7,3801,0,0,0,,0,0B4,"HOWARD ST","12TH ST",0.00,,Y,B,C,N,,,,,,,,,,N,4,0,4,2,A,-,00,21543,A,F,D,C,A,B,H,-,A,A,0,,,,,Y,,A,01,0,0,4,0,0,0,0,0,0,"- ","- ",,,"SAN FRANCISCO","SAN FRANCISCO",-122.41692352294922,37.771732330322266
9545524,2023,2023-02-25,3801,2023-01-01,1312,2001,INGLE,7,5,7,3801,0,0,0,,0,0H5,"ALEMANY BL","SENECA AV",0.00,,Y,A,-,N,,,,,,,,,,N,3,0,1,2,A,-,08,22107,,N,-,J,A,A,H,-,A,A,0,,,,,Y,,A,01,0,1,0,0,0,0,0,0,0,"- ","- ",,,"SAN FRANCISCO","SAN FRANCISCO",-122.44136047363281,37.718658447265625
9545525,2023,2023-02-25,3801,2023-01-01,2359,1796,RICHM,7,5,7,3801,0,0,0,,0,3G4A,"ANZA ST","29TH AV",0.00,,Y,B,-,N,,,,,,,,,,N,4,0,1,2,A,-,10,21950,A,N,G,B,B,A,H,-,A,D,0,Y,,,,Y,,-,,0,0,1,0,1,0,0,0,0,"- ","- ",,,"SAN FRANCISCO","SAN FRANCISCO",-122.48886871337891,37.777976989746094
9545526,2023,2023-02-25,3801,2023-01-04,1214,885,BAYVI,3,5,7,3801,0,0,0,,0,05C,"EXECUTIVE PARK BL","THOMAS MELLON DR",0.00,,Y,C,-,N,,,,,,,,,,Y,4,0,1,2,A,-,03,22350,,F,D,C,A,B,H,-,A,D,0,,,,,Y,,A,01,0,0,1,0,0,0,0,0,0,"- ","- ",,,"SAN FRANCISCO","SAN FRANCISCO",-122.39257049560547,37.711315155029297
9545527,2023,2023-02-25,3801,2023-01-02,1911,1857,RICHM,1,5,7,3801,0,0,0,,0,3G4D,"17TH AV","GEARY BL",0.00,,Y,C,-,N,,,,,,,,,,N,3,0,1,2,A,-,10,21950,A,F,D,C,A,B,H,-,C,A,0,,,Y,,Y,,A,01,0,1,0,0,0,0,0,0,1,"- ","- ",,,"SAN FRANCISCO","SAN FRANCISCO",-122.47617340087891,37.780532836914062
9545528,2023,2023-02-25,3801,2023-01-03,1355,4274,RICHM,2,5,7,3801,0,0,0,,0,3B13C,"BALBOA ST","ARGUELLO BL",0.00,,Y,A,-,N,,,,,,,,,,N,4,0,1,2,D,-,00,,,N,A,G,A,A,H,-,A,A,0,,Y,,,Y,,-,"- ",0,0,1,0,0,0,1,0,0,"- ","- ",,,"SAN FRANCISCO","SAN FRANCISCO",-122.45858764648438,37.777248382568359
9545529,2023,2023-02-25,3801,2023-01-06,2132,623,BAYVI,5,5,7,3801,0,0,0,,0,3C15E,"QUESADA AV","LANE ST",0.00,,Y,-,-,N,,,,,,,,,,N,4,0,1,2,A,-,12,22450,A,F,G,B,D,A,H,-,C,A,0,Y,,,,Y,,A,01,0,0,1,0,1,0,0,0,0,"- ","- ",,,"SAN FRANCISCO","SAN FRANCISCO",-122.38960266113281,37.732292175292969
9545531,2023,2023-02-25,3801,2023-01-06,1754,1878,SOUTH,5,5,7,3801,0,0,0,,0,0B4,"9TH ST","FOLSOM ST",0.00,,Y,A,-,N,,,,,,,,,,N,2,0,1,2,A,-,04,21703,,F,C,C,A,-,H,-,C,A,0,,,Y,,Y,,A,01,1,0,0,0,0,0,0,0,1,"- ","- ",,,"SAN FRANCISCO","SAN FRANCISCO",-122.41161346435547,37.773773193359375
9545532,2023,2023-02-25,3801,2023-01-01,"707 ",993,SOUTH,7,5,7,3801,0,0,0,,0,SECTOR,"EMBARCADERO SOUTH","2ND ST",0.00,,Y,A,-,N,,,,,,,,,,,3,0,1,1,A,-,07,21658,,N,E,I,A,A,H,-,B,D,0,,,,,Y,,A,01,0,1,0,0,0,0,0,0,0,"- ","- ",,,"SAN FRANCISCO","SAN FRANCISCO",-122.38970184326172,37.779956817626953
9545534,2023,2023-02-25,3801,2023-01-07,1831,310,SOUTH,6,5,7,3801,0,0,0,,0,3B4D,"MARKET ST","OCTAVIA ST",0.00,,Y,B,C,N,,,,,,,,,,N,3,0,2,2,D,-,00,,,N,D,J,A,B,H,-,C,A,0,,,,,Y,,-,"- ",0,2,0,0,0,0,0,0,0,"- ","- ",,,"SAN FRANCISCO","SAN FRANCISCO",-122.42359161376953,37.771774291992188
9545536,2023,2023-02-25,3801,2023-01-04,1919,04,TRAFF,3,5,7,3801,0,0,0,,0,4B4A,"16TH ST","BRYANT ST",145.00,E,N,C,-,N,,,,,,,,,,N,3,0,1,2,A,-,11,21954,A,N,G,B,D,B,H,-,C,D,0,Y,,,,Y,Y,N,60,0,1,0,0,1,0,0,0,0,"- ","- ",,,"SAN FRANCISCO","SAN FRANCISCO",-122.41001892089844,37.765609741210938
9545537,2023,2023-02-25,3801,2023-01-13,"713 ",2713,TARAV,5,5,7,3801,0,0,0,,0,6CAR,"GENEVA AV","RT 280",0.00,,Y,C,G,N,,,,,,,,,,N,4,0,1,2,A,-,10,21950,A,F,G,B,-,B,H,-,A,A,0,Y,,,,Y,,A,01,0,0,1,0,1,0,0,0,0,"- ",SO,,,"SAN FRANCISCO","SAN FRANCISCO",-122.447998046875,37.721267700195312
9545538,2023,2023-02-25,3801,2023-01-13,2141,2359,TARAV,5,5,7,3801,0,0,0,,0,0I6,"OCEAN AV","PLYMOUTH AV",0.00,,Y,A,-,N,,,,,,,,,,Y,2,0,2,3,A,-,01,23152,A,N,D,C,A,A,H,-,C,A,0,,,,,Y,Y,A,01,1,1,0,0,0,0,0,0,0,"- ","- ",,,"SAN FRANCISCO","SAN FRANCISCO",-122.45653533935547,37.723976135253906
9545540,2023,2023-02-25,3801,2023-01-15,1015,1273,CENTR,7,5,7,3801,0,0,0,,0,3A2A,"PINE ST","KEARNY ST",0.00,,Y,C,-,N,,,,,,,,,,N,4,0,1,2,A,-,03,22350,,N,C,C,A,B,H,-,A,A,0,,,,,Y,Y,A,01,0,0,1,0,0,0,0,0,0,"- ","- ",,,"SAN FRANCISCO","SAN FRANCISCO",-122.40421295166016,37.791694641113281
9545541,2023,2023-02-24,3801,2023-01-16,"614 ",310,SOUTH,1,5,7,3801,0,0,0,,0,3B4A,"MARKET ST","OCTAVIA ST",0.00,,Y,B,-,N,,,,,,,,,,Y,3,0,2,2,D,-,00,,,N,D,C,A,B,H,-,C,A,0,,,,,Y,,-,"- ",0,1,1,0,0,0,0,0,0,"- ","- ",,,"SAN FRANCISCO","SAN FRANCISCO",-122.42359161376953,37.771774291992188
9545543,2023,2023-02-24,3801,2023-01-12,1903,1068,SOUTH,4,5,7,3801,0,0,0,,0,3B12D,"NORFOLK ST","HARRISON ST",35.00,N,N,A,-,N,,,,,,,,,,N,4,0,1,3,A,-,17,22517,,N,B,G,A,A,H,-,C,D,0,,Y,,,Y,,-,,0,0,1,0,0,0,1,0,0,"- ","- ",,,"SAN FRANCISCO","SAN FRANCISCO",-122.41287994384766,37.770458221435547
9545544,2023,2023-02-24,3801,2023-01-15,1407,1845,TARAV,7,5,7,3801,0,0,0,,0,3I11D,"20TH AV","ORTEGA ST",0.00,,Y,C,-,N,,,,,,,,,,N,4,0,1,2,A,-,12,22450,A,N,D,G,A,B,H,-,A,D,0,,Y,,,Y,,A,01,0,0,1,0,0,0,1,0,0,"- ","- ",,,"SAN FRANCISCO","SAN FRANCISCO",-122.4774169921875,37.752300262451172
9545545,2023,2023-03-09,3801,2023-01-03,1443,1482,TENDE,2,5,7,3801,0,0,0,,0,3J90C,"ELLIS ST","LARKIN ST",60.00,E,N,A,-,N,,,,,,,,,,Y,4,0,2,3,A,-,09,21804,A,N,B,E,A,A,H,-,A,A,0,,,,,Y,Y,A,01,0,0,2,0,0,0,0,0,0,"- ","- ",,,"SAN FRANCISCO","SAN FRANCISCO",-122.41751098632812,37.784275054931641
9545547,2023,2023-02-24,3801,2023-01-15,1943,1207,SOUTH,7,5,7,3801,0,0,0,,0,0B1,"HARRISON ST","ESSEX ST",0.00,,Y,C,-,N,,,,,,,,,,Y,4,0,3,2,A,-,"- ",,,N,D,C,A,B,H,-,D,A,0,,,,,Y,,A,01,0,0,3,0,0,0,0,0,0,"- ","- ",,,"SAN FRANCISCO","SAN FRANCISCO",-122.39405822753906,37.785213470458984
9545548,2023,2023-02-24,3801,2023-01-17,1530,1978,BAYVI,2,5,7,3801,0,0,0,,0,002,"NEWHALL ST","BITTING AV",75.00,N,N,A,-,N,,,,,,,,,,N,4,0,1,2,A,-,08,22103,,N,D,C,A,-,H,-,A,D,0,,,,,Y,,A,01,0,0,1,0,0,0,0,0,0,"- ","- ",,,"SAN FRANCISCO","SAN FRANCISCO",-122.39901733398438,37.727458953857422
9545549,2023,2023-02-24,3801,2023-01-17,1635,375,BAYVI,2,5,7,3801,0,0,0,,0,3C13D,"LANE ST","OAKDALE AV",0.00,,Y,A,-,N,,,,,,,,,,N,4,0,1,2,A,-,10,21950,A,N,G,B,B,A,H,-,B,D,0,Y,,,,Y,,A,01,0,0,1,0,1,0,0,0,0,"- ","- ",,,"SAN FRANCISCO","SAN FRANCISCO",-122.38849639892578,37.733543395996094
9545550,2023,2023-02-24,3801,2023-01-14,1733,2407,MISSI,6,5,7,3801,0,0,0,,0,3D11D,"15TH ST","SANCHEZ ST",0.00,,Y,C,-,N,,,,,,,,,,N,3,0,1,2,A,-,10,21950,A,F,D,B,B,B,H,-,B,A,0,Y,,,,Y,,A,01,0,1,0,0,1,0,0,0,0,"- ","- ",,,"SAN FRANCISCO","SAN FRANCISCO",-122.43100738525391,37.765979766845703
9545551,2023,2023-02-24,3801,2023-01-15,"430 ",524,INGLE,7,5,7,3801,0,0,0,,0,3H15E,"GENEVA AV","MISSION ST",0.00,,Y,A,-,N,,,,,,,,,,Y,4,0,1,2,A,-,12,21453,A,F,D,C,A,A,H,-,C,A,0,,,,,Y,,A,01,0,0,1,0,0,0,0,0,0,"- ","- ",,,"SAN FRANCISCO","SAN FRANCISCO",-122.44100189208984,37.716388702392578
9545553,2023,2023-02-24,3801,2023-01-23,1332,830,MISSI,1,5,7,3801,0,0,0,,0,3D2C,"POTRERO AV","26TH ST",0.00,,Y,A,-,N,,,,,,,,,,Y,3,0,1,1,A,-,03,22350,,N,E,I,A,A,H,-,A,A,0,,,,,Y,,A,01,0,1,0,0,0,0,0,0,0,"- ","- ",,,"SAN FRANCISCO","SAN FRANCISCO",,
9545554,2023,2023-03-07,3801,2023-01-18,1601,2725,RICHM,3,5,7,3801,0,0,0,,0,,"JOHN F KENNEDY DR","36TH AVE",0.00,,N,B,-,N,,,,,,,,,,Y,3,0,1,4,A,-,03,22350,,N,D,E,F,B,H,-,A,D,0,Y,,,,Y,,A,01,0,1,0,0,1,0,0,0,0,"- ","- ",,,"SAN FRANCISCO","SAN FRANCISCO",-122.49529266357422,37.769931793212891
9545555,2023,2023-02-24,3801,2023-01-13,1159,1870,RICHM,5,5,7,3801,0,0,0,,0,005,"CLEMENT ST","40TH ST",0.00,,Y,C,-,N,,,,,,,,,,Y,2,0,2,3,A,-,09,21802,A,N,D,C,A,B,H,-,A,A,0,,,,,Y,,A,01,1,0,1,0,0,0,0,0,0,"- ","- ",,,"SAN FRANCISCO","SAN FRANCISCO",-122.50090026855469,37.781280517578125
9545556,2023,2023-02-24,3801,2023-01-15,1843,1845,TARAV,7,5,7,3801,0,0,0,,0,3I1D,"IRVING ST","15TH AV",0.00,,Y,C,-,N,,,,,,,,,,N,3,0,1,2,A,-,10,21950,A,N,G,B,B,B,H,-,C,D,0,Y,,,,Y,,A,01,0,1,0,0,1,0,0,0,0,"- ","- ",,,"SAN FRANCISCO","SAN FRANCISCO",-122.47280120849609,37.763748168945312
9545557,2023,2023-02-24,3801,2023-01-20,"325 ",2113,BAYVI,5,5,7,3801,0,0,0,,0,3C12E,"PALOU AV","SELBY ST",0.00,,Y,A,-,N,,,,,,,,,,N,4,0,1,2,A,-,08,22107,,F,G,B,F,A,H,-,C,D,0,Y,,,,Y,,A,07,0,0,1,0,1,0,0,0,0,"- ","- ",,,"SAN FRANCISCO","SAN FRANCISCO",-122.40026092529297,37.739284515380859
9545558,2023,2023-02-24,3801,2023-01-11,1048,1796,RICHM,3,5,7,3801,0,0,0,,0,3G14A,"CALIFORNIA ST","24TH AV",0.00,,Y,C,-,N,,,,,,,,,,Y,4,0,1,2,A,-,09,21802,A,N,D,C,A,B,H,-,A,D,0,,,,,Y,,A,01,0,0,1,0,0,0,0,0,0,"- ","- ",,,"SAN FRANCISCO","SAN FRANCISCO",-122.48391723632812,37.783924102783203
9545559,2023,2023-02-24,3801,2023-01-19,2152,1688,BAYVI,4,5,7,3801,0,0,0,,0,3C12E,"BAY SHORE BL","SILVER AV",0.00,,Y,A,-,N,,,,,,,,,,Y,4,0,1,2,A,-,12,21453,A,N,D,C,A,A,H,-,A,A,0,,,,,Y,,-,"- ",0,0,1,0,0,0,0,0,0,"- ","- ",,,"SAN FRANCISCO","SAN FRANCISCO",-122.40464782714844,37.732959747314453