CASE_ID,ACCIDENT_YEAR,PROC_DATE,JURIS,COLLISION_DATE,COLLISION_TIME,OFFICER_ID,REPORTING_DISTRICT,DAY_OF_WEEK,CHP_SHIFT,POPULATION,CNTY_CITY_LOC,SPECIAL_COND,BEAT_TYPE,CHP_BEAT_TYPE,CITY_DIVISION_LAPD,CHP_BEAT_CLASS,BEAT_NUMBER,PRIMARY_RD,SECONDARY_RD,DISTANCE,DIRECTION,INTERSECTION,WEATHER_1,WEATHER_2,STATE_HWY_IND,CALTRANS_COUNTY,CALTRANS_DISTRICT,STATE_ROUTE,ROUTE_SUFFIX,POSTMILE_PREFIX,POSTMILE,LOCATION_TYPE,RAMP_INTERSECTION,SIDE_OF_HWY,TOW_AWAY,COLLISION_SEVERITY,NUMBER_KILLED,NUMBER_INJURED,PARTY_COUNT,PRIMARY_COLL_FACTOR,PCF_CODE_OF_VIOL,PCF_VIOL_CATEGORY,PCF_VIOLATION,PCF_VIOL_SUBSECTION,HIT_AND_RUN,TYPE_OF_COLLISION,MVIW,PED_ACTION,ROAD_SURFACE,ROAD_COND_1,ROAD_COND_2,LIGHTING,CONTROL_DEVICE,CHP_ROAD_TYPE,PEDESTRIAN_ACCIDENT,BICYCLE_ACCIDENT,MOTORCYCLE_ACCIDENT,TRUCK_ACCIDENT,NOT_PRIVATE_PROPERTY,ALCOHOL_INVOLVED,STWD_VEHTYPE_AT_FAULT,CHP_VEHTYPE_AT_FAULT,COUNT_SEVERE_INJ,COUNT_VISIBLE_INJ,COUNT_COMPLAINT_PAIN,COUNT_PED_KILLED,COUNT_PED_INJURED,COUNT_BICYCLIST_KILLED,COUNT_BICYCLIST_INJURED,COUNT_MC_KILLED,COUNT_MC_INJURED,PRIMARY_RAMP,SECONDARY_RAMP,LATITUDE,LONGITUDE,COUNTY,CITY,POINT_X,POINT_Y
9553755,2023,2023-03-30,3801,2023-02-15,1904,2704,SOUTH,3,5,7,3801,0,0,0,,0,0B3,"8TH ST","HOWARD ST",36.00,S,N,A,-,N,,,,,,,,,,N,3,0,1,2,D,-,00,,,N,D,B,D,A,H,-,C,A,0,Y,,,,Y,,-,"- ",0,1,0,0,1,0,0,0,0,"- ","- ",,,"SAN FRANCISCO","SAN FRANCISCO",-122.4114990234375,37.776161193847656
9553757,2023,2023-03-30,3801,2023-02-15,1045,1573,BAYVI,3,5,7,3801,0,0,0,,0,3C15A,"3RD ST","JAMESTOWN AV",0.00,,Y,A,-,N,,,,,,,,,,N,3,0,1,2,A,-,12,21453,A,N,D,G,A,A,H,-,A,A,0,,Y,,,Y,,L,04,0,1,0,0,0,0,1,0,0,"- ","- ",,,"SAN FRANCISCO","SAN FRANCISCO",-122.39671325683594,37.720260620117188
9553758,2023,2023-03-30,3801,2023-02-04,2500,2488,NORTH,6,5,7,3801,0,0,0,,0,3E15E,"GOLDEN GATE AV","FRANKLIN ST",20.00,E,N,A,-,N,,,,,,,,,,N,3,0,1,3,A,-,06,21760,C,N,B,G,A,A,H,-,C,D,0,,Y,,,Y,Y,A,01,0,1,0,0,0,0,1,0,0,"- ","- ",,,"SAN FRANCISCO","SAN FRANCISCO",-122.42203521728516,37.780826568603516
9553759,2023,2023-03-30,3801,2023-02-15,"736 ",1396,SOUTH,3,5,7,3801,0,0,0,,0,3B3A,"MINNA ST","6TH ST",0.00,,Y,A,-,N,,,,,,,,,,Y,4,0,1,2,D,-,00,,,N,D,C,A,A,H,-,A,A,0,,,,,Y,,-,"- ",0,0,1,0,0,0,0,0,0,"- ","- ",,,"SAN FRANCISCO","SAN FRANCISCO",-122.40813446044922,37.780551910400391
9553761,2023,2023-04-05,3801,2023-02-04,"145 ",2142,NORTH,6,5,7,3801,0,0,0,,0,3E12E,"DIVISADERO ST","FULTON ST",67.00,S,N,A,-,N,,,,,,,,,,N,2,0,1,2,A,-,09,21804,A,F,B,G,A,A,H,-,C,A,0,,Y,,,Y,,A,01,1,0,0,0,0,0,1,0,0,"- ","- ",,,"SAN FRANCISCO","SAN FRANCISCO",-122.43812561035156,37.776679992675781
9553765,2023,2023-04-07,3801,2023-02-01,1757,1371,NORTH,3,5,7,3801,0,0,0,,0,002,"STEINER ST","ELLIS ST",35.00,S,N,A,-,N,,,,,,,,,,N,4,0,1,3,A,-,03,22350,,N,C,C,A,A,H,-,C,A,0,,,,,Y,,A,07,0,0,1,0,0,0,0,0,0,"- ","- ",,,"SAN FRANCISCO","SAN FRANCISCO",-122.43414306640625,37.782054901123047
9553777,2023,2023-04-07,3801,2023-02-01,"946 ",1183,MISSI,3,5,7,3801,0,0,0,,0,3D11A,"15TH ST","FOLSOM ST",25.00,E,N,A,-,N,,,,,,,,,,N,4,0,1,2,A,-,04,21703,,N,C,C,A,A,H,-,A,A,0,,,,,Y,,D,22,0,0,1,0,0,0,0,0,0,"- ","- ",,,"SAN FRANCISCO","SAN FRANCISCO",-122.41537475585938,37.766933441162109
9553785,2023,2023-04-07,3801,2023-02-05,"52  ",460,INGLE,7,5,7,3801,0,0,0,,0,3H15E,"ALEMANY BL","STONEYBROOK AV",0.00,,Y,C,-,N,,,,,,,,,,Y,4,0,1,2,A,-,05,21651,A,F,B,C,A,B,H,-,C,D,0,,,,,Y,,D,22,0,0,1,0,0,0,0,0,0,"- ","- ",,,"SAN FRANCISCO","SAN FRANCISCO",-122.42173767089844,37.731330871582031
9553793,2023,2023-04-07,3801,2023-02-09,1510,1306,CENTR,4,5,7,3801,0,0,0,,0,3A44C,"GAANT AV","PINE ST",0.00,,Y,A,-,N,,,,,,,,,,Y,3,0,2,3,A,-,12,21453,A,N,D,B,F,A,H,-,A,A,0,Y,,,,Y,,A,07,0,1,1,0,1,0,0,0,0,"- ","- ",,,"SAN FRANCISCO","SAN FRANCISCO",-122.40571594238281,37.791511535644531
9553797,2023,2023-04-21,3801,2023-01-04,1842,4375,TRAFF,3,5,7,3801,0,0,0,,0,4B1F,"MORSE ST","LOWELL ST",30.00,W,N,C,-,N,,,,,,,,,,N,2,0,1,2,A,-,11,21954,A,N,G,B,E,B,H,-,C,D,0,Y,,,,Y,,N,60,1,0,0,0,1,0,0,0,0,"- ","- ",,,"SAN FRANCISCO","SAN FRANCISCO",-122.44628143310547,37.710987091064453
9553801,2023,2023-03-15,3801,2023-01-24,1813,2433,SOUTH,2,5,7,3801,0,0,0,,0,3B4D,"2ND ST","HARRISON ST",215.00,N,N,A,-,N,,,,,,,,,,N,4,0,1,2,A,-,10,21950,A,N,G,J,A,A,H,-,C,D,0,,,,,Y,,D,22,0,0,1,0,0,0,0,0,0,"- ","- ",,,"SAN FRANCISCO","SAN FRANCISCO",-122.39571380615234,37.784744262695312
9553817,2023,2023-04-05,3801,2023-02-08,1645,2244,BAYVI,3,5,7,3801,0,0,0,,0,3C11D,"CESAR CHAVEZ ST","CONNECTICUT ST",0.00,,Y,A,-,N,,,,,,,,,,Y,3,0,1,2,A,-,03,22350,,N,A,C,A,A,H,-,A,A,0,,,Y,,Y,,C,03,0,1,0,0,0,0,0,0,1,"- ","- ",,,"SAN FRANCISCO","SAN FRANCISCO",-122.39627075195312,37.749752044677734
9553821,2023,2023-04-07,3801,2023-02-08,1230,1496,INGLE,3,5,7,3801,0,0,0,,0,0D6,"25TH ST","25TH ST 2829",0.00,,-,A,-,N,,,,,,,,,,Y,4,0,1,2,A,-,03,22350,,N,C,E,A,A,H,-,A,A,0,,,,,Y,,A,01,0,0,1,0,0,0,0,0,0,"- ","- ",,,"SAN FRANCISCO","SAN FRANCISCO",-122.48495483398438,37.788864135742188
9553855,2022,2023-03-14,3801,2022-06-03,0751,2402,TARAV,5,5,7,3801,0,0,0,,0,311A,"9TH AV","IRVING ST",0.00,,Y,E,F,N,,,,,,,,,,N,4,0,1,1,-,-,"- ",,,N,E,I,A,B,G,-,A,D,0,,Y,,,Y,,-,"- ",0,0,1,0,0,0,1,0,0,"- ","- ",,,"SAN FRANCISCO","SAN FRANCISCO",-122.46632385253906,37.764034271240234
9553856,2022,2023-03-14,3801,2022-06-25,1629,200,TENDE,6,5,7,3801,0,0,0,,0,3J12D,"OFARRELL ST","CYRIL MAGNIN ST",0.00,,Y,A,-,N,,,,,,,,,,Y,3,0,1,1,A,-,03,22350,,N,-,A,A,A,H,-,A,A,0,,Y,,,Y,,L,04,0,1,0,0,0,0,1,0,0,"- ","- ",,,"SAN FRANCISCO","SAN FRANCISCO",-122.40894317626953,37.786312103271484
9553857,2022,2023-03-14,3801,2022-07-09,2030,2228,CENTR,6,5,7,3801,0,0,0,,0,3A14D,"LARKIN ST","UNION ST",135.00,N,N,A,-,N,,,,,,,,,,N,4,0,1,1,A,-,03,22350,,N,H,A,A,A,H,-,A,D,0,,,Y,,Y,,C,03,0,0,1,0,0,0,0,0,1,"- ","- ",,,"SAN FRANCISCO","SAN FRANCISCO",-122.42074584960938,37.799346923828125
9553858,2022,2023-03-14,3801,2022-07-18,2234,1217,MISSI,1,5,7,3801,0,0,0,,0,3CAR,"HARRISON ST","21ST ST",0.00,,Y,A,-,N,,,,,,,,,,N,3,0,1,2,A,-,12,22450,A,N,D,G,A,A,H,-,C,D,0,,Y,,,Y,,L,04,0,1,0,0,0,0,1,0,0,"- ","- ",,,"SAN FRANCISCO","SAN FRANCISCO",-122.41237640380859,37.7574462890625
9553859,2022,2023-03-13,3801,2022-11-24,1427,2093,NORTH,4,5,7,3801,0,0,0,,0,3E14A,"POST ST","WEBSTER ST",0.00,,Y,A,-,N,,,,,,,,,,N,3,0,2,3,A,-,10,21950,A,N,G,B,B,A,H,-,A,A,0,Y,,,,Y,,A,01,0,1,1,0,2,0,0,0,0,"- ","- ",,,"SAN FRANCISCO","SAN FRANCISCO",-122.43145751953125,37.785358428955078
9553860,2022,2023-03-14,3801,2022-07-14,1116,1520,BAYVI,4,5,7,3801,0,0,0,,0,0C2,"NEWHALL ST","BAYVIEW CIR",0.00,,Y,A,-,N,,,,,,,,,,Y,4,0,1,2,A,-,12,22450,,F,D,C,A,A,H,-,A,D,0,,,,,Y,,A,01,0,0,1,0,0,0,0,0,0,"- ","- ",,,"SAN FRANCISCO","SAN FRANCISCO",-122.39464569091797,37.732940673828125
9553870,2022,2023-03-21,3801,2022-10-23,0601,2122,TENDE,7,5,7,3801,0,0,0,,0,3J12A,"6TH ST","STEVENSON ST",0.00,,Y,A,-,N,,,,,,,,,,N,3,0,1,2,A,-,03,22350,,F,D,C,A,A,D,-,C,A,0,,,,,Y,,A,01,0,1,0,0,0,0,0,0,0,"- ","- ",,,"SAN FRANCISCO","SAN FRANCISCO",-122.40966796875,37.781764984130859
9553872,2022,2023-03-13,3801,2022-10-31,0715,229,MISSI,1,5,7,3801,0,0,0,,0,0D4,"POTRERO AV","CESAR CHAVEZ",78.00,N,N,A,-,N,,,,,,,,,,Y,4,0,1,2,A,-,03,22350,,F,C,G,A,A,H,-,B,A,0,,Y,,,Y,Y,A,01,0,0,1,0,0,0,1,0,0,"- ","- ",,,"SAN FRANCISCO","SAN FRANCISCO",-122.40550994873047,37.749382019042969
9553874,2023,2023-03-15,3801,2023-01-31,1951,1371,NORTH,2,5,7,3801,0,0,0,,0,005,"LOMBARD ST","BUCHANAN ST",3.00,E,N,A,-,N,,,,,,,,,,N,4,0,1,2,A,-,10,21950,A,F,B,B,B,A,H,-,C,A,0,Y,,,,Y,,A,01,0,0,1,0,1,0,0,0,0,"- ","- ",,,"SAN FRANCISCO","SAN FRANCISCO",-122.43274688720703,37.800262451171875
9553877,2023,2023-03-16,3801,2023-01-14,1407,1931,NORTH,6,5,7,3801,0,0,0,,0,3E12C,"HAYES ST","LARKIN ST",0.00,,Y,A,-,N,,,,,,,,,,N,4,0,1,2,A,-,08,22107,,N,C,C,A,A,H,-,A,A,0,,,,,Y,,A,01,0,0,1,0,0,0,0,0,0,"- ","- ",,,"SAN FRANCISCO","SAN FRANCISCO",-122.41641998291016,37.777744293212891
9553880,2023,2023-03-15,3801,2023-01-31,1410,2113,BAYVI,2,5,7,3801,0,0,0,,0,3C12E,"INDUSTRIAL ST","BARNEVELD AV",0.00,,Y,A,-,N,,,,,,,,,,N,4,0,1,2,A,-,08,22107,,F,B,C,A,A,H,-,A,D,0,,,,,Y,,A,01,0,0,1,0,0,0,0,0,0,"- ","- ",,,"SAN FRANCISCO","SAN FRANCISCO",-122.40430450439453,37.738735198974609
9553881,2023,2023-03-15,3801,2023-01-19,"910 ",1967,NORTH,4,5,7,3801,0,0,0,,0,3E12A,"DIVISADERO ST","GEARY BL",0.00,,Y,A,-,N,,,,,,,,,,N,4,0,1,2,A,-,10,21950,A,N,G,B,B,A,H,-,A,A,0,Y,,,,Y,,A,01,0,0,1,0,1,0,0,0,0,"- ","- ",,,"SAN FRANCISCO","SAN FRANCISCO",-122.43947601318359,37.783359527587891
9553884,2023,2023-03-16,3801,2023-01-11,2145,4115,CENTR,3,5,7,3801,0,0,0,,0,3A12E,"CALIFORNIA ST","GRANT AV",0.00,,Y,A,-,N,,,,,,,,,,Y,3,0,1,2,A,-,08,22107,,N,B,C,A,A,H,-,C,A,0,,,,,Y,,A,01,0,1,0,0,0,0,0,0,0,"- ","- ",,,"SAN FRANCISCO","SAN FRANCISCO",-122.40589141845703,37.792457580566406
9553886,2023,2023-03-15,3801,2023-01-26,1735,713,CENTR,4,5,7,3801,0,0,0,,0,3A13D,"3RD ST","JESSIE ST",6.00,N,N,A,-,N,,,,,,,,,,N,3,0,1,2,A,-,08,22107,,N,B,G,A,A,H,-,C,D,0,,Y,,,Y,,A,01,0,1,0,0,0,0,1,0,0,"- ","- ",,,"SAN FRANCISCO","SAN FRANCISCO",-122.40254211425781,37.786712646484375
9553887,2023,2023-03-20,3801,2023-01-29,1019,2059,CENTR,7,5,7,3801,0,0,0,,0,3A5A,"JONES ST","BAY ST",0.00,,Y,A,-,N,,,,,,,,,,N,3,0,1,2,A,-,12,21453,A,N,D,-,A,A,H,-,A,A,0,,,Y,,Y,,C,03,0,1,0,0,0,0,0,0,1,"- ","- ",,,"SAN FRANCISCO","SAN FRANCISCO",-122.41690063476562,37.805221557617188
9553888,2023,2023-03-15,3801,2023-01-26,1229,750,TENDE,4,5,7,3801,0,0,0,,0,3J11A,"9TH ST","MARKET ST",0.00,,Y,A,-,N,,,,,,,,,,N,4,0,1,2,A,-,"- ",,,N,D,G,A,A,H,-,A,A,0,,Y,,,Y,,L,04,0,0,1,0,0,0,1,0,0,"- ","- ",,,"SAN FRANCISCO","SAN FRANCISCO",-122.41632843017578,37.777500152587891
9553891,2023,2023-03-15,3801,2023-01-04,"950 ",1021,TENDE,3,5,7,3801,0,0,0,,0,3J14A,"EDDY ST","MASON ST",174.00,W,N,B,C,N,,,,,,,,,,N,3,0,1,2,A,-,21,22106,,F,G,B,E,B,H,-,A,-,0,Y,,,,Y,,-,,0,1,0,0,1,0,0,0,0,"- ","- ",,,"SAN FRANCISCO","SAN FRANCISCO",-122.40989685058594,37.784297943115234
9553921,2023,2023-03-25,3801,2023-02-03,1652,2441,INGLE,5,5,7,3801,0,0,0,,0,3H15D,"HANOVER ST","LOWELL ST",93.00,S,N,B,-,N,,,,,,,,,,Y,3,0,1,4,A,-,08,22107,,N,F,E,A,B,E,-,A,D,0,,,,,Y,,A,01,0,1,0,0,0,0,0,0,0,"- ","- ",,,"SAN FRANCISCO","SAN FRANCISCO",-122.44515228271484,37.708473205566406
9553923,2023,2023-03-25,3801,2023-02-03,1621,2100,MISSI,5,5,7,3801,0,0,0,,0,3D11D,"CESAR CHAVEZ ST","CHURCH ST",188.00,W,N,A,-,N,,,,,,,,,,N,3,0,1,1,A,-,03,22350,,N,F,A,A,A,H,-,A,D,0,,Y,,,Y,,L,04,0,1,0,0,0,0,1,0,0,"- ","- ",,,"SAN FRANCISCO","SAN FRANCISCO",-122.42768859863281,37.747692108154297
9553924,2023,2023-03-25,3801,2023-02-10,1033,1021,TENDE,5,5,7,3801,0,0,0,,0,3J13A,"JONES ST","GOLDEN GATE AV",0.00,,Y,A,-,N,,,,,,,,,,,3,0,1,2,A,-,12,21453,A,N,D,J,A,A,H,-,A,A,0,,,,,Y,,M,94,0,1,0,0,0,0,0,0,0,"- ","- ",,,"SAN FRANCISCO","SAN FRANCISCO",-122.4122314453125,37.782081604003906
9553925,2023,2023-03-25,3801,2023-02-02,"913 ",1157,BAYV,4,5,7,3801,0,0,0,,0,3C12A,"INNES AV","PHELPS ST",0.00,,-,A,C,N,,,,,,,,,,N,4,0,2,2,A,-,08,22107,,N,A,E,A,B,H,-,A,D,0,,,,,Y,,A,01,0,0,2,0,0,0,0,0,0,"- ","- ",,,"SAN FRANCISCO","SAN FRANCISCO",-122.39068603515625,37.740482330322266
9553926,2023,2023-03-25,3801,2023-02-12,"50  ",4040,SOUTH,7,5,7,3801,0,0,0,,0,3B13E,"HOWARD ST","RAUSCH ST",0.00,,Y,A,-,N,,,,,,,,,,N,4,0,1,2,D,-,00,,,N,B,C,A,A,H,-,C,A,0,,,,,Y,,-,"- ",0,0,1,0,0,0,0,0,0,"- ","- ",,,"SAN FRANCISCO","SAN FRANCISCO",-122.41046905517578,37.777103424072266
9553927,2023,2023-03-25,3801,2023-02-03,"759 ",2466,RICHM,5,5,7,3801,0,0,0,,0,THREE,"CALIFORNIA ST","7TH AV",0.00,,Y,B,C,N,,,,,,,,,,N,4,0,1,2,A,-,03,22350,,N,C,-,A,B,H,-,A,D,0,,,,,Y,,A,01,0,0,1,0,0,0,0,0,0,"- ","- ",,,"SAN FRANCISCO","SAN FRANCISCO",-122.46564483642578,37.784862518310547
9553928,2023,2023-03-25,3801,2023-02-03,"913 ",2310,BAYV,5,5,7,3801,0,0,0,,0,3C12A,"PHELPS ST","GALVEZ AV",20.00,S,N,C,-,N,,,,,,,,,,Y,4,0,2,2,A,-,03,22350,,N,D,C,A,B,H,-,A,A,0,,,,,Y,,A,01,0,0,2,0,0,0,0,0,0,"- ","- ",,,"SAN FRANCISCO","SAN FRANCISCO",-122.38958740234375,37.741683959960938
9553929,2023,2023-03-25,3801,2023-02-02,1613,2100,MISSI,4,5,7,3801,0,0,0,,0,3D11D,"VALENCIA ST","ROSE PARKS LN",0.00,,Y,F,-,N,,,,,,,,,,N,3,0,1,1,A,-,03,22350,,N,F,A,A,-,H,-,-,D,0,,Y,,,Y,,L,04,0,1,0,0,0,0,1,0,0,"- ","- ",,,"SAN FRANCISCO","SAN FRANCISCO",-122.42211151123047,37.767448425292969
9553930,2023,2023-03-25,3801,2023-02-02,2500,1845,,4,5,7,3801,0,0,0,,0,3I11D,"IRVING ST","16TH AV",0.00,,Y,A,-,N,,,,,,,,,,N,3,0,1,2,A,-,10,21950,A,N,G,B,B,A,H,-,C,D,0,Y,,,,Y,,A,01,0,1,0,0,1,0,0,0,0,"- ","- ",,,"SAN FRANCISCO","SAN FRANCISCO",-122.47393035888672,37.763702392578125
9553931,2023,2023-03-25,3801,2023-02-01,2144,2150,RICHM,3,5,7,3801,0,0,0,,0,3G13D,"PARK PRESIDIO BL","ANZA AV",17.00,N,N,A,-,N,,,,,,,,,,Y,3,0,1,2,A,-,03,22350,,N,C,C,A,A,H,-,C,A,0,,,,,Y,,A,01,0,1,0,0,0,0,0,0,0,"- ","- ",,,"SAN FRANCISCO","SAN FRANCISCO",-122.47219085693359,37.778766632080078
9553932,2023,2023-03-25,3801,2023-02-02,"807 ",4026,BAYVI,4,5,7,3801,0,0,0,,0,3C12A,"PAUL AV","GOULD ST",0.00,,Y,A,-,N,,,,,,,,,,N,4,0,1,2,A,-,04,21703,,N,C,C,A,A,H,-,A,A,0,,,,,Y,,A,07,0,0,1,0,0,0,0,0,0,"- ","- ",,,"SAN FRANCISCO","SAN FRANCISCO",-122.39768981933594,37.722862243652344
9553933,2023,2023-03-28,3801,2023-02-10,1944,1806,NORTH,5,5,7,3801,0,0,0,,0,3E13D,"LAGUNA ST","GOLDEN GATE AV",0.00,,Y,A,-,N,,,,,,,,,,N,4,0,1,2,A,-,06,21755,A,N,B,G,A,A,H,-,C,A,0,,Y,,,Y,,L,04,0,0,1,0,0,0,1,0,0,"- ","- ",,,"SAN FRANCISCO","SAN FRANCISCO",-122.42701721191406,37.780200958251953
9553934,2023,2023-03-25,3801,2023-02-01,2115,899,NORTH,3,5,7,3801,0,0,0,,0,3E13E,"POLK ST","EDDY ST",33.00,S,N,A,-,N,,,,,,,,,,Y,4,0,1,2,A,-,08,22107,,N,C,C,A,A,H,-,C,D,0,,,,,Y,,A,01,0,0,1,0,0,0,0,0,0,"- ","- ",,,"SAN FRANCISCO","SAN FRANCISCO",-122.41915893554688,37.782989501953125
9553935,2023,2023-03-25,3801,2023-02-05,"118 ",2741,,7,5,7,3801,0,0,0,,0,3J14E,"MARKET ST","5TH ST",168.00,W,N,A,-,N,,,,,,,,,,N,3,0,1,2,A,-,08,22102,,N,H,G,A,B,-,-,C,D,0,,Y,,,Y,,A,01,0,1,0,0,0,0,1,0,0,"- ","- ",,,"SAN FRANCISCO","SAN FRANCISCO",-122.40847778320312,37.783676147460938
9553936,2023,2023-03-25,3801,2023-02-01,1300,4283,RICHM,3,5,7,3801,0,0,0,,0,4CAR,"CLEMENT ST","24TH AV",0.00,,Y,A,-,N,,,,,,,,,,,3,0,1,2,A,-,10,21950,A,N,G,B,B,A,H,-,A,-,0,Y,,,,Y,,A,01,0,1,0,0,1,0,0,0,0,"- ","- ",,,"SAN FRANCISCO","SAN FRANCISCO",-122.48380279541016,37.782070159912109
9553937,2023,2023-03-25,3801,2023-02-04,1727,812,BAYVI,6,5,7,3801,0,0,0,,0,3C15,"KEITH ST","REVERE AV",0.00,,Y,B,C,N,,,,,,,,,,N,4,0,1,2,A,-,05,21650,,N,A,C,A,B,H,-,C,D,0,,,,,Y,,A,07,0,0,1,0,0,0,0,0,0,"- ","- ",,,"SAN FRANCISCO","SAN FRANCISCO",-122.38829040527344,37.730617523193359
9553938,2023,2023-03-25,3801,2023-02-01,"904 ",1150,PARK,3,5,7,3801,0,0,0,,0,3F13A,"BRODERICK ST","EDDY ST",0.00,,Y,A,-,N,,,,,,,,,,N,4,0,2,2,A,-,09,21802,A,N,D,D,A,A,D,-,A,A,0,,,,,Y,,A,07,0,0,2,0,0,0,0,0,0,"- ","- ",,,"SAN FRANCISCO","SAN FRANCISCO",-122.44058990478516,37.780353546142578
9553939,2023,2023-03-25,3801,2023-02-04,1829,MOYLAN,,6,5,7,3801,0,0,0,,0,3J13D,"ELLIS ST","JONES ST",0.00,,Y,C,-,N,,,,,,,,,,N,4,0,1,2,A,-,10,21950,,N,D,C,-,B,H,-,B,A,0,Y,,,,Y,,A,01,0,0,1,0,1,0,0,0,0,"- ","- ",,,"SAN FRANCISCO","SAN FRANCISCO",-122.41278076171875,37.784896850585938
9553940,2023,2023-03-25,3801,2023-02-02,2244,4325,,4,5,7,3801,0,0,0,,0,,"FRANKLIN ST","GROVE ST",10.00,S,N,A,-,N,,,,,,,,,,Y,4,0,1,1,A,-,01,23152,A,M,A,I,A,A,H,-,C,A,0,,,,,Y,Y,A,01,0,0,1,0,0,0,0,0,0,"- ","- ",,,"SAN FRANCISCO","SAN FRANCISCO",-122.42151641845703,37.777992248535156
9553941,2023,2023-04-11,3801,2023-02-12,2142,246,TARAV,7,5,7,3801,0,0,0,,0,5CAR,"LAKE MERCED BL","STATE DR",0.00,,Y,-,-,N,,,,,,,,,,N,4,0,1,3,A,-,08,22107,,N,C,C,A,A,H,-,C,A,0,,,,,Y,Y,D,22,0,0,1,0,0,0,0,0,0,"- ","- ",,,"SAN FRANCISCO","SAN FRANCISCO",-122.48471832275391,37.72491455078125
9553944,2023,2023-04-11,3801,2023-02-13,"517 ",2139,TARAV,1,5,7,3801,0,0,0,,0,901,"LAKE MERCED BL","HIGUERA AV",0.00,,Y,A,-,N,,,,,,,,,,Y,3,0,1,2,A,-,12,21453,A,N,D,C,A,A,H,-,C,A,0,,,Y,,Y,,-,"- ",0,1,0,0,0,0,0,0,1,"- ","- ",,,"SAN FRANCISCO","SAN FRANCISCO",-122.48509979248047,37.718307495117188
9553945,2023,2023-04-11,3801,2023-02-10,2156,1982,MISSI,5,5,7,3801,0,0,0,,0,3D11E,"17TH ST","VALENCIA ST",0.00,,Y,C,-,N,,,,,,,,,,N,4,0,1,2,A,-,05,21651,,N,B,C,A,B,H,-,C,A,0,,,Y,,Y,,C,03,0,0,1,0,0,0,0,0,1,"- ","- ",,,"SAN FRANCISCO","SAN FRANCISCO",-122.42173767089844,37.763298034667969
9553946,2023,2023-04-11,3801,2023-02-08,1000,2151,PARK,3,5,7,3801,0,0,0,,0,3F13A,"STANYAN ST","MCALLISTER ST",29.00,S,N,A,-,N,,,,,,,,,,Y,3,0,2,2,A,-,03,22350,,N,C,C,A,A,H,-,A,A,0,,,,,Y,,A,01,0,1,1,0,0,0,0,0,0,"- ","- ",,,"SAN FRANCISCO","SAN FRANCISCO",-122.454833984375,37.775615692138672
9553947,2023,2023-04-11,3801,2023-02-09,2055,1394,PARK,4,5,7,3801,0,0,0,,0,003,"SHRADER ST","HAIGHT ST",0.00,,Y,A,-,N,,,,,,,,,,N,2,0,1,2,A,-,10,21950,A,N,G,B,B,A,H,-,C,A,0,Y,,,,Y,,A,01,1,0,0,0,1,0,0,0,0,"- ","- ",,,"SAN FRANCISCO","SAN FRANCISCO",-122.45185852050781,37.769374847412109
9553951,2023,2023-04-11,3801,2023-02-16,1251,615,PARK,4,5,7,3801,0,0,0,,0,3F1A,"7TH AV","JUDAH ST",0.00,,Y,A,-,N,,,,,,,,,,Y,4,0,1,2,A,-,03,22350,,N,C,C,A,A,-,-,A,A,0,,,,,Y,,A,01,0,0,1,0,0,0,0,0,0,"- ","- ",,,"SAN FRANCISCO","SAN FRANCISCO",-122.46404266357422,37.762290954589844
9553952,2023,2023-04-11,3801,2023-02-10,"502 ",1933,TENDE,5,5,7,3801,0,0,0,,0,3T12E,"JONESS ST","MCALLISTER ST",0.00,,Y,A,-,N,,,,,,,,,,N,4,0,1,2,A,-,08,22107,,N,G,B,B,A,H,-,C,A,0,Y,,,,Y,,A,01,0,0,1,0,1,0,0,0,0,"- ","- ",,,"SAN FRANCISCO","SAN FRANCISCO",-122.41202545166016,37.7811279296875
9553953,2023,2023-04-11,3801,2023-02-15,1740,670`,INGLE,3,5,7,3801,0,0,0,,0,3H13D,"PERU AV","VIENNA ST",0.00,,Y,A,-,N,,,,,,,,,,N,4,0,3,2,A,-,09,21802,A,N,D,C,A,A,H,-,A,A,0,,,,,Y,,A,01,0,0,3,0,0,0,0,0,0,"- ","- ",,,"SAN FRANCISCO","SAN FRANCISCO",-122.42572784423828,37.726711273193359
9553954,2023,2023-04-11,3801,2023-02-15,1643,1988,INGLE,3,5,7,3801,0,0,0,,0,3H16D,"CHENERY ST","MATEO ST",147.00,W,N,A,-,N,,,,,,,,,,N,3,0,1,2,A,-,03,22350,,N,G,B,E,A,H,-,A,D,0,Y,,,,Y,,A,01,0,1,0,0,1,0,0,0,0,"- ","- ",,,"SAN FRANCISCO","SAN FRANCISCO",-122.42934417724609,37.736141204833984
9553955,2023,2023-04-11,3801,2023-02-15,1110,1540,TARAV,3,5,7,3801,0,0,0,,0,3I11A,"8TH AV","LINCOLN AV",12.00,S,N,A,-,N,,,,,,,,,,N,4,0,1,2,A,-,10,21950,A,N,-,B,B,A,H,-,A,D,0,Y,,,,Y,,A,07,0,0,1,0,1,0,0,0,0,"- ","- ",,,"SAN FRANCISCO","SAN FRANCISCO",-122.46534729003906,37.765945434570312
9553956,2023,2023-04-11,3801,2023-02-15,1200,4335,RICHM,3,5,7,3801,0,0,0,,0,902,"CLEMENT ST","PARK PRESIDIO BL",0.00,,Y,-,-,N,,,,,,,,,,N,4,0,1,2,A,-,03,22350,,F,-,C,A,-,-,-,-,-,0,,,,,Y,,-,99,0,0,1,0,0,0,0,0,0,"- ","- ",,,"SAN FRANCISCO","SAN FRANCISCO",-122.47246551513672,37.782577514648438
9553957,2023,2023-04-11,3801,2023-02-13,1111,1653,INGLE,1,5,7,3801,0,0,0,,0,3H5A,"ALEMANY BL","LIGHT POLE #45",35.00,S,N,-,-,N,,,,,,,,,,Y,4,0,1,2,A,-,05,21651,B,N,A,C,A,A,H,-,A,D,0,,,,,Y,,A,07,0,0,1,0,0,0,0,0,0,"- ","- ",,,"SAN FRANCISCO","SAN FRANCISCO",,