CASE_ID,ACCIDENT_YEAR,PROC_DATE,JURIS,COLLISION_DATE,COLLISION_TIME,OFFICER_ID,REPORTING_DISTRICT,DAY_OF_WEEK,CHP_SHIFT,POPULATION,CNTY_CITY_LOC,SPECIAL_COND,BEAT_TYPE,CHP_BEAT_TYPE,CITY_DIVISION_LAPD,CHP_BEAT_CLASS,BEAT_NUMBER,PRIMARY_RD,SECONDARY_RD,DISTANCE,DIRECTION,INTERSECTION,WEATHER_1,WEATHER_2,STATE_HWY_IND,CALTRANS_COUNTY,CALTRANS_DISTRICT,STATE_ROUTE,ROUTE_SUFFIX,POSTMILE_PREFIX,POSTMILE,LOCATION_TYPE,RAMP_INTERSECTION,SIDE_OF_HWY,TOW_AWAY,COLLISION_SEVERITY,NUMBER_KILLED,NUMBER_INJURED,PARTY_COUNT,PRIMARY_COLL_FACTOR,PCF_CODE_OF_VIOL,PCF_VIOL_CATEGORY,PCF_VIOLATION,PCF_VIOL_SUBSECTION,HIT_AND_RUN,TYPE_OF_COLLISION,MVIW,PED_ACTION,ROAD_SURFACE,ROAD_COND_1,ROAD_COND_2,LIGHTING,CONTROL_DEVICE,CHP_ROAD_TYPE,PEDESTRIAN_ACCIDENT,BICYCLE_ACCIDENT,MOTORCYCLE_ACCIDENT,TRUCK_ACCIDENT,NOT_PRIVATE_PROPERTY,ALCOHOL_INVOLVED,STWD_VEHTYPE_AT_FAULT,CHP_VEHTYPE_AT_FAULT,COUNT_SEVERE_INJ,COUNT_VISIBLE_INJ,COUNT_COMPLAINT_PAIN,COUNT_PED_KILLED,COUNT_PED_INJURED,COUNT_BICYCLIST_KILLED,COUNT_BICYCLIST_INJURED,COUNT_MC_KILLED,COUNT_MC_INJURED,PRIMARY_RAMP,SECONDARY_RAMP,LATITUDE,LONGITUDE,COUNTY,CITY,POINT_X,POINT_Y
9553958,2023,2023-04-11,3801,2023-02-14,1328,524,INGLE,2,5,7,3801,0,0,0,,0,3H2,"ARLINGTON ST","BOSWORTH ST",87.00,N,N,A,-,N,,,,,,,,,,N,3,0,1,2,A,-,07,21658,A,N,A,C,A,A,H,-,A,D,0,,,Y,,Y,,A,01,0,1,0,0,0,0,0,0,1,"- ","- ",,,"SAN FRANCISCO","SAN FRANCISCO",-122.43266296386719,37.733455657958984
9553959,2023,2023-04-11,3801,2023-02-04,"50  ",1216,NORTH,6,5,7,3801,0,0,0,,0,3E16E,"LOMBARD ST","VAN NESS AV",250.00,W,N,A,-,N,,,,,,,,,,N,2,0,1,2,A,-,03,22350,,F,C,G,A,A,H,-,C,-,0,,Y,,,Y,,-,99,1,0,0,0,0,0,1,0,0,"- ","- ",37.801151275634766,-122.425537109375,"SAN FRANCISCO","SAN FRANCISCO",-122.42554473876953,37.801162719726562
9553961,2023,2023-04-11,3801,2023-02-22,2240,4115,CENTR,3,5,7,3801,0,0,0,,0,3A11E,"OFARRELL ST","POWELL ST",60.00,W,N,A,-,N,,,,,,,,,,Y,4,0,1,2,A,-,01,23152,A,F,C,C,A,A,H,-,C,A,0,,,,,Y,Y,A,01,0,0,1,0,0,0,0,0,0,"- ","- ",,,"SAN FRANCISCO","SAN FRANCISCO",-122.40823364257812,37.786411285400391
9553962,2023,2023-04-11,3801,2023-02-21,2054,4124,INGLE,2,5,7,3801,0,0,0,,0,3H14D,"JOOST AV","LIPPARD AV",0.00,,Y,A,-,N,,,,,,,,,,Y,4,0,1,2,A,-,09,21800,A,N,D,C,A,A,H,-,C,A,0,,,,,Y,,A,01,0,0,1,0,0,0,0,0,0,"- ","- ",,,"SAN FRANCISCO","SAN FRANCISCO",-122.43624114990234,37.732402801513672
9553963,2023,2023-04-11,3801,2023-02-24,1650,2441,INGLE,5,5,7,3801,0,0,0,,0,3H15D,"OCEAN AV","ALEMANY BL",0.00,,Y,A,-,N,,,,,,,,,,N,3,0,1,2,A,-,11,21955,,N,G,B,D,A,H,-,A,A,0,Y,,,,Y,,N,60,0,1,0,0,1,0,0,0,0,"- ","- ",,,"SAN FRANCISCO","SAN FRANCISCO",-122.43753814697266,37.723697662353516
9553964,2023,2023-04-11,3801,2023-02-23,"709 ",432,MISSI,4,5,7,3801,0,0,0,,0,3D41A,"MARKET ST","CASTRO ST",0.00,,Y,C,-,N,,,,,,,,,,N,4,0,2,2,A,-,03,22350,,F,C,C,A,B,H,-,A,A,0,,,,,Y,,A,01,0,0,2,0,0,0,0,0,0,"- ","- ",,,"SAN FRANCISCO","SAN FRANCISCO",-122.43515777587891,37.762641906738281
9553965,2023,2023-04-11,3801,2023-02-23,2340,1660,SOUTH,4,5,7,3801,0,0,0,,0,3B11E,"BRANNAN ST","BRANNON ST 340",0.00,,N,C,-,N,,,,,,,,,,N,4,0,1,2,A,-,21,22106,,N,G,B,E,B,H,-,C,D,0,Y,,,,Y,,A,01,0,0,1,0,1,0,0,0,0,"- ","- ",,,"SAN FRANCISCO","SAN FRANCISCO",,
9553966,2023,2023-04-11,3801,2023-02-24,2050,2142,NORTH,5,5,7,3801,0,0,0,,0,,"POLK ST","MCALLISTER ST",0.00,,Y,A,F,N,,,,,,,,,,Y,4,0,1,2,A,-,09,21802,A,N,G,B,B,A,H,-,C,A,0,Y,,,,Y,,-,"- ",0,0,1,0,1,0,0,0,0,"- ","- ",,,"SAN FRANCISCO","SAN FRANCISCO",-122.41860198974609,37.7802734375
9553967,2023,2023-04-11,3801,2023-02-08,1210,4375,TRAFF,3,5,7,3801,0,0,0,,0,4B1F,"LINDEN ST","OCTAVIA ST",0.00,,Y,A,-,N,,,,,,,,,,Y,2,0,1,1,A,-,03,22350,,N,E,-,A,A,H,-,A,-,0,,,,,Y,,A,01,1,0,0,0,0,0,0,0,0,"- ","- ",,,"SAN FRANCISCO","SAN FRANCISCO",-122.42462158203125,37.776439666748047
9553968,2023,2023-04-11,3801,2023-02-25,1910,319,CENTR,6,5,7,3801,0,0,0,,0,3A12D,"POWELL ST","POST ST",0.00,,Y,A,-,N,,,,,,,,,,N,3,0,1,2,A,-,10,21950,A,N,G,B,B,A,H,-,C,A,0,Y,,,,Y,,A,01,0,1,0,0,1,0,0,0,0,"- ","- ",,,"SAN FRANCISCO","SAN FRANCISCO",-122.40840148925781,37.788291931152344
9553969,2023,2023-04-11,3801,2023-02-20,1853,1520,BAYVI,1,5,7,3801,0,0,0,,0,0C2,"PALOU AV","RANKIN ST",158.00,E,N,A,-,N,,,,,,,,,,Y,3,0,2,4,A,-,03,22350,,F,C,C,A,A,H,-,C,D,0,,,,,Y,,A,01,0,1,1,0,0,0,0,0,0,"- ","- ",,,"SAN FRANCISCO","SAN FRANCISCO",-122.39792633056641,37.73797607421875
9553970,2023,2023-04-12,3801,2023-02-24,2008,4140,TENDE,5,5,7,3801,0,0,0,,0,3J12D,"6TH ST","MARKET ST",0.00,,Y,A,-,N,,,,,,,,,,N,4,0,1,2,A,-,03,22350,,N,C,C,A,A,H,-,C,D,0,,,,,Y,,A,01,0,0,1,0,0,0,0,0,0,"- ","- ",,,"SAN FRANCISCO","SAN FRANCISCO",-122.41030120849609,37.782241821289062
9553971,2023,2023-04-07,3801,2023-02-27,1700,1276,SOUTH,1,5,7,3801,0,0,0,,0,3B14D,"MARKET ST","SOUTH VAN NESS AV",0.00,,Y,A,-,N,,,,,,,,,,N,3,0,1,2,A,-,12,21453,A,N,D,G,A,A,H,-,A,A,0,,Y,,,Y,,L,04,0,1,0,0,0,0,1,0,0,"- ","- ",,,"SAN FRANCISCO","SAN FRANCISCO",-122.41925811767578,37.775169372558594
9553972,2023,2023-04-11,3801,2023-02-25,1545,582,CENTR,6,5,7,3801,0,0,0,,0,005,"DRUMM ST","WASHINGTON ST",0.00,,Y,A,-,N,,,,,,,,,,Y,4,0,1,2,A,-,12,21453,A,F,D,C,A,A,H,-,A,A,0,,,,,Y,,A,01,0,0,1,0,0,0,0,0,0,"- ","- ",,,"SAN FRANCISCO","SAN FRANCISCO",-122.39698028564453,37.796371459960938
9553973,2023,2023-04-07,3801,2023-02-09,1808,1696,NORTH,4,5,7,3801,0,0,0,,0,3E16D,"POLK ST","CALIFORNIA ST",0.00,,Y,A,-,N,,,,,,,,,,N,4,0,1,2,A,-,03,22350,,N,D,G,A,A,H,-,C,A,0,,Y,,,Y,Y,L,04,0,0,1,0,0,0,1,0,0,"- ","- ",,,"SAN FRANCISCO","SAN FRANCISCO",-122.42068481445312,37.790569305419922
9553974,2023,2023-04-07,3801,2023-02-24,1435,2151,PARK,5,5,7,3801,0,0,0,,0,3F13A,"STANYAN ST","HAYES ST",0.00,,Y,A,-,N,,,,,,,,,,N,4,0,1,2,D,-,00,,,F,B,C,A,A,H,-,A,A,0,,,,,Y,Y,-,"- ",0,0,1,0,0,0,0,0,0,"- ","- ",,,"SAN FRANCISCO","SAN FRANCISCO",-122.45429992675781,37.772872924804688
9553975,2023,2023-04-07,3801,2023-02-09,"120 ",2498,NORTH,4,5,7,3801,0,0,0,,0,3E12E,WEBSTER,"GEARY BL",0.00,,Y,A,-,N,,,,,,,,,,Y,4,0,3,2,A,-,12,21453,A,N,D,C,A,A,H,-,C,A,0,,,,,Y,,A,01,0,0,3,0,0,0,0,0,0,"- ","- ",,,"SAN FRANCISCO","SAN FRANCISCO",-122.43130493164062,37.784725189208984
9553976,2023,2023-05-09,3801,2023-02-09,"950 ",1118,SOUTH,4,5,7,3801,0,0,0,,0,3B14A,"HARRISON ST","02ND ST",124.00,E,N,A,-,N,,,,,,,,,,Y,4,0,1,2,A,-,08,22107,,N,D,C,A,A,H,-,A,D,0,,,,,Y,,A,07,0,0,1,0,0,0,0,0,0,"- ","- ",,,"SAN FRANCISCO","SAN FRANCISCO",,
9553977,2023,2023-04-07,3801,2023-02-08,1733,1591,INGLE,3,5,7,3801,0,0,0,,0,3H15D,"ALEMANY BL","SENECA AV",0.00,,Y,A,-,N,,,,,,,,,,Y,4,0,1,2,A,-,12,21453,A,N,D,C,A,A,H,-,A,A,0,,,,,Y,,A,01,0,0,1,0,0,0,0,0,0,"- ","- ",,,"SAN FRANCISCO","SAN FRANCISCO",-122.44136047363281,37.718658447265625
9553978,2023,2023-04-07,3801,2023-02-09,1508,1856,INGLE,4,5,7,3801,0,0,0,,0,0H2,"29TH ST","SAN JOSE AV",0.00,,Y,A,-,N,,,,,,,,,,Y,4,0,1,2,A,-,08,22100,A,N,D,C,A,A,H,-,A,A,0,,,Y,,Y,,A,01,0,0,1,0,0,0,0,0,1,"- ","- ",,,"SAN FRANCISCO","SAN FRANCISCO",-122.42275238037109,37.743930816650391
9553979,2023,2023-04-07,3801,2023-02-11,"2   ",614,TARAV,6,5,7,3801,0,0,0,,0,314,"18TH AV","VICENTI ST",340.00,N,N,A,-,N,,,,,,,,,,Y,3,0,1,3,A,-,03,22350,,M,F,E,A,B,H,-,C,A,0,,,,,Y,,A,01,0,1,0,0,0,0,0,0,0,"- ","- ",,,"SAN FRANCISCO","SAN FRANCISCO",-122.47442626953125,37.740291595458984
9553980,2023,2023-04-07,3801,2023-02-05,1143,1653,INGLE,7,5,7,3801,0,0,0,,0,3H5A,"SICKLES AV","ALEMANY BL",0.00,,Y,A,-,N,,,,,,,,,,Y,4,0,2,2,A,-,09,21801,A,N,A,C,A,A,H,-,A,A,0,,,,,Y,,A,01,0,0,2,0,0,0,0,0,0,"- ","- ",,,"SAN FRANCISCO","SAN FRANCISCO",-122.45491790771484,37.710514068603516
9553981,2023,2023-03-25,3801,2023-02-15,"930 ",1514,MISSI,3,5,7,3801,0,0,0,,0,,"17TH ST","CHURCH ST",20.00,W,N,A,-,N,,,,,,,,,,N,4,0,1,1,C,-,18,,,N,H,G,A,A,G,-,A,D,0,,Y,,,Y,,-,"- ",0,0,1,0,0,0,1,0,0,"- ","- ",,,"SAN FRANCISCO","SAN FRANCISCO",-122.42858123779297,37.762874603271484
9553982,2023,2023-03-25,3801,2023-02-21,"740 ",229,MISSI,2,5,7,3801,0,0,0,,0,0D4,"23RD ST","23RD ST 3116",0.00,,-,B,-,N,,,,,,,,,,N,4,0,1,2,A,-,03,22350,,F,B,C,A,A,H,-,A,A,0,,,,,Y,,A,01,0,0,1,0,0,0,0,0,0,"- ","- ",,,"SAN FRANCISCO","SAN FRANCISCO",-122.414682,37.754077000000002
9553986,2023,2023-03-25,3801,2023-02-19,1510,469,MISSI,7,5,7,3801,0,0,0,,0,3D2D,SANCHEZ,"21ST ST",200.00,S,N,A,-,N,,,,,,,,,,Y,3,0,2,1,D,-,00,,,N,B,I,A,A,H,-,A,D,0,,,,,Y,,-,"- ",0,2,0,0,0,0,0,0,0,"- ","- ",,,"SAN FRANCISCO","SAN FRANCISCO",-122.43003845214844,37.755832672119141
9553987,2023,2023-03-25,3801,2023-02-21,1225,390,PARK,2,5,7,3801,0,0,0,,0,004,"CASTRO ST","14TH ST",0.00,,Y,B,-,N,,,,,,,,,,Y,2,0,1,2,A,-,17,21461,A,N,D,C,A,A,H,-,A,A,0,,,Y,,Y,,A,01,1,0,0,0,0,0,0,0,0,"- ","- ",,,"SAN FRANCISCO","SAN FRANCISCO",-122.43562316894531,37.767330169677734
9553988,2023,2023-03-25,3801,2023-02-21,1246,4294,NORTH,2,5,7,3801,0,0,0,,0,3E13A,"POLK ST","CEDAR ST",0.00,,Y,A,-,N,,,,,,,,,,N,3,0,1,2,A,-,08,22107,,N,B,G,A,A,H,-,A,D,0,,Y,,,Y,,A,01,0,1,0,0,0,0,1,0,0,"- ","- ",,,"SAN FRANCISCO","SAN FRANCISCO",-122.41983032226562,37.786373138427734
9553989,2023,2023-03-30,3801,2023-02-17,2347,2357,TARAV,5,5,7,3801,0,0,0,,0,3I16E,"GENEVA AV","RT 280",0.00,,Y,A,-,Y,SF,4,280,-,R,1.834,R,4,S,N,4,0,2,2,A,-,12,21453,A,N,D,C,A,A,H,-,C,A,0,,,,,Y,,A,01,0,0,2,0,0,0,0,0,0,"- ",SF,,,"SAN FRANCISCO","SAN FRANCISCO",-122.44756317138672,37.723918914794922
9553990,2023,2023-03-25,3801,2023-02-20,1924,1414,MISSI,1,5,7,3801,0,0,0,,0,3D16D,"HARRISON ST","16TH ST",0.00,,Y,A,-,N,,,,,,,,,,N,4,0,1,2,A,-,08,22107,,N,A,J,A,A,H,-,C,D,0,,,,,Y,,-,,0,0,1,0,0,0,0,0,0,"- ","- ",,,"SAN FRANCISCO","SAN FRANCISCO",-122.41314697265625,37.765449523925781
9553991,2023,2023-03-25,3801,2023-02-04,2149,317,CENTR,6,5,7,3801,0,0,0,,0,SECTOR,BROADWAY,"POWELL ST",664.00,W,N,C,-,N,,,,,,,,,,Y,4,0,1,3,A,-,03,22350,,N,C,C,A,B,H,-,C,D,0,,,,,Y,,A,01,0,0,1,0,0,0,0,0,0,"- ","- ",,,"SAN FRANCISCO","SAN FRANCISCO",-122.41250610351562,37.797183990478516
9553992,2023,2023-03-25,3801,2023-02-22,"743 ",2097,BAYVI,3,5,7,3801,0,0,0,,0,3C12A,"BAYSHORE BL","BAYSHORE BL 1575",0.00,,N,A,-,N,,,,,,,,,,N,4,0,1,2,A,-,08,22100,5,N,B,C,A,A,H,-,A,D,0,,,,,Y,,A,01,0,0,1,0,0,0,0,0,0,"- ","- ",,,"SAN FRANCISCO","SAN FRANCISCO",-122.40431213378906,37.745937347412109
9553993,2023,2023-03-25,3801,2023-02-22,"735 ",2112,SOUTH,3,5,7,3801,0,0,0,,0,,"FOLSOM ST","8TH ST",150.00,W,N,A,-,N,,,,,,,,,,N,3,0,1,1,A,-,03,22350,,N,H,A,A,A,H,-,A,A,0,,,Y,,Y,,C,02,0,1,0,0,0,0,0,0,1,"- ","- ",,,"SAN FRANCISCO","SAN FRANCISCO",-122.41042327880859,37.774703979492188
9553994,2023,2023-03-25,3801,2023-02-03,1551,481,CENTR,5,5,7,3801,0,0,0,,0,3A11D,"TAYLOR ST","POST ST",0.00,,Y,A,-,N,,,,,,,,,,N,3,0,1,2,A,-,03,22350,,N,D,G,A,A,H,-,A,D,0,,Y,,,Y,,L,04,0,1,0,0,0,0,1,0,0,"- ","- ",,,"SAN FRANCISCO","SAN FRANCISCO",-122.41169738769531,37.787860870361328
9553995,2023,2023-03-25,3801,2023-02-14,2330,2469,SOUTH,2,5,7,3801,0,0,0,,0,3B13E,"3RD ST","HOWARD ST",0.00,,Y,A,-,N,,,,,,,,,,N,4,0,1,2,A,-,07,21658,,M,B,C,A,A,H,-,C,A,0,,,,,Y,Y,-,,0,0,1,0,0,0,0,0,0,"- ","- ",,,"SAN FRANCISCO","SAN FRANCISCO",-122.40049743652344,37.785007476806641
9553996,2023,2023-03-25,3801,2023-02-20,1401,93,NORTH,1,5,7,3801,0,0,0,,0,3E76,"WEBSTER ST","FULTON ST",0.00,,Y,A,-,N,,,,,,,,,,N,3,0,1,2,A,-,12,21453,A,F,D,B,E,A,H,-,A,A,0,Y,,,,Y,,A,01,0,1,0,0,1,0,0,0,0,"- ","- ",,,"SAN FRANCISCO","SAN FRANCISCO",-122.42990875244141,37.777912139892578
9553997,2023,2023-03-25,3801,2023-02-21,1742,1823,MISSI,2,5,7,3801,0,0,0,,0,006,17TH,"FLORIDA ST",0.00,,Y,A,-,N,,,,,,,,,,N,2,0,1,2,A,-,12,22450,,N,D,G,A,A,H,-,A,D,0,,Y,,,Y,,L,04,1,0,0,0,0,0,1,0,0,"- ","- ",,,"SAN FRANCISCO","SAN FRANCISCO",-122.41130828857422,37.764244079589844
9553998,2023,2023-03-25,3801,2023-02-22,1356,1837,CENTR,3,5,7,3801,0,0,0,,0,901,"GRANT AV","BROADWAY ST",0.00,,Y,A,-,N,,,,,,,,,,N,4,0,1,2,A,-,10,21950,A,N,G,B,B,A,H,-,A,A,0,Y,,,,Y,,A,01,0,0,1,0,1,0,0,0,0,"- ","- ",,,"SAN FRANCISCO","SAN FRANCISCO",-122.40699005126953,37.797859191894531
9553999,2023,2023-03-30,3801,2023-02-22,1504,1637,SOUTH,3,5,7,3801,0,0,0,,0,3B12D,"HARRISON ST","8TH ST",0.00,,Y,A,-,Y,SF,4,80,-,-,4.490,R,4,W,Y,4,0,1,2,A,-,03,22350,,N,C,E,A,A,H,-,B,A,0,,,Y,,Y,,C,02,0,0,1,0,0,0,0,0,1,"- ","- ",,,"SAN FRANCISCO","SAN FRANCISCO",-122.40613555908203,37.775272369384766
9554000,2023,2023-03-25,3801,2023-02-22,1907,2718,BAYVI,3,5,7,3801,0,0,0,,0,3C91A,"3RD ST","LE CONTE AV",0.00,,Y,A,-,N,,,,,,,,,,Y,3,0,1,2,A,-,04,21703,,F,C,C,A,A,H,-,C,A,0,,,,,Y,,D,22,0,1,0,0,0,0,0,0,0,"- ","- ",,,"SAN FRANCISCO","SAN FRANCISCO",-122.39756774902344,37.718875885009766
9554081,2023,2023-03-17,3801,2023-02-13,2005,2272,BAYVI,1,5,7,3801,0,0,0,,0,3C15D,"BAYSHORE BL","CORTLAND AV",0.00,,Y,A,-,N,,,,,,,,,,N,4,0,1,2,A,-,12,21453,A,N,D,G,A,A,H,-,C,D,0,,Y,,,Y,,L,04,0,0,1,0,0,0,1,0,0,"- ","- ",,,"SAN FRANCISCO","SAN FRANCISCO",-122.40699005126953,37.739582061767578
9554082,2023,2023-03-17,3801,2023-02-14,1800,1527,NORTH,2,5,7,3801,0,0,0,,0,0E6,"POLK ST","CLAY ST",0.00,,Y,A,-,N,,,,,,,,,,N,4,0,1,2,A,-,08,22102,,N,D,C,A,A,H,-,C,A,0,,,,,Y,,A,01,0,0,1,0,0,0,0,0,0,"- ","- ",,,"SAN FRANCISCO","SAN FRANCISCO",-122.42105102539062,37.792385101318359
9554084,2023,2023-03-17,3801,2023-02-12,1416,2289,NORTH,7,5,7,3801,0,0,0,,0,,"GOUGH ST","JACKSON ST",0.00,,Y,A,-,N,,,,,,,,,,N,4,0,1,2,A,-,10,21950,A,N,G,B,B,A,H,-,A,A,0,Y,,,,Y,,A,01,0,0,1,0,1,0,0,0,0,"- ","- ",,,"SAN FRANCISCO","SAN FRANCISCO",-122.42632293701172,37.793529510498047
9554088,2023,2023-03-17,3801,2023-02-14,"935 ",379,BAYVI,2,5,7,3801,0,0,0,,0,3C15A,"3RD ST","GILMAN AV",5.00,N,N,A,-,N,,,,,,,,,,Y,3,0,1,2,A,-,12,21453,A,F,-,B,F,A,H,-,A,A,0,Y,,,,Y,,A,01,0,1,0,0,1,0,0,0,0,"- ","- ",,,"SAN FRANCISCO","SAN FRANCISCO",-122.39556121826172,37.722381591796875
9554101,2023,2023-03-16,3801,2023-02-08,1525,2433,SOUTH,3,5,7,3801,0,0,0,,0,3B13D,"MISSION ST","ANGELOS ALLEY",135.00,E,N,A,-,N,,,,,,,,,,N,4,0,1,2,A,-,17,21235,G,N,D,J,A,A,H,-,A,D,0,,,,,Y,,M,94,0,0,1,0,0,0,0,0,0,"- ","- ",,,"SAN FRANCISCO","SAN FRANCISCO",-122.41193389892578,37.778419494628906
9554102,2023,2023-03-16,3801,2023-02-15,1240,1620,RICHM,3,5,7,3801,0,0,0,,0,3G11C,"BALBOA ST","40TH AV",0.00,,Y,A,-,N,,,,,,,,,,Y,3,0,2,5,A,-,07,21658,,N,C,E,A,A,H,-,A,D,0,,,,,Y,,A,07,0,1,1,0,0,0,0,0,0,"- ","- ",,,"SAN FRANCISCO","SAN FRANCISCO",-122.50054168701172,37.775581359863281
9554104,2023,2023-03-16,3801,2023-02-16,1721,2407,MISSI,4,5,7,3801,0,0,0,,0,3D13D,"MARKET ST","14TH ST",0.00,,Y,A,-,N,,,,,,,,,,N,3,0,1,2,A,-,08,22107,,N,B,G,A,A,H,-,A,A,0,,Y,,,Y,,L,04,0,1,0,0,0,0,1,0,0,"- ","- ",,,"SAN FRANCISCO","SAN FRANCISCO",-122.4288330078125,37.767707824707031
9554105,2023,2023-03-16,3801,2023-02-15,1315,4132,MISSI,3,5,7,3801,0,0,0,,0,1CAR,"VALENCIA ST","16TH ST",162.00,S,N,A,-,N,,,,,,,,,,N,3,0,1,1,D,-,00,,,N,F,-,A,A,H,-,A,D,0,,,Y,,Y,,-,"- ",0,1,0,0,0,0,0,0,1,"- ","- ",,,"SAN FRANCISCO","SAN FRANCISCO",-122.42185211181641,37.76446533203125
9554106,2023,2023-03-16,3801,2023-02-14,1730,2143,MISSI,2,5,7,3801,0,0,0,,0,3D14D,"POTRERO AV","20TH ST",0.00,,Y,A,-,N,,,,,,,,,,N,4,0,3,2,A,-,09,21801,A,N,D,C,A,A,H,-,A,A,0,,,,,Y,Y,A,01,0,0,3,0,0,0,0,0,0,"- ","- ",,,"SAN FRANCISCO","SAN FRANCISCO",-122.40694427490234,37.759372711181641
9554107,2023,2023-03-16,3801,2023-02-15,2300,2142,NORTH,3,5,7,3801,0,0,0,,0,3E12E,"DIVISADERO ST","GROVE ST",0.00,,Y,A,-,N,,,,,,,,,,Y,2,0,1,2,A,-,00,21740,,N,B,C,A,A,H,-,C,A,0,,,Y,,Y,,C,02,1,0,0,0,0,0,0,0,1,"- ","- ",,,"SAN FRANCISCO","SAN FRANCISCO",-122.43798065185547,37.775932312011719
9554108,2023,2023-03-22,3801,2023-02-15,1700,1136,MISSI,3,5,7,3801,0,0,0,,0,3D11D,"CASTRO ST","MARKET ST",0.00,,Y,A,-,N,,,,,,,,,,N,3,0,1,2,A,-,08,22107,,F,B,-,A,A,H,-,A,A,0,,Y,,,Y,,A,07,0,1,0,0,0,0,1,0,0,"- ","- ",,,"SAN FRANCISCO","SAN FRANCISCO",-122.43515777587891,37.762641906738281
9554109,2023,2023-03-16,3801,2023-02-01,1601,34,TRAFF,3,5,7,3801,0,0,0,,0,4B4A,"14TH AV","CABRILLO AV",0.00,,Y,A,-,N,,,,,,,,,,N,2,0,1,2,A,-,21,22106,,N,G,B,B,A,H,-,A,A,0,Y,,,,Y,,A,01,1,0,0,0,1,0,0,0,0,"- ","- ",,,"SAN FRANCISCO","SAN FRANCISCO",-122.47245025634766,37.774978637695312
9554110,2023,2023-03-22,3801,2023-02-21,1315,2748,MISSI,2,5,7,3801,0,0,0,,0,3D11C,"VALENCIA ST","20TH ST",0.00,,Y,A,G,N,,,,,,,,,,N,4,0,1,3,A,-,04,21703,,N,C,C,A,A,H,-,A,B,0,,,,,Y,Y,A,01,0,0,1,0,0,0,0,0,0,"- ","- ",,,"SAN FRANCISCO","SAN FRANCISCO",-122.42125701904297,37.758510589599609
9554111,2023,2023-03-16,3801,2023-02-26,"253 ",4325,NORTH,7,5,7,3801,0,0,0,,0,005,"LOMBARD ST","FILLMORE ST",114.00,W,N,A,-,N,,,,,,,,,,Y,2,0,1,2,A,-,11,21954,A,N,A,B,E,B,H,-,C,-,0,Y,,,,Y,Y,N,60,1,0,0,0,1,0,0,0,0,"- ","- ",,,"SAN FRANCISCO","SAN FRANCISCO",-122.43643951416016,37.799800872802734
9554112,2023,2023-03-16,3801,2023-02-12,1040,1148,MISSI,7,5,7,3801,0,0,0,,0,3D15A,"17TH ST","SOUTH VAN NESS AV",0.00,,-,-,-,N,,,,,,,,,,N,3,0,1,2,A,-,09,21801,A,N,D,G,A,A,H,-,-,A,0,,Y,,,Y,,A,01,0,1,0,0,0,0,1,0,0,"- ","- ",,,"SAN FRANCISCO","SAN FRANCISCO",-122.41733551025391,37.763557434082031
9554113,2023,2023-03-22,3801,2023-02-25,1619,2718,BAYVI,6,5,7,3801,0,0,0,,0,3C11D,"SHAFTER AV","KEITH ST",0.00,,Y,A,-,N,,,,,,,,,,Y,4,0,2,2,A,-,12,22450,A,N,D,C,A,A,H,-,A,D,0,,,,,Y,,-,"- ",0,0,2,0,0,0,0,0,0,"- ","- ",,,"SAN FRANCISCO","SAN FRANCISCO",-122.38887023925781,37.72998046875
9554114,2023,2023-03-16,3801,2023-02-24,"840 ",2495,BAYVI,5,5,7,3801,0,0,0,,0,,"SILVER AV","SCOTIA AV",41.00,W,N,C,-,N,,,,,,,,,,,4,0,1,2,A,-,03,22350,,F,C,C,A,B,H,-,A,A,0,,,,,Y,,A,01,0,0,1,0,0,0,0,0,0,"- ","- ",,,"SAN FRANCISCO","SAN FRANCISCO",-122.40228271484375,37.734458923339844
9554115,2023,2023-03-16,3801,2023-02-21,"707 ",2097,BAYVI,2,5,7,3801,0,0,0,,0,3C13A,"INGALLS ST","SHAFTER AV",0.00,,-,A,-,N,,,,,,,,,,Y,4,0,1,3,A,-,03,22350,,N,F,E,A,A,H,-,A,D,0,,,,,Y,,A,01,0,0,1,0,0,0,0,0,0,"- ","- ",,,"SAN FRANCISCO","SAN FRANCISCO",-122.3851318359375,37.727874755859375
9554116,2023,2023-03-16,3801,2023-02-25,1315,4350,BAYVI,6,5,7,3801,0,0,0,,0,3C11C,"3RD ST","GALVEZ AV",0.00,,Y,A,-,N,,,,,,,,,,N,4,0,1,2,A,-,10,21950,A,N,G,B,B,A,H,-,A,A,0,Y,,,,Y,Y,A,01,0,0,1,0,1,0,0,0,0,"- ","- ",,,"SAN FRANCISCO","SAN FRANCISCO",-122.38858032226562,37.741165161132812
9554117,2023,2023-03-16,3801,2023-02-24,1800,1591,INGLE,5,5,7,3801,0,0,0,,0,3H11D,"SAN JOSE AV","SAN JUAN AV",0.00,,-,A,-,N,,,,,,,,,,N,2,0,1,1,A,-,03,22350,,N,-,A,A,A,H,-,C,A,0,,,Y,,Y,,C,02,1,0,0,0,0,0,0,0,1,"- ","- ",,,"SAN FRANCISCO","SAN FRANCISCO",-122.44145202636719,37.726982116699219
9554118,2023,2023-03-16,3801,2023-02-24,2120,4046,INGLE,5,5,7,3801,0,0,0,,0,3H15E,"PERSIA AV","MISSION ST",5.00,E,N,A,-,N,,,,,,,,,,,3,0,1,3,A,-,06,21750,,F,B,C,A,A,H,-,C,A,0,,,,,Y,Y,-,99,0,1,0,0,0,0,0,0,0,"- ","- ",,,"SAN FRANCISCO","SAN FRANCISCO",-122.43595886230469,37.723133087158203