CASE_ID,ACCIDENT_YEAR,PROC_DATE,JURIS,COLLISION_DATE,COLLISION_TIME,OFFICER_ID,REPORTING_DISTRICT,DAY_OF_WEEK,CHP_SHIFT,POPULATION,CNTY_CITY_LOC,SPECIAL_COND,BEAT_TYPE,CHP_BEAT_TYPE,CITY_DIVISION_LAPD,CHP_BEAT_CLASS,BEAT_NUMBER,PRIMARY_RD,SECONDARY_RD,DISTANCE,DIRECTION,INTERSECTION,WEATHER_1,WEATHER_2,STATE_HWY_IND,CALTRANS_COUNTY,CALTRANS_DISTRICT,STATE_ROUTE,ROUTE_SUFFIX,POSTMILE_PREFIX,POSTMILE,LOCATION_TYPE,RAMP_INTERSECTION,SIDE_OF_HWY,TOW_AWAY,COLLISION_SEVERITY,NUMBER_KILLED,NUMBER_INJURED,PARTY_COUNT,PRIMARY_COLL_FACTOR,PCF_CODE_OF_VIOL,PCF_VIOL_CATEGORY,PCF_VIOLATION,PCF_VIOL_SUBSECTION,HIT_AND_RUN,TYPE_OF_COLLISION,MVIW,PED_ACTION,ROAD_SURFACE,ROAD_COND_1,ROAD_COND_2,LIGHTING,CONTROL_DEVICE,CHP_ROAD_TYPE,PEDESTRIAN_ACCIDENT,BICYCLE_ACCIDENT,MOTORCYCLE_ACCIDENT,TRUCK_ACCIDENT,NOT_PRIVATE_PROPERTY,ALCOHOL_INVOLVED,STWD_VEHTYPE_AT_FAULT,CHP_VEHTYPE_AT_FAULT,COUNT_SEVERE_INJ,COUNT_VISIBLE_INJ,COUNT_COMPLAINT_PAIN,COUNT_PED_KILLED,COUNT_PED_INJURED,COUNT_BICYCLIST_KILLED,COUNT_BICYCLIST_INJURED,COUNT_MC_KILLED,COUNT_MC_INJURED,PRIMARY_RAMP,SECONDARY_RAMP,LATITUDE,LONGITUDE,COUNTY,CITY,POINT_X,POINT_Y
9561022,2023,2023-05-08,3801,2023-03-11,"138 ",1688,BAYVI,6,5,7,3801,0,0,0,,0,005,"REVERE AV","INGALLS ST",238.00,W,N,A,-,N,,,,,,,,,,Y,4,0,3,2,A,-,05,21650,,N,A,C,A,A,H,-,C,A,0,,,,,Y,,-,"- ",0,0,3,0,0,0,0,0,0,"- ","- ",,,"SAN FRANCISCO","SAN FRANCISCO",-122.38523101806641,37.728866577148438
9561026,2023,2023-04-28,3801,2023-03-08,1643,1246,BAYVI,3,5,7,3801,0,0,0,,0,3C12D,"INDUSTRIAL ST","OAKDALE AV",0.00,,Y,A,-,N,,,,,,,,,,Y,3,0,2,2,A,-,12,22450,A,N,D,C,A,A,H,-,A,D,0,,,,,Y,Y,D,22,0,1,1,0,0,0,0,0,0,"- ","- ",,,"SAN FRANCISCO","SAN FRANCISCO",-122.39969635009766,37.739933013916016
9561029,2023,2023-04-21,3801,2023-02-26,1528,2445,SOUTH,7,5,7,3801,0,0,0,,0,03B,"MISSION ST","8TH ST",0.00,,Y,C,-,N,,,,,,,,,,N,4,0,1,2,A,-,05,21651,B,N,B,G,A,B,H,-,-,D,0,,Y,,,Y,,L,04,0,0,1,0,0,0,1,0,0,"- ","- ",,,"SAN FRANCISCO","SAN FRANCISCO",-122.41315460205078,37.7774658203125
9561033,2023,2023-04-14,3801,2023-03-24,1848,1620,RICHM,5,5,7,3801,0,0,0,,0,3G3D,"ANZA ST","26TH AV",41.00,W,N,A,-,N,,,,,,,,,,N,4,0,1,2,A,-,03,22350,,N,C,E,A,A,H,-,A,D,0,,,,Y,Y,,A,07,0,0,1,0,0,0,0,0,0,"- ","- ",,,"SAN FRANCISCO","SAN FRANCISCO",-122.48580932617188,37.778102874755859
9561179,2023,2023-03-30,3801,2023-02-22,1115,1306,CENTR,3,5,7,3801,0,0,0,,0,901,"PACIFIC AV","GRANT AV",5.00,W,N,A,-,N,,,,,,,,,,N,4,0,1,2,A,-,10,21950,A,N,G,B,B,A,H,-,A,A,0,Y,,,,Y,,A,08,0,0,1,0,1,0,0,0,0,"- ","- ",,,"SAN FRANCISCO","SAN FRANCISCO",-122.40682983398438,37.796916961669922
9561201,2023,2023-04-26,3801,2023-03-05,1420,877,CENTR,7,5,7,3801,0,0,0,,0,3A44C,"GRANT AV","CALIFORNIA ST",0.00,,Y,A,-,N,,,,,,,,,,N,4,0,2,2,A,-,12,21453,A,N,D,C,A,A,H,-,A,A,0,,,,,Y,,-,"- ",0,0,2,0,0,0,0,0,0,"- ","- ",,,"SAN FRANCISCO","SAN FRANCISCO",-122.40589141845703,37.792457580566406
9561202,2023,2023-04-24,3801,2023-03-04,1317,2097,BAYVI,6,5,7,3801,0,0,0,,0,3C15A,"ARELIOUS WALKER DR","EGBERT AV",0.00,,Y,A,-,N,,,,,,,,,,N,4,0,1,2,A,-,09,21800,A,N,D,J,A,A,H,-,A,D,0,,,,,Y,,M,94,0,0,1,0,0,0,0,0,0,"- ","- ",,,"SAN FRANCISCO","SAN FRANCISCO",-122.38518524169922,37.718406677246094
9561203,2023,2023-04-24,3801,2023-03-07,"754 ",1442,NORTH,2,5,7,3801,0,0,0,,0,3E15A,"RICHARDSON AV","LOMBARD ST",26.00,W,N,A,-,N,,,,,,,,,,N,2,0,1,4,A,-,04,21703,,N,C,C,A,B,H,-,A,A,0,,,Y,,Y,,C,02,1,0,0,0,0,0,0,0,1,"- ","- ",,,"SAN FRANCISCO","SAN FRANCISCO",-122.44495391845703,37.798896789550781
9561205,2023,2023-04-24,3801,2023-03-06,1150,1003,INGLE,1,5,7,3801,0,0,0,,0,3CAR,"MISSION ST","COTTER ST",0.00,,Y,A,-,N,,,,,,,,,,N,4,0,1,2,A,-,05,21460,A,N,D,C,A,A,H,-,A,D,0,,,,,Y,,A,01,0,0,1,0,0,0,0,0,0,"- ","- ",,,"SAN FRANCISCO","SAN FRANCISCO",-122.43289947509766,37.727188110351562
9561206,2023,2023-04-24,3801,2023-03-07,2235,2408,RICHM,2,5,7,3801,0,0,0,,0,3G13E,"CROSSOVER DR","TRANSVERSE DR",0.00,,Y,A,-,N,,,,,,,,,,Y,4,0,1,2,A,-,12,22450,A,F,D,C,A,A,H,-,C,A,0,,,,,Y,,-,,0,0,1,0,0,0,0,0,0,"- ","- ",,,"SAN FRANCISCO","SAN FRANCISCO",-122.48176574707031,37.771884918212891
9561207,2023,2023-04-24,3801,2023-03-06,"926 ",428,CENTR,1,5,7,3801,0,0,0,,0,,"POWELL ST","CALIFORNIA ST",75.00,N,N,A,-,N,,,,,,,,,,N,4,0,1,2,A,-,09,21804,A,N,D,G,A,A,H,-,A,D,0,,Y,,,Y,,A,07,0,0,1,0,0,0,1,0,0,"- ","- ",,,"SAN FRANCISCO","SAN FRANCISCO",-122.40921020507812,37.792251586914062
9561208,2023,2023-04-24,3801,2023-03-04,1517,2228,CENTR,6,5,7,3801,0,0,0,,0,3A14D,"PACIFIC AV","BATTERY ST",0.00,,Y,A,-,N,,,,,,,,,,Y,3,0,3,2,A,-,12,21453,A,N,D,C,A,A,H,-,A,A,0,,,,,Y,,A,01,0,1,2,0,0,0,0,0,0,"- ","- ",,,"SAN FRANCISCO","SAN FRANCISCO",-122.40087890625,37.797679901123047
9561210,2023,2023-04-24,3801,2023-03-21,2231,1823,MISSI,2,5,7,3801,0,0,0,,0,,"CAL TRAIN TRACKS","16TH ST",116.00,S,N,-,-,N,,,,,,,,,,Y,4,0,1,1,B,-,22,,,N,-,-,A,-,-,-,-,-,0,,,,,Y,,A,01,0,0,1,0,0,0,0,0,0,"- ","- ",,,"SAN FRANCISCO","SAN FRANCISCO",-122.47537231445312,37.784309387207031
9561211,2023,2023-04-24,3801,2023-03-21,"758 ",1825,SOUTH,2,5,7,3801,0,0,0,,0,3B2A,"4TH ST","HARRISON ST",0.00,,Y,C,-,N,,,,,,,,,,N,3,0,1,2,A,-,17,21461,A,N,B,G,A,B,H,-,A,A,0,,Y,,,Y,,L,04,0,1,0,0,0,0,1,0,0,"- ","- ",,,"SAN FRANCISCO","SAN FRANCISCO",-122.39962768554688,37.780776977539062
9561212,2023,2023-04-24,3801,2023-03-19,1103,1572,SOUTH,7,5,7,3801,0,0,0,,0,3B1A,"HARRISON ST","MAIN ST",0.00,,Y,C,-,N,,,,,,,,,,Y,4,0,2,2,A,-,09,21801,A,N,B,C,A,B,H,-,A,A,0,,,,,Y,,A,01,0,0,2,0,0,0,0,0,0,"- ","- ",,,"SAN FRANCISCO","SAN FRANCISCO",-122.39031982421875,37.78814697265625
9561213,2023,2023-04-24,3801,2023-03-20,1317,307,NORTH,1,5,7,3801,0,0,0,,0,3E13D,"LEAVENWORTH ST","GOLDEN GATE AV",50.00,N,N,A,-,N,,,,,,,,,,N,4,0,2,2,A,-,21,22106,,N,C,E,A,A,H,-,A,D,0,,,,,Y,,A,07,0,0,2,0,0,0,0,0,0,"- ","- ",,,"SAN FRANCISCO","SAN FRANCISCO",-122.41388702392578,37.782005310058594
9561214,2023,2023-04-24,3801,2023-03-21,1508,1352,MISSI,2,5,7,3801,0,0,0,,0,3D16C,"14TH ST","WOODWARD ST",0.00,,Y,C,-,N,,,,,,,,,,N,3,0,1,3,A,-,17,22517,,N,E,G,A,B,H,-,A,A,0,,Y,,,Y,,-,,0,1,0,0,0,0,1,0,0,"- ","- ",,,"SAN FRANCISCO","SAN FRANCISCO",-122.42076873779297,37.768238067626953
9561215,2023,2023-04-24,3801,2023-03-21,"750 ",179,NORTH,2,5,7,3801,0,0,0,,0,3E12A,"FULTON ST","WEBSTER ST",6.00,W,N,C,-,N,,,,,,,,,,N,2,0,1,2,A,-,08,22107,,N,-,G,A,B,-,-,A,A,0,,Y,,,Y,,A,01,1,0,0,0,0,0,1,0,0,"- ","- ",,,"SAN FRANCISCO","SAN FRANCISCO",-122.429931640625,37.777908325195312
9561216,2023,2023-04-24,3801,2023-03-18,2112,2249,PARK,6,5,7,3801,0,0,0,,0,3F13E,"OFARRELL ST","MASONIC AV",0.00,,Y,A,-,N,,,,,,,,,,N,4,0,1,2,A,-,08,22107,,N,A,C,A,A,H,-,C,A,0,,,,,Y,,A,01,0,0,1,0,0,0,0,0,0,"- ","- ",,,"SAN FRANCISCO","SAN FRANCISCO",-122.44754028320312,37.781036376953125
9561218,2023,2023-05-01,3801,2023-03-22,1331,1457,TARAV,3,5,7,3801,0,0,0,,0,3I16A,"GENEVA AV","RT 280",0.00,,Y,A,-,Y,SF,4,280,-,R,1.834,R,4,S,Y,4,0,3,2,A,-,12,21453,A,N,D,C,A,A,H,-,A,A,0,,,,,Y,,A,07,0,0,3,0,0,0,0,0,0,"- ",SF,,,"SAN FRANCISCO","SAN FRANCISCO",-122.44756317138672,37.723918914794922
9561219,2023,2023-04-24,3801,2023-03-22,"135 ",1857,NORTH,3,5,7,3801,0,0,0,,0,3E12E,"OFARRELL ST","POLK ST",48.00,W,N,C,-,N,,,,,,,,,,Y,4,0,1,3,A,-,03,22350,,F,C,C,A,B,H,-,C,A,0,,,,,Y,,A,01,0,0,1,0,0,0,0,0,0,"- ","- ",,,"SAN FRANCISCO","SAN FRANCISCO",-122.41971588134766,37.784950256347656
9561220,2023,2023-04-24,3801,2023-03-22,"746 ",229,MISSI,3,5,7,3801,0,0,0,,0,0D4,"26TH ST","FOLSOM ST",0.00,,Y,A,-,N,,,,,,,,,,N,4,0,1,2,A,-,12,22450,A,N,G,B,-,A,H,-,A,A,0,Y,,,,Y,,D,22,0,0,1,0,1,0,0,0,0,"- ","- ",,,"SAN FRANCISCO","SAN FRANCISCO",-122.41378784179688,37.749320983886719
9561221,2023,2023-04-28,3801,2023-03-23,1723,2401,MISSI,4,5,7,3801,0,0,0,,0,3D16C,"POTRERO AV","20TH ST",0.00,,Y,A,-,N,,,,,,,,,,Y,4,0,2,3,A,-,08,22107,,N,D,C,A,A,H,-,A,A,0,,,,,Y,Y,A,01,0,0,2,0,0,0,0,0,0,"- ","- ",,,"SAN FRANCISCO","SAN FRANCISCO",-122.40694427490234,37.759372711181641
9561222,2023,2023-04-28,3801,2023-03-24,2135,2748,MISSI,5,5,7,3801,0,0,0,,0,3D11E,"16TH ST","DOLORES ST",0.00,,Y,A,-,N,,,,,,,,,,Y,3,0,1,2,A,-,08,22107,,N,D,C,A,A,H,-,C,A,0,,,,,Y,,A,01,0,1,0,0,0,0,0,0,0,"- ","- ",,,"SAN FRANCISCO","SAN FRANCISCO",-122.42644500732422,37.764640808105469
9561223,2023,2023-04-28,3801,2023-03-29,"815 ",189,NORTH,3,5,7,3801,0,0,0,,0,,"CALIFORNIA ST","OCTAVIA ST",0.00,,Y,B,C,N,,,,,,,,,,N,4,0,1,2,A,-,10,21950,A,F,G,B,B,B,H,-,A,A,0,Y,,,,Y,,-,99,0,0,1,0,1,0,0,0,0,"- ","- ",,,"SAN FRANCISCO","SAN FRANCISCO",-122.42726135253906,37.789730072021484
9561224,2023,2023-04-28,3801,2023-03-22,1650,2748,MISSI,3,5,7,3801,0,0,0,,0,3D15E,"FILLMORE ST","DUBOCE AV",0.00,,Y,F,-,N,,,,,,,,,,N,3,0,1,2,A,-,21,22106,,N,H,G,A,-,G,-,-,-,0,,Y,,,Y,,-,,0,1,0,0,0,0,1,0,0,"- ","- ",,,"SAN FRANCISCO","SAN FRANCISCO",-122.42987823486328,37.7694091796875
9561225,2023,2023-04-28,3801,2023-03-27,1005,4286,RICHM,1,5,7,3801,0,0,0,,0,0G2,"EUCLID AV","JORDAN AV",0.00,,Y,A,-,N,,,,,,,,,,N,4,0,1,2,A,-,10,21950,A,N,G,B,B,A,H,-,A,D,0,Y,,,,Y,,A,07,0,0,1,0,1,0,0,0,0,"- ","- ",,,"SAN FRANCISCO","SAN FRANCISCO",-122.45680999755859,37.783908843994141
9561226,2023,2023-04-28,3801,2023-03-28,"749 ",1978,BAYVI,2,5,7,3801,0,0,0,,0,004,"DARTMOUTH ST","DARTMOUTH ST 101",0.00,,Y,B,-,N,,,,,,,,,,N,4,0,1,2,-,-,"- ",,,N,G,I,A,B,H,-,A,D,0,,,,,Y,,-,"- ",0,0,1,0,0,0,0,0,0,"- ","- ",,,"SAN FRANCISCO","SAN FRANCISCO",,
9561227,2023,2023-04-28,3801,2023-03-26,"312 ",2379,INGLE,7,5,7,3801,0,0,0,,0,3H2E,"SAN JOSE AV","RANDALL ST",0.00,,Y,A,-,N,,,,,,,,,,Y,3,0,1,1,A,-,03,22350,,N,E,I,A,-,H,-,C,D,0,,,,,Y,,A,01,0,1,0,0,0,0,0,0,0,"- ","- ",,,"SAN FRANCISCO","SAN FRANCISCO",-122.42426300048828,37.739860534667969
9561228,2023,2023-06-28,3801,2023-03-27,"626 ",624,NORTH,1,5,7,3801,0,0,0,,0,002,"LAGUNA ST","EDDY ST",0.00,,Y,A,-,N,,,,,,,,,,N,4,0,1,2,A,-,12,21453,A,N,D,G,A,A,H,-,C,A,0,,Y,,,Y,,L,04,0,0,1,0,0,0,1,0,0,"- ","- ",,,"SAN FRANCISCO","SAN FRANCISCO",-122.42739868164062,37.782062530517578
9561229,2023,2023-05-15,3801,2023-03-01,1514,1207,SOUTH,3,5,7,3801,0,0,0,,0,0B1,"RT 80","HARRISON ST",0.00,,N,A,-,Y,SF,4,80,-,-,5.610,H,-,W,N,4,0,1,2,D,-,00,,,N,C,C,A,A,-,-,A,D,0,,,,,Y,Y,-,"- ",0,0,1,0,0,0,0,0,0,"- ","- ",37.785560607910156,-122.39173126220703,"SAN FRANCISCO","SAN FRANCISCO",-122.39164733886719,37.785480499267578
9561230,2023,2023-04-28,3801,2023-03-25,2259,2241,NORTH,6,5,7,3801,0,0,0,,0,2259,"POST ST","LAGUNA ST",0.00,,Y,A,-,N,,,,,,,,,,N,3,0,1,2,A,-,00,21954,,N,A,B,E,A,H,-,C,A,0,Y,,,,Y,Y,N,60,0,1,0,0,1,0,0,0,0,"- ","- ",,,"SAN FRANCISCO","SAN FRANCISCO",-122.42816162109375,37.785797119140625
9561232,2023,2023-04-28,3801,2023-03-05,1620,2080,CENTR,7,5,7,3801,0,0,0,,0,3A15D,"TAYLOR ST","PLEASANT ST",0.00,,Y,A,-,N,,,,,,,,,,Y,4,0,2,2,A,-,03,22350,,N,B,I,A,A,H,-,A,D,0,,,,,Y,,A,01,0,0,2,0,0,0,0,0,0,"- ","- ",,,"SAN FRANCISCO","SAN FRANCISCO",-122.41272735595703,37.792980194091797
9561233,2023,2023-04-28,3801,2023-03-06,1940,1823,MISSI,1,5,7,3801,0,0,0,,0,006,"FOLSOM ST","13TH ST",0.00,,Y,C,-,N,,,,,,,,,,N,4,0,1,2,A,-,11,21453,D,N,G,B,B,B,H,-,C,A,0,Y,,,,Y,,N,60,0,0,1,0,1,0,0,0,0,"- ","- ",,,"SAN FRANCISCO","SAN FRANCISCO",-122.41558837890625,37.769515991210938
9561234,2023,2023-04-28,3801,2023-03-01,1558,1198,MISSI,3,5,7,3801,0,0,0,,0,,"19TH ST","GUERRERO ST",0.00,,Y,A,-,N,,,,,,,,,,N,3,0,1,2,A,-,10,21950,,N,C,G,A,A,H,-,A,A,0,,Y,,,Y,,A,01,0,1,0,0,0,0,1,0,0,"- ","- ",,,"SAN FRANCISCO","SAN FRANCISCO",-122.42362976074219,37.759975433349609
9561235,2023,2023-04-28,3801,2023-03-06,2029,2008,MISSI,1,5,7,3801,0,0,0,,0,3D15D,"MISSION ST","15TH ST",221.00,S,N,C,-,N,,,,,,,,,,N,4,0,3,3,A,-,03,22350,,N,H,C,A,B,H,-,C,D,0,,,,,Y,,A,01,0,0,3,0,0,0,0,0,0,"- ","- ",,,"SAN FRANCISCO","SAN FRANCISCO",-122.41976165771484,37.766063690185547
9561236,2023,2023-04-28,3801,2023-03-05,1950,2398,NORTH,7,5,7,3801,0,0,0,,0,0E4,BROADWAY,"GOUGH ST",0.00,,Y,A,-,N,,,,,,,,,,Y,4,0,1,2,A,-,12,21453,A,N,D,C,A,B,H,-,C,A,0,,,,,Y,,A,07,0,0,1,0,0,0,0,0,0,"- ","- ",,,"SAN FRANCISCO","SAN FRANCISCO",-122.42669677734375,37.795318603515625
9561237,2023,2023-04-28,3801,2023-03-06,"100 ",1466,SOUTH,1,5,7,3801,0,0,0,,0,04B,"GOUGH ST","MARKET ST",0.00,,Y,A,-,N,,,,,,,,,,Y,4,0,1,2,A,-,03,22350,,N,D,C,A,A,H,-,D,A,0,,,,,Y,,A,01,0,0,1,0,0,0,0,0,0,"- ","- ",,,"SAN FRANCISCO","SAN FRANCISCO",-122.42221069335938,37.772872924804688
9561238,2023,2023-04-28,3801,2023-03-06,"835 ",179,NORTH,1,5,7,3801,0,0,0,,0,3E12A,"MCALLISTER ST","STEINER ST",136.00,W,N,A,-,N,,,,,,,,,,N,4,0,1,2,A,-,21,22106,,N,-,G,A,A,-,-,A,A,0,,Y,,,Y,,A,01,0,0,1,0,0,0,1,0,0,"- ","- ",,,"SAN FRANCISCO","SAN FRANCISCO",-122.43386840820312,37.778362274169922
9561239,2023,2023-04-28,3801,2023-03-02,1159,93,NORTH,4,5,7,3801,0,0,0,,0,3E76,"GROVE ST","POLK ST",66.00,W,N,A,-,N,,,,,,,,,,N,4,0,1,2,A,-,08,22102,,N,G,B,E,A,H,-,A,A,0,Y,,,,Y,,A,01,0,0,1,0,1,0,0,0,0,"- ","- ",,,"SAN FRANCISCO","SAN FRANCISCO",-122.41844177246094,37.778446197509766
9561240,2023,2023-04-28,3801,2023-03-02,1930,1680,MISSI,4,5,7,3801,0,0,0,,0,3D13D,"MISSION ST","22ND ST",262.00,N,N,A,-,N,,,,,,,,,,N,4,0,1,2,-,-,"- ",,,F,C,C,A,A,H,-,B,D,0,,,,,Y,,-,"- ",0,0,1,0,0,0,0,0,0,"- ","- ",,,"SAN FRANCISCO","SAN FRANCISCO",-122.41881561279297,37.756168365478516
9561241,2023,2023-04-08,3801,2023-03-01,2200,4040,SOUTH,3,5,7,3801,0,0,0,,0,,"BRYANT ST","7TH ST",0.00,,Y,A,-,N,,,,,,,,,,N,4,0,1,3,A,-,12,21453,A,N,D,C,A,A,H,-,C,A,0,,,Y,,Y,,C,02,0,0,1,0,0,0,0,0,1,"- ","- ",,,"SAN FRANCISCO","SAN FRANCISCO",-122.40485382080078,37.774375915527344
9561242,2023,2023-04-08,3801,2023-03-01,1528,1945,BAYVI,3,5,7,3801,0,0,0,,0,3C11D,"22ND ST","PENNSYLVANIA AV",0.00,,Y,A,-,N,,,,,,,,,,N,4,0,1,2,A,-,09,21800,A,N,D,G,A,A,H,-,A,A,0,,Y,,,Y,,A,01,0,0,1,0,0,0,1,0,0,"- ","- ",,,"SAN FRANCISCO","SAN FRANCISCO",-122.39312744140625,37.757682800292969
9561243,2023,2023-04-08,3801,2023-03-03,1455,1857,NORTH,5,5,7,3801,0,0,0,,0,3E13D,"EDDY ST","GOUGH ST",54.00,S,N,A,-,N,,,,,,,,,,N,4,0,1,2,A,-,04,21703,,N,C,C,A,A,H,-,A,A,0,,,,,Y,,A,01,0,0,1,0,0,0,0,0,0,"- ","- ",,,"SAN FRANCISCO","SAN FRANCISCO",-122.42430114746094,37.782447814941406
9561244,2023,2023-04-08,3801,2023-03-08,1958,158,NORTH,3,5,7,3801,0,0,0,,0,3E15D,"BAY ST","LAGUNA ST",0.00,,Y,A,-,N,,,,,,,,,,N,4,0,1,2,A,-,12,21453,A,N,D,G,A,A,H,-,C,A,0,,Y,,,Y,,L,04,0,0,1,0,0,0,1,0,0,"- ","- ",,,"SAN FRANCISCO","SAN FRANCISCO",-122.43167877197266,37.803276062011719
9561246,2023,2023-04-08,3801,2023-03-03,1501,A23182,INGLE,5,5,7,3801,0,0,0,,0,5CAR,"MISSION ST","SICKLES AV",0.00,,Y,A,-,N,,,,,,,,,,Y,4,0,1,5,A,-,01,23152,A,N,D,C,A,A,H,-,A,A,0,,,,,Y,Y,A,01,0,0,1,0,0,0,0,0,0,"- ","- ",,,"SAN FRANCISCO","SAN FRANCISCO",-122.4527587890625,37.70880126953125
9561247,2023,2023-04-08,3801,2023-03-10,1650,643,TARAV,5,5,7,3801,0,0,0,,0,3I16D,"SAGAMORE ST","PLYMOUTH AV",20.00,W,N,A,-,N,,,,,,,,,,Y,3,0,1,1,A,-,03,22350,,N,E,I,A,-,H,-,A,D,0,,,,,Y,,A,01,0,1,0,0,0,0,0,0,0,"- ","- ",,,"SAN FRANCISCO","SAN FRANCISCO",-122.45613098144531,37.711418151855469
9561248,2023,2023-04-08,3801,2023-03-11,1900,986,TARAV,6,5,7,3801,0,0,0,,0,3I15D,"PORTOLA DR","SANTA ANA AV",0.00,,Y,C,-,N,,,,,,,,,,Y,4,0,3,2,A,-,08,22107,,N,A,C,A,B,H,-,C,A,0,,,,,Y,,A,01,0,0,3,0,0,0,0,0,0,"- ","- ",,,"SAN FRANCISCO","SAN FRANCISCO",-122.46833038330078,37.737415313720703
9561249,2023,2023-04-08,3801,2023-03-09,1000,1477,MISSI,4,5,7,3801,0,0,0,,0,3D13A,"MISSION ST","22ND ST",0.00,,Y,B,-,N,,,,,,,,,,N,4,0,1,2,A,-,10,21950,A,N,G,B,B,A,H,-,A,A,0,Y,,,,Y,,A,01,0,0,1,0,1,0,0,0,0,"- ","- ",,,"SAN FRANCISCO","SAN FRANCISCO",-122.41873931884766,37.755451202392578
9561250,2023,2023-04-08,3801,2023-03-12,"15  ",2272,BAYVI,7,5,7,3801,0,0,0,,0,3C12E,"HUDSON AV","MENDELL ST",466.00,E,N,A,-,N,,,,,,,,,,N,4,0,1,2,A,-,06,21750,A,F,D,C,A,A,H,-,C,D,0,,,,,Y,,A,01,0,0,1,0,0,0,0,0,0,"- ","- ",,,"SAN FRANCISCO","SAN FRANCISCO",-122.38507843017578,37.738231658935547
9561251,2023,2023-04-14,3801,2023-03-13,2025,2452,CENTR,1,5,7,3801,0,0,0,,0,3A62,"STOCKTON ST","PACIFIC AV",0.00,,Y,C,-,N,,,,,,,,,,Y,3,0,1,2,A,-,06,21751,,N,D,C,A,B,H,-,C,A,0,,,Y,,Y,,C,02,0,1,0,0,0,0,0,0,1,"- ","- ",,,"SAN FRANCISCO","SAN FRANCISCO",-122.40840911865234,37.796722412109375
9561252,2023,2023-04-08,3801,2023-03-05,2300,1183,MISSI,7,5,7,3801,0,0,0,,0,3D12E,"SOUTH VAN NESS AV","26TH ST",206.00,N,N,-,-,N,,,,,,,,,,Y,4,0,1,2,A,-,03,22350,,N,B,C,A,A,H,-,C,D,0,,,,,Y,,A,07,0,0,1,0,0,0,0,0,0,"- ","- ",,,"SAN FRANCISCO","SAN FRANCISCO",-122.41606140136719,37.749732971191406
9561253,2023,2023-04-08,3801,2023-03-13,"850 ",1385,SOUTH,1,5,7,3801,0,0,0,,0,3B12A,"HARRISON ST","5TH ST",214.00,W,N,C,-,N,,,,,,,,,,Y,4,0,1,4,A,-,03,22350,,N,B,C,A,B,H,-,A,A,0,,,,,Y,,A,01,0,0,1,0,0,0,0,0,0,"- ","- ",,,"SAN FRANCISCO","SAN FRANCISCO",-122.40237426757812,37.77862548828125
9561254,2023,2023-04-08,3801,2023-03-08,1640,1207,SOUTH,3,5,7,3801,0,0,0,,0,0B5,"3RD ST","TOWNSEND ST",25.00,E,N,A,-,N,,,,,,,,,,N,4,0,1,2,A,-,02,22526,A,N,D,G,A,A,H,-,A,A,0,,Y,,,Y,,A,01,0,0,1,0,0,0,1,0,0,"- ","- ",,,"SAN FRANCISCO","SAN FRANCISCO",-122.39269256591797,37.77880859375
9561255,2023,2023-04-08,3801,2023-03-13,1547,1276,SOUTH,1,5,7,3801,0,0,0,,0,3B13D,"HOWARD ST","RUSS ST",0.00,,Y,A,-,N,,,,,,,,,,N,4,0,1,2,A,-,11,21954,A,N,G,B,D,A,H,-,A,A,0,Y,,,,Y,,N,60,0,0,1,0,1,0,0,0,0,"- ","- ",,,"SAN FRANCISCO","SAN FRANCISCO",-122.40824890136719,37.77886962890625
9561256,2023,2023-04-14,3801,2023-03-14,2004,2744,SOUTH,2,5,7,3801,0,0,0,,0,3B2,"3RD ST","BRANNAN ST",0.00,,Y,B,-,N,,,,,,,,,,N,3,0,1,2,A,-,10,21950,A,N,D,B,B,B,H,-,C,A,0,Y,,,,Y,Y,A,07,0,1,0,0,1,0,0,0,0,"- ","- ",,,"SAN FRANCISCO","SAN FRANCISCO",-122.39429473876953,37.780101776123047
9561257,2023,2023-04-08,3801,2023-03-09,1617,FYLES,INGL,4,5,7,3801,0,0,0,,0,3H13D,"ALEMANY BL","CONGDON ST",0.00,,Y,C,-,N,,,,,,,,,,N,4,0,1,2,A,-,08,22107,,N,H,D,A,B,H,-,A,A,0,,,,,Y,,A,01,0,0,1,0,0,0,0,0,0,"- ","- ",,,"SAN FRANCISCO","SAN FRANCISCO",-122.42619323730469,37.731166839599609
9561258,2023,2023-04-08,3801,2023-03-14,1328,327,MISSI,2,5,7,3801,0,0,0,,0,3D13C,"15TH ST","DOLORES ST",118.00,E,N,A,G,N,,,,,,,,,,Y,4,0,2,2,A,-,06,21750,A,N,B,C,A,A,H,-,A,D,0,,,,,Y,,A,01,0,0,2,0,0,0,0,0,0,"- ","- ",,,"SAN FRANCISCO","SAN FRANCISCO",-122.42619323730469,37.766288757324219
9561259,2023,2023-04-08,3801,2023-03-12,1715,986,TARAV,7,5,7,3801,0,0,0,,0,3115D,"LAKE MERCED BL","JOHN MUIR DR",0.00,,Y,C,-,N,,,,,,,,,,Y,4,0,1,2,A,-,03,22350,,N,C,C,A,B,H,-,A,A,0,,,,,Y,,A,07,0,0,1,0,0,0,0,0,0,"- ","- ",,,"SAN FRANCISCO","SAN FRANCISCO",-122.48574066162109,37.708110809326172
9561260,2023,2023-04-08,3801,2023-03-09,1939,2017,MISSI,4,5,7,3801,0,0,0,,0,3D11D,"GUERRERO ST","DUBOCE AV",0.00,,Y,C,-,N,,,,,,,,,,N,4,0,1,2,A,-,10,21950,A,N,G,B,B,B,H,-,C,A,0,Y,,,,Y,,A,01,0,0,1,0,1,0,0,0,0,"- ","- ",,,"SAN FRANCISCO","SAN FRANCISCO",-122.42459106445312,37.769741058349609