CASE_ID,ACCIDENT_YEAR,PROC_DATE,JURIS,COLLISION_DATE,COLLISION_TIME,OFFICER_ID,REPORTING_DISTRICT,DAY_OF_WEEK,CHP_SHIFT,POPULATION,CNTY_CITY_LOC,SPECIAL_COND,BEAT_TYPE,CHP_BEAT_TYPE,CITY_DIVISION_LAPD,CHP_BEAT_CLASS,BEAT_NUMBER,PRIMARY_RD,SECONDARY_RD,DISTANCE,DIRECTION,INTERSECTION,WEATHER_1,WEATHER_2,STATE_HWY_IND,CALTRANS_COUNTY,CALTRANS_DISTRICT,STATE_ROUTE,ROUTE_SUFFIX,POSTMILE_PREFIX,POSTMILE,LOCATION_TYPE,RAMP_INTERSECTION,SIDE_OF_HWY,TOW_AWAY,COLLISION_SEVERITY,NUMBER_KILLED,NUMBER_INJURED,PARTY_COUNT,PRIMARY_COLL_FACTOR,PCF_CODE_OF_VIOL,PCF_VIOL_CATEGORY,PCF_VIOLATION,PCF_VIOL_SUBSECTION,HIT_AND_RUN,TYPE_OF_COLLISION,MVIW,PED_ACTION,ROAD_SURFACE,ROAD_COND_1,ROAD_COND_2,LIGHTING,CONTROL_DEVICE,CHP_ROAD_TYPE,PEDESTRIAN_ACCIDENT,BICYCLE_ACCIDENT,MOTORCYCLE_ACCIDENT,TRUCK_ACCIDENT,NOT_PRIVATE_PROPERTY,ALCOHOL_INVOLVED,STWD_VEHTYPE_AT_FAULT,CHP_VEHTYPE_AT_FAULT,COUNT_SEVERE_INJ,COUNT_VISIBLE_INJ,COUNT_COMPLAINT_PAIN,COUNT_PED_KILLED,COUNT_PED_INJURED,COUNT_BICYCLIST_KILLED,COUNT_BICYCLIST_INJURED,COUNT_MC_KILLED,COUNT_MC_INJURED,PRIMARY_RAMP,SECONDARY_RAMP,LATITUDE,LONGITUDE,COUNTY,CITY,POINT_X,POINT_Y
9561261,2023,2023-04-08,3801,2023-03-14,1715,307,NORTH,2,5,7,3801,0,0,0,,0,3E13D,"EDDY ST","VAN NESS AV",0.00,,-,B,C,N,,,,,,,,,,,4,0,1,2,A,-,09,21801,A,N,D,D,A,B,H,-,A,A,0,,,,,Y,,A,01,0,0,1,0,0,0,0,0,0,"- ","- ",,,"SAN FRANCISCO","SAN FRANCISCO",-122.42076110839844,37.782890319824219
9561262,2023,2023-04-08,3801,2023-03-17,2042,1637,SOUTH,5,5,7,3801,0,0,0,,0,3B15D,"DE HARO ST","16TH ST",0.00,,Y,A,-,N,,,,,,,,,,Y,4,0,1,2,A,-,21,22106,,N,C,C,A,A,H,-,C,A,0,,,,,Y,Y,A,01,0,0,1,0,0,0,0,0,0,"- ","- ",,,"SAN FRANCISCO","SAN FRANCISCO",-122.40169525146484,37.766151428222656
9561263,2023,2023-04-08,3801,2023-03-14,1707,359,TARAV,2,5,7,3801,0,0,0,,0,3I2D,"NORIEGA ST","30TH AV",0.00,,Y,B,-,N,,,,,,,,,,N,3,0,1,2,A,-,11,21950,B,N,G,B,B,D,H,-,B,A,0,Y,,,,Y,,N,60,0,1,0,0,1,0,0,0,0,"- ","- ",,,"SAN FRANCISCO","SAN FRANCISCO",-122.48825836181641,37.75372314453125
9561264,2023,2023-04-08,3801,2023-03-15,1425,4264,BAYV,3,5,7,3801,0,0,0,,0,3C44D,"INDUSTRIAL ST","CHARTER OAK AV",0.00,,Y,A,-,N,,,,,,,,,,Y,4,0,3,2,A,-,09,21804,A,N,D,C,A,A,H,-,A,D,0,,,,,Y,,A,01,0,0,3,0,0,0,0,0,0,"- ","- ",,,"SAN FRANCISCO","SAN FRANCISCO",-122.40499114990234,37.738555908203125
9561265,2023,2023-04-08,3801,2023-03-13,"843 ",4036,RICH,1,5,7,3801,0,0,0,,0,4B2C,GEARY,"20TH AV",28.00,W,N,A,-,N,,,,,,,,,,Y,4,0,2,3,A,-,01,23152,B,N,C,C,A,A,H,-,A,D,0,,,,,Y,,A,01,0,0,2,0,0,0,0,0,0,"- ","- ",,,"SAN FRANCISCO","SAN FRANCISCO",-122.47948455810547,37.780384063720703
9561266,2023,2023-04-08,3801,2023-03-14,1635,1909,NORTH,2,5,7,3801,0,0,0,,0,NORTH,"LOMBARD ST","FILLMORE ST",0.00,,Y,C,-,N,,,,,,,,,,N,4,0,1,2,A,-,10,21950,A,N,G,B,B,B,H,-,A,A,0,Y,,,,Y,,A,01,0,0,1,0,1,0,0,0,0,"- ","- ",,,"SAN FRANCISCO","SAN FRANCISCO",-122.43605041503906,37.799846649169922
9561267,2023,2023-04-08,3801,2023-03-16,1638,390,PARK,4,5,7,3801,0,0,0,,0,001,"KEZAR DR","MARTIN LUTHER KING JR DR",33.00,E,N,A,-,N,,,,,,,,,,N,4,0,1,2,A,-,06,21755,,M,B,G,A,A,H,-,A,A,0,,Y,,,Y,Y,A,01,0,0,1,0,0,0,1,0,0,"- ","- ",,,"SAN FRANCISCO","SAN FRANCISCO",-122.45857238769531,37.767223358154297
9561268,2023,2023-04-08,3801,2023-03-03,1016,564,MISSI,5,5,7,3801,0,0,0,,0,3D11A,"16TH ST","VALENCIA ST",5.00,W,N,A,-,N,,,,,,,,,,N,4,0,1,2,A,-,04,21703,,N,C,C,A,A,H,-,A,D,0,,,,,Y,,A,01,0,0,1,0,0,0,0,0,0,"- ","- ",,,"SAN FRANCISCO","SAN FRANCISCO",-122.42190551757812,37.764907836914062
9561269,2023,2023-04-08,3801,2023-03-15,1721,1325,TENDE,3,5,7,3801,0,0,0,,0,3J91C,"JESSIE ST","6TH ST",0.00,,-,A,-,N,,,,,,,,,,,4,0,1,2,A,-,10,21950,C,N,G,B,D,A,H,-,A,D,0,Y,,,,Y,,A,01,0,0,1,0,1,0,0,0,0,"- ","- ",,,"SAN FRANCISCO","SAN FRANCISCO",-122.40921020507812,37.781398773193359
9561270,2023,2023-04-08,3801,2023-03-15,"732 ",1519,BAYV,3,5,7,3801,0,0,0,,0,3C15A,"JENNINGS AV","EGBERT ST",0.00,,Y,A,-,N,,,,,,,,,,N,4,0,1,3,A,-,10,21950,A,N,G,B,B,A,H,-,A,A,0,Y,,,,Y,,A,01,0,0,1,0,1,0,0,0,0,"- ","- ",,,"SAN FRANCISCO","SAN FRANCISCO",-122.39260864257812,37.722671508789062
9561271,2023,2023-04-08,3801,2023-03-05,1945,4314,RICHM,7,5,7,3801,0,0,0,,0,0G3,"GEARY BL","6TH AV",32.00,E,N,C,-,N,,,,,,,,,,N,4,0,2,2,A,-,04,21703,,N,C,C,A,B,H,-,C,A,0,,,,,Y,,A,01,0,0,2,0,0,0,0,0,0,"- ","- ",,,"SAN FRANCISCO","SAN FRANCISCO",-122.46417999267578,37.781093597412109
9561273,2023,2023-04-08,3801,2023-03-19,"140 ",649,INGLE,7,5,7,3801,0,0,0,,0,3H14E,"MISSION ST","OCEAN AV",0.00,,Y,C,-,N,,,,,,,,,,N,4,0,1,2,A,-,03,22350,,F,C,C,A,B,H,-,C,A,0,,,,,Y,,A,01,0,0,1,0,0,0,0,0,0,"- ","- ",,,"SAN FRANCISCO","SAN FRANCISCO",-122.43540954589844,37.723888397216797
9561274,2023,2023-04-08,3801,2023-03-18,"637 ",1457,TARAV,6,5,7,3801,0,0,0,,0,001,"LINCOLN WY","16TH AV",106.00,W,N,A,-,N,,,,,,,,,,Y,4,0,1,3,A,-,08,22108,,N,D,C,A,A,H,-,C,D,0,,,,,Y,,A,01,0,0,1,0,0,0,0,0,0,"- ","- ",,,"SAN FRANCISCO","SAN FRANCISCO",-122.47443389892578,37.765571594238281
9561275,2023,2023-04-08,3801,2023-03-14,1348,2157,RICH,2,5,7,3801,0,0,0,,0,004,"28TH AV","CLEMENT ST",220.00,S,N,A,-,N,,,,,,,,,,Y,4,0,1,3,A,-,09,21804,,N,D,E,A,A,H,-,A,D,0,,,,,Y,,A,01,0,0,1,0,0,0,0,0,0,"- ","- ",,,"SAN FRANCISCO","SAN FRANCISCO",-122.488037109375,37.781257629394531
9561276,2023,2023-04-08,3801,2023-03-18,1227,1442,NORTH,6,5,7,3801,0,0,0,,0,3E13A,"LOMBARD ST","SCOTT ST",0.00,,Y,A,-,N,,,,,,,,,,,2,0,1,2,A,-,09,21801,A,N,D,C,A,A,H,-,A,A,0,,,,,Y,,A,01,1,0,0,0,0,0,0,0,0,"- ","- ",,,"SAN FRANCISCO","SAN FRANCISCO",-122.44100189208984,37.799209594726562
9561277,2023,2023-04-08,3801,2023-03-23,1824,2718,BAYV,4,5,7,3801,0,0,0,,0,3C11D,"3RD ST","23RD ST",0.00,,Y,A,-,N,,,,,,,,,,N,4,0,1,2,A,-,04,21703,,N,C,C,A,A,H,-,A,A,0,,,,,Y,,A,01,0,0,1,0,0,0,0,0,0,"- ","- ",,,"SAN FRANCISCO","SAN FRANCISCO",-122.38810729980469,37.755386352539062
9561278,2023,2023-04-08,3801,2023-03-15,1208,1238,MISSI,3,5,7,3801,0,0,0,,0,3D11C,"20TH ST","LEXINGTON ST",0.00,,Y,A,-,N,,,,,,,,,,N,4,0,1,2,A,-,09,21804,A,N,D,C,A,A,H,-,A,-,0,,,,,Y,,M,94,0,0,1,0,0,0,0,0,0,"- ","- ",,,"SAN FRANCISCO","SAN FRANCISCO",-122.42048645019531,37.758537292480469
9561279,2023,2023-04-08,3801,2023-03-01,1557,1173,RICH,3,5,7,3801,0,0,0,,0,901,"GEARY BL","36TH AV",0.00,,Y,A,-,N,,,,,,,,,,N,4,0,1,2,A,-,12,21453,A,N,D,C,A,A,H,-,A,A,0,,,,,Y,,A,01,0,0,1,0,0,0,0,0,0,"- ","- ",,,"SAN FRANCISCO","SAN FRANCISCO",-122.49652862548828,37.779560089111328
9561280,2023,2023-04-08,3801,2023-03-23,"741 ",1396,SOUTH,4,5,7,3801,0,0,0,,0,3B11A,"EMBARCADERO S","FOLSOM ST",49.00,S,N,A,-,N,,,,,,,,,,N,3,0,1,2,A,-,03,22350,A,N,C,C,A,A,H,-,A,A,0,,,,,Y,,A,01,0,1,0,0,0,0,0,0,0,SO,"- ",,,"SAN FRANCISCO","SAN FRANCISCO",-122.39003753662109,37.790664672851562
9561281,2023,2023-04-12,3801,2023-02-24,1120,504,NORTH,5,5,7,3801,0,0,0,,0,3E15A,"POLK ST","POST ST",0.00,,Y,B,-,N,,,,,,,,,,N,4,0,1,2,A,-,11,21453,D,N,G,G,A,B,H,-,A,A,0,,,,,Y,,M,94,0,0,1,0,0,0,0,0,0,"- ","- ",,,"SAN FRANCISCO","SAN FRANCISCO",-122.41989898681641,37.786834716796875
9561282,2023,2023-04-12,3801,2023-02-08,2124,2141,TARAV,3,5,7,3801,0,0,0,,0,3I15E,"JUNIPERO SERRA BL","ROSSMOOR DR",120.00,N,N,A,-,N,,,,,,,,,,Y,4,0,1,1,A,-,03,22350,,N,E,I,A,A,H,-,C,D,0,,,,,Y,,A,01,0,0,1,0,0,0,0,0,0,"- ","- ",,,"SAN FRANCISCO","SAN FRANCISCO",-122.47219085693359,37.730430603027344
9561283,2023,2023-04-12,3801,2023-02-27,2155,492,SOUTH,1,5,7,3801,0,0,0,,0,3B15A,"BERRY ST","KING ST",0.00,,Y,C,-,N,,,,,,,,,,N,4,0,1,2,D,-,00,,,N,D,J,A,B,H,-,C,D,0,,,,,Y,,-,"- ",0,0,1,0,0,0,0,0,0,"- ","- ",,,"SAN FRANCISCO","SAN FRANCISCO",,
9561284,2023,2023-04-12,3801,2023-02-20,1940,1435,TRAFF,1,5,7,3801,0,0,0,,0,4B4C,"GEARY BL","LARKIN ST",3.00,W,N,A,-,N,,,,,,,,,,Y,2,0,1,2,A,-,03,22350,,F,C,C,A,A,H,-,C,A,0,,,Y,,Y,,A,07,1,0,0,0,0,0,0,0,1,"- ","- ",,,"SAN FRANCISCO","SAN FRANCISCO",-122.41812133789062,37.786109924316406
9561285,2023,2023-04-12,3801,2023-02-24,1757,1931,NORTH,5,5,7,3801,0,0,0,,0,3E13A,"EDDY ST","VAN NESS AV",0.00,,Y,A,-,N,,,,,,,,,,N,4,0,1,2,B,-,22,,,F,D,G,A,A,H,-,C,A,0,,Y,,,Y,,A,01,0,0,1,0,0,0,1,0,0,"- ","- ",,,"SAN FRANCISCO","SAN FRANCISCO",-122.42076110839844,37.782890319824219
9561286,2023,2023-04-12,3801,2023-02-10,2030,1136,MISSI,5,5,7,3801,0,0,0,,0,3D16D,"HARRISON ST","13TH ST",0.00,,Y,A,-,N,,,,,,,,,,Y,4,0,1,2,A,-,12,21453,A,N,D,C,A,A,H,-,C,A,0,,,,,Y,,A,01,0,0,1,0,0,0,0,0,0,"- ","- ",,,"SAN FRANCISCO","SAN FRANCISCO",-122.41340637207031,37.769454956054688
9561287,2023,2023-04-12,3801,2023-02-26,2045,1680,MISSI,7,5,7,3801,0,0,0,,0,3D13D,"15TH ST","GUERRERO ST",0.00,,Y,A,-,N,,,,,,,,,,N,4,0,1,2,A,-,09,21801,,N,H,-,A,A,H,-,C,A,0,,,Y,,Y,,A,07,0,0,1,0,0,0,0,0,1,"- ","- ",,,"SAN FRANCISCO","SAN FRANCISCO",-122.42424011230469,37.766403198242188
9561288,2023,2023-04-12,3801,2023-02-09,1037,1936,TRAFF,4,5,7,3801,0,0,0,,0,4B1D,"FREMONT ST","MISSION ST",0.00,,Y,A,-,N,,,,,,,,,,Y,2,0,1,2,A,-,06,21750,,N,B,C,A,A,B,D,A,A,0,,,Y,Y,Y,,C,02,1,0,0,0,0,0,0,0,1,"- ","- ",,,"SAN FRANCISCO","SAN FRANCISCO",-122.39669036865234,37.790470123291016
9561290,2023,2023-04-12,3801,2023-02-27,1239,1771,MISSI,1,5,7,3801,0,0,0,,0,,"23RD ST","FOLSOM ST",98.00,W,N,C,-,N,,,,,,,,,,N,4,0,1,2,A,-,06,21750,A,N,B,C,A,B,H,-,A,D,0,,,,,Y,,D,22,0,0,1,0,0,0,0,0,0,"- ","- ",37.754108428955078,-122.41471099853516,"SAN FRANCISCO","SAN FRANCISCO",-122.41458892822266,37.754096984863281
9561291,2023,2023-04-12,3801,2023-02-26,1705,1207,SOUTH,7,5,7,3801,0,0,0,,0,0B5,"MISSION ROCK ST","3RD ST",0.00,,Y,B,C,N,,,,,,,,,,N,3,0,3,2,A,-,04,21703,,N,D,C,A,B,H,-,A,A,0,,,,,Y,,A,01,0,1,2,0,0,0,0,0,0,"- ","- ",,,"SAN FRANCISCO","SAN FRANCISCO",-122.38980102539062,37.772918701171875
9561292,2023,2023-04-17,3801,2023-02-18,1619,1244,SOUTH,6,5,7,3801,0,0,0,,0,006,"AVENUE H","10TH ST",310.00,W,N,A,-,N,,,,,,,,,,N,3,0,1,1,C,-,18,,,N,H,J,A,A,G,-,A,A,0,,,,,Y,,-,"- ",0,1,0,0,0,0,0,0,0,"- ","- ",,,"SAN FRANCISCO","SAN FRANCISCO",-122.37386322021484,37.825897216796875
9561293,2023,2023-04-12,3801,2023-02-23,1443,4006,TARAV,4,5,7,3801,0,0,0,,0,3I3B,"RIVERA ST","20TH AV",0.00,,Y,A,-,N,,,,,,,,,,N,4,0,2,2,A,-,09,21802,A,N,D,C,A,A,H,-,A,A,0,,,,,Y,,A,01,0,0,2,0,0,0,0,0,0,"- ","- ",,,"SAN FRANCISCO","SAN FRANCISCO",-122.47704315185547,37.746719360351562
9561294,2023,2023-04-12,3801,2023-02-26,1601,1534,INGLE,7,5,7,3801,0,0,0,,0,3H15D,"GENEVA AV","MADRID ST",0.00,,Y,A,C,N,,,,,,,,,,,4,0,1,2,A,-,10,21950,A,N,G,B,B,D,H,-,A,A,0,Y,,,,Y,,A,01,0,0,1,0,1,0,0,0,0,"- ","- ",,,"SAN FRANCISCO","SAN FRANCISCO",-122.43781280517578,37.714950561523438
9561295,2023,2023-04-12,3801,2023-02-25,1014,1513,RICHM,6,5,7,3801,0,0,0,,0,TWO,"GEARY BL","BLAKE ST",0.00,,Y,B,-,N,,,,,,,,,,,4,0,2,3,A,-,08,22100,B,F,-,C,A,A,H,-,A,A,0,,,,,Y,,A,01,0,0,2,0,0,0,0,0,0,"- ","- ",,,"SAN FRANCISCO","SAN FRANCISCO",-122.45111846923828,37.782054901123047
9561296,2023,2023-04-12,3801,2023-02-24,1730,2143,TARAV,5,5,7,3801,0,0,0,,0,3I15D,"SKYLINE BL","JOHN MUIR DR",0.00,,Y,A,-,N,,,,,,,,,,Y,3,0,4,2,D,-,00,,,N,D,C,A,A,H,-,B,B,0,,,,,Y,,-,"- ",0,1,3,0,0,0,0,0,0,"- ","- ",,,"SAN FRANCISCO","SAN FRANCISCO",-122.50016021728516,37.718944549560547
9561297,2023,2023-04-13,3801,2023-02-24,1843,417,TARAV,5,5,7,3801,0,0,0,,0,3I16D,"20TH AV","WINSTON DR",0.00,,Y,A,-,N,,,,,,,,,,N,4,0,1,2,A,-,12,21453,A,N,G,B,B,A,H,-,C,A,0,Y,,,,Y,,N,60,0,0,1,0,1,0,0,0,0,"- ","- ",,,"SAN FRANCISCO","SAN FRANCISCO",-122.47597503662109,37.730087280273438
9561298,2023,2023-04-13,3801,2023-02-22,1740,2419,RICHM,3,5,7,3801,0,0,0,,0,901,"FELL ST","ASHBURY ST",0.00,,Y,A,-,N,,,,,,,,,,N,4,0,1,2,A,-,03,22350,,F,C,J,A,A,H,-,A,D,0,,,Y,,Y,,A,01,0,0,1,0,0,0,0,0,1,"- ","- ",,,"SAN FRANCISCO","SAN FRANCISCO",-122.44750213623047,37.772811889648438
9561299,2023,2023-04-13,3801,2023-02-27,1616,2132,PARK,1,5,7,3801,0,0,0,,0,3F13D,"HAYES ST","MASONIC AV",0.00,,Y,A,-,N,,,,,,,,,,N,4,0,1,2,A,-,12,21453,A,N,D,J,A,A,H,-,A,A,0,,,,,Y,,M,94,0,0,1,0,0,0,0,0,0,"- ","- ",,,"SAN FRANCISCO","SAN FRANCISCO",-122.44611358642578,37.773937225341797
9561302,2023,2023-04-28,3801,2023-03-21,1026,1857,NORTH,2,5,7,3801,0,0,0,,0,3E61,"VAN NESS AV",BROADWAY,0.00,,Y,C,-,N,,,,,,,,,,N,4,0,1,2,A,-,10,21950,A,N,G,B,B,B,H,-,A,A,0,Y,,,,Y,,A,01,0,0,1,0,1,0,0,0,0,"- ","- ",,,"SAN FRANCISCO","SAN FRANCISCO",-122.42332458496094,37.795753479003906
9561304,2023,2023-04-28,3801,2023-03-20,1759,426,NORTH,1,5,7,3801,0,0,0,,0,3E13D,"GEARY ST","FRANKLIN ST",200.00,E,N,A,-,N,,,,,,,,,,N,2,0,1,2,A,-,10,21950,,F,G,B,F,A,H,-,A,D,0,Y,,,,Y,,A,07,1,0,0,0,1,0,0,0,0,"- ","- ",,,"SAN FRANCISCO","SAN FRANCISCO",-122.42234039306641,37.785568237304688
9561306,2023,2023-05-10,3801,2023-03-17,1350,82,MISSI,5,5,7,3801,0,0,0,,0,3D45C,"24TH ST","SAN JOSE AV",0.00,,Y,A,-,N,,,,,,,,,,Y,4,0,1,2,A,-,12,22450,A,N,D,C,A,A,H,-,A,A,0,,,,,Y,,A,01,0,0,1,0,0,0,0,0,0,"- ","- ",,,"SAN FRANCISCO","SAN FRANCISCO",-122.42160034179688,37.752067565917969
9561307,2023,2023-05-08,3801,2023-03-24,"401 ",245,PARK,5,5,7,3801,0,0,0,,0,3CAR,"EDDY ST","SAINT JOSEPHS AV",0.00,,Y,A,-,N,,,,,,,,,,N,4,0,1,3,A,-,03,22350,,F,A,C,A,A,H,-,C,D,0,,,,,Y,,D,22,0,0,1,0,0,0,0,0,0,"- ","- ",,,"SAN FRANCISCO","SAN FRANCISCO",-122.44114685058594,37.7802734375
9561308,2023,2023-05-01,3801,2023-03-21,1601,1897,INGLE,2,5,7,3801,0,0,0,,0,3H15D,"ALEMANY BL","MOUNT VERNON AV",0.00,,Y,C,-,N,,,,,,,,,,N,3,0,1,2,A,-,12,21453,A,N,H,C,A,B,H,-,A,A,0,,,,,Y,,A,01,0,1,0,0,0,0,0,0,0,"- ","- ",,,"SAN FRANCISCO","SAN FRANCISCO",-122.44460296630859,37.716102600097656
9561310,2023,2023-05-03,3801,2023-03-22,1108,4102,SOUTH,3,5,7,3801,0,0,0,,0,3B47,"FREMONT ST","HOWARD ST",50.00,N,N,A,-,N,,,,,,,,,,N,4,0,1,3,A,-,17,22517,,N,H,G,A,A,H,-,A,D,0,,Y,,,Y,,-,,0,0,1,0,0,0,1,0,0,"- ","- ",,,"SAN FRANCISCO","SAN FRANCISCO",-122.395263671875,37.789329528808594
9561311,2023,2023-04-28,3801,2023-03-24,1054,2191,NORTH,5,5,7,3801,0,0,0,,0,3E38F,"FELL ST","STEINER ST",0.00,,Y,A,-,N,,,,,,,,,,Y,4,0,1,3,A,-,12,21453,A,F,D,C,A,A,H,-,A,A,0,,,,,Y,,A,01,0,0,1,0,0,0,0,0,0,"- ","- ",,,"SAN FRANCISCO","SAN FRANCISCO",-122.43265533447266,37.774684906005859
9561312,2023,2023-04-28,3801,2023-03-23,2041,158,NORTH,4,5,7,3801,0,0,0,,0,3E14D,"POLK ST","PINE ST",0.00,,Y,A,-,N,,,,,,,,,,N,4,0,1,2,A,-,08,22107,,N,B,G,A,A,H,-,C,A,0,,Y,,,Y,,A,01,0,0,1,0,0,0,1,0,0,"- ","- ",,,"SAN FRANCISCO","SAN FRANCISCO",-122.42050170898438,37.789642333984375
9561313,2023,2023-04-28,3801,2023-03-24,1806,2118,SOUTH,5,5,7,3801,0,0,0,,0,3B12D,"FOLSOM ST","11TH ST",0.00,,Y,A,-,N,,,,,,,,,,N,4,0,1,2,A,-,09,21804,A,N,H,C,A,A,G,-,A,A,0,,,,,Y,,-,,0,0,1,0,0,0,0,0,0,"- ","- ",,,"SAN FRANCISCO","SAN FRANCISCO",-122.41400909423828,37.771884918212891
9561314,2023,2023-05-08,3801,2023-03-20,1600,1467,SOUTH,1,5,7,3801,0,0,0,,0,1CAR,"BRANNAN ST","COLIN P KELLY JR ST",0.00,,-,A,-,N,,,,,,,,,,N,4,0,1,2,A,-,17,21663,,F,D,G,A,A,H,-,A,D,0,,Y,,,Y,,L,04,0,0,1,0,0,0,1,0,0,"- ","- ",,,"SAN FRANCISCO","SAN FRANCISCO",-122.39127349853516,37.782459259033203
9561315,2023,2023-04-28,3801,2023-03-24,1130,A22051,CENTR,5,5,7,3801,0,0,0,,0,3A3A,"LARKIN ST","NORTH POINT ST",0.00,,Y,A,-,N,,,,,,,,,,N,4,0,1,2,A,-,10,21950,A,N,G,B,B,A,H,-,A,A,0,Y,,,,Y,,A,01,0,0,1,0,1,0,0,0,0,"- ","- ",,,"SAN FRANCISCO","SAN FRANCISCO",-122.4219970703125,37.805507659912109
9561316,2023,2023-04-28,3801,2023-03-24,"140 ",1252,RICHM,5,5,7,3801,0,0,0,,0,901,"GEARY BL","ST JOSEPH AV",45.00,W,N,A,-,N,,,,,,,,,,Y,4,0,1,3,A,-,03,22350,,N,B,C,A,A,H,-,C,D,0,,,Y,,Y,,A,01,0,0,1,0,0,0,0,0,1,"- ","- ",,,"SAN FRANCISCO","SAN FRANCISCO",-122.44295501708984,37.782791137695312
9561317,2023,2023-05-04,3801,2023-03-25,1423,4102,SOUTH,6,5,7,3801,0,0,0,,0,3B47,"HARRISON ST","12TH ST",106.00,S,N,A,-,N,,,,,,,,,,N,3,0,1,2,A,-,09,21804,A,N,B,G,A,A,H,-,A,D,0,,Y,,,Y,,L,04,0,1,0,0,0,0,1,0,0,"- ","- ",,,"SAN FRANCISCO","SAN FRANCISCO",-122.41323089599609,37.769832611083984
9561318,2023,2023-04-28,3801,2023-03-25,1415,1396,SOUTH,6,5,7,3801,0,0,0,,0,3B13A,"1ST ST","FOLSOM ST",0.00,,Y,A,-,N,,,,,,,,,,N,3,0,1,2,A,-,12,21453,A,F,D,B,B,A,H,-,A,A,0,Y,,,,Y,,A,01,0,1,0,0,1,0,0,0,0,"- ","- ",,,"SAN FRANCISCO","SAN FRANCISCO",-122.39447021484375,37.787319183349609
9561320,2023,2023-04-28,3801,2023-03-22,2059,2272,BAYVI,3,5,7,3801,0,0,0,,0,3C110,"MARIPOSA ST","MISSISSIPPI ST",0.00,,Y,A,-,N,,,,,,,,,,N,4,0,1,2,A,-,12,22450,A,F,D,C,A,A,H,-,C,A,0,,,,,Y,,A,01,0,0,1,0,0,0,0,0,0,"- ","- ",,,"SAN FRANCISCO","SAN FRANCISCO",-122.39473724365234,37.763980865478516
9561321,2023,2023-04-19,3801,2023-03-21,"516 ",1871,INGLE,2,5,7,3801,0,0,0,,0,901,"GENEVA AV","SAN JOSE AV",0.00,,Y,B,-,N,,,,,,,,,,Y,3,0,2,2,A,-,12,21453,A,N,D,C,A,A,H,-,C,A,0,,,,,Y,,A,01,0,1,1,0,0,0,0,0,0,"- ","- ",,,"SAN FRANCISCO","SAN FRANCISCO",-122.44663238525391,37.720729827880859
9561322,2023,2023-04-19,3801,2023-03-20,1623,933,INGLE,1,5,7,3801,0,0,0,,0,0H5,"BRUNSWICK ST","CONCORD ST",0.00,,Y,A,-,N,,,,,,,,,,Y,3,0,1,2,A,-,03,22350,,N,D,C,A,A,H,-,A,A,0,,,Y,,Y,,C,02,0,1,0,0,0,0,0,0,1,"- ","- ",,,"SAN FRANCISCO","SAN FRANCISCO",-122.44216156005859,37.710918426513672
9561323,2023,2023-04-26,3801,2023-03-28,"600 ",4267,TARAV,2,5,7,3801,0,0,0,,0,3116A,"ST CHARLES AV","PALMETTO AV",0.00,,Y,C,-,N,,,,,,,,,,Y,4,0,1,2,A,-,09,21800,A,N,D,C,A,B,H,-,C,A,0,,,,,Y,,A,01,0,0,1,0,0,0,0,0,0,"- ","- ",,,"SAN FRANCISCO","SAN FRANCISCO",-122.46935272216797,37.710700988769531
9561324,2023,2023-04-18,3801,2023-03-28,1840,1244,SOUTH,2,5,7,3801,0,0,0,,0,005,"17TH ST","VERMONT ST",0.00,,Y,C,-,N,,,,,,,,,,N,4,0,1,2,A,-,03,22350,,N,C,C,A,B,H,-,A,A,0,,,,,Y,,-,,0,0,1,0,0,0,0,0,0,"- ","- ",,,"SAN FRANCISCO","SAN FRANCISCO",-122.40448760986328,37.764682769775391
9561325,2023,2023-05-31,3801,2023-03-27,1641,1182,TARAV,1,5,7,3801,0,0,0,,0,312D,"ORTEGA ST","31ST AV",0.00,,Y,A,-,N,,,,,,,,,,N,3,0,1,2,A,-,09,21802,A,N,D,C,A,A,H,-,A,A,0,,,Y,,Y,,C,03,0,1,0,0,0,0,0,0,1,"- ","- ",,,"SAN FRANCISCO","SAN FRANCISCO",-122.48918914794922,37.751823425292969
9561326,2023,2023-04-19,3801,2023-03-14,1357,359,TARAV,2,5,7,3801,0,0,0,,0,312D,"LINCOLN WY","30TH AV",0.00,,Y,A,-,N,,,,,,,,,,Y,2,0,3,2,A,-,08,22107,,N,D,B,A,A,H,-,A,A,0,,,,,Y,,I,09,2,0,1,0,0,0,0,0,0,"- ","- ",,,"SAN FRANCISCO","SAN FRANCISCO",-122.48904418945312,37.764934539794922
9561328,2023,2023-04-19,3801,2023-03-27,1147,2038,PARK,1,5,7,3801,0,0,0,,0,3F11A,"17TH ST","ROOSEVELT WY",0.00,,Y,A,-,N,,,,,,,,,,Y,4,0,1,3,A,-,03,22350,,N,D,C,A,A,H,-,A,A,0,,,,,Y,,A,01,0,0,1,0,0,0,0,0,0,"- ","- ",,,"SAN FRANCISCO","SAN FRANCISCO",-122.44530487060547,37.761867523193359
9561329,2023,2023-04-19,3801,2023-03-27,"845 ",1978,BAYVI,1,5,7,3801,0,0,0,,0,003,EVANS,"EVANS 1300",0.00,,Y,A,-,N,,,,,,,,,,Y,4,0,2,2,A,-,08,22107,,N,B,C,A,-,H,-,A,A,0,,,,,Y,,A,08,0,0,2,0,0,0,0,0,0,"- ","- ",,,"SAN FRANCISCO","SAN FRANCISCO",,
9561330,2023,2023-04-18,3801,2023-03-28,1850,2228,CENTR,2,5,7,3801,0,0,0,,0,3A3D,"COLUMBUS AV","LOMBARD ST",20.00,S,N,A,-,N,,,,,,,,,,N,3,0,1,2,-,-,"- ",,,N,B,J,A,A,H,-,A,D,0,,,,,Y,Y,-,"- ",0,1,0,0,0,0,0,0,0,"- ","- ",,,"SAN FRANCISCO","SAN FRANCISCO",-122.41361999511719,37.802703857421875