CASE_ID,ACCIDENT_YEAR,PROC_DATE,JURIS,COLLISION_DATE,COLLISION_TIME,OFFICER_ID,REPORTING_DISTRICT,DAY_OF_WEEK,CHP_SHIFT,POPULATION,CNTY_CITY_LOC,SPECIAL_COND,BEAT_TYPE,CHP_BEAT_TYPE,CITY_DIVISION_LAPD,CHP_BEAT_CLASS,BEAT_NUMBER,PRIMARY_RD,SECONDARY_RD,DISTANCE,DIRECTION,INTERSECTION,WEATHER_1,WEATHER_2,STATE_HWY_IND,CALTRANS_COUNTY,CALTRANS_DISTRICT,STATE_ROUTE,ROUTE_SUFFIX,POSTMILE_PREFIX,POSTMILE,LOCATION_TYPE,RAMP_INTERSECTION,SIDE_OF_HWY,TOW_AWAY,COLLISION_SEVERITY,NUMBER_KILLED,NUMBER_INJURED,PARTY_COUNT,PRIMARY_COLL_FACTOR,PCF_CODE_OF_VIOL,PCF_VIOL_CATEGORY,PCF_VIOLATION,PCF_VIOL_SUBSECTION,HIT_AND_RUN,TYPE_OF_COLLISION,MVIW,PED_ACTION,ROAD_SURFACE,ROAD_COND_1,ROAD_COND_2,LIGHTING,CONTROL_DEVICE,CHP_ROAD_TYPE,PEDESTRIAN_ACCIDENT,BICYCLE_ACCIDENT,MOTORCYCLE_ACCIDENT,TRUCK_ACCIDENT,NOT_PRIVATE_PROPERTY,ALCOHOL_INVOLVED,STWD_VEHTYPE_AT_FAULT,CHP_VEHTYPE_AT_FAULT,COUNT_SEVERE_INJ,COUNT_VISIBLE_INJ,COUNT_COMPLAINT_PAIN,COUNT_PED_KILLED,COUNT_PED_INJURED,COUNT_BICYCLIST_KILLED,COUNT_BICYCLIST_INJURED,COUNT_MC_KILLED,COUNT_MC_INJURED,PRIMARY_RAMP,SECONDARY_RAMP,LATITUDE,LONGITUDE,COUNTY,CITY,POINT_X,POINT_Y
9561331,2023,2023-04-18,3801,2023-03-22,1600,4201,TENDE,3,5,7,3801,0,0,0,,0,3J12D,"MISSION ST","6TH ST",0.00,,Y,A,-,N,,,,,,,,,,N,4,0,1,2,A,-,00,20001,,N,G,B,B,A,H,-,A,A,0,Y,,,,Y,,A,01,0,0,1,0,1,0,0,0,0,"- ","- ",,,"SAN FRANCISCO","SAN FRANCISCO",-122.40869140625,37.780982971191406
9561332,2023,2023-04-18,3801,2023-03-27,1303,1518,CENTR,1,5,7,3801,0,0,0,,0,3A44C,"NEW MONTGOMERY ST","STEVENSON ST",0.00,,Y,A,-,N,,,,,,,,,,N,4,0,1,2,A,-,11,21954,A,N,C,B,D,A,H,-,A,A,0,Y,,,,Y,,N,60,0,0,1,0,1,0,0,0,0,"- ","- ",,,"SAN FRANCISCO","SAN FRANCISCO",-122.40151214599609,37.788299560546875
9561333,2023,2023-04-18,3801,2023-03-13,2101,1435,TRAFF,1,5,7,3801,0,0,0,,0,4B4C,"DOLORES ST","CUMBERLAND ST",65.00,N,N,-,-,N,,,,,,,,,,N,2,0,1,2,A,-,11,21954,A,N,G,B,E,A,H,-,C,A,0,Y,,,,Y,,N,60,1,0,0,0,1,0,0,0,0,"- ","- ",,,"SAN FRANCISCO","SAN FRANCISCO",-122.42593383789062,37.759208679199219
9561334,2023,2023-04-18,3801,2023-03-07,"856 ",229,MISSI,2,5,7,3801,0,0,0,,0,0D4,"HARRISON ST","26TH ST",0.00,,Y,A,-,N,,,,,,,,,,N,4,0,1,2,A,-,12,22450,A,F,D,C,A,A,H,-,A,-,0,,,,,Y,,A,01,0,0,1,0,0,0,0,0,0,"- ","- ",,,"SAN FRANCISCO","SAN FRANCISCO",-122.41164398193359,37.749439239501953
9561335,2023,2023-04-19,3801,2023-03-08,"953 ",719,CENTR,3,5,7,3801,0,0,0,,0,3A14A,"UNION ST","KEARNY ST",160.00,E,N,A,-,N,,,,,,,,,,Y,4,0,1,2,A,-,21,22106,,N,D,C,A,B,H,-,A,D,0,,,,,Y,,A,01,0,0,1,0,0,0,0,0,0,"- ","- ",,,"SAN FRANCISCO","SAN FRANCISCO",-122.40544128417969,37.800895690917969
9561336,2023,2023-04-19,3801,2023-03-29,1247,390,PARK,3,5,7,3801,0,0,0,,0,003,"FULTON ST","PARKER ST",24.00,W,N,B,-,N,,,,,,,,,,N,4,0,1,2,A,-,10,21950,,N,G,B,B,B,H,-,A,A,0,Y,,,,Y,,A,01,0,0,1,0,1,0,0,0,0,"- ","- ",,,"SAN FRANCISCO","SAN FRANCISCO",-122.45291137695312,37.774978637695312
9561338,2023,2023-04-19,3801,2023-03-08,1140,1956,TARAV,3,5,7,3801,0,0,0,,0,3CAR,"43RD AV","ULLOA ST",218.00,N,N,A,-,N,,,,,,,,,,N,4,0,1,2,A,-,21,22106,,N,D,C,A,A,H,-,A,D,0,,,,,Y,,A,01,0,0,1,0,0,0,0,0,0,"- ","- ",,,"SAN FRANCISCO","SAN FRANCISCO",-122.50131988525391,37.740657806396484
9561339,2023,2023-04-18,3801,2023-03-19,"100 ",2391,NORTH,7,5,7,3801,0,0,0,,0,3E12E,"FILLMORE ST","CHESTNUT ST",11.00,N,N,C,-,N,,,,,,,,,,N,3,0,1,2,A,-,03,22350,,N,G,B,B,B,H,-,C,A,0,Y,,,,Y,,A,07,0,1,0,0,1,0,0,0,0,"- ","- ",,,"SAN FRANCISCO","SAN FRANCISCO",-122.436279296875,37.800861358642578
9561340,2023,2023-04-19,3801,2023-03-12,2232,4115,CENTR,7,5,7,3801,0,0,0,,0,3A11E,BROADWAY,"GRANT AV",54.00,W,N,A,-,N,,,,,,,,,,N,4,0,1,2,A,-,04,21703,,N,C,C,A,B,H,-,C,A,0,,,,,Y,,A,01,0,0,1,0,0,0,0,0,0,"- ","- ",,,"SAN FRANCISCO","SAN FRANCISCO",-122.40717315673828,37.797836303710938
9561341,2023,2023-04-17,3801,2023-03-05,1005,1572,SOUTH,7,5,7,3801,0,0,0,,0,3B1A,"MINNA ALLEY","2ND ST",0.00,,Y,A,-,N,,,,,,,,,,N,4,0,1,2,A,-,03,22350,A,N,B,D,A,A,H,-,A,D,0,,,,,Y,,-,,0,0,1,0,0,0,0,0,0,"- ","- ",,,"SAN FRANCISCO","SAN FRANCISCO",-122.39927673339844,37.78759765625
9561342,2023,2023-04-17,3801,2023-03-08,1259,1442,NORTH,3,5,7,3801,0,0,0,,0,3E15A,"GOUGH ST","POST ST",10.00,E,N,A,-,N,,,,,,,,,,N,3,0,1,2,A,-,10,21950,,N,G,B,B,A,H,-,A,A,0,Y,,,,Y,,A,01,0,1,0,0,1,0,0,0,0,"- ","- ",,,"SAN FRANCISCO","SAN FRANCISCO",-122.42483520507812,37.786163330078125
9561343,2023,2023-04-17,3801,2023-03-07,1440,1511,BAYVI,2,5,7,3801,0,0,0,,0,3C11A,"INDIANA ST","20TH ST",38.00,S,N,A,-,N,,,,,,,,,,N,4,0,1,2,A,-,21,22106,,N,B,C,A,A,H,-,A,D,0,,,Y,,Y,,C,03,0,0,1,0,0,0,0,0,1,"- ","- ",,,"SAN FRANCISCO","SAN FRANCISCO",-122.39144134521484,37.760295867919922
9561344,2023,2023-04-26,3801,2023-03-08,2240,1830,CENTR,3,5,7,3801,0,0,0,,0,3A12E,"SUTTER ST","KEARNY ST",0.00,,Y,A,-,N,,,,,,,,,,N,4,0,1,2,A,-,12,21453,A,N,D,C,A,A,H,-,C,A,0,,,,,Y,,-,"- ",0,0,1,0,0,0,0,0,0,"- ","- ",,,"SAN FRANCISCO","SAN FRANCISCO",-122.40383911132812,37.789829254150391
9561345,2023,2023-04-26,3801,2023-03-08,"939 ",937,BAYVI,3,5,7,3801,0,0,0,,0,3C13A,"EVANS AV","MENDELL ST",0.00,,Y,A,-,N,,,,,,,,,,Y,4,0,2,2,A,-,12,21453,A,N,D,C,A,A,H,-,A,A,0,,,,,Y,,-,"- ",0,0,2,0,0,0,0,0,0,"- ","- ",,,"SAN FRANCISCO","SAN FRANCISCO",-122.38475799560547,37.740852355957031
9561346,2023,2023-04-17,3801,2023-03-09,1856,2705,BAYVI,4,5,7,3801,0,0,0,,0,3C11D,"20TH ST","MISSOURI ST",0.00,,Y,C,-,N,,,,,,,,,,N,4,0,1,2,A,-,10,21950,A,F,G,B,B,B,H,-,C,A,0,Y,,,,Y,,-,99,0,0,1,0,1,0,0,0,0,"- ","- ",,,"SAN FRANCISCO","SAN FRANCISCO",-122.39629364013672,37.760032653808594
9561347,2023,2023-04-17,3801,2023-03-11,2325,2035,MISSI,6,5,7,3801,0,0,0,,0,3D16E,"SOUTH VAN NESS AV","14TH ST",0.00,,Y,B,-,N,,,,,,,,,,Y,4,0,1,2,A,-,12,21453,A,N,D,C,A,B,H,-,C,A,0,,,,,Y,,-,,0,0,1,0,0,0,0,0,0,"- ","- ",,,"SAN FRANCISCO","SAN FRANCISCO",-122.41780090332031,37.768417358398438
9561348,2023,2023-04-17,3801,2023-03-07,2208,709,BAYVI,2,5,7,3801,0,0,0,,0,3A92A,"GEARY ST","POWELL ST",67.00,E,N,A,-,N,,,,,,,,,,N,4,0,1,2,A,-,10,21950,A,N,G,B,D,A,H,-,C,D,0,Y,,,,Y,,A,01,0,0,1,0,1,0,0,0,0,"- ","- ",,,"SAN FRANCISCO","SAN FRANCISCO",-122.40798187255859,37.787387847900391
9561349,2023,2023-04-17,3801,2023-03-08,1520,1496,INGLE,3,5,7,3801,0,0,0,,0,,"MISSION ST","POPE ST",0.00,,Y,A,-,N,,,,,,,,,,N,2,0,1,2,A,-,11,21453,D,N,G,B,B,A,-,-,A,A,0,Y,,,,Y,,N,60,1,0,0,0,1,0,0,0,0,"- ","- ",,,"SAN FRANCISCO","SAN FRANCISCO",-122.44183349609375,37.715427398681641
9561350,2023,2023-04-17,3801,2023-03-11,1350,2401,MISSI,6,5,7,3801,0,0,0,,0,3D44C,"17TH ST","UTAH ST",0.00,,Y,A,-,N,,,,,,,,,,N,3,0,1,2,A,-,07,21658,A,N,D,G,A,A,H,-,A,A,0,,Y,,,Y,,A,01,0,1,0,0,0,0,1,0,0,"- ","- ",,,"SAN FRANCISCO","SAN FRANCISCO",-122.40643310546875,37.764549255371094
9561351,2023,2023-04-17,3801,2023-03-06,"240 ",1857,NORTH,1,5,7,3801,0,0,0,,0,3E13E,"FRANKLIN ST","TURK ST",18.00,N,N,-,-,N,,,,,,,,,,Y,3,0,1,1,A,-,03,22350,,N,E,I,A,B,H,-,D,A,0,,,,,Y,,A,01,0,1,0,0,0,0,0,0,0,"- ","- ",,,"SAN FRANCISCO","SAN FRANCISCO",-122.42225646972656,37.781780242919922
9561352,2023,2023-06-28,3801,2023-03-13,"28  ",2457,SOUTH,1,5,7,3801,0,0,0,,0,3B11E,"KING ST","4TH ST",0.00,,Y,B,-,N,,,,,,,,,,N,4,0,1,2,A,-,03,22350,,F,C,C,A,B,H,-,C,A,0,,,,,Y,,A,01,0,0,1,0,0,0,0,0,0,"- ","- ",,,"SAN FRANCISCO","SAN FRANCISCO",-122.39414978027344,37.77642822265625
9561353,2023,2023-04-17,3801,2023-03-12,1056,4040,SOUTH,7,5,7,3801,0,0,0,,0,3B12A,"4TH ST","HARRISON ST",0.00,,Y,C,-,N,,,,,,,,,,N,4,0,1,2,A,-,08,22101,D,N,B,C,A,B,H,-,A,A,0,,,,,Y,,A,01,0,0,1,0,0,0,0,0,0,"- ","- ",,,"SAN FRANCISCO","SAN FRANCISCO",-122.39962768554688,37.780776977539062
9561354,2023,2023-06-27,3801,2023-03-12,1938,1207,SOUTH,7,5,7,3801,0,0,0,,0,0B4,"BRYANT ST","DIVISION ST",0.00,,Y,A,-,N,,,,,,,,,,Y,4,0,1,2,D,-,00,,,N,D,C,A,B,H,-,D,A,0,,,,,Y,,-,"- ",0,0,1,0,0,0,0,0,0,"- ","- ",,,"SAN FRANCISCO","SAN FRANCISCO",-122.41082000732422,37.769309997558594
9561355,2023,2023-04-17,3801,2023-03-09,2330,821,SOUTH,4,5,7,3801,0,0,0,,0,3B1,"1ST ST","HOWARD ST",0.00,,Y,C,-,N,,,,,,,,,,Y,4,0,1,2,A,-,05,21650,1,N,B,J,A,B,H,-,C,A,0,,,,,Y,Y,A,01,0,0,1,0,0,0,0,0,0,"- ","- ",,,"SAN FRANCISCO","SAN FRANCISCO",-122.39604187011719,37.788551330566406
9561356,2023,2023-04-21,3801,2023-03-11,2127,2157,RICHM,6,5,7,3801,0,0,0,,0,004,"20TH AV","CABRILLO ST",270.00,N,N,A,-,N,,,,,,,,,,N,4,0,1,2,A,-,03,22350,,N,G,B,D,B,H,-,C,D,0,Y,,,,Y,,A,01,0,0,1,0,1,0,0,0,0,"- ","- ",,,"SAN FRANCISCO","SAN FRANCISCO",-122.47903442382812,37.775428771972656
9561357,2023,2023-04-17,3801,2023-03-10,1216,1061,CENTR,5,5,7,3801,0,0,0,,0,3A91A,"STOCKTON ST","STOCKTON ST 275",0.00,,Y,A,-,N,,,,,,,,,,N,3,0,1,2,A,-,11,21955,,N,G,B,D,A,H,-,A,A,0,Y,,,,Y,Y,N,60,0,1,0,0,1,0,0,0,0,"- ","- ",,,"SAN FRANCISCO","SAN FRANCISCO",-122.40765380859375,37.792781829833984
9561358,2023,2023-04-17,3801,2023-03-11,1235,2380,SOUTH,6,5,7,3801,0,0,0,,0,0B5,"3RD ST","BERRY ST",147.00,S,N,C,-,N,,,,,,,,,,N,3,0,1,1,A,-,03,22350,,N,H,A,A,B,G,-,A,A,0,,,Y,,Y,,C,03,0,1,0,0,0,0,0,0,1,"- ","- ",,,"SAN FRANCISCO","SAN FRANCISCO",-122.39073181152344,37.777263641357422
9561359,2023,2023-04-17,3801,2023-03-15,"904 ",1825,SOUTH,3,5,7,3801,0,0,0,,0,3B60,"3RD ST","HOWARD ST",174.00,N,N,A,-,N,,,,,,,,,,N,4,0,1,2,A,-,08,22107,,N,D,C,A,A,H,-,A,D,0,,,Y,,Y,,C,02,0,0,1,0,0,0,0,0,1,"- ","- ",,,"SAN FRANCISCO","SAN FRANCISCO",-122.40090179443359,37.785366058349609
9561360,2023,2023-04-21,3801,2023-03-05,"949 ",942,TENDE,7,5,7,3801,0,0,0,,0,3J13A,"LEAVENWORTH ST","EDDY ST",0.00,,Y,A,-,N,,,,,,,,,,Y,4,0,1,3,A,-,12,21453,A,N,D,C,A,A,H,-,A,A,0,,,,,Y,,-,"- ",0,0,1,0,0,0,0,0,0,"- ","- ",,,"SAN FRANCISCO","SAN FRANCISCO",-122.41423797607422,37.783729553222656
9565804,2023,2023-04-12,3801,2023-03-03,1352,1591,INGLE,5,5,7,3801,0,0,0,,0,3H15D,"PHELPS ST","EVANS AV",0.00,,Y,A,-,N,,,,,,,,,,Y,3,0,2,2,A,-,12,21453,A,N,D,C,A,A,H,-,A,A,0,,,,,Y,,J,48,0,1,1,0,0,0,0,0,0,"- ","- ",,,"SAN FRANCISCO","SAN FRANCISCO",-122.38845062255859,37.742977142333984
9565823,2023,2023-04-10,3801,2023-03-21,1553,34,TRAFF,2,5,7,3801,0,0,0,,0,4B4A,"LAKE MERCED BL","BROTHERHOOD WY",34.00,S,N,C,G,N,,,,,,,,,,Y,2,0,1,1,C,-,18,,,N,E,J,A,B,H,-,A,A,0,,,,,Y,,-,"- ",1,0,0,0,0,0,0,0,0,"- ","- ",,,"SAN FRANCISCO","SAN FRANCISCO",-122.48532104492188,37.714653015136719
9565827,2023,2023-04-10,3801,2023-03-26,"911 ",4375,TRAFF,7,5,7,3801,0,0,0,,0,4B1F,"CALIFORNIA ST","STEINER ST",0.00,,Y,A,-,N,,,,,,,,,,Y,4,0,2,2,A,-,12,21453,A,N,D,-,A,A,H,-,A,A,0,,,,,Y,,A,07,0,0,2,0,0,0,0,0,0,"- ","- ",,,"SAN FRANCISCO","SAN FRANCISCO",-122.43549346923828,37.788715362548828
9565835,2023,2023-04-10,3801,2023-03-09,2025,2400,BAYVI,4,5,7,3801,0,0,0,,0,3CAR,"20TH ST","FOLSOM ST",0.00,,Y,C,-,N,,,,,,,,,,N,4,0,1,2,A,-,09,21801,A,N,A,G,A,B,H,-,C,A,0,,Y,,,Y,,J,48,0,0,1,0,0,0,1,0,0,"- ","- ",,,"SAN FRANCISCO","SAN FRANCISCO",-122.41468048095703,37.758888244628906
9566744,2023,2023-05-17,3801,2023-04-07,"912 ",262,TRAFF,5,5,7,3801,0,0,0,,0,4B1E,"7TH ST","NATOMA ST",0.00,,Y,B,C,N,,,,,,,,,,Y,4,0,2,2,A,-,09,21800,A,N,D,C,A,B,H,-,A,A,0,,,,,Y,,A,07,0,0,2,0,0,0,0,0,0,"- ","- ",,,"SAN FRANCISCO","SAN FRANCISCO",-122.40989685058594,37.778400421142578
9566782,2022,2023-05-18,3801,2022-10-04,1952,4036,TRAFF,2,5,7,3801,0,0,0,,0,4B2C,"STANYAN ST","CARL ST",0.00,,Y,B,-,N,,,,,,,,,,Y,4,0,1,2,A,-,01,23153,F,N,E,I,-,A,H,-,A,A,0,Y,,,,Y,,A,08,0,0,1,0,1,0,0,0,0,"- ","- ",,,"SAN FRANCISCO","SAN FRANCISCO",-122.45275115966797,37.765422821044922
9566786,2022,2023-05-18,3801,2022-12-24,2219,2175,BAYVI,6,5,7,3801,0,0,0,,0,3C13E,"NEWCOMB AV","LANE ST",0.00,,Y,A,-,N,,,,,,,,,,Y,4,0,1,2,A,-,12,22450,A,N,D,C,A,A,H,-,C,A,0,,,,,Y,,A,01,0,0,1,0,0,0,0,0,0,"- ","- ",,,"SAN FRANCISCO","SAN FRANCISCO",-122.38792419433594,37.734172821044922
9566789,2022,2023-05-18,3801,2022-10-24,2255,1466,SOUTH,1,5,7,3801,0,0,0,,0,0B1,"BRYANT ST","BEALE ST",0.00,,Y,A,-,N,,,,,,,,,,Y,4,0,2,2,A,-,03,22350,,N,A,C,A,A,H,-,C,A,0,,,,,Y,,A,01,0,0,2,0,0,0,0,0,0,"- ","- ",,,"SAN FRANCISCO","SAN FRANCISCO",-122.38969421386719,37.786220550537109
9566790,2022,2023-05-19,3801,2022-11-09,1000,624,NORTH,3,5,7,3801,0,0,0,,0,002,"DIVISADERO ST","HAYES ST",57.00,N,N,A,-,N,,,,,,,,,,Y,4,0,1,2,A,-,04,21703,,N,C,C,A,A,H,-,A,A,0,,,,,Y,,A,01,0,0,1,0,0,0,0,0,0,"- ","- ",,,"SAN FRANCISCO","SAN FRANCISCO",-122.43782043457031,37.775135040283203
9566793,2022,2023-05-18,3801,2022-11-14,2149,2481,SOUTH,1,5,7,3801,0,0,0,,0,03B,"VALENCIA ST","MCCOPPIN ST",50.00,N,N,A,-,N,,,,,,,,,,N,3,0,1,2,A,-,03,22350,,N,D,C,A,A,H,-,C,A,0,,,,,Y,,M,94,0,1,0,0,0,0,0,0,0,"- ","- ",,,"SAN FRANCISCO","SAN FRANCISCO",-122.42253875732422,37.771728515625
9566794,2022,2023-05-18,3801,2022-07-04,2315,101,INGLE,1,5,7,3801,0,0,0,,0,3H15E,"MISSION ST","MNT VERNON",0.00,,Y,E,-,N,,,,,,,,,,N,4,0,1,2,A,-,03,22350,,F,C,C,A,A,H,-,C,A,0,,,,,Y,,A,01,0,0,1,0,0,0,0,0,0,"- ","- ",,,"SAN FRANCISCO","SAN FRANCISCO",-122.44264984130859,37.714607238769531
9566798,2022,2023-05-18,3801,2022-08-19,1200,1442,NORTH,5,5,7,3801,0,0,0,,0,3E12D,"POLK ST","PINE ST",0.00,,Y,A,-,N,,,,,,,,,,N,2,0,1,2,A,-,03,22350,,N,C,G,A,A,H,-,A,A,0,,Y,,,Y,,A,01,1,0,0,0,0,0,1,0,0,"- ","- ",,,"SAN FRANCISCO","SAN FRANCISCO",-122.42050170898438,37.789642333984375
9567973,2023,2023-06-29,3801,2023-05-28,1947,2408,MISSI,7,5,7,3801,0,0,0,,0,3D11D,"DOLORES ST","18TH ST",0.00,,Y,A,-,N,,,,,,,,,,Y,3,0,3,2,A,-,08,22108,,N,D,C,A,A,H,-,A,A,0,,,,,Y,,A,01,0,1,2,0,0,0,0,0,0,"- ","- ",,,"SAN FRANCISCO","SAN FRANCISCO",-122.42615509033203,37.761444091796875
9567974,2023,2023-06-21,3801,2023-05-17,2333,1602,MISSI,3,5,7,3801,0,0,0,,0,SECTOR,"VALENCIA ST","CESAR CHAVEZ ST",0.00,,Y,A,-,N,,,,,,,,,,N,4,0,1,2,A,-,03,22350,,N,C,C,A,A,H,-,C,A,0,,,,,Y,,A,01,0,0,1,0,0,0,0,0,0,"- ","- ",,,"SAN FRANCISCO","SAN FRANCISCO",-122.42025756835938,37.748161315917969
9567975,2023,2023-06-22,3801,2023-05-16,2217,1217,MISSI,2,5,7,3801,0,0,0,,0,"4 CAR","SOUTH VAN NESS AV","25TH ST",201.00,S,N,A,-,N,,,,,,,,,,N,3,0,1,2,A,-,03,22350,A,N,C,C,A,A,H,-,C,D,0,,,Y,,Y,,C,02,0,1,0,0,0,0,0,0,1,"- ","- ",,,"SAN FRANCISCO","SAN FRANCISCO",-122.41611480712891,37.750228881835938
9567977,2023,2023-06-21,3801,2023-05-22,1914,2238,BAYVI,1,5,7,3801,0,0,0,,0,3C15D,"VAN DYKE AV","LANE ST",190.00,E,N,A,-,N,,,,,,,,,,N,4,0,1,2,A,-,03,22350,,F,A,C,A,A,H,-,A,D,0,,,,,Y,,A,01,0,0,1,0,0,0,0,0,0,"- ","- ",,,"SAN FRANCISCO","SAN FRANCISCO",-122.39189910888672,37.728836059570312
9567978,2023,2023-06-22,3801,2023-05-22,"807 ",937,BAYVI,1,5,7,3801,0,0,0,,0,3C13A,"WHITNEY YOUNG CIR","NEWCOMB AV",0.00,,Y,A,-,N,,,,,,,,,,N,3,0,1,2,A,-,09,21801,A,N,D,G,A,A,H,-,A,D,0,,Y,,,Y,,L,04,0,1,0,0,0,0,1,0,0,"- ","- ",,,"SAN FRANCISCO","SAN FRANCISCO",-122.38455963134766,37.7333984375
9567979,2023,2023-06-22,3801,2023-05-26,2315,1096,CENTR,5,5,7,3801,0,0,0,,0,3A15E,"STEVENSON ST","2ND ST",10.00,W,N,A,-,N,,,,,,,,,,N,2,0,1,2,A,-,03,22350,,F,G,B,E,A,H,-,C,D,0,Y,,,,Y,,A,01,1,0,0,0,1,0,0,0,0,"- ","- ",,,"SAN FRANCISCO","SAN FRANCISCO",-122.40086364746094,37.788780212402344
9567981,2023,2023-06-22,3801,2023-05-19,1638,1144,RICHM,5,5,7,3801,0,0,0,,0,3G11D,"CROSSOVER DR","PARK PRESIDIO BY PASS",0.00,,Y,A,-,N,,,,,,,,,,Y,4,0,1,2,A,-,04,21703,,N,C,C,A,A,H,-,A,A,0,,,,,Y,,A,01,0,0,1,0,0,0,0,0,0,"- ","- ",,,"SAN FRANCISCO","SAN FRANCISCO",-122.47945404052734,37.771183013916016
9567984,2023,2023-06-22,3801,2023-05-28,2028,426,NORTH,7,5,7,3801,0,0,0,,0,3E13D,"POLK ST","OFARRELL ST",0.00,,Y,A,-,N,,,,,,,,,,,3,0,1,2,A,-,09,21801,,N,B,C,A,A,H,-,C,A,0,,,Y,,Y,,A,01,0,1,0,0,0,0,0,0,1,"- ","- ",,,"SAN FRANCISCO","SAN FRANCISCO",-122.41954803466797,37.784969329833984
9567985,2023,2023-06-22,3801,2023-05-22,1821,1523,NORTH,1,5,7,3801,0,0,0,,0,"2 CAR","TURK ST","STEINER ST",0.00,,Y,A,-,N,,,,,,,,,,Y,4,0,3,2,A,-,12,21453,A,N,D,C,A,A,H,-,A,A,0,,,,,Y,,A,07,0,0,3,0,0,0,0,0,0,"- ","- ",,,"SAN FRANCISCO","SAN FRANCISCO",-122.43376922607422,37.780300140380859
9567986,2023,2023-06-22,3801,2023-05-22,"808 ",1825,SOUTH,1,5,7,3801,0,0,0,,0,3B12A,"5TH ST","FOLSOM ST",0.00,,Y,A,-,N,,,,,,,,,,N,3,0,1,2,A,-,09,21453,C,N,D,G,A,A,H,-,A,A,0,,Y,,,Y,,A,01,0,1,0,0,0,0,1,0,0,"- ","- ",,,"SAN FRANCISCO","SAN FRANCISCO",-122.40340423583984,37.7802734375
9567987,2023,2023-06-22,3801,2023-05-21,1825,2186,INGLE,7,5,7,3801,0,0,0,,0,,"GENEVA AV","TARA ST",0.00,,Y,A,-,N,,,,,,,,,,Y,4,0,1,2,-,-,"- ",,,N,D,D,A,A,H,-,A,A,0,,,,,Y,Y,-,"- ",0,0,1,0,0,0,0,0,0,"- ","- ",,,"SAN FRANCISCO","SAN FRANCISCO",-122.44855499267578,37.721244812011719
9567989,2023,2023-06-22,3801,2023-05-19,1541,2748,INGLE,5,5,7,3801,0,0,0,,0,3H16D,"DELANO AV","SAN JUAN AV",0.00,,Y,B,-,N,,,,,,,,,,N,4,0,1,2,-,-,"- ",,,N,G,B,F,A,H,-,A,D,0,Y,,,,Y,,-,"- ",0,0,1,0,1,0,0,0,0,"- ","- ",,,"SAN FRANCISCO","SAN FRANCISCO",-122.44050598144531,37.726444244384766
9567990,2023,2023-06-22,3801,2023-05-04,"637 ",1396,SOUTH,4,5,7,3801,0,0,0,,0,3B13A,"5TH ST","BRANNAN ST",0.00,,Y,A,-,N,,,,,,,,,,N,2,0,1,2,A,-,12,21453,A,N,D,J,A,A,H,-,A,A,0,,,Y,,Y,,C,03,1,0,0,0,0,0,0,0,1,"- ","- ",,,"SAN FRANCISCO","SAN FRANCISCO",-122.39875793457031,37.776573181152344
9567995,2023,2023-06-22,3801,2023-05-01,1806,172,RICHM,1,5,7,3801,0,0,0,,0,004,"GEARY BL","25TH AV",0.00,,Y,A,-,N,,,,,,,,,,Y,4,0,2,3,A,-,12,21453,A,N,D,C,A,A,H,-,-,A,0,,,,,Y,,A,01,0,0,2,0,0,0,0,0,0,"- ","- ",,,"SAN FRANCISCO","SAN FRANCISCO",-122.4847412109375,37.780162811279297
9567996,2023,2023-06-29,3801,2023-05-24,1640,4201,TENDE,3,5,7,3801,0,0,0,,0,3J12D,"LARKIN ST","MCALLISTER ST",0.00,,Y,A,-,N,,,,,,,,,,N,4,0,1,2,A,-,09,21453,C,N,H,-,A,A,H,-,A,A,0,,,,,Y,,M,94,0,0,1,0,0,0,0,0,0,"- ","- ",,,"SAN FRANCISCO","SAN FRANCISCO",-122.41693878173828,37.780498504638672
9567997,2023,2023-06-22,3801,2023-05-06,1215,2495,BAYVI,6,5,7,3801,0,0,0,,0,005,"CARROLL AV","3RD ST",8.00,E,N,A,-,N,,,,,,,,,,Y,4,0,1,2,A,-,03,22350,,N,G,B,B,A,H,-,A,A,0,Y,,,,Y,,A,01,0,0,1,0,1,0,0,0,0,"- ","- ",,,"SAN FRANCISCO","SAN FRANCISCO",-122.39430999755859,37.725532531738281
9567998,2023,2023-06-22,3801,2023-05-07,"405 ",1326,BAYVI,7,5,7,3801,0,0,0,,0,3C11E,"245 BAYSHORE BL","OAKDALE AV",473.00,N,N,A,-,N,,,,,,,,,,N,4,0,1,2,A,-,03,22350,,F,C,C,A,A,H,-,C,D,0,,,,,Y,,-,99,0,0,1,0,0,0,0,0,0,"- ","- ",,,"SAN FRANCISCO","SAN FRANCISCO",-122.40448760986328,37.744197845458984
9567999,2023,2023-06-22,3801,2023-05-07,"300 ",2357,TARAV,7,5,7,3801,0,0,0,,0,3I16E,"JUDAH ST","37TH AV",0.00,,Y,A,-,N,,,,,,,,,,Y,4,0,2,4,A,-,12,22450,,F,D,C,A,A,H,-,C,A,0,,,,,Y,,A,01,0,0,2,0,0,0,0,0,0,"- ","- ",,,"SAN FRANCISCO","SAN FRANCISCO",-122.49630737304688,37.760841369628906
9568546,2023,2023-06-30,3801,2023-04-30,"224 ",2293,NORTH,7,5,7,3801,0,0,0,,0,1CAR,"VAN NESS AV","FELL ST",0.00,,Y,A,-,Y,SF,4,101,-,T,4.948,I,5,S,N,2,0,1,2,A,-,12,21453,A,F,G,B,B,A,H,-,C,A,0,Y,,,,Y,,-,99,1,0,0,0,1,0,0,0,0,"- ","- ",,,"SAN FRANCISCO","SAN FRANCISCO",-122.41959381103516,37.776355743408203