CASE_ID,ACCIDENT_YEAR,PROC_DATE,JURIS,COLLISION_DATE,COLLISION_TIME,OFFICER_ID,REPORTING_DISTRICT,DAY_OF_WEEK,CHP_SHIFT,POPULATION,CNTY_CITY_LOC,SPECIAL_COND,BEAT_TYPE,CHP_BEAT_TYPE,CITY_DIVISION_LAPD,CHP_BEAT_CLASS,BEAT_NUMBER,PRIMARY_RD,SECONDARY_RD,DISTANCE,DIRECTION,INTERSECTION,WEATHER_1,WEATHER_2,STATE_HWY_IND,CALTRANS_COUNTY,CALTRANS_DISTRICT,STATE_ROUTE,ROUTE_SUFFIX,POSTMILE_PREFIX,POSTMILE,LOCATION_TYPE,RAMP_INTERSECTION,SIDE_OF_HWY,TOW_AWAY,COLLISION_SEVERITY,NUMBER_KILLED,NUMBER_INJURED,PARTY_COUNT,PRIMARY_COLL_FACTOR,PCF_CODE_OF_VIOL,PCF_VIOL_CATEGORY,PCF_VIOLATION,PCF_VIOL_SUBSECTION,HIT_AND_RUN,TYPE_OF_COLLISION,MVIW,PED_ACTION,ROAD_SURFACE,ROAD_COND_1,ROAD_COND_2,LIGHTING,CONTROL_DEVICE,CHP_ROAD_TYPE,PEDESTRIAN_ACCIDENT,BICYCLE_ACCIDENT,MOTORCYCLE_ACCIDENT,TRUCK_ACCIDENT,NOT_PRIVATE_PROPERTY,ALCOHOL_INVOLVED,STWD_VEHTYPE_AT_FAULT,CHP_VEHTYPE_AT_FAULT,COUNT_SEVERE_INJ,COUNT_VISIBLE_INJ,COUNT_COMPLAINT_PAIN,COUNT_PED_KILLED,COUNT_PED_INJURED,COUNT_BICYCLIST_KILLED,COUNT_BICYCLIST_INJURED,COUNT_MC_KILLED,COUNT_MC_INJURED,PRIMARY_RAMP,SECONDARY_RAMP,LATITUDE,LONGITUDE,COUNTY,CITY,POINT_X,POINT_Y
9568550,2023,2023-05-15,3801,2023-04-11,1430,334,BAYVI,2,5,7,3801,0,0,0,,0,NORTH,"VAN NESS AV","MARKET ST",0.00,,Y,A,-,Y,SF,4,101,-,T,4.840,H,-,N,N,4,0,2,2,A,-,07,21658,A,F,C,C,A,A,H,-,A,A,0,,,,,Y,,A,01,0,0,2,0,0,0,0,0,0,"- ","- ",,,"SAN FRANCISCO","SAN FRANCISCO",-122.41912841796875,37.774925231933594
9568554,2023,2023-05-09,3801,2023-04-01,1044,1474,BAYVI,6,5,7,3801,0,0,0,,0,901,"3RD ST","3RD ST 6214",11.00,E,N,A,-,N,,,,,,,,,,N,4,0,1,2,A,-,08,22107,,F,C,G,A,A,H,-,A,D,0,,Y,,,Y,Y,A,01,0,0,1,0,0,0,1,0,0,"- ","- ",,,"SAN FRANCISCO","SAN FRANCISCO",-122.39082336425781,37.777328491210938
9569044,2023,2023-06-16,3801,2023-04-21,"320 ",2142,NORTH,5,5,7,3801,0,0,0,,0,3E13E,"VAN NESS AV","GEARY ST",0.00,,Y,A,-,Y,SF,4,101,-,-,5.620,H,-,S,N,4,0,1,2,A,-,04,21703,,N,C,C,A,A,H,-,C,A,0,,,,,Y,,A,07,0,0,1,0,0,0,0,0,0,"- ","- ",,,"SAN FRANCISCO","SAN FRANCISCO",-122.4215087890625,37.785816192626953
9569080,2023,2023-06-07,3801,2023-05-14,"155 ",4222,INGLE,7,5,7,3801,0,0,0,,0,3H11E,"MISSION ST","BRAZIL AV",68.00,N,N,A,-,N,,,,,,,,,,Y,4,0,2,2,A,-,05,21651,A,F,B,C,A,A,H,-,C,A,0,,,,,Y,,A,01,0,0,2,0,0,0,0,0,0,"- ","- ",,,"SAN FRANCISCO","SAN FRANCISCO",-122.43470001220703,37.724857330322266
9569122,2023,2023-06-13,3801,2023-05-18,1554,,TENDE,4,5,7,3801,0,0,0,,0,9X19J,"MARKET ST","BET 5TH ST & 6TH ST",0.00,,-,A,-,N,,,,,,,,,,,4,0,1,1,C,-,18,,,N,E,I,A,-,G,-,A,A,0,,,,,Y,,-,"- ",0,0,1,0,0,0,0,0,0,"- ","- ",,,"SAN FRANCISCO","SAN FRANCISCO",-122.41030120849609,37.782241821289062
9572289,2023,2023-06-16,3801,2023-05-13,2125,2461,MISSI,6,5,7,3801,0,0,0,,0,3D16E,"SOUTH VAN NESS AV","13TH ST",0.00,,Y,A,-,N,,,,,,,,,,Y,4,0,5,5,B,-,22,,,N,H,C,A,A,H,-,C,D,0,,,,,Y,,A,01,0,0,5,0,0,0,0,0,0,"- ","- ",,,"SAN FRANCISCO","SAN FRANCISCO",-122.41777801513672,37.7696533203125
9572290,2023,2023-06-07,3801,2023-05-13,1435,23133176,NORTH,6,5,7,3801,0,0,0,,0,3E11A,"OAK ST",DIVISADERO,195.00,E,N,A,-,N,,,,,,,,,,N,3,0,1,1,D,-,00,,,N,E,I,A,A,H,-,A,D,0,,Y,,,Y,,-,"- ",0,1,0,0,0,0,1,0,0,"- ","- ",,,"SAN FRANCISCO","SAN FRANCISCO",-122.43675994873047,37.773212432861328
9572292,2023,2023-06-07,3801,2023-05-14,1317,93,NORTH,7,5,7,3801,0,0,0,,0,3E13C,"FRANKLIN ST","ELLIS ST",37.00,S,N,A,-,N,,,,,,,,,,Y,4,0,1,2,A,-,01,23152,A,N,C,C,A,A,H,-,A,A,0,,,,,Y,Y,A,01,0,0,1,0,0,0,0,0,0,"- ","- ",,,"SAN FRANCISCO","SAN FRANCISCO",-122.42262268066406,37.783512115478516
9572293,2023,2023-06-07,3801,2023-05-11,2045,2355,TARAV,4,5,7,3801,0,0,0,,0,011,"19TH AV","TARAVAL ST",0.00,,Y,A,-,N,,,,,,,,,,Y,4,0,1,2,A,-,08,22101,D,F,D,C,A,A,H,-,C,A,0,,,,,Y,,A,01,0,0,1,0,0,0,0,0,0,"- ","- ",,,"SAN FRANCISCO","SAN FRANCISCO",-122.47566223144531,37.742977142333984
9572295,2023,2023-06-12,3801,2023-05-08,2233,1217,MISSI,1,5,7,3801,0,0,0,,0,4CAR,"24TH ST","SAN BRUNO AV",24.00,W,N,A,-,N,,,,,,,,,,N,4,0,1,2,A,-,03,22350,,F,C,C,A,A,H,-,C,D,0,,,,,Y,,A,01,0,0,1,0,0,0,0,0,0,"- ","- ",,,"SAN FRANCISCO","SAN FRANCISCO",-122.40444183349609,37.753128051757812
9572296,2023,2023-06-07,3801,2023-05-11,"829 ",1857,NORTH,4,5,7,3801,0,0,0,,0,3E61,"DIVISADERO ST","GEARY BL",65.00,S,N,A,-,N,,,,,,,,,,N,3,0,1,2,D,-,00,,,F,B,C,A,A,H,-,A,A,0,,,Y,,Y,,-,"- ",0,1,0,0,0,0,0,0,1,"- ","- ",,,"SAN FRANCISCO","SAN FRANCISCO",-122.43944549560547,37.783184051513672
9572297,2023,2023-06-07,3801,2023-05-11,"230 ",1660,SOUTH,4,5,7,3801,0,0,0,,0,3B13E,"6TH ST","FOLSOM ST",0.00,,Y,A,-,N,,,,,,,,,,Y,3,0,2,2,A,-,12,21453,A,N,D,C,A,A,H,-,C,A,0,,,,,Y,,A,01,0,2,0,0,0,0,0,0,0,"- ","- ",,,"SAN FRANCISCO","SAN FRANCISCO",-122.40560150146484,37.778499603271484
9572298,2023,2023-06-07,3801,2023-05-10,2200,1326,BAYVI,3,5,7,3801,0,0,0,,0,3C11E,"18TH ST","MINNESOTA ST",456.00,W,N,A,-,N,,,,,,,,,,Y,4,0,1,2,A,-,03,22350,,F,C,C,A,A,H,-,C,D,0,,,,,Y,,-,99,0,0,1,0,0,0,0,0,0,"- ","- ",,,"SAN FRANCISCO","SAN FRANCISCO",-122.39228820800781,37.762855529785156
9572299,2023,2023-06-12,3801,2023-05-12,1410,1837,CENTR,5,5,7,3801,0,0,0,,0,901,"CLAY ST","STOCKTON ST",18.00,W,N,A,-,N,,,,,,,,,,Y,3,0,1,1,C,-,18,,,N,A,I,A,A,H,-,A,A,0,,,,,Y,,-,"- ",0,1,0,0,0,0,0,0,0,"- ","- ",,,"SAN FRANCISCO","SAN FRANCISCO",-122.40791320800781,37.794063568115234
9572301,2023,2023-06-07,3801,2023-05-14,1223,719,CENTR,7,5,7,3801,0,0,0,,0,3A12A,"MARKET ST",MONTGOMERY,0.00,,Y,A,-,N,,,,,,,,,,N,4,0,1,2,A,-,10,21950,A,N,E,G,A,A,H,-,A,A,0,,Y,,,Y,,A,01,0,0,1,0,0,0,1,0,0,"- ","- ",,,"SAN FRANCISCO","SAN FRANCISCO",-122.40199279785156,37.788768768310547
9572302,2023,2023-06-12,3801,2023-05-13,1735,2413,CENTR,6,5,7,3801,0,0,0,,0,,"BAY ST","HYDE ST",187.00,E,N,A,-,N,,,,,,,,,,N,3,0,1,2,A,-,05,21460,A,N,B,C,A,A,H,-,A,D,0,,,Y,,Y,,C,03,0,1,0,0,0,0,0,0,1,"- ","- ",,,"SAN FRANCISCO","SAN FRANCISCO",-122.41952514648438,37.804885864257812
9572304,2023,2023-06-12,3801,2023-05-12,"911 ",2466,RICHM,5,5,7,3801,0,0,0,,0,TWO,"GEARY BL","PALM AV",0.00,,Y,A,-,N,,,,,,,,,,N,4,0,1,3,A,-,03,22350,,N,C,C,A,A,H,-,A,-,0,,,,,Y,,A,01,0,0,1,0,0,0,0,0,0,"- ","- ",,,"SAN FRANCISCO","SAN FRANCISCO",-122.45774841308594,37.781379699707031
9572305,2023,2023-06-07,3801,2023-05-12,2337,1463,SOUTH,5,5,7,3801,0,0,0,,0,0B5,"TOWNSEND ST","3RD ST",0.00,,Y,A,-,N,,,,,,,,,,Y,4,0,1,2,D,-,00,,,N,G,B,B,A,H,-,C,A,0,Y,,,,Y,Y,-,"- ",0,0,1,0,1,0,0,0,0,"- ","- ",,,"SAN FRANCISCO","SAN FRANCISCO",-122.39275360107422,37.778858184814453
9572306,2023,2023-06-07,3801,2023-05-10,1025,1572,SOUTH,3,5,7,3801,0,0,0,,0,3B1A,"FREMONT ST","FOLSOM ST",0.00,,Y,A,-,N,,,,,,,,,,Y,3,0,2,1,A,-,03,22350,A,N,A,I,A,A,H,-,A,A,0,,,,,Y,,-,,0,1,1,0,0,0,0,0,0,"- ","- ",,,"SAN FRANCISCO","SAN FRANCISCO",-122.39360046386719,37.788002014160156
9572308,2023,2023-06-07,3801,2023-05-13,1519,2408,MISSI,6,5,7,3801,0,0,0,,0,3D14D,"TREAT WY","CESAR CHAVEZ ST",0.00,,Y,A,-,N,,,,,,,,,,N,3,0,1,2,A,-,08,22107,,N,D,G,A,A,H,-,A,A,0,,Y,,,Y,,A,01,0,1,0,0,0,0,1,0,0,"- ","- ",,,"SAN FRANCISCO","SAN FRANCISCO",-122.41259002685547,37.748329162597656
9572407,2023,2023-06-13,3801,2023-05-29,"417 ",1769,BAYVI,1,5,7,3801,0,0,0,,0,3C13E,"INGALLS ST","LA SALLE AV",25.00,S,N,A,-,N,,,,,,,,,,Y,3,0,2,1,A,-,03,22350,,N,E,I,A,A,H,-,C,A,0,,,,,Y,,A,01,0,2,0,0,0,0,0,0,0,"- ","- ",,,"SAN FRANCISCO","SAN FRANCISCO",-122.38134765625,37.7305908203125
9572413,2023,2023-06-09,3801,2023-05-10,2206,1806,BAYVI,3,5,7,3801,0,0,0,,0,3C13E,"18TH ST","MINNESOTA ST",18.00,E,N,A,G,N,,,,,,,,,,Y,4,0,1,3,A,-,01,23152,A,N,H,E,A,A,H,-,C,A,0,,,,,Y,Y,A,01,0,0,1,0,0,0,0,0,0,"- ","- ",,,"SAN FRANCISCO","SAN FRANCISCO",-122.39064788818359,37.762935638427734
9572414,2023,2023-06-09,3801,2023-05-08,1842,359,TARAV,1,5,7,3801,0,0,0,,0,315E,"HOLLOWAY ST","ARELLANO AV",11.00,W,N,A,-,N,,,,,,,,,,N,3,0,1,2,A,-,03,22350,,N,G,B,B,A,H,-,B,A,0,Y,,,,Y,,A,01,0,1,0,0,1,0,0,0,0,"- ","- ",,,"SAN FRANCISCO","SAN FRANCISCO",-122.47903442382812,37.720878601074219
9572415,2023,2023-06-09,3801,2023-05-04,"933 ",2195,NORTH,4,5,7,3801,0,0,0,,0,,"FRANKLIN ST","SACRAMENTO ST",0.00,,Y,A,-,N,,,,,,,,,,N,3,0,1,2,B,-,22,,,N,C,C,A,-,H,-,A,D,0,,,Y,,Y,,A,01,0,1,0,0,0,0,0,0,1,"- ","- ",,,"SAN FRANCISCO","SAN FRANCISCO",-122.42416381835938,37.791088104248047
9572416,2023,2023-06-09,3801,2023-05-03,1442,327,MISSI,3,5,7,3801,0,0,0,,0,3D16C,"POTRERO AV","18TH ST",0.00,,Y,C,-,N,,,,,,,,,,N,4,0,1,2,A,-,12,21453,A,N,D,G,A,B,H,-,A,A,0,,Y,,,Y,,A,01,0,0,1,0,0,0,1,0,0,"- ","- ",,,"SAN FRANCISCO","SAN FRANCISCO",-122.40721893310547,37.761928558349609
9572417,2023,2023-06-09,3801,2023-05-01,1354,1514,MISSI,1,5,7,3801,0,0,0,,0,,"CASTRO ST","CLIPPER ST",0.00,,Y,A,-,N,,,,,,,,,,N,4,0,2,2,A,-,12,22450,A,N,D,C,A,A,H,-,A,A,0,,,,,Y,,A,07,0,0,2,0,0,0,0,0,0,"- ","- ",,,"SAN FRANCISCO","SAN FRANCISCO",-122.433837890625,37.748897552490234
9572418,2023,2023-06-09,3801,2023-05-05,1431,1431,TENDE,5,5,7,3801,0,0,0,,0,3J90D,"LARKIN ST","EDDY ST",0.00,,Y,A,-,N,,,,,,,,,,N,3,0,1,2,A,-,11,21453,D,N,G,B,B,A,H,-,A,A,0,Y,,,,Y,Y,N,60,0,1,0,0,1,0,0,0,0,"- ","- ",,,"SAN FRANCISCO","SAN FRANCISCO",-122.41751861572266,37.783294677734375
9572419,2023,2023-06-09,3801,2023-05-12,2001,203,MISSI,5,5,7,3801,0,0,0,,0,,"17TH ST","CAPP ST",0.00,,Y,A,-,N,,,,,,,,,,N,4,0,1,2,A,-,17,21663,,F,D,B,B,A,H,-,B,A,0,Y,Y,,,Y,Y,L,04,0,0,1,0,1,0,0,0,0,"- ","- ",,,"SAN FRANCISCO","SAN FRANCISCO",-122.41853332519531,37.763477325439453
9572420,2023,2023-06-16,3801,2023-05-07,1546,2425,TENDE,7,5,7,3801,0,0,0,,0,3J15D,"OFARRELL ST","LEAVENWORTH ST",0.00,,-,A,-,N,,,,,,,,,,,4,0,1,2,A,-,08,22107,,N,B,C,A,A,H,-,A,A,0,,,,,Y,,A,01,0,0,1,0,0,0,0,0,0,"- ","- ",,,"SAN FRANCISCO","SAN FRANCISCO",-122.41461181640625,37.785598754882812
9572421,2023,2023-06-09,3801,2023-05-03,1725,2089,TENDE,3,5,7,3801,0,0,0,,0,COJ5CA,"OFARRELL ST","LARKIN ST",0.00,,Y,A,-,N,,,,,,,,,,N,4,0,1,2,A,-,10,21950,A,N,G,B,B,B,H,-,A,A,0,Y,,,,Y,,A,07,0,0,1,0,1,0,0,0,0,"- ","- ",,,"SAN FRANCISCO","SAN FRANCISCO",-122.41790008544922,37.785167694091797
9572422,2023,2023-06-23,3801,2023-05-06,1527,2089,TENDE,6,5,7,3801,0,0,0,,0,COJ5CA,"LARKIN ST","MYRTLE ST",0.00,,Y,A,-,N,,,,,,,,,,N,3,0,1,2,A,-,11,21954,A,N,G,B,D,A,H,-,A,A,0,Y,,,,Y,,N,60,0,1,0,0,1,0,0,0,0,"- ","- ",,,"SAN FRANCISCO","SAN FRANCISCO",-122.41800689697266,37.785636901855469
9572423,2023,2023-06-09,3801,2023-05-02,1038,1657,BAYVI,2,5,7,3801,0,0,0,,0,3801,"3RD ST","ARMSTRONG AV",0.00,,Y,A,-,N,,,,,,,,,,Y,2,0,1,2,A,-,11,21453,D,N,G,B,B,A,H,-,A,A,0,Y,,,,Y,,N,60,1,0,0,0,1,0,0,0,0,"- ","- ",,,"SAN FRANCISCO","SAN FRANCISCO",-122.39366912841797,37.727035522460938
9572424,2023,2023-06-09,3801,2023-05-08,1530,1565,SOUTH,1,5,7,3801,0,0,0,,0,3B14D,"FOLSOM ST","11TH ST",173.00,E,N,A,-,N,,,,,,,,,,N,3,0,1,2,A,-,09,21804,A,N,B,C,A,A,H,-,A,D,0,,,Y,,Y,,A,01,0,1,0,0,0,0,0,0,1,"- ","- ",,,"SAN FRANCISCO","SAN FRANCISCO",-122.41358184814453,37.772212982177734
9572425,2023,2023-06-09,3801,2023-05-10,2347,2463,SOUTH,3,5,7,3801,0,0,0,,0,3B14E,"11TH ST","NATOMA ST",0.00,,Y,A,-,N,,,,,,,,,,N,4,0,1,1,A,-,03,22350,,N,H,A,A,A,H,-,C,D,0,,Y,,,Y,,L,04,0,0,1,0,0,0,1,0,0,"- ","- ",,,"SAN FRANCISCO","SAN FRANCISCO",-122.41609954833984,37.773521423339844
9572426,2023,2023-06-09,3801,2023-05-15,1003,1990,SOUTH,1,5,7,3801,0,0,0,,0,5CAR,"3RD ST","MISSION ROCK",0.00,,Y,A,-,N,,,,,,,,,,Y,4,0,1,2,A,-,12,21453,A,N,D,C,A,A,H,-,A,A,0,,,,,Y,,A,01,0,0,1,0,0,0,0,0,0,"- ","- ",,,"SAN FRANCISCO","SAN FRANCISCO",-122.38980102539062,37.772918701171875
9572427,2023,2023-06-09,3801,2023-05-26,1624,1851,TENDE,5,5,7,3801,0,0,0,,0,3J14D,"TURK ST","LEAVENWORTH ST",12.00,W,N,A,-,N,,,,,,,,,,N,4,0,1,2,A,-,08,22107,,F,B,C,A,A,H,-,A,A,0,,,,,Y,,M,94,0,0,1,0,0,0,0,0,0,"- ","- ",,,"SAN FRANCISCO","SAN FRANCISCO",-122.41407775878906,37.782794952392578
9572428,2023,2023-06-09,3801,2023-05-27,"231 ",2457,SOUTH,6,5,7,3801,0,0,0,,0,3B14E,"11TH ST","FOLSOM ST",140.00,S,N,A,-,N,,,,,,,,,,N,2,0,1,2,A,-,11,21954,A,N,G,B,D,A,H,-,C,D,0,Y,Y,,,Y,Y,N,60,1,0,0,0,1,0,0,0,0,"- ","- ",,,"SAN FRANCISCO","SAN FRANCISCO",-122.41367340087891,37.7716064453125
9572429,2023,2023-06-09,3801,2023-05-01,1810,2733,TARAV,1,5,7,3801,0,0,0,,0,0I6,"ALEMANY BL","BROTHERHOOD WY",0.00,,Y,A,-,N,,,,,,,,,,Y,4,0,3,2,A,-,12,21453,A,N,D,C,A,A,H,-,A,A,0,,,,,Y,,A,01,0,0,3,0,0,0,0,0,0,"- ","- ",,,"SAN FRANCISCO","SAN FRANCISCO",-122.46389770507812,37.711612701416016
9572432,2023,2023-06-09,3801,2023-05-01,1640,1368,CENTR,1,5,7,3801,0,0,0,,0,3A12D,"LARKIN ST","CALIFORNIA ST",0.00,,Y,A,-,N,,,,,,,,,,Y,4,0,1,2,A,-,12,21453,A,N,D,C,A,A,H,-,A,A,0,,,,,Y,,A,01,0,0,1,0,0,0,0,0,0,"- ","- ",,,"SAN FRANCISCO","SAN FRANCISCO",-122.41903686523438,37.790794372558594
9572435,2023,2023-06-13,3801,2023-05-03,1520,2147,NORTH,3,5,7,3801,0,0,0,,0,3E14D,"STEINER ST","POST ST",0.00,,Y,-,-,N,,,,,,,,,,N,3,0,1,1,A,-,03,22350,,N,H,A,A,B,H,-,A,A,0,,,Y,,Y,,C,02,0,1,0,0,0,0,0,0,1,"- ","- ",,,"SAN FRANCISCO","SAN FRANCISCO",-122.43472290039062,37.784942626953125
9572437,2023,2023-06-13,3801,2023-05-02,2223,994,CENTR,2,5,7,3801,0,0,0,,0,3A14E,"STOCKTON ST","PACIFIC AV",0.00,,Y,B,C,N,,,,,,,,,,N,3,0,1,2,D,-,00,,,N,G,B,D,B,H,-,C,A,0,Y,,,,Y,,-,"- ",0,1,0,0,1,0,0,0,0,"- ","- ",,,"SAN FRANCISCO","SAN FRANCISCO",-122.40840911865234,37.796722412109375
9572438,2023,2023-06-16,3801,2023-05-01,1015,4325,TARAV,1,5,7,3801,0,0,0,,0,005,"LAKE MERCED BL","JOHN MUIR DR",0.00,,Y,A,-,N,,,,,,,,,,Y,3,0,2,3,A,-,05,21650,,N,A,C,A,A,H,-,A,A,0,,,Y,,Y,,A,01,0,1,1,0,0,0,0,0,0,"- ","- ",,,"SAN FRANCISCO","SAN FRANCISCO",-122.48574066162109,37.708110809326172
9572439,2023,2023-06-13,3801,2023-05-01,1835,2139,TARAV,1,5,7,3801,0,0,0,,0,901,"HOLLOWAY AV","ARELLANO AV",0.00,,Y,A,-,N,,,,,,,,,,Y,4,0,1,2,A,-,10,21950,A,N,G,B,B,A,H,-,A,A,0,Y,,,,Y,,A,01,0,0,1,0,1,0,0,0,0,"- ","- ",,,"SAN FRANCISCO","SAN FRANCISCO",-122.47900390625,37.720882415771484
9572441,2023,2023-06-13,3801,2023-05-02,"40  ",2469,SOUTH,2,5,7,3801,0,0,0,,0,3B14E,"FOLSOM ST","FOLSOM ST 917",0.00,,Y,A,-,N,,,,,,,,,,N,3,0,1,2,A,-,03,22350,,N,H,E,A,A,H,-,C,A,0,,,,,Y,,M,94,0,1,0,0,0,0,0,0,0,"- ","- ",,,"SAN FRANCISCO","SAN FRANCISCO",,
9572442,2023,2023-06-16,3801,2023-05-01,"915 ",2180,BAYVI,1,5,7,3801,0,0,0,,0,3C2A,"EVANS AV","PHELPS ST",0.00,,Y,A,B,N,,,,,,,,,,Y,4,0,2,2,A,-,03,22350,,N,C,C,A,A,H,-,A,A,0,,,,,Y,,A,07,0,0,2,0,0,0,0,0,0,"- ","- ",,,"SAN FRANCISCO","SAN FRANCISCO",-122.38845062255859,37.742977142333984
9572443,2023,2023-06-13,3801,2023-05-30,1150,004326,SOUTH,2,5,7,3801,0,0,0,,0,004,"MISSION ST","WASHBURN ST",50.00,W,N,A,-,N,,,,,,,,,,N,3,0,1,2,A,-,08,22102,,N,D,J,A,A,H,-,A,D,0,,,,,Y,,A,01,0,1,0,0,0,0,0,0,0,"- ","- ",,,"SAN FRANCISCO","SAN FRANCISCO",-122.41526031494141,37.775791168212891
9572444,2023,2023-08-08,3801,2023-05-15,1446,1194,TENDE,1,5,7,3801,0,0,0,,0,0J5,"CYRIL MAGNIN ST","ELLIS ST",0.00,,Y,A,-,N,,,,,,,,,,Y,4,0,2,2,A,-,12,21453,A,N,D,C,A,A,H,-,A,A,0,,,,,Y,,A,01,0,0,2,0,0,0,0,0,0,"- ","- ",,,"SAN FRANCISCO","SAN FRANCISCO",-122.40866088867188,37.785427093505859
9572445,2023,2023-06-13,3801,2023-05-13,1231,4274,RICHM,6,5,7,3801,0,0,0,,0,3G13C,"FUNSTON ST","BALBOA ST",0.00,,Y,A,-,N,,,,,,,,,,Y,4,0,1,2,A,-,09,21804,A,N,D,C,A,A,H,-,A,A,0,,,,,Y,,A,01,0,0,1,0,0,0,0,0,0,"- ","- ",,,"SAN FRANCISCO","SAN FRANCISCO",-122.47151184082031,37.776878356933594
9572446,2023,2023-06-13,3801,2023-05-11,1643,1136,MISSI,4,5,7,3801,0,0,0,,0,3D16D,"DUBOCE AV","VALENCIA ST",0.00,,Y,A,-,N,,,,,,,,,,N,4,0,1,2,A,-,08,22107,,N,C,C,A,A,H,-,A,A,0,,,,,Y,,A,01,0,0,1,0,0,0,0,0,0,"- ","- ",,,"SAN FRANCISCO","SAN FRANCISCO",-122.42236328125,37.769866943359375
9572447,2023,2023-06-13,3801,2023-05-31,1731,1170,TENDE,3,5,7,3801,0,0,0,,0,3J13D,"LARKIN ST","EDDY ST",0.00,,Y,A,-,N,,,,,,,,,,N,4,0,1,2,A,-,12,21453,A,N,D,C,A,A,H,-,A,A,0,,,,,Y,,M,94,0,0,1,0,0,0,0,0,0,"- ","- ",,,"SAN FRANCISCO","SAN FRANCISCO",-122.41751861572266,37.783294677734375
9572448,2023,2023-06-13,3801,2023-05-18,1030,2417,BAYVI,4,5,7,3801,0,0,0,,0,3C12A,"WILLIAMS AV","LUCY ST",0.00,,Y,A,-,N,,,,,,,,,,N,4,0,1,2,A,-,04,21703,,F,C,C,A,A,H,-,A,D,0,,,,,Y,,A,01,0,0,1,0,0,0,0,0,0,"- ","- ",,,"SAN FRANCISCO","SAN FRANCISCO",-122.39357757568359,37.729404449462891
9572449,2023,2023-06-13,3801,2023-05-29,1414,4259,RICHM,1,5,7,3801,0,0,0,,0,,"FULTON ST","10TH AV",12.00,W,N,A,-,N,,,,,,,,,,N,4,0,1,2,A,-,00,21954,,N,G,B,D,A,H,-,A,A,0,Y,,,,Y,,N,60,0,0,1,0,1,0,0,0,0,"- ","- ",,,"SAN FRANCISCO","SAN FRANCISCO",-122.46807861328125,37.773288726806641
9572450,2023,2023-06-13,3801,2023-05-30,2149,2497,BAYVI,2,5,7,3801,0,0,0,,0,,"OAKDALE AV","TOLAND ST",0.00,,Y,A,-,N,,,,,,,,,,Y,4,0,1,2,A,-,03,22350,,N,D,C,A,A,H,-,C,A,0,,,,,Y,,A,01,0,0,1,0,0,0,0,0,0,"- ","- ",,,"SAN FRANCISCO","SAN FRANCISCO",-122.40155029296875,37.740951538085938
9572451,2023,2023-06-13,3801,2023-05-25,1816,575,CENTR,4,5,7,3801,0,0,0,,0,3A11D,"CALIFORNIA ST","TAYLOR ST",75.00,W,N,A,-,N,,,,,,,,,,Y,3,0,1,2,A,-,08,22107,,N,D,C,A,A,H,-,A,A,0,,,Y,,Y,,A,01,0,1,0,0,0,0,0,0,1,"- ","- ",,,"SAN FRANCISCO","SAN FRANCISCO",-122.4127197265625,37.791580200195312
9572452,2023,2023-06-13,3801,2023-05-25,1120,2263,TARAV,4,5,7,3801,0,0,0,,0,3115A,"EUCALYPTUS DR","19TH AV",85.00,E,N,A,-,N,,,,,,,,,,N,4,0,1,2,A,-,09,21800,C,N,D,F,A,A,H,-,A,-,0,,,,,Y,,A,01,0,0,1,0,0,0,0,0,0,"- ","- ",,,"SAN FRANCISCO","SAN FRANCISCO",-122.47457885742188,37.7310791015625
9572453,2023,2023-06-14,3801,2023-05-25,1435,2707,TARAV,4,5,7,3801,0,0,0,,0,2CAR,"ORTEGA ST","29TH AV",0.00,,Y,A,-,N,,,,,,,,,,,3,0,1,2,A,-,12,22450,A,N,D,C,A,A,H,-,A,A,0,,,Y,,Y,,C,03,0,1,0,0,0,0,0,0,1,"- ","- ",,,"SAN FRANCISCO","SAN FRANCISCO",-122.487060546875,37.751884460449219
9572454,2023,2023-06-16,3801,2023-05-26,1248,2272,BAYVI,5,5,7,3801,0,0,0,,0,3C15D,"BANKS ST","CRESCENT AV",0.00,,Y,A,-,N,,,,,,,,,,N,4,0,1,2,A,-,10,21950,A,N,G,B,B,A,H,-,A,A,0,Y,,,,Y,,-,"- ",0,0,1,0,1,0,0,0,0,"- ","- ",,,"SAN FRANCISCO","SAN FRANCISCO",-122.41309356689453,37.734714508056641
9572455,2023,2023-06-14,3801,2023-05-26,"954 ",1511,BAYVI,5,5,7,3801,0,0,0,,0,,"MANSELL ST","GOETTINGEN ST",0.00,,-,B,-,N,,,,,,,,,,N,4,0,1,1,A,-,03,22350,,N,F,A,A,B,H,-,A,D,0,,,,,Y,,A,07,0,0,1,0,0,0,0,0,0,"- ","- ",,,"SAN FRANCISCO","SAN FRANCISCO",-122.40406036376953,37.720863342285156
9572456,2023,2023-06-14,3801,2023-05-24,1445,203,MISSI,3,5,7,3801,0,0,0,,0,,"POTRERO AV","18TH ST",10.00,S,N,A,-,N,,,,,,,,,,N,4,0,1,2,A,-,04,21703,,F,C,C,A,A,H,-,A,A,0,,,,,Y,,A,01,0,0,1,0,0,0,0,0,0,"- ","- ",,,"SAN FRANCISCO","SAN FRANCISCO",-122.40721893310547,37.76190185546875
9572457,2023,2023-06-14,3801,2023-05-24,1037,1538,MISSI,3,5,7,3801,0,0,0,,0,901,"LARKIN ST","OLIVE ST",42.00,E,N,A,-,N,,,,,,,,,,N,3,0,1,2,A,-,11,21954,A,N,G,B,E,A,H,-,A,D,0,Y,,,,Y,,N,60,0,1,0,0,1,0,0,0,0,"- ","- ",,,"SAN FRANCISCO","SAN FRANCISCO",-122.41779327392578,37.78460693359375
9572458,2023,2023-06-14,3801,2023-05-25,1548,2147,NORTH,4,5,7,3801,0,0,0,,0,2CAR,"FULTON ST","STEINER ST",0.00,,Y,A,-,N,,,,,,,,,,N,3,0,1,2,A,-,08,22108,,N,D,G,A,A,H,-,A,A,0,,Y,,,Y,,A,08,0,1,0,0,0,0,1,0,0,"- ","- ",,,"SAN FRANCISCO","SAN FRANCISCO",-122.43321228027344,37.777492523193359