CASE_ID,ACCIDENT_YEAR,PROC_DATE,JURIS,COLLISION_DATE,COLLISION_TIME,OFFICER_ID,REPORTING_DISTRICT,DAY_OF_WEEK,CHP_SHIFT,POPULATION,CNTY_CITY_LOC,SPECIAL_COND,BEAT_TYPE,CHP_BEAT_TYPE,CITY_DIVISION_LAPD,CHP_BEAT_CLASS,BEAT_NUMBER,PRIMARY_RD,SECONDARY_RD,DISTANCE,DIRECTION,INTERSECTION,WEATHER_1,WEATHER_2,STATE_HWY_IND,CALTRANS_COUNTY,CALTRANS_DISTRICT,STATE_ROUTE,ROUTE_SUFFIX,POSTMILE_PREFIX,POSTMILE,LOCATION_TYPE,RAMP_INTERSECTION,SIDE_OF_HWY,TOW_AWAY,COLLISION_SEVERITY,NUMBER_KILLED,NUMBER_INJURED,PARTY_COUNT,PRIMARY_COLL_FACTOR,PCF_CODE_OF_VIOL,PCF_VIOL_CATEGORY,PCF_VIOLATION,PCF_VIOL_SUBSECTION,HIT_AND_RUN,TYPE_OF_COLLISION,MVIW,PED_ACTION,ROAD_SURFACE,ROAD_COND_1,ROAD_COND_2,LIGHTING,CONTROL_DEVICE,CHP_ROAD_TYPE,PEDESTRIAN_ACCIDENT,BICYCLE_ACCIDENT,MOTORCYCLE_ACCIDENT,TRUCK_ACCIDENT,NOT_PRIVATE_PROPERTY,ALCOHOL_INVOLVED,STWD_VEHTYPE_AT_FAULT,CHP_VEHTYPE_AT_FAULT,COUNT_SEVERE_INJ,COUNT_VISIBLE_INJ,COUNT_COMPLAINT_PAIN,COUNT_PED_KILLED,COUNT_PED_INJURED,COUNT_BICYCLIST_KILLED,COUNT_BICYCLIST_INJURED,COUNT_MC_KILLED,COUNT_MC_INJURED,PRIMARY_RAMP,SECONDARY_RAMP,LATITUDE,LONGITUDE,COUNTY,CITY,POINT_X,POINT_Y
9573297,2023,2023-05-13,3801,2023-04-09,2148,1833,TENDE,7,5,7,3801,0,0,0,,0,3J13E,"EDDY ST","LARKIN ST",0.00,,Y,A,-,N,,,,,,,,,,N,3,0,2,2,A,-,12,21453,A,N,D,C,A,A,H,-,C,A,0,,,,,Y,,D,22,0,1,1,0,0,0,0,0,0,"- ","- ",,,"SAN FRANCISCO","SAN FRANCISCO",-122.41751861572266,37.783294677734375
9573299,2023,2023-05-13,3801,2023-04-12,"856 ",4294,NORTH,3,5,7,3801,0,0,0,,0,0E3,"POLK ST","MCALLISTER ST",45.00,N,N,A,-,N,,,,,,,,,,N,4,0,1,2,A,-,17,22517,,N,B,G,A,A,H,-,A,D,0,,Y,,,Y,,A,01,0,0,1,0,0,0,1,0,0,"- ","- ",,,"SAN FRANCISCO","SAN FRANCISCO",-122.41862487792969,37.780391693115234
9573300,2023,2023-05-13,3801,2023-04-11,"905 ",1442,NORTH,2,5,7,3801,0,0,0,,0,3E15A,"GROVE ST","POLK ST",85.00,E,N,A,-,N,,,,,,,,,,N,4,0,1,2,A,-,17,22517,,N,H,G,A,B,H,-,A,A,0,,Y,,,Y,,A,07,0,0,1,0,0,0,1,0,0,"- ","- ",,,"SAN FRANCISCO","SAN FRANCISCO",-122.41793060302734,37.778507232666016
9573301,2023,2023-06-28,3801,2023-04-11,"704 ",624,NORTH,2,5,7,3801,0,0,0,,0,001,"OCTAVIA ST","HAIGHT ST",0.00,,Y,A,-,N,,,,,,,,,,Y,4,0,2,2,A,-,08,22101,D,N,D,C,A,A,H,-,A,A,0,,,,,Y,,A,01,0,0,2,0,0,0,0,0,0,"- ","- ",,,"SAN FRANCISCO","SAN FRANCISCO",-122.42392730712891,37.772964477539062
9573302,2023,2023-05-13,3801,2023-04-11,1514,1857,NORTH,2,5,7,3801,0,0,0,,0,3E61,"OFARRELL ST","SCOTT ST",0.00,,N,A,-,N,,,,,,,,,,N,3,0,1,2,A,-,10,21950,A,N,G,B,D,A,H,-,A,D,0,Y,,,,Y,,N,60,0,1,0,0,1,0,0,0,0,"- ","- ",,,"SAN FRANCISCO","SAN FRANCISCO",-122.4376220703125,37.782646179199219
9573303,2023,2023-05-13,3801,2023-04-10,1426,624,NORTH,1,5,7,3801,0,0,0,,0,003,"VAN NESS AV","HAYES ST",114.00,N,N,A,-,N,,,,,,,,,,N,3,0,1,2,A,-,04,21703,,M,C,J,A,A,H,-,A,D,0,,,,,Y,,A,01,0,1,0,0,0,0,0,0,0,"- ","- ",,,"SAN FRANCISCO","SAN FRANCISCO",-122.41980743408203,37.777584075927734
9573304,2023,2023-05-13,3801,2023-04-07,1652,2091,NORTH,5,5,7,3801,0,0,0,,0,3E1D,"HAYES ST","VAN NESS AV",0.00,,Y,A,-,N,,,,,,,,,,N,3,0,1,2,A,-,10,21950,A,N,G,B,B,A,H,-,A,A,0,Y,,,,Y,,-,99,0,1,0,0,1,0,0,0,0,"- ","- ",,,"SAN FRANCISCO","SAN FRANCISCO",-122.419677734375,37.777294158935547
9573305,2023,2023-05-13,3801,2023-04-13,1714,537,PARK,4,5,7,3801,0,0,0,,0,3F14D,"ROOSEVELT WY","LEVANT ST",0.00,,Y,A,-,N,,,,,,,,,,N,4,0,1,2,A,-,08,22107,,N,A,C,A,A,H,-,A,D,0,,,Y,,Y,,A,01,0,0,1,0,0,0,0,0,1,"- ","- ",,,"SAN FRANCISCO","SAN FRANCISCO",-122.44192504882812,37.765270233154297
9573307,2023,2023-05-13,3801,2023-04-11,1709,2008,MISSI,2,5,7,3801,0,0,0,,0,3D15D,"16TH ST","MISSION ST",27.00,W,N,A,-,N,,,,,,,,,,Y,4,0,3,2,A,-,03,22350,,N,A,C,A,A,H,-,A,A,0,,,,,Y,,A,01,0,0,3,0,0,0,0,0,0,"- ","- ",,,"SAN FRANCISCO","SAN FRANCISCO",-122.41976165771484,37.765045166015625
9573309,2023,2023-05-13,3801,2023-04-29,1107,2202,INGLE,6,5,7,3801,0,0,0,,0,3H11A,"POTRERO AV","16TH ST",81.00,S,N,A,-,N,,,,,,,,,,N,4,0,1,2,A,-,11,21954,A,F,G,B,E,A,H,-,A,D,0,Y,,,,Y,Y,N,60,0,0,1,0,1,0,0,0,0,"- ","- ",,,"SAN FRANCISCO","SAN FRANCISCO",-122.40753173828125,37.765548706054688
9573310,2023,2023-05-13,3801,2023-04-25,1403,1944,INGLE,2,5,7,3801,0,0,0,,0,0H6,"SAN BRUNO AV","WASBASH TER",0.00,,Y,A,-,N,,,,,,,,,,N,3,0,1,2,A,-,09,21800,B,N,-,C,A,A,H,-,A,A,0,,,,,Y,,A,01,0,1,0,0,0,0,0,0,0,"- ","- ",,,"SAN FRANCISCO","SAN FRANCISCO",-122.40214538574219,37.713031768798828
9573312,2023,2023-05-13,3801,2023-04-26,2046,1897,INGLE,3,5,7,3801,0,0,0,,0,3H13D,"SILVER AV","MADISON ST",0.00,,Y,B,-,N,,,,,,,,,,N,3,0,1,2,A,-,10,21950,A,N,G,B,B,A,H,-,C,D,0,Y,,,,Y,,A,01,0,1,0,0,1,0,0,0,0,"- ","- ",,,"SAN FRANCISCO","SAN FRANCISCO",-122.42372131347656,37.728775024414062
9573314,2023,2023-05-13,3801,2023-04-28,"804 ",2157,RICHM,5,5,7,3801,0,0,0,,0,3G11A,"PARK PRESIDIO DR","CROSSOVER DR",0.00,,Y,A,E,N,,,,,,,,,,Y,4,0,1,1,A,-,03,22350,,N,H,A,A,B,H,-,A,D,0,,,Y,,Y,,C,02,0,0,1,0,0,0,0,0,1,"- ","- ",,,"SAN FRANCISCO","SAN FRANCISCO",-122.47945404052734,37.771183013916016
9573315,2023,2023-05-13,3801,2023-04-29,"105 ",308,,6,5,7,3801,0,0,0,,0,3G15,"PARK PRESIDIO BL","BALBOA ST",0.00,,Y,A,-,N,,,,,,,,,,Y,4,0,4,2,A,-,12,21453,A,N,D,C,A,A,H,-,C,A,0,,,,,Y,,A,01,0,0,4,0,0,0,0,0,0,"- ","- ",,,"SAN FRANCISCO","SAN FRANCISCO",-122.47206115722656,37.776851654052734
9573316,2023,2023-05-13,3801,2023-04-26,1745,1911,RICHM,3,5,7,3801,0,0,0,,0,RICHM,"ARGUELLO BL","CALIFORNIA ST",0.00,,Y,A,-,N,,,,,,,,,,N,3,0,1,2,A,-,09,21801,,N,D,G,A,A,H,-,A,A,0,,Y,,,Y,,A,07,0,1,0,0,0,0,1,0,0,"- ","- ",,,"SAN FRANCISCO","SAN FRANCISCO",-122.45921325683594,37.785671234130859
9573317,2023,2023-05-13,3801,2023-04-30,"49  ",628,,7,5,7,3801,0,0,0,,0,0G4,"25TH AV","GEARY BL",0.00,,-,A,-,N,,,,,,,,,,Y,3,0,1,5,A,-,05,21651,A,N,A,C,A,A,H,-,C,D,0,,,,,Y,,A,07,0,1,0,0,0,0,0,0,0,"- ","- ",,,"SAN FRANCISCO","SAN FRANCISCO",-122.4847412109375,37.780162811279297
9573319,2023,2023-05-13,3801,2023-04-29,1430,2354,TARAV,6,5,7,3801,0,0,0,,0,3113D,"JUNIPERO SERRA BL","ROSSMOOR DR",99.00,N,N,A,-,N,,,,,,,,,,Y,4,0,1,3,A,-,03,22350,,F,B,E,A,A,H,-,A,A,0,,,,,Y,,A,01,0,0,1,0,0,0,0,0,0,"- ","- ",,,"SAN FRANCISCO","SAN FRANCISCO",-122.47219085693359,37.730373382568359
9573320,2023,2023-05-13,3801,2023-04-27,1458,2151,PARK,4,5,7,3801,0,0,0,,0,,"MASONIC AV","HAYES ST",0.00,,Y,A,-,N,,,,,,,,,,N,4,0,1,2,A,-,08,22107,,N,B,G,A,A,H,-,A,A,0,,Y,,,Y,,A,01,0,0,1,0,0,0,1,0,0,"- ","- ",,,"SAN FRANCISCO","SAN FRANCISCO",-122.44611358642578,37.773937225341797
9573321,2023,2023-05-11,3801,2023-04-09,"216 ",2231,NORTH,7,5,7,3801,0,0,0,,0,3E13E,"POLK ST","GOLDEN GATE AV",0.00,,Y,A,-,N,,,,,,,,,,N,3,0,1,2,A,-,08,22107,,N,A,J,A,A,H,-,C,A,0,,,,,Y,,A,01,0,1,0,0,0,0,0,0,0,"- ","- ",,,"SAN FRANCISCO","SAN FRANCISCO",-122.41880035400391,37.781227111816406
9573322,2023,2023-05-11,3801,2023-04-09,1416,2401,MISSI,7,5,7,3801,0,0,0,,0,3D44C,"19TH ST","LINDA ST",0.00,,Y,A,-,N,,,,,,,,,,Y,2,0,2,5,A,-,12,22450,A,N,D,C,A,A,H,-,A,A,0,,,,,Y,,A,01,1,0,1,0,0,0,0,0,0,"- ","- ",,,"SAN FRANCISCO","SAN FRANCISCO",-122.42285919189453,37.760021209716797
9573325,2023,2023-05-11,3801,2023-04-13,1437,2580,TENDE,4,5,7,3801,0,0,0,,0,4CAR,"CYRIL MAGNIN ST","MARKET ST",25.00,N,N,A,-,N,,,,,,,,,,,4,0,1,2,A,-,04,21703,,N,C,C,A,A,H,-,A,A,0,,,,,Y,Y,A,01,0,0,1,0,0,0,0,0,0,"- ","- ",,,"SAN FRANCISCO","SAN FRANCISCO",-122.40812683105469,37.784046173095703
9573326,2023,2023-05-11,3801,2023-04-14,2105,1096,CENTR,5,5,7,3801,0,0,0,,0,3A12E,"KEARNY ST","POST ST",1.00,N,N,A,-,N,,,,,,,,,,N,4,0,1,2,A,-,03,22350,,N,G,B,B,A,H,-,C,A,0,Y,,,,Y,,A,01,0,0,1,0,1,0,0,0,0,"- ","- ",,,"SAN FRANCISCO","SAN FRANCISCO",-122.40366363525391,37.788902282714844
9573327,2023,2023-05-11,3801,2023-04-08,1505,2142,NORTH,6,5,7,3801,0,0,0,,0,3E94D,"LOMBARD ST","OCTAVIA ST",0.00,,Y,A,-,N,,,,,,,,,,Y,3,0,1,3,A,-,09,21801,A,N,G,I,F,A,H,-,A,A,0,Y,,,,Y,,A,01,0,1,0,0,1,0,0,0,0,"- ","- ",,,"SAN FRANCISCO","SAN FRANCISCO",-122.42947387695312,37.800693511962891
9573328,2023,2023-05-11,3801,2023-04-17,1931,2008,MISSI,1,5,7,3801,0,0,0,,0,3D15D,"13TH ST","MISSION ST",244.00,E,N,A,-,N,,,,,,,,,,N,4,0,1,2,A,-,04,21703,,N,C,C,A,A,H,-,A,-,0,,,,,Y,,A,07,0,0,1,0,0,0,0,0,0,"- ","- ",,,"SAN FRANCISCO","SAN FRANCISCO",-122.41908264160156,37.769924163818359
9573329,2023,2023-05-11,3801,2023-04-01,"115 ",4115,CENTR,6,5,7,3801,0,0,0,,0,3A12E,"POST ST","KEARNY ST",0.00,,Y,A,-,N,,,,,,,,,,N,4,0,1,2,A,-,09,21453,B,N,D,G,A,A,H,-,C,A,0,,Y,,,Y,,A,07,0,0,1,0,0,0,1,0,0,"- ","- ",,,"SAN FRANCISCO","SAN FRANCISCO",-122.40365600585938,37.788902282714844
9573330,2023,2023-05-11,3801,2023-04-01,1503,4335,RICHM,6,5,7,3801,0,0,0,,0,901,"CALIFORNIA ST","23RD AV",50.00,W,N,A,-,N,,,,,,,,,,N,3,0,1,1,A,-,03,22350,,N,E,I,A,A,H,-,A,D,0,,,Y,,Y,,C,03,0,1,0,0,0,0,0,0,1,"- ","- ",,,"SAN FRANCISCO","SAN FRANCISCO",-122.48303985595703,37.783973693847656
9573331,2023,2023-05-11,3801,2023-04-01,1337,93,NORTH,6,5,7,3801,0,0,0,,0,3E76,"MCALLISTER ST","LAGUNA ST",45.00,W,N,A,-,N,,,,,,,,,,N,4,0,1,2,A,-,05,21650,,F,A,G,A,A,H,-,A,A,0,,Y,,,Y,,A,07,0,0,1,0,0,0,1,0,0,"- ","- ",,,"SAN FRANCISCO","SAN FRANCISCO",-122.42697143554688,37.779239654541016
9573332,2023,2023-05-11,3801,2023-04-01,1328,2097,BAYVI,6,5,7,3801,0,0,0,,0,3C/2,"WILLIAMS AV","LUCY ST",0.00,,Y,A,-,N,,,,,,,,,,N,4,0,1,2,A,-,09,21800,A,N,D,D,A,A,H,-,A,D,0,,,,,Y,,A,07,0,0,1,0,0,0,0,0,0,"- ","- ",,,"SAN FRANCISCO","SAN FRANCISCO",-122.39357757568359,37.729404449462891
9573333,2023,2023-05-11,3801,2023-04-01,"6   ",1463,SOUTH,6,5,7,3801,0,0,0,,0,0B1,"THE EMBARCADERO","FOLSOM ST",20.00,S,N,A,-,N,,,,,,,,,,N,3,0,1,2,A,-,11,21955,,N,C,B,D,A,H,-,C,A,0,Y,,,,Y,,N,60,0,1,0,0,1,0,0,0,0,"- ","- ",,,"SAN FRANCISCO","SAN FRANCISCO",-122.39011383056641,37.790721893310547
9573335,2023,2023-05-11,3801,2023-04-01,1933,260,SOUTH,6,5,7,3801,0,0,0,,0,3B13D,"6TH ST","MINNA ST",0.00,,Y,A,-,N,,,,,,,,,,N,4,0,1,2,D,-,00,,,F,G,B,B,A,-,-,C,A,0,Y,,,,Y,,-,"- ",0,0,1,0,1,0,0,0,0,"- ","- ",,,"SAN FRANCISCO","SAN FRANCISCO",-122.40813446044922,37.780551910400391
9573336,2023,2023-05-11,3801,2023-04-02,2100,4325,NORTH,7,5,7,3801,0,0,0,,0,005,"VAN NESS AV","VALLEJO ST",62.00,S,N,A,-,N,,,,,,,,,,N,3,0,1,2,A,-,03,22350,,N,C,C,A,A,H,-,C,A,0,,,,,Y,,A,07,0,1,0,0,0,0,0,0,0,"- ","- ",,,"SAN FRANCISCO","SAN FRANCISCO",-122.42349243164062,37.796531677246094
9573337,2023,2023-05-11,3801,2023-04-02,1637,1827,CENTR,7,5,7,3801,0,0,0,,0,3A12D,"TAYLOR ST","PINE ST",0.00,,Y,A,-,N,,,,,,,,,,N,4,0,1,2,A,-,07,21658,A,N,B,C,A,A,H,-,A,D,0,,,Y,,Y,,C,02,0,0,1,0,0,0,0,0,1,"- ","- ",,,"SAN FRANCISCO","SAN FRANCISCO",-122.41224670410156,37.790657043457031
9573338,2023,2023-05-11,3801,2023-04-01,2047,621,RICHM,6,5,7,3801,0,0,0,,0,3G14D,"FULTON ST","25TH AV",40.00,W,N,A,-,N,,,,,,,,,,Y,4,0,2,3,A,-,03,22350,,N,C,C,E,A,H,-,C,A,0,Y,,,,Y,,A,01,0,0,2,0,2,0,0,0,0,"- ","- ",,,"SAN FRANCISCO","SAN FRANCISCO",-122.48432159423828,37.772563934326172
9573339,2023,2023-05-11,3801,2023-04-03,1727,1276,SOUTH,1,5,7,3801,0,0,0,,0,3B14D,"BRANNAN ST","9TH ST",0.00,,Y,A,-,N,,,,,,,,,,N,4,0,1,2,A,-,08,22107,,N,H,A,A,A,H,-,A,A,0,,,Y,,Y,,A,01,0,0,1,0,0,0,0,0,1,"- ","- ",,,"SAN FRANCISCO","SAN FRANCISCO",-122.40699005126953,37.770057678222656
9573340,2023,2023-05-11,3801,2023-04-07,1900,1870,RICHM,5,5,7,3801,0,0,0,,0,003,"PARK PRESIDIO BYPASS DR","FULTON ST",0.00,,Y,A,-,N,,,,,,,,,,Y,4,0,1,4,A,-,03,22350,,N,C,C,A,A,H,-,A,A,0,,,,,Y,,A,01,0,0,1,0,0,0,0,0,0,"- ","- ",,,"SAN FRANCISCO","SAN FRANCISCO",-122.47177886962891,37.773124694824219
9573341,2023,2023-05-20,3801,2023-04-06,2244,1300,RICHM,4,5,7,3801,0,0,0,,0,3G11E,"25TH AV","BALBOA ST",0.00,,Y,A,-,N,,,,,,,,,,Y,4,0,7,2,A,-,09,21801,A,N,A,C,A,A,H,-,C,A,0,,,,,Y,,A,01,0,0,7,0,0,0,0,0,0,"- ","- ",,,"SAN FRANCISCO","SAN FRANCISCO",-122.48443603515625,37.776302337646484
9573342,2023,2023-05-13,3801,2023-04-09,1015,1897,TARAV,7,5,7,3801,0,0,0,,0,3113A,"KIRKHAM ST","30TH AV",0.00,,Y,A,-,N,,,,,,,,,,N,3,0,1,2,A,-,12,22450,A,N,H,G,A,A,H,-,A,D,0,,Y,,,Y,,L,04,0,1,0,0,0,0,1,0,0,"- ","- ",,,"SAN FRANCISCO","SAN FRANCISCO",-122.48863220214844,37.759311676025391
9573343,2023,2023-05-13,3801,2023-04-06,"808 ",2263,TARAV,4,5,7,3801,0,0,0,,0,313A,"36TH AV","ORTEGA ST",0.00,,-,A,-,N,,,,,,,,,,N,4,0,1,2,A,-,09,21801,A,N,B,C,A,-,H,-,A,D,0,,,,,Y,,-,,0,0,1,0,0,0,0,0,0,"- ","- ",,,"SAN FRANCISCO","SAN FRANCISCO",-122.49456024169922,37.751571655273438
9573344,2023,2023-05-20,3801,2023-04-05,"845 ",2707,TARAV,3,5,7,3801,0,0,0,,0,5CAR,"OCEAN AV","FOREST VIEW DR",0.00,,Y,A,-,N,,,,,,,,,,N,4,0,3,3,A,-,09,21802,,N,D,C,A,A,H,-,A,A,0,,,,,Y,,A,01,0,0,3,0,0,0,0,0,0,"- ","- ",,,"SAN FRANCISCO","SAN FRANCISCO",-122.483642578125,37.732357025146484
9573346,2023,2023-05-13,3801,2023-04-05,"900 ",937,BAYVI,3,5,7,3801,0,0,0,,0,,"CASHMERE ST","DEDMAN CT",0.00,,Y,A,-,N,,,,,,,,,,N,4,0,1,2,A,-,03,22350,,N,C,C,A,A,H,-,A,A,0,,,,,Y,,A,01,0,0,1,0,0,0,0,0,0,"- ","- ",,,"SAN FRANCISCO","SAN FRANCISCO",-122.38571929931641,37.7366943359375
9573347,2023,2023-05-20,3801,2023-04-16,2044,835,NORTH,7,5,7,3801,0,0,0,,0,001,"OCTAVIA ST","HAIGHT ST",0.00,,Y,A,-,N,,,,,,,,,,Y,4,0,1,3,A,-,04,21703,,N,C,C,A,A,H,-,C,D,0,,,,,Y,,A,01,0,0,1,0,0,0,0,0,0,"- ","- ",,,"SAN FRANCISCO","SAN FRANCISCO",-122.42392730712891,37.772964477539062
9573348,2023,2023-05-13,3801,2023-04-17,"614 ",229,MISSI,1,5,7,3801,0,0,0,,0,3D14A,"S VAN NESS AV","17TH ST",43.00,N,N,A,-,N,,,,,,,,,,Y,2,0,1,2,A,-,03,22350,,N,C,-,A,A,H,-,B,A,0,,,Y,,Y,Y,C,02,1,0,0,0,0,0,0,0,1,"- ","- ",,,"SAN FRANCISCO","SAN FRANCISCO",-122.41735076904297,37.763679504394531
9573349,2023,2023-05-13,3801,2023-04-16,"148 ",1217,MISSI,7,5,7,3801,0,0,0,,0,1CAR,"18TH ST","SAN CARLOS ST",0.00,,Y,A,-,N,,,,,,,,,,Y,3,0,1,2,A,-,12,22450,,F,D,C,A,-,H,-,C,D,0,,,,,Y,,A,01,0,1,0,0,0,0,0,0,0,"- ","- ",,,"SAN FRANCISCO","SAN FRANCISCO",-122.42008972167969,37.761787414550781
9573351,2023,2023-05-13,3801,2023-04-16,"140 ",2143,MISSI,7,5,7,3801,0,0,0,,0,3D14E,"POTRERO AV","CESAR CHAVEZ ST",0.00,,Y,A,-,N,,,,,,,,,,Y,4,0,1,1,A,-,01,23152,A,N,A,I,A,A,H,-,C,D,0,,,,,Y,Y,A,01,0,0,1,0,0,0,0,0,0,"- ","- ",,,"SAN FRANCISCO","SAN FRANCISCO",-122.40550994873047,37.749168395996094
9573352,2023,2023-05-13,3801,2023-04-17,1537,1951,SOUTH,1,5,7,3801,0,0,0,,0,3B12D,"HARRISON ST","HARRISON ST 575",0.00,,-,A,-,N,,,,,,,,,,N,4,0,2,2,A,-,09,21801,A,N,D,C,A,A,H,-,A,A,0,,,,,Y,,A,01,0,0,2,0,0,0,0,0,0,"- ","- ",,,"SAN FRANCISCO","SAN FRANCISCO",,
9573353,2023,2023-05-20,3801,2023-04-13,1717,1136,MISSI,4,5,7,3801,0,0,0,,0,3D15D,"SOUTH VAN NESS AV","23RD ST",35.00,S,N,A,-,N,,,,,,,,,,Y,2,0,1,3,A,-,03,22350,,N,C,C,A,-,H,-,A,A,0,,,,,Y,,A,01,1,0,0,0,0,0,0,0,0,"- ","- ",,,"SAN FRANCISCO","SAN FRANCISCO",-122.41642761230469,37.753864288330078
9573354,2023,2023-05-13,3801,2023-04-12,"710 ",4132,MISS,3,5,7,3801,0,0,0,,0,6CAR,"14TH ST","SOUTH VAN NESS AV",0.00,,Y,A,-,N,,,,,,,,,,N,4,0,1,2,A,-,04,21703,,N,C,G,A,A,H,-,A,A,0,,Y,,,Y,,L,04,0,0,1,0,0,0,1,0,0,"- ","- ",,,"SAN FRANCISCO","SAN FRANCISCO",-122.41780090332031,37.768417358398438
9573356,2023,2023-05-13,3801,2023-04-01,1551,670,INGLE,6,5,7,3801,0,0,0,,0,3H13D,"ALEMANNY BL","SICKLES AV",0.00,,Y,A,-,N,,,,,,,,,,Y,4,0,1,2,A,-,08,22107,,N,D,C,A,A,H,-,A,A,0,,,Y,,Y,,C,02,0,0,1,0,0,0,0,0,1,"- ","- ",,,"SAN FRANCISCO","SAN FRANCISCO",-122.45491790771484,37.710514068603516
9573358,2023,2023-05-13,3801,2023-04-04,1914,2733,TARA,2,5,7,3801,0,0,0,,0,011,"JUDAH ST","8TH AV",0.00,,Y,A,-,N,,,,,,,,,,N,3,0,1,2,A,-,11,21954,A,N,D,B,D,A,H,-,A,A,0,Y,,,,Y,,N,60,0,1,0,0,1,0,0,0,0,"- ","- ",,,"SAN FRANCISCO","SAN FRANCISCO",-122.46512603759766,37.762237548828125
9573359,2023,2023-05-13,3801,2023-04-04,1040,390,PARK,2,5,7,3801,0,0,0,,0,003,"HAIGHT ST","STANYAN ST",110.00,E,N,A,-,N,,,,,,,,,,N,2,0,1,2,A,-,11,21950,B,N,D,B,E,A,H,-,A,D,0,Y,,,,Y,,N,60,1,0,0,0,1,0,0,0,0,"- ","- ",,,"SAN FRANCISCO","SAN FRANCISCO",-122.45315551757812,37.769195556640625
9573360,2023,2023-05-13,3801,2023-04-04,"940 ",829,MISSI,2,5,7,3801,0,0,0,,0,3D41A,"GUERRERO ST","16TH ST",0.00,,Y,A,-,N,,,,,,,,,,N,4,0,1,2,A,-,09,21801,A,N,A,C,A,A,H,-,A,A,0,,,Y,,Y,,D,22,0,0,1,0,0,0,0,0,1,"- ","- ",,,"SAN FRANCISCO","SAN FRANCISCO",-122.42410278320312,37.764781951904297
9573401,2023,2023-05-02,3801,2023-03-22,1825,301,INGLE,3,5,7,3801,0,0,0,,0,3H61,"ALEMANY BL","FARRAGUT AV",120.00,N,N,A,-,N,,,,,,,,,,N,4,0,1,2,A,-,08,22107,,N,-,C,A,A,H,-,A,A,0,,,,,Y,,A,01,0,0,1,0,0,0,0,0,0,"- ","- ",,,"SAN FRANCISCO","SAN FRANCISCO",-122.45174407958984,37.712333679199219
9573402,2023,2023-05-01,3801,2023-03-23,1705,2100,MISSI,4,5,7,3801,0,0,0,,0,3D11D,"VALENCIA ST","17TH ST",148.00,N,N,A,B,N,,,,,,,,,,N,3,0,1,1,A,-,03,22350,,N,-,A,A,A,H,-,A,D,0,,,Y,,Y,,C,03,0,1,0,0,0,0,0,0,1,"- ","- ",,,"SAN FRANCISCO","SAN FRANCISCO",-122.42177581787109,37.763706207275391
9573403,2023,2023-05-01,3801,2023-03-02,2115,1201,BAYVI,4,5,7,3801,0,0,0,,0,3C13E,"MIDDLE POINT RD","EVANS AV",0.00,,Y,A,-,N,,,,,,,,,,N,4,0,1,2,A,-,12,22450,A,F,D,C,A,A,H,-,C,A,0,,,,,Y,,-,99,0,0,1,0,0,0,0,0,0,"- ","- ",,,"SAN FRANCISCO","SAN FRANCISCO",-122.37911987304688,37.737693786621094
9573404,2023,2023-05-01,3801,2023-03-01,1540,2268,INGLE,3,5,7,3801,0,0,0,,0,3H13D,"SAN JOSE AV","29TH ST",400.00,S,N,A,-,N,,,,,,,,,,N,3,0,1,2,A,-,11,21954,A,F,H,B,E,A,H,-,A,D,0,Y,,,,Y,,A,01,0,1,0,0,1,0,0,0,0,"- ","- ",,,"SAN FRANCISCO","SAN FRANCISCO",-122.42314147949219,37.742874145507812
9573405,2023,2023-05-10,3801,2023-03-16,1017,2706,MISSI,4,5,7,3801,0,0,0,,0,3D15A,"14TH ST","MISSION ST",0.00,,Y,A,-,N,,,,,,,,,,N,4,0,1,2,A,-,07,21658,A,N,D,C,A,A,H,-,A,A,0,,,,,Y,,A,07,0,0,1,0,0,0,0,0,0,"- ","- ",,,"SAN FRANCISCO","SAN FRANCISCO",-122.41996765136719,37.768291473388672
9573406,2023,2023-05-01,3801,2023-03-02,"839 ",2310,BAYVI,4,5,7,3801,0,0,0,,0,3C12A,"PALOU AV","RANKIN ST",0.00,,Y,A,-,N,,,,,,,,,,Y,4,0,2,2,A,-,12,22450,A,F,D,C,A,A,H,-,A,A,0,,,,,Y,,-,,0,0,2,0,0,0,0,0,0,"- ","- ",,,"SAN FRANCISCO","SAN FRANCISCO",-122.39837646484375,37.738224029541016
9573407,2023,2023-05-01,3801,2023-03-17,1526,341,NORTH,5,5,7,3801,0,0,0,,0,3E14D,"STEINER ST","CLAY ST",23.00,S,N,A,-,N,,,,,,,,,,N,3,0,1,2,A,-,11,21954,A,N,A,B,D,A,H,-,A,D,0,Y,,,,Y,,-,"- ",0,1,0,0,1,0,0,0,0,"- ","- ",,,"SAN FRANCISCO","SAN FRANCISCO",-122.43582916259766,37.790435791015625
9573409,2023,2023-05-10,3801,2023-03-06,"930 ",455,SOUTH,1,5,7,3801,0,0,0,,0,03B,"7TH ST","TOWNSEND ST",0.00,,Y,A,-,N,,,,,,,,,,Y,4,0,1,2,A,-,09,21801,A,N,A,C,A,A,H,-,A,A,0,,,,,Y,,A,01,0,0,1,0,0,0,0,0,0,"- ","- ",,,"SAN FRANCISCO","SAN FRANCISCO",-122.40165710449219,37.771831512451172
9573410,2023,2023-05-01,3801,2023-03-18,"330 ",1406,INGLE,6,5,7,3801,0,0,0,,0,3H2,"SAN JOSE AV","ROUSSEAU ST",906.00,S,N,A,-,N,,,,,,,,,,Y,4,0,2,1,A,-,03,22350,,N,E,I,A,A,H,-,C,D,0,,,,,Y,,A,07,0,0,2,0,0,0,0,0,0,"- ","- ",,,"SAN FRANCISCO","SAN FRANCISCO",-122.43296813964844,37.732437133789062
9573411,2023,2023-05-01,3801,2023-03-16,1639,2286,BAYVI,4,5,7,3801,0,0,0,,0,3C14D,"FAIRFAX AV","KEITH ST",50.00,W,N,A,-,N,,,,,,,,,,N,3,0,1,2,A,-,03,22350,,N,C,G,A,A,A,-,A,D,0,,Y,,,Y,,L,04,0,1,0,0,0,0,1,0,0,"- ","- ",,,"SAN FRANCISCO","SAN FRANCISCO",-122.38169097900391,37.738201141357422