CASE_ID,ACCIDENT_YEAR,PROC_DATE,JURIS,COLLISION_DATE,COLLISION_TIME,OFFICER_ID,REPORTING_DISTRICT,DAY_OF_WEEK,CHP_SHIFT,POPULATION,CNTY_CITY_LOC,SPECIAL_COND,BEAT_TYPE,CHP_BEAT_TYPE,CITY_DIVISION_LAPD,CHP_BEAT_CLASS,BEAT_NUMBER,PRIMARY_RD,SECONDARY_RD,DISTANCE,DIRECTION,INTERSECTION,WEATHER_1,WEATHER_2,STATE_HWY_IND,CALTRANS_COUNTY,CALTRANS_DISTRICT,STATE_ROUTE,ROUTE_SUFFIX,POSTMILE_PREFIX,POSTMILE,LOCATION_TYPE,RAMP_INTERSECTION,SIDE_OF_HWY,TOW_AWAY,COLLISION_SEVERITY,NUMBER_KILLED,NUMBER_INJURED,PARTY_COUNT,PRIMARY_COLL_FACTOR,PCF_CODE_OF_VIOL,PCF_VIOL_CATEGORY,PCF_VIOLATION,PCF_VIOL_SUBSECTION,HIT_AND_RUN,TYPE_OF_COLLISION,MVIW,PED_ACTION,ROAD_SURFACE,ROAD_COND_1,ROAD_COND_2,LIGHTING,CONTROL_DEVICE,CHP_ROAD_TYPE,PEDESTRIAN_ACCIDENT,BICYCLE_ACCIDENT,MOTORCYCLE_ACCIDENT,TRUCK_ACCIDENT,NOT_PRIVATE_PROPERTY,ALCOHOL_INVOLVED,STWD_VEHTYPE_AT_FAULT,CHP_VEHTYPE_AT_FAULT,COUNT_SEVERE_INJ,COUNT_VISIBLE_INJ,COUNT_COMPLAINT_PAIN,COUNT_PED_KILLED,COUNT_PED_INJURED,COUNT_BICYCLIST_KILLED,COUNT_BICYCLIST_INJURED,COUNT_MC_KILLED,COUNT_MC_INJURED,PRIMARY_RAMP,SECONDARY_RAMP,LATITUDE,LONGITUDE,COUNTY,CITY,POINT_X,POINT_Y
9576700,2023,2023-05-08,3801,2023-03-18,1406,1832,TENDE,6,5,7,3801,0,0,0,,0,3J90C,"MARKET ST","7TH ST",84.00,W,N,A,-,N,,,,,,,,,,N,3,0,1,2,A,-,11,21954,A,N,G,B,E,A,H,-,A,A,0,Y,,,,Y,,N,60,0,1,0,0,1,0,0,0,0,"- ","- ",,,"SAN FRANCISCO","SAN FRANCISCO",-122.41271209716797,37.780315399169922
9577318,2023,2023-05-17,3801,2023-02-22,"752 ",1150,PARK,3,5,7,3801,0,0,0,,0,3F13A,"STANYAN ST","OAK ST",0.00,E,N,A,-,N,,,,,,,,,,N,4,0,1,2,A,-,"- ",,,N,H,-,A,A,H,-,A,A,0,,,Y,,Y,,-,"- ",0,0,1,0,0,0,0,0,0,"- ","- ",,,"SAN FRANCISCO","SAN FRANCISCO",-122.45395660400391,37.771354675292969
9578557,2023,2023-05-22,3801,2023-04-20,"744 ",2706,MISSI,4,5,7,3801,0,0,0,,0,3D15A,"CAPP ST","16TH ST",0.00,,Y,A,-,N,,,,,,,,,,,3,0,1,2,A,-,17,22517,,N,B,J,A,A,H,-,A,A,0,,,Y,,Y,,A,01,0,1,0,0,0,0,0,0,1,"- ","- ",,,"SAN FRANCISCO","SAN FRANCISCO",-122.418701171875,37.765098571777344
9578560,2023,2023-05-23,3801,2023-04-19,1146,2706,MISSI,3,5,7,3801,0,0,0,,0,,"DIVISION ST","POTRERO AV",0.00,,Y,A,-,N,,,,,,,,,,,4,0,1,2,A,-,12,21453,A,N,D,C,A,A,H,-,A,A,0,,,,,Y,,A,01,0,0,1,0,0,0,0,0,0,"- ","- ",,,"SAN FRANCISCO","SAN FRANCISCO",-122.40834045410156,37.769203186035156
9578639,2023,2023-05-18,3801,2023-03-29,1054,2202,INGLE,3,5,7,3801,0,0,0,,0,3H13A,"SILLIMAN ST","HARVARD ST",0.00,,Y,B,-,N,,,,,,,,,,N,4,0,1,3,A,-,12,22450,A,N,D,C,A,B,H,-,A,A,0,,,Y,,Y,Y,C,02,0,0,1,0,0,0,0,0,1,"- ","- ",,,"SAN FRANCISCO","SAN FRANCISCO",-122.42086029052734,37.727108001708984
9578721,2023,2023-05-15,3801,2023-04-20,1002,2196,MISSI,4,5,7,3801,0,0,0,,0,3D15A,"16TH ST","HOFF ST",0.00,,Y,A,-,N,,,,,,,,,,,4,0,1,3,A,-,03,22350,,N,C,C,A,A,H,-,A,D,0,,,,,Y,,A,01,0,0,1,0,0,0,0,0,0,"- ","- ",,,"SAN FRANCISCO","SAN FRANCISCO",-122.42057037353516,37.764991760253906
9578723,2023,2023-05-15,3801,2023-04-27,1600,1015,PARK,4,5,7,3801,0,0,0,,0,"3 CAR","MASONIC AV","FULTON ST",0.00,,Y,A,-,N,,,,,,,,,,N,2,0,1,2,A,-,08,22107,,F,B,G,A,A,H,-,A,A,0,,Y,,,Y,,A,01,1,0,0,0,0,0,1,0,0,"- ","- ",,,"SAN FRANCISCO","SAN FRANCISCO",-122.44647216796875,37.775791168212891
9579921,2023,2023-06-21,3801,2023-05-19,1956,1371,NORTH,5,5,7,3801,0,0,0,,0,005,"MARINA BL","BUCHANAN ST",0.00,,Y,A,-,N,,,,,,,,,,N,4,0,1,2,A,-,08,22107,,F,B,C,A,A,H,-,C,A,0,,,,,Y,,A,01,0,0,1,0,0,0,0,0,0,"- ","- ",,,"SAN FRANCISCO","SAN FRANCISCO",-122.43370819091797,37.805038452148438
9579922,2023,2023-06-21,3801,2023-05-21,1511,158,NORTH,7,5,7,3801,0,0,0,,0,3E14D,"CHESTNUT ST","FRANKLIN ST",0.00,,Y,A,-,N,,,,,,,,,,N,4,0,2,2,A,-,12,21453,A,N,D,C,A,A,H,-,A,A,0,,,,,Y,,A,01,0,0,2,0,0,0,0,0,0,"- ","- ",,,"SAN FRANCISCO","SAN FRANCISCO",-122.42637634277344,37.802070617675781
9579923,2023,2023-06-21,3801,2023-05-19,2011,4040,SOUTH,5,5,7,3801,0,0,0,,0,3B13E,"MISSION ST","6TH ST",49.00,W,N,A,-,N,,,,,,,,,,N,3,0,1,2,A,-,05,21651,B,N,G,A,E,A,H,-,C,D,0,Y,Y,,,Y,,L,04,0,1,0,0,1,0,0,0,0,"- ","- ",,,"SAN FRANCISCO","SAN FRANCISCO",-122.4088134765625,37.780887603759766
9579924,2023,2023-06-21,3801,2023-05-21,"217 ",421,CENTR,7,5,7,3801,0,0,0,,0,003,"NORTH POINT ST","POLK ST",0.00,,Y,A,-,N,,,,,,,,,,Y,4,0,1,2,A,-,12,21453,A,N,D,C,A,A,H,-,C,A,0,,,,,Y,,A,01,0,0,1,0,0,0,0,0,0,"- ","- ",,,"SAN FRANCISCO","SAN FRANCISCO",-122.42363739013672,37.805301666259766
9579925,2023,2023-06-21,3801,2023-05-18,2020,1878,SOUTH,4,5,7,3801,0,0,0,,0,0B4,"SOUTH VAN NESS AV","MARKET ST",0.00,,Y,A,-,N,,,,,,,,,,Y,4,0,1,1,A,-,03,22350,,N,A,I,A,-,H,-,C,A,0,,,,,Y,,A,01,0,0,1,0,0,0,0,0,0,"- ","- ",,,"SAN FRANCISCO","SAN FRANCISCO",-122.41925811767578,37.775169372558594
9579926,2023,2023-06-21,3801,2023-05-20,1752,2118,SOUTH,6,5,7,3801,0,0,0,,0,3B12D,"MISSION ST","MINT PLZ",0.00,,Y,A,-,N,,,,,,,,,,N,4,0,1,2,A,-,04,21703,,N,D,C,A,A,H,-,A,D,0,,,Y,,Y,,C,02,0,0,1,0,0,0,0,0,1,"- ","- ",,,"SAN FRANCISCO","SAN FRANCISCO",-122.40716552734375,37.782188415527344
9579927,2023,2023-06-21,3801,2023-05-20,1746,2730,TENDE,6,5,7,3801,0,0,0,,0,3J14D,"JONES ST","EDDY ST",49.00,S,N,B,-,N,,,,,,,,,,N,3,0,1,2,A,-,08,22107,,N,B,C,A,A,H,-,A,A,0,,,,,Y,,A,01,0,1,0,0,0,0,0,0,0,"- ","- ",,,"SAN FRANCISCO","SAN FRANCISCO",-122.41256713867188,37.783805847167969
9579928,2023,2023-06-21,3801,2023-05-12,"940 ",899,NORTH,5,5,7,3801,0,0,0,,0,3E13A,"SUTTER ST","FRANKLIN ST",175.00,W,N,A,-,N,,,,,,,,,,Y,3,0,1,2,A,-,21,22106,,N,D,C,A,A,H,-,A,D,0,,,Y,,Y,,C,02,0,1,0,0,0,0,0,0,1,"- ","- ",,,"SAN FRANCISCO","SAN FRANCISCO",-122.42399597167969,37.787273406982422
9579929,2023,2023-06-21,3801,2023-05-28,2130,4115,SOUTH,7,5,7,3801,0,0,0,,0,3B13E,"8TH ST","HARRISON ST",0.00,,Y,A,-,N,,,,,,,,,,Y,3,0,2,2,A,-,03,22350,,N,C,C,A,A,H,-,C,A,0,,,,,Y,,A,01,0,1,1,0,0,0,0,0,0,"- ","- ",,,"SAN FRANCISCO","SAN FRANCISCO",-122.40853118896484,37.773754119873047
9579930,2023,2023-06-21,3801,2023-05-07,1734,1591,INGLE,7,5,7,3801,0,0,0,,0,3H13D,"MONTEREY BL","PLYMOUTH AV",0.00,,Y,A,-,N,,,,,,,,,,Y,4,0,1,2,A,-,09,21802,A,N,D,C,A,A,H,-,A,A,0,,,,,Y,,A,01,0,0,1,0,0,0,0,0,0,"- ","- ",,,"SAN FRANCISCO","SAN FRANCISCO",-122.45806121826172,37.730808258056641
9579931,2023,2023-06-21,3801,2023-05-12,1322,2210,SOUTH,5,5,7,3801,0,0,0,,0,0B2,"MISSION ST","5TH ST",0.00,,N,A,-,N,,,,,,,,,,Y,4,0,1,3,A,-,12,21453,A,N,D,C,A,A,H,-,A,A,0,,,,,Y,,A,01,0,0,1,0,0,0,0,0,0,"- ","- ",,,"SAN FRANCISCO","SAN FRANCISCO",-122.40648651123047,37.782737731933594
9579934,2023,2023-06-21,3801,2023-05-11,1645,1696,NORTH,4,5,7,3801,0,0,0,,0,3E12D,"STEINER ST","OFARRELL ST",0.00,,Y,A,-,N,,,,,,,,,,N,4,0,1,2,A,-,09,21804,,N,D,D,A,A,H,-,A,A,0,,,,,Y,,M,94,0,0,1,0,0,0,0,0,0,"- ","- ",,,"SAN FRANCISCO","SAN FRANCISCO",-122.43433380126953,37.783069610595703
9579935,2023,2023-06-21,3801,2023-05-11,1831,1252,RICHM,4,5,7,3801,0,0,0,,0,0G4,"CLEMENT ST","31ST AV",0.00,,Y,A,-,N,,,,,,,,,,N,3,0,1,2,A,-,03,22350,,N,G,B,B,A,H,-,A,A,0,Y,,,,Y,,-,,0,1,0,0,1,0,0,0,0,"- ","- ",,,"SAN FRANCISCO","SAN FRANCISCO",-122.49131011962891,37.781719207763672
9579938,2023,2023-06-21,3801,2023-05-14,"848 ",4125,RICHM,7,5,7,3801,0,0,0,,0,3G15A,"CABRILLO ST","43RD AV",0.00,,Y,B,-,N,,,,,,,,,,N,3,0,1,2,A,-,12,22450,A,N,D,G,A,A,H,-,A,A,0,,Y,,,Y,,L,04,0,1,0,0,0,0,1,0,0,"- ","- ",,,"SAN FRANCISCO","SAN FRANCISCO",-122.50362396240234,37.7735595703125
9579939,2023,2023-06-21,3801,2023-05-03,1626,1339,TRAFF,3,5,7,3801,0,0,0,,0,4B3D,"GEARY BL","DIVISADERO ST",0.00,,Y,B,C,N,,,,,,,,,,Y,2,0,1,1,A,-,03,22350,,N,E,I,A,B,H,-,A,A,0,,,Y,,Y,,C,02,1,0,0,0,0,0,0,0,1,"- ","- ",,,"SAN FRANCISCO","SAN FRANCISCO",-122.43947601318359,37.783359527587891
9579940,2023,2023-06-21,3801,2023-05-14,"123 ",276,NORTH,7,5,7,3801,0,0,0,,0,3E13E,"FRANKLIN ST","GOLDEN GATE AV",0.00,,Y,A,-,N,,,,,,,,,,N,4,0,2,2,A,-,12,21453,,F,D,C,A,A,H,-,C,A,0,,,,,Y,,-,,0,0,2,0,0,0,0,0,0,"- ","- ",,,"SAN FRANCISCO","SAN FRANCISCO",-122.42209625244141,37.78082275390625
9579941,2023,2023-06-21,3801,2023-05-13,2202,2469,SOUTH,6,5,7,3801,0,0,0,,0,,"BRYANT ST","3RD ST",0.00,,Y,A,-,N,,,,,,,,,,Y,4,0,2,3,A,-,12,21453,A,F,D,C,A,A,H,-,C,A,0,,,,,Y,,A,01,0,0,2,0,0,0,0,0,0,"- ","- ",,,"SAN FRANCISCO","SAN FRANCISCO",-122.39585113525391,37.781307220458984
9579942,2023,2023-06-21,3801,2023-05-16,"845 ",179,NORTH,2,5,7,3801,0,0,0,,0,3E12A,"WEBSTER ST","EDDY ST",0.00,,Y,A,-,N,,,,,,,,,,Y,4,0,1,2,A,-,09,21801,A,N,D,D,A,A,H,-,A,A,0,,,,,Y,,A,01,0,0,1,0,0,0,0,0,0,"- ","- ",,,"SAN FRANCISCO","SAN FRANCISCO",-122.43067169189453,37.781623840332031
9579943,2023,2023-06-21,3801,2023-05-15,"857 ",624,NORTH,1,5,7,3801,0,0,0,,0,002,"GOLDEN GATE AV","GOUGH ST",450.00,W,N,A,-,N,,,,,,,,,,N,3,0,1,2,A,-,08,22107,,N,B,G,A,A,H,-,A,D,0,,Y,,,Y,,L,04,0,1,0,0,0,0,1,0,0,"- ","- ",,,"SAN FRANCISCO","SAN FRANCISCO",-122.42527008056641,37.780418395996094
9579944,2023,2023-06-21,3801,2023-05-15,"829 ",2707,TARAV,1,5,7,3801,0,0,0,,0,2CAR,"SUNSET BL","ULLOA ST",232.00,S,N,A,-,N,,,,,,,,,,N,4,0,1,4,A,-,04,21703,,N,C,C,A,A,H,-,A,A,0,,,,,Y,,A,01,0,0,1,0,0,0,0,0,0,"- ","- ",,,"SAN FRANCISCO","SAN FRANCISCO",-122.49435424804688,37.739723205566406
9579945,2023,2023-06-21,3801,2023-05-16,2115,2463,SOUTH,2,5,7,3801,0,0,0,,0,3B13E,"7TH ST","HOWARD ST",0.00,,Y,A,-,N,,,,,,,,,,N,4,0,1,2,A,-,05,21650,1,F,A,G,A,A,H,-,C,A,0,,Y,,,Y,,L,04,0,0,1,0,0,0,1,0,0,"- ","- ",,,"SAN FRANCISCO","SAN FRANCISCO",-122.40940093994141,37.777976989746094
9579946,2023,2023-06-21,3801,2023-05-16,"302 ",1750,NORTH,2,5,7,3801,0,0,0,,0,0E6,"VAN NESS AV","GREEN ST",85.00,N,N,A,-,N,,,,,,,,,,N,4,0,1,3,A,-,03,22350,,F,C,B,F,A,H,-,C,A,0,Y,,,,Y,,A,01,0,0,1,0,1,0,0,0,0,"- ","- ",,,"SAN FRANCISCO","SAN FRANCISCO",-122.42378234863281,37.797859191894531
9579947,2023,2023-06-21,3801,2023-05-16,"724 ",2707,TARAV,2,5,7,3801,0,0,0,,0,2CAR,"22ND AV","IRVING ST",272.00,S,N,A,-,N,,,,,,,,,,Y,4,0,1,2,A,-,08,22107,,N,A,E,A,A,H,-,A,D,0,,,,,Y,,A,01,0,0,1,0,0,0,0,0,0,"- ","- ",,,"SAN FRANCISCO","SAN FRANCISCO",-122.48030090332031,37.762672424316406
9579948,2023,2023-06-21,3801,2023-05-20,2328,1827,MISSI,6,5,7,3801,0,0,0,,0,,"16TH ST","DOLORES ST",0.00,,Y,B,C,N,,,,,,,,,,N,4,0,1,2,A,-,09,21801,,F,B,-,A,B,H,-,C,A,0,,,,,Y,,A,07,0,0,1,0,0,0,0,0,0,"- ","- ",,,"SAN FRANCISCO","SAN FRANCISCO",-122.42644500732422,37.764640808105469
9579949,2023,2023-06-23,3801,2023-05-21,2100,1150,PARK,7,5,7,3801,0,0,0,,0,,"MARKET ST","SANCHEZ ST",0.00,,Y,B,-,N,,,,,,,,,,N,4,0,2,2,A,-,03,22350,,N,C,C,A,A,H,-,C,A,0,,,,,Y,,A,01,0,0,2,0,0,0,0,0,0,"- ","- ",,,"SAN FRANCISCO","SAN FRANCISCO",-122.43100738525391,37.765979766845703
9579950,2023,2023-06-21,3801,2023-05-20,"10  ",1463,SOUTH,6,5,7,3801,0,0,0,,0,0B3,"BRYANT ST","6TH ST",0.00,,Y,A,-,N,,,,,,,,,,Y,3,0,1,2,A,-,03,22350,,N,C,C,A,A,H,-,C,A,0,,,Y,,Y,,C,02,0,1,0,0,0,0,0,0,1,"- ","- ",,,"SAN FRANCISCO","SAN FRANCISCO",-122.40250396728516,37.776058197021484
9579951,2023,2023-06-21,3801,2023-05-20,2333,4039,CENTR,6,5,7,3801,0,0,0,,0,3A3,"LOMBARD ST","HYDE ST",115.00,E,N,A,-,N,,,,,,,,,,Y,3,0,1,1,A,-,03,22350,,N,E,I,A,A,H,-,C,D,0,,,,,Y,,A,01,0,1,0,0,0,0,0,0,0,"- ","- ",,,"SAN FRANCISCO","SAN FRANCISCO",-122.41928863525391,37.802036285400391
9579952,2023,2023-06-21,3801,2023-05-02,1625,4047,MISSI,2,5,7,3801,0,0,0,,0,3D6D,"POTRERO AV","16TH ST",0.00,,Y,C,-,N,,,,,,,,,,N,4,0,1,2,A,-,10,21950,A,F,G,B,B,B,H,-,A,A,0,Y,,,,Y,,A,01,0,0,1,0,1,0,0,0,0,"- ","- ",,,"SAN FRANCISCO","SAN FRANCISCO",-122.40756225585938,37.765773773193359
9579953,2023,2023-06-21,3801,2023-05-06,1843,1823,MISSI,6,5,7,3801,0,0,0,,0,004,"MISSION ST","23RD ST",215.00,S,N,A,-,N,,,,,,,,,,Y,4,0,1,2,A,-,21,22106,,F,G,B,E,A,H,-,B,D,0,Y,,,,Y,Y,A,01,0,0,1,0,1,0,0,0,0,"- ","- ",,,"SAN FRANCISCO","SAN FRANCISCO",-122.41855621337891,37.753238677978516
9579954,2023,2023-06-21,3801,2023-05-20,"130 ",1660,SOUTH,6,5,7,3801,0,0,0,,0,3B11E,1ST,FOLSOM,0.00,,Y,-,-,N,,,,,,,,,,Y,4,0,1,2,A,-,08,22107,A,N,B,C,A,A,H,-,C,A,0,,,,,Y,,A,08,0,0,1,0,0,0,0,0,0,"- ","- ",,,"SAN FRANCISCO","SAN FRANCISCO",-122.39447021484375,37.787319183349609
9579955,2023,2023-06-21,3801,2023-05-18,1249,1021,SOUTH,4,5,7,3801,0,0,0,,0,3B12A,"MISSION ST","MINT ST",170.00,W,N,A,-,N,,,,,,,,,,Y,2,0,1,2,A,-,09,21801,A,N,D,C,A,A,H,-,A,D,0,,,Y,,Y,,A,01,1,0,0,0,0,0,0,0,1,"- ","- ",,,"SAN FRANCISCO","SAN FRANCISCO",-122.40758514404297,37.7818603515625
9579956,2023,2023-06-21,3801,2023-05-04,1323,1333,NORTH,4,5,7,3801,0,0,0,,0,3E11A,"FELL ST","FRANKLIN ST",112.00,E,N,A,-,N,,,,,,,,,,N,4,0,1,2,A,-,03,22350,,F,B,B,D,A,H,-,A,D,0,Y,,,,Y,,A,01,0,0,1,0,1,0,0,0,0,"- ","- ",,,"SAN FRANCISCO","SAN FRANCISCO",-122.42076110839844,37.776210784912109
9579957,2023,2023-06-21,3801,2023-05-04,1546,2118,SOUTH,4,5,7,3801,0,0,0,,0,3B12D,"3RD ST","MISSION ST",10.00,N,N,A,-,N,,,,,,,,,,N,4,0,1,2,A,-,08,22107,,N,B,C,A,A,H,-,A,D,0,,,,,Y,,-,,0,0,1,0,0,0,0,0,0,"- ","- ",,,"SAN FRANCISCO","SAN FRANCISCO",-122.40202331542969,37.786289215087891
9579958,2023,2023-06-21,3801,2023-05-04,1809,1534,INGLE,4,5,7,3801,0,0,0,,0,3H11D,"MONTEREY BL","GENNESSEE ST",0.00,,Y,A,-,N,,,,,,,,,,N,3,0,1,2,A,-,12,21453,A,N,D,C,A,A,H,-,A,A,0,,,,,Y,,A,01,0,1,0,0,0,0,0,0,0,"- ","- ",,,"SAN FRANCISCO","SAN FRANCISCO",-122.45112609863281,37.731536865234375
9579959,2023,2023-06-21,3801,2023-05-06,1811,1858,BAYVI,6,5,7,3801,0,0,0,,0,3C15D,"JAMESTOWN AV","JENNINGS AV",0.00,,Y,A,-,N,,,,,,,,,,N,4,0,1,2,A,-,12,22450,,N,D,C,A,A,H,-,A,A,0,,,,,Y,,A,01,0,0,1,0,0,0,0,0,0,"- ","- ",,,"SAN FRANCISCO","SAN FRANCISCO",-122.39543914794922,37.719558715820312
9579960,2023,2023-06-21,3801,2023-05-02,1730,1909,NORTH,2,5,7,3801,0,0,0,,0,NORTHE,"LOMBARD ST","BUCHANAN ST",96.00,W,N,C,-,N,,,,,,,,,,Y,3,0,1,3,A,-,08,22107,,N,B,C,F,B,H,-,A,D,0,Y,,,,Y,,A,01,0,1,0,0,1,0,0,0,0,"- ","- ",,,"SAN FRANCISCO","SAN FRANCISCO",-122.43309020996094,37.800220489501953
9579961,2023,2023-06-16,3801,2023-05-04,1109,5,NORTH,4,5,7,3801,0,0,0,,0,3E12A,"GOLDEN GATE AV","WEBSTER ST",0.00,,Y,A,-,N,,,,,,,,,,N,4,0,1,2,A,-,00,12500,A,N,-,C,A,A,H,-,A,A,0,,,,,Y,Y,A,01,0,0,1,0,0,0,0,0,0,"- ","- ",,,"SAN FRANCISCO","SAN FRANCISCO",-122.4302978515625,37.779758453369141
9579964,2023,2023-06-16,3801,2023-05-27,1942,359,TARAV,6,5,7,3801,0,0,0,,0,312D,"SAN JOSE AV","ALEMANY BL",55.00,N,N,A,-,N,,,,,,,,,,Y,4,0,1,2,A,-,03,22350,,N,C,C,A,A,H,-,B,A,0,,,,,Y,,A,01,0,0,1,0,0,0,0,0,0,"- ","- ",,,"SAN FRANCISCO","SAN FRANCISCO",-122.45698547363281,37.710189819335938
9579965,2023,2023-06-16,3801,2023-05-04,1836,KERRIGAN,CENTR,4,5,7,3801,0,0,0,,0,005,"BATTERY ST","PINE ST",0.00,,Y,A,-,N,,,,,,,,,,N,3,0,1,2,A,-,12,21453,A,N,D,C,A,A,H,-,A,A,0,,,Y,,Y,Y,C,03,0,1,0,0,0,0,0,0,1,"- ","- ",,,"SAN FRANCISCO","SAN FRANCISCO",-122.39977264404297,37.792259216308594
9579966,2023,2023-06-16,3801,2023-05-15,1819,4292,BAYVI,1,5,7,3801,0,0,0,,0,3C11D,"PENNSYLVANIA AV","23RD ST",0.00,,Y,A,-,N,,,,,,,,,,N,3,0,1,2,A,-,03,22350,,N,D,-,A,A,H,-,B,A,0,,,,,Y,,A,01,0,1,0,0,0,0,0,0,0,"- ","- ",,,"SAN FRANCISCO","SAN FRANCISCO",-122.39290618896484,37.755126953125
9579967,2023,2023-06-16,3801,2023-05-08,"950 ",1796,RICHM,1,5,7,3801,0,0,0,,0,3G4A,CALIFORNIA,"30TH AV",0.00,,Y,A,-,N,,,,,,,,,,Y,4,0,1,2,A,-,09,21801,,F,D,C,A,A,H,-,A,D,0,,,,,Y,,A,01,0,0,1,0,0,0,0,0,0,"- ","- ",,,"SAN FRANCISCO","SAN FRANCISCO",-122.4903564453125,37.783638000488281
9579968,2023,2023-06-22,3801,2023-05-13,"754 ",4305,NORTH,6,5,7,3801,0,0,0,,0,,"POLK ST","TURK ST",0.00,,Y,A,-,N,,,,,,,,,,,4,0,1,2,A,-,03,22350,,N,C,C,A,A,H,-,A,A,0,,,,,Y,,M,94,0,0,1,0,0,0,0,0,0,"- ","- ",,,"SAN FRANCISCO","SAN FRANCISCO",-122.41899871826172,37.782169342041016
9579969,2023,2023-06-16,3801,2023-05-17,"40  ",628,RICHM,3,5,7,3801,0,0,0,,0,,"CROSSOVER DR","FULTON ST",147.00,S,N,E,-,N,,,,,,,,,,Y,2,0,1,2,A,-,04,21703,,F,B,C,A,A,H,-,C,D,0,,,Y,,Y,,A,08,1,0,0,0,0,0,0,0,1,"- ","- ",,,"SAN FRANCISCO","SAN FRANCISCO",-122.48406219482422,37.772178649902344
9579970,2023,2023-06-16,3801,2023-05-17,1414,750,TENDE,3,5,7,3801,0,0,0,,0,3J13A,"EDDY ST","LARKIN ST",0.00,,Y,A,-,N,,,,,,,,,,N,4,0,1,2,A,-,10,21950,A,N,G,B,B,A,H,-,A,A,0,Y,,,,Y,Y,A,01,0,0,1,0,1,0,0,0,0,"- ","- ",,,"SAN FRANCISCO","SAN FRANCISCO",-122.41751861572266,37.783294677734375
9579971,2023,2023-06-16,3801,2023-05-18,"516 ",1709,PARK,4,5,7,3801,0,0,0,,0,001,"7TH AV","KIRKHAM ST",24.00,S,N,A,-,N,,,,,,,,,,Y,4,0,1,2,A,-,03,22350,,N,C,C,A,A,H,-,A,A,0,,,,,Y,,-,,0,0,1,0,0,0,0,0,0,"- ","- ",,,"SAN FRANCISCO","SAN FRANCISCO",-122.46391296386719,37.760322570800781
9579972,2023,2023-06-16,3801,2023-05-18,1300,2724,BAYVI,4,5,7,3801,0,0,0,,0,3C12A,"SAN BRUNO AV","SILVER AV",0.00,,Y,A,-,N,,,,,,,,,,N,4,0,2,2,A,-,03,22350,,N,C,C,A,A,H,-,A,A,0,,,,,Y,,A,01,0,0,2,0,0,0,0,0,0,"- ","- ",,,"SAN FRANCISCO","SAN FRANCISCO",-122.40561676025391,37.732444763183594
9579973,2023,2023-06-16,3801,2023-05-23,2033,2064,MISSI,2,5,7,3801,0,0,0,,0,3D5D,"MISSION ST",PERSIA,0.00,,Y,A,-,N,,,,,,,,,,N,4,0,2,3,A,-,10,21950,A,N,D,B,B,A,H,-,A,A,0,Y,,,,Y,,-,,0,0,2,0,2,0,0,0,0,"- ","- ",,,"SAN FRANCISCO","SAN FRANCISCO",-122.43596649169922,37.723140716552734
9579974,2023,2023-06-16,3801,2023-05-21,2338,1480,MISSI,7,5,7,3801,0,0,0,,0,3D15E,MISSION,"16TH ST",0.00,,Y,A,-,N,,,,,,,,,,Y,4,0,2,2,A,-,09,21801,A,N,-,C,A,A,H,-,-,A,0,,,,,Y,,A,01,0,0,2,0,0,0,0,0,0,"- ","- ",,,"SAN FRANCISCO","SAN FRANCISCO",-122.41967010498047,37.765052795410156
9579975,2023,2023-06-16,3801,2023-05-29,1117,2263,TARAV,1,5,7,3801,0,0,0,,0,313A,"MORAGA ST","38TH AV",0.00,,Y,A,-,N,,,,,,,,,,Y,4,0,1,3,A,-,09,21802,A,N,D,C,A,A,H,-,A,A,0,,,,,Y,,A,01,0,0,1,0,0,0,0,0,0,"- ","- ",,,"SAN FRANCISCO","SAN FRANCISCO",-122.49697875976562,37.755207061767578
9579976,2023,2023-06-16,3801,2023-05-19,2140,2330,TARAV,5,5,7,3801,0,0,0,,0,901,"SLOAT BL","47TH AV",0.00,,Y,-,-,N,,,,,,,,,,N,4,0,1,2,A,-,09,21801,A,N,D,C,A,A,H,-,C,A,0,,,,,Y,,A,01,0,0,1,0,0,0,0,0,0,"- ","- ",,,"SAN FRANCISCO","SAN FRANCISCO",-122.50525665283203,37.735561370849609
9579977,2023,2023-06-16,3801,2023-05-25,1815,2118,SOUTH,4,5,7,3801,0,0,0,,0,3B12D,"HARRISON ST","1ST ST",0.00,,Y,A,-,N,,,,,,,,,,N,4,0,1,2,A,-,17,21461,A,N,A,C,A,A,H,-,A,A,0,,,,,Y,,A,01,0,0,1,0,0,0,0,0,0,"- ","- ",,,"SAN FRANCISCO","SAN FRANCISCO",-122.39295959472656,37.786087036132812
9579978,2023,2023-06-16,3801,2023-05-20,1840,2419,RICHM,6,5,7,3801,0,0,0,,0,908,"SACRAMENTO ST","PRESIDIO AV",0.00,,Y,A,-,N,,,,,,,,,,Y,2,0,1,2,A,-,12,21453,A,N,D,C,A,A,H,-,A,A,0,,,Y,,Y,,C,02,1,0,0,0,0,0,0,0,1,"- ","- ",,,"SAN FRANCISCO","SAN FRANCISCO",-122.44696807861328,37.788181304931641
9579980,2023,2023-06-16,3801,2023-05-04,2151,2288,INGLE,4,5,7,3801,0,0,0,,0,3H15E,"GENEVA AV","NAPLES ST",0.00,,Y,A,-,N,,,,,,,,,,Y,3,0,1,2,A,-,08,22107,,N,D,C,A,A,H,-,C,A,0,,,,,Y,,A,01,0,1,0,0,0,0,0,0,0,"- ","- ",,,"SAN FRANCISCO","SAN FRANCISCO",-122.43618774414062,37.714210510253906