CASE_ID,ACCIDENT_YEAR,PROC_DATE,JURIS,COLLISION_DATE,COLLISION_TIME,OFFICER_ID,REPORTING_DISTRICT,DAY_OF_WEEK,CHP_SHIFT,POPULATION,CNTY_CITY_LOC,SPECIAL_COND,BEAT_TYPE,CHP_BEAT_TYPE,CITY_DIVISION_LAPD,CHP_BEAT_CLASS,BEAT_NUMBER,PRIMARY_RD,SECONDARY_RD,DISTANCE,DIRECTION,INTERSECTION,WEATHER_1,WEATHER_2,STATE_HWY_IND,CALTRANS_COUNTY,CALTRANS_DISTRICT,STATE_ROUTE,ROUTE_SUFFIX,POSTMILE_PREFIX,POSTMILE,LOCATION_TYPE,RAMP_INTERSECTION,SIDE_OF_HWY,TOW_AWAY,COLLISION_SEVERITY,NUMBER_KILLED,NUMBER_INJURED,PARTY_COUNT,PRIMARY_COLL_FACTOR,PCF_CODE_OF_VIOL,PCF_VIOL_CATEGORY,PCF_VIOLATION,PCF_VIOL_SUBSECTION,HIT_AND_RUN,TYPE_OF_COLLISION,MVIW,PED_ACTION,ROAD_SURFACE,ROAD_COND_1,ROAD_COND_2,LIGHTING,CONTROL_DEVICE,CHP_ROAD_TYPE,PEDESTRIAN_ACCIDENT,BICYCLE_ACCIDENT,MOTORCYCLE_ACCIDENT,TRUCK_ACCIDENT,NOT_PRIVATE_PROPERTY,ALCOHOL_INVOLVED,STWD_VEHTYPE_AT_FAULT,CHP_VEHTYPE_AT_FAULT,COUNT_SEVERE_INJ,COUNT_VISIBLE_INJ,COUNT_COMPLAINT_PAIN,COUNT_PED_KILLED,COUNT_PED_INJURED,COUNT_BICYCLIST_KILLED,COUNT_BICYCLIST_INJURED,COUNT_MC_KILLED,COUNT_MC_INJURED,PRIMARY_RAMP,SECONDARY_RAMP,LATITUDE,LONGITUDE,COUNTY,CITY,POINT_X,POINT_Y
9580017,2023,2023-06-22,3801,2023-05-22,1700,885,BAYVI,1,5,7,3801,0,0,0,,0,0C3,"BARNEVELD AV","OAKDALE AV",0.00,,Y,A,-,N,,,,,,,,,,N,3,0,1,2,A,-,05,21650,,N,-,C,A,A,H,-,A,A,0,,,,,Y,,A,01,0,1,0,0,0,0,0,0,0,"- ","- ",,,"SAN FRANCISCO","SAN FRANCISCO",-122.40349578857422,37.742057800292969
9580076,2023,2023-06-19,3801,2023-05-20,"228 ",1406,INGLE,6,5,7,3801,0,0,0,,0,3H6,"VELASCO AV","CALGARY ST",0.00,,Y,A,-,N,,,,,,,,,,N,4,0,1,2,A,-,03,22350,,F,D,C,A,A,H,-,C,A,0,,,,,Y,,-,99,0,0,1,0,0,0,0,0,0,"- ","- ",,,"SAN FRANCISCO","SAN FRANCISCO",-122.41593933105469,37.708992004394531
9580077,2023,2023-06-22,3801,2023-05-23,1529,4041,TARAV,2,5,7,3801,0,0,0,,0,3I13D,"41ST AV","IRVING ST",125.00,S,N,A,-,N,,,,,,,,,,N,3,0,1,2,A,-,09,21804,A,N,B,C,A,A,H,-,A,D,0,,,Y,,Y,,A,01,0,1,0,0,0,0,0,0,1,"- ","- ",,,"SAN FRANCISCO","SAN FRANCISCO",-122.50067138671875,37.762176513671875
9580078,2023,2023-06-14,3801,2023-05-24,1833,2705,BAYVI,3,5,7,3801,0,0,0,,0,3C11D,"MISSOURI ST","20TH ST",150.00,N,N,A,-,N,,,,,,,,,,N,4,0,1,1,-,-,"- ",,,N,H,A,A,A,H,-,A,D,0,,,Y,,Y,,-,"- ",0,0,1,0,0,0,0,0,1,"- ","- ",,,"SAN FRANCISCO","SAN FRANCISCO",-122.39633178710938,37.760440826416016
9580079,2023,2023-06-14,3801,2023-05-21,2144,1463,SOUTH,7,5,7,3801,0,0,0,,0,0B3,"FOLSOM ST","LANGTON ST",25.00,W,N,A,-,N,,,,,,,,,,Y,4,0,1,2,-,-,"- ",,,N,B,E,A,A,A,-,C,D,0,,,,,Y,,-,"- ",0,0,1,0,0,0,0,0,0,"- ","- ",,,"SAN FRANCISCO","SAN FRANCISCO",-122.40846252441406,37.776271820068359
9580080,2023,2023-06-14,3801,2023-05-14,"932 ",1511,BAYVI,7,5,7,3801,0,0,0,,0,3C11A,"17TH ST","VERMONT ST",0.00,,Y,A,-,N,,,,,,,,,,Y,2,0,1,2,A,-,06,21751,,F,B,C,A,A,H,-,A,D,0,,,Y,,Y,,-,,1,0,0,0,0,0,0,0,1,"- ","- ",,,"SAN FRANCISCO","SAN FRANCISCO",-122.40448760986328,37.764682769775391
9580135,2023,2023-06-13,3801,2023-04-19,2220,2141,TARAV,3,5,7,3801,0,0,0,,0,3I15E,"BROTHERHOOD WY","JUNIPERO SERRA BL",91.00,E,N,A,-,N,,,,,,,,,,N,4,0,1,2,A,-,07,21658,A,N,C,G,A,A,H,-,C,D,0,,Y,,,Y,,A,01,0,0,1,0,0,0,1,0,0,"- ","- ",,,"SAN FRANCISCO","SAN FRANCISCO",-122.47086334228516,37.712699890136719
9580136,2023,2023-06-13,3801,2023-04-25,"945 ",621,CENTR,2,5,7,3801,0,0,0,,0,3A13A,"BROADWAY ST","LARKIN ST",0.00,,Y,A,-,N,,,,,,,,,,Y,3,0,1,2,A,-,08,22101,D,N,D,C,A,A,H,-,A,A,0,,,Y,,Y,,A,01,0,1,0,0,0,0,0,0,1,"- ","- ",,,"SAN FRANCISCO","SAN FRANCISCO",-122.42012786865234,37.796218872070312
9580137,2023,2023-06-16,3801,2023-04-15,1526,1827,CENTR,6,5,7,3801,0,0,0,,0,,"POLK ST","NORTHPOINT ST",0.00,,Y,A,-,N,,,,,,,,,,N,3,0,1,2,A,-,17,21200,A,N,-,-,A,A,H,-,A,-,0,,Y,,,Y,,L,04,0,1,0,0,0,0,1,0,0,"- ","- ",,,"SAN FRANCISCO","SAN FRANCISCO",-122.42363739013672,37.805301666259766
9580561,2023,2023-06-19,3801,2023-05-15,1150,1826,CENTR,1,5,7,3801,0,0,0,,0,0A5,"WASHINGTON ST","BATTERY ST",0.00,,-,A,-,N,,,,,,,,,,N,3,0,1,3,A,-,08,22107,,F,B,C,A,A,H,-,A,D,0,,,,,Y,,A,08,0,1,0,0,0,0,0,0,0,"- ","- ",,,"SAN FRANCISCO","SAN FRANCISCO",-122.40049743652344,37.795886993408203
9580574,2023,2024-04-27,3801,2023-05-06,"506 ",740,,6,5,7,3801,0,0,0,,0,0D6,"FOLSOM ST","17TH ST",0.00,,Y,C,-,N,,,,,,,,,,Y,4,0,2,2,A,-,12,21453,A,F,D,C,A,B,H,-,C,A,0,,,,,Y,,D,22,0,0,2,0,0,0,0,0,0,"- ","- ",,,"SAN FRANCISCO","SAN FRANCISCO",-122.41515350341797,37.763694763183594
9580582,2023,2023-06-16,3801,2023-05-07,1213,1418,TARAV,7,5,7,3801,0,0,0,,0,0I5,"LAKE MERCED BL","BERKSHIRE WY",0.00,,Y,A,-,N,,,,,,,,,,Y,3,0,4,6,A,-,03,22350,,N,D,C,A,A,H,-,A,A,0,,,,,Y,,A,01,0,1,3,0,0,0,0,0,0,"- ","- ",,,"SAN FRANCISCO","SAN FRANCISCO",-122.49810791015625,37.731304168701172
9580586,2023,2023-07-24,3801,2023-05-03,1300,2417,BAYVI,3,5,7,3801,0,0,0,,0,901,"BAYSHORE BL","PHELPS ST",0.00,,Y,B,-,N,,,,,,,,,,N,4,0,1,2,A,-,04,21703,,N,C,C,A,B,H,-,A,A,0,,,,,Y,,I,11,0,0,1,0,0,0,0,0,0,"- ","- ",,,"SAN FRANCISCO","SAN FRANCISCO",-122.40206146240234,37.727928161621094
9580595,2023,2023-07-07,3801,2023-05-06,1426,4006,TARAV,6,5,7,3801,0,0,0,,0,3116B,"JUNIPERO SERRA BL","PALMETTO AV",0.00,,Y,A,-,Y,SF,4,1,-,R,0.180,I,5,N,Y,4,0,1,2,A,-,03,22350,,N,C,C,A,A,-,-,A,D,0,,,,,Y,,I,11,0,0,1,0,0,0,0,0,0,"- ","- ",,,"SAN FRANCISCO","SAN FRANCISCO",-122.47105407714844,37.710659027099609
9580670,2023,2023-06-16,3801,2023-05-28,"232 ",1226,SOUTH,7,5,7,3801,0,0,0,,0,0600,"BRANNA ST","4TH ST",60.00,,N,A,-,N,,,,,,,,,,N,3,0,1,2,A,-,17,21663,,N,G,B,G,A,H,-,C,A,0,Y,,,,Y,,A,01,0,1,0,0,1,0,0,0,0,"- ","- ",,,"SAN FRANCISCO","SAN FRANCISCO",-122.39653778076172,37.778327941894531
9580671,2023,2023-06-16,3801,2023-05-26,1939,4347,TARAV,5,5,7,3801,0,0,0,,0,3I11D,"WEST PORTAL AV","14TH AV",118.00,N,N,A,-,N,,,,,,,,,,N,4,0,1,2,A,-,11,21954,A,N,G,B,D,A,H,-,A,D,0,Y,,,,Y,,N,60,0,0,1,0,1,0,0,0,0,"- ","- ",,,"SAN FRANCISCO","SAN FRANCISCO",-122.46878814697266,37.738204956054688
9580672,2023,2023-06-20,3801,2023-05-27,1155,715,NORTH,6,5,7,3801,0,0,0,,0,3E12A,"POLK ST","GEARY ST",0.00,,Y,B,-,N,,,,,,,,,,N,4,0,2,2,A,-,00,21228,B,N,H,J,A,A,H,-,A,A,0,,,,,Y,,-,,0,0,2,0,0,0,0,0,0,"- ","- ",,,"SAN FRANCISCO","SAN FRANCISCO",-122.41973876953125,37.785896301269531
9580673,2023,2023-06-26,3801,2023-05-25,1729,341,NORTH,4,5,7,3801,0,0,0,,0,3F11D,"FELL ST","FELL ST 735",0.00,,N,A,-,N,,,,,,,,,,,3,0,1,2,A,-,08,22107,,N,B,C,A,A,H,-,A,A,0,,,Y,,Y,,A,01,0,1,0,0,0,0,0,0,1,"- ","- ",,,"SAN FRANCISCO","SAN FRANCISCO",,
9580675,2023,2023-06-19,3801,2023-05-24,1655,1907,INGLE,3,5,7,3801,0,0,0,,0,3H12D,"BOSWORTH ST","ARLINGTON ST",0.00,,Y,A,-,N,,,,,,,,,,N,3,0,1,2,A,-,09,21800,B,N,D,G,A,A,H,-,A,D,0,,Y,,,Y,,L,04,0,1,0,0,0,0,1,0,0,"- ","- ",,,"SAN FRANCISCO","SAN FRANCISCO",-122.43290710449219,37.733318328857422
9580676,2023,2023-06-19,3801,2023-05-23,1530,2379,INGLE,2,5,7,3801,0,0,0,,0,3H5D,"OCEAN AV","WANDA ST",0.00,,Y,A,-,N,,,,,,,,,,N,4,0,2,2,A,-,17,22109,,N,C,C,A,A,H,-,A,D,0,,,,,Y,,A,01,0,0,2,0,0,0,0,0,0,"- ","- ",,,"SAN FRANCISCO","SAN FRANCISCO",-122.43987274169922,37.723472595214844
9580677,2023,2023-06-26,3801,2023-05-29,1221,2439,CENTR,1,5,7,3801,0,0,0,,0,3A46,"POLK ST","NORTH POINT ST",200.00,S,N,A,-,N,,,,,,,,,,N,3,0,1,2,A,-,09,21801,A,N,D,C,A,-,H,-,A,A,0,,,Y,,Y,,A,08,0,1,0,0,0,0,0,0,1,"- ","- ",,,"SAN FRANCISCO","SAN FRANCISCO",-122.42353057861328,37.804756164550781
9580678,2023,2023-06-19,3801,2023-05-29,2237,317,CENTR,1,5,7,3801,0,0,0,,0,SECTOR,"PINE ST","TAYLOR ST",0.00,,Y,A,-,N,,,,,,,,,,Y,4,0,1,2,A,-,12,21453,A,F,D,C,A,A,H,-,C,A,0,,,,,Y,,A,01,0,0,1,0,0,0,0,0,0,"- ","- ",,,"SAN FRANCISCO","SAN FRANCISCO",-122.41224670410156,37.790657043457031
9580679,2023,2023-06-19,3801,2023-05-17,1955,1911,RICHM,3,5,7,3801,0,0,0,,0,RICHMO,"GEARY BL","FUNSTON AV",0.00,,Y,A,-,N,,,,,,,,,,,4,0,1,2,A,-,08,22107,A,N,B,C,A,A,H,-,B,A,0,,,Y,,Y,,C,02,0,0,1,0,0,0,0,0,1,"- ","- ",,,"SAN FRANCISCO","SAN FRANCISCO",-122.47178649902344,37.780750274658203
9580690,2023,2023-06-14,3801,2023-05-06,1055,2196,MISSI,6,5,7,3801,0,0,0,,0,3D11A,"16TH ST","POTRERO AV",315.00,W,N,A,-,N,,,,,,,,,,Y,4,0,1,2,A,-,09,21801,A,N,F,D,A,A,H,-,A,D,0,,,,,Y,,A,01,0,0,1,0,0,0,0,0,0,"- ","- ",,,"SAN FRANCISCO","SAN FRANCISCO",-122.40864562988281,37.765697479248047
9584020,2023,2023-05-15,3801,2023-01-25,"930 ",2151,PARK,3,5,7,3801,0,0,0,,0,3F11A,"7TH AV","KIRKHAM ST",0.00,,Y,A,-,N,,,,,,,,,,N,4,0,1,2,A,-,08,22107,,N,D,G,A,A,H,-,A,A,0,,Y,,,Y,,A,01,0,0,1,0,0,0,1,0,0,"- ","- ",,,"SAN FRANCISCO","SAN FRANCISCO",-122.46392059326172,37.760391235351562
9584161,2023,2023-05-23,3801,2023-03-23,"622 ",750,TENDE,4,5,7,3801,0,0,0,,0,,"7TH ST","STEVENSON ST",0.00,,Y,A,-,N,,,,,,,,,,N,2,0,1,2,A,-,00,21955,A,F,G,B,D,A,H,-,B,D,0,Y,,,,Y,,N,60,1,0,0,0,1,0,0,0,0,"- ","- ",,,"SAN FRANCISCO","SAN FRANCISCO",-122.41188812255859,37.779991149902344
9584163,2023,2023-05-17,3801,2023-03-31,1132,2150,RICHM,5,5,7,3801,0,0,0,,0,3G3C,"8TH AV","CLEMENT ST",274.00,S,N,A,-,N,,,,,,,,,,N,3,0,1,2,A,-,09,21801,A,N,B,C,A,A,H,-,A,D,0,,,Y,,Y,,A,01,0,1,0,0,0,0,0,0,1,"- ","- ",,,"SAN FRANCISCO","SAN FRANCISCO",-122.46650695800781,37.782089233398438
9584164,2023,2023-05-17,3801,2023-03-24,1352,1238,MISSI,5,5,7,3801,0,0,0,,0,3D14C,"CESAR CHAVEZ ST","ALABAMA ST",0.00,,Y,A,-,N,,,,,,,,,,Y,4,0,2,2,A,-,09,21801,A,N,D,C,A,A,H,-,A,A,0,,,,,Y,,A,01,0,0,2,0,0,0,0,0,0,"- ","- ",,,"SAN FRANCISCO","SAN FRANCISCO",-122.41054534912109,37.748374938964844
9584165,2023,2023-05-17,3801,2023-03-19,1925,1352,MISSI,7,5,7,3801,0,0,0,,0,3D16C,"17TH ST","SOUTH VAN NESS AVE",0.00,,Y,A,-,N,,,,,,,,,,Y,3,0,1,2,A,-,01,23152,A,N,A,C,A,A,H,-,C,A,0,,,,,Y,Y,A,01,0,1,0,0,0,0,0,0,0,"- ","- ",,,"SAN FRANCISCO","SAN FRANCISCO",-122.41733551025391,37.763557434082031
9584166,2023,2023-05-17,3801,2023-03-18,1125,1273,RICHM,6,5,7,3801,0,0,0,,0,3G4A,"CLEMENT ST","22ND AV",0.00,,Y,A,-,N,,,,,,,,,,N,4,0,1,2,A,-,12,22450,A,N,C,C,A,A,H,-,A,A,0,,,,,Y,,A,01,0,0,1,0,0,0,0,0,0,"- ","- ",,,"SAN FRANCISCO","SAN FRANCISCO",-122.48167419433594,37.782154083251953
9584167,2023,2023-05-17,3801,2023-03-19,2346,1830,CENTR,7,5,7,3801,0,0,0,,0,3A11E,"TAYLOR ST","POST ST",0.00,,Y,B,-,N,,,,,,,,,,N,4,0,1,2,A,-,12,21453,A,N,D,C,A,B,H,-,C,A,0,,,,,Y,,A,01,0,0,1,0,0,0,0,0,0,"- ","- ",,,"SAN FRANCISCO","SAN FRANCISCO",-122.41169738769531,37.787860870361328
9584168,2023,2023-05-17,3801,2023-03-31,2107,1448,INGLE,5,5,7,3801,0,0,0,,0,3H13E,"MONTEREY BL","BADEN ST",0.00,,Y,A,-,N,,,,,,,,,,Y,4,0,2,2,A,-,12,22450,A,N,D,C,A,A,H,-,C,A,0,,,Y,,Y,,C,02,0,0,2,0,0,0,0,0,2,"- ","- ",,,"SAN FRANCISCO","SAN FRANCISCO",-122.43972778320312,37.731609344482422
9584169,2023,2023-05-19,3801,2023-03-14,1000,2088,INGLE,2,5,7,3801,0,0,0,,0,3H2A,"SAN JUAN AV","CAPISTRANO AV",0.00,,Y,A,-,N,,,,,,,,,,Y,4,0,1,2,A,-,09,21802,A,N,D,-,A,B,H,-,-,A,0,,,,,Y,,A,07,0,0,1,0,0,0,0,0,0,"- ","- ",,,"SAN FRANCISCO","SAN FRANCISCO",-122.43875122070312,37.725490570068359
9584170,2023,2023-05-19,3801,2023-03-12,"333 ",2153,TARAV,7,5,7,3801,0,0,0,,0,315E,"19TH AV","OCEAN AV",0.00,,Y,C,-,N,,,,,,,,,,N,4,0,2,1,A,-,22,23123,,N,E,I,A,B,-,-,C,A,0,,,,,Y,Y,A,01,0,0,2,0,0,0,0,0,0,"- ","- ",,,"SAN FRANCISCO","SAN FRANCISCO",-122.47496032714844,37.732437133789062
9584334,2023,2023-05-12,3801,2023-04-08,2500,740,MISSI,6,5,7,3801,0,0,0,,0,0D1,"16TH ST","DOLORES ST",187.00,E,N,B,-,N,,,,,,,,,,N,3,0,1,2,A,-,03,22350,,F,G,B,E,A,H,-,C,D,0,Y,,,,Y,,A,01,0,1,0,0,1,0,0,0,0,"- ","- ",,,"SAN FRANCISCO","SAN FRANCISCO",-122.42579650878906,37.764675140380859
9585079,2022,2023-06-09,3801,2022-05-19,2250,2330,TARAV,4,5,7,3801,0,0,0,,0,3113E,"GREAT HWY","PACHECO ST",106.00,N,N,A,-,N,,,,,,,,,,N,4,0,1,1,A,-,03,22350,,N,-,A,A,-,G,-,C,D,0,,,,,Y,,M,94,0,0,1,0,0,0,0,0,0,"- ","- ",,,"SAN FRANCISCO","SAN FRANCISCO",-122.50799560546875,37.749401092529297
9585080,2021,2023-06-09,3801,2021-05-01,1730,899,NORTH,6,5,7,3801,0,0,0,,0,3E00,"10TH ST","HOWARD ST",0.00,,Y,B,-,N,,,,,,,,,,N,3,0,2,2,-,-,"- ",,,N,B,C,A,A,H,-,A,B,0,,,,,Y,,-,"- ",0,1,1,0,0,0,0,0,0,"- ","- ",,,"SAN FRANCISCO","SAN FRANCISCO",-122.41436767578125,37.774024963378906
9585081,2023,2023-06-01,3801,2023-05-01,"150 ",1350,TARAV,1,5,7,3801,0,0,0,,0,,"35TH AV","TARAVAL ST",270.00,N,N,A,-,N,,,,,,,,,,Y,3,0,1,4,A,-,03,22350,,N,B,E,A,A,H,-,C,A,0,,,,,Y,,A,01,0,1,0,0,0,0,0,0,0,"- ","- ",,,"SAN FRANCISCO","SAN FRANCISCO",-122.49287414550781,37.743030548095703
9586583,2023,2023-06-09,3801,2023-05-24,1944,1620,RICHM,3,5,7,3801,0,0,0,,0,3G13D,"CROSSOVER DR","PARK PRESIDIO BY PASS",0.00,,Y,-,-,N,,,,,,,,,,Y,4,0,1,2,A,-,04,21703,,N,C,C,A,A,H,-,A,A,0,,,,,Y,,J,48,0,0,1,0,0,0,0,0,0,"- ","- ",,,"SAN FRANCISCO","SAN FRANCISCO",-122.47945404052734,37.771183013916016
9586596,2023,2023-06-09,3801,2023-05-29,2229,141,INGLE,1,5,7,3801,0,0,0,,0,3H15E,"GENEVA AV","CARTER ST",0.00,,Y,A,-,N,,,,,,,,,,N,4,0,2,2,A,-,03,22350,,N,C,-,A,A,H,-,C,A,0,,,,,Y,,A,01,0,0,2,0,0,0,0,0,0,"- ","- ",,,"SAN FRANCISCO","SAN FRANCISCO",-122.42338562011719,37.709270477294922
9586610,2023,2023-06-09,3801,2023-04-30,"415 ",2175,BAYVI,7,5,7,3801,0,0,0,,0,2C12E,"SILVER AV","BAYSHORE BL",0.00,,Y,A,-,N,,,,,,,,,,Y,4,0,1,2,A,-,03,22350,,N,D,C,A,A,H,-,C,A,0,,,,,Y,,J,43,0,0,1,0,0,0,0,0,0,"- ","- ",,,"SAN FRANCISCO","SAN FRANCISCO",-122.40464782714844,37.732959747314453
9586617,2023,2023-06-09,3801,2023-05-22,"851 ",390,PARK,1,5,7,3801,0,0,0,,0,002,"6TH ST","MINNA ST",6.00,S,N,A,-,N,,,,,,,,,,N,4,0,1,2,A,-,10,21950,A,N,B,B,B,A,H,-,A,A,0,Y,,,,Y,,J,48,0,0,1,0,1,0,0,0,0,"- ","- ",,,"SAN FRANCISCO","SAN FRANCISCO",-122.40811920166016,37.780536651611328
9587641,2023,2023-06-13,3801,2023-05-11,"924 ",2315,MISSI,4,5,7,3801,0,0,0,,0,3D11A,"17TH ST","CHURCH ST",20.00,W,N,A,-,N,,,,,,,,,,N,4,0,1,1,A,-,03,22350,,N,E,J,A,A,H,-,A,A,0,,,Y,,Y,,C,03,0,0,1,0,0,0,0,0,1,"- ","- ",,,"SAN FRANCISCO","SAN FRANCISCO",-122.42858123779297,37.762874603271484
9588672,2023,2023-06-20,3801,2023-04-18,"736 ",1657,BAYVI,2,5,7,3801,0,0,0,,0,3C15A,"TUNNEL AV","LATHROP AV",174.00,S,N,A,-,N,,,,,,,,,,N,4,0,1,2,A,-,07,21658,A,N,A,C,A,A,H,-,A,D,0,,,,Y,Y,,A,01,0,0,1,0,0,0,0,0,0,"- ","- ",,,"SAN FRANCISCO","SAN FRANCISCO",-122.40119934082031,37.710575103759766
9589105,2023,2023-06-12,3801,2023-02-23,1723,788,CENTR,4,5,7,3801,0,0,0,,0,3A15C,"NORTH POINT","POWELL ST",140.00,W,N,A,-,N,,,,,,,,,,N,4,0,1,2,A,-,08,22107,,N,B,J,A,A,H,-,A,D,0,,,,,Y,,-,,0,0,1,0,0,0,0,0,0,"- ","- ",,,"SAN FRANCISCO","SAN FRANCISCO",-122.41261291503906,37.806705474853516
9589420,2023,2023-06-14,3801,2023-05-21,1400,1400,CENTR,7,5,7,3801,0,0,0,,0,,"NORTH POINT ST","JONES ST",0.00,,Y,A,-,N,,,,,,,,,,N,3,0,1,2,A,-,08,22107,,N,D,G,A,A,H,-,A,A,0,,Y,,,Y,,A,01,0,1,0,0,0,0,1,0,0,"- ","- ",,,"SAN FRANCISCO","SAN FRANCISCO",-122.41709899902344,37.806148529052734
9590068,2023,2023-06-13,3801,2023-05-19,"747 ",2202,INGLE,5,5,7,3801,0,0,0,,0,3H13A,"MISSION ST","SANTA ROSA AV",26.00,N,N,B,-,N,,,,,,,,,,N,4,0,1,2,A,-,11,21954,A,N,G,B,D,A,H,-,A,D,0,Y,,Y,,Y,Y,N,60,0,0,1,0,1,0,0,0,0,"- ","- ",,,"SAN FRANCISCO","SAN FRANCISCO",-122.4339599609375,37.725822448730469
9590069,2023,2023-06-13,3801,2023-05-18,1045,2315,MISSI,4,5,7,3801,0,0,0,,0,3D15A,"FOLSOM ST","14TH ST",45.00,S,N,A,-,N,,,,,,,,,,N,4,0,1,2,A,-,17,22109,,N,G,B,F,A,H,-,A,A,0,Y,,,,Y,,I,09,0,0,1,0,1,0,0,0,0,"- ","- ",,,"SAN FRANCISCO","SAN FRANCISCO",-122.41559600830078,37.768417358398438
9590070,2023,2023-06-13,3801,2023-05-04,1259,2202,INGLE,4,5,7,3801,0,0,0,,0,3H13A,"ALEMANY BL","FARRAGUT AV",366.00,N,N,A,-,N,,,,,,,,,,Y,4,0,1,2,A,-,03,22350,,N,C,E,A,A,H,-,A,D,0,,,,,Y,Y,B,01,0,0,1,0,0,0,0,0,0,"- ","- ",,,"SAN FRANCISCO","SAN FRANCISCO",-122.45114135742188,37.712806701660156
9590072,2023,2023-06-13,3801,2023-05-16,2036,1666,PARK,2,5,7,3801,0,0,0,,0,4CAR,"SANCHEZ ST","MARKET ST",0.00,,Y,A,-,N,,,,,,,,,,N,3,0,1,2,A,-,10,21950,A,N,G,B,B,A,H,-,C,A,0,Y,,,,Y,,A,01,0,1,0,0,1,0,0,0,0,"- ","- ",,,"SAN FRANCISCO","SAN FRANCISCO",-122.43100738525391,37.765979766845703
9590166,2023,2023-06-22,3801,2023-03-09,2229,2498,NORTH,4,5,7,3801,0,0,0,,0,,LOMBARD,"BRODERICK ST",0.00,,Y,C,-,N,,,,,,,,,,Y,4,0,2,2,A,-,01,23152,A,F,D,C,A,B,H,-,C,A,0,,,,,Y,Y,A,01,0,0,2,0,0,0,0,0,0,"- ","- ",,,"SAN FRANCISCO","SAN FRANCISCO",-122.44432830810547,37.798801422119141
9590168,2023,2023-06-15,3801,2023-03-14,1600,1666,PARK,2,5,7,3801,0,0,0,,0,3CAR,"MASONIC AV","OFARRELL ST",0.00,,Y,B,C,N,,,,,,,,,,N,4,0,1,2,A,-,10,21950,A,N,-,B,B,B,H,-,A,A,0,Y,,,,Y,,A,01,0,0,1,0,1,0,0,0,0,"- ","- ",,,"SAN FRANCISCO","SAN FRANCISCO",-122.44754028320312,37.781036376953125
9590308,2023,2023-07-18,3801,2023-06-13,1307,641,BAYVI,2,5,7,3801,0,0,0,,0,3C75,"PALOU AV","CRISP RD",0.00,,Y,B,-,N,,,,,,,,,,N,4,0,1,2,A,-,08,22107,,N,D,C,A,A,H,-,A,D,0,,,,,Y,,A,01,0,0,1,0,0,0,0,0,0,"- ","- ",,,"SAN FRANCISCO","SAN FRANCISCO",-122.37989807128906,37.727756500244141
9590312,2023,2023-07-20,3801,2023-06-13,1510,1740,CENTR,2,5,7,3801,0,0,0,,0,3A13D,"NORTHPOINT ST","LARKIN ST",0.00,,Y,A,-,N,,,,,,,,,,N,4,0,1,2,A,-,10,21950,,N,G,B,B,A,H,-,A,A,0,Y,,,,Y,,I,10,0,0,1,0,1,0,0,0,0,"- ","- ",,,"SAN FRANCISCO","SAN FRANCISCO",-122.4219970703125,37.805507659912109
9590316,2023,2023-07-20,3801,2023-06-20,1130,4325,TARAV,2,5,7,3801,0,0,0,,0,001,"PACHECO ST","AERIAL WY",100.00,S,N,A,-,N,,,,,,,,,,N,4,0,1,2,D,-,00,,,N,B,C,A,A,H,-,A,D,0,,,,,Y,,-,"- ",0,0,1,0,0,0,0,0,0,"- ","- ",,,"SAN FRANCISCO","SAN FRANCISCO",-122.46900177001953,37.752708435058594
9590989,2023,2023-07-14,3801,2023-06-16,1019,2397,TENDE,5,5,7,3801,0,0,0,,0,,"MISSION ST","10TH ST",0.00,,Y,A,-,N,,,,,,,,,,,4,0,1,2,A,-,08,22101,D,N,-,D,A,-,H,-,A,A,0,,,,,Y,Y,A,01,0,0,1,0,0,0,0,0,0,"- ","- ",,,"SAN FRANCISCO","SAN FRANCISCO",-122.41590881347656,37.775276184082031
9591009,2023,2023-07-12,3801,2023-06-24,1738,4124,INGLE,6,5,7,3801,0,0,0,,0,3H11D,"MISSION ST","29TH ST",0.00,,Y,A,-,N,,,,,,,,,,N,4,0,2,3,D,-,00,,,N,B,J,A,A,H,-,A,A,0,,,,,Y,,-,"- ",0,0,2,0,0,0,0,0,0,"- ","- ",,,"SAN FRANCISCO","SAN FRANCISCO",-122.42092132568359,37.744083404541016
9591063,2023,2023-07-17,3801,2023-06-10,"127 ",1688,BAYVI,6,5,7,3801,0,0,0,,0,3C15E,"FITZGERALD AV","INGALLS ST",45.00,E,N,A,-,N,,,,,,,,,,Y,4,0,1,5,A,-,21,22106,,N,H,C,-,A,G,-,C,D,0,Y,,,,Y,,A,01,0,0,1,0,1,0,0,0,0,"- ","- ",,,"SAN FRANCISCO","SAN FRANCISCO",-122.39121246337891,37.720890045166016
9591064,2023,2023-07-14,3801,2023-06-09,1827,1350,BAYVI,5,5,7,3801,0,0,0,,0,3C12D,"BAYSHORE BL","HESTER AV",300.00,N,N,A,-,N,,,,,,,,,,N,4,0,3,3,A,-,03,22350,,N,C,C,A,A,H,-,A,A,0,,,,,Y,,A,01,0,0,3,0,0,0,0,0,0,"- ","- ",,,"SAN FRANCISCO","SAN FRANCISCO",-122.39939117431641,37.714279174804688
9591065,2023,2023-07-17,3801,2023-06-09,1430,1503,BAYVI,5,5,7,3801,0,0,0,,0,3C14C,"LA SALLE AV","WHITFIELD CT",0.00,,Y,A,-,N,,,,,,,,,,Y,3,0,2,1,A,-,08,22107,,N,E,I,A,A,H,-,A,D,0,,,,,Y,,A,01,0,2,0,0,0,0,0,0,0,"- ","- ",,,"SAN FRANCISCO","SAN FRANCISCO",-122.38156890869141,37.731124877929688
9591066,2023,2023-07-14,3801,2023-06-09,1105,2417,BAYVI,5,5,7,3801,0,0,0,,0,3C15A,"3RD ST","FITZGERALD AV",0.00,,Y,A,-,N,,,,,,,,,,Y,4,0,1,2,A,-,04,21703,,N,C,C,A,A,H,-,A,A,0,,,,,Y,,A,01,0,0,1,0,0,0,0,0,0,"- ","- ",,,"SAN FRANCISCO","SAN FRANCISCO",-122.39539337158203,37.723201751708984