CASE_ID,ACCIDENT_YEAR,PROC_DATE,JURIS,COLLISION_DATE,COLLISION_TIME,OFFICER_ID,REPORTING_DISTRICT,DAY_OF_WEEK,CHP_SHIFT,POPULATION,CNTY_CITY_LOC,SPECIAL_COND,BEAT_TYPE,CHP_BEAT_TYPE,CITY_DIVISION_LAPD,CHP_BEAT_CLASS,BEAT_NUMBER,PRIMARY_RD,SECONDARY_RD,DISTANCE,DIRECTION,INTERSECTION,WEATHER_1,WEATHER_2,STATE_HWY_IND,CALTRANS_COUNTY,CALTRANS_DISTRICT,STATE_ROUTE,ROUTE_SUFFIX,POSTMILE_PREFIX,POSTMILE,LOCATION_TYPE,RAMP_INTERSECTION,SIDE_OF_HWY,TOW_AWAY,COLLISION_SEVERITY,NUMBER_KILLED,NUMBER_INJURED,PARTY_COUNT,PRIMARY_COLL_FACTOR,PCF_CODE_OF_VIOL,PCF_VIOL_CATEGORY,PCF_VIOLATION,PCF_VIOL_SUBSECTION,HIT_AND_RUN,TYPE_OF_COLLISION,MVIW,PED_ACTION,ROAD_SURFACE,ROAD_COND_1,ROAD_COND_2,LIGHTING,CONTROL_DEVICE,CHP_ROAD_TYPE,PEDESTRIAN_ACCIDENT,BICYCLE_ACCIDENT,MOTORCYCLE_ACCIDENT,TRUCK_ACCIDENT,NOT_PRIVATE_PROPERTY,ALCOHOL_INVOLVED,STWD_VEHTYPE_AT_FAULT,CHP_VEHTYPE_AT_FAULT,COUNT_SEVERE_INJ,COUNT_VISIBLE_INJ,COUNT_COMPLAINT_PAIN,COUNT_PED_KILLED,COUNT_PED_INJURED,COUNT_BICYCLIST_KILLED,COUNT_BICYCLIST_INJURED,COUNT_MC_KILLED,COUNT_MC_INJURED,PRIMARY_RAMP,SECONDARY_RAMP,LATITUDE,LONGITUDE,COUNTY,CITY,POINT_X,POINT_Y
9591236,2023,2023-07-13,3801,2023-05-26,1859,1994,TRAFF,5,5,7,3801,0,0,0,,0,4B3C,"16TH ST","CAROLINA ST",80.00,E,N,A,-,N,,,,,,,,,,Y,3,0,1,2,A,-,08,22102,,N,D,C,A,A,H,-,A,A,0,,,Y,,Y,,A,01,0,1,0,0,0,0,0,0,1,"- ","- ",,,"SAN FRANCISCO","SAN FRANCISCO",-122.40047454833984,37.766223907470703
9591237,2023,2023-07-13,3801,2023-05-22,2002,380,CENTR,1,5,7,3801,0,0,0,,0,1CAR,"SUTTER ST","TAYLOR ST",0.00,,Y,A,-,N,,,,,,,,,,N,4,0,1,2,A,-,03,22350,,N,H,B,B,A,H,-,A,D,0,Y,,,,Y,,-,,0,0,1,0,1,0,0,0,0,"- ","- ",,,"SAN FRANCISCO","SAN FRANCISCO",-122.41188049316406,37.788814544677734
9591238,2023,2023-07-13,3801,2023-05-31,1730,1810,MISSI,3,5,7,3801,0,0,0,,0,3D13D,"MISSION ST","19TH ST",0.00,,Y,A,-,N,,,,,,,,,,Y,4,0,1,2,A,-,08,22101,D,N,D,C,A,A,H,-,A,-,0,,,,,Y,,A,08,0,0,1,0,0,0,0,0,0,"- ","- ",,,"SAN FRANCISCO","SAN FRANCISCO",-122.41921997070312,37.760219573974609
9591240,2023,2023-07-17,3801,2023-05-30,"139 ",2451,TARAV,2,5,7,3801,0,0,0,,0,3I13E,"QUINTARA ST","39TH AV",0.00,,Y,A,-,N,,,,,,,,,,Y,2,0,1,1,A,-,01,23152,B,N,A,I,A,A,H,-,C,D,0,,,,,Y,Y,A,01,1,0,0,0,0,0,0,0,0,"- ","- ",,,"SAN FRANCISCO","SAN FRANCISCO",-122.49751281738281,37.747684478759766
9591559,2023,2023-07-20,3801,2023-06-01,2200,1406,CENTR,4,5,7,3801,0,0,0,,0,SA2,"SANSOME ST","CLAY ST",0.00,,Y,A,-,N,,,,,,,,,,Y,4,0,5,2,A,-,12,21453,A,N,D,C,A,A,H,-,C,A,0,,,,,Y,,A,07,0,0,5,0,0,0,0,0,0,"- ","- ",,,"SAN FRANCISCO","SAN FRANCISCO",-122.40148162841797,37.794868469238281
9591563,2023,2023-07-18,3801,2023-06-14,1523,704,BAYVI,3,5,7,3801,0,0,0,,0,3C11D,"INDIANA ST","CESAR CHAVEZ ST",0.00,,Y,A,-,N,,,,,,,,,,N,3,0,1,2,A,-,08,22107,,N,D,G,A,A,H,-,A,D,0,,Y,,,Y,,L,04,0,1,0,0,0,0,1,0,0,"- ","- ",,,"SAN FRANCISCO","SAN FRANCISCO",-122.39044952392578,37.750068664550781
9591567,2023,2023-07-24,3801,2023-05-20,1232,1936,TRAFF,6,5,7,3801,0,0,0,,0,4B1D,"WINSTON DR","BUCKINGHAM WY",0.00,,Y,A,-,N,,,,,,,,,,N,3,0,1,2,A,-,10,21950,A,N,G,B,B,A,H,-,A,A,0,Y,,,,Y,,I,19,0,1,0,0,1,0,0,0,0,"- ","- ",,,"SAN FRANCISCO","SAN FRANCISCO",-122.47597503662109,37.730087280273438
9591575,2023,2023-07-18,3801,2023-06-08,1432,1453,CENTR,4,5,7,3801,0,0,0,,0,3A2C,"SACRAMENTO AV","SACRAMENTO AV 1150",0.00,,Y,A,-,N,,,,,,,,,,N,4,0,1,2,A,-,21,22106,,N,B,C,A,A,H,-,A,D,0,,,,Y,Y,Y,F,26,0,0,1,0,0,0,0,0,0,"- ","- ",,,"SAN FRANCISCO","SAN FRANCISCO",-122.39658355712891,37.794589996337891
9591601,2023,2023-07-18,3801,2023-06-18,1232,8,NORTH,7,5,7,3801,0,0,0,,0,3E11A,"HAIGHT ST","LAGUNA ST",24.00,W,N,A,-,N,,,,,,,,,,N,4,0,2,3,A,-,08,22107,,N,B,C,A,A,H,-,A,D,0,,,,,Y,,A,01,0,0,2,0,0,0,0,0,0,"- ","- ",,,"SAN FRANCISCO","SAN FRANCISCO",-122.42559051513672,37.772731781005859
9591606,2023,2023-07-12,3801,2023-06-05,"20  ",1871,INGLE,1,5,7,3801,0,0,0,,0,901,"LISBON ST","EXCELSIOR AV",167.00,S,N,A,-,N,,,,,,,,,,Y,4,0,1,2,A,-,21,22106,,N,C,E,A,A,H,-,C,D,0,,,,,Y,,D,22,0,0,1,0,0,0,0,0,0,"- ","- ",,,"SAN FRANCISCO","SAN FRANCISCO",-122.43152618408203,37.724712371826172
9591610,2023,2023-07-21,3801,2023-06-08,1150,2715,NORTH,4,5,7,3801,0,0,0,,0,3E16C,"VAN NESS AV","JACKSON ST",60.00,N,N,A,-,Y,SF,4,101,-,-,6.210,H,-,S,N,4,0,2,3,A,-,03,22350,,N,C,C,A,A,H,-,A,A,0,,,,,Y,,A,08,0,0,2,0,0,0,0,0,0,"- ","- ",,,"SAN FRANCISCO","SAN FRANCISCO",-122.42322540283203,37.794227600097656
9591613,2023,2023-07-20,3801,2023-06-29,2259,1806,BAYVI,4,5,7,3801,0,0,0,,0,3C15E,"SAN BRUNO AV","OLMSTEAD ST",187.00,N,N,A,-,N,,,,,,,,,,Y,4,0,1,3,A,-,03,22350,,F,C,C,A,A,H,-,C,D,0,,,,,Y,,A,07,0,0,1,0,0,0,0,0,0,"- ","- ",,,"SAN FRANCISCO","SAN FRANCISCO",-122.40183258056641,37.723331451416016
9591618,2023,2023-07-12,3801,2023-06-09,1820,1336,NORTH,5,5,7,3801,0,0,0,,0,0E3,"POLK ST","CEDAR ST",0.00,,Y,A,-,N,,,,,,,,,,Y,2,0,1,2,A,-,03,22350,,F,D,B,-,A,H,-,A,A,0,Y,,,,Y,,D,23,1,0,0,0,1,0,0,0,0,"- ","- ",,,"SAN FRANCISCO","SAN FRANCISCO",-122.41983032226562,37.786373138427734
9591625,2023,2023-07-14,3801,2023-06-01,2232,1806,BAYVI,4,5,7,3801,0,0,0,,0,3C13E,"EVANS ST","KEITH ST",471.00,W,N,A,-,N,,,,,,,,,,Y,2,0,1,2,A,-,01,23152,A,N,A,E,A,A,H,-,C,A,0,,,,Y,Y,Y,A,01,1,0,0,0,0,0,0,0,0,"- ","- ",,,"SAN FRANCISCO","SAN FRANCISCO",-122.38235473632812,37.739494323730469
9591633,2023,2023-07-17,3801,2023-06-02,"628 ",1671,CENTR,5,5,7,3801,0,0,0,,0,3A13A,"NORTH POINT ST","TAYLOR ST",0.00,,Y,A,-,N,,,,,,,,,,Y,3,0,2,3,A,-,12,21453,A,N,D,C,A,A,H,-,A,A,0,,,,Y,Y,,A,07,0,2,0,0,0,0,0,0,0,"- ","- ",,,"SAN FRANCISCO","SAN FRANCISCO",-122.41543579101562,37.806362152099609
9591645,2023,2023-07-20,3801,2023-06-03,2051,1680,MISSI,6,5,7,3801,0,0,0,,0,3D13D,"19TH ST","HARTFORD ST",0.00,,Y,A,-,N,,,,,,,,,,Y,4,0,2,2,A,-,12,22450,A,N,B,C,A,A,H,-,C,A,0,,,,,Y,,D,22,0,0,2,0,0,0,0,0,0,"- ","- ",,,"SAN FRANCISCO","SAN FRANCISCO",-122.43373107910156,37.759372711181641
9591661,2023,2023-07-20,3801,2023-06-02,"917 ",4370,INGLE,5,5,7,3801,0,0,0,,0,3H15A,"MONTEREY BL","CONGO ST",0.00,,Y,A,-,N,,,,,,,,,,Y,4,0,3,2,A,-,12,22450,A,N,D,C,A,A,H,-,A,A,0,,,,,Y,,A,01,0,0,3,0,0,0,0,0,0,"- ","- ",,,"SAN FRANCISCO","SAN FRANCISCO",-122.44203186035156,37.731590270996094
9591669,2023,2023-07-20,3801,2023-06-03,1206,186,TRAFF,6,5,7,3801,0,0,0,,0,,"HILTON ST","BAYSHORE BL",49.00,W,N,A,-,N,,,,,,,,,,N,2,0,1,3,A,-,10,21950,A,N,G,B,E,A,H,-,A,D,0,Y,,,,Y,,D,22,1,0,0,0,1,0,0,0,0,"- ","- ",,,"SAN FRANCISCO","SAN FRANCISCO",-122.40711212158203,37.738773345947266
9591694,2023,2023-07-13,3801,2023-06-28,"920 ",1945,BAYVI,3,5,7,3801,0,0,0,,0,3C15A,"3RD ST","SHAFTER AV",0.00,,Y,A,-,N,,,,,,,,,,Y,4,0,1,2,A,-,01,23152,A,N,B,C,A,A,H,-,A,A,0,,,,,Y,Y,A,07,0,0,1,0,0,0,0,0,0,"- ","- ",,,"SAN FRANCISCO","SAN FRANCISCO",-122.39189147949219,37.731636047363281
9591695,2023,2023-07-13,3801,2023-06-28,2348,2249,PARK,3,5,7,3801,0,0,0,,0,3F13E,"FULTON ST","STANYAN BL",150.00,E,N,A,-,N,,,,,,,,,,Y,4,0,1,2,A,-,07,21658,A,N,B,A,A,A,H,-,C,A,0,,,,,Y,,A,01,0,0,1,0,0,0,0,0,0,"- ","- ",,,"SAN FRANCISCO","SAN FRANCISCO",-122.45414733886719,37.774818420410156
9591696,2023,2023-07-13,3801,2023-06-28,"950 ",179,NORTH,3,5,7,3801,0,0,0,,0,3E12A,"FULTON ST","BUCHANAN ST",66.00,W,N,A,-,N,,,,,,,,,,Y,4,0,2,2,A,-,09,21804,A,N,D,C,A,-,-,-,A,A,0,,,,,Y,,A,01,0,0,2,0,0,0,0,0,0,"- ","- ",,,"SAN FRANCISCO","SAN FRANCISCO",-122.42860412597656,37.778079986572266
9591697,2023,2023-07-13,3801,2023-06-28,"921 ",1945,BAYVI,3,5,7,3801,0,0,0,,0,3C15A,"3RD ST","UNDERWOOD AV",0.00,,Y,A,-,N,,,,,,,,,,Y,4,0,1,2,A,-,01,23152,A,N,C,C,A,A,H,-,A,A,0,,,,,Y,Y,A,07,0,0,1,0,0,0,0,0,0,"- ","- ",,,"SAN FRANCISCO","SAN FRANCISCO",-122.39244842529297,37.730060577392578
9591698,2023,2023-07-13,3801,2023-06-22,1843,1875,BAYVI,4,5,7,3801,0,0,0,,0,3C13D,"SILVER AV","TOPEKA AV",0.00,,Y,A,-,N,,,,,,,,,,Y,4,0,1,2,A,-,03,22350,,N,D,C,A,A,H,-,A,D,0,,,Y,,Y,,A,01,0,0,1,0,0,0,0,0,1,"- ","- ",,,"SAN FRANCISCO","SAN FRANCISCO",-122.40095520019531,37.73529052734375
9591699,2023,2023-07-13,3801,2023-06-23,1545,2400,BAYVI,5,5,7,3801,0,0,0,,0,5CAR,"GILMAN AV","GRIFFITH ST",0.00,,Y,A,-,N,,,,,,,,,,Y,3,0,1,2,A,-,12,22450,A,N,D,C,A,A,H,-,A,A,0,,,Y,,Y,,C,03,0,1,0,0,0,0,0,0,1,"- ","- ",,,"SAN FRANCISCO","SAN FRANCISCO",-122.38812255859375,37.718215942382812
9591700,2023,2023-07-13,3801,2023-06-25,"926 ",4283,RICHM,7,5,7,3801,0,0,0,,0,003,"CLEMENT ST","6TH ST",0.00,,Y,A,B,N,,,,,,,,,,N,4,0,1,2,A,-,09,21801,A,N,B,G,A,A,H,-,A,A,0,,Y,,,Y,,-,,0,0,1,0,0,0,1,0,0,"- ","- ",,,"SAN FRANCISCO","SAN FRANCISCO",-122.46442413330078,37.782955169677734
9591701,2023,2023-07-17,3801,2023-06-25,"952 ",1061,SOUTH,7,5,7,3801,0,0,0,,0,3B3A,"9TH ST","FOLSOM ST",0.00,,Y,A,-,N,,,,,,,,,,N,4,0,1,2,A,-,10,21950,A,N,G,B,B,A,H,-,A,A,0,Y,,,,Y,,A,01,0,0,1,0,1,0,0,0,0,"- ","- ",,,"SAN FRANCISCO","SAN FRANCISCO",-122.41161346435547,37.773773193359375
9591702,2023,2023-07-13,3801,2023-06-25,1015,2440,CENTR,7,5,7,3801,0,0,0,,0,03A,"GREENWICH ST",STOCKTON,0.00,,Y,A,-,N,,,,,,,,,,N,3,0,1,2,A,-,08,22107,A,N,G,B,B,H,H,-,A,D,0,Y,,,,Y,,A,07,0,1,0,0,1,0,0,0,0,"- ","- ",,,"SAN FRANCISCO","SAN FRANCISCO",-122.40953826904297,37.802314758300781
9591703,2023,2023-07-13,3801,2023-06-25,2242,1602,MISSI,7,5,7,3801,0,0,0,,0,,"POTRERO AV","16TH ST",113.00,S,N,A,-,N,,,,,,,,,,N,3,0,1,2,A,-,08,22107,,N,D,C,A,A,H,-,C,D,0,,,Y,,Y,,A,01,0,1,0,0,0,0,0,0,1,"- ","- ",,,"SAN FRANCISCO","SAN FRANCISCO",-122.40752410888672,37.765460968017578
9591704,2023,2023-07-17,3801,2023-06-25,"21  ",1217,MISSI,7,5,7,3801,0,0,0,,0,3CAR,"MISSION ST","23RD ST",0.00,,Y,A,-,N,,,,,,,,,,Y,3,0,3,7,A,-,03,22350,A,F,C,C,A,A,H,-,C,A,0,,,,,Y,,A,01,0,1,2,0,0,0,0,0,0,"- ","- ",,,"SAN FRANCISCO","SAN FRANCISCO",-122.41860198974609,37.753829956054688
9591705,2023,2023-07-13,3801,2023-06-25,"50  ",392,MISSI,7,5,7,3801,0,0,0,,0,0D2,"CASTRO ST","CLIPPER ST",0.00,,Y,A,-,N,,,,,,,,,,N,4,0,1,2,A,-,12,22450,A,N,D,G,A,A,H,-,C,A,0,,Y,,,Y,,L,04,0,0,1,0,0,0,1,0,0,"- ","- ",,,"SAN FRANCISCO","SAN FRANCISCO",-122.433837890625,37.748897552490234
9591706,2023,2023-07-14,3801,2023-06-25,"800 ",283,MISSI,7,5,7,3801,0,0,0,,0,0D5,"MISSION ST","14TH ST",0.00,,Y,A,-,N,,,,,,,,,,N,3,0,1,2,A,-,10,21950,A,N,D,B,B,B,H,-,A,A,0,Y,,,,Y,,A,01,0,1,0,0,1,0,0,0,0,"- ","- ",,,"SAN FRANCISCO","SAN FRANCISCO",-122.41996765136719,37.768291473388672
9591708,2023,2023-07-13,3801,2023-06-27,2257,2237,TARAV,2,5,7,3801,0,0,0,,0,001,"ALEMANY BL","ST CHARLES AV",0.00,,N,F,-,N,,,,,,,,,,Y,4,0,1,1,A,-,01,23152,A,N,F,I,A,A,H,-,C,D,0,,,,,Y,Y,A,01,0,0,1,0,0,0,0,0,0,"- ","- ",,,"SAN FRANCISCO","SAN FRANCISCO",-122.46935272216797,37.710700988769531
9591709,2023,2023-07-13,3801,2023-06-27,1833,2474,BAYVI,2,5,7,3801,0,0,0,,0,3C13D,"ILLINOIS ST","24TH ST",0.00,,Y,B,-,N,,,,,,,,,,N,4,0,1,2,A,-,08,22107,,N,D,C,A,A,H,-,A,D,0,,,,,Y,,A,01,0,0,1,0,0,0,0,0,0,"- ","- ",,,"SAN FRANCISCO","SAN FRANCISCO",-122.38694763183594,37.754173278808594
9591710,2023,2023-07-13,3801,2023-06-27,"935 ",2039,TARAV,2,5,7,3801,0,0,0,,0,005,"CHUMASERO DR","GALINDO AV",20.00,S,N,B,-,N,,,,,,,,,,N,4,0,1,2,A,-,05,21460,A,F,B,C,A,-,H,-,A,D,0,,,,,Y,,A,01,0,0,1,0,0,0,0,0,0,"- ","- ",,,"SAN FRANCISCO","SAN FRANCISCO",-122.47319030761719,37.713916778564453
9591711,2023,2023-07-13,3801,2023-06-27,1836,1857,NORTH,2,5,7,3801,0,0,0,,0,3E61,"BUCHANAN ST","FILBERT ST",0.00,,Y,A,-,N,,,,,,,,,,N,3,0,1,2,A,-,10,21950,A,N,G,B,B,A,H,-,A,A,0,Y,,,,Y,,A,01,0,1,0,0,1,0,0,0,0,"- ","- ",,,"SAN FRANCISCO","SAN FRANCISCO",-122.43238067626953,37.798442840576172
9591712,2023,2023-07-13,3801,2023-06-26,1634,4347,TARAV,1,5,7,3801,0,0,0,,0,311D,"9TH AV","PACHECO ST",0.00,,Y,A,-,N,,,,,,,,,,Y,4,0,2,2,A,-,09,21800,A,N,D,C,A,A,H,-,A,A,0,,,,,Y,,A,07,0,0,2,0,0,0,0,0,0,"- ","- ",,,"SAN FRANCISCO","SAN FRANCISCO",-122.46542358398438,37.7509765625
9591713,2023,2023-07-13,3801,2023-06-24,1604,1810,MISSI,6,5,7,3801,0,0,0,,0,3D13D,"GUERRERO ST","22ND ST",0.00,,Y,A,-,N,,,,,,,,,,Y,4,0,5,6,D,-,00,,,N,D,J,B,A,H,-,A,A,0,Y,,,,Y,Y,-,"- ",0,0,5,0,4,0,0,0,0,"- ","- ",,,"SAN FRANCISCO","SAN FRANCISCO",-122.42317962646484,37.755180358886719
9591714,2023,2023-07-13,3801,2023-06-27,1155,1825,SOUTH,2,5,7,3801,0,0,0,,0,3B14A,"GOUGH ST","COLTON ST",103.00,S,N,A,-,N,,,,,,,,,,N,4,0,1,2,A,-,10,21950,A,N,G,B,C,A,H,-,A,D,0,Y,,,,Y,,-,,0,0,1,0,1,0,0,0,0,"- ","- ",,,"SAN FRANCISCO","SAN FRANCISCO",-122.42079162597656,37.772144317626953
9591715,2023,2023-07-13,3801,2023-06-27,1124,4305,NORTH,2,5,7,3801,0,0,0,,0,,"SUTTER ST","POLK ST",0.00,,Y,A,-,N,,,,,,,,,,N,4,0,1,2,A,-,10,21950,A,N,G,B,B,A,H,-,A,A,0,Y,,,,Y,,A,01,0,0,1,0,1,0,0,0,0,"- ","- ",,,"SAN FRANCISCO","SAN FRANCISCO",-122.42010498046875,37.787761688232422
9591716,2023,2023-07-13,3801,2023-06-28,1310,1892,BAYVI,3,5,7,3801,0,0,0,,0,3C2A,"BAYSHORE BL","SALINAS AV",15.00,W,N,A,-,N,,,,,,,,,,Y,4,0,1,2,A,-,21,22106,,N,D,C,A,A,H,-,A,A,0,,,,,Y,,A,01,0,0,1,0,0,0,0,0,0,"- ","- ",,,"SAN FRANCISCO","SAN FRANCISCO",-122.39993286132812,37.721599578857422
9591717,2023,2023-07-13,3801,2023-06-29,2017,1804,BAYVI,4,5,7,3801,0,0,0,,0,3C13D,"3RD ST","EVANS AV",20.00,N,N,B,E,N,,,,,,,,,,N,4,0,1,1,A,-,03,22350,,N,H,A,A,B,H,-,B,D,0,,,Y,,Y,,C,02,0,0,1,0,0,0,0,0,1,"- ","- ",,,"SAN FRANCISCO","SAN FRANCISCO",-122.38799285888672,37.742782592773438
9591718,2023,2023-07-13,3801,2023-06-29,1108,1131,BAYVI,4,5,7,3801,0,0,0,,0,,"18TH ST",MINNESOTA,0.00,,Y,B,-,N,,,,,,,,,,N,4,0,1,1,A,-,03,22350,,N,H,J,A,A,H,-,A,A,0,,Y,,,Y,,L,04,0,0,1,0,0,0,1,0,0,"- ","- ",,,"SAN FRANCISCO","SAN FRANCISCO",-122.39070892333984,37.762928009033203
9591719,2023,2023-08-01,3801,2023-06-28,1129,4305,NORTH,3,5,7,3801,0,0,0,,0,,"BAY ST","FRANKLIN ST",0.00,,Y,A,-,N,,,,,,,,,,Y,4,0,1,3,A,-,09,21801,A,N,D,C,A,A,H,-,A,A,0,,,,,Y,,A,01,0,0,1,0,0,0,0,0,0,"- ","- ",,,"SAN FRANCISCO","SAN FRANCISCO",-122.42674255371094,37.803951263427734
9591720,2023,2023-07-13,3801,2023-06-28,"606 ",2123,BAYVI,3,5,7,3801,0,0,0,,0,3C15A,"KEY AV","3RD ST",20.00,E,N,A,-,N,,,,,,,,,,N,3,0,1,2,A,-,03,22350,,N,E,I,A,A,H,-,B,A,0,,Y,,,Y,,L,04,0,1,0,0,0,0,1,0,0,"- ","- ",,,"SAN FRANCISCO","SAN FRANCISCO",-122.39698791503906,37.719482421875
9591721,2023,2023-08-24,3801,2023-06-27,1300,2126,CENTR,2,5,7,3801,0,0,0,,0,,"GEARY ST","LARKIN ST",0.00,,Y,A,-,N,,,,,,,,,,N,4,0,1,2,A,-,10,21950,A,N,G,B,B,A,H,-,A,A,0,Y,,,,Y,,A,07,0,0,1,0,1,0,0,0,0,"- ","- ",,,"SAN FRANCISCO","SAN FRANCISCO",-122.41810607910156,37.786113739013672
9591722,2023,2023-08-25,3801,2023-06-25,1141,50,TENDE,7,5,7,3801,0,0,0,,0,004,"TURK ST","LEAVENWORTH ST",120.00,E,N,A,-,N,,,,,,,,,,N,3,0,1,1,C,-,18,,,N,H,A,A,A,H,-,A,D,0,,,Y,,Y,,-,"- ",0,1,0,0,0,0,0,0,1,"- ","- ",,,"SAN FRANCISCO","SAN FRANCISCO",-122.41362762451172,37.782852172851562
9591723,2023,2023-07-12,3801,2023-06-18,1512,282,TARAV,7,5,7,3801,0,0,0,,0,315B,"BROTHERHOOD WY","BROTHERHOOD WY 725",0.00,,Y,A,-,N,,,,,,,,,,Y,4,0,1,1,A,-,03,22350,,N,E,I,A,A,H,-,A,D,0,,,,,Y,,A,07,0,0,1,0,0,0,0,0,0,"- ","- ",,,"SAN FRANCISCO","SAN FRANCISCO",,
9591724,2023,2023-07-12,3801,2023-06-21,2222,2148,MISSI,3,5,7,3801,0,0,0,,0,3D16E,"FOLSOM ST","18TH ST",20.00,S,N,A,-,N,,,,,,,,,,N,4,0,2,3,A,-,03,22350,,F,C,C,A,A,H,-,C,A,0,,,,,Y,,-,,0,0,2,0,0,0,0,0,0,"- ","- ",,,"SAN FRANCISCO","SAN FRANCISCO",-122.41498565673828,37.762046813964844
9591725,2023,2023-07-12,3801,2023-06-21,1116,1279,BAYVI,3,5,7,3801,0,0,0,,0,3C12D,"ALEMANY BL","SAN BRUNO AV",150.00,E,N,A,-,N,,,,,,,,,,Y,3,0,3,2,A,-,03,22350,,N,C,C,A,A,H,-,A,A,0,,,,,Y,,A,01,0,1,2,0,0,0,0,0,0,"- ","- ",,,"SAN FRANCISCO","SAN FRANCISCO",-122.40766143798828,37.735954284667969
9591726,2023,2023-07-12,3801,2023-06-21,"511 ",1857,NORTH,3,5,7,3801,0,0,0,,0,3E15E,"BUSH ST","FILLMORE ST",0.00,,Y,A,-,N,,,,,,,,,,Y,3,0,1,3,A,-,01,23153,,N,D,D,A,A,H,-,B,A,0,,,,,Y,Y,A,01,0,1,0,0,0,0,0,0,0,"- ","- ",,,"SAN FRANCISCO","SAN FRANCISCO",-122.43344879150391,37.787040710449219
9591727,2023,2023-07-12,3801,2023-06-20,1153,1826,CENTR,2,5,7,3801,0,0,0,,0,3A12A,"3RD ST","STEVENSON ST",0.00,,Y,A,-,N,,,,,,,,,,N,4,0,1,2,A,-,12,21453,A,N,D,C,A,A,-,-,A,A,0,,,,,Y,,A,01,0,0,1,0,0,0,0,0,0,"- ","- ",,,"SAN FRANCISCO","SAN FRANCISCO",-122.40297698974609,37.787040710449219
9591728,2023,2023-08-10,3801,2023-06-19,"823 ",2715,NORTH,1,5,7,3801,0,0,0,,0,3E16C,"SCOTT ST","FULTON ST",0.00,,Y,A,-,N,,,,,,,,,,Y,4,0,1,2,A,-,03,22350,,F,D,C,A,A,H,-,A,A,0,,,,,Y,,-,99,0,0,1,0,0,0,0,0,0,"- ","- ",,,"SAN FRANCISCO","SAN FRANCISCO",-122.43650817871094,37.777069091796875
9591729,2023,2023-07-12,3801,2023-06-19,"810 ",179,NORTH,1,5,7,3801,0,0,0,,0,3E2A,"FILLMORE ST","FULTON ST",0.00,,Y,A,-,N,,,,,,,,,,Y,2,0,1,4,A,-,12,21453,A,F,D,C,A,A,H,-,A,A,0,,,,,Y,,A,01,1,0,0,0,0,0,0,0,0,"- ","- ",,,"SAN FRANCISCO","SAN FRANCISCO",-122.43155670166016,37.777690887451172
9591730,2023,2023-07-12,3801,2023-06-18,2310,2293,NORTH,7,5,7,3801,0,0,0,,0,006,"FRANKLIN ST","LOMBARD ST",0.00,,Y,A,-,N,,,,,,,,,,N,4,0,1,2,A,-,04,21703,,F,C,C,A,A,H,-,C,A,0,,,,,Y,,B,01,0,0,1,0,0,0,0,0,0,"- ","- ",,,"SAN FRANCISCO","SAN FRANCISCO",-122.42620086669922,37.801105499267578
9591731,2023,2023-08-24,3801,2023-06-24,2230,1750,NORTH,6,5,7,3801,0,0,0,,0,0E4,"SACRAMENTO ST","LAGUNA ST",0.00,,Y,A,-,N,,,,,,,,,,N,4,0,1,2,A,-,09,21800,C,N,D,C,A,A,H,-,C,A,0,,,,,Y,,A,01,0,0,1,0,0,0,0,0,0,"- ","- ",,,"SAN FRANCISCO","SAN FRANCISCO",-122.4290771484375,37.790458679199219
9591732,2023,2023-08-25,3801,2023-06-23,1850,2380,SOUTH,5,5,7,3801,0,0,0,,0,0B4,"MISSION ST","GRACE ST",9.00,W,N,A,-,N,,,,,,,,,,N,3,0,1,2,A,-,08,22107,,N,D,C,A,A,H,-,A,A,0,,,Y,,Y,,A,07,0,1,0,0,0,0,0,0,1,"- ","- ",,,"SAN FRANCISCO","SAN FRANCISCO",-122.41551208496094,37.775592803955078
9591733,2023,2023-07-12,3801,2023-06-23,"720 ",1396,SOUTH,5,5,7,3801,0,0,0,,0,3B13A,"6TH ST","BRYANT ST",41.00,N,N,A,-,N,,,,,,,,,,Y,4,0,1,2,A,-,03,22350,,F,C,C,A,A,A,-,A,A,0,,,Y,,Y,,A,01,0,0,1,0,0,0,0,0,1,"- ","- ",,,"SAN FRANCISCO","SAN FRANCISCO",-122.40260314941406,37.776138305664062
9591734,2023,2023-07-12,3801,2023-06-22,2213,679,NORTH,4,5,7,3801,0,0,0,,0,0E6,"POLK ST","FILBERT ST",32.00,S,N,A,-,N,,,,,,,,,,Y,4,0,2,2,A,-,05,21650,,N,A,C,A,A,H,-,C,D,0,,,,,Y,Y,A,01,0,0,2,0,0,0,0,0,0,"- ","- ",,,"SAN FRANCISCO","SAN FRANCISCO",-122.42249298095703,37.799613952636719
9591735,2023,2023-07-12,3801,2023-06-22,2212,1933,TENDE,4,5,7,3801,0,0,0,,0,3J12E,"6TH ST","STEVENSON ST",0.00,,Y,A,-,N,,,,,,,,,,N,4,0,1,2,A,-,00,21955,A,N,G,B,D,A,H,-,C,D,0,Y,,,,Y,,N,60,0,0,1,0,1,0,0,0,0,"- ","- ",,,"SAN FRANCISCO","SAN FRANCISCO",-122.40966796875,37.781764984130859
9591736,2023,2023-07-12,3801,2023-06-17,2311,2457,SOUTH,6,5,7,3801,0,0,0,,0,3B14E,"MARKET ST","GOUGH ST",0.00,,Y,A,-,N,,,,,,,,,,N,4,0,1,2,A,-,12,21453,A,F,D,C,A,A,H,-,C,A,0,,,Y,,Y,,A,01,0,0,1,0,0,0,0,0,1,"- ","- ",,,"SAN FRANCISCO","SAN FRANCISCO",-122.42221069335938,37.772872924804688