CASE_ID,ACCIDENT_YEAR,PROC_DATE,JURIS,COLLISION_DATE,COLLISION_TIME,OFFICER_ID,REPORTING_DISTRICT,DAY_OF_WEEK,CHP_SHIFT,POPULATION,CNTY_CITY_LOC,SPECIAL_COND,BEAT_TYPE,CHP_BEAT_TYPE,CITY_DIVISION_LAPD,CHP_BEAT_CLASS,BEAT_NUMBER,PRIMARY_RD,SECONDARY_RD,DISTANCE,DIRECTION,INTERSECTION,WEATHER_1,WEATHER_2,STATE_HWY_IND,CALTRANS_COUNTY,CALTRANS_DISTRICT,STATE_ROUTE,ROUTE_SUFFIX,POSTMILE_PREFIX,POSTMILE,LOCATION_TYPE,RAMP_INTERSECTION,SIDE_OF_HWY,TOW_AWAY,COLLISION_SEVERITY,NUMBER_KILLED,NUMBER_INJURED,PARTY_COUNT,PRIMARY_COLL_FACTOR,PCF_CODE_OF_VIOL,PCF_VIOL_CATEGORY,PCF_VIOLATION,PCF_VIOL_SUBSECTION,HIT_AND_RUN,TYPE_OF_COLLISION,MVIW,PED_ACTION,ROAD_SURFACE,ROAD_COND_1,ROAD_COND_2,LIGHTING,CONTROL_DEVICE,CHP_ROAD_TYPE,PEDESTRIAN_ACCIDENT,BICYCLE_ACCIDENT,MOTORCYCLE_ACCIDENT,TRUCK_ACCIDENT,NOT_PRIVATE_PROPERTY,ALCOHOL_INVOLVED,STWD_VEHTYPE_AT_FAULT,CHP_VEHTYPE_AT_FAULT,COUNT_SEVERE_INJ,COUNT_VISIBLE_INJ,COUNT_COMPLAINT_PAIN,COUNT_PED_KILLED,COUNT_PED_INJURED,COUNT_BICYCLIST_KILLED,COUNT_BICYCLIST_INJURED,COUNT_MC_KILLED,COUNT_MC_INJURED,PRIMARY_RAMP,SECONDARY_RAMP,LATITUDE,LONGITUDE,COUNTY,CITY,POINT_X,POINT_Y
9610716,2023,2023-09-18,3801,2023-07-29,1401,282,TARAV,6,5,7,3801,0,0,0,,0,005,"SKYLINE BL","OLYMPIC CLUB ROAD",0.00,,N,A,-,N,,,,,,,,,,Y,4,0,2,2,A,-,09,21802,A,N,D,C,A,A,H,-,A,D,0,,,,,Y,,A,01,0,0,2,0,0,0,0,0,0,"- ","- ",,,"SAN FRANCISCO","SAN FRANCISCO",-122.49658966064453,37.702159881591797
9610717,2023,2023-09-18,3801,2023-07-31,"225 ",1252,RICHM,1,5,7,3801,0,0,0,,0,0G2,"COLLINS ST","GEARY BL",126.00,N,N,A,-,N,,,,,,,,,,Y,3,0,1,2,A,-,01,23153,A,N,B,E,A,A,H,-,C,D,0,,,,,Y,Y,A,01,0,1,0,0,0,0,0,0,0,"- ","- ",,,"SAN FRANCISCO","SAN FRANCISCO",-122.4501953125,37.782520294189453
9610718,2023,2023-09-18,3801,2023-07-31,"58  ",2341,INGLE,1,5,7,3801,0,0,0,,0,3H15E,"SAN JOSE AV","MONTEREY BL",14.00,E,N,A,-,N,,,,,,,,,,Y,3,0,1,1,A,-,01,23152,A,N,E,I,A,A,H,-,D,D,0,,,,,Y,Y,A,01,0,1,0,0,0,0,0,0,0,"- ","- ",,,"SAN FRANCISCO","SAN FRANCISCO",-122.43508911132812,37.732254028320312
9610719,2023,2023-09-18,3801,2023-07-30,2159,996,BAYVI,7,5,7,3801,0,0,0,,0,3C2,"BAYSHORE BL","OAKDALE AV",398.00,N,N,B,-,N,,,,,,,,,,N,4,0,1,3,A,-,03,22350,,F,C,C,A,A,H,-,C,D,0,,,,,Y,,A,01,0,0,1,0,0,0,0,0,0,"- ","- ",,,"SAN FRANCISCO","SAN FRANCISCO",-122.40457153320312,37.744003295898438
9610775,2023,2023-09-14,3801,2023-08-02,2247,4046,INGLE,3,5,7,3801,0,0,0,,0,3H15E,"MISSION ST","ITALY AV",17.00,S,N,A,-,N,,,,,,,,,,Y,4,0,2,2,A,-,03,22350,,N,C,C,A,A,H,-,C,A,0,,,,,Y,,A,01,0,0,2,0,0,0,0,0,0,"- ","- ",,,"SAN FRANCISCO","SAN FRANCISCO",-122.43955993652344,37.718429565429688
9612747,2023,2023-08-18,3801,2023-04-21,2140,839,CENTR,5,5,7,3801,0,0,0,,0,,"FRONT ST","BROADWAY ST",0.00,,Y,A,-,N,,,,,,,,,,Y,3,0,1,2,A,-,04,21703,,N,C,C,A,A,H,-,C,A,0,,,Y,,Y,,C,03,0,1,0,0,0,0,0,0,1,"- ","- ",,,"SAN FRANCISCO","SAN FRANCISCO",-122.39986419677734,37.798740386962891
9614558,2023,2023-10-09,3801,2023-06-30,1212,4375,TRAFF,5,5,7,3801,0,0,0,,0,4B1F,"14TH AV","CLEMENT ST",35.00,N,N,A,-,N,,,,,,,,,,Y,4,0,2,3,A,-,12,22450,A,F,D,C,A,A,H,-,A,A,0,,,,,Y,Y,A,07,0,0,2,0,0,0,0,0,0,"- ","- ",,,"SAN FRANCISCO","SAN FRANCISCO",-122.47300720214844,37.782657623291016
9614644,2023,2023-10-09,3801,2023-08-31,1754,359,TARAV,4,5,7,3801,0,0,0,,0,314B,"BROTHERHOOD WY","BROTHERHOOD WY  999",0.00,,N,A,-,N,,,,,,,,,,Y,4,0,1,2,A,-,04,21703,,N,C,C,A,A,H,-,B,A,0,,,,,Y,,I,11,0,0,1,0,0,0,0,0,0,"- ","- ",,,"SAN FRANCISCO","SAN FRANCISCO",,
9614648,2023,2023-10-18,3801,2023-09-01,1415,746,INGLE,5,5,7,3801,0,0,0,,0,3H4C,"MISSION ST","SANTA ROSA AV",0.00,,Y,A,-,N,,,,,,,,,,N,3,0,2,3,A,-,10,21950,A,N,-,B,B,A,H,-,A,A,0,Y,,,,Y,,I,09,0,1,1,0,2,0,0,0,0,"- ","- ",37.725830078125,-122.4339599609375,"SAN FRANCISCO","SAN FRANCISCO",-122.43401336669922,37.725757598876953
9614672,2023,2023-10-17,3801,2023-09-03,1202,4286,RICHM,7,5,7,3801,0,0,0,,0,0G5,"ANZA ST","43RD AV",0.00,,Y,A,-,N,,,,,,,,,,N,4,0,1,2,A,-,09,21800,B,N,D,C,A,A,H,-,A,A,0,,,,,Y,,A,01,0,0,1,0,0,0,0,0,0,"- ","- ",,,"SAN FRANCISCO","SAN FRANCISCO",-122.50384521484375,37.77728271484375
9614676,2023,2023-10-17,3801,2023-09-02,"248 ",1688,BAYVI,6,5,7,3801,0,0,0,,0,3C12E,"EVANS AV","SELBY ST",25.00,N,N,A,-,N,,,,,,,,,,Y,4,0,1,2,A,-,09,21801,B,N,A,C,A,A,H,-,C,D,0,,,,,Y,,A,08,0,0,1,0,0,0,0,0,0,"- ","- ",,,"SAN FRANCISCO","SAN FRANCISCO",-122.39412689208984,37.746208190917969
9614688,2023,2023-11-04,3801,2023-09-08,1516,1845,TARAV,5,5,7,3801,0,0,0,,0,3I11D,"SUNSET BL","JUDAH ST",0.00,,Y,A,-,N,,,,,,,,,,N,3,0,1,2,A,-,11,21456,,M,G,B,B,A,H,-,A,A,0,Y,,,,Y,,N,60,0,1,0,0,1,0,0,0,0,"- ","- ",,,"SAN FRANCISCO","SAN FRANCISCO",-122.49583435058594,37.760860443115234
9614696,2023,2023-10-17,3801,2023-09-23,1558,1707,NORTH,6,5,7,3801,0,0,0,,0,3E13D,"STEINER ST","PAGE ST",118.00,N,N,A,-,N,,,,,,,,,,Y,4,0,1,2,A,-,03,22350,A,F,B,E,A,A,H,-,A,D,0,,,,,Y,,A,01,0,0,1,0,0,0,0,0,0,"- ","- ",,,"SAN FRANCISCO","SAN FRANCISCO",-122.43234252929688,37.773151397705078
9614719,2023,2023-10-17,3801,2023-09-01,1704,1355,TARAV,5,5,7,3801,0,0,0,,0,3I15D,"JUNIPERO SERRA BL","HOLLOWAY AV",0.00,,Y,A,-,N,,,,,,,,,,Y,3,0,2,2,A,-,09,21802,A,N,D,C,A,A,H,-,A,A,0,,,,,Y,,A,07,0,1,1,0,0,0,0,0,0,"- ","- ",,,"SAN FRANCISCO","SAN FRANCISCO",-122.47267150878906,37.721572875976562
9615455,2023,2023-09-11,3801,2023-05-31,1800,577,TARAV,3,5,7,3801,0,0,0,,0,016,"OCEAN AV","BRIGHTON AV",127.00,E,N,A,-,N,,,,,,,,,,N,4,0,1,2,D,-,00,,,N,B,C,A,A,H,-,A,D,0,,,,,Y,,-,"- ",0,0,1,0,0,0,0,0,0,"- ","- ",,,"SAN FRANCISCO","SAN FRANCISCO",-122.4547119140625,37.723613739013672
9615456,2023,2023-09-08,3801,2023-07-19,"342 ",2188,BAYVI,3,5,7,3801,0,0,0,,0,3C11E,"25TH ST","ILLINOIS ST",0.00,,Y,A,-,N,,,,,,,,,,Y,4,0,1,2,A,-,00,24153,A,F,D,C,A,A,H,-,C,A,0,,,,,Y,,A,08,0,0,1,0,0,0,0,0,0,"- ","- ",,,"SAN FRANCISCO","SAN FRANCISCO",-122.38686370849609,37.752902984619141
9615464,2023,2023-09-12,3801,2023-07-28,1122,397,CENTR,5,5,7,3801,0,0,0,,0,3A13C,"THE EMBARCADERO","BAY ST",0.00,,Y,A,-,N,,,,,,,,,,Y,4,0,2,2,A,-,03,22350,,N,C,C,A,A,H,-,A,A,0,,,,,Y,,A,01,0,0,2,0,0,0,0,0,0,"- ","- ",,,"SAN FRANCISCO","SAN FRANCISCO",-122.40596771240234,37.806632995605469
9615468,2023,2023-09-13,3801,2023-07-21,1500,1052,RICHM,5,5,7,3801,0,0,0,,0,3G15D,"FULTON ST","PARK PRESIDIO BL",0.00,,Y,-,-,N,,,,,,,,,,N,4,0,1,2,A,-,03,22350,,N,C,C,A,A,H,-,A,A,0,,,,,Y,,A,08,0,0,1,0,0,0,0,0,0,"- ","- ",,,"SAN FRANCISCO","SAN FRANCISCO",-122.47177886962891,37.773124694824219
9615476,2023,2023-09-13,3801,2023-07-29,"233 ",2307,NORTH,6,5,7,3801,0,0,0,,0,3E14E,"GOUGH ST",SUTTER,0.00,,Y,A,-,N,,,,,,,,,,Y,3,0,3,6,A,-,12,21453,A,F,D,C,A,A,H,-,C,A,0,,,,,Y,,D,22,0,1,2,0,0,0,0,0,0,"- ","- ",,,"SAN FRANCISCO","SAN FRANCISCO",-122.42504119873047,37.787139892578125
9615480,2023,2023-09-13,3801,2023-08-08,1930,1565,SOUTH,2,5,7,3801,0,0,0,,0,3B13D,"8TH ST","NATOMA ST",69.00,S,N,A,-,N,,,,,,,,,,Y,4,0,2,2,A,-,01,23153,F,N,C,C,A,A,H,-,B,A,0,,,,,Y,,D,22,0,0,2,0,0,0,0,0,0,"- ","- ",,,"SAN FRANCISCO","SAN FRANCISCO",-122.41195678710938,37.776527404785156
9615511,2023,2023-09-21,3801,2023-08-29,"836 ",392,MISSI,2,5,7,3801,0,0,0,,0,0D6,"POTRERO AV","24TH ST",151.00,N,N,A,-,N,,,,,,,,,,Y,4,0,1,3,A,-,03,22350,,N,C,C,A,A,H,-,A,D,0,,,,,Y,,A,01,0,0,1,0,0,0,0,0,0,"- ","- ",,,"SAN FRANCISCO","SAN FRANCISCO",-122.40636444091797,37.753402709960938
9615514,2022,2023-09-14,3801,2022-07-09,1320,1900,TARAV,6,5,7,3801,0,0,0,,0,005,"SLOAT BL","LAKE SHORE PLAZA",33.00,E,N,B,-,N,,,,,,,,,,N,3,0,1,2,A,-,12,21453,A,F,B,C,A,A,H,-,A,A,0,,,Y,,Y,,D,22,0,1,0,0,0,0,0,0,1,"- ","- ",,,"SAN FRANCISCO","SAN FRANCISCO",-122.49037933349609,37.733974456787109
9615519,2023,2023-09-12,3801,2023-08-15,1413,1435,TRAFF,2,5,7,3801,0,0,0,,0,4B4C,"6TH ST","BRANNAN ST",137.00,N,N,A,-,N,,,,,,,,,,Y,4,0,4,4,A,-,04,21703,,N,C,C,A,A,H,-,A,A,0,,,,,Y,,A,01,0,0,4,0,0,0,0,0,0,"- ","- ",,,"SAN FRANCISCO","SAN FRANCISCO",-122.40129089355469,37.775100708007812
9615806,2023,2023-09-20,3801,2023-07-31,1240,4305,NORTH,1,5,7,3801,0,0,0,,0,0E3,"VAN NESS AV","PINE ST",0.00,,-,A,-,N,,,,,,,,,,,4,0,2,2,A,-,12,21453,,N,D,C,A,A,H,-,A,A,0,,,,,Y,,A,07,0,0,2,0,0,0,0,0,0,"- ","- ",,,"SAN FRANCISCO","SAN FRANCISCO",-122.42209625244141,37.789417266845703
9616993,2023,2023-10-13,3801,2023-09-07,1345,380,CENTR,4,5,7,3801,0,0,0,,0,1CAR,"HYDE ST","GEARY ST",0.00,,Y,A,-,N,,,,,,,,,,,3,0,1,2,A,-,10,21950,A,M,B,B,B,A,H,-,A,A,0,Y,,,,Y,,-,99,0,1,0,0,1,0,0,0,0,"- ","- ",,,"SAN FRANCISCO","SAN FRANCISCO",-122.41645050048828,37.786319732666016
9616995,2023,2023-10-13,3801,2023-09-03,1800,380,CENTR,7,5,7,3801,0,0,0,,0,,"CLAY ST","SANSOME ST",0.00,,Y,A,-,N,,,,,,,,,,Y,4,0,3,2,A,-,12,21453,A,N,D,C,A,A,H,-,A,A,0,,,,,Y,,A,01,0,0,3,0,0,0,0,0,0,"- ","- ",,,"SAN FRANCISCO","SAN FRANCISCO",-122.40148162841797,37.794868469238281
9616996,2023,2023-10-13,3801,2023-09-17,1637,1666,PARK,7,5,7,3801,0,0,0,,0,4CAR,"CASTRO ST","15T ST",0.00,,Y,A,-,N,,,,,,,,,,N,3,0,1,2,A,-,08,22107,,N,B,G,A,A,-,-,A,A,0,,Y,,,Y,,L,04,0,1,0,0,0,0,1,0,0,"- ","- ",,,"SAN FRANCISCO","SAN FRANCISCO",,
9616998,2023,2023-10-13,3801,2023-09-26,1640,1666,PARK,2,5,7,3801,0,0,0,,0,4CAR,"PAGE ST","DIVISADERO ST",255.00,W,N,A,-,N,,,,,,,,,,N,4,0,1,2,A,-,08,22103,,F,D,G,A,A,H,-,A,A,0,,Y,,,Y,,A,01,0,0,1,0,0,0,1,0,0,"- ","- ",,,"SAN FRANCISCO","SAN FRANCISCO",-122.43810272216797,37.7720947265625
9617017,2023,2023-10-12,3801,2023-09-14,1136,1501,INGLE,4,5,7,3801,0,0,0,,0,3H11A,"PERU AV","VALMAR TER",37.00,N,N,A,-,N,,,,,,,,,,Y,3,0,1,1,A,-,03,22350,,N,E,I,A,A,H,-,A,D,0,,,,,Y,Y,A,01,0,1,0,0,0,0,0,0,0,"- ","- ",,,"SAN FRANCISCO","SAN FRANCISCO",-122.42421722412109,37.725994110107422
9617145,2023,2023-10-23,3801,2023-06-21,1233,1237,CENTR,3,5,7,3801,0,0,0,,0,3A57,"BATTERY ST","WASHINGTON ST",0.00,,Y,A,-,N,,,,,,,,,,N,4,0,1,3,A,-,04,21703,,N,C,C,A,A,H,-,A,D,0,,,,,Y,,A,01,0,0,1,0,0,0,0,0,0,"- ","- ",,,"SAN FRANCISCO","SAN FRANCISCO",-122.40049743652344,37.795886993408203
9617488,2023,2023-09-08,3801,2023-07-15,1546,1339,TRAFF,6,5,7,3801,0,0,0,,0,4B3D,"COLUMBUS AV","UNION ST",0.00,,Y,A,-,N,,,,,,,,,,N,3,0,1,2,A,-,06,21755,A,N,B,G,A,A,H,-,A,A,0,,,,,Y,,M,91,0,1,0,0,0,0,0,0,0,"- ","- ",,,"SAN FRANCISCO","SAN FRANCISCO",-122.41017150878906,37.800304412841797
9617490,2023,2023-09-08,3801,2023-07-24,1052,283,MISS,1,5,7,3801,0,0,0,,0,0J3,"MARKET ST","CHARLES J BRENHAM",252.00,W,N,A,-,N,,,,,,,,,,N,4,0,1,2,A,-,10,21952,,N,G,B,F,A,H,-,A,A,0,Y,,,,Y,,J,48,0,0,1,0,1,0,0,0,0,"- ","- ",,,"SAN FRANCISCO","SAN FRANCISCO",-122.41313171386719,37.779991149902344
9617491,2023,2023-09-08,3801,2023-08-21,"840 ",4333,NORTH,1,5,7,3801,0,0,0,,0,3E15A,"MARINA BL","DIVISADERO ST",0.00,,Y,A,-,N,,,,,,,,,,Y,4,0,1,2,A,-,12,22450,,N,D,C,A,A,H,-,A,A,0,,,,,Y,,J,48,0,0,1,0,0,0,0,0,0,"- ","- ",,,"SAN FRANCISCO","SAN FRANCISCO",-122.44400024414062,37.805587768554688
9617492,2023,2023-09-08,3801,2023-08-06,"350 ",917,TRAFF,7,5,7,3801,0,0,0,,0,4B2E,"CESAR CHAVEZ ST","KANSAS ST",0.00,,Y,A,-,N,,,,,,,,,,Y,4,0,2,2,A,-,12,21453,A,N,D,C,A,A,H,-,C,A,0,,,,,Y,,A,01,0,0,2,0,0,0,0,0,0,"- ","- ",,,"SAN FRANCISCO","SAN FRANCISCO",-122.40206146240234,37.749393463134766
9617517,2023,2023-09-07,3801,2023-08-17,2220,2293,NORTH,4,5,7,3801,0,0,0,,0,0E3,"TURK ST","POLK ST",0.00,,Y,A,-,N,,,,,,,,,,Y,4,0,1,2,A,-,09,21806,A,N,D,C,A,A,H,-,C,A,0,,,,,Y,,A,01,0,0,1,0,0,0,0,0,0,"- ","- ",,,"SAN FRANCISCO","SAN FRANCISCO",-122.41899871826172,37.782169342041016
9617665,2023,2023-09-14,3801,2023-08-09,"611 ",2097,BAYVI,3,5,7,3801,0,0,0,,0,3C12A,"HILTON ST","CORTLAND AV",50.00,S,N,A,-,N,,,,,,,,,,Y,4,0,1,2,A,-,06,21755,A,N,C,C,A,A,H,-,C,D,0,,,,Y,Y,,A,01,0,0,1,0,0,0,0,0,0,"- ","- ",,,"SAN FRANCISCO","SAN FRANCISCO",-122.40766906738281,37.739475250244141
9617671,2022,2023-09-14,3801,2022-11-30,1150,1100,TENDE,3,5,7,3801,0,0,0,,0,3J97C,"STEVENSON ALLEY","8TH ST",94.00,W,N,-,-,N,,,,,,,,,,N,4,0,1,2,A,-,06,21750,A,N,B,J,E,A,H,-,A,D,0,Y,,,,Y,,D,22,0,0,1,0,1,0,0,0,0,"- ","- ",,,"SAN FRANCISCO","SAN FRANCISCO",-122.41437530517578,37.778064727783203
9617677,2023,2023-09-14,3801,2023-06-30,1917,2486,TARAV,5,5,7,3801,0,0,0,,0,3116D,"47TH AV","SLOAT BL",24.00,N,N,A,-,N,,,,,,,,,,N,4,0,1,2,A,-,05,21650,,N,B,C,A,A,H,-,A,A,0,,,Y,,Y,,I,19,0,0,1,0,0,0,0,0,1,"- ","- ",,,"SAN FRANCISCO","SAN FRANCISCO",-122.50526428222656,37.735626220703125
9617852,2023,2023-10-12,3801,2023-09-08,"120 ",1463,SOUTH,5,5,7,3801,0,0,0,,0,0B2,"HARRISON ST","6TH ST",0.00,,Y,A,-,N,,,,,,,,,,N,3,0,1,2,A,-,08,22107,,N,B,C,A,A,H,-,C,A,0,,,Y,,Y,,J,43,0,1,0,0,0,0,0,0,1,"- ","- ",,,"SAN FRANCISCO","SAN FRANCISCO",-122.40408325195312,37.777309417724609
9617886,2023,2023-10-11,3801,2023-07-27,1426,1339,TRAFF,4,5,7,3801,0,0,0,,0,4B3D,"THE EMBARCADERO","BATTERY ST",466.00,,N,A,-,N,,,,,,,,,,N,3,0,1,2,A,-,17,22517,,N,B,G,A,A,H,-,A,-,0,,Y,,,Y,,J,48,0,1,0,0,0,0,1,0,0,"- ","- ",,,"SAN FRANCISCO","SAN FRANCISCO",-122.40202331542969,37.803977966308594
9617900,2023,2023-10-11,3801,2023-09-23,1445,1238,MISSI,6,5,7,3801,0,0,0,,0,3D14C,"FOLSOM ST","16TH ST",163.00,S,N,A,-,N,,,,,,,,,,N,4,0,1,2,A,-,04,21703,,N,C,C,A,A,H,-,A,A,0,,,,,Y,,J,43,0,0,1,0,0,0,0,0,0,"- ","- ",,,"SAN FRANCISCO","SAN FRANCISCO",-122.41525268554688,37.764862060546875
9618281,2023,2023-11-16,3801,2023-10-04,2235,2140,MISSI,3,5,7,3801,0,0,0,,0,3D15E,"BRUSSELS ST","OLMSTEAD ST",0.00,,Y,A,-,N,,,,,,,,,,N,4,0,1,2,A,-,21,22106,,N,C,C,A,A,H,-,C,D,0,,,,,Y,,A,01,0,0,1,0,0,0,0,0,0,"- ","- ",,,"SAN FRANCISCO","SAN FRANCISCO",-122.40357971191406,37.722320556640625
9618288,2023,2023-11-22,3801,2023-09-28,1808,2401,SOUTH,4,5,7,3801,0,0,0,,0,3B13D,"7TH AV","BRYANT ST",0.00,,N,A,-,Y,SF,4,80,-,-,4.292,R,4,E,N,4,0,6,2,A,-,09,21804,A,N,D,C,A,A,H,-,A,A,0,,,Y,,Y,,J,48,0,0,6,0,0,0,0,0,1,"- ","- ",,,"SAN FRANCISCO","SAN FRANCISCO",-122.406494140625,37.772331237792969
9618306,2023,2023-11-13,3801,2023-10-27,1739,1046,NORTH,5,5,7,3801,0,0,0,,0,3E13D,"VAN NESS AV","GOLDEN GATE AV",0.00,,Y,A,-,N,,,,,,,,,,N,4,0,1,3,A,-,11,21453,D,N,E,B,B,A,H,-,A,A,0,Y,,,,Y,,N,60,0,0,1,0,1,0,0,0,0,"- ","- ",,,"SAN FRANCISCO","SAN FRANCISCO",-122.42038726806641,37.781028747558594
9624029,2023,2025-06-25,3801,2023-01-01,2019,4119,TRAFF,7,5,7,3801,0,0,0,,0,4B103,"POTRERO AV","ALAMEDA ST",5.00,S,N,A,-,N,,,,,,,,,,N,1,1,1,3,A,-,11,21456,A,F,G,B,B,A,H,-,C,A,0,Y,,,,Y,Y,N,60,0,0,1,1,1,0,0,0,0,"- ","- ",,,"SAN FRANCISCO","SAN FRANCISCO",-122.40779113769531,37.768367767333984
9624057,2023,2023-10-11,3801,2023-08-06,"10  ",917,TRAFF,7,5,7,3801,0,0,0,,0,4B2E,"FELL ST","VAN NESS AV",151.00,E,N,A,-,N,,,,,,,,,,Y,1,1,0,2,A,-,11,21954,A,F,G,B,E,A,H,-,C,D,0,Y,,,,Y,,N,60,0,0,0,1,0,0,0,0,0,"- ","- ",,,"SAN FRANCISCO","SAN FRANCISCO",-122.41898345947266,37.776439666748047
9624058,2023,2025-06-25,3801,2023-08-25,"610 ",4375,TRAFF,5,5,7,3801,0,0,0,,0,4BIF,RT-101,"MARIN ST",1.00,N,N,A,-,Y,SF,4,101,-,-,3.112,R,4,N,Y,1,1,0,2,A,-,11,21954,A,N,G,B,D,A,H,-,C,D,0,Y,,,,Y,,N,60,0,0,0,1,0,0,0,0,0,"- ","- ",,,"SAN FRANCISCO","SAN FRANCISCO",-122.40314483642578,37.750850677490234
9624059,2023,2023-10-17,3801,2023-09-11,"807 ",917,TRAFF,1,5,7,3801,0,0,0,,0,4B2E,"TARAVAL ST","46TH AV",9.00,E,N,A,-,N,,,,,,,,,,N,1,1,0,2,A,-,10,21950,A,N,G,B,B,A,H,-,A,A,0,Y,,,,Y,,A,08,0,0,0,1,0,0,0,0,0,"- ","- ",,,"SAN FRANCISCO","SAN FRANCISCO",-122.50460052490234,37.741771697998047
9624200,2023,2025-06-27,3801,2023-08-14,2242,1422,TRAFF,1,5,7,3801,0,0,0,,0,04B,"HARRISON ST","7TH ST",25.00,N,N,A,-,N,,,,,,,,,,N,1,1,0,2,A,-,11,21954,A,F,G,B,E,A,H,-,C,A,0,Y,,,,Y,Y,N,60,0,0,0,1,0,0,0,0,0,"- ","- ",,,"SAN FRANCISCO","SAN FRANCISCO",-122.40621948242188,37.775588989257812
9624201,2023,2025-04-29,3801,2023-08-19,1845,917,TRAFF,6,5,7,3801,0,0,0,,0,4B2E,"LAKE MERCED BL","BROTHERHOOD WY",101.00,N,N,A,-,N,,,,,,,,,,Y,1,1,0,1,A,-,07,21658,A,N,E,I,A,A,H,-,B,D,0,,,Y,,Y,,C,02,0,0,0,0,0,0,0,1,0,"- ","- ",,,"SAN FRANCISCO","SAN FRANCISCO",-122.48523712158203,37.714996337890625
9624204,2023,2023-11-08,3801,2023-09-12,1536,104,TRAFF,2,5,7,3801,0,0,0,,0,4B4F,"FOLSOM ST","13TH ST",141.00,N,N,A,-,N,,,,,,,,,,Y,1,1,1,3,A,-,09,21801,A,N,C,C,A,A,H,-,A,D,0,,,Y,Y,Y,,A,01,0,0,1,0,0,0,0,1,0,"- ","- ",,,"SAN FRANCISCO","SAN FRANCISCO",-122.41550445556641,37.769901275634766
9624208,2023,2023-11-08,3801,2023-09-18,2342,1422,TRAFF,1,5,7,3801,0,0,0,,0,4B2F,"1ST ST","FOLSOM ST",135.00,S,N,A,-,N,,,,,,,,,,N,1,1,0,1,A,-,17,21235,G,N,E,J,A,A,H,-,C,-,0,,,Y,,Y,,C,03,0,0,0,0,0,0,0,1,0,"- ","- ",,,"SAN FRANCISCO","SAN FRANCISCO",-122.39414215087891,37.787055969238281
9624401,2023,2023-09-14,3801,2023-08-16,2500,504,NORTH,3,5,7,3801,0,0,0,,0,3E15A,"LOMBARD ST","SCOTT ST",184.00,E,N,A,-,N,,,,,,,,,,Y,4,0,1,2,A,-,03,22350,,N,C,C,A,A,H,-,A,A,0,,,,,Y,,A,01,0,0,1,0,0,0,0,0,0,"- ","- ",,,"SAN FRANCISCO","SAN FRANCISCO",-122.44036865234375,37.799293518066406
9624404,2023,2023-09-12,3801,2023-08-24,"819 ",1857,SOUTH,4,5,7,3801,0,0,0,,0,3B60,"HOWARD ST","7TH ST",218.00,W,N,A,-,N,,,,,,,,,,,3,0,1,2,A,-,17,21657,,N,D,C,A,A,G,-,A,D,0,,,,,Y,,M,94,0,1,0,0,0,0,0,0,0,"- ","- ",,,"SAN FRANCISCO","SAN FRANCISCO",-122.40992736816406,37.777549743652344
9624406,2023,2023-09-21,3801,2023-08-10,1331,1051,NORTH,4,5,7,3801,0,0,0,,0,3E13C,"HAYES ST","VAN NESS AV",150.00,E,N,A,-,N,,,,,,,,,,N,3,0,1,3,A,-,17,22517,,N,B,G,A,A,H,-,A,D,0,,Y,,Y,Y,,F,25,0,1,0,0,0,0,1,0,0,"- ","- ",,,"SAN FRANCISCO","SAN FRANCISCO",-122.41916656494141,37.777362823486328
9624409,2023,2023-09-12,3801,2023-08-29,1535,1857,SOUTH,2,5,7,3801,0,0,0,,0,3B60,"HARRISON ST","4TH ST",0.00,,Y,A,-,N,,,,,,,,,,N,4,0,1,3,A,-,07,21658,A,N,B,C,A,A,H,-,A,A,0,,,,,Y,,A,01,0,0,1,0,0,0,0,0,0,"- ","- ",,,"SAN FRANCISCO","SAN FRANCISCO",-122.39962768554688,37.780776977539062
9624417,2023,2023-09-12,3801,2023-08-10,1541,2118,SOUTH,4,5,7,3801,0,0,0,,0,3B12D,"MISSION ST","13TH ST",50.00,N,N,A,-,N,,,,,,,,,,N,4,0,1,2,A,-,04,21703,,N,C,C,A,A,H,-,A,D,0,,,,,Y,,-,,0,0,1,0,0,0,0,0,0,"- ","- ",,,"SAN FRANCISCO","SAN FRANCISCO",-122.41989898681641,37.770114898681641
9624425,2023,2023-09-25,3801,2023-08-18,2320,821,SOUTH,5,5,7,3801,0,0,0,,0,0B5,"TERRY A FRANCOIS BL","WARRIORS WY",0.00,,Y,A,-,N,,,,,,,,,,N,4,0,1,2,A,-,11,21954,A,N,G,B,E,A,H,-,C,A,0,Y,,,,Y,Y,N,60,0,0,1,0,1,0,0,0,0,"- ","- ",,,"SAN FRANCISCO","SAN FRANCISCO",-122.38632202148438,37.768985748291016
9624429,2023,2023-09-12,3801,2023-08-24,1222,891,PARK,4,5,7,3801,0,0,0,,0,,STANYAN,PAGE,0.00,,Y,A,-,N,,,,,,,,,,N,3,0,1,2,A,-,17,22517,,N,H,G,A,A,H,-,A,D,0,,Y,,,Y,,D,23,0,1,0,0,0,0,1,0,0,"- ","- ",,,"SAN FRANCISCO","SAN FRANCISCO",-122.45372009277344,37.770103454589844
9624548,2023,2023-09-13,3801,2023-08-13,1721,1330,INGLE,7,5,7,3801,0,0,0,,0,3H11D,"FOLSOM ST","JARBOE AV",0.00,,Y,A,-,N,,,,,,,,,,Y,4,0,1,2,A,-,09,21802,A,N,D,C,A,A,H,-,A,A,0,,,,,Y,,A,01,0,0,1,0,0,0,0,0,0,"- ","- ",,,"SAN FRANCISCO","SAN FRANCISCO",-122.41336059570312,37.738315582275391