CASE_ID,ACCIDENT_YEAR,PROC_DATE,JURIS,COLLISION_DATE,COLLISION_TIME,OFFICER_ID,REPORTING_DISTRICT,DAY_OF_WEEK,CHP_SHIFT,POPULATION,CNTY_CITY_LOC,SPECIAL_COND,BEAT_TYPE,CHP_BEAT_TYPE,CITY_DIVISION_LAPD,CHP_BEAT_CLASS,BEAT_NUMBER,PRIMARY_RD,SECONDARY_RD,DISTANCE,DIRECTION,INTERSECTION,WEATHER_1,WEATHER_2,STATE_HWY_IND,CALTRANS_COUNTY,CALTRANS_DISTRICT,STATE_ROUTE,ROUTE_SUFFIX,POSTMILE_PREFIX,POSTMILE,LOCATION_TYPE,RAMP_INTERSECTION,SIDE_OF_HWY,TOW_AWAY,COLLISION_SEVERITY,NUMBER_KILLED,NUMBER_INJURED,PARTY_COUNT,PRIMARY_COLL_FACTOR,PCF_CODE_OF_VIOL,PCF_VIOL_CATEGORY,PCF_VIOLATION,PCF_VIOL_SUBSECTION,HIT_AND_RUN,TYPE_OF_COLLISION,MVIW,PED_ACTION,ROAD_SURFACE,ROAD_COND_1,ROAD_COND_2,LIGHTING,CONTROL_DEVICE,CHP_ROAD_TYPE,PEDESTRIAN_ACCIDENT,BICYCLE_ACCIDENT,MOTORCYCLE_ACCIDENT,TRUCK_ACCIDENT,NOT_PRIVATE_PROPERTY,ALCOHOL_INVOLVED,STWD_VEHTYPE_AT_FAULT,CHP_VEHTYPE_AT_FAULT,COUNT_SEVERE_INJ,COUNT_VISIBLE_INJ,COUNT_COMPLAINT_PAIN,COUNT_PED_KILLED,COUNT_PED_INJURED,COUNT_BICYCLIST_KILLED,COUNT_BICYCLIST_INJURED,COUNT_MC_KILLED,COUNT_MC_INJURED,PRIMARY_RAMP,SECONDARY_RAMP,LATITUDE,LONGITUDE,COUNTY,CITY,POINT_X,POINT_Y
9626185,2023,2023-10-11,3801,2023-09-12,1537,1414,MISSO,2,5,7,3801,0,0,0,,0,3D16D,"CESAR CHAVEZ ST","HAMSHIRE ST",230.00,E,N,A,-,N,,,,,,,,,,N,3,0,1,2,A,-,06,21755,A,N,B,C,A,A,D,-,A,D,0,,,Y,,Y,,C,02,0,1,0,0,0,0,0,0,1,"- ","- ",,,"SAN FRANCISCO","SAN FRANCISCO",-122.40599060058594,37.748935699462891
9626186,2023,2023-10-11,3801,2023-09-12,1449,2707,TARAV,2,5,7,3801,0,0,0,,0,5CAR,"HOLLOWAY AV","ARELLANO AV",0.00,,Y,A,-,N,,,,,,,,,,N,4,0,1,2,A,-,08,22107,,N,D,C,A,A,H,-,A,D,0,,,,,Y,,A,01,0,0,1,0,0,0,0,0,0,"- ","- ",,,"SAN FRANCISCO","SAN FRANCISCO",-122.47900390625,37.720882415771484
9626187,2023,2023-10-11,3801,2023-09-12,1429,364,SOUTH,2,5,7,3801,0,0,0,,0,3B16D,"MISSION ST","MISSION ST 1066",0.00,,Y,A,-,N,,,,,,,,,,N,4,0,1,2,-,-,"- ",,,N,B,G,A,A,H,-,A,D,0,,Y,Y,,Y,,-,"- ",0,0,1,0,0,0,1,0,0,"- ","- ",,,"SAN FRANCISCO","SAN FRANCISCO",-122.41979217529297,37.7705078125
9626188,2023,2023-10-11,3801,2023-09-11,2023,564,NORTH,1,5,7,3801,0,0,0,,0,3E12D,"MCALLISTER ST","LAGUNA ST",5.00,W,N,A,-,N,,,,,,,,,,N,4,0,1,2,A,-,10,21950,A,N,G,B,B,A,H,-,C,A,0,Y,,,,Y,,A,01,0,0,1,0,1,0,0,0,0,"- ","- ",,,"SAN FRANCISCO","SAN FRANCISCO",-122.42683410644531,37.779258728027344
9626189,2023,2023-10-11,3801,2023-09-11,1636,2004,TARAV,1,5,7,3801,0,0,0,,0,016,"OCEAN AV","MIRAMAR AV",0.00,,Y,A,-,N,,,,,,,,,,N,4,0,1,2,A,-,11,21456,A,N,G,B,B,A,H,-,A,A,0,Y,,,,Y,,N,60,0,0,1,0,1,0,0,0,0,"- ","- ",,,"SAN FRANCISCO","SAN FRANCISCO",-122.45821380615234,37.724319458007812
9626190,2023,2023-10-11,3801,2023-09-11,1518,2398,NORTH,1,5,7,3801,0,0,0,,0,06E,"VALLEJO ST","GOUGH ST",0.00,,Y,A,-,N,,,,,,,,,,N,4,0,1,2,A,-,12,22450,A,F,D,C,A,A,H,-,A,A,0,,,,,Y,,A,07,0,0,1,0,0,0,0,0,0,"- ","- ",,,"SAN FRANCISCO","SAN FRANCISCO",-122.4268798828125,37.796291351318359
9626191,2023,2023-10-11,3801,2023-09-11,1511,4041,TARAV,1,5,7,3801,0,0,0,,0,3I13D,"PACHECO ST","42ND AV",0.00,,Y,A,-,N,,,,,,,,,,N,3,0,1,2,A,-,09,21801,A,N,D,C,A,A,H,-,A,D,0,,,Y,,Y,,A,01,0,1,0,0,0,0,0,0,1,"- ","- ",,,"SAN FRANCISCO","SAN FRANCISCO",-122.50086975097656,37.749420166015625
9626192,2023,2023-10-11,3801,2023-09-11,"914 ",1944,INGLE,1,5,7,3801,0,0,0,,0,0H5,"GENEVA AV","PRAGUE ST",357.00,E,N,A,-,N,,,,,,,,,,Y,4,0,2,3,A,-,09,21804,A,N,F,C,A,A,H,-,A,D,0,,,,,Y,,A,01,0,0,2,0,0,0,0,0,0,"- ","- ",,,"SAN FRANCISCO","SAN FRANCISCO",-122.43077087402344,37.712532043457031
9626193,2023,2023-10-11,3801,2023-09-08,1748,1330,INGLE,5,5,7,3801,0,0,0,,0,3H12D,"ALEMANY BL","CONGDON ST",0.00,,Y,B,-,N,,,,,,,,,,N,4,0,1,2,A,-,05,21752,D,F,B,C,A,A,H,-,A,A,0,,,,,Y,,-,"- ",0,0,1,0,0,0,0,0,0,"- ","- ",,,"SAN FRANCISCO","SAN FRANCISCO",-122.42619323730469,37.731166839599609
9626194,2023,2023-10-11,3801,2023-09-08,"733 ",1118,SOUTH,5,5,7,3801,0,0,0,,0,3B14A,"TERRY A FRANCOIS BL","MISSION BAY BL S",0.00,,Y,A,-,N,,,,,,,,,,Y,4,0,1,2,A,-,09,21802,A,N,D,C,A,A,H,-,A,D,0,,,,,Y,,A,01,0,0,1,0,0,0,0,0,0,"- ","- ",,,"SAN FRANCISCO","SAN FRANCISCO",-122.38648986816406,37.770858764648438
9626195,2023,2023-10-11,3801,2023-09-05,1536,1226,SOUTH,2,5,7,3801,0,0,0,,0,,"BRYANT ST","BRYANT ST 1060",0.00,,Y,A,-,N,,,,,,,,,,N,4,0,1,2,A,-,17,21208,A,N,H,-,A,A,-,-,A,D,0,,Y,,,Y,,L,04,0,0,1,0,0,0,1,0,0,"- ","- ",,,"SAN FRANCISCO","SAN FRANCISCO",,
9626196,2023,2023-10-11,3801,2023-09-13,"358 ",1301,TENDE,3,5,7,3801,0,0,0,,0,3J12E,"6TH ST","JESSIE ST",0.00,,Y,A,-,N,,,,,,,,,,N,4,0,1,2,A,-,11,21950,B,N,A,B,E,A,-,-,C,A,0,Y,,,,Y,,N,60,0,0,1,0,1,0,0,0,0,"- ","- ",,,"SAN FRANCISCO","SAN FRANCISCO",-122.40921020507812,37.781398773193359
9626197,2023,2023-10-11,3801,2023-09-12,2057,670,INGLE,2,5,7,3801,0,0,0,,0,3H13D,"SAN JOSE AV","ROUSSEAU ST",0.00,,Y,A,-,N,,,,,,,,,,N,3,0,1,1,A,-,03,22350,,N,H,A,A,A,H,-,C,D,0,,,Y,,Y,,C,03,0,1,0,0,0,0,0,0,1,"- ","- ",,,"SAN FRANCISCO","SAN FRANCISCO",-122.43045043945312,37.733905792236328
9626198,2023,2023-10-11,3801,2023-09-13,2231,367,CENTR,3,5,7,3801,0,0,0,,0,3A13E,"NEW MONTGOMERY ST","MARKET ST",0.00,,Y,A,-,N,,,,,,,,,,N,4,0,1,2,A,-,10,21950,A,N,G,B,B,A,H,-,C,A,0,Y,,,,Y,,A,01,0,0,1,0,1,0,0,0,0,"- ","- ",,,"SAN FRANCISCO","SAN FRANCISCO",-122.40199279785156,37.788768768310547
9626199,2023,2023-10-11,3801,2023-09-13,1643,2465,TENDE,3,5,7,3801,0,0,0,,0,3J12D,"5TH ST","STEVENSON ST",41.00,S,N,A,-,N,,,,,,,,,,N,4,0,1,1,A,-,17,21229,B,N,E,I,A,A,H,-,A,D,0,,,,,Y,,-,,0,0,1,0,0,0,0,0,0,"- ","- ",,,"SAN FRANCISCO","SAN FRANCISCO",-122.40735626220703,37.783432006835938
9626200,2023,2023-10-11,3801,2023-09-09,2009,2498,NORTH,6,5,7,3801,0,0,0,,0,3E12D,"GOLDEN GATE AV","BUCHANAN ST",0.00,,Y,A,-,N,,,,,,,,,,N,4,0,1,3,A,-,08,22107,,N,B,C,A,A,H,-,C,D,0,,,,,Y,,A,01,0,0,1,0,0,0,0,0,0,"- ","- ",,,"SAN FRANCISCO","SAN FRANCISCO",-122.42874145507812,37.779964447021484
9626201,2023,2023-10-17,3801,2023-09-20,1945,233,MISSI,3,5,7,3801,0,0,0,,0,03D,"22ND ST","VALENCIA ST",0.00,,Y,A,-,N,,,,,,,,,,N,3,0,1,2,A,-,09,21801,A,N,-,G,A,A,H,-,C,A,0,,Y,,,Y,,L,04,0,1,0,0,0,0,1,0,0,"- ","- ",,,"SAN FRANCISCO","SAN FRANCISCO",-122.42096710205078,37.755306243896484
9626202,2023,2023-10-13,3801,2023-09-20,1820,203,MISSI,3,5,7,3801,0,0,0,,0,3D15D,"VALENCIA ST","DUBOCE ST",0.00,,Y,A,-,N,,,,,,,,,,N,3,0,2,2,A,-,12,21453,A,N,D,G,A,A,H,-,A,A,0,,Y,Y,,Y,,C,02,0,2,0,0,0,0,1,0,1,"- ","- ",,,"SAN FRANCISCO","SAN FRANCISCO",-122.42236328125,37.769866943359375
9626203,2023,2023-10-26,3801,2023-09-22,1302,1352,MISSI,5,5,7,3801,0,0,0,,0,3D16C,"BRYANT ST","16TH ST",0.00,,Y,A,-,N,,,,,,,,,,Y,4,0,1,2,A,-,12,21453,,F,A,C,A,A,H,-,A,A,0,,,Y,,Y,Y,A,01,0,0,1,0,0,0,0,0,1,"- ","- ",,,"SAN FRANCISCO","SAN FRANCISCO",-122.4105224609375,37.765594482421875
9626204,2023,2023-10-13,3801,2023-09-20,"57  ",1902,MISSI,3,5,7,3801,0,0,0,,0,3D13E,"HARRISON ST","KAMILLE CT",55.00,S,N,A,-,N,,,,,,,,,,Y,4,0,1,2,A,-,07,21658,A,N,C,E,A,A,H,-,C,A,0,,,,,Y,,A,01,0,0,1,0,0,0,0,0,0,"- ","- ",,,"SAN FRANCISCO","SAN FRANCISCO",-122.41156768798828,37.748798370361328
9626205,2023,2023-10-13,3801,2023-09-19,"702 ",2161,MISSI,2,5,7,3801,0,0,0,,0,3D13A,"VALENCIA ST","18TH ST",0.00,,Y,A,-,N,,,,,,,,,,N,4,0,1,2,A,-,08,22101,D,N,D,G,A,A,H,-,A,A,0,,Y,,,Y,,A,01,0,0,1,0,0,0,1,0,0,"- ","- ",,,"SAN FRANCISCO","SAN FRANCISCO",-122.42156219482422,37.761714935302734
9626206,2023,2023-10-20,3801,2023-09-18,1745,1810,MISSI,1,5,7,3801,0,0,0,,0,3D13D,"17TH ST","DOUGLAS ST",0.00,,Y,A,-,N,,,,,,,,,,N,4,0,1,1,-,-,"- ",,,N,H,A,A,A,H,-,A,-,0,,Y,,,Y,,-,"- ",0,0,1,0,0,0,1,0,0,"- ","- ",,,"SAN FRANCISCO","SAN FRANCISCO",-122.43949127197266,37.762218475341797
9626207,2023,2023-10-13,3801,2023-09-16,1818,746,INGLE,6,5,7,3801,0,0,0,,0,3H13D,"SAN JOSE AV","GENEVA AV",140.00,S,N,B,-,N,,,,,,,,,,N,3,0,1,2,A,-,06,21756,A,N,-,B,-,A,H,-,A,D,0,Y,,,,Y,,A,01,0,1,0,0,1,0,0,0,0,"- ","- ",,,"SAN FRANCISCO","SAN FRANCISCO",-122.44688415527344,37.720405578613281
9626208,2023,2023-10-12,3801,2023-09-12,1908,307,NORTH,2,5,7,3801,0,0,0,,0,3E13D,"FULTON ST","LAGUNA ST",0.00,,Y,A,-,N,,,,,,,,,,N,3,0,1,2,A,-,03,22350,,N,C,G,A,A,H,-,A,A,0,,Y,,,Y,,L,04,0,1,0,0,0,0,1,0,0,"- ","- ",,,"SAN FRANCISCO","SAN FRANCISCO",-122.42664337158203,37.778327941894531
9626209,2023,2025-06-27,3801,2023-09-20,1328,1238,MISSI,3,5,7,3801,0,0,0,,0,3D11C,"18TH ST","VALENCIA ST",0.00,,Y,A,-,N,,,,,,,,,,N,1,1,0,2,A,-,10,21950,A,N,G,B,B,A,H,-,A,A,0,Y,,,,Y,,A,01,0,0,0,1,0,0,0,0,0,"- ","- ",,,"SAN FRANCISCO","SAN FRANCISCO",-122.42156219482422,37.761714935302734
9626210,2023,2023-11-14,3801,2023-09-21,2014,1179,TENDE,4,5,7,3801,0,0,0,,0,3J11D,"86TH ST","MARKET ST",0.00,,Y,A,-,N,,,,,,,,,,N,3,0,2,1,A,-,03,22350,,N,E,I,A,A,H,-,C,D,0,,,,,Y,,A,01,0,1,1,0,0,0,0,0,0,"- ","- ",,,"SAN FRANCISCO","SAN FRANCISCO",,
9626211,2023,2023-10-12,3801,2023-09-21,1112,2495,BAYVI,4,5,7,3801,0,0,0,,0,3C15A,"CARROLL AV","GIANTS DR",753.00,W,N,A,-,N,,,,,,,,,,N,4,0,2,2,A,-,05,21651,B,N,A,C,A,A,H,-,A,A,0,,,,,Y,,A,01,0,0,2,0,0,0,0,0,0,"- ","- ",,,"SAN FRANCISCO","SAN FRANCISCO",-122.38712310791016,37.721458435058594
9626212,2023,2023-10-12,3801,2023-09-21,"649 ",2196,MISSI,4,5,7,3801,0,0,0,,0,3D1A,"17TH ST","CHURCH ST",68.00,W,N,A,-,N,,,,,,,,,,N,3,0,1,1,A,-,03,22350,,N,H,-,A,A,C,-,B,D,0,,Y,,,Y,Y,L,04,0,1,0,0,0,0,1,0,0,"- ","- ",,,"SAN FRANCISCO","SAN FRANCISCO",-122.42874145507812,37.762866973876953
9626213,2023,2023-10-13,3801,2023-09-20,2109,359,TARAV,3,5,7,3801,0,0,0,,0,3160,"JUDAH ST","28TH AV",52.00,E,N,A,-,N,,,,,,,,,,Y,4,0,1,1,A,-,08,22107,,N,A,I,A,A,H,-,C,D,0,,,,,Y,,A,01,0,0,1,0,0,0,0,0,0,"- ","- ",,,"SAN FRANCISCO","SAN FRANCISCO",-122.48645782470703,37.761295318603516
9626214,2023,2023-10-26,3801,2023-09-20,1911,1707,NORTH,3,5,7,3801,0,0,0,,0,3E16D,"PINE ST","FRANKLIN ST",135.00,W,N,A,-,N,,,,,,,,,,N,4,0,1,2,A,-,21,22106,,N,D,C,A,A,H,-,C,D,0,,,Y,,Y,,A,01,0,0,1,0,0,0,0,0,1,"- ","- ",,,"SAN FRANCISCO","SAN FRANCISCO",-122.42424011230469,37.789154052734375
9626216,2023,2023-10-13,3801,2023-09-17,2030,2398,NORTH,7,5,7,3801,0,0,0,,0,02E,"GOUGH ST","TURK ST",0.00,,Y,A,-,N,,,,,,,,,,N,2,0,1,2,A,-,12,21453,A,N,D,G,A,A,H,-,C,A,0,,Y,,,Y,,L,04,1,0,0,0,0,0,1,0,0,"- ","- ",,,"SAN FRANCISCO","SAN FRANCISCO",-122.42391967773438,37.781532287597656
9626217,2023,2023-10-26,3801,2023-09-17,1950,438,NORTH,7,5,7,3801,0,0,0,,0,003,"POLK ST","MCALLISTER ST",0.00,,Y,A,-,N,,,,,,,,,,Y,4,0,5,2,A,-,12,21453,,N,D,C,A,A,H,-,C,A,0,,,,,Y,,A,01,0,0,5,0,0,0,0,0,0,"- ","- ",,,"SAN FRANCISCO","SAN FRANCISCO",-122.41860198974609,37.7802734375
9626218,2023,2023-10-13,3801,2023-09-10,1005,1796,RICHM,7,5,7,3801,0,0,0,,0,,"JOHN F KENNEDY DR","MARX MEADOWS",0.00,,Y,A,-,N,,,,,,,,,,N,2,0,2,2,A,-,11,21955,,N,G,B,D,A,H,-,A,D,0,Y,Y,,,Y,,N,60,1,0,1,0,1,0,1,0,0,"- ","- ",,,"SAN FRANCISCO","SAN FRANCISCO",,
9626219,2023,2023-10-12,3801,2023-09-26,1030,1614,MISSI,2,5,7,3801,0,0,0,,0,,"CALEDONIA ST","15TH ST",96.00,,N,A,-,N,,,,,,,,,,N,3,0,1,2,A,-,03,22350,,F,G,B,E,A,H,-,A,D,0,Y,,,,Y,,-,99,0,1,0,0,1,0,0,0,0,"- ","- ",,,"SAN FRANCISCO","SAN FRANCISCO",-122.42153167724609,37.766574859619141
9626220,2023,2023-10-13,3801,2023-09-26,"645 ",2314,PARK,2,5,7,3801,0,0,0,,0,3F12A,"MASONIC AV","FULTON ST",0.00,,Y,B,-,N,,,,,,,,,,N,3,0,1,2,A,-,03,22350,,N,E,A,A,B,H,-,A,A,0,,Y,,,Y,,L,04,0,1,0,0,0,0,1,0,0,"- ","- ",,,"SAN FRANCISCO","SAN FRANCISCO",-122.44647216796875,37.775791168212891
9626221,2023,2023-10-12,3801,2023-09-25,1214,1352,MISSI,1,5,7,3801,0,0,0,,0,3D16C,"GUERRERO ST","20TH ST",0.00,,Y,A,-,N,,,,,,,,,,Y,4,0,1,2,A,-,04,21703,,F,C,C,A,A,H,-,A,A,0,,,,,Y,,A,01,0,0,1,0,0,0,0,0,0,"- ","- ",,,"SAN FRANCISCO","SAN FRANCISCO",-122.42346954345703,37.758358001708984
9626222,2023,2023-10-12,3801,2023-09-24,1953,623,BAYVI,7,5,7,3801,0,0,0,,0,3C12D,"KIRKWOOD AV","PHELPS ST",0.00,,Y,A,-,N,,,,,,,,,,Y,3,0,1,2,A,-,01,23153,A,N,B,E,A,A,H,-,C,D,0,,,,,Y,Y,A,01,0,1,0,0,0,0,0,0,0,"- ","- ",,,"SAN FRANCISCO","SAN FRANCISCO",-122.39183044433594,37.739231109619141
9626223,2023,2023-10-12,3801,2023-09-24,1336,1642,BAYVI,7,5,7,3801,0,0,0,,0,3C15A,DOWDOIN,"BACON ST",74.00,S,N,A,-,N,,,,,,,,,,Y,4,0,1,5,A,-,01,23152,A,M,B,E,A,A,H,-,A,D,0,,,,,Y,Y,A,01,0,0,1,0,0,0,0,0,0,"- ","- ",,,"SAN FRANCISCO","SAN FRANCISCO",,
9626224,2023,2023-10-12,3801,2023-09-16,1345,3H74,INGLE,6,5,7,3801,0,0,0,,0,0H5,"GENEVA AV","NAPLES ST",0.00,,Y,A,-,N,,,,,,,,,,N,4,0,1,2,A,-,09,21453,B,F,D,C,A,-,H,-,A,A,0,,,,,Y,,A,01,0,0,1,0,0,0,0,0,0,"- ","- ",,,"SAN FRANCISCO","SAN FRANCISCO",-122.43618774414062,37.714210510253906
9626225,2023,2023-10-11,3801,2023-09-07,1453,2196,MISSI,4,5,7,3801,0,0,0,,0,0D4,"25TH ST","MISSION ST",0.00,,Y,A,-,N,,,,,,,,,,N,4,0,1,2,A,-,03,22350,,N,H,C,A,A,H,-,A,D,0,,,,,Y,,A,01,0,0,1,0,0,0,0,0,0,"- ","- ",,,"SAN FRANCISCO","SAN FRANCISCO",-122.41830444335938,37.750663757324219
9626226,2023,2023-10-11,3801,2023-09-07,2150,1402,SOUTH,4,5,7,3801,0,0,0,,0,3B13E,"HARRISON ST","1ST ST",0.00,,Y,A,-,N,,,,,,,,,,Y,2,0,1,2,A,-,12,21453,A,N,D,C,A,A,H,-,C,A,0,,,Y,,Y,,C,02,1,0,0,0,0,0,0,0,1,"- ","- ",,,"SAN FRANCISCO","SAN FRANCISCO",-122.39295959472656,37.786087036132812
9626227,2023,2023-10-11,3801,2023-09-02,"200 ",1660,SOUTH,6,5,7,3801,0,0,0,,0,3B13E,"16TH ST","DE HARO ST",0.00,,Y,A,-,N,,,,,,,,,,Y,4,0,2,2,A,-,12,21453,A,N,D,C,A,A,H,-,C,A,0,,,,,Y,,A,01,0,0,2,0,0,0,0,0,0,"- ","- ",,,"SAN FRANCISCO","SAN FRANCISCO",-122.40169525146484,37.766151428222656
9626228,2023,2023-10-12,3801,2023-09-27,1817,537,PARK,3,5,7,3801,0,0,0,,0,3F14D,"BAKER ST","BWTN OAK ST AND PAGE ST",0.00,,N,A,-,N,,,,,,,,,,Y,4,0,1,2,A,-,06,21750,,N,B,C,A,A,H,-,A,D,0,,,Y,,Y,,C,02,0,0,1,0,0,0,0,0,1,"- ","- ",,,"SAN FRANCISCO","SAN FRANCISCO",-122.42025756835938,37.774505615234375
9626229,2023,2023-10-11,3801,2023-09-27,1610,2705,BAYVI,3,5,7,3801,0,0,0,,0,3C11D,"18TH ST","3RD ST",0.00,,Y,A,-,N,,,,,,,,,,Y,4,0,1,2,A,-,09,21801,A,N,A,C,A,A,H,-,A,A,0,,,,,Y,,A,01,0,0,1,0,0,0,0,0,0,"- ","- ",,,"SAN FRANCISCO","SAN FRANCISCO",-122.38884735107422,37.763038635253906
9626230,2023,2023-10-11,3801,2023-09-24,1711,2231,SOUTH,7,5,7,3801,0,0,0,,0,3B12D,"4TH ST","FOLSOM ST",0.00,,Y,A,-,N,,,,,,,,,,N,4,0,1,2,A,-,17,21461,A,N,B,G,A,A,H,-,-,A,0,,Y,,,Y,,L,04,0,0,1,0,0,0,1,0,0,"- ","- ",,,"SAN FRANCISCO","SAN FRANCISCO",-122.40116119384766,37.782035827636719
9626231,2023,2023-10-11,3801,2023-09-24,"921 ",1249,CENTR,7,5,7,3801,0,0,0,,0,3L18,"GRANT AV","WASHINGTON ST",0.00,,Y,-,-,N,,,,,,,,,,N,3,0,1,2,A,-,10,21954,B,N,G,B,E,A,H,-,A,D,0,Y,,,,Y,,A,08,0,1,0,0,1,0,0,0,0,"- ","- ",,,"SAN FRANCISCO","SAN FRANCISCO",-122.40644836425781,37.795158386230469
9626232,2023,2023-10-11,3801,2023-09-24,"335 ",582,CENTR,7,5,7,3801,0,0,0,,0,3A15E,"MARKET ST","MARKET ST 600 BLK",0.00,,N,A,-,N,,,,,,,,,,N,3,0,1,1,A,-,03,22350,,N,F,A,A,A,H,-,C,A,0,,,,,Y,,M,94,0,1,0,0,0,0,0,0,0,"- ","- ",,,"SAN FRANCISCO","SAN FRANCISCO",,
9626233,2023,2023-10-11,3801,2023-09-23,2306,2153,TARAV,6,5,7,3801,0,0,0,,0,315E,"UNIPERO SERRA BL","19TH AV",0.00,,Y,A,-,N,,,,,,,,,,Y,4,0,1,1,A,-,00,22352,,N,H,-,A,A,H,-,C,A,0,,,Y,,Y,,C,02,0,0,1,0,0,0,0,0,1,"- ","- ",,,"SAN FRANCISCO","SAN FRANCISCO",-122.47271728515625,37.717182159423828
9626234,2023,2023-10-11,3801,2023-09-23,1649,1825,SOUTH,6,5,7,3801,0,0,0,,0,3B14D,"VAN NESS AV","MARKET ST",0.00,,Y,A,-,N,,,,,,,,,,N,4,0,1,2,A,-,08,22107,,F,D,C,A,A,H,-,A,A,0,,Y,,,Y,Y,A,01,0,0,1,0,0,0,1,0,0,"- ","- ",,,"SAN FRANCISCO","SAN FRANCISCO",-122.41925811767578,37.775169372558594
9626235,2023,2023-10-12,3801,2023-09-23,1450,2147,NORTH,6,5,7,3801,0,0,0,,0,6CAR,"WASHINGTON ST","GOUGH ST",75.00,W,N,A,-,N,,,,,,,,,,Y,3,0,1,2,A,-,03,22350,,N,D,C,A,A,H,-,A,A,0,,,Y,,Y,,C,02,0,1,0,0,0,0,0,0,1,"- ","- ",,,"SAN FRANCISCO","SAN FRANCISCO",-122.42638397216797,37.792617797851562
9626236,2023,2023-10-11,3801,2023-09-13,1144,311,PARK,3,5,7,3801,0,0,0,,0,3F1A,"7TH AV","HUGO ST",0.00,,Y,A,-,N,,,,,,,,,,N,2,0,1,1,A,-,03,22350,,N,H,A,A,A,H,-,A,D,0,,Y,,,Y,,-,"- ",1,0,0,0,0,0,1,0,0,"- ","- ",,,"SAN FRANCISCO","SAN FRANCISCO",-122.46424102783203,37.765060424804688
9626237,2023,2023-10-11,3801,2023-09-23,1228,677,SOUTH,6,5,7,3801,0,0,0,,0,3B12A,"HOWARD ST","4TH ST",250.00,W,N,A,-,N,,,,,,,,,,N,4,0,1,2,A,-,03,22350,,N,H,J,A,A,D,E,A,D,0,,Y,,,Y,,L,04,0,0,1,0,0,0,1,0,0,"- ","- ",,,"SAN FRANCISCO","SAN FRANCISCO",-122.40331268310547,37.782787322998047
9626238,2023,2023-10-11,3801,2023-09-23,"535 ",2307,NORTH,6,5,7,3801,0,0,0,,0,3E12E,"HAYES ST","POLK ST",51.00,W,N,A,-,N,,,,,,,,,,N,2,0,1,2,A,-,03,22350,,F,G,B,D,A,H,-,C,D,0,Y,,,,Y,,A,08,1,0,0,0,1,0,0,0,0,"- ","- ",,,"SAN FRANCISCO","SAN FRANCISCO",-122.418212890625,37.777488708496094
9626239,2023,2023-10-11,3801,2023-09-11,1223,2740,TARAV,1,5,7,3801,0,0,0,,0,0I4,"FOREST SIDE AV","ULLOA ST",80.00,S,N,A,-,N,,,,,,,,,,Y,3,0,1,2,A,-,08,22107,,N,C,I,A,A,H,-,A,D,0,,,,,Y,,A,01,0,1,0,0,0,0,0,0,0,"- ","- ",,,"SAN FRANCISCO","SAN FRANCISCO",-122.46866607666016,37.741279602050781
9626240,2023,2023-10-12,3801,2023-09-10,"917 ",2707,TARAV,7,5,7,3801,0,0,0,,0,1CAR,"IRVING ST","8TH AV",0.00,,Y,A,-,N,,,,,,,,,,N,3,0,1,2,A,-,17,22517,,N,H,-,A,A,H,-,A,D,0,,,Y,,Y,,A,01,0,1,0,0,0,0,0,0,1,"- ","- ",,,"SAN FRANCISCO","SAN FRANCISCO",-122.46524810791016,37.764091491699219
9626241,2023,2023-10-11,3801,2023-09-09,1934,1454,NORTH,6,5,7,3801,0,0,0,,0,,"VAN NESS AV","REDWOOD ST",0.00,,Y,A,-,N,,,,,,,,,,Y,4,0,2,2,A,-,04,21703,,F,C,C,A,A,H,-,C,A,0,,,,,Y,,-,,0,0,2,0,0,0,0,0,0,"- ","- ",,,"SAN FRANCISCO","SAN FRANCISCO",-122.42029571533203,37.780551910400391
9626242,2023,2023-10-16,3801,2023-09-09,"51  ",1897,NORTH,6,5,7,3801,0,0,0,,0,3E13E,"POLK ST","BUSH ST",0.00,,Y,A,-,N,,,,,,,,,,N,3,0,1,1,A,-,03,22350,,N,H,J,A,A,H,-,C,D,0,,,,,Y,,M,94,0,1,0,0,0,0,0,0,0,"- ","- ",,,"SAN FRANCISCO","SAN FRANCISCO",-122.42029571533203,37.788688659667969
9626243,2023,2023-10-11,3801,2023-09-08,2120,WONG,TARAV,5,5,7,3801,0,0,0,,0,3I13E,"SUNSET BL","QUINTARA ST",25.00,N,N,A,-,N,,,,,,,,,,N,3,0,3,2,A,-,03,22350,,N,C,C,A,A,H,-,C,A,0,,,,,Y,,B,01,0,1,2,0,0,0,0,0,0,"- ","- ",,,"SAN FRANCISCO","SAN FRANCISCO",-122.49492645263672,37.747879028320312
9626244,2023,2023-10-11,3801,2023-09-08,"608 ",172,NORTH,5,5,7,3801,0,0,0,,0,003,"GROVE ST","POLK ST",0.00,,Y,-,-,N,,,,,,,,,,N,2,0,1,2,A,-,11,21456,B,N,A,B,E,A,G,-,C,A,0,Y,,,,Y,,N,60,1,0,0,0,1,0,0,0,0,"- ","- ",,,"SAN FRANCISCO","SAN FRANCISCO",-122.41822052001953,37.778480529785156
9626245,2023,2023-10-11,3801,2023-09-03,2210,4325,TARAV,7,5,7,3801,0,0,0,,0,003,"LINCOLN WY","48TH AV",0.00,,Y,A,-,N,,,,,,,,,,N,4,0,1,2,A,-,09,21802,A,N,D,C,A,A,H,-,C,A,0,,,Y,,Y,,A,01,0,0,1,0,0,0,0,0,1,"- ","- ",,,"SAN FRANCISCO","SAN FRANCISCO",-122.50833892822266,37.764080047607422
9626246,2023,2023-10-23,3801,2023-09-03,1808,445,INGLE,7,5,7,3801,0,0,0,,0,,"SILVER AV","MADRID ST",0.00,,Y,A,-,N,,,,,,,,,,Y,4,0,2,2,A,-,08,22107,,N,D,C,A,A,H,-,A,-,0,,,,,Y,,A,01,0,0,2,0,0,0,0,0,0,"- ","- ",,,"SAN FRANCISCO","SAN FRANCISCO",-122.42758941650391,37.728557586669922