CASE_ID,ACCIDENT_YEAR,PROC_DATE,JURIS,COLLISION_DATE,COLLISION_TIME,OFFICER_ID,REPORTING_DISTRICT,DAY_OF_WEEK,CHP_SHIFT,POPULATION,CNTY_CITY_LOC,SPECIAL_COND,BEAT_TYPE,CHP_BEAT_TYPE,CITY_DIVISION_LAPD,CHP_BEAT_CLASS,BEAT_NUMBER,PRIMARY_RD,SECONDARY_RD,DISTANCE,DIRECTION,INTERSECTION,WEATHER_1,WEATHER_2,STATE_HWY_IND,CALTRANS_COUNTY,CALTRANS_DISTRICT,STATE_ROUTE,ROUTE_SUFFIX,POSTMILE_PREFIX,POSTMILE,LOCATION_TYPE,RAMP_INTERSECTION,SIDE_OF_HWY,TOW_AWAY,COLLISION_SEVERITY,NUMBER_KILLED,NUMBER_INJURED,PARTY_COUNT,PRIMARY_COLL_FACTOR,PCF_CODE_OF_VIOL,PCF_VIOL_CATEGORY,PCF_VIOLATION,PCF_VIOL_SUBSECTION,HIT_AND_RUN,TYPE_OF_COLLISION,MVIW,PED_ACTION,ROAD_SURFACE,ROAD_COND_1,ROAD_COND_2,LIGHTING,CONTROL_DEVICE,CHP_ROAD_TYPE,PEDESTRIAN_ACCIDENT,BICYCLE_ACCIDENT,MOTORCYCLE_ACCIDENT,TRUCK_ACCIDENT,NOT_PRIVATE_PROPERTY,ALCOHOL_INVOLVED,STWD_VEHTYPE_AT_FAULT,CHP_VEHTYPE_AT_FAULT,COUNT_SEVERE_INJ,COUNT_VISIBLE_INJ,COUNT_COMPLAINT_PAIN,COUNT_PED_KILLED,COUNT_PED_INJURED,COUNT_BICYCLIST_KILLED,COUNT_BICYCLIST_INJURED,COUNT_MC_KILLED,COUNT_MC_INJURED,PRIMARY_RAMP,SECONDARY_RAMP,LATITUDE,LONGITUDE,COUNTY,CITY,POINT_X,POINT_Y
9626362,2023,2023-10-17,3801,2023-09-26,1400,2481,SOUTH,2,5,7,3801,0,0,0,,0,03B,"1ST ST","TAHAMA ST",0.00,,Y,A,-,N,,,,,,,,,,N,4,0,1,2,A,-,17,21235,G,N,B,C,A,A,H,-,A,D,0,,,,,Y,,L,04,0,0,1,0,0,0,0,0,0,"- ","- ",,,"SAN FRANCISCO","SAN FRANCISCO",-122.39549255371094,37.788127899169922
9626363,2023,2023-10-16,3801,2023-09-24,2244,1851,TENDE,7,5,7,3801,0,0,0,,0,3J14E,"GOLDEN GATE AV","LEAVENWORTH ST",0.00,,Y,A,-,N,,,,,,,,,,N,4,0,1,2,A,-,11,21461,5,N,G,B,B,A,H,-,C,A,0,Y,,,,Y,,N,60,0,0,1,0,1,0,0,0,0,"- ","- ",,,"SAN FRANCISCO","SAN FRANCISCO",-122.41385650634766,37.781875610351562
9626399,2023,2023-10-27,3801,2023-08-29,1126,1075,SOUTH,2,5,7,3801,0,0,0,,0,3B3A,"HARRISON ST","10TH ST",0.00,,Y,A,-,N,,,,,,,,,,N,4,0,1,2,A,-,10,21950,A,N,G,B,B,A,H,-,A,A,0,Y,,,,Y,,A,01,0,0,1,0,1,0,0,0,0,"- ","- ",,,"SAN FRANCISCO","SAN FRANCISCO",-122.41124725341797,37.771595001220703
9626400,2023,2023-10-27,3801,2023-08-12,1159,1118,SOUTH,6,5,7,3801,0,0,0,,0,3B14A,"9TH ST","HARRISON ST",0.00,,Y,A,-,N,,,,,,,,,,Y,4,0,3,4,A,-,12,21453,A,N,D,C,A,A,H,-,A,A,0,,,,,Y,,A,07,0,0,3,0,0,0,0,0,0,"- ","- ",,,"SAN FRANCISCO","SAN FRANCISCO",-122.41004943847656,37.772533416748047
9626401,2023,2023-10-13,3801,2023-08-24,1708,1823,MISSI,4,5,7,3801,0,0,0,,0,004,"24TH ST","TREAT AV",3.00,E,N,A,-,N,,,,,,,,,,N,3,0,1,2,A,-,12,22450,A,N,G,B,B,A,H,-,A,D,0,Y,,,,Y,,A,01,0,1,0,0,1,0,0,0,0,"- ","- ",,,"SAN FRANCISCO","SAN FRANCISCO",-122.41297912597656,37.752571105957031
9626402,2023,2023-10-19,3801,2023-08-20,1120,1343,NORTH,7,5,7,3801,0,0,0,,0,NORT,"VAN NESS AV","POST ST",0.00,,Y,A,-,N,,,,,,,,,,Y,4,0,2,2,A,-,12,21453,A,N,D,C,A,A,H,-,C,A,0,,,,,Y,,A,01,0,0,2,0,0,0,0,0,0,"- ","- ",,,"SAN FRANCISCO","SAN FRANCISCO",-122.42153167724609,37.786624908447266
9626403,2023,2023-10-13,3801,2023-08-30,"950 ",4305,NORTH,3,5,7,3801,0,0,0,,0,,"LAGUNA ST","MCALLISTER ST",0.00,,Y,A,-,N,,,,,,,,,,N,4,0,1,2,A,-,06,21750,,F,B,G,A,A,H,-,A,D,0,,Y,,,Y,Y,A,01,0,0,1,0,0,0,1,0,0,"- ","- ",,,"SAN FRANCISCO","SAN FRANCISCO",-122.42681884765625,37.779262542724609
9626404,2023,2023-10-13,3801,2023-08-29,1640,426,NORTH,2,5,7,3801,0,0,0,,0,3E13D,"MYRTLE ST","FRANKLIN ST",10.00,E,N,A,-,N,,,,,,,,,,N,4,0,1,2,A,-,08,22107,,F,G,B,E,A,H,-,A,D,0,Y,,,,Y,,A,01,0,0,1,0,1,0,0,0,0,"- ","- ",,,"SAN FRANCISCO","SAN FRANCISCO",-122.42288970947266,37.785015106201172
9626405,2023,2023-10-13,3801,2023-08-31,1812,993,INGLE,4,5,7,3801,0,0,0,,0,5CAR,"GENEVA AV","MOSCOW ST",0.00,,Y,A,-,N,,,,,,,,,,,3,0,1,2,A,-,08,22107,,N,D,C,A,A,H,-,A,A,0,,,Y,,Y,,A,01,0,1,0,0,0,0,0,0,1,"- ","- ",,,"SAN FRANCISCO","SAN FRANCISCO",-122.43374633789062,37.713130950927734
9626406,2023,2023-10-19,3801,2023-08-27,1200,1933,TENDE,7,5,7,3801,0,0,0,,0,3J13D,"HARRISON ST","08TH ST",0.00,,Y,F,-,N,,,,,,,,,,N,2,0,1,2,D,-,00,,,F,H,J,A,A,G,-,A,-,0,,,,,Y,,-,"- ",1,0,0,0,0,0,0,0,0,"- ","- ",,,"SAN FRANCISCO","SAN FRANCISCO",,
9626407,2023,2023-10-13,3801,2023-08-29,1702,2099,NORTH,2,5,7,3801,0,0,0,,0,3E14D,"HAYES ST","OCTAVIA ST",0.00,,Y,A,-,N,,,,,,,,,,N,4,0,1,2,A,-,10,21950,A,F,G,B,B,A,H,-,A,A,0,Y,,,,Y,,A,01,0,0,1,0,1,0,0,0,0,"- ","- ",,,"SAN FRANCISCO","SAN FRANCISCO",-122.42466735839844,37.776664733886719
9626408,2023,2023-10-13,3801,2023-08-30,1437,933,INGLE,3,5,7,3801,0,0,0,,0,0H3,"ALEMANY BL","CONGDON ST",0.00,,Y,A,-,N,,,,,,,,,,Y,4,0,2,3,A,-,08,22101,D,N,A,C,A,A,H,-,A,A,0,,,,,Y,,A,01,0,0,2,0,0,0,0,0,0,"- ","- ",,,"SAN FRANCISCO","SAN FRANCISCO",-122.42619323730469,37.731166839599609
9626409,2023,2023-10-13,3801,2023-03-08,1216,1051,NORTH,3,5,7,3801,0,0,0,,0,3E13C,"TURK ST","VAN NESS AV",150.00,W,N,A,-,N,,,,,,,,,,N,2,0,1,2,A,-,10,21952,,N,G,B,F,A,H,-,A,D,0,Y,,,,Y,,A,01,1,0,0,0,1,0,0,0,0,"- ","- ",,,"SAN FRANCISCO","SAN FRANCISCO",-122.42109680175781,37.781879425048828
9626410,2023,2023-10-13,3801,2023-08-30,2322,1688,BAYVI,3,5,7,3801,0,0,0,,0,3C12E,"INGALLS ST","KISKA RD",0.00,S,N,A,-,N,,,,,,,,,,Y,3,0,1,4,A,-,03,22350,,N,B,E,A,A,H,-,C,D,0,,,,,Y,,A,01,0,1,0,0,0,0,0,0,0,"- ","- ",,,"SAN FRANCISCO","SAN FRANCISCO",-122.37953186035156,37.73114013671875
9626411,2023,2023-10-19,3801,2023-08-30,2130,1926,NORTH,3,5,7,3801,0,0,0,,0,3E13E,"GOUGH ST","TURK ST",0.00,,N,A,B,N,,,,,,,,,,N,3,0,1,1,A,-,03,22350,,N,H,-,A,A,H,-,C,-,0,,,,,Y,,M,94,0,1,0,0,0,0,0,0,0,"- ","- ",,,"SAN FRANCISCO","SAN FRANCISCO",-122.42391967773438,37.781532287597656
9626412,2023,2023-10-13,3801,2023-08-30,1029,1513,RICHM,3,5,7,3801,0,0,0,,0,3G11A,"JACKSON ST","PRESIDIO AV",0.00,,Y,A,-,N,,,,,,,,,,N,4,0,1,2,A,-,10,21950,,N,B,B,B,-,H,-,A,D,0,Y,,,,Y,,A,01,0,0,1,0,1,0,0,0,0,"- ","- ",,,"SAN FRANCISCO","SAN FRANCISCO",-122.447509765625,37.790828704833984
9626413,2023,2023-10-19,3801,2023-08-24,1046,681,SOUTH,4,5,7,3801,0,0,0,,0,3B13A,"7TH ST","FOLSOM ST",0.00,,Y,A,-,N,,,,,,,,,,,4,0,1,2,D,-,00,,,N,D,-,A,A,H,-,A,A,0,,,,,Y,,-,"- ",0,0,1,0,0,0,0,0,0,"- ","- ",,,"SAN FRANCISCO","SAN FRANCISCO",-122.40784454345703,37.776771545410156
9626414,2023,2023-10-13,3801,2023-08-21,2118,707,TRAFF,1,5,7,3801,0,0,0,,0,3I60,"SAN JOSE AV","LAKEVIEW AV",0.00,,Y,A,-,N,,,,,,,,,,Y,3,0,1,4,A,-,03,22350,,N,C,C,A,A,H,-,C,A,0,,,,,Y,,A,01,0,1,0,0,0,0,0,0,0,"- ","- ",,,"SAN FRANCISCO","SAN FRANCISCO",-122.45040130615234,37.716156005859375
9626415,2023,2023-10-16,3801,2023-08-17,1211,1796,RICHM,4,5,7,3801,0,0,0,,0,4G4A,"FULTON ST","26TH AV",0.00,,Y,B,-,N,,,,,,,,,,N,4,0,1,2,A,-,09,21801,,N,D,C,A,A,H,-,A,D,0,,,Y,,Y,,A,07,0,0,1,0,0,0,0,0,1,"- ","- ",,,"SAN FRANCISCO","SAN FRANCISCO",-122.48526000976562,37.77252197265625
9626416,2023,2023-10-13,3801,2023-08-30,1405,1051,NORTH,3,5,7,3801,0,0,0,,0,3E15C,"SUTTER ST","GOUGH ST",0.00,,Y,A,-,N,,,,,,,,,,N,4,0,1,2,A,-,10,21950,A,N,G,B,B,A,H,-,A,A,0,Y,,,,Y,,A,01,0,0,1,0,1,0,0,0,0,"- ","- ",,,"SAN FRANCISCO","SAN FRANCISCO",-122.42504119873047,37.787139892578125
9626417,2023,2023-10-13,3801,2023-08-29,"820 ",4262,RICHM,2,5,7,3801,0,0,0,,0,3G14A,"CALIFORNIA ST","20TH ST",0.00,,N,A,-,N,,,,,,,,,,N,3,0,1,2,A,-,10,21950,A,N,G,B,B,A,H,-,A,A,0,Y,,,,Y,,A,01,0,1,0,0,1,0,0,0,0,"- ","- ",,,"SAN FRANCISCO","SAN FRANCISCO",-122.47966766357422,37.784122467041016
9626418,2023,2023-10-13,3801,2023-08-31,1953,564,NORTH,4,5,7,3801,0,0,0,,0,3E15D,"PINE ST","WEBSTER ST",0.00,,Y,A,-,N,,,,,,,,,,N,4,0,1,2,A,-,10,21950,A,N,D,B,B,A,H,-,B,A,0,Y,,,,Y,,A,01,0,0,1,0,1,0,0,0,0,"- ","- ",,,"SAN FRANCISCO","SAN FRANCISCO",-122.43199157714844,37.788154602050781
9626419,2023,2023-10-13,3801,2023-08-31,1753,1173,RICHM,4,5,7,3801,0,0,0,,0,901,"BALBOA ST","42ND AV",0.00,,Y,A,-,N,,,,,,,,,,N,4,0,1,2,A,-,12,22450,,N,D,G,A,A,H,-,A,D,0,,Y,,,Y,,L,04,0,0,1,0,0,0,1,0,0,"- ","- ",,,"SAN FRANCISCO","SAN FRANCISCO",-122.50270080566406,37.775482177734375
9626420,2023,2023-10-19,3801,2023-08-31,1730,255,INGLE,4,5,7,3801,0,0,0,,0,3H15D,"ALEMANY BL","LEO ST",0.00,,Y,A,-,N,,,,,,,,,,N,4,0,1,2,A,-,05,21650,,N,D,C,A,A,H,-,A,A,0,,,,,Y,,M,94,0,0,1,0,0,0,0,0,0,"- ","- ",,,"SAN FRANCISCO","SAN FRANCISCO",-122.43778228759766,37.722988128662109
9626496,2023,2023-10-23,3801,2023-09-19,1154,2740,TARAV,2,5,7,3801,0,0,0,,0,0I4,"OCEAN AV","SAN LEANDRO WY",0.00,,Y,B,-,N,,,,,,,,,,Y,3,0,1,2,A,-,08,22100,B,N,D,C,A,A,H,-,A,A,0,,,Y,Y,Y,,F,27,0,1,0,0,0,0,0,0,1,"- ","- ",,,"SAN FRANCISCO","SAN FRANCISCO",-122.46932983398438,37.72998046875
9626561,2023,2023-10-16,3801,2023-09-11,1454,1068,SOUTH,1,5,7,3801,0,0,0,,0,3B13A,"8TH ST","MISSION ST",49.00,S,N,A,-,N,,,,,,,,,,N,4,0,2,2,A,-,21,22106,,N,D,E,A,A,H,-,A,A,0,,,,,Y,,A,08,0,0,2,0,0,0,0,0,0,"- ","- ",,,"SAN FRANCISCO","SAN FRANCISCO",-122.41303253173828,37.777370452880859
9627849,2023,2023-10-16,3800,2023-09-26,2155,2247,RICHM,2,5,7,3801,0,0,0,,0,1V21C,"6TH AV","CLEMENT ST",0.00,,Y,A,-,N,,,,,,,,,,N,3,0,1,2,A,-,10,21950,A,N,G,B,B,A,H,-,C,A,0,Y,,,,Y,,A,01,0,1,0,0,1,0,0,0,0,"- ","- ",,,"SAN FRANCISCO","SAN FRANCISCO",-122.46442413330078,37.782955169677734
9628179,2023,2023-10-19,3801,2023-08-15,1420,4175,TRAFF,2,5,7,3801,0,0,0,,0,4B4D,"BRYANT ST","OAK GROVE ST",66.00,E,N,A,-,N,,,,,,,,,,N,4,0,1,2,D,-,00,,,N,B,C,A,A,H,-,A,-,0,,,Y,,Y,,-,"- ",0,0,1,0,0,0,0,0,1,"- ","- ",,,"SAN FRANCISCO","SAN FRANCISCO",-122.4012451171875,37.777057647705078
9628789,2023,2023-10-20,3801,2023-08-31,"848 ",1396,SOUTH,4,5,7,3801,0,0,0,,0,3B13A,"BEALE ST","BRYANT ST",78.00,N,N,A,-,N,,,,,,,,,,Y,3,0,1,2,C,-,18,,,N,C,C,A,A,H,-,A,A,0,,,,Y,Y,,-,"- ",0,1,0,0,0,0,0,0,0,"- ","- ",,,"SAN FRANCISCO","SAN FRANCISCO",-122.38986968994141,37.786380767822266
9628940,2023,2023-10-19,3801,2023-07-31,1425,2228,CENTR,1,5,7,3801,0,0,0,,0,3A11D,"POLK ST","MCALLISTER ST",0.00,,Y,F,-,N,,,,,,,,,,N,3,0,1,2,D,-,00,,,N,D,G,A,-,G,-,A,A,0,,Y,Y,,Y,Y,-,"- ",0,1,0,0,0,0,1,0,0,"- ","- ",,,"SAN FRANCISCO","SAN FRANCISCO",-122.41860198974609,37.7802734375
9630730,2023,2023-10-31,3801,2023-06-25,1411,1519,BAYVI,7,5,7,3801,0,0,0,,0,,"GIRARD ST","GIRARD ST 150",0.00,,N,A,-,N,,,,,,,,,,N,4,0,1,2,A,-,17,21235,G,N,D,J,A,A,H,-,A,D,0,,,,,Y,,-,,0,0,1,0,0,0,0,0,0,"- ","- ",,,"SAN FRANCISCO","SAN FRANCISCO",,
9631887,2023,2023-12-15,3801,2023-10-04,1230,2323,BAY,3,5,7,3801,0,0,0,,0,3801,"JENNINGS ST","CARGO WY",0.00,,Y,A,-,N,,,,,,,,,,N,4,0,2,2,A,-,06,21750,,N,C,E,A,A,H,-,A,D,0,,,,,Y,,-,,0,0,2,0,0,0,0,0,0,"- ","- ",,,"SAN FRANCISCO","SAN FRANCISCO",-122.37690734863281,37.740230560302734
9633444,2023,2023-11-14,3801,2023-08-30,1114,1825,SOUTH,3,5,7,3801,0,0,0,,0,3B7A,"TREASURE ISLAND RD","MACALLA RD",0.00,,Y,A,-,N,,,,,,,,,,Y,3,0,1,1,A,-,03,22350,,N,E,I,A,A,H,-,A,A,0,,,,Y,Y,,F,27,0,1,0,0,0,0,0,0,0,"- ","- ",,,"SAN FRANCISCO","SAN FRANCISCO",-122.3709716796875,37.813240051269531
9633447,2023,2023-12-15,3801,2023-10-20,2045,2710,CENTR,5,5,7,3801,0,0,0,,0,003,"WASHINGTON ST","MASON ST",0.00,,Y,A,-,N,,,,,,,,,,Y,4,0,1,3,A,-,01,23153,A,N,B,C,A,A,H,-,C,A,0,,,,,Y,Y,A,01,0,0,1,0,0,0,0,0,0,"- ","- ",,,"SAN FRANCISCO","SAN FRANCISCO",-122.41136932373047,37.794536590576172
9633448,2023,2023-11-20,3801,2023-10-19,1444,2238,BAYVI,4,5,7,3801,0,0,0,,0,3C78,"23RD ST","RHODE ISLAND ST",0.00,,Y,A,-,N,,,,,,,,,,N,3,0,1,2,A,-,12,22450,A,N,D,G,A,A,H,-,A,A,0,,Y,,Y,Y,,L,04,0,1,0,0,0,0,1,0,0,"- ","- ",,,"SAN FRANCISCO","SAN FRANCISCO",-122.40162658691406,37.75457763671875
9633452,2023,2023-12-12,3801,2023-10-16,"820 ",1956,TARA,1,5,7,3801,0,0,0,,0,6CAR,"ALEMANY BL","VICTORIA ST",0.00,,Y,A,-,N,,,,,,,,,,N,4,0,2,2,A,-,03,22350,,N,C,C,A,A,H,-,A,D,0,,,,Y,Y,,F,25,0,0,2,0,0,0,0,0,0,"- ","- ",,,"SAN FRANCISCO","SAN FRANCISCO",-122.46529388427734,37.711700439453125
9633459,2023,2023-12-15,3801,2023-10-20,"507 ",483,MISSI,5,5,7,3801,0,0,0,,0,,"DIVISION ST","BRYANT ST",0.00,,Y,A,-,N,,,,,,,,,,N,3,0,1,2,A,-,05,21650,,N,-,-,A,A,H,-,C,A,0,,Y,,,Y,,L,04,0,1,0,0,0,0,1,0,0,"- ","- ",,,"SAN FRANCISCO","SAN FRANCISCO",-122.41082000732422,37.769309997558594
9633463,2023,2023-12-15,3801,2023-10-21,1543,668,NORTH,6,5,7,3801,0,0,0,,0,3E15D,"MARINA BL","BAKER ST",0.00,,Y,A,-,N,,,,,,,,,,N,3,0,1,2,A,-,10,21950,A,N,A,B,B,A,H,-,A,D,0,Y,,,,Y,,D,22,0,1,0,0,1,0,0,0,0,"- ","- ",,,"SAN FRANCISCO","SAN FRANCISCO",-122.44731140136719,37.805183410644531
9633467,2023,2023-12-30,3801,2023-10-11,1412,1396,SOUTH,3,5,7,3801,0,0,0,,0,3B14A,"6TH ST","BRYANT ST",0.00,,Y,A,-,N,,,,,,,,,,N,4,0,1,2,A,-,08,22100,A,N,D,C,A,A,H,-,A,A,0,,,,Y,Y,,A,01,0,0,1,0,0,0,0,0,0,"- ","- ",,,"SAN FRANCISCO","SAN FRANCISCO",-122.40250396728516,37.776058197021484
9633472,2023,2023-12-12,3801,2023-10-15,1925,469,MISS,7,5,7,3801,0,0,0,,0,3D2D,"CLIPPER ST","DIAMOND HEIGHTS BL",0.00,,Y,A,-,N,,,,,,,,,,Y,2,0,1,2,A,-,09,21800,A,N,D,C,A,A,H,-,C,A,0,,,Y,,Y,,C,03,1,0,0,0,0,0,0,0,1,"- ","- ",,,"SAN FRANCISCO","SAN FRANCISCO",-122.44400787353516,37.746757507324219
9633483,2023,2023-11-17,3801,2023-10-07,1717,1166,INGLE,6,5,7,3801,0,0,0,,0,3H15D,"GENEVA AV","GENEVA AV 1640",0.00,,Y,A,-,N,,,,,,,,,,Y,3,0,3,2,C,-,18,,,N,D,C,A,A,H,-,A,D,0,,,,,Y,,-,"- ",0,1,2,0,0,0,0,0,0,"- ","- ",,,"SAN FRANCISCO","SAN FRANCISCO",,
9633484,2023,2023-12-08,3801,2023-10-24,1107,1771,MISSI,2,5,7,3801,0,0,0,,0,3D13C,"MARKET ST","CHURCH ST",0.00,,Y,A,-,N,,,,,,,,,,N,4,0,1,2,A,-,08,22107,,N,D,D,A,A,H,-,A,D,0,,,,,Y,,-,,0,0,1,0,0,0,0,0,0,"- ","- ",37.767398834228516,-122.42896270751953,"SAN FRANCISCO","SAN FRANCISCO",-122.42893981933594,37.767608642578125
9633488,2023,2023-12-12,3801,2023-10-26,"909 ",2262,BAY,4,5,7,3801,0,0,0,,0,3C11A,"CESAR CHAVEZ","PENNINSULA ST",0.00,,Y,A,-,N,,,,,,,,,,N,4,0,2,2,A,-,08,22107,,F,-,C,A,A,D,-,A,D,0,,,,,Y,,-,99,0,0,2,0,0,0,0,0,0,"- ","- ",,,"SAN FRANCISCO","SAN FRANCISCO",,
9633490,2023,2024-01-17,3801,2023-10-24,"853 ",1342,NORTH,2,5,7,3801,0,0,0,,0,3E14A,"JACKSON ST","WEBSTER ST",27.00,W,N,A,-,N,,,,,,,,,,Y,4,0,2,2,A,-,08,22107,,N,B,E,A,A,H,-,A,D,0,,,,,Y,,A,01,0,0,2,0,0,0,0,0,0,"- ","- ",,,"SAN FRANCISCO","SAN FRANCISCO",-122.43301391601562,37.792659759521484
9633495,2023,2023-12-15,3801,2023-10-04,1130,93,NORTH,3,5,7,3801,0,0,0,,0,3E16C,"POLK ST","UNION ST",17.00,W,N,A,-,N,,,,,,,,,,Y,2,0,1,2,A,-,08,22101,D,N,D,C,A,A,H,-,A,A,0,,,Y,,Y,,D,22,1,0,0,0,0,0,0,0,1,"- ","- ",,,"SAN FRANCISCO","SAN FRANCISCO",-122.42234039306641,37.798805236816406
9633499,2023,2023-11-09,3801,2023-09-29,"202 ",2035,MISSI,5,5,7,3801,0,0,0,,0,0D3,"SOUTH VAN NESS AV","21ST ST",132.00,N,N,B,-,N,,,,,,,,,,Y,3,0,1,4,A,-,01,23153,A,N,F,E,A,A,H,-,C,D,0,,,,Y,Y,Y,A,01,0,1,0,0,0,0,0,0,0,"- ","- ",,,"SAN FRANCISCO","SAN FRANCISCO",-122.41678619384766,37.757522583007812
9633500,2023,2023-12-13,3801,2023-10-14,1923,1787,NORTH,6,5,7,3801,0,0,0,,0,05E,"LOMBARD ST","BUCHANAN ST",0.00,,Y,A,-,N,,,,,,,,,,Y,4,0,1,4,A,-,09,21801,A,N,D,C,A,A,H,-,C,A,0,,,,,Y,,A,01,0,0,1,0,0,0,0,0,0,"- ","- ",,,"SAN FRANCISCO","SAN FRANCISCO",-122.43276214599609,37.800262451171875
9633503,2023,2023-11-09,3801,2023-09-27,2130,2153,TARAV,3,5,7,3801,0,0,0,,0,315E,"JUNIPERO SERRA BL","THOMAS MORE WY",0.00,,Y,A,-,N,,,,,,,,,,Y,4,0,2,2,A,-,03,22350,,F,B,D,A,A,H,-,C,D,0,,,,,Y,,I,11,0,0,2,0,0,0,0,0,0,"- ","- ",,,"SAN FRANCISCO","SAN FRANCISCO",-122.47329711914062,37.711620330810547
9633504,2023,2023-12-12,3801,2023-10-07,1825,82,MISS,6,5,7,3801,0,0,0,,0,3D13D,"18TH ST","CHURCH ST",88.00,W,N,A,-,N,,,,,,,,,,N,3,0,1,2,A,-,21,22106,,N,D,C,A,A,H,-,A,D,0,,,Y,,Y,,C,02,0,1,0,0,0,0,0,0,1,"- ","- ",,,"SAN FRANCISCO","SAN FRANCISCO",-122.42868041992188,37.761280059814453
9633506,2023,2023-12-07,3801,2023-10-24,1424,4286,RICHM,2,5,7,3801,0,0,0,,0,0G3,"PARK PRESIDIO BL","GEARY BL",45.00,S,N,A,-,Y,SF,4,1,-,-,5.490,H,-,S,Y,4,0,2,3,A,-,03,22350,,N,C,C,A,A,H,-,A,D,0,,,,,Y,,D,22,0,0,2,0,0,0,0,0,0,"- ","- ",,,"SAN FRANCISCO","SAN FRANCISCO",-122.472412109375,37.780536651611328
9633507,2023,2023-11-08,3801,2023-09-20,"600 ",189,NORTH,3,5,7,3801,0,0,0,,0,001,"VAN NESS AV","HAYES ST",0.00,,Y,A,-,N,,,,,,,,,,Y,4,0,2,2,D,-,00,,,N,D,C,A,A,H,-,A,B,0,,,,,Y,,-,"- ",0,0,2,0,0,0,0,0,0,"- ","- ",,,"SAN FRANCISCO","SAN FRANCISCO",-122.419677734375,37.777294158935547
9633511,2023,2023-11-15,3801,2023-09-24,1817,1931,NORTH,7,5,7,3801,0,0,0,,0,3E16D,"DIVISADERO ST","CALIFORNIA ST",10.00,N,N,A,-,N,,,,,,,,,,Y,3,0,2,2,A,-,08,22107,,N,B,C,A,A,H,-,A,A,0,,,,,Y,,A,07,0,1,1,0,0,0,0,0,0,"- ","- ",,,"SAN FRANCISCO","SAN FRANCISCO",-122.44045257568359,37.788108825683594
9633514,2023,2023-12-18,3801,2023-10-16,"5   ",1286,SOUTH,1,5,7,3801,0,0,0,,0,3B2,"4TH ST","HARRISON ST",0.00,,Y,A,-,N,,,,,,,,,,N,4,0,1,2,A,-,07,21658,,N,C,C,A,A,H,-,C,A,0,,,,Y,Y,,A,01,0,0,1,0,0,0,0,0,0,"- ","- ",,,"SAN FRANCISCO","SAN FRANCISCO",-122.39962768554688,37.780776977539062
9633515,2023,2023-11-15,3801,2023-09-28,"755 ",2707,TARAV,4,5,7,3801,0,0,0,,0,5CAR,"SKYLINE BL","LAKE MERCED BL",0.00,,Y,A,-,N,,,,,,,,,,Y,3,0,3,2,A,-,09,21801,A,N,B,C,A,A,H,-,A,D,0,,,,,Y,Y,A,01,0,1,2,0,0,0,0,0,0,"- ","- ",,,"SAN FRANCISCO","SAN FRANCISCO",-122.49894714355469,37.731536865234375
9633518,2023,2023-12-15,3801,2023-10-13,1716,1591,BAY,5,5,7,3801,0,0,0,,0,3C12D,"TOPEKA AV","NEW HALL ST",18.00,N,N,B,-,N,,,,,,,,,,N,4,0,1,2,A,-,08,22107,,N,B,E,A,A,H,-,A,-,0,,,,,Y,,I,19,0,0,1,0,0,0,0,0,0,"- ","- ",,,"SAN FRANCISCO","SAN FRANCISCO",-122.39567565917969,37.731903076171875
9633681,2023,2023-11-21,3801,2023-10-18,1721,2372,INGLE,3,5,7,3801,0,0,0,,0,3H13D,"MISSION ST","TRUMBULL ST",0.00,,Y,A,-,N,,,,,,,,,,N,4,0,1,2,A,-,10,21950,A,N,G,B,B,A,H,-,A,A,0,Y,,,,Y,,A,07,0,0,1,0,1,0,0,0,0,"- ","- ",,,"SAN FRANCISCO","SAN FRANCISCO",-122.42925262451172,37.730781555175781
9633682,2023,2023-11-21,3801,2023-10-18,1024,2039,TARAV,3,5,7,3801,0,0,0,,0,005,"19TH AV","JUNIPERO SERRA BL",170.00,W,N,A,-,N,,,,,,,,,,Y,4,0,1,2,A,-,03,22350,,N,C,C,A,A,H,-,A,A,0,,,,,Y,,D,22,0,0,1,0,0,0,0,0,0,"- ","- ",,,"SAN FRANCISCO","SAN FRANCISCO",-122.47309112548828,37.717540740966797
9633683,2023,2023-11-21,3801,2023-10-17,1719,577,TARAV,2,5,7,3801,0,0,0,,0,0I6,"BROTHERHOOD WY","ARCH ST",101.00,W,N,A,-,N,,,,,,,,,,Y,2,0,1,2,A,-,04,21703,,N,C,C,A,A,H,-,A,D,0,,,,,Y,,A,01,1,0,0,0,0,0,0,0,0,"- ","- ",,,"SAN FRANCISCO","SAN FRANCISCO",-122.46743011474609,37.712356567382812
9633684,2023,2023-11-21,3801,2023-10-17,2128,2359,TARAV,2,5,7,3801,0,0,0,,0,0I2,"TARAVAL ST","19TH AV",77.00,W,N,A,-,N,,,,,,,,,,Y,4,0,1,2,A,-,01,23152,A,N,C,C,A,A,H,-,C,D,0,,,,,Y,Y,A,01,0,0,1,0,0,0,0,0,0,"- ","- ",,,"SAN FRANCISCO","SAN FRANCISCO",-122.47592163085938,37.743000030517578
9633685,2023,2023-11-21,3801,2023-10-13,1435,1474,BAYVI,5,5,7,3801,0,0,0,,0,901,"3RD ST","MCKINNON AV",0.00,,Y,A,-,N,,,,,,,,,,Y,4,0,2,2,A,-,12,21453,A,N,D,C,A,A,H,-,A,A,0,,,,,Y,,-,"- ",0,0,2,0,0,0,0,0,0,"- ","- ",,,"SAN FRANCISCO","SAN FRANCISCO",-122.39020538330078,37.736423492431641