CASE_ID,ACCIDENT_YEAR,PROC_DATE,JURIS,COLLISION_DATE,COLLISION_TIME,OFFICER_ID,REPORTING_DISTRICT,DAY_OF_WEEK,CHP_SHIFT,POPULATION,CNTY_CITY_LOC,SPECIAL_COND,BEAT_TYPE,CHP_BEAT_TYPE,CITY_DIVISION_LAPD,CHP_BEAT_CLASS,BEAT_NUMBER,PRIMARY_RD,SECONDARY_RD,DISTANCE,DIRECTION,INTERSECTION,WEATHER_1,WEATHER_2,STATE_HWY_IND,CALTRANS_COUNTY,CALTRANS_DISTRICT,STATE_ROUTE,ROUTE_SUFFIX,POSTMILE_PREFIX,POSTMILE,LOCATION_TYPE,RAMP_INTERSECTION,SIDE_OF_HWY,TOW_AWAY,COLLISION_SEVERITY,NUMBER_KILLED,NUMBER_INJURED,PARTY_COUNT,PRIMARY_COLL_FACTOR,PCF_CODE_OF_VIOL,PCF_VIOL_CATEGORY,PCF_VIOLATION,PCF_VIOL_SUBSECTION,HIT_AND_RUN,TYPE_OF_COLLISION,MVIW,PED_ACTION,ROAD_SURFACE,ROAD_COND_1,ROAD_COND_2,LIGHTING,CONTROL_DEVICE,CHP_ROAD_TYPE,PEDESTRIAN_ACCIDENT,BICYCLE_ACCIDENT,MOTORCYCLE_ACCIDENT,TRUCK_ACCIDENT,NOT_PRIVATE_PROPERTY,ALCOHOL_INVOLVED,STWD_VEHTYPE_AT_FAULT,CHP_VEHTYPE_AT_FAULT,COUNT_SEVERE_INJ,COUNT_VISIBLE_INJ,COUNT_COMPLAINT_PAIN,COUNT_PED_KILLED,COUNT_PED_INJURED,COUNT_BICYCLIST_KILLED,COUNT_BICYCLIST_INJURED,COUNT_MC_KILLED,COUNT_MC_INJURED,PRIMARY_RAMP,SECONDARY_RAMP,LATITUDE,LONGITUDE,COUNTY,CITY,POINT_X,POINT_Y
9633747,2023,2023-11-22,3801,2023-10-10,1735,1631,SOUTH,2,5,7,3801,0,0,0,,0,3B47,"MARKET ST","OCTAVIA ST",0.00,,Y,A,-,N,,,,,,,,,,N,4,0,1,2,A,-,08,22101,D,F,D,C,A,A,H,-,A,A,0,,,,,Y,,-,99,0,0,1,0,0,0,0,0,0,"- ","- ",,,"SAN FRANCISCO","SAN FRANCISCO",-122.42359161376953,37.771774291992188
9633748,2023,2023-11-22,3801,2023-10-11,1305,1394,MISS,3,5,7,3801,0,0,0,,0,001,"MARKET ST","SANCHEZ ST",0.00,,Y,A,-,N,,,,,,,,,,N,4,0,1,2,A,-,09,21801,A,N,H,A,A,A,H,-,A,A,0,,,Y,,Y,,A,01,0,0,1,0,0,0,0,0,1,"- ","- ",,,"SAN FRANCISCO","SAN FRANCISCO",-122.43100738525391,37.765979766845703
9633749,2023,2023-11-21,3801,2023-10-13,1000,2728,TENDE,5,5,7,3801,0,0,0,,0,908,"ELLIS ST","LARKIN ST",121.00,W,N,A,-,N,,,,,,,,,,N,3,0,1,2,A,-,17,22517,,N,B,G,A,A,H,-,A,D,0,,Y,,,Y,,A,07,0,1,0,0,0,0,1,0,0,"- ","- ",,,"SAN FRANCISCO","SAN FRANCISCO",-122.41813659667969,37.784198760986328
9633750,2023,2023-11-22,3801,2023-10-07,1226,748,CENTR,6,5,7,3801,0,0,0,,0,0A2,"POWELL ST","CLAY ST",0.00,,Y,A,-,N,,,,,,,,,,N,4,0,1,2,D,-,00,,,N,G,B,B,A,H,-,A,A,0,Y,,,,Y,,-,"- ",0,0,1,0,1,0,0,0,0,"- ","- ",,,"SAN FRANCISCO","SAN FRANCISCO",-122.40953063964844,37.793880462646484
9633751,2023,2023-11-21,3801,2023-10-13,1708,A24552,BAYVI,5,5,7,3801,0,0,0,,0,3C13D,"MENDELL ST","GALVEZ AV",0.00,,Y,A,-,N,,,,,,,,,,N,3,0,1,2,A,-,11,21950,B,N,G,B,D,A,H,-,A,D,0,Y,,,,Y,,N,60,0,1,0,0,1,0,0,0,0,"- ","- ",,,"SAN FRANCISCO","SAN FRANCISCO",-122.38584899902344,37.739627838134766
9633752,2023,2023-11-21,3801,2023-10-13,2348,2722,CENTR,5,5,7,3801,0,0,0,,0,3A14E,"HYDE ST","CALIFORNIA AV",0.00,,Y,A,-,N,,,,,,,,,,N,2,0,1,2,A,-,03,22350,,N,G,B,B,A,H,-,C,A,0,Y,,,,Y,Y,A,01,1,0,0,0,1,0,0,0,0,"- ","- ",,,"SAN FRANCISCO","SAN FRANCISCO",-122.41740417480469,37.790992736816406
9633753,2023,2023-11-21,3801,2023-10-12,2200,101,TARA,4,5,7,3801,0,0,0,,0,3I5E,"WINSTON AV","19TH AV",0.00,,Y,A,-,N,,,,,,,,,,N,4,0,1,2,A,-,12,21453,A,F,D,C,A,A,-,-,C,A,0,,,,,Y,,A,01,0,0,1,0,0,0,0,0,0,"- ","- ",,,"SAN FRANCISCO","SAN FRANCISCO",-122.47492218017578,37.728935241699219
9633754,2023,2023-11-21,3801,2023-10-13,1546,1238,MISSI,5,5,7,3801,0,0,0,,0,3D16C,"HARRISON ST","MARIPOSA ST",0.00,,Y,A,-,N,,,,,,,,,,N,4,0,1,2,A,-,08,22100,A,N,D,G,A,A,-,-,A,-,0,,Y,,,Y,,A,01,0,0,1,0,0,0,1,0,0,"- ","- ",,,"SAN FRANCISCO","SAN FRANCISCO",-122.41291046142578,37.762901306152344
9633755,2023,2023-11-21,3801,2023-10-12,1332,577,TARA,4,5,7,3801,0,0,0,,0,0I2,"LINCOLN WY","20TH AV",0.00,,Y,A,-,N,,,,,,,,,,N,4,0,1,2,A,-,12,21453,A,N,D,C,A,A,H,-,A,A,0,,Y,,,Y,,A,07,0,0,1,0,0,0,1,0,0,"- ","- ",,,"SAN FRANCISCO","SAN FRANCISCO",-122.47833251953125,37.765403747558594
9633756,2023,2023-11-21,3801,2023-10-12,1513,2141,TARA,4,5,7,3801,0,0,0,,0,3I11D,"LINCOLN WY","11TH AV",108.00,W,N,A,-,N,,,,,,,,,,N,4,0,1,2,A,-,04,21703,,N,C,C,A,A,H,-,A,A,0,,,,,Y,,A,07,0,0,1,0,0,0,0,0,0,"- ","- ",,,"SAN FRANCISCO","SAN FRANCISCO",-122.46895599365234,37.765819549560547
9633757,2023,2023-11-21,3801,2023-10-11,"752 ",1956,TARA,3,5,7,3801,0,0,0,,0,6CAR,"OCEAN AV","CAPITOL AV",28.00,W,N,A,-,N,,,,,,,,,,Y,4,0,1,2,A,-,03,22350,,N,C,C,A,A,H,-,A,D,0,,,,,Y,,A,01,0,0,1,0,0,0,0,0,0,"- ","- ",,,"SAN FRANCISCO","SAN FRANCISCO",-122.45934295654297,37.724552154541016
9633758,2023,2023-11-21,3801,2023-10-12,1000,2495,BAY,4,5,7,3801,0,0,0,,0,3C11A,"CESAR CHAVEZ ST","INDIANA ST",15.00,E,N,A,-,N,,,,,,,,,,N,4,0,2,2,A,-,08,22107,,N,G,B,E,A,H,-,A,-,0,Y,,,,Y,,A,01,0,0,2,0,1,0,0,0,0,"- ","- ",,,"SAN FRANCISCO","SAN FRANCISCO",-122.39039611816406,37.750068664550781
9633759,2023,2023-11-21,3801,2023-10-06,2200,1833,TENDE,5,5,7,3801,0,0,0,,0,3J31E,"LARKIN ST","GROVE ST",0.00,,Y,A,-,N,,,,,,,,,,Y,4,0,1,2,A,-,08,22107,,N,D,C,A,A,H,-,C,A,0,,,,,Y,,A,01,0,0,1,0,0,0,0,0,0,"- ","- ",,,"SAN FRANCISCO","SAN FRANCISCO",-122.41658782958984,37.778659820556641
9633760,2023,2023-11-21,3801,2023-10-10,1715,24877,BAY,2,5,7,3801,0,0,0,,0,3C11,"INDIANA ST","23RD ST",0.00,,Y,B,-,N,,,,,,,,,,Y,3,0,1,2,A,-,07,21658,,N,C,E,A,A,H,-,A,A,0,,,,,Y,,A,07,0,1,0,0,0,0,0,0,0,"- ","- ",,,"SAN FRANCISCO","SAN FRANCISCO",-122.39093017578125,37.755214691162109
9633761,2023,2023-11-28,3801,2023-10-05,"905 ",1892,BAYVI,4,5,7,3801,0,0,0,,0,3C12A,"PHELPS ST","MCKINNON AV",0.00,,Y,A,-,N,,,,,,,,,,N,4,0,1,2,A,-,08,22107,,N,D,G,A,A,H,-,A,A,0,,Y,,,Y,,A,01,0,0,1,0,0,0,1,0,0,"- ","- ",,,"SAN FRANCISCO","SAN FRANCISCO",-122.39293670654297,37.737979888916016
9633762,2023,2023-11-28,3801,2023-10-05,"903 ",1511,BAYVI,4,5,7,3801,0,0,0,,0,3C11A,"INDIANA ST","26TH ST",0.00,,Y,A,-,N,,,,,,,,,,Y,3,0,1,3,A,-,06,21755,,N,B,C,A,A,H,-,A,D,0,,,Y,,Y,,C,02,0,1,0,0,0,0,0,0,1,"- ","- ",,,"SAN FRANCISCO","SAN FRANCISCO",-122.39055633544922,37.751399993896484
9633763,2023,2023-11-28,3801,2023-10-07,1512,2342,NORTH,6,5,7,3801,0,0,0,,0,3E14D,"SUTTER ST","PIERCE ST",92.00,E,N,A,-,N,,,,,,,,,,N,4,0,1,2,A,-,21,22106,,N,E,E,A,A,H,-,A,D,0,,,,,Y,,A,01,0,0,1,0,0,0,0,0,0,"- ","- ",,,"SAN FRANCISCO","SAN FRANCISCO",-122.43624877929688,37.785713195800781
9633764,2023,2023-11-28,3801,2023-10-04,1400,798,NORTH,3,5,7,3801,0,0,0,,0,3E12D,"GOLDEN GATE AV","PIERCE ST",0.00,,Y,A,-,N,,,,,,,,,,Y,4,0,1,2,A,-,12,21453,A,N,D,C,A,A,H,-,A,A,0,,,,,Y,,-,,0,0,1,0,0,0,0,0,0,"- ","- ",,,"SAN FRANCISCO","SAN FRANCISCO",-122.43523406982422,37.779148101806641
9633765,2023,2023-11-28,3801,2023-10-02,1400,1472,PARK,1,5,7,3801,0,0,0,,0,RICHMO,"JOHN F KENNEDY DR","TRANSVERSE DR",0.00,,Y,A,-,N,,,,,,,,,,N,4,0,1,2,A,-,12,22450,A,N,D,G,A,A,H,-,A,A,0,,Y,,,Y,,L,04,0,0,1,0,0,0,1,0,0,"- ","- ",,,"SAN FRANCISCO","SAN FRANCISCO",-122.47991943359375,37.770488739013672
9633766,2023,2023-11-28,3801,2023-10-07,"140 ",2113,BAYVI,6,5,7,3801,0,0,0,,0,3C13E,"MISSION ST","PERSIA AV",7.00,S,N,A,-,N,,,,,,,,,,Y,4,0,1,2,A,-,01,23152,A,F,C,C,A,A,H,-,C,A,0,,,,,Y,Y,A,01,0,0,1,0,0,0,0,0,0,"- ","- ",,,"SAN FRANCISCO","SAN FRANCISCO",-122.43598175048828,37.723125457763672
9633767,2023,2023-11-27,3801,2023-10-03,1203,2439,CENTR,2,5,7,3801,0,0,0,,0,0A4,"BAY ST","KEARNY ST",0.00,,Y,A,-,N,,,,,,,,,,N,3,0,1,2,A,-,09,21801,,N,D,C,A,A,H,-,A,A,0,,,Y,,Y,,A,01,0,1,0,0,0,0,0,0,0,"- ","- ",,,"SAN FRANCISCO","SAN FRANCISCO",-122.40716552734375,37.806442260742188
9633768,2023,2023-11-28,3801,2023-10-03,1921,1184,MISSI,2,5,7,3801,0,0,0,,0,,"POTRERO AV","16TH ST",223.00,N,N,A,-,N,,,,,,,,,,,4,0,1,2,A,-,05,21650,1,N,D,C,A,A,H,-,B,D,0,,,Y,,Y,,C,03,0,0,1,0,0,0,0,0,1,"- ","- ",,,"SAN FRANCISCO","SAN FRANCISCO",-122.40761566162109,37.766380310058594
9633769,2023,2023-12-05,3801,2023-10-16,1717,1226,SOUTH,1,5,7,3801,0,0,0,,0,1500,"BRANNAN ST","2ND ST",0.00,,Y,A,-,N,,,,,,,,,,N,3,0,2,2,A,-,06,21755,A,N,E,G,A,A,H,-,A,A,0,,Y,,,Y,,L,04,0,1,1,0,0,0,2,0,0,"- ","- ",,,"SAN FRANCISCO","SAN FRANCISCO",-122.39205932617188,37.781837463378906
9633770,2023,2023-11-27,3801,2023-10-03,1435,1580,SOUTH,2,5,7,3801,0,0,0,,0,3B4A,"FOLSOM ST","12TH ST",0.00,,Y,A,-,N,,,,,,,,,,N,4,0,1,2,A,-,17,21209,A,N,B,J,A,A,H,-,A,A,0,,,,,Y,,A,01,0,0,1,0,0,0,0,0,0,"- ","- ",,,"SAN FRANCISCO","SAN FRANCISCO",-122.41500091552734,37.770904541015625
9633771,2023,2023-11-27,3801,2023-10-02,"743 ",532,RICHM,1,5,7,3801,0,0,0,,0,3G1A,"CHAIN OF LAKES DR","JOHN F KENNEDY DR",0.00,,Y,A,-,N,,,,,,,,,,N,3,0,1,2,D,-,00,,,N,D,G,A,A,H,-,A,A,0,,Y,,,Y,,-,"- ",0,1,0,0,0,0,1,0,0,"- ","- ",,,"SAN FRANCISCO","SAN FRANCISCO",,
9633772,2023,2023-11-27,3801,2023-10-16,1611,4212,PARK,1,5,7,3801,0,0,0,,0,3F12D,"LAGUNA HONDA BL","PLAZA ST",0.00,,Y,A,-,N,,,,,,,,,,Y,3,0,2,3,A,-,03,22350,,N,C,C,A,A,H,-,A,D,0,,,,,Y,,A,01,0,2,0,0,0,0,0,0,0,"- ","- ",,,"SAN FRANCISCO","SAN FRANCISCO",-122.45970916748047,37.748989105224609
9633773,2023,2023-11-27,3801,2023-10-01,1433,1243,PARK,7,5,7,3801,0,0,0,,0,,"BELGRAVE AV","SHRADER ST",0.00,,Y,A,-,N,,,,,,,,,,,4,0,1,1,A,-,03,22350,,N,H,G,A,A,H,-,A,D,0,,Y,,,Y,,L,04,0,0,1,0,0,0,1,0,0,"- ","- ",,,"SAN FRANCISCO","SAN FRANCISCO",-122.44931793212891,37.759616851806641
9633774,2023,2023-11-27,3801,2023-10-02,1600,4023,MISSI,1,5,7,3801,0,0,0,,0,004,"CESAR CHAVEZ ST","ALABAMA ST",0.00,,Y,A,-,N,,,,,,,,,,Y,3,0,1,2,A,-,12,21453,A,N,D,C,A,A,H,-,A,A,0,,,,,Y,,A,01,0,1,0,0,0,0,0,0,0,"- ","- ",,,"SAN FRANCISCO","SAN FRANCISCO",-122.41054534912109,37.748374938964844
9633775,2023,2023-11-27,3801,2023-10-03,1810,2733,TARAV,2,5,7,3801,0,0,0,,0,0I5,"19TH AV","HOLLOWAY AV",0.00,,Y,A,-,N,,,,,,,,,,N,3,0,1,2,A,-,00,21955,A,N,G,B,D,A,H,-,A,A,0,Y,,,,Y,Y,N,60,0,1,0,0,1,0,0,0,0,"- ","- ",,,"SAN FRANCISCO","SAN FRANCISCO",-122.47537231445312,37.720954895019531
9633776,2023,2023-11-27,3801,2023-10-04,1310,2007,CENTR,3,5,7,3801,0,0,0,,0,,BROADWAY,MONTGOMERY,0.00,,Y,A,-,N,,,,,,,,,,Y,2,0,1,2,A,-,03,22350,,N,G,B,F,A,H,-,A,A,0,Y,,,,Y,Y,A,01,1,0,0,0,1,0,0,0,0,"- ","- ",,,"SAN FRANCISCO","SAN FRANCISCO",-122.40383911132812,37.798236846923828
9633777,2023,2023-11-27,3801,2023-10-04,"550 ",1150,PARK,3,5,7,3801,0,0,0,,0,3F13A,O'FARRELL,"SAINT JOSEPHS AV",0.00,,Y,A,-,N,,,,,,,,,,N,2,0,1,2,A,-,12,22450,A,F,G,B,B,A,H,-,D,A,0,Y,,,,Y,,-,,1,0,0,0,1,0,0,0,0,"- ","- ",,,"SAN FRANCISCO","SAN FRANCISCO",-122.44178009033203,37.78228759765625
9633778,2023,2023-12-05,3801,2023-10-03,1843,1420,INGLE,2,5,7,3801,0,0,0,,0,3H11D,"PORTOLA DR","FOWLER AV",0.00,,Y,A,-,N,,,,,,,,,,N,2,0,1,2,A,-,08,22107,,N,D,J,A,A,H,-,C,A,0,,,,,Y,Y,M,94,1,0,0,0,0,0,0,0,0,"- ","- ",,,"SAN FRANCISCO","SAN FRANCISCO",-122.453369140625,37.744522094726562
9633779,2023,2023-11-27,3801,2023-10-04,"633 ",4275,TARAV,3,5,7,3801,0,0,0,,0,3I11A,"11TH AV","LAWTON ST",0.00,,Y,-,-,N,,,,,,,,,,N,3,0,1,2,A,-,12,22450,A,F,D,C,A,A,H,-,B,A,0,,,,,Y,,-,,0,1,0,0,0,0,0,0,0,"- ","- ",,,"SAN FRANCISCO","SAN FRANCISCO",-122.46807098388672,37.758338928222656
9633780,2023,2023-11-27,3801,2023-10-04,"800 ",1188,INGLE,3,5,7,3801,0,0,0,,0,3H13A,"NAPLES ST","ROLPH ST",0.00,,Y,A,-,N,,,,,,,,,,N,3,0,1,2,A,-,10,21950,A,N,G,B,B,-,H,-,A,A,0,Y,,,,Y,,A,01,0,1,0,0,1,0,0,0,0,"- ","- ",,,"SAN FRANCISCO","SAN FRANCISCO",-122.43669128417969,37.713520050048828
9633781,2023,2024-01-06,3801,2023-10-06,1812,537,PARK,5,5,7,3801,0,0,0,,0,3F12D,"PARNASSUS AV","WOODLAND AV",0.00,,Y,A,-,N,,,,,,,,,,N,4,0,1,2,A,-,17,21200,A,N,A,G,A,A,H,-,A,D,0,,Y,,,Y,,L,04,0,0,1,0,0,0,1,0,0,"- ","- ",,,"SAN FRANCISCO","SAN FRANCISCO",-122.45352172851562,37.764415740966797
9633782,2023,2024-01-06,3801,2023-10-06,1905,788,CENTR,5,5,7,3801,0,0,0,,0,3A15D,CALIFORNIA,"FRONT ST",0.00,,Y,A,-,N,,,,,,,,,,N,4,0,1,2,A,-,10,21950,A,N,G,B,B,A,H,-,C,A,0,Y,,,,Y,,A,07,0,0,1,0,1,0,0,0,0,"- ","- ",,,"SAN FRANCISCO","SAN FRANCISCO",-122.39881896972656,37.793365478515625
9633783,2023,2024-01-06,3801,2023-10-04,"840 ",1575,BAYVI,3,5,7,3801,0,0,0,,0,3C4A,"FELTON ST","BRUSSELS ST",0.00,,Y,A,-,N,,,,,,,,,,Y,4,0,1,2,A,-,09,21802,B,N,D,C,A,A,H,-,A,D,0,,,,,Y,,A,07,0,0,1,0,0,0,0,0,0,"- ","- ",,,"SAN FRANCISCO","SAN FRANCISCO",-122.40657043457031,37.729530334472656
9633784,2023,2024-01-06,3801,2023-10-06,1715,A24552,BAYVI,5,5,7,3801,0,0,0,,0,3C12D,"SILVER AV","CHARTER OAK AV",40.00,E,N,A,-,N,,,,,,,,,,N,3,0,1,2,A,-,04,21703,,N,C,C,A,A,H,-,A,D,0,,,,,Y,,A,01,0,1,0,0,0,0,0,0,0,"- ","- ",,,"SAN FRANCISCO","SAN FRANCISCO",-122.40425109863281,37.733226776123047
9633785,2023,2024-01-06,3801,2023-10-07,"900 ",899,NORTH,6,5,7,3801,0,0,0,,0,3E16A,"PINE ST","VAN NESS AV",205.00,E,N,A,-,N,,,,,,,,,,N,3,0,1,2,A,-,21,22106,,F,G,B,E,A,H,-,A,D,0,Y,,,,Y,,-,,0,1,0,0,1,0,0,0,0,"- ","- ",,,"SAN FRANCISCO","SAN FRANCISCO",-122.42140197753906,37.789516448974609
9633786,2023,2024-01-06,3801,2023-10-06,1932,359,TARAV,5,5,7,3801,0,0,0,,0,3I16D,"SAGAMORE ST","CAPITOL AV",58.00,E,N,A,-,N,,,,,,,,,,Y,4,0,1,2,A,-,01,23153,A,N,C,C,A,A,H,-,C,A,0,,,,,Y,Y,A,01,0,0,1,0,0,0,0,0,0,"- ","- ",,,"SAN FRANCISCO","SAN FRANCISCO",-122.45881652832031,37.711391448974609
9633787,2023,2024-01-06,3801,2023-10-04,1015,640,MISSI,3,5,7,3801,0,0,0,,0,3D13A,"17TH ST","SHOTWELL ST",0.00,,Y,A,-,N,,,,,,,,,,N,3,0,1,2,A,-,17,22517,,N,-,G,A,A,H,-,A,A,0,,Y,,,Y,,A,01,0,1,0,0,0,0,1,0,0,"- ","- ",,,"SAN FRANCISCO","SAN FRANCISCO",-122.41620635986328,37.763622283935547
9633788,2023,2024-01-06,3801,2023-10-05,"401 ",1123,SOUTH,4,5,7,3801,0,0,0,,0,3B15E,"BERRY ST","BERRY ST 420",50.00,S,N,A,-,N,,,,,,,,,,Y,4,0,1,1,A,-,03,22350,,N,E,I,A,A,H,-,C,D,0,,,,,Y,,A,01,0,0,1,0,0,0,0,0,0,"- ","- ",,,"SAN FRANCISCO","SAN FRANCISCO",,
9633789,2023,2024-01-06,3801,2023-10-04,"533 ",1982,MISSI,3,5,7,3801,0,0,0,,0,3D14E,"MISSION ST","18TH ST",0.00,,Y,A,-,N,,,,,,,,,,Y,2,0,2,2,A,-,07,21658,A,N,G,B,F,A,-,-,C,A,0,Y,,,,Y,,A,01,1,0,1,0,1,0,0,0,0,"- ","- ",,,"SAN FRANCISCO","SAN FRANCISCO",-122.41936492919922,37.7618408203125
9633790,2023,2024-01-06,3801,2023-10-04,"921 ",229,MISSI,3,5,7,3801,0,0,0,,0,3D14A,"CHURCH ST","17TH ST",0.00,,Y,A,-,N,,,,,,,,,,N,4,0,2,3,A,-,10,21950,A,N,G,B,B,A,H,-,A,A,0,Y,,,,Y,,A,01,0,0,2,0,2,0,0,0,0,"- ","- ",,,"SAN FRANCISCO","SAN FRANCISCO",-122.42851257324219,37.762882232666016
9633791,2023,2024-01-06,3801,2023-10-06,1721,2407,MISSI,5,5,7,3801,0,0,0,,0,3D14D,"23RD ST","HAMPSHIRE ST",0.00,,Y,A,-,N,,,,,,,,,,Y,2,0,4,4,A,-,12,22450,A,N,D,C,A,-,H,-,A,A,0,,,,,Y,,A,01,1,0,3,0,0,0,0,0,0,"- ","- ",,,"SAN FRANCISCO","SAN FRANCISCO",-122.40747833251953,37.754524230957031
9633792,2023,2024-01-06,3801,2023-10-06,1725,1544,CENTR,5,5,7,3801,0,0,0,,0,NORTHE,"CALIFORNIA ST","LARKIN ST",48.00,W,N,A,-,N,,,,,,,,,,Y,2,0,1,2,A,-,21,22106,,N,G,B,F,A,H,-,A,D,0,Y,,,,Y,,A,01,1,0,0,0,1,0,0,0,0,"- ","- ",,,"SAN FRANCISCO","SAN FRANCISCO",-122.41920471191406,37.790767669677734
9633793,2023,2024-01-06,3801,2023-10-06,"234 ",2498,NORTH,5,5,7,3801,0,0,0,,0,3E13E,"POLK ST","PINE ST",0.00,,Y,A,-,N,,,,,,,,,,Y,4,0,1,2,A,-,08,22107,,F,B,G,A,A,H,-,C,A,0,,Y,,,Y,,A,01,0,0,1,0,0,0,1,0,0,"- ","- ",,,"SAN FRANCISCO","SAN FRANCISCO",-122.42050170898438,37.789642333984375
9633794,2023,2024-01-06,3801,2023-10-06,1725,2401,SOUTH,5,5,7,3801,0,0,0,,0,3B13D,"MOSS ST","FOLSOM ST",0.00,,Y,A,-,N,,,,,,,,,,N,4,0,1,2,A,-,12,22450,A,F,D,G,A,A,H,-,A,A,0,,Y,,,Y,,A,01,0,0,1,0,0,0,1,0,0,"- ","- ",,,"SAN FRANCISCO","SAN FRANCISCO",-122.40729522705078,37.777194976806641
9633796,2023,2024-01-06,3801,2023-10-06,"206 ",1463,SOUTH,5,5,7,3801,0,0,0,,0,0B2,"MISSION ST","YERBA BUENA LN",130.00,E,N,A,-,N,,,,,,,,,,N,3,0,1,2,A,-,11,21954,A,N,B,B,D,A,H,-,C,D,0,Y,,,,Y,Y,N,60,0,1,0,0,1,0,0,0,0,"- ","- ",,,"SAN FRANCISCO","SAN FRANCISCO",-122.40315246582031,37.785354614257812
9633797,2023,2024-01-06,3801,2023-10-05,1751,1336,NORTH,4,5,7,3801,0,0,0,,0,0E2,"STEINER ST","EDDY ST",25.00,S,N,A,-,N,,,,,,,,,,N,3,0,1,2,D,-,00,,,N,G,B,D,A,H,-,A,A,0,Y,,,,Y,,-,"- ",0,1,0,0,1,0,0,0,0,"- ","- ",,,"SAN FRANCISCO","SAN FRANCISCO",-122.43394470214844,37.781143188476562
9633798,2023,2024-01-06,3801,2023-10-05,1926,1375,MISSI,4,5,7,3801,0,0,0,,0,3D13D,"VALENCIA ST","17TH ST",0.00,,Y,A,-,N,,,,,,,,,,N,4,0,1,2,A,-,03,22350,,N,D,C,A,A,H,-,C,A,0,,,,,Y,,-,,0,0,1,0,0,0,0,0,0,"- ","- ",,,"SAN FRANCISCO","SAN FRANCISCO",-122.42173767089844,37.763298034667969
9633799,2023,2024-01-06,3801,2023-10-05,"900 ",1501,INGLE,4,5,7,3801,0,0,0,,0,3H13A,"SAN JOSE AV","SAINT MARYS AV",0.00,,Y,A,-,N,,,,,,,,,,N,4,0,1,2,A,-,08,22107,,N,-,C,A,A,H,-,A,D,0,,,Y,,Y,,A,01,0,0,1,0,0,0,0,0,1,"- ","- ",,,"SAN FRANCISCO","SAN FRANCISCO",-122.42839813232422,37.734992980957031
9633800,2023,2024-01-06,3801,2023-10-05,1459,2118,SOUTH,4,5,7,3801,0,0,0,,0,3B12D,"2ND ST","BRYANT ST",0.00,,Y,A,-,N,,,,,,,,,,N,3,0,2,2,A,-,12,21453,A,N,D,J,A,A,H,-,A,A,0,,,Y,,Y,,-,,0,1,1,0,0,0,0,0,1,"- ","- ",,,"SAN FRANCISCO","SAN FRANCISCO",-122.39363098144531,37.7830810546875
9633801,2023,2023-12-04,3801,2023-10-26,1403,282,TARAV,4,5,7,3801,0,0,0,,0,3I2B,"LINCOLN WY","9TH AV",0.00,,Y,A,-,N,,,,,,,,,,N,3,0,1,2,A,-,10,21950,A,N,G,B,B,A,H,-,A,A,0,Y,,,,Y,,D,22,0,1,0,0,1,0,0,0,0,"- ","- ",,,"SAN FRANCISCO","SAN FRANCISCO",-122.46643829345703,37.765926361083984
9633802,2023,2023-11-22,3801,2023-10-26,1525,1467,SOUTH,4,5,7,3801,0,0,0,,0,1CAR,"TEHAMA ST","2ND ST",0.00,,Y,A,-,N,,,,,,,,,,N,4,0,1,2,A,-,09,21800,A,F,B,G,A,A,H,-,A,A,0,,Y,,,Y,,A,01,0,0,1,0,0,0,1,0,0,"- ","- ",,,"SAN FRANCISCO","SAN FRANCISCO",-122.39771270751953,37.786346435546875
9633803,2023,2023-11-22,3801,2023-10-20,1245,432,MISSI,5,5,7,3801,0,0,0,,0,3D41A,"CASTRO ST","19TH ST",0.00,,Y,A,-,N,,,,,,,,,,N,3,0,1,2,A,-,10,21950,,N,B,B,B,A,-,-,A,D,0,Y,,,,Y,,A,07,0,1,0,0,1,0,0,0,0,"- ","- ",,,"SAN FRANCISCO","SAN FRANCISCO",-122.43486022949219,37.759292602539062
9633804,2023,2023-11-22,3801,2023-10-26,1234,1631,SOUTH,4,5,7,3801,0,0,0,,0,3B13A,"MISSION ST","BEALE ST",80.00,W,N,A,-,N,,,,,,,,,,Y,3,0,1,2,A,-,08,22107,,N,B,C,A,A,H,-,A,A,0,,,,,Y,,-,,0,1,0,0,0,0,0,0,0,"- ","- ",,,"SAN FRANCISCO","SAN FRANCISCO",-122.39603424072266,37.791004180908203
9633805,2023,2023-11-22,3801,2023-10-25,1747,2091,NORTH,3,5,7,3801,0,0,0,,0,3E16D,"PINE ST","FRANKLIN ST",20.00,W,N,A,-,N,,,,,,,,,,N,3,0,1,2,A,-,08,22107,,F,B,J,A,A,H,-,B,A,0,,,,,Y,,A,01,0,1,0,0,0,0,0,0,0,"- ","- ",,,"SAN FRANCISCO","SAN FRANCISCO",-122.42385101318359,37.789199829101562
9633806,2023,2023-11-22,3801,2023-10-25,2052,2443,BAYVI,3,5,7,3801,0,0,0,,0,3C13D,"25TH ST","TENNESSEE ST",0.00,,Y,A,-,N,,,,,,,,,,Y,4,0,2,2,A,-,09,21800,B,N,D,C,A,A,H,-,D,D,0,,,,,Y,,A,01,0,0,2,0,0,0,0,0,0,"- ","- ",,,"SAN FRANCISCO","SAN FRANCISCO",-122.38874816894531,37.752777099609375
9633807,2023,2023-11-22,3801,2023-10-25,"340 ",484,NORTH,3,5,7,3801,0,0,0,,0,3E12E,"GEARY BL","LAGUNA ST",0.00,,Y,A,-,N,,,,,,,,,,N,4,0,1,2,A,-,03,22350,,N,C,C,A,A,H,-,C,A,0,,,,,Y,,A,01,0,0,1,0,0,0,0,0,0,"- ","- ",,,"SAN FRANCISCO","SAN FRANCISCO",-122.42800140380859,37.785041809082031
9633808,2023,2023-11-22,3801,2023-10-25,"620 ",2362,PARK,3,5,7,3801,0,0,0,,0,2F2A,"LAGUNA HONDA BL","LAWTON ST",1584.00,S,N,A,-,N,,,,,,,,,,Y,2,0,1,1,A,-,03,22350,,N,F,I,A,A,H,-,C,D,0,,,,,Y,,A,01,1,0,0,0,0,0,0,0,0,"- ","- ",,,"SAN FRANCISCO","SAN FRANCISCO",,