CASE_ID,ACCIDENT_YEAR,PROC_DATE,JURIS,COLLISION_DATE,COLLISION_TIME,OFFICER_ID,REPORTING_DISTRICT,DAY_OF_WEEK,CHP_SHIFT,POPULATION,CNTY_CITY_LOC,SPECIAL_COND,BEAT_TYPE,CHP_BEAT_TYPE,CITY_DIVISION_LAPD,CHP_BEAT_CLASS,BEAT_NUMBER,PRIMARY_RD,SECONDARY_RD,DISTANCE,DIRECTION,INTERSECTION,WEATHER_1,WEATHER_2,STATE_HWY_IND,CALTRANS_COUNTY,CALTRANS_DISTRICT,STATE_ROUTE,ROUTE_SUFFIX,POSTMILE_PREFIX,POSTMILE,LOCATION_TYPE,RAMP_INTERSECTION,SIDE_OF_HWY,TOW_AWAY,COLLISION_SEVERITY,NUMBER_KILLED,NUMBER_INJURED,PARTY_COUNT,PRIMARY_COLL_FACTOR,PCF_CODE_OF_VIOL,PCF_VIOL_CATEGORY,PCF_VIOLATION,PCF_VIOL_SUBSECTION,HIT_AND_RUN,TYPE_OF_COLLISION,MVIW,PED_ACTION,ROAD_SURFACE,ROAD_COND_1,ROAD_COND_2,LIGHTING,CONTROL_DEVICE,CHP_ROAD_TYPE,PEDESTRIAN_ACCIDENT,BICYCLE_ACCIDENT,MOTORCYCLE_ACCIDENT,TRUCK_ACCIDENT,NOT_PRIVATE_PROPERTY,ALCOHOL_INVOLVED,STWD_VEHTYPE_AT_FAULT,CHP_VEHTYPE_AT_FAULT,COUNT_SEVERE_INJ,COUNT_VISIBLE_INJ,COUNT_COMPLAINT_PAIN,COUNT_PED_KILLED,COUNT_PED_INJURED,COUNT_BICYCLIST_KILLED,COUNT_BICYCLIST_INJURED,COUNT_MC_KILLED,COUNT_MC_INJURED,PRIMARY_RAMP,SECONDARY_RAMP,LATITUDE,LONGITUDE,COUNTY,CITY,POINT_X,POINT_Y
9635984,2023,2024-09-03,3801,2023-12-19,1756,1066,NORTH,2,5,7,3801,0,0,0,,0,3E5,"LOMBARD ST","BRODERICK ST",0.00,,Y,A,-,N,,,,,,,,,,Y,4,0,6,5,A,-,12,21453,A,N,D,-,A,A,H,-,C,A,0,,,,,Y,,A,07,0,0,6,0,0,0,0,0,0,"- ","- ",,,"SAN FRANCISCO","SAN FRANCISCO",-122.44432830810547,37.798801422119141
9635985,2023,2024-02-12,3801,2023-12-12,1530,A09968,PARK,2,5,7,3801,0,0,0,,0,3F1D,"6TH AV","IRVING ST",0.00,,Y,A,-,N,,,,,,,,,,N,3,0,1,2,A,-,12,21453,A,N,D,G,A,A,H,-,A,A,0,,Y,,,Y,,L,04,0,1,0,0,0,0,1,0,0,"- ","- ",,,"SAN FRANCISCO","SAN FRANCISCO",-122.46309661865234,37.764190673828125
9635986,2023,2024-09-03,3801,2023-12-06,2144,141,INGLE,3,5,7,3801,0,0,0,,0,3H14E,"MONTEREY BL","ACADIA ST",0.00,,Y,A,C,N,,,,,,,,,,Y,4,0,1,2,A,-,08,22107,,N,D,C,A,B,H,-,C,D,0,,,,,Y,,A,07,0,0,1,0,0,0,0,0,0,"- ","- ",,,"SAN FRANCISCO","SAN FRANCISCO",-122.43744659423828,37.731590270996094
9635987,2023,2024-02-12,3801,2023-12-24,1600,2452,CENTR,7,5,7,3801,0,0,0,,0,,"HYDE ST","MCALLISTER ST",0.00,,Y,F,-,N,,,,,,,,,,N,4,0,1,2,A,-,06,21750,,N,D,G,A,-,H,-,B,D,0,,Y,,,Y,,L,04,0,0,1,0,0,0,1,0,0,"- ","- ",,,"SAN FRANCISCO","SAN FRANCISCO",-122.41532135009766,37.780738830566406
9635989,2023,2024-02-12,3801,2023-12-19,"610 ",1207,TENDE,2,5,7,3801,0,0,0,,0,0J5,"MASON ST","ELLIS ST",0.00,,-,C,-,N,,,,,,,,,,N,4,0,1,2,A,-,10,21950,A,N,G,B,B,B,H,-,C,A,0,Y,,,,Y,,A,01,0,0,1,0,1,0,0,0,0,"- ","- ",,,"SAN FRANCISCO","SAN FRANCISCO",-122.40946197509766,37.785331726074219
9635990,2023,2024-02-12,3801,2023-12-20,1002,1557,TARAV,3,5,7,3801,0,0,0,,0,3I16A,"RANDOLPH ST","ORIZABA AV",0.00,,Y,C,-,N,,,,,,,,,,N,4,0,1,2,A,-,03,22350,,N,D,C,A,B,H,-,A,D,0,,,,,Y,,A,01,0,0,1,0,0,0,0,0,0,"- ","- ",,,"SAN FRANCISCO","SAN FRANCISCO",-122.46263885498047,37.714302062988281
9635991,2023,2024-02-12,3801,2023-12-22,1535,1845,TARAV,5,5,7,3801,0,0,0,,0,3I11D,"LAWTON ST","18TH AV",0.00,,Y,A,-,N,,,,,,,,,,N,3,0,2,3,A,-,10,21950,A,N,G,B,B,A,H,-,A,D,0,Y,,,,Y,,A,01,0,2,0,0,2,0,0,0,0,"- ","- ",,,"SAN FRANCISCO","SAN FRANCISCO",-122.47566223144531,37.757987976074219
9635992,2023,2024-02-12,3801,2023-12-23,1738,2732,CENTR,6,5,7,3801,0,0,0,,0,3A14D,"TAYLOR ST","SUTTER ST",0.00,,Y,A,-,N,,,,,,,,,,Y,3,0,3,2,A,-,12,21453,A,N,D,C,A,A,H,-,C,A,0,,,,,Y,,A,01,0,1,2,0,0,0,0,0,0,"- ","- ",,,"SAN FRANCISCO","SAN FRANCISCO",-122.41188049316406,37.788814544677734
9635993,2023,2024-02-12,3801,2023-12-23,1510,2118,SOUTH,6,5,7,3801,0,0,0,,0,3B00C,"3RD ST","MISSION ST",0.00,,Y,A,-,N,,,,,,,,,,N,4,0,1,2,A,-,10,21950,A,F,G,B,B,A,H,-,A,A,0,Y,,,,Y,,A,01,0,0,1,0,1,0,0,0,0,"- ","- ",,,"SAN FRANCISCO","SAN FRANCISCO",-122.40200042724609,37.786266326904297
9635994,2023,2024-02-12,3801,2023-12-23,1605,445,INGLE,6,5,7,3801,0,0,0,,0,3H16D,"ROLPH ST","MUNICH ST",125.00,W,N,A,-,N,,,,,,,,,,N,4,0,2,2,A,-,21,22106,,N,C,-,A,A,H,-,A,D,0,,,,,Y,,A,01,0,0,2,0,0,0,0,0,0,"- ","- ",,,"SAN FRANCISCO","SAN FRANCISCO",-122.43383026123047,37.712265014648438
9635995,2023,2024-02-12,3801,2023-12-23,1520,670,INGLE,6,5,7,3801,0,0,0,,0,3H16D,"SUNNYDALE AV","SAWYER ST",0.00,,Y,A,-,N,,,,,,,,,,N,4,0,2,2,A,-,12,22450,A,F,D,C,A,A,H,-,A,A,0,,,,,Y,,A,01,0,0,2,0,0,0,0,0,0,"- ","- ",,,"SAN FRANCISCO","SAN FRANCISCO",-122.41508483886719,37.711647033691406
9635996,2023,2024-02-12,3801,2023-12-23,1440,1519,BAYVI,6,5,7,3801,0,0,0,,0,003,"3RD ST","OAKDALE AV",72.00,N,N,A,-,N,,,,,,,,,,N,4,0,1,2,A,-,06,21755,A,F,B,G,A,A,H,-,A,D,0,,Y,,,Y,,A,01,0,0,1,0,0,0,1,0,0,"- ","- ",,,"SAN FRANCISCO","SAN FRANCISCO",-122.39070129394531,37.735019683837891
9635997,2023,2024-02-12,3801,2023-12-23,1125,1351,MISSI,6,5,7,3801,0,0,0,,0,3D11A,"SOUTH VAN NESS AV","16TH ST",0.00,,Y,A,-,N,,,,,,,,,,Y,4,0,2,2,A,-,09,21801,A,N,D,C,A,A,H,-,A,A,0,,,Y,,Y,,A,01,0,0,2,0,0,0,0,0,1,"- ","- ",,,"SAN FRANCISCO","SAN FRANCISCO",-122.41748809814453,37.765178680419922
9635998,2023,2024-02-12,3801,2023-12-23,"804 ",1917,TARAV,6,5,7,3801,0,0,0,,0,3I16A,"ALEMANY BL","SAN JOSE AV",0.00,,Y,A,-,N,,,,,,,,,,Y,3,0,2,2,A,-,12,21453,A,N,D,C,A,A,H,-,A,A,0,,,,,Y,,A,01,0,1,1,0,0,0,0,0,0,"- ","- ",,,"SAN FRANCISCO","SAN FRANCISCO",-122.45709991455078,37.710071563720703
9635999,2023,2024-02-12,3801,2023-12-22,2004,1166,INGLE,5,5,7,3801,0,0,0,,0,3H15D,"MISSION ST","LOWELL ST",0.00,,Y,A,-,N,,,,,,,,,,Y,4,0,3,2,A,-,04,21703,,N,C,C,A,A,H,-,C,A,0,,,,,Y,,A,01,0,0,3,0,0,0,0,0,0,"- ","- ",,,"SAN FRANCISCO","SAN FRANCISCO",-122.4464111328125,37.711448669433594
9636000,2023,2024-02-12,3801,2023-12-22,1618,2718,BAYVI,5,5,7,3801,0,0,0,,0,3C11D,"KANSAS ST","CESAR CHAVEZ ST",0.00,,Y,A,-,N,,,,,,,,,,Y,3,0,2,2,A,-,07,21658,A,F,A,C,A,A,H,-,A,A,0,,,,,Y,,A,01,0,1,1,0,0,0,0,0,0,"- ","- ",,,"SAN FRANCISCO","SAN FRANCISCO",-122.40206146240234,37.749393463134766
9636117,2023,2024-01-30,3801,2023-11-12,2054,524,,7,5,7,3801,0,0,0,,0,3H15E,"OCEAN AV","SAN JOSE AV",0.00,,Y,A,-,N,,,,,,,,,,Y,4,0,2,2,A,-,12,21453,A,N,D,C,A,A,H,-,C,A,0,,,,,Y,,A,01,0,0,2,0,0,0,0,0,0,"- ","- ",,,"SAN FRANCISCO","SAN FRANCISCO",-122.44480895996094,37.722934722900391
9636241,2023,2024-02-13,3801,2023-12-22,1424,1503,,5,5,7,3801,0,0,0,,0,3C78,"CESAR CHAVEZ ST","KANSAS ST",770.00,E,N,A,-,N,,,,,,,,,,N,4,0,1,2,A,-,17,21235,G,N,D,C,A,A,H,-,A,D,0,,,,,Y,,M,94,0,0,1,0,0,0,0,0,0,"- ","- ",,,"SAN FRANCISCO","SAN FRANCISCO",-122.39940643310547,37.749561309814453
9636242,2023,2024-02-13,3801,2023-12-22,1230,1474,,5,5,7,3801,0,0,0,,0,901,"SAN BRUNO AV","BACON ST",0.00,,N,A,-,N,,,,,,,,,,N,3,0,1,2,A,-,11,21954,A,N,G,B,D,A,H,-,A,D,0,Y,,,,Y,,N,60,0,1,0,0,1,0,0,0,0,"- ","- ",,,"SAN FRANCISCO","SAN FRANCISCO",-122.40361022949219,37.727638244628906
9636243,2023,2024-02-13,3801,2023-12-21,1952,654,,4,5,7,3801,0,0,0,,0,3H11D,"RICHLAND AV","MURRAY ST",0.00,,Y,A,-,N,,,,,,,,,,Y,4,0,1,2,A,-,09,21800,A,N,D,C,A,A,H,-,C,A,0,,,,,Y,,A,01,0,0,1,0,0,0,0,0,0,"- ","- ",,,"SAN FRANCISCO","SAN FRANCISCO",-122.42015075683594,37.735759735107422
9636244,2023,2024-02-13,3801,2023-12-21,1829,334,,4,5,7,3801,0,0,0,,0,0H2,"SAN JOSE AV","30TH ST",0.00,,Y,A,-,N,,,,,,,,,,N,4,0,1,2,A,-,17,21209,,N,C,D,A,A,H,-,C,D,0,,,Y,,Y,,C,02,0,0,1,0,0,0,0,0,1,"- ","- ",,,"SAN FRANCISCO","SAN FRANCISCO",-122.42333984375,37.742301940917969
9636245,2023,2024-02-13,3801,2023-12-21,"840 ",2163,,4,5,7,3801,0,0,0,,0,3J93A,"LEAVENWORTH ST","TURK ST",0.00,,N,A,-,N,,,,,,,,,,N,4,0,1,2,A,-,13,22500,F,N,G,B,F,A,H,-,A,A,0,Y,,,,Y,,I,20,0,0,1,0,1,0,0,0,0,"- ","- ",,,"SAN FRANCISCO","SAN FRANCISCO",-122.41403961181641,37.782802581787109
9636246,2023,2024-02-13,3801,2023-12-24,2158,2741,,7,5,7,3801,0,0,0,,0,3J12E,"TURK ST","LARKIN ST",106.00,W,N,A,-,N,,,,,,,,,,N,4,0,1,2,A,-,03,22350,,F,G,B,D,A,H,-,C,D,0,Y,,,,Y,,-,99,0,0,1,0,1,0,0,0,0,"- ","- ",,,"SAN FRANCISCO","SAN FRANCISCO",-122.41770172119141,37.782333374023438
9636247,2023,2024-02-12,3801,2023-12-24,1750,2355,,7,5,7,3801,0,0,0,,0,3I1D,"IRVING ST","16TH AV",0.00,,Y,A,-,N,,,,,,,,,,N,4,0,1,2,A,-,10,21950,A,N,G,B,B,A,H,-,C,A,0,Y,,,,Y,,A,07,0,0,1,0,1,0,0,0,0,"- ","- ",,,"SAN FRANCISCO","SAN FRANCISCO",-122.47393035888672,37.763702392578125
9636248,2023,2024-02-12,3801,2023-12-24,1530,1428,,7,5,7,3801,0,0,0,,0,3D14D,"17TH ST","NOE ST",0.00,,Y,A,-,N,,,,,,,,,,N,3,0,1,1,A,-,03,22350,,N,H,I,A,A,H,-,A,D,0,,,,,Y,,M,94,0,1,0,0,0,0,0,0,0,"- ","- ",,,"SAN FRANCISCO","SAN FRANCISCO",-122.43296813964844,37.762630462646484
9636249,2023,2024-02-12,3801,2023-12-24,1242,1352,,7,5,7,3801,0,0,0,,0,3D16C,"SOUTH VAN NESS","17TH ST",0.00,,Y,A,-,N,,,,,,,,,,N,4,0,2,2,A,-,01,23152,A,N,C,C,A,A,H,-,A,A,0,,,,,Y,Y,A,01,0,0,2,0,0,0,0,0,0,"- ","- ",,,"SAN FRANCISCO","SAN FRANCISCO",-122.41733551025391,37.763557434082031
9636251,2023,2024-02-12,3801,2023-12-23,2314,2431,,6,5,7,3801,0,0,0,,0,3E13E,"POLK ST","WILLOW ST",0.00,,Y,A,-,N,,,,,,,,,,N,4,0,1,2,A,-,12,22450,A,N,-,G,A,A,H,-,C,A,0,,Y,,,Y,,L,04,0,0,1,0,0,0,1,0,0,"- ","- ",,,"SAN FRANCISCO","SAN FRANCISCO",-122.41925811767578,37.783557891845703
9636252,2023,2024-02-12,3801,2023-12-23,2308,2437,,6,5,7,3801,0,0,0,,0,3C15E,"THOMAS AV","INGALLS ST",90.00,W,N,A,-,N,,,,,,,,,,Y,3,0,1,4,A,-,03,22350,,N,B,E,A,A,H,-,C,D,0,,,,,Y,,A,08,0,1,0,0,0,0,0,0,0,"- ","- ",,,"SAN FRANCISCO","SAN FRANCISCO",-122.38595581054688,37.727382659912109
9636253,2023,2024-02-12,3801,2023-12-20,1440,282,,3,5,7,3801,0,0,0,,0,3I1B,"SUMMIT WY","BROTHERHOOD WY",0.00,,N,F,-,N,,,,,,,,,,N,4,0,1,2,D,-,00,,,N,G,B,F,-,G,-,A,D,0,Y,,,,Y,,-,"- ",0,0,1,0,1,0,0,0,0,"- ","- ",,,"SAN FRANCISCO","SAN FRANCISCO",-122.47457885742188,37.713619232177734
9636254,2023,2024-02-12,3801,2023-12-20,1543,2443,,3,5,7,3801,0,0,0,,0,3C13D,"INGALLS ST","HUDSON AV",0.00,,Y,B,-,N,,,,,,,,,,Y,4,0,1,1,D,-,00,,,N,F,I,A,A,H,-,A,A,0,,,,,Y,,-,"- ",0,0,1,0,0,0,0,0,0,"- ","- ",,,"SAN FRANCISCO","SAN FRANCISCO",-122.37961578369141,37.73248291015625
9636255,2023,2024-02-12,3801,2023-12-19,2100,1039,,2,5,7,3801,0,0,0,,0,001,"GUERRERO ST","15TH ST",0.00,,Y,C,-,N,,,,,,,,,,N,4,0,1,2,A,-,09,21801,,N,B,C,A,B,H,-,C,A,0,,,Y,,Y,,A,01,0,0,1,0,0,0,0,0,1,"- ","- ",,,"SAN FRANCISCO","SAN FRANCISCO",-122.42424011230469,37.766403198242188
9636256,2023,2024-02-12,3801,2023-12-19,1630,2180,,2,5,7,3801,0,0,0,,0,3C91B,"KEITH ST","PALOU AV",0.00,,Y,A,-,N,,,,,,,,,,N,3,0,1,1,A,-,12,22450,A,N,H,-,A,A,H,-,B,A,0,,,,,Y,,M,94,0,1,0,0,0,0,0,0,0,"- ","- ",,,"SAN FRANCISCO","SAN FRANCISCO",-122.38714599609375,37.731868743896484
9636257,2023,2024-02-12,3801,2023-12-19,2011,1428,,2,5,7,3801,0,0,0,,0,3D14D,"24TH ST","CAPP ST",0.00,,Y,A,-,N,,,,,,,,,,N,4,0,1,2,A,-,09,21801,A,F,D,D,A,A,H,-,A,A,0,,,,,Y,,-,99,0,0,1,0,0,0,0,0,0,"- ","- ",,,"SAN FRANCISCO","SAN FRANCISCO",-122.41733551025391,37.752307891845703
9636258,2023,2024-02-12,3801,2023-12-20,1214,2494,,3,5,7,3801,0,0,0,,0,3J12A,"MARKET ST","6TH ST",0.00,,N,B,-,N,,,,,,,,,,N,4,0,1,1,C,-,18,,,N,H,A,A,B,H,-,A,D,0,,,,,Y,,-,"- ",0,0,1,0,0,0,0,0,0,"- ","- ",,,"SAN FRANCISCO","SAN FRANCISCO",-122.41030120849609,37.782241821289062
9636259,2023,2024-02-12,3801,2023-12-22,1752,2390,PARK,5,5,7,3801,0,0,0,,0,3F13D,"BUENA VISTA AV E","DUBOCE AV",0.00,,N,A,-,N,,,,,,,,,,Y,4,0,1,2,A,-,01,23152,A,N,C,E,A,A,H,-,C,D,0,,,,,Y,Y,A,01,0,0,1,0,0,0,0,0,0,"- ","- ",,,"SAN FRANCISCO","SAN FRANCISCO",-122.43833923339844,37.769092559814453
9636260,2023,2024-02-12,3801,2023-12-22,2317,1350,,5,5,7,3801,0,0,0,,0,3C13E,"GIRARD ST","SILLIMAN ST",0.00,,Y,A,-,N,,,,,,,,,,Y,4,0,2,2,A,-,01,23152,A,N,C,C,A,A,H,-,C,A,0,,,,,Y,Y,A,01,0,0,2,0,0,0,0,0,0,"- ","- ",,,"SAN FRANCISCO","SAN FRANCISCO",-122.40608978271484,37.730979919433594
9636261,2023,2024-02-15,3801,2023-12-19,1817,746,INGLE,2,5,7,3801,0,0,0,,0,,"MISSION ST","29TH ST",190.00,S,N,A,-,N,,,,,,,,,,N,4,0,1,1,C,-,18,,,N,E,J,A,A,A,-,C,D,0,,,Y,,Y,,-,"- ",0,0,1,0,0,0,0,0,1,"- ","- ",,,"SAN FRANCISCO","SAN FRANCISCO",-122.42121887207031,37.743614196777344
9636263,2023,2024-02-15,3801,2023-12-24,1125,1457,TARAV,7,5,7,3801,0,0,0,,0,002,"IRVING ST","24TH AV",6.00,W,N,B,-,N,,,,,,,,,,N,3,0,1,2,A,-,10,21950,A,N,-,B,B,A,H,-,A,A,0,Y,,,,Y,,A,01,0,1,0,0,1,0,0,0,0,"- ","- ",,,"SAN FRANCISCO","SAN FRANCISCO",-122.48251342773438,37.763328552246094
9636264,2023,2024-02-28,3801,2023-12-24,"350 ",4325,TARAV,7,5,7,3801,0,0,0,,0,00I,"OCEAN AV","MIRAMAR AV",0.00,,Y,A,-,N,,,,,,,,,,N,4,0,3,2,A,-,12,21453,A,N,D,C,A,A,H,-,C,A,0,,,,,Y,,A,01,0,0,3,0,0,0,0,0,0,"- ","- ",,,"SAN FRANCISCO","SAN FRANCISCO",-122.45821380615234,37.724319458007812
9636265,2023,2024-02-16,3801,2023-12-24,"200 ",2141,TARAV,7,5,7,3801,0,0,0,,0,3I15E,"LAKE MERCED BL","SUNSET BL",76.00,W,N,A,-,N,,,,,,,,,,Y,3,0,1,1,A,-,03,22350,,N,H,-,A,A,H,-,C,D,0,,,,,Y,Y,A,01,0,1,0,0,0,0,0,0,0,"- ","- ",,,"SAN FRANCISCO","SAN FRANCISCO",-122.49380493164062,37.729515075683594
9636266,2023,2024-02-16,3801,2023-12-23,2245,1496,TARAV,6,5,7,3801,0,0,0,,0,016,"OCEAN AV","CAPITOL AV",0.00,,Y,A,-,N,,,,,,,,,,Y,4,0,1,2,A,-,03,22350,,F,B,C,A,A,H,-,C,A,0,,,,,Y,,A,01,0,0,1,0,0,0,0,0,0,"- ","- ",,,"SAN FRANCISCO","SAN FRANCISCO",-122.45925140380859,37.724525451660156
9636268,2023,2024-02-27,3801,2023-12-21,"857 ",2707,TARAV,4,5,7,3801,0,0,0,,0,6CAR,"BROTHERHOOD WY","ARCH ST",200.00,W,N,A,-,N,,,,,,,,,,Y,4,0,5,4,A,-,03,22350,,N,C,C,A,A,H,-,A,A,0,,,,,Y,,A,07,0,0,5,0,0,0,0,0,0,"- ","- ",,,"SAN FRANCISCO","SAN FRANCISCO",-122.4677734375,37.712352752685547
9636269,2023,2024-02-16,3801,2023-12-19,1725,469,MISSI,2,5,7,3801,0,0,0,,0,3D12D,"23RD ST","NOE ST",0.00,,Y,B,-,N,,,,,,,,,,N,4,0,1,2,A,-,10,21950,A,N,G,B,B,A,H,-,C,D,0,Y,,,,Y,,A,01,0,0,1,0,1,0,0,0,0,"- ","- ",,,"SAN FRANCISCO","SAN FRANCISCO",-122.4320068359375,37.753002166748047
9636270,2023,2024-02-16,3801,2023-12-18,1415,2740,TARAV,1,5,7,3801,0,0,0,,0,0I4,"CLAREMONT BL","KENSINGTON WY",60.00,S,N,B,-,N,,,,,,,,,,N,4,0,1,2,B,-,22,,,N,D,C,A,B,-,-,A,D,0,,,,,Y,,-,"- ",0,0,1,0,0,0,0,0,0,"- ","- ",,,"SAN FRANCISCO","SAN FRANCISCO",-122.46361541748047,37.743625640869141
9636271,2023,2024-08-26,3801,2023-12-22,2343,4178,PARK,5,5,7,3801,0,0,0,,0,3F12E,"17TH ST","ORD ST",0.00,,Y,A,-,N,,,,,,,,,,Y,4,0,1,2,A,-,00,22658,A,N,D,E,A,A,H,-,C,D,0,,,,,Y,,A,01,0,0,1,0,0,0,0,0,0,"- ","- ",,,"SAN FRANCISCO","SAN FRANCISCO",-122.44017028808594,37.762172698974609
9636272,2023,2024-03-07,3801,2023-12-22,2343,499,PARK,5,5,7,3801,0,0,0,,0,2F12E,"17TH ST","ORD ST",0.00,,Y,A,-,N,,,,,,,,,,N,4,0,1,2,A,-,00,22658,A,N,D,E,A,A,H,-,C,D,0,,,,,Y,,A,01,0,0,1,0,0,0,0,0,0,"- ","- ",,,"SAN FRANCISCO","SAN FRANCISCO",-122.44017028808594,37.762172698974609
9636273,2023,2024-02-20,3801,2023-12-21,1856,2007,CENTR,4,5,7,3801,0,0,0,,0,3A11D,"GEARY ST","LARKIN ST",6.00,E,N,A,-,N,,,,,,,,,,N,4,0,1,2,A,-,05,21650,1,N,D,G,A,A,H,-,C,A,0,,Y,,,Y,,L,04,0,0,1,0,0,0,1,0,0,"- ","- ",,,"SAN FRANCISCO","SAN FRANCISCO",-122.4180908203125,37.786113739013672
9636274,2023,2024-02-20,3801,2023-12-21,1802,1061,PARK,4,5,7,3801,0,0,0,,0,3F1D,"FULTON ST","CLAYTON ST",0.00,,Y,A,-,N,,,,,,,,,,N,4,0,1,2,A,-,10,21950,,N,D,B,B,A,H,-,D,D,0,Y,,,,Y,,A,01,0,0,1,0,1,0,0,0,0,"- ","- ",,,"SAN FRANCISCO","SAN FRANCISCO",-122.44972229003906,37.775394439697266
9636275,2023,2024-02-20,3801,2023-12-21,1754,1858,BAYVI,4,5,7,3801,0,0,0,,0,,"NEWCOMB AV","LANE ST",0.00,,Y,A,-,N,,,,,,,,,,N,3,0,1,2,A,-,03,22350,,N,-,G,A,A,H,-,C,A,0,,Y,,,Y,,L,04,0,1,0,0,0,0,1,0,0,"- ","- ",,,"SAN FRANCISCO","SAN FRANCISCO",-122.38792419433594,37.734172821044922
9636276,2023,2024-02-20,3801,2023-12-20,2046,4041,TRARV,3,5,7,3801,0,0,0,,0,315D,"SLOAT BL","19TH AV",0.00,,Y,A,-,N,,,,,,,,,,Y,4,0,1,2,A,-,09,21801,A,F,D,C,A,A,H,-,C,A,0,,,,,Y,,A,01,0,0,1,0,0,0,0,0,0,"- ","- ",,,"SAN FRANCISCO","SAN FRANCISCO",-122.47511291503906,37.734561920166016
9636277,2023,2024-02-20,3801,2023-12-20,1825,2355,TARAV,3,5,7,3801,0,0,0,,0,0I6,"BEVERLY ST","GARFIELD ST",0.00,,Y,A,-,N,,,,,,,,,,N,2,0,1,2,A,-,10,21950,A,N,D,B,B,A,H,-,C,D,0,Y,,,,Y,,A,01,1,0,0,0,1,0,0,0,0,"- ","- ",,,"SAN FRANCISCO","SAN FRANCISCO",-122.47168731689453,37.7196044921875
9636278,2023,2024-02-20,3801,2023-12-04,2300,2288,INGLE,1,5,7,3801,0,0,0,,0,3H00,"VELASCO AV","CALGARY ST",0.00,,Y,E,-,N,,,,,,,,,,N,4,0,1,2,A,-,12,22450,A,N,D,C,A,A,H,-,C,A,0,,,,,Y,,A,01,0,0,1,0,0,0,0,0,0,"- ","- ",,,"SAN FRANCISCO","SAN FRANCISCO",-122.41593933105469,37.708992004394531
9636279,2023,2024-02-20,3801,2023-12-11,2217,679,NORTH,1,5,7,3801,0,0,0,,0,0E6,"FRANKLIN ST","GREEN ST",1.00,N,N,B,-,N,,,,,,,,,,N,2,0,1,2,A,-,11,21456,,N,G,B,B,A,H,-,C,A,0,Y,,,,Y,,N,60,1,0,0,0,1,0,0,0,0,"- ","- ",,,"SAN FRANCISCO","SAN FRANCISCO",-122.42543029785156,37.797401428222656
9636280,2023,2024-02-20,3801,2023-12-11,1640,2398,NORTH,1,5,7,3801,0,0,0,,0,02E,"STEINER ST","GEARY BL",0.00,,Y,A,-,N,,,,,,,,,,Y,3,0,1,2,A,-,09,21800,A,N,D,C,A,A,H,-,A,A,0,,,Y,,Y,,C,02,0,1,0,0,0,0,0,0,1,"- ","- ",,,"SAN FRANCISCO","SAN FRANCISCO",-122.43457794189453,37.784320831298828
9636281,2023,2024-02-27,3801,2023-12-19,1525,4292,BAYVI,2,5,7,3801,0,0,0,,0,3C11D,"PAUL AV","CRANE ST",0.00,,N,B,-,N,,,,,,,,,,Y,4,0,3,2,A,-,07,21658,,N,A,C,A,B,H,-,A,A,0,,,,,Y,,A,01,0,0,3,0,0,0,0,0,0,"- ","- ",,,"SAN FRANCISCO","SAN FRANCISCO",-122.39923095703125,37.723220825195312
9636282,2023,2024-02-27,3801,2023-12-19,"805 ",1157,BAYVI,2,5,7,3801,0,0,0,,0,3C12A,"PAUL ST","BAYSHORE BL",0.00,,Y,C,-,N,,,,,,,,,,N,2,0,1,2,A,-,03,22350,,F,-,B,-,B,H,-,C,A,0,Y,,,,Y,,-,,1,0,0,0,1,0,0,0,0,"- ","- ",,,"SAN FRANCISCO","SAN FRANCISCO",-122.40079498291016,37.723606109619141
9636283,2023,2024-02-27,3801,2023-12-18,2110,1857,SOUTH,1,5,7,3801,0,0,0,,0,3B13,"8TH ST","MINNA ST",0.00,,N,C,-,N,,,,,,,,,,,4,0,1,2,A,-,10,21950,A,N,G,B,B,B,H,-,C,A,0,Y,,,,Y,,A,01,0,0,1,0,1,0,0,0,0,"- ","- ",,,"SAN FRANCISCO","SAN FRANCISCO",-122.41259765625,37.777050018310547
9636284,2023,2024-02-27,3801,2023-12-17,1855,229,MISSI,7,5,7,3801,0,0,0,,0,3D13A,"19TH ST","VALENCIA ST",125.00,W,N,A,-,N,,,,,,,,,,N,3,0,1,2,A,-,08,22105,,F,B,G,A,A,H,-,C,A,0,,Y,,,Y,,A,01,0,1,0,0,0,0,1,0,0,"- ","- ",,,"SAN FRANCISCO","SAN FRANCISCO",-122.42182922363281,37.760082244873047
9636285,2023,2024-02-27,3801,2023-12-17,"307 ",318,INGLE,7,5,7,3801,0,0,0,,0,005,"ALEMANY BL","SICKLES AV",0.00,,N,A,-,N,,,,,,,,,,Y,4,0,1,3,A,-,08,22107,,N,B,E,A,A,H,-,C,A,0,,,,,Y,,A,07,0,0,1,0,0,0,0,0,0,"- ","- ",,,"SAN FRANCISCO","SAN FRANCISCO",-122.45491790771484,37.710514068603516
9636286,2023,2024-02-27,3801,2023-12-16,1827,2722,INGLE,6,5,7,3801,0,0,0,,0,3H11D,"SAN JOSE AV","THERESA ST",0.00,,Y,A,-,N,,,,,,,,,,Y,4,0,1,2,A,-,03,22350,,N,A,D,A,A,H,-,C,A,0,,,Y,,Y,,C,02,0,0,1,0,0,0,0,0,1,"- ","- ",,,"SAN FRANCISCO","SAN FRANCISCO",-122.43649291992188,37.730419158935547
9636287,2023,2024-02-27,3801,2023-12-18,2222,1183,NORTH,1,5,7,3801,0,0,0,,0,3E12E,"HAYES ST","OCTAVIA ST",4.00,W,N,A,-,N,,,,,,,,,,N,4,0,1,2,A,-,10,21950,A,N,G,B,B,B,H,-,C,D,0,Y,,Y,,Y,Y,C,03,0,0,1,0,1,0,0,0,0,"- ","- ",,,"SAN FRANCISCO","SAN FRANCISCO",-122.4246826171875,37.776657104492188