CASE_ID,ACCIDENT_YEAR,PROC_DATE,JURIS,COLLISION_DATE,COLLISION_TIME,OFFICER_ID,REPORTING_DISTRICT,DAY_OF_WEEK,CHP_SHIFT,POPULATION,CNTY_CITY_LOC,SPECIAL_COND,BEAT_TYPE,CHP_BEAT_TYPE,CITY_DIVISION_LAPD,CHP_BEAT_CLASS,BEAT_NUMBER,PRIMARY_RD,SECONDARY_RD,DISTANCE,DIRECTION,INTERSECTION,WEATHER_1,WEATHER_2,STATE_HWY_IND,CALTRANS_COUNTY,CALTRANS_DISTRICT,STATE_ROUTE,ROUTE_SUFFIX,POSTMILE_PREFIX,POSTMILE,LOCATION_TYPE,RAMP_INTERSECTION,SIDE_OF_HWY,TOW_AWAY,COLLISION_SEVERITY,NUMBER_KILLED,NUMBER_INJURED,PARTY_COUNT,PRIMARY_COLL_FACTOR,PCF_CODE_OF_VIOL,PCF_VIOL_CATEGORY,PCF_VIOLATION,PCF_VIOL_SUBSECTION,HIT_AND_RUN,TYPE_OF_COLLISION,MVIW,PED_ACTION,ROAD_SURFACE,ROAD_COND_1,ROAD_COND_2,LIGHTING,CONTROL_DEVICE,CHP_ROAD_TYPE,PEDESTRIAN_ACCIDENT,BICYCLE_ACCIDENT,MOTORCYCLE_ACCIDENT,TRUCK_ACCIDENT,NOT_PRIVATE_PROPERTY,ALCOHOL_INVOLVED,STWD_VEHTYPE_AT_FAULT,CHP_VEHTYPE_AT_FAULT,COUNT_SEVERE_INJ,COUNT_VISIBLE_INJ,COUNT_COMPLAINT_PAIN,COUNT_PED_KILLED,COUNT_PED_INJURED,COUNT_BICYCLIST_KILLED,COUNT_BICYCLIST_INJURED,COUNT_MC_KILLED,COUNT_MC_INJURED,PRIMARY_RAMP,SECONDARY_RAMP,LATITUDE,LONGITUDE,COUNTY,CITY,POINT_X,POINT_Y
9640662,2024,2024-07-10,3801,2024-03-30,1027,379,TRAFF,6,5,7,3801,0,0,0,,0,4B2H,"DIAMOND ST","CLIPPER ST",142.00,S,N,A,-,N,,,,,,,,,,Y,1,1,0,5,A,-,03,22350,,N,H,J,A,A,H,-,A,A,0,,,,,Y,,A,01,0,0,0,0,0,0,0,0,0,"- ","- ",,,"SAN FRANCISCO","SAN FRANCISCO",-122.43602752685547,37.748390197753906
9640683,2024,2024-07-19,3801,2024-05-03,2334,2341,INGLE,5,5,7,3801,0,0,0,,0,3H16E,"SAN BRUNO AV","MANSELL ST",0.00,,Y,C,-,Y,SF,4,101,-,-,1.049,R,4,S,Y,1,1,2,2,A,-,03,22350,,N,D,C,A,B,H,-,C,A,0,,,,,Y,,A,01,1,0,1,0,0,0,0,0,0,"- ","- ",,,"SAN FRANCISCO","SAN FRANCISCO",-122.40093994140625,37.722698211669922
9640710,2024,2024-07-16,3801,2024-05-23,1237,1936,TRAFF,4,5,7,3801,0,0,0,,0,4B1D,"ELLIS ST","JONES ST",42.00,E,N,A,-,N,,,,,,,,,,Y,1,1,0,2,A,-,00,21955,A,N,G,B,D,A,H,-,A,A,0,Y,,,,Y,,N,60,0,0,0,1,0,0,0,0,0,"- ","- ",,,"SAN FRANCISCO","SAN FRANCISCO",-122.41263580322266,37.784915924072266
9640775,2024,2025-07-14,3801,2024-06-10,"341 ",917,TRAFF,1,5,7,3801,0,0,0,,0,4B2E,"MISSION ST","CORTLAND AV",109.00,N,N,A,-,N,,,,,,,,,,N,1,1,0,2,-,-,"- ",,,F,G,B,E,A,H,-,C,A,0,Y,,,,Y,,-,"- ",0,0,0,1,0,0,0,0,0,"- ","- ",,,"SAN FRANCISCO","SAN FRANCISCO",-122.42267608642578,37.741279602050781
9640780,2024,2024-09-23,3801,2024-06-15,2336,4375,TRAFF,6,5,7,3801,0,0,0,,0,4B1F,BROADWAY,"RT 101",15.00,W,N,A,-,Y,SF,4,101,-,-,6.320,I,5,N,Y,1,1,0,2,A,-,11,21453,D,N,G,B,B,A,H,-,C,A,0,Y,,,,Y,,N,60,0,0,0,1,0,0,0,0,0,"- ","- ",,,"SAN FRANCISCO","SAN FRANCISCO",-122.42333221435547,37.795757293701172
9640903,2024,2024-09-17,3801,2024-06-17,2130,1435,TRAFF,1,5,7,3801,0,0,0,,0,4B4C,"TOLAND ST","JERROLD AV",5.00,W,N,A,-,N,,,,,,,,,,Y,1,1,0,2,A,-,10,21950,A,N,G,B,B,A,H,-,C,A,0,Y,,,,Y,,I,10,0,0,0,1,0,0,0,0,0,"- ","- ",,,"SAN FRANCISCO","SAN FRANCISCO",-122.39875030517578,37.74407958984375
9640936,2024,2025-01-24,3801,2024-08-09,1538,2305,TRAFF,5,5,7,3801,0,0,0,,0,4B3F,"BAY SHORE BL","HELENA ST",77.00,N,N,A,-,N,,,,,,,,,,Y,1,1,0,2,A,-,09,21801,A,N,D,G,A,A,H,-,A,D,0,,Y,,,Y,,D,22,0,0,0,0,0,1,0,0,0,"- ","- ",,,"SAN FRANCISCO","SAN FRANCISCO",-122.40677642822266,37.736560821533203
9641010,2024,2025-01-24,3801,2024-08-15,1449,4119,TRAFF,4,5,7,3801,0,0,0,,0,4B103,"DIAMOND ST","BOSWORTH ST",17.00,S,N,A,-,N,,,,,,,,,,Y,1,1,0,2,A,-,10,21950,A,N,G,B,C,A,H,-,A,A,0,Y,,,Y,Y,,F,26,0,0,0,1,0,0,0,0,0,"- ","- ",,,"SAN FRANCISCO","SAN FRANCISCO",-122.43416595458984,37.733455657958984
9641590,2023,2024-03-30,3801,2023-11-07,"320 ",A22887,CENTR,2,5,7,3801,0,0,0,,0,3A13E,"JEFFERSON ST","JONES ST",169.00,W,N,A,-,N,,,,,,,,,,N,4,0,1,2,D,-,00,,,F,C,E,A,A,H,-,C,D,0,,,,,Y,,-,"- ",0,0,1,0,0,0,0,0,0,"- ","- ",,,"SAN FRANCISCO","SAN FRANCISCO",-122.41799926757812,37.807937622070312
9641594,2023,2024-01-18,3801,2023-11-07,1545,334,BAYVI,2,5,7,3801,0,0,0,,0,0C3,"PALOU AV","CRISP RD",0.00,,Y,A,-,N,,,,,,,,,,N,3,0,1,2,A,-,05,21650,,N,A,C,A,A,H,-,A,D,0,,,Y,,Y,,C,03,0,1,0,0,0,0,0,0,1,"- ","- ",,,"SAN FRANCISCO","SAN FRANCISCO",-122.37989807128906,37.727756500244141
9641598,2023,2023-12-26,3801,2023-11-08,2054,788,CENTR,3,5,7,3801,0,0,0,,0,3A11D,"LEAVENWORTH ST","POST ST",30.00,S,N,A,-,N,,,,,,,,,,N,4,0,1,2,A,-,08,22107,,N,B,C,A,A,H,-,C,A,0,,,,,Y,,A,01,0,0,1,0,0,0,0,0,0,"- ","- ",,,"SAN FRANCISCO","SAN FRANCISCO",-122.41497039794922,37.787368774414062
9641803,2023,2023-12-11,3801,2023-10-31,"919 ",1511,BAYVI,2,5,7,3801,0,0,0,,0,3C11A,"DE HARO ST","DE HARO ST 1322",0.00,,Y,A,-,N,,,,,,,,,,Y,4,0,1,2,A,-,03,22350,,N,F,A,A,A,E,-,A,D,0,,,,,Y,,A,01,0,0,1,0,0,0,0,0,0,"- ","- ",,,"SAN FRANCISCO","SAN FRANCISCO",,
9641804,2023,2023-12-15,3801,2023-10-31,"830 ",1224,MISSI,2,5,7,3801,0,0,0,,0,0D4,"26TH ST","CAPP ST",27.00,E,N,A,-,N,,,,,,,,,,Y,4,0,1,2,A,-,04,21703,,N,C,C,A,A,H,-,B,A,0,,,,,Y,,A,01,0,0,1,0,0,0,0,0,0,"- ","- ",,,"SAN FRANCISCO","SAN FRANCISCO",-122.41695404052734,37.749114990234375
9641805,2023,2023-12-11,3801,2023-10-18,1111,1936,TRAFF,3,5,7,3801,0,0,0,,0,4B1D,BROADWAY,"EASTBOUND TUNNEL ENTRANCE",334.00,E,N,A,-,N,,,,,,,,,,Y,2,0,1,1,A,-,03,22350,,N,F,I,A,A,H,-,A,A,0,,,,,Y,,M,96,1,0,0,0,0,0,0,0,0,"- ","- ",,,"SAN FRANCISCO","SAN FRANCISCO",,
9641806,2023,2023-12-11,3801,2023-10-12,2230,1994,TRAFF,4,5,7,3801,0,0,0,,0,4B3C,"GROVE ST","LARKIN ST",78.00,W,N,A,-,N,,,,,,,,,,N,2,0,1,2,A,-,11,21954,A,N,G,B,E,A,H,-,C,D,0,Y,,,,Y,Y,N,60,1,0,0,0,1,0,0,0,0,"- ","- ",,,"SAN FRANCISCO","SAN FRANCISCO",-122.41685485839844,37.77862548828125
9641807,2023,2023-12-11,3801,2023-10-31,1948,1157,SOUTH,2,5,7,3801,0,0,0,,0,3B5,"TOWNSEND ST","4TH ST",130.00,W,N,A,-,N,,,,,,,,,,N,4,0,1,2,A,-,08,22107,,N,D,G,A,A,H,-,C,A,0,,Y,,,Y,,L,04,0,0,1,0,0,0,1,0,0,"- ","- ",,,"SAN FRANCISCO","SAN FRANCISCO",-122.39530944824219,37.77685546875
9641808,2023,2023-12-11,3801,2023-10-31,1446,1157,BAYVI,2,5,7,3801,0,0,0,,0,3C15A,"CARGO WY","ILLINOIS ST",0.00,,Y,A,-,N,,,,,,,,,,,4,0,1,2,A,-,12,21453,A,N,D,C,A,A,H,-,A,A,0,,,,,Y,,A,01,0,0,1,0,0,0,0,0,0,"- ","- ",,,"SAN FRANCISCO","SAN FRANCISCO",-122.3861083984375,37.745704650878906
9641809,2023,2023-12-11,3801,2023-10-31,1706,649,INGLE,2,5,7,3801,0,0,0,,0,3H13D,"ALEMANY BL","SICKLES AV",0.00,,Y,A,-,N,,,,,,,,,,Y,4,0,2,2,A,-,09,21801,A,N,D,C,A,A,H,-,A,A,0,,,,,Y,,A,01,0,0,2,0,0,0,0,0,0,"- ","- ",,,"SAN FRANCISCO","SAN FRANCISCO",-122.45491790771484,37.710514068603516
9641810,2023,2023-12-11,3801,2023-10-29,1408,2268,INGLE,7,5,7,3801,0,0,0,,0,3H12D,"ELIZABETH ST","DIAMOND ST",0.00,,Y,A,-,N,,,,,,,,,,N,3,0,1,2,A,-,10,21950,,N,B,B,B,A,H,-,A,D,0,Y,,,,Y,,A,01,0,1,0,0,1,0,0,0,0,"- ","- ",,,"SAN FRANCISCO","SAN FRANCISCO",-122.43637084960938,37.751976013183594
9641811,2023,2023-12-11,3801,2023-10-29,"601 ",1068,SOUTH,7,5,7,3801,0,0,0,,0,,"16TH ST","RHODE ISLAND ST",0.00,,Y,A,-,N,,,,,,,,,,Y,4,0,2,2,A,-,12,21453,A,F,D,C,A,A,H,-,C,A,0,,,,,Y,,A,01,0,0,2,0,0,0,0,0,0,"- ","- ",,,"SAN FRANCISCO","SAN FRANCISCO",-122.40267944335938,37.766098022460938
9641812,2023,2023-12-18,3801,2023-10-30,1611,746,INGLE,1,5,7,3801,0,0,0,,0,3H13D,"SAN JOSE AV","SANTA ROSA AV",0.00,,Y,A,-,N,,,,,,,,,,N,4,0,1,2,A,-,10,21950,A,N,G,B,B,A,-,-,A,A,0,Y,,,,Y,,A,07,0,0,1,0,0,0,0,0,0,"- ","- ",,,"SAN FRANCISCO","SAN FRANCISCO",-122.44010162353516,37.728954315185547
9641813,2023,2023-12-11,3801,2023-10-14,1435,1562,INGLE,6,5,7,3801,0,0,0,,0,3H11A,"ALEMANY BL","PUTNAM ST",0.00,,Y,A,-,N,,,,,,,,,,Y,2,0,1,2,A,-,09,21800,A,N,B,-,A,A,H,-,A,A,0,,,Y,,Y,,C,02,1,0,0,0,0,0,0,0,1,"- ","- ",,,"SAN FRANCISCO","SAN FRANCISCO",-122.41084289550781,37.734832763671875
9641814,2023,2023-12-11,3801,2023-10-28,1812,1825,SOUTH,6,5,7,3801,0,0,0,,0,3B3D,"7TH ST","TOWNSEND ST",0.00,,Y,A,-,N,,,,,,,,,,N,3,0,1,2,A,-,03,22350,,N,D,G,A,A,H,-,B,A,0,,Y,,,Y,,L,04,0,1,0,0,0,0,1,0,0,"- ","- ",,,"SAN FRANCISCO","SAN FRANCISCO",-122.40165710449219,37.771831512451172
9641821,2023,2023-12-08,3801,2023-10-31,1745,233,MISSI,2,5,7,3801,0,0,0,,0,03D,"18TH ST","DIAMOND ST",0.00,,Y,A,-,N,,,,,,,,,,N,3,0,1,2,A,-,10,21950,A,N,G,B,B,A,H,-,A,A,0,Y,,,,Y,,A,01,0,1,0,0,1,0,0,0,0,"- ","- ",,,"SAN FRANCISCO","SAN FRANCISCO",-122.43718719482422,37.7607421875
9641823,2023,2023-12-08,3801,2023-10-20,1843,1994,TRAFF,5,5,7,3801,0,0,0,,0,4B3C,"BRANNAN ST","9TH ST",243.00,E,N,A,-,N,,,,,,,,,,N,4,0,1,2,A,-,09,21801,A,N,D,C,A,A,H,-,B,D,0,,,,,Y,,A,01,0,0,1,0,0,0,0,0,0,"- ","- ",,,"SAN FRANCISCO","SAN FRANCISCO",-122.40638732910156,37.770523071289062
9641824,2023,2023-12-08,3801,2023-10-31,1442,2398,NORTH,2,5,7,3801,0,0,0,,0,0IE,"FRANKLIN ST","LINDEN ST",3.00,N,N,A,-,N,,,,,,,,,,N,2,0,1,2,A,-,17,21657,,N,A,G,A,A,H,-,A,A,0,,Y,,,Y,,L,04,1,0,0,0,0,0,1,0,0,"- ","- ",,,"SAN FRANCISCO","SAN FRANCISCO",-122.42124176025391,37.776626586914062
9641825,2023,2023-12-08,3801,2023-10-30,1721,1057,SOUTH,1,5,7,3801,0,0,0,,0,3B13D,"THE EMBARCADERO SOUTH","BRYANT ST",0.00,,Y,A,-,N,,,,,,,,,,N,2,0,1,1,A,-,17,21663,,N,E,A,A,A,G,-,A,A,0,,Y,,,Y,,L,04,1,0,0,0,0,0,1,0,0,"- ","- ",,,"SAN FRANCISCO","SAN FRANCISCO",-122.38801574707031,37.787094116210938
9641826,2023,2023-12-19,3801,2023-10-19,2130,2445,MISSI,4,5,7,3801,0,0,0,,0,001,"MARKET ST","NOE ST",0.00,,Y,A,-,N,,,,,,,,,,N,4,0,2,5,A,-,22,23123,A,N,C,C,A,A,H,-,C,A,0,,,,,Y,,A,01,0,0,2,0,0,0,0,0,0,"- ","- ",,,"SAN FRANCISCO","SAN FRANCISCO",-122.43313598632812,37.764244079589844
9641827,2023,2023-12-13,3801,2023-10-30,1133,2180,BAYVI,1,5,7,3801,0,0,0,,0,3C4A,"SHAFTER AV","ELMIRA ST",0.00,,Y,A,-,N,,,,,,,,,,Y,4,0,2,2,A,-,12,22450,A,N,D,C,A,A,H,-,A,A,0,,,,,Y,,A,01,0,0,2,0,0,0,0,0,0,"- ","- ",,,"SAN FRANCISCO","SAN FRANCISCO",-122.40393829345703,37.738529205322266
9641829,2023,2023-12-13,3801,2023-10-29,2209,400,SOUTH,7,5,7,3801,0,0,0,,0,3B14E,"BRYANT ST","9TH ST",0.00,,Y,A,-,N,,,,,,,,,,N,4,0,3,2,A,-,08,22100,B,N,D,C,A,A,H,-,C,A,0,,,,,Y,,A,01,0,0,3,0,0,0,0,0,0,"- ","- ",,,"SAN FRANCISCO","SAN FRANCISCO",-122.40853118896484,37.771289825439453
9641830,2023,2023-12-08,3801,2023-10-30,"529 ",2293,MISSI,1,5,7,3801,0,0,0,,0,,"CAPP ST","16TH ST",0.00,,Y,A,-,N,,,,,,,,,,N,4,0,1,2,A,-,12,21453,A,F,G,B,B,A,H,-,C,A,0,Y,,,,Y,,A,01,0,0,1,0,1,0,0,0,0,"- ","- ",,,"SAN FRANCISCO","SAN FRANCISCO",-122.418701171875,37.765098571777344
9641831,2023,2023-12-08,3801,2023-10-29,1522,2139,TARAV,7,5,7,3801,0,0,0,,0,3801,"OCEAN AV","BRIGHTON AV",0.00,,Y,A,-,N,,,,,,,,,,N,4,0,1,2,D,-,00,,,N,G,B,B,A,H,-,A,A,0,Y,,,,Y,,-,"- ",0,0,1,0,1,0,0,0,0,"- ","- ",,,"SAN FRANCISCO","SAN FRANCISCO",-122.45513916015625,37.723697662353516
9641832,2023,2023-12-08,3801,2023-10-29,2100,1447,PARK,7,5,7,3801,0,0,0,,0,003,"MASONIC AV","OAK ST",0.00,,Y,A,-,N,,,,,,,,,,N,4,0,1,2,A,-,09,21453,C,N,G,B,B,A,H,-,C,A,0,Y,,,,Y,,A,01,0,0,1,0,1,0,0,0,0,"- ","- ",,,"SAN FRANCISCO","SAN FRANCISCO",-122.44575500488281,37.772083282470703
9641833,2023,2023-12-08,3801,2023-10-29,"32  ",2237,TARAV,7,5,7,3801,0,0,0,,0,001,"19TH AV","BYXBEE ST",0.00,,Y,A,-,N,,,,,,,,,,Y,4,0,4,2,A,-,09,21804,,N,D,C,A,A,H,-,C,A,0,,,,,Y,,A,01,0,0,4,0,0,0,0,0,0,"- ","- ",,,"SAN FRANCISCO","SAN FRANCISCO",-122.46976470947266,37.714267730712891
9641834,2023,2023-12-08,3801,2023-10-29,1455,2210,SOUTH,7,5,7,3801,0,0,0,,0,0B4,"10TH ST","MISSION ST",0.00,,Y,A,-,N,,,,,,,,,,N,4,0,1,2,A,-,12,21453,A,F,D,G,A,A,-,-,A,A,0,,Y,Y,,Y,,L,04,0,0,1,0,0,0,0,0,1,"- ","- ",,,"SAN FRANCISCO","SAN FRANCISCO",-122.41590881347656,37.775276184082031
9641835,2023,2023-12-08,3801,2023-10-31,"1   ",1982,MISSI,2,5,7,3801,0,0,0,,0,3D14E,"MARKET ST","EUREKA ST",0.00,,Y,A,-,N,,,,,,,,,,Y,4,0,1,1,A,-,03,22350,,N,E,I,A,A,H,-,C,A,0,,,,,Y,,A,01,0,0,1,0,0,0,0,0,0,"- ","- ",,,"SAN FRANCISCO","SAN FRANCISCO",-122.43834686279297,37.761722564697266
9641836,2023,2023-12-08,3801,2023-10-29,"43  ",1123,SOUTH,7,5,7,3801,0,0,0,,0,3B60,"6TH ST","BRYANT ST",0.00,,Y,A,-,N,,,,,,,,,,Y,3,0,1,2,A,-,09,21801,A,N,D,C,A,A,H,-,C,A,0,,,Y,,Y,,A,01,0,1,0,0,0,0,0,0,1,"- ","- ",,,"SAN FRANCISCO","SAN FRANCISCO",-122.40250396728516,37.776058197021484
9641837,2023,2023-12-08,3801,2023-10-30,"707 ",428,CENTR,1,5,7,3801,0,0,0,,0,,"SACRAMENTO ST","SANSOME ST",0.00,,Y,A,-,N,,,,,,,,,,Y,4,0,2,2,A,-,12,21453,A,N,D,C,A,A,-,-,A,A,0,,,,,Y,,A,08,0,0,2,0,0,0,0,0,0,"- ","- ",,,"SAN FRANCISCO","SAN FRANCISCO",-122.40132141113281,37.79400634765625
9641838,2023,2023-12-18,3801,2023-10-24,1248,1068,SOUTH,2,5,7,3801,0,0,0,,0,3B12A,"6TH ST","BRANNAN ST",0.00,,Y,A,-,N,,,,,,,,,,,4,0,1,2,A,-,09,21801,A,N,A,C,A,A,H,-,A,A,0,,,,,Y,,A,01,0,0,1,0,0,0,0,0,0,"- ","- ",,,"SAN FRANCISCO","SAN FRANCISCO",-122.40095520019531,37.774826049804688
9641839,2023,2023-12-08,3801,2023-10-30,1250,390,PARK,1,5,7,3801,0,0,0,,0,001,"LINCOLN WY","LINCOLN WY 243",0.00,,N,A,-,N,,,,,,,,,,Y,4,0,2,2,A,-,03,22350,,N,C,C,A,A,H,-,A,D,0,,,,,Y,,-,,0,0,2,0,0,0,0,0,0,"- ","- ",37.455799102783203,-122.27391815185547,"SAN FRANCISCO","SAN FRANCISCO",,
9641840,2023,2023-12-13,3801,2023-10-28,2015,1784,TENDE,6,5,7,3801,0,0,0,,0,3J15D,"TURK ST","POLK ST",200.00,E,N,A,-,N,,,,,,,,,,Y,4,0,1,2,C,-,18,,,N,-,E,A,A,H,-,C,A,0,,,,,Y,Y,-,"- ",0,0,1,0,0,0,0,0,0,"- ","- ",,,"SAN FRANCISCO","SAN FRANCISCO",-122.41831970214844,37.782257080078125
9641867,2023,2024-01-23,3801,2023-11-03,1045,1337,NORTH,5,5,7,3801,0,0,0,,0,0E2,"DIVISADERO ST","GEARY BL",0.00,,Y,A,-,N,,,,,,,,,,N,2,0,1,2,A,-,03,22350,,N,C,G,A,A,H,-,A,A,0,,Y,,,Y,,A,01,1,0,0,0,0,0,1,0,0,"- ","- ",,,"SAN FRANCISCO","SAN FRANCISCO",-122.43947601318359,37.783359527587891
9641869,2023,2024-01-23,3801,2023-11-04,"236 ",1406,CENTR,6,5,7,3801,0,0,0,,0,3A1,"BUSH ST","LEAVENWORTH ST",8.00,E,N,A,-,N,,,,,,,,,,N,2,0,1,2,D,-,00,,,N,G,B,D,A,H,-,C,A,0,Y,,,,Y,,-,"- ",1,0,0,0,1,0,0,0,0,"- ","- ",,,"SAN FRANCISCO","SAN FRANCISCO",-122.41535186767578,37.789344787597656
9641870,2023,2024-01-23,3801,2023-11-04,2205,2307,NORTH,6,5,7,3801,0,0,0,,0,3E12E,"HAYES ST","LAGUNA ST",0.00,,Y,A,-,N,,,,,,,,,,N,4,0,2,2,A,-,12,22450,A,F,D,C,A,A,-,-,C,A,0,,,,,Y,,A,01,0,0,2,0,0,0,0,0,0,"- ","- ",,,"SAN FRANCISCO","SAN FRANCISCO",-122.42626190185547,37.776473999023438
9641871,2023,2024-01-23,3801,2023-11-04,1615,1337,NORTH,6,5,7,3801,0,0,0,,0,3E12D,"STEINER ST","FELL ST",0.00,,Y,A,-,N,,,,,,,,,,Y,4,0,1,2,A,-,09,21801,A,N,-,C,A,A,H,-,A,A,0,,,,,Y,,A,01,0,0,1,0,0,0,0,0,0,"- ","- ",,,"SAN FRANCISCO","SAN FRANCISCO",-122.43265533447266,37.774684906005859
9641872,2023,2024-01-23,3801,2023-11-04,"7   ",1133,CENTR,6,5,7,3801,0,0,0,,0,04A,"COLUMBUS AV","PACIFIC AV",0.00,,Y,A,-,N,,,,,,,,,,N,3,0,1,2,A,-,03,22350,,N,C,-,A,A,H,-,C,A,0,,,,,Y,,-,,0,1,0,0,0,0,0,0,0,"- ","- ",,,"SAN FRANCISCO","SAN FRANCISCO",-122.40538787841797,37.79705810546875
9641873,2023,2024-01-23,3801,2023-11-07,"900 ",4286,RICHM,2,5,7,3801,0,0,0,,0,0G3,"CLEMENT ST","4TH AV",0.00,,Y,A,-,N,,,,,,,,,,N,4,0,1,2,A,-,10,21950,A,N,G,B,B,A,H,-,A,D,0,Y,,,,Y,,A,07,0,0,1,0,1,0,0,0,0,"- ","- ",,,"SAN FRANCISCO","SAN FRANCISCO",-122.4622802734375,37.783042907714844
9641874,2023,2024-01-23,3801,2023-11-05,"111 ",2445,MISSI,7,5,7,3801,0,0,0,,0,3D14E,"15TH ST","GUERRERO ST",0.00,,Y,A,-,N,,,,,,,,,,Y,4,0,2,4,A,-,12,21453,A,N,D,C,A,A,H,-,C,A,0,,,,,Y,,A,01,0,0,2,0,0,0,0,0,0,"- ","- ",,,"SAN FRANCISCO","SAN FRANCISCO",-122.42424011230469,37.766403198242188
9641875,2023,2024-02-23,3801,2023-11-03,"850 ",2402,TARAV,5,5,7,3801,0,0,0,,0,3I1A,"KIRKHAM ST","10TH AV",0.00,,Y,A,-,N,,,,,,,,,,N,4,0,1,2,D,-,00,,,N,D,-,A,A,H,-,A,A,0,,,,,Y,,-,"- ",0,0,1,0,0,0,0,0,0,"- ","- ",,,"SAN FRANCISCO","SAN FRANCISCO",-122.46714019775391,37.760246276855469
9641876,2023,2024-01-23,3801,2023-11-03,"621 ",2059,CENTR,5,5,7,3801,0,0,0,,0,3A4A,"THE EMBARCADERO","WASHINGTON ST",620.00,S,N,A,-,N,,,,,,,,,,N,3,0,1,2,A,-,12,21453,A,F,D,G,A,A,H,-,C,A,0,,Y,,,Y,,A,07,0,1,0,0,0,0,1,0,0,"- ","- ",,,"SAN FRANCISCO","SAN FRANCISCO",-122.39446258544922,37.795185089111328
9641877,2023,2024-01-23,3801,2023-11-02,1741,1823,MISSI,4,5,7,3801,0,0,0,,0,004,"MISSION ST","25TH ST",205.00,S,N,A,-,N,,,,,,,,,,N,3,0,1,2,A,-,08,22102,,N,D,C,A,A,H,-,A,D,0,,,Y,,Y,,A,01,0,1,0,0,0,0,0,0,1,"- ","- ",,,"SAN FRANCISCO","SAN FRANCISCO",-122.41824340820312,37.750099182128906
9641878,2023,2024-01-23,3801,2023-11-03,"139 ",1207,TENDE,5,5,7,3801,0,0,0,,0,,"MARKET ST","3RD ST",0.00,,-,A,-,N,,,,,,,,,,N,3,0,1,1,A,-,17,21235,G,N,E,A,A,A,H,-,C,D,0,,,Y,,Y,Y,C,03,0,1,0,0,0,0,0,0,1,"- ","- ",,,"SAN FRANCISCO","SAN FRANCISCO",-122.40345764160156,37.787662506103516
9641879,2023,2024-01-23,3801,2023-11-01,1937,2487,BAYVI,3,5,7,3801,0,0,0,,0,3C1,"25TH ST","ILLINOIS ST",0.00,,Y,A,-,N,,,,,,,,,,Y,3,0,1,2,A,-,01,23152,A,M,B,E,A,A,H,-,C,A,0,,,,,Y,Y,A,01,0,1,0,0,0,0,0,0,0,"- ","- ",,,"SAN FRANCISCO","SAN FRANCISCO",-122.38686370849609,37.752902984619141
9641880,2023,2024-01-23,3801,2023-11-02,"720 ",1428,MISSI,4,5,7,3801,0,0,0,,0,03D,"CHURCH ST","JERSEY ST",0.00,,Y,A,-,N,,,,,,,,,,Y,4,0,2,2,A,-,21,22106,,N,D,C,A,A,H,-,A,D,0,,,,,Y,,A,01,0,0,2,0,0,0,0,0,0,"- ","- ",,,"SAN FRANCISCO","SAN FRANCISCO",-122.42736053466797,37.750877380371094
9641890,2023,2023-12-08,3801,2023-10-31,2140,1836,TARAV,2,5,7,3801,0,0,0,,0,1CAR,"LINCOLN WY","11TH AV",0.00,,Y,A,-,N,,,,,,,,,,N,4,0,1,2,A,-,08,22107,,N,B,C,A,A,H,-,C,D,0,,,,,Y,,A,07,0,0,1,0,0,0,0,0,0,"- ","- ",,,"SAN FRANCISCO","SAN FRANCISCO",-122.46858215332031,37.765827178955078
9642009,2023,2024-01-05,3801,2023-11-06,"233 ",2142,INGLE,1,5,7,3801,0,0,0,,0,3H15E,"ALEMANY BL","HARRINGTON ST",0.00,,Y,C,-,N,,,,,,,,,,Y,3,0,1,2,A,-,07,21658,A,M,-,E,A,B,H,-,C,A,0,,,,,Y,,A,01,0,1,0,0,0,0,0,0,0,"- ","- ",,,"SAN FRANCISCO","SAN FRANCISCO",-122.43630218505859,37.726055145263672
9642013,2023,2024-01-17,3801,2023-11-01,1931,540,,3,5,7,3801,0,0,0,,0,016,"ASHTON AVE","GRAFTON AVE",201.00,S,N,A,-,N,,,,,,,,,,Y,4,0,1,3,A,-,21,22106,,N,D,C,A,A,H,-,C,D,0,,,,,Y,,A,07,0,0,1,0,0,0,0,0,0,"- ","- ",,,"SAN FRANCISCO","SAN FRANCISCO",-122.46225738525391,37.719459533691406
9642021,2023,2024-01-17,3801,2023-11-04,2234,2718,,6,5,7,3801,0,0,0,,0,3C11D,"RD ST","WALLACE AVE",0.00,,Y,A,-,N,,,,,,,,,,N,3,0,1,1,A,-,00,21221,,N,H,A,A,A,H,-,C,A,0,,,Y,,Y,,C,03,0,1,0,0,0,0,0,0,1,"- ","- ",,,"SAN FRANCISCO","SAN FRANCISCO",,
9642022,2023,2024-01-17,3801,2023-11-01,1305,2366,,3,5,7,3801,0,0,0,,0,3E6C,"FRANKLIN ST","VALLEJO ST",0.00,,Y,A,-,N,,,,,,,,,,Y,4,0,1,3,A,-,03,22350,,N,C,C,A,A,H,-,A,A,0,,,,,Y,,A,01,0,0,1,0,0,0,0,0,0,"- ","- ",,,"SAN FRANCISCO","SAN FRANCISCO",-122.42523956298828,37.796489715576172
9642023,2023,2024-01-17,3801,2023-11-04,2010,2459,,6,5,7,3801,0,0,0,,0,3B14D,"9TH ST","HOFF ST",0.00,,Y,A,-,N,,,,,,,,,,Y,4,0,1,2,A,-,12,21453,A,N,D,B,B,A,H,-,C,A,0,Y,,,,Y,Y,A,01,0,0,1,0,1,0,0,0,0,"- ","- ",,,"SAN FRANCISCO","SAN FRANCISCO",,
9642024,2023,2024-01-17,3801,2023-11-05,2330,2724,,7,5,7,3801,0,0,0,,0,3C15E,"BRIDGEVIEW DR","BRIDGEVIEW DR 146",0.00,,-,A,-,N,,,,,,,,,,Y,4,0,1,7,C,-,18,,,N,E,E,A,A,H,-,C,D,0,,,,,Y,,-,"- ",0,0,1,0,0,0,0,0,0,"- ","- ",,,"SAN FRANCISCO","SAN FRANCISCO",-121.08625793457031,38.676544189453125