CASE_ID,ACCIDENT_YEAR,PROC_DATE,JURIS,COLLISION_DATE,COLLISION_TIME,OFFICER_ID,REPORTING_DISTRICT,DAY_OF_WEEK,CHP_SHIFT,POPULATION,CNTY_CITY_LOC,SPECIAL_COND,BEAT_TYPE,CHP_BEAT_TYPE,CITY_DIVISION_LAPD,CHP_BEAT_CLASS,BEAT_NUMBER,PRIMARY_RD,SECONDARY_RD,DISTANCE,DIRECTION,INTERSECTION,WEATHER_1,WEATHER_2,STATE_HWY_IND,CALTRANS_COUNTY,CALTRANS_DISTRICT,STATE_ROUTE,ROUTE_SUFFIX,POSTMILE_PREFIX,POSTMILE,LOCATION_TYPE,RAMP_INTERSECTION,SIDE_OF_HWY,TOW_AWAY,COLLISION_SEVERITY,NUMBER_KILLED,NUMBER_INJURED,PARTY_COUNT,PRIMARY_COLL_FACTOR,PCF_CODE_OF_VIOL,PCF_VIOL_CATEGORY,PCF_VIOLATION,PCF_VIOL_SUBSECTION,HIT_AND_RUN,TYPE_OF_COLLISION,MVIW,PED_ACTION,ROAD_SURFACE,ROAD_COND_1,ROAD_COND_2,LIGHTING,CONTROL_DEVICE,CHP_ROAD_TYPE,PEDESTRIAN_ACCIDENT,BICYCLE_ACCIDENT,MOTORCYCLE_ACCIDENT,TRUCK_ACCIDENT,NOT_PRIVATE_PROPERTY,ALCOHOL_INVOLVED,STWD_VEHTYPE_AT_FAULT,CHP_VEHTYPE_AT_FAULT,COUNT_SEVERE_INJ,COUNT_VISIBLE_INJ,COUNT_COMPLAINT_PAIN,COUNT_PED_KILLED,COUNT_PED_INJURED,COUNT_BICYCLIST_KILLED,COUNT_BICYCLIST_INJURED,COUNT_MC_KILLED,COUNT_MC_INJURED,PRIMARY_RAMP,SECONDARY_RAMP,LATITUDE,LONGITUDE,COUNTY,CITY,POINT_X,POINT_Y
9649640,2023,2024-01-11,3801,2023-11-02,1820,1933,TENDE,4,5,7,3801,0,0,0,,0,3J11D,"6TH ST","MARKET ST",0.00,,Y,A,-,N,,,,,,,,,,N,4,0,1,2,A,-,10,21950,A,N,G,B,B,A,H,-,B,A,0,Y,,,,Y,,A,08,0,0,1,0,1,0,0,0,0,"- ","- ",,,"SAN FRANCISCO","SAN FRANCISCO",-122.41030120849609,37.782241821289062
9650188,2023,2024-01-22,3801,2023-11-10,1200,1723,CENTR,5,5,7,3801,0,0,0,,0,002,"SUTTER ST","STOCKTON ST",20.00,E,N,A,-,N,,,,,,,,,,N,4,0,1,2,A,-,07,21658,A,F,B,C,A,A,H,-,A,D,0,,,,Y,Y,,F,25,0,0,1,0,0,0,0,0,0,"- ","- ",,,"SAN FRANCISCO","SAN FRANCISCO",-122.40687561035156,37.7894287109375
9650192,2023,2024-02-15,3801,2023-12-13,1900,1933,TENDE,3,5,7,3801,0,0,0,,0,3J14D,"MASON ST","EDDY ST",0.00,,Y,A,-,N,,,,,,,,,,N,4,0,1,2,A,-,07,21658,A,N,D,C,A,A,H,-,B,A,0,,,,,Y,,I,19,0,0,1,0,0,0,0,0,0,"- ","- ",,,"SAN FRANCISCO","SAN FRANCISCO",-122.4093017578125,37.784374237060547
9650195,2023,2024-02-21,3801,2023-12-07,"506 ",2463,SOUTH,4,5,7,3801,0,0,0,,0,3B60,"HARRISON ST","6TH ST",0.00,,Y,A,-,N,,,,,,,,,,Y,3,0,2,2,A,-,12,21453,A,F,D,C,A,B,H,-,C,A,0,,,,,Y,,A,01,0,1,1,0,0,0,0,0,0,"- ","- ",,,"SAN FRANCISCO","SAN FRANCISCO",-122.40408325195312,37.777309417724609
9650199,2023,2024-02-21,3801,2023-12-11,"620 ",1530,BAYVI,1,5,7,3801,0,0,0,,0,3C12A,"NAPOLEON ST","EVANS AV",628.00,W,N,A,-,N,,,,,,,,,,N,4,0,1,2,A,-,10,21950,,N,G,B,D,A,H,-,C,A,0,Y,,,,Y,,D,22,0,0,1,0,1,0,0,0,0,"- ","- ",,,"SAN FRANCISCO","SAN FRANCISCO",-122.39810943603516,37.747066497802734
9650203,2023,2024-02-01,3801,2023-12-10,"700 ",179,NORTH,7,5,7,3801,0,0,0,,0,3E12A,"FILLMORE ST","MCALLISTER ST",0.00,,Y,A,-,N,,,,,,,,,,N,4,0,1,2,A,-,12,21453,A,N,-,C,A,A,H,-,B,A,0,,,,Y,Y,,A,01,0,0,1,0,0,0,0,0,0,"- ","- ",,,"SAN FRANCISCO","SAN FRANCISCO",-122.43175506591797,37.778644561767578
9650212,2023,2024-02-15,3801,2023-12-27,1413,1249,CENTR,3,5,7,3801,0,0,0,,0,3A77,"POWELL ST","BAY ST",0.00,,Y,C,-,N,,,,,,,,,,N,4,0,1,2,A,-,09,21453,B,N,D,C,A,B,-,-,A,A,0,,,,,Y,,I,12,0,0,1,0,0,0,0,0,0,"- ","- ",,,"SAN FRANCISCO","SAN FRANCISCO",-122.41194152832031,37.805839538574219
9650241,2023,2024-01-11,3801,2023-11-05,2500,1911,RICHM,7,5,7,3801,0,0,0,,0,RICHMO,"LYON ST","POST ST",0.00,,Y,C,-,N,,,,,,,,,,Y,4,0,1,2,A,-,09,21801,A,N,A,C,A,B,H,-,C,A,0,,,,,Y,,A,01,0,0,1,0,0,0,0,0,0,"- ","- ",,,"SAN FRANCISCO","SAN FRANCISCO",-122.44464874267578,37.783672332763672
9650242,2023,2024-01-11,3801,2023-11-19,1515,2419,RICHM,7,5,7,3801,0,0,0,,0,908,"PINE ST","PRESIDIO AV",0.00,,Y,A,-,N,,,,,,,,,,Y,4,0,1,1,A,-,03,22350,,N,E,I,A,A,H,-,A,A,0,,,,,Y,,A,01,0,0,1,0,0,0,0,0,0,"- ","- ",,,"SAN FRANCISCO","SAN FRANCISCO",-122.44660186767578,37.786293029785156
9650243,2023,2024-01-11,3801,2023-11-12,"952 ",2118,SOUTH,7,5,7,3801,0,0,0,,0,3B14A,"LAGUNA ST","MARKET ST",0.00,,Y,A,-,N,,,,,,,,,,N,4,0,1,2,A,-,04,21703,,N,C,C,A,A,H,-,A,A,0,,,Y,,Y,,A,01,0,0,1,0,0,0,0,0,1,"- ","- ",,,"SAN FRANCISCO","SAN FRANCISCO",-122.42485809326172,37.770748138427734
9650244,2023,2024-01-11,3801,2023-11-10,1455,1214,CENTR,5,5,7,3801,0,0,0,,0,3A42C,"STOCKTON ST","UNION ST",97.00,N,N,A,-,N,,,,,,,,,,N,2,0,1,2,A,-,10,21950,,N,G,B,D,A,H,-,A,A,0,Y,,,,Y,,N,60,1,0,0,0,1,0,0,0,0,"- ","- ",,,"SAN FRANCISCO","SAN FRANCISCO",-122.40921783447266,37.800693511962891
9650245,2023,2024-01-11,3801,2023-11-30,1300,504,NORTH,4,5,7,3801,0,0,0,,0,3E15A,"LOMBARD ST","VAN NESS AV",0.00,,Y,A,-,N,,,,,,,,,,N,3,0,1,2,A,-,10,21950,A,N,G,B,B,A,H,-,A,A,0,Y,,,,Y,,A,08,0,1,0,0,1,0,0,0,0,"- ","- ",,,"SAN FRANCISCO","SAN FRANCISCO",-122.42446899414062,37.80133056640625
9650246,2023,2024-01-11,3801,2023-11-23,1328,1631,SOUTH,4,5,7,3801,0,0,0,,0,3B3A,"8TH ST","HOWARD ST",0.00,,Y,A,-,N,,,,,,,,,,N,4,0,1,2,A,-,10,21950,A,N,G,B,B,A,H,-,A,A,0,Y,,,,Y,,-,,0,0,1,0,1,0,0,0,0,"- ","- ",,,"SAN FRANCISCO","SAN FRANCISCO",-122.41159057617188,37.776229858398438
9650247,2023,2024-01-22,3801,2023-11-25,2230,1740,CENTR,6,5,7,3801,0,0,0,,0,3A13D,"UNION ST","LARKIN ST",0.00,,Y,A,-,N,,,,,,,,,,Y,4,0,3,2,A,-,12,22450,,F,D,C,A,A,H,-,C,-,0,,,,,Y,,-,99,0,0,3,0,0,0,0,0,0,"- ","- ",,,"SAN FRANCISCO","SAN FRANCISCO",-122.42066955566406,37.798984527587891
9650248,2023,2024-01-11,3801,2023-11-26,1535,1987,TENDE,7,5,7,3801,0,0,0,,0,3J14D,"EDDY ST","LEAVENWORTH ST",0.00,,Y,A,-,N,,,,,,,,,,N,3,0,1,2,A,-,"- ",,,N,H,A,A,A,H,-,A,A,0,,,,,Y,,L,04,0,1,0,0,0,0,0,0,0,"- ","- ",,,"SAN FRANCISCO","SAN FRANCISCO",-122.41423797607422,37.783729553222656
9650249,2023,2024-01-11,3801,2023-11-13,1635,2088,INGLE,1,5,7,3801,0,0,0,,0,3H90,"MISSION ST","RUSSIA AV",0.00,,Y,-,-,N,,,,,,,,,,N,3,0,2,3,A,-,11,21950,B,N,D,B,B,A,H,-,B,D,0,Y,,,,Y,,N,60,0,2,0,0,2,0,0,0,0,"- ","- ",,,"SAN FRANCISCO","SAN FRANCISCO",-122.43717956542969,37.721572875976562
9650250,2023,2024-01-11,3801,2023-11-21,1732,4175,TRAFF,2,5,7,3801,0,0,0,,0,4B4D,"GEARY BL","3RD AV",0.00,,Y,A,-,N,,,,,,,,,,Y,2,0,2,2,A,-,12,21453,A,N,D,C,A,A,H,-,C,A,0,,,Y,,Y,Y,C,02,1,1,0,0,0,0,0,0,1,"- ","- ",,,"SAN FRANCISCO","SAN FRANCISCO",-122.46106719970703,37.781227111816406
9650251,2023,2024-01-11,3801,2023-11-27,2211,2097,MISSI,1,5,7,3801,0,0,0,,0,3D15E,"MISSION ST","14TH ST",0.00,,Y,A,-,N,,,,,,,,,,,4,0,1,2,A,-,12,21453,,F,D,G,A,A,H,-,C,A,0,,Y,,,Y,,A,01,0,0,1,0,0,0,1,0,0,"- ","- ",,,"SAN FRANCISCO","SAN FRANCISCO",-122.41996765136719,37.768291473388672
9650252,2023,2024-01-19,3801,2023-11-29,1405,4275,TARAV,3,5,7,3801,0,0,0,,0,3I3A,"KIRKHAM ST","44TH AV",0.00,,Y,A,-,N,,,,,,,,,,N,4,0,1,2,A,-,09,21802,A,N,D,C,A,A,H,-,A,A,0,,,,,Y,,D,22,0,0,1,0,0,0,0,0,0,"- ","- ",,,"SAN FRANCISCO","SAN FRANCISCO",-122.50364685058594,37.758663177490234
9650253,2023,2024-01-11,3801,2023-11-24,1830,917,NORTH,5,5,7,3801,0,0,0,,0,4B2E,"GEARY BL","BUCHANAN ST",42.00,E,N,A,-,N,,,,,,,,,,Y,2,0,1,2,A,-,11,21954,A,N,G,B,D,A,H,-,C,D,0,Y,,,,Y,,N,60,1,0,0,0,1,0,0,0,0,"- ","- ",,,"SAN FRANCISCO","SAN FRANCISCO",-122.42947387695312,37.784698486328125
9650254,2023,2024-01-11,3801,2023-11-20,1747,2743,SOUTH,1,5,7,3801,0,0,0,,0,3B5,"MISSION BAY BL N","MERRIMAC ST",0.00,,Y,A,-,N,,,,,,,,,,N,4,0,1,2,A,-,12,22450,,F,D,G,A,A,H,-,C,A,0,,Y,,,Y,,A,01,0,0,1,0,0,0,1,0,0,"- ","- ",,,"SAN FRANCISCO","SAN FRANCISCO",-122.39287567138672,37.770877838134766
9650255,2023,2024-01-11,3801,2023-11-29,"719 ",2495,BAYVI,3,5,7,3801,0,0,0,,0,3C12A,"GATES ST","CRESCENT AV",52.00,N,N,A,-,N,,,,,,,,,,,4,0,1,2,A,-,03,22350,,F,B,G,A,B,-,-,A,A,0,,Y,,,Y,,A,01,0,0,1,0,0,0,1,0,0,"- ","- ",,,"SAN FRANCISCO","SAN FRANCISCO",-122.41429138183594,37.73492431640625
9650256,2023,2024-01-11,3801,2023-11-29,1445,1316,RICHM,3,5,7,3801,0,0,0,,0,3G4A,"25TH AV","ANZA ST",0.00,,Y,A,-,N,,,,,,,,,,N,3,0,1,2,A,-,10,21950,A,N,G,B,B,A,H,-,A,A,0,Y,,,,Y,,A,01,0,1,0,0,1,0,0,0,0,"- ","- ",,,"SAN FRANCISCO","SAN FRANCISCO",-122.48458862304688,37.778167724609375
9650257,2023,2024-01-11,3801,2023-11-28,"756 ",937,BAYVI,2,5,7,3801,0,0,0,,0,3C12A,"MARIN ST","BAYSHORE BL",50.00,E,N,A,-,N,,,,,,,,,,N,3,0,1,2,A,-,08,22107,,N,B,C,A,A,H,-,A,A,0,,,Y,,Y,,A,01,0,1,0,0,0,0,0,0,1,"- ","- ",,,"SAN FRANCISCO","SAN FRANCISCO",-122.40335083007812,37.748134613037109
9650258,2023,2024-01-11,3801,2023-11-28,"950 ",189,NORTH,2,5,7,3801,0,0,0,,0,001,"BUCHANAN ST","LILY ST",0.00,,Y,A,-,N,,,,,,,,,,N,4,0,1,3,A,-,09,21804,A,N,B,E,A,A,H,-,A,D,0,,,,,Y,,A,01,0,0,1,0,0,0,0,0,0,"- ","- ",,,"SAN FRANCISCO","SAN FRANCISCO",-122.42744445800781,37.773918151855469
9650259,2023,2024-01-11,3801,2023-11-24,2211,2157,RICHM,5,5,7,3801,0,0,0,,0,001,"CROSSOVER DR","MARTIN LUTHER KING JR DR",90.00,N,N,A,-,N,,,,,,,,,,Y,3,0,2,2,A,-,04,21703,,N,C,C,A,A,H,-,C,D,0,,,,,Y,,A,01,0,1,1,0,0,0,0,0,0,"- ","- ",,,"SAN FRANCISCO","SAN FRANCISCO",-122.47742462158203,37.766284942626953
9650260,2023,2024-01-11,3801,2023-11-27,"900 ",1580,SOUTH,1,5,7,3801,0,0,0,,0,3B14A,KING,"3RD ST",0.00,,Y,A,-,N,,,,,,,,,,N,4,0,1,2,A,-,11,21453,D,F,G,B,B,A,H,-,A,A,0,Y,,,,Y,,N,60,0,0,1,0,1,0,0,0,0,"- ","- ",,,"SAN FRANCISCO","SAN FRANCISCO",-122.39195251464844,37.778202056884766
9650261,2023,2024-02-13,3801,2023-12-08,"930 ",1518,CENTR,5,5,7,3801,0,0,0,,0,3A44C,"EDDY ST","VAN NESS AV",0.00,,Y,A,-,N,,,,,,,,,,N,3,0,1,2,A,-,10,21950,A,F,G,B,B,A,H,-,A,A,0,Y,,Y,,Y,,C,03,0,1,0,0,1,0,0,0,0,"- ","- ",,,"SAN FRANCISCO","SAN FRANCISCO",-122.42076110839844,37.782890319824219
9650262,2023,2024-02-13,3801,2023-12-08,1407,801,SOUTH,5,5,7,3801,0,0,0,,0,0B2,"5TH ST","WELSH ST",0.00,,Y,A,-,N,,,,,,,,,,N,4,0,1,2,A,-,09,21804,A,N,D,C,A,A,H,-,A,D,0,,,Y,,Y,,A,01,0,0,1,0,0,0,0,0,1,"- ","- ",,,"SAN FRANCISCO","SAN FRANCISCO",-122.39974975585938,37.777374267578125
9650263,2023,2024-02-13,3801,2023-12-11,"951 ",2180,BAYVI,1,5,7,3801,0,0,0,,0,3C12A,"INDUSTRIAL ST","SHAFTER AV",0.00,,Y,A,-,N,,,,,,,,,,Y,3,0,1,2,A,-,03,22350,,N,D,C,A,A,H,-,A,A,0,,,,,Y,,A,01,0,1,0,0,0,0,0,0,0,"- ","- ",,,"SAN FRANCISCO","SAN FRANCISCO",-122.40398406982422,37.738674163818359
9650264,2023,2024-02-13,3801,2023-12-11,1358,885,BAYVI,1,5,7,3801,0,0,0,,0,0C3,"3RD AV","23RD ST",0.00,,Y,A,-,N,,,,,,,,,,Y,4,0,1,1,A,-,03,22350,,N,E,I,A,A,-,-,A,A,0,,,,,Y,,A,01,0,0,1,0,0,0,0,0,0,"- ","- ",,,"SAN FRANCISCO","SAN FRANCISCO",-122.38810729980469,37.755386352539062
9650265,2023,2024-02-13,3801,2023-12-05,1728,2139,TARAV,2,5,7,3801,0,0,0,,0,901,"18TH AV","NORIEGA ST",0.00,,Y,A,-,N,,,,,,,,,,N,3,0,1,2,A,-,09,21800,A,N,D,C,A,A,H,-,C,A,0,,,,,Y,,A,07,0,1,0,0,0,0,0,0,0,"- ","- ",,,"SAN FRANCISCO","SAN FRANCISCO",-122.47540283203125,37.754261016845703
9650266,2023,2024-02-13,3801,2023-12-05,1724,1243,PARK,2,5,7,3801,0,0,0,,0,3F12C,"HAIGHT ST","COLE ST",0.00,,Y,A,-,N,,,,,,,,,,N,2,0,1,2,A,-,06,21755,A,N,C,G,A,A,H,-,C,D,0,,Y,,,Y,,L,04,1,0,0,0,0,0,1,0,0,"- ","- ",,,"SAN FRANCISCO","SAN FRANCISCO",-122.45072937011719,37.769508361816406
9650267,2023,2024-02-13,3801,2023-12-04,1535,4041,TARAV,1,5,7,3801,0,0,0,,0,3I13D,"IRVING ST","43RD AV",90.00,E,N,A,-,N,,,,,,,,,,N,4,0,1,2,A,-,05,21650,,N,D,J,A,A,H,-,A,D,0,,,Y,,Y,,C,03,0,0,1,0,0,0,0,0,1,"- ","- ",,,"SAN FRANCISCO","SAN FRANCISCO",-122.50254058837891,37.762439727783203
9650268,2023,2024-02-13,3801,2023-12-04,1415,4267,TARAV,1,5,7,3801,0,0,0,,0,3I16A,"OCEAN AV","FAXON AV",10.00,S,N,A,-,N,,,,,,,,,,N,3,0,1,2,D,-,00,,,N,H,B,B,A,H,-,A,A,0,Y,Y,,,Y,,-,"- ",0,1,0,0,1,0,0,0,0,"- ","- ",,,"SAN FRANCISCO","SAN FRANCISCO",-122.460205078125,37.724754333496094
9650269,2023,2024-02-13,3801,2023-12-01,1706,1669,TENDE,5,5,7,3801,0,0,0,,0,3J97C,"EDDY ST","POLK ST",206.00,E,N,A,-,N,,,,,,,,,,N,4,0,1,2,A,-,09,21804,A,N,B,C,A,A,H,-,C,D,0,,,Y,,Y,,A,01,0,0,1,0,0,0,0,0,0,"- ","- ",,,"SAN FRANCISCO","SAN FRANCISCO",-122.41847991943359,37.783172607421875
9650270,2023,2024-02-13,3801,2023-12-02,2252,246,TENDE,6,5,7,3801,0,0,0,,0,1CAR,"MARKET ST","MARKET ST 1300",0.00,,N,A,-,N,,,,,,,,,,N,4,0,1,1,A,-,03,22350,,N,H,A,A,B,H,-,C,A,0,,,Y,,Y,Y,C,02,0,0,1,0,0,0,0,0,1,"- ","- ",,,"SAN FRANCISCO","SAN FRANCISCO",,
9650271,2023,2024-02-13,3801,2023-12-04,2020,19,BAYVI,1,5,7,3801,0,0,0,,0,901,"3RD ST","UNDERWOOD AV",0.00,,Y,A,-,N,,,,,,,,,,N,2,0,1,1,C,-,18,,,N,H,A,A,A,H,-,C,A,0,,Y,,,Y,,-,"- ",1,0,0,0,0,0,1,0,0,"- ","- ",,,"SAN FRANCISCO","SAN FRANCISCO",-122.39244842529297,37.730060577392578
9650272,2023,2024-02-13,3801,2023-12-05,"133 ",2497,BAYVI,2,5,7,3801,0,0,0,,0,3C12E,"BAYSHORE BL","BOUTWELL ST",0.00,,Y,B,-,N,,,,,,,,,,Y,3,0,2,2,A,-,07,21658,A,N,A,C,A,A,H,-,C,A,0,,,,,Y,,A,01,0,1,1,0,0,0,0,0,0,"- ","- ",,,"SAN FRANCISCO","SAN FRANCISCO",-122.40565490722656,37.734481811523438
9650273,2023,2024-02-13,3801,2023-12-04,"746 ",2495,RICHM,1,5,7,3801,0,0,0,,0,3G60,"19TH AV","CALIFORNIA ST",3.00,S,N,B,-,N,,,,,,,,,,N,3,0,1,2,A,-,10,21950,A,M,A,B,B,A,H,-,A,A,0,Y,,,,Y,,A,01,0,1,0,0,1,0,0,0,0,"- ","- ",,,"SAN FRANCISCO","SAN FRANCISCO",-122.47859191894531,37.784160614013672
9650274,2023,2024-02-13,3801,2023-12-04,1700,327,MISSI,1,5,7,3801,0,0,0,,0,3D16C,"17TH ST","POTRERO AV",110.00,E,N,A,-,N,,,,,,,,,,,4,0,1,2,A,-,17,21209,A,N,D,C,A,A,H,-,B,D,0,,,Y,,Y,,C,02,0,0,1,0,0,0,0,0,1,"- ","- ",,,"SAN FRANCISCO","SAN FRANCISCO",-122.40705108642578,37.764507293701172
9650275,2023,2024-02-13,3801,2023-12-03,1148,2289,NORTH,7,5,7,3801,0,0,0,,0,3E14A,"VALLEJO ST","VAN NESS AV",100.00,E,N,B,-,N,,,,,,,,,,N,4,0,1,2,A,-,06,21750,A,N,B,C,A,A,H,-,A,D,0,,,Y,,Y,,C,02,0,0,1,0,0,0,0,0,1,"- ","- ",,,"SAN FRANCISCO","SAN FRANCISCO",-122.42318725585938,37.796737670898438
9650276,2023,2024-02-13,3801,2023-12-03,1935,4187,NORTH,7,5,7,3801,0,0,0,,0,3E12D,"DIVISADERO ST","FELL ST",0.00,,Y,A,-,N,,,,,,,,,,Y,3,0,1,2,A,-,08,22107,,N,D,C,A,A,H,-,C,A,0,,,Y,,Y,,A,01,0,1,0,0,0,0,0,0,1,"- ","- ",,,"SAN FRANCISCO","SAN FRANCISCO",-122.43759918212891,37.774063110351562
9650277,2023,2024-02-13,3801,2023-12-02,2212,1926,NORTH,6,5,7,3801,0,0,0,,0,3E14E,"LOMBARD ST","SCOTT ST",38.00,S,N,A,-,N,,,,,,,,,,Y,4,0,1,2,A,-,03,22350,,N,D,E,A,B,H,-,C,A,0,,,,,Y,,A,07,0,0,1,0,0,0,0,0,0,"- ","- ",,,"SAN FRANCISCO","SAN FRANCISCO",-122.44113159179688,37.7991943359375
9650278,2023,2024-02-13,3801,2023-12-03,1056,2195,NORTH,7,5,7,3801,0,0,0,,0,003,"GROVE ST","POLK ST",0.00,,Y,A,-,N,,,,,,,,,,N,2,0,1,2,A,-,08,22107,,F,D,G,A,A,H,-,A,D,0,,Y,,,Y,,A,01,1,0,0,0,0,0,1,0,0,"- ","- ",,,"SAN FRANCISCO","SAN FRANCISCO",-122.41822052001953,37.778480529785156
9650279,2023,2024-02-13,3801,2023-12-02,"30  ",2441,INGLE,6,5,7,3801,0,0,0,,0,3H16E,"BAY SHORE BL","VISITACION AV",0.00,,Y,C,-,N,,,,,,,,,,Y,4,0,1,2,A,-,12,21453,A,F,D,C,A,B,H,-,C,A,0,,,,,Y,,A,01,0,0,1,0,0,0,0,0,0,"- ","- ",,,"SAN FRANCISCO","SAN FRANCISCO",-122.40432739257812,37.710441589355469
9650280,2023,2024-02-13,3801,2023-12-02,1609,221,RICHM,6,5,7,3801,0,0,0,,0,3G13D,"GEARY BL","15TH AV",0.00,,Y,C,-,N,,,,,,,,,,,4,0,1,2,A,-,08,22107,,N,B,C,A,B,-,-,A,A,0,,,,,Y,,A,01,0,0,1,0,0,0,0,0,0,"- ","- ",,,"SAN FRANCISCO","SAN FRANCISCO",-122.47399139404297,37.780632019042969
9650281,2023,2024-02-05,3801,2023-12-10,"840 ",1351,MISSI,7,5,7,3801,0,0,0,,0,3D11,"VALENCIA ST","ROSA PARKS LN",0.00,,Y,A,B,N,,,,,,,,,,Y,4,0,1,2,A,-,10,21950,A,N,D,B,E,A,H,-,A,D,0,Y,,,,Y,,A,01,0,0,1,0,1,0,0,0,0,"- ","- ",,,"SAN FRANCISCO","SAN FRANCISCO",-122.42211151123047,37.767448425292969
9650282,2023,2024-02-05,3801,2023-12-12,"540 ",2020,SOUTH,2,5,7,3801,0,0,0,,0,3B71,"MISSION ST","ANTHONY ST",0.00,,Y,B,-,N,,,,,,,,,,N,2,0,1,2,A,-,08,22102,,N,D,J,A,A,H,-,C,A,0,,,,,Y,,A,01,1,0,0,0,0,0,0,0,0,"- ","- ",,,"SAN FRANCISCO","SAN FRANCISCO",-122.39933013916016,37.788379669189453
9650283,2023,2024-02-23,3801,2023-12-08,1026,2706,MISSI,5,5,7,3801,0,0,0,,0,3D11A,"CHURCH ST","CESAR CHAVEZ ST",0.00,,Y,A,-,N,,,,,,,,,,N,3,0,1,2,A,-,12,22450,,N,-,-,A,A,H,-,A,A,0,,Y,,,Y,,L,04,0,1,0,0,0,0,1,0,0,"- ","- ",,,"SAN FRANCISCO","SAN FRANCISCO",-122.42704010009766,37.747737884521484
9650284,2023,2024-02-05,3801,2023-12-09,1239,1352,MISSI,6,5,7,3801,0,0,0,,0,3D14C,"16TH ST","CAPP ST",0.00,,Y,A,-,N,,,,,,,,,,N,4,0,1,3,A,-,05,21460,A,N,-,C,A,A,H,-,A,A,0,,,,,Y,,A,01,0,0,1,0,0,0,0,0,0,"- ","- ",,,"SAN FRANCISCO","SAN FRANCISCO",-122.418701171875,37.765098571777344
9650285,2023,2024-02-05,3801,2023-12-12,2344,2249,PARK,2,5,7,3801,0,0,0,,0,,"OAK ST","COLE ST",0.00,,Y,E,-,N,,,,,,,,,,N,3,0,1,2,A,-,11,21954,A,N,G,B,D,A,H,-,C,A,0,Y,,,,Y,,N,60,0,1,0,0,1,0,0,0,0,"- ","- ",,,"SAN FRANCISCO","SAN FRANCISCO",-122.45062255859375,37.771453857421875
9650286,2023,2024-02-05,3801,2023-12-06,1544,1198,MISSI,3,5,7,3801,0,0,0,,0,,"MARKET ST","DANVERS ST",0.00,,Y,C,-,N,,,,,,,,,,Y,4,0,2,2,A,-,08,22107,,N,A,-,A,B,H,-,A,A,0,,,,,Y,Y,A,01,0,0,2,0,0,0,0,0,0,"- ","- ",,,"SAN FRANCISCO","SAN FRANCISCO",-122.44351959228516,37.760498046875
9650287,2023,2024-02-05,3801,2023-12-12,"950 ",2008,MISSI,2,5,7,3801,0,0,0,,0,3D2A,"25TH ST","GUERRERO ST",0.00,,Y,A,-,N,,,,,,,,,,Y,4,0,1,2,A,-,09,21801,A,N,D,C,A,A,H,-,A,A,0,,,,,Y,,A,01,0,0,1,0,0,0,0,0,0,"- ","- ",,,"SAN FRANCISCO","SAN FRANCISCO",-122.42272186279297,37.750392913818359
9650288,2023,2024-02-05,3801,2023-12-13,1250,1580,SOUTH,3,5,7,3801,0,0,0,,0,3B15A,"10TH ST","HARRISON ST",0.00,,Y,A,-,N,,,,,,,,,,N,4,0,2,2,A,-,03,22350,,N,C,C,A,A,H,-,A,A,0,,,,,Y,,A,01,0,0,2,0,0,0,0,0,0,"- ","- ",,,"SAN FRANCISCO","SAN FRANCISCO",-122.41124725341797,37.771595001220703
9650289,2023,2024-02-05,3801,2023-12-11,1740,4200,TARAV,1,5,7,3801,0,0,0,,0,3113D,"SLOAT BL","SKYLINE BL",0.00,,Y,A,-,N,,,,,,,,,,Y,4,0,2,2,A,-,09,21800,A,N,D,C,A,A,H,-,C,A,0,,,,,Y,,A,01,0,0,2,0,0,0,0,0,0,"- ","- ",,,"SAN FRANCISCO","SAN FRANCISCO",-122.49598693847656,37.733707427978516
9650290,2023,2024-02-05,3801,2023-12-11,1750,2486,TARAV,1,5,7,3801,0,0,0,,0,03H,"MIRALOMA DR","MIRALOMA DR 2",0.00,,Y,F,-,N,,,,,,,,,,Y,4,0,1,2,D,-,00,,,N,B,C,A,-,H,-,-,D,0,,,,,Y,,-,"- ",0,0,1,0,0,0,0,0,0,"- ","- ",,,"SAN FRANCISCO","SAN FRANCISCO",,
9650291,2023,2024-02-05,3801,2023-12-04,"941 ",1892,RICHM,1,5,7,3801,0,0,0,,0,3G60,"LUPINE AV","LAUREL ST",273.00,E,N,B,-,N,,,,,,,,,,N,4,0,1,2,A,-,21,22106,,N,C,C,A,A,H,-,A,A,0,,,,,Y,,A,01,0,0,1,0,0,0,0,0,0,"- ","- ",,,"SAN FRANCISCO","SAN FRANCISCO",-122.44832611083984,37.784412384033203
9650293,2023,2024-02-05,3801,2023-12-05,2309,1183,NORTH,2,5,7,3801,0,0,0,,0,3E12E,"FULTON ST","FILLMORE ST",119.00,E,N,A,-,N,,,,,,,,,,N,4,0,1,2,A,-,21,22106,,N,D,C,A,A,H,-,C,D,0,,,Y,,Y,,A,01,0,0,1,0,0,0,0,0,1,"- ","- ",,,"SAN FRANCISCO","SAN FRANCISCO",-122.43115234375,37.777744293212891
9650294,2023,2024-02-05,3801,2023-12-06,1230,5,NORTH,3,5,7,3801,0,0,0,,0,3E12A,"TURK ST","STEINER ST",0.00,,Y,C,-,N,,,,,,,,,,Y,4,0,2,5,A,-,12,21453,A,N,D,C,A,B,H,-,A,A,0,,,,,Y,,A,01,0,0,2,0,0,0,0,0,0,"- ","- ",,,"SAN FRANCISCO","SAN FRANCISCO",-122.43376922607422,37.780300140380859