CASE_ID,ACCIDENT_YEAR,PROC_DATE,JURIS,COLLISION_DATE,COLLISION_TIME,OFFICER_ID,REPORTING_DISTRICT,DAY_OF_WEEK,CHP_SHIFT,POPULATION,CNTY_CITY_LOC,SPECIAL_COND,BEAT_TYPE,CHP_BEAT_TYPE,CITY_DIVISION_LAPD,CHP_BEAT_CLASS,BEAT_NUMBER,PRIMARY_RD,SECONDARY_RD,DISTANCE,DIRECTION,INTERSECTION,WEATHER_1,WEATHER_2,STATE_HWY_IND,CALTRANS_COUNTY,CALTRANS_DISTRICT,STATE_ROUTE,ROUTE_SUFFIX,POSTMILE_PREFIX,POSTMILE,LOCATION_TYPE,RAMP_INTERSECTION,SIDE_OF_HWY,TOW_AWAY,COLLISION_SEVERITY,NUMBER_KILLED,NUMBER_INJURED,PARTY_COUNT,PRIMARY_COLL_FACTOR,PCF_CODE_OF_VIOL,PCF_VIOL_CATEGORY,PCF_VIOLATION,PCF_VIOL_SUBSECTION,HIT_AND_RUN,TYPE_OF_COLLISION,MVIW,PED_ACTION,ROAD_SURFACE,ROAD_COND_1,ROAD_COND_2,LIGHTING,CONTROL_DEVICE,CHP_ROAD_TYPE,PEDESTRIAN_ACCIDENT,BICYCLE_ACCIDENT,MOTORCYCLE_ACCIDENT,TRUCK_ACCIDENT,NOT_PRIVATE_PROPERTY,ALCOHOL_INVOLVED,STWD_VEHTYPE_AT_FAULT,CHP_VEHTYPE_AT_FAULT,COUNT_SEVERE_INJ,COUNT_VISIBLE_INJ,COUNT_COMPLAINT_PAIN,COUNT_PED_KILLED,COUNT_PED_INJURED,COUNT_BICYCLIST_KILLED,COUNT_BICYCLIST_INJURED,COUNT_MC_KILLED,COUNT_MC_INJURED,PRIMARY_RAMP,SECONDARY_RAMP,LATITUDE,LONGITUDE,COUNTY,CITY,POINT_X,POINT_Y
9658015,2024,2024-03-18,3801,2024-01-22,"717 ",937,BAYVI,1,5,7,3801,0,0,0,,0,3C12A,"EVANS AV","SELBY ST",0.00,,Y,B,C,N,,,,,,,,,,N,3,0,1,2,A,-,10,21950,A,N,G,B,D,B,H,-,B,D,0,Y,,,,Y,,D,22,0,1,0,0,1,0,0,0,0,"- ","- ",,,"SAN FRANCISCO","SAN FRANCISCO",-122.39405822753906,37.746170043945312
9658019,2024,2024-03-18,3801,2024-01-04,1502,1806,BAYVI,4,5,7,3801,0,0,0,,0,3C15D,"3RD ST","VAN DYKE AV",0.00,,Y,A,-,N,,,,,,,,,,N,4,0,2,2,A,-,09,21801,A,N,D,C,A,A,H,-,A,A,0,,,,,Y,,D,22,0,0,2,0,0,0,0,0,0,"- ","- ",,,"SAN FRANCISCO","SAN FRANCISCO",-122.39257049560547,37.729206085205078
9658023,2024,2024-03-19,3801,2024-01-05,"731 ",801,SOUTH,5,5,7,3801,0,0,0,,0,0B1,"MISSION ST","3RD ST",0.00,,Y,A,-,N,,,,,,,,,,Y,4,0,3,4,A,-,12,21453,A,N,D,C,A,A,H,-,A,A,0,,,,,Y,,A,01,0,0,3,0,0,0,0,0,0,"- ","- ",,,"SAN FRANCISCO","SAN FRANCISCO",-122.40200042724609,37.786266326904297
9658027,2023,2024-02-14,3801,2023-12-26,1905,1414,MISSI,2,5,7,3801,0,0,0,,0,3D16D,"SOUTH VAN NESS AV","18TH ST",0.00,,Y,A,-,N,,,,,,,,,,N,4,0,1,2,A,-,09,21801,A,F,D,G,A,A,H,-,C,A,0,,Y,,,Y,Y,D,22,0,0,1,0,0,0,1,0,0,"- ","- ",,,"SAN FRANCISCO","SAN FRANCISCO",-122.41719818115234,37.761947631835938
9658032,2024,2024-06-03,3801,2024-01-17,1809,1988,MISSI,3,5,7,3801,0,0,0,,0,3D16D,"CESAR CHAVEZ","HARRISON ST",10.00,S,N,A,-,N,,,,,,,,,,Y,4,0,1,2,A,-,03,22350,,F,C,C,A,A,H,-,C,A,0,,,,,Y,Y,A,01,0,0,1,0,0,0,0,0,0,"- ","- ",,,"SAN FRANCISCO","SAN FRANCISCO",-122.41150665283203,37.748359680175781
9658036,2023,2024-02-14,3801,2023-12-26,"905 ",1944,INGLE,2,5,7,3801,0,0,0,,0,006,"BAYSHORE BL","SUNNYDALE AV",96.00,S,N,A,-,N,,,,,,,,,,N,4,0,1,2,A,-,00,21703,A,N,C,C,A,A,H,-,A,A,0,,,,,Y,,I,11,0,0,1,0,0,0,0,0,0,"- ","- ",,,"SAN FRANCISCO","SAN FRANCISCO",-122.40532684326172,37.708648681640625
9658064,2024,2024-03-19,3801,2024-01-03,"846 ",2707,TARAV,3,5,7,3801,0,0,0,,0,6CAR,"SAGAMORE ST","SAGAMORE ST 178",0.00,,N,A,-,N,,,,,,,,,,N,4,0,3,2,A,-,04,21703,,N,C,A,A,A,-,-,A,A,0,,,,,Y,,K,45,0,0,3,0,0,0,0,0,0,"- ","- ",,,"SAN FRANCISCO","SAN FRANCISCO",,
9658375,2023,2024-02-13,3801,2023-12-20,"40  ",1182,CENTR,3,5,7,3801,0,0,0,,0,3A15E,"SACRAMENTO ST","BATTERY ST",0.00,,Y,C,-,N,,,,,,,,,,Y,4,0,2,2,A,-,12,21453,A,N,D,C,A,B,H,-,C,A,0,,,,,Y,,A,01,0,0,2,0,0,0,0,0,0,"- ","- ",,,"SAN FRANCISCO","SAN FRANCISCO",-122.40016174316406,37.794178009033203
9658376,2023,2024-09-03,3801,2023-12-31,"645 ",1396,SOUTH,7,5,7,3801,0,0,0,,0,3B13A,"HOWARD ST","7TH ST",0.00,,Y,A,-,N,,,,,,,,,,N,3,0,1,2,D,-,00,,,N,D,C,A,A,H,-,C,A,0,,,,,Y,,-,"- ",0,1,0,0,0,0,0,0,0,"- ","- ",,,"SAN FRANCISCO","SAN FRANCISCO",-122.40940093994141,37.777976989746094
9658377,2023,2024-02-13,3801,2023-12-26,1125,2392,MISSI,2,5,7,3801,0,0,0,,0,006,"16TH ST","ALABAMA ST",0.00,,Y,A,-,N,,,,,,,,,,N,4,0,1,2,A,-,09,21802,A,N,D,C,A,A,H,-,A,A,0,,,,,Y,,A,01,0,0,1,0,0,0,0,0,0,"- ","- ",,,"SAN FRANCISCO","SAN FRANCISCO",-122.41239929199219,37.765495300292969
9658378,2023,2024-02-13,3801,2023-12-26,1134,4269,INGLE,2,5,7,3801,0,0,0,,0,3H11A,CORTLAND,"CORTLAND 804",0.00,,N,A,-,N,,,,,,,,,,N,4,0,1,2,A,-,21,22106,,N,G,B,E,A,H,-,A,D,0,Y,,,,Y,,A,01,0,0,1,0,1,0,0,0,0,"- ","- ",,,"SAN FRANCISCO","SAN FRANCISCO",,
9658379,2023,2024-02-13,3801,2023-12-26,"635 ",917,TRAFF,2,5,7,3801,0,0,0,,0,4B2E,"BAY SHORE BL","SILVER AV",5.00,S,N,A,-,N,,,,,,,,,,N,2,0,1,2,A,-,10,21950,A,F,G,B,B,A,H,-,C,A,0,Y,,,,Y,,A,01,1,0,0,0,1,0,0,0,0,"- ","- ",,,"SAN FRANCISCO","SAN FRANCISCO",-122.40464019775391,37.732948303222656
9658380,2023,2025-07-23,3801,2023-12-26,"637 ",917,TRAFF,2,5,7,3801,0,0,0,,0,4B2E,"BAY SHORE BL","SILVER AV",15.00,S,N,A,-,N,,,,,,,,,,Y,1,1,0,2,A,-,03,22350,,F,G,B,E,A,H,-,C,A,0,Y,,,,Y,,A,01,0,0,0,1,0,0,0,0,0,"- ","- ",,,"SAN FRANCISCO","SAN FRANCISCO",-122.40463256835938,37.732921600341797
9658561,2023,2024-03-13,3801,2023-12-29,2030,2380,SOUTH,5,5,7,3801,0,0,0,,0,0B3,"HARRISON ST","7TH ST",0.00,,Y,C,-,N,,,,,,,,,,Y,3,0,3,2,A,-,12,21453,A,N,D,C,A,B,H,-,C,A,0,,,,,Y,,A,01,0,1,2,0,0,0,0,0,0,"- ","- ",,,"SAN FRANCISCO","SAN FRANCISCO",-122.40628051757812,37.775539398193359
9658562,2023,2024-02-14,3801,2023-12-21,1437,2398,NORTH,4,5,7,3801,0,0,0,,0,03E,"VAN NESS AV","BUSH ST",10.00,N,N,A,-,N,,,,,,,,,,N,4,0,1,2,A,-,03,22350,,F,D,B,F,A,H,-,A,D,0,Y,Y,,,Y,,L,04,0,0,1,0,1,0,0,0,0,"- ","- ",,,"SAN FRANCISCO","SAN FRANCISCO",-122.42191314697266,37.788516998291016
9658563,2023,2024-02-14,3801,2023-12-30,2148,1448,CENTR,6,5,7,3801,0,0,0,,0,3A1E,"PINE ST","TAYLOR AV",0.00,,Y,A,-,N,,,,,,,,,,Y,4,0,1,2,A,-,21,22106,,N,-,B,B,A,H,-,C,A,0,Y,,,,Y,Y,A,01,0,0,1,0,1,0,0,0,0,"- ","- ",,,"SAN FRANCISCO","SAN FRANCISCO",-122.41224670410156,37.790657043457031
9658564,2023,2024-02-14,3801,2023-12-30,1722,2722,INGLE,6,5,7,3801,0,0,0,,0,3H15D,"RUSSIA AV","ATHENS ST",0.00,,Y,B,-,N,,,,,,,,,,N,4,0,1,2,A,-,12,22450,A,N,A,C,A,A,H,-,C,A,0,,,,,Y,,M,94,0,0,1,0,0,0,0,0,0,"- ","- ",,,"SAN FRANCISCO","SAN FRANCISCO",-122.43077087402344,37.718540191650391
9658565,2023,2024-03-30,3801,2023-12-31,1149,LAU933,INGLE,7,5,7,3801,0,0,0,,0,0H5,"MISSION ST","ACTION ST",0.00,,Y,A,-,N,,,,,,,,,,N,4,0,2,3,A,-,08,22107,,N,B,C,A,A,H,-,A,D,0,,,,,Y,,A,01,0,0,2,0,0,0,0,0,0,"- ","- ",,,"SAN FRANCISCO","SAN FRANCISCO",-122.4527587890625,37.70880126953125
9658566,2023,2024-02-14,3801,2023-12-30,2337,2098,TENDE,6,5,7,3801,0,0,0,,0,3J14E,"TURK ST","HYDE ST",169.00,E,N,A,-,N,,,,,,,,,,N,3,0,1,2,A,-,17,21235,G,F,A,B,F,A,H,-,C,A,0,Y,,Y,,Y,,C,03,0,1,0,0,1,0,0,0,0,"- ","- ",,,"SAN FRANCISCO","SAN FRANCISCO",-122.41511535644531,37.782649993896484
9658567,2023,2024-02-14,3801,2023-12-31,2242,1574,INGLE,7,5,7,3801,0,0,0,,0,3H16E,"LIEBIG ST","LESSING ST",288.00,W,N,A,-,N,,,,,,,,,,Y,4,0,2,3,A,-,08,22107,,N,D,C,A,A,H,-,C,D,0,,,,,Y,,A,07,0,0,2,0,0,0,0,0,0,"- ","- ",,,"SAN FRANCISCO","SAN FRANCISCO",-122.45668792724609,37.708854675292969
9658568,2023,2024-02-14,3801,2023-12-31,1624,158,NOTHE,7,5,7,3801,0,0,0,,0,3E14D,DIVISADERO,"PINE ST",0.00,,Y,A,-,N,,,,,,,,,,N,3,0,2,2,A,-,09,21801,A,N,D,C,A,A,H,-,A,A,0,,,Y,,Y,,A,01,0,2,0,0,0,0,0,0,2,"- ","- ",,,"SAN FRANCISCO","SAN FRANCISCO",-122.44023895263672,37.787120819091797
9658569,2023,2024-02-14,3801,2023-12-28,1615,4178,TRAFF,4,5,7,3801,0,0,0,,0,4B3A,"8TH ST","MISSION ST",0.00,,Y,A,-,N,,,,,,,,,,Y,3,0,3,3,A,-,12,21453,A,F,D,C,A,A,H,-,A,A,0,,,,,Y,Y,A,01,0,1,2,0,0,0,0,0,0,"- ","- ",,,"SAN FRANCISCO","SAN FRANCISCO",-122.41315460205078,37.7774658203125
9658570,2023,2024-03-13,3801,2023-12-31,"155 ",1123,TENDE,7,5,7,3801,0,0,0,,0,3J13E,"HYDE ST","TURK ST",0.00,,Y,A,-,N,,,,,,,,,,Y,4,0,2,2,A,-,08,22107,,N,C,C,A,A,H,-,C,A,0,,,,,Y,,A,01,0,0,2,0,0,0,0,0,0,"- ","- ",,,"SAN FRANCISCO","SAN FRANCISCO",-122.41569519042969,37.782566070556641
9658571,2023,2024-03-30,3801,2023-12-28,2130,1897,NORTH,4,5,7,3801,0,0,0,,0,3E13E,"FRANKLIN ST","GEARY ST",0.00,,Y,A,-,N,,,,,,,,,,Y,4,0,2,2,A,-,12,21453,A,N,H,C,A,A,H,-,C,A,0,,,,,Y,,A,01,0,0,2,0,0,0,0,0,0,"- ","- ",,,"SAN FRANCISCO","SAN FRANCISCO",-122.42301940917969,37.785484313964844
9658572,2023,2024-02-14,3801,2023-12-28,1748,1707,NORTH,4,5,7,3801,0,0,0,,0,3E13D,"POLK ST","EDDY ST",0.00,,Y,A,-,N,,,,,,,,,,N,2,0,1,2,A,-,10,21950,A,N,-,B,B,A,H,-,C,A,0,Y,,,,Y,Y,A,01,1,0,0,0,1,0,0,0,0,"- ","- ",,,"SAN FRANCISCO","SAN FRANCISCO",-122.41918182373047,37.7830810546875
9658597,2024,2024-03-19,3801,2024-01-22,"802 ",2161,MISSI,1,5,7,3801,0,0,0,,0,3D13A,"MISSION ST","16TH ST",0.00,,Y,C,-,N,,,,,,,,,,N,3,0,1,2,A,-,11,21453,D,N,G,B,D,B,H,-,A,A,0,Y,,,,Y,,N,60,0,1,0,0,1,0,0,0,0,"- ","- ",,,"SAN FRANCISCO","SAN FRANCISCO",-122.41967010498047,37.765052795410156
9658600,2024,2024-03-20,3801,2024-01-22,"114 ",1857,SOUTH,1,5,7,3801,0,0,0,,0,3B14E,"OTIS ST","MISSION ST",148.00,W,N,C,-,N,,,,,,,,,,Y,3,0,2,2,D,-,00,,,N,C,C,A,B,H,-,C,D,0,,,,,Y,,-,"- ",0,1,1,0,0,0,0,0,0,"- ","- ",,,"SAN FRANCISCO","SAN FRANCISCO",-122.41900634765625,37.772830963134766
9658601,2024,2024-03-19,3801,2024-01-21,1920,2139,TARAV,7,5,7,3801,0,0,0,,0,901,"VICENTE ST","MADRONE AV",0.00,,Y,C,-,N,,,,,,,,,,N,4,0,1,2,A,-,10,21950,A,F,G,B,B,B,H,-,C,A,0,Y,,,,Y,,-,,0,0,1,0,1,0,0,0,0,"- ","- ",,,"SAN FRANCISCO","SAN FRANCISCO",-122.46826171875,37.740024566650391
9658602,2024,2024-03-19,3801,2024-01-21,2000,2476,SOUTH,7,5,7,3801,0,0,0,,0,3B13E,"MINNA ST","MINNA ST 495",0.00,,N,C,-,N,,,,,,,,,,,4,0,1,2,A,-,21,22106,,N,C,E,A,B,H,-,C,D,0,,,,,Y,,A,01,0,0,1,0,0,0,0,0,0,"- ","- ",,,"SAN FRANCISCO","SAN FRANCISCO",,
9658603,2024,2024-03-20,3801,2024-01-21,1450,1937,PARK,7,5,7,3801,0,0,0,,0,3F13C,"OAK ST","OAK ST 1445",38.00,N,N,A,-,N,,,,,,,,,,N,3,0,1,2,A,-,17,22109,,N,C,C,A,A,H,-,A,D,0,,,Y,,Y,,A,01,0,1,0,0,0,0,0,0,1,"- ","- ",,,"SAN FRANCISCO","SAN FRANCISCO",-120.99024963378906,40.302700042724609
9658604,2024,2024-03-19,3801,2024-01-21,1400,4292,BAYVI,7,5,7,3801,0,0,0,,0,3C11D,"SILVER AV","ELMIRA ST",0.00,,Y,B,-,N,,,,,,,,,,N,4,0,1,2,A,-,21,22106,,F,G,B,B,A,H,-,A,A,0,Y,,,,Y,,A,07,0,0,1,0,1,0,0,0,0,"- ","- ",,,"SAN FRANCISCO","SAN FRANCISCO",-122.40349578857422,37.733680725097656
9658605,2024,2024-03-19,3801,2024-01-15,1527,1184,MISSI,1,5,7,3801,0,0,0,,0,3D14D,"13TH ST","FOLSOM ST",0.00,,Y,A,-,N,,,,,,,,,,N,4,0,1,2,A,-,10,21950,A,N,A,B,B,A,H,-,A,A,0,Y,,,,Y,,-,,0,0,1,0,1,0,0,0,0,"- ","- ",,,"SAN FRANCISCO","SAN FRANCISCO",-122.41558837890625,37.769515991210938
9658606,2024,2024-03-19,3801,2024-01-21,"124 ",1857,SOUTH,7,5,7,3801,0,0,0,,0,,"OTIS ST","13TH ST",75.00,S,N,C,-,N,,,,,,,,,,,4,0,1,2,A,-,11,21954,A,N,G,B,D,B,H,-,C,A,0,Y,,,,Y,,N,60,0,0,1,0,1,0,0,0,0,"- ","- ",,,"SAN FRANCISCO","SAN FRANCISCO",-122.4200439453125,37.770118713378906
9658607,2024,2024-03-20,3801,2024-01-15,1120,640,MISSI,1,5,7,3801,0,0,0,,0,3D16A,"16TH ST","BRYANT ST",0.00,,Y,A,-,N,,,,,,,,,,N,4,0,1,3,A,-,09,21804,A,N,A,C,A,A,H,-,A,A,0,,,Y,,Y,,A,01,0,0,1,0,0,0,0,0,1,"- ","- ",,,"SAN FRANCISCO","SAN FRANCISCO",-122.4105224609375,37.765594482421875
9658608,2024,2024-03-19,3801,2024-01-15,1133,2229,TENDE,1,5,7,3801,0,0,0,,0,00J,"OFARRELL ST","LEAVENWORTH ST",26.00,N,N,A,-,N,,,,,,,,,,N,2,0,1,2,A,-,10,21950,,N,G,B,B,A,H,-,A,A,0,Y,,,,Y,Y,A,01,1,0,0,0,1,0,0,0,0,"- ","- ",,,"SAN FRANCISCO","SAN FRANCISCO",-122.41452026367188,37.785610198974609
9658609,2024,2024-03-20,3801,2024-01-11,2302,2142,INGLE,4,5,7,3801,0,0,0,,0,3H15E,"GENEVA AV","PRAGUE ST",0.00,,Y,A,-,N,,,,,,,,,,Y,4,0,2,3,D,-,00,,,N,D,C,A,A,H,-,C,A,0,,,,,Y,,-,"- ",0,0,2,0,0,0,0,0,0,"- ","- ",,,"SAN FRANCISCO","SAN FRANCISCO",-122.43196105957031,37.712779998779297
9658610,2024,2024-03-20,3801,2024-01-09,1710,2372,INGLE,2,5,7,3801,0,0,0,,0,3H00,BOSWORTH,ARLINGTON,0.00,,Y,A,-,N,,,,,,,,,,N,3,0,1,2,A,-,09,21804,A,N,D,G,A,A,H,-,A,D,0,,Y,,,Y,,A,01,0,1,0,0,0,0,1,0,0,"- ","- ",,,"SAN FRANCISCO","SAN FRANCISCO",-122.43290710449219,37.733318328857422
9658611,2024,2024-03-20,3801,2024-01-17,1137,2499,TARAV,3,5,7,3801,0,0,0,,0,3112A,"ULLOA ST","35TH AV",0.00,,Y,A,-,N,,,,,,,,,,Y,3,0,2,2,A,-,09,21802,A,N,D,C,A,A,-,-,A,D,0,,,,,Y,,A,01,0,1,1,0,0,0,0,0,0,"- ","- ",,,"SAN FRANCISCO","SAN FRANCISCO",-122.49269866943359,37.740428924560547
9658623,2024,2024-03-19,3801,2024-01-17,"956 ",2495,BAYVI,3,5,7,3801,0,0,0,,0,3C15A,"SHAFTER AV","INGALLS ST",0.00,,Y,A,-,N,,,,,,,,,,N,4,0,2,2,A,-,12,22450,A,N,D,C,A,A,H,-,A,A,0,,,,,Y,,A,01,0,0,2,0,0,0,0,0,0,"- ","- ",,,"SAN FRANCISCO","SAN FRANCISCO",-122.3851318359375,37.727874755859375
9658625,2024,2024-03-19,3801,2024-01-16,1435,1214,CENTR,2,5,7,3801,0,0,0,,0,3A42C,POWELL,VALLEJO,0.00,,Y,C,-,N,,,,,,,,,,N,3,0,1,2,A,-,10,21950,A,F,G,B,B,B,H,-,A,D,0,Y,,,,Y,,A,01,0,1,0,0,1,0,0,0,0,"- ","- ",,,"SAN FRANCISCO","SAN FRANCISCO",-122.41043853759766,37.798370361328125
9658626,2024,2024-03-19,3801,2024-01-17,"650 ",1580,SOUTH,3,5,7,3801,0,0,0,,0,3B14A,"10TH ST","MISSION ST",0.00,,Y,A,-,N,,,,,,,,,,N,2,0,1,2,A,-,10,21950,A,F,G,B,B,A,H,-,C,A,0,Y,,,,Y,,-,,1,0,0,0,1,0,0,0,0,"- ","- ",,,"SAN FRANCISCO","SAN FRANCISCO",-122.41590881347656,37.775276184082031
9658627,2024,2024-03-19,3801,2024-01-17,"744 ",719,CENTR,3,5,7,3801,0,0,0,,0,3A11A,"GEARY ST","HYDE ST",60.00,E,N,B,-,N,,,,,,,,,,N,4,0,1,2,A,-,03,22350,,N,C,C,A,B,H,-,A,A,0,,,Y,,Y,,C,06,0,0,1,0,0,0,0,0,0,"- ","- ",,,"SAN FRANCISCO","SAN FRANCISCO",-122.41624450683594,37.786342620849609
9658628,2024,2024-03-19,3801,2024-01-07,1300,1528,SOUTH,7,5,7,3801,0,0,0,,0,3B14A,"MISSION ST","11TH ST",0.00,,Y,A,-,N,,,,,,,,,,N,4,0,1,3,A,-,03,22350,,N,C,C,A,A,H,-,A,A,0,,,,,Y,,A,01,0,0,1,0,0,0,0,0,0,"- ","- ",,,"SAN FRANCISCO","SAN FRANCISCO",-122.41709899902344,37.774330139160156
9658629,2023,2024-02-14,3801,2023-12-29,1551,1021,SOUTH,5,5,7,3801,0,0,0,,0,3B15D,"3RD ST","BERRY ST",269.00,S,N,B,C,N,,,,,,,,,,Y,4,0,1,1,A,-,03,22350,,N,E,I,A,D,-,-,B,D,0,,,,,Y,,A,01,0,0,1,0,0,0,0,0,0,"- ","- ",,,"SAN FRANCISCO","SAN FRANCISCO",-122.39044952392578,37.777011871337891
9658630,2023,2024-02-14,3801,2023-12-29,1444,1133,MISSI,5,5,7,3801,0,0,0,,0,0D2,"24TH ST","SAN JOSE AV",0.00,,Y,C,-,N,,,,,,,,,,N,4,0,1,2,A,-,09,21802,,N,D,C,A,B,H,-,A,A,0,,,,,Y,,A,01,0,0,1,0,0,0,0,0,0,"- ","- ",,,"SAN FRANCISCO","SAN FRANCISCO",-122.42160034179688,37.752067565917969
9658631,2023,2024-02-14,3801,2023-12-29,1935,319,CENTR,5,5,7,3801,0,0,0,,0,3A16D,"CALIFORNIA ST","TAYLOR ST",0.00,,Y,C,-,N,,,,,,,,,,Y,4,0,2,2,A,-,12,21453,A,N,D,C,A,B,G,-,C,A,0,,,,,Y,,A,01,0,0,2,0,0,0,0,0,0,"- ","- ",,,"SAN FRANCISCO","SAN FRANCISCO",-122.41246032714844,37.791610717773438
9658632,2023,2024-02-14,3801,2023-12-29,1639,1741,TARAV,5,5,7,3801,0,0,0,,0,901,"JUDAH ST","26TH AV",0.00,,Y,C,-,N,,,,,,,,,,Y,4,0,3,2,A,-,09,21804,A,N,D,C,A,B,H,-,A,A,0,,,,,Y,,A,01,0,0,3,0,0,0,0,0,0,"- ","- ",,,"SAN FRANCISCO","SAN FRANCISCO",-122.48448944091797,37.761371612548828
9658634,2023,2024-02-14,3801,2023-12-29,2001,2722,INGLE,5,5,7,3801,0,0,0,,0,3H13D,"SENECA AV","MISSION ST",0.00,,Y,C,-,N,,,,,,,,,,N,4,0,1,2,A,-,08,22107,,N,G,B,B,B,H,-,C,A,0,Y,,,,Y,,A,01,0,0,1,0,1,0,0,0,0,"- ","- ",,,"SAN FRANCISCO","SAN FRANCISCO",-122.44013214111328,37.717658996582031
9658635,2023,2024-02-14,3801,2023-12-26,1305,2392,MISSI,2,5,7,3801,0,0,0,,0,006,"16TH ST","SOUTH VAN NESS AV",0.00,,Y,B,-,N,,,,,,,,,,N,4,0,1,2,A,-,17,21663,,F,G,B,F,A,H,-,A,D,0,Y,,,,Y,,A,01,0,0,1,0,1,0,0,0,0,"- ","- ",,,"SAN FRANCISCO","SAN FRANCISCO",-122.41748809814453,37.765178680419922
9658637,2023,2024-02-14,3801,2023-12-26,1846,101,INGLE,2,5,7,3801,0,0,0,,0,3H15D,"MISSION ST","ITALY AV",0.00,,-,A,-,N,,,,,,,,,,N,4,0,1,2,A,-,14,24252,A,N,D,C,A,A,H,-,C,D,0,,,Y,,Y,,C,03,0,0,1,0,0,0,0,0,1,"- ","- ",,,"SAN FRANCISCO","SAN FRANCISCO",-122.43952941894531,37.718467712402344
9658638,2023,2024-02-14,3801,2023-12-26,1824,327,MISSI,2,5,7,3801,0,0,0,,0,3D16C,"DOLORES ST","16TH ST",0.00,,Y,A,-,N,,,,,,,,,,Y,2,0,3,2,A,-,12,21453,A,N,D,C,A,A,H,-,C,A,0,,,,,Y,,A,01,1,0,2,0,0,0,0,0,0,"- ","- ",,,"SAN FRANCISCO","SAN FRANCISCO",-122.42644500732422,37.764640808105469
9658639,2023,2024-02-14,3801,2023-12-28,1145,1457,TARAV,4,5,7,3801,0,0,0,,0,001,"IRVING ST","7TH AV",123.00,W,N,B,-,N,,,,,,,,,,N,3,0,1,1,A,-,03,22350,,N,F,A,A,B,H,-,A,B,0,,,Y,,Y,,C,03,0,1,0,0,0,0,0,0,1,"- ","- ",,,"SAN FRANCISCO","SAN FRANCISCO",-122.46458435058594,37.764125823974609
9658640,2023,2024-02-14,3801,2023-12-27,2249,2142,INGLE,3,5,7,3801,0,0,0,,0,3H13E,"MISSION ST","SILVER ST",0.00,,Y,C,-,N,,,,,,,,,,N,4,0,1,2,A,-,10,21950,A,N,G,B,B,B,H,-,C,A,0,Y,,,,Y,,A,01,0,0,1,0,1,0,0,0,0,"- ","- ",,,"SAN FRANCISCO","SAN FRANCISCO",-122.43128204345703,37.728736877441406
9658641,2024,2024-04-20,3801,2024-01-04,1546,1145,,4,5,7,3801,0,0,0,,0,3B16D,"SEVEN SEAS AV","TRADE WINDS",331.00,W,N,A,-,N,,,,,,,,,,N,3,0,2,2,A,-,03,22350,,N,C,C,A,A,H,-,A,A,0,,,,,Y,,A,01,0,2,0,0,0,0,0,0,0,"- ","- ",,,"SAN FRANCISCO","SAN FRANCISCO",,
9658642,2024,2024-04-20,3801,2024-01-04,2050,1113,PARK,4,5,7,3801,0,0,0,,0,3F12D,"TWIN PEAKS BL","PANORAMA DR",1100.00,N,N,-,-,N,,,,,,,,,,N,2,0,1,1,A,-,03,22350,,N,F,A,A,-,H,-,D,-,0,,,Y,,Y,,C,02,1,0,0,0,0,0,0,0,1,"- ","- ",,,"SAN FRANCISCO","SAN FRANCISCO",-122.44783782958984,37.749320983886719
9658643,2024,2024-04-20,3801,2024-01-04,1126,359,,4,5,7,3801,0,0,0,,0,315B,"SKYLINE BL","ZOO RD",0.00,,Y,A,-,N,,,,,,,,,,N,2,0,1,2,A,-,08,22107,,N,D,-,A,A,H,-,A,A,0,,Y,,,Y,,L,04,1,0,0,0,0,0,1,0,0,"- ","- ",,,"SAN FRANCISCO","SAN FRANCISCO",,
9658644,2024,2024-04-20,3801,2024-01-04,1319,310,,4,5,7,3801,0,0,0,,0,3B47,"MINNA ST","6TH ST",0.00,,Y,A,-,N,,,,,,,,,,N,4,0,1,2,A,-,12,21453,A,N,D,-,A,A,H,-,A,A,0,,,,,Y,,M,94,0,0,1,0,0,0,0,0,0,"- ","- ",,,"SAN FRANCISCO","SAN FRANCISCO",-122.40813446044922,37.780551910400391
9658645,2024,2024-04-20,3801,2024-01-03,1709,1436,PARK,3,5,7,3801,0,0,0,,0,3F11D,"LINCOLN WY","5TH AV",52.00,N,N,A,-,N,,,,,,,,,,N,3,0,1,2,A,-,12,21453,A,F,G,B,B,A,H,-,C,A,0,Y,,,,Y,,A,01,0,1,0,0,1,0,0,0,0,"- ","- ",,,"SAN FRANCISCO","SAN FRANCISCO",-122.46212768554688,37.766109466552734
9658646,2024,2024-04-20,3801,2024-01-03,1624,312,,3,5,7,3801,0,0,0,,0,1CAR,"TARAVAL ST","14TH AV",0.00,,Y,B,-,N,,,,,,,,,,Y,4,0,2,2,A,-,12,22450,,N,D,-,A,A,H,-,A,A,0,,,,,Y,,-,"- ",0,0,2,0,0,0,0,0,0,"- ","- ",,,"SAN FRANCISCO","SAN FRANCISCO",-122.47023010253906,37.743289947509766
9658647,2024,2024-04-20,3801,2024-01-04,"235 ",1033,,4,5,7,3801,0,0,0,,0,3J44,"VAN NESS AV","EDDY ST",0.00,,Y,A,-,N,,,,,,,,,,Y,2,0,5,2,A,-,12,21453,A,F,D,C,A,-,H,-,C,A,0,,,,,Y,,A,01,2,0,3,0,0,0,0,0,0,"- ","- ",,,"SAN FRANCISCO","SAN FRANCISCO",-122.42076110839844,37.782890319824219
9658648,2024,2024-04-20,3801,2024-01-03,1342,2496,,3,5,7,3801,0,0,0,,0,004,"TURK ST","JONES ST",0.00,,Y,A,-,N,,,,,,,,,,,4,0,1,2,A,-,10,21950,A,N,G,B,B,A,-,-,A,A,0,Y,,,,Y,,-,,0,0,1,0,1,0,0,0,0,"- ","- ",,,"SAN FRANCISCO","SAN FRANCISCO",-122.41241455078125,37.782997131347656
9658649,2024,2024-04-20,3801,2024-01-01,1351,621,CENTR,1,5,7,3801,0,0,0,,0,3A13A,"COLUMBUS AV","LOMBARD ST",0.00,,Y,A,-,N,,,,,,,,,,N,4,0,1,2,A,-,10,21950,A,N,G,B,B,A,H,-,A,A,0,Y,,,,Y,,A,01,0,0,1,0,1,0,0,0,0,"- ","- ",,,"SAN FRANCISCO","SAN FRANCISCO",-122.41367340087891,37.802734375