CASE_ID,ACCIDENT_YEAR,PROC_DATE,JURIS,COLLISION_DATE,COLLISION_TIME,OFFICER_ID,REPORTING_DISTRICT,DAY_OF_WEEK,CHP_SHIFT,POPULATION,CNTY_CITY_LOC,SPECIAL_COND,BEAT_TYPE,CHP_BEAT_TYPE,CITY_DIVISION_LAPD,CHP_BEAT_CLASS,BEAT_NUMBER,PRIMARY_RD,SECONDARY_RD,DISTANCE,DIRECTION,INTERSECTION,WEATHER_1,WEATHER_2,STATE_HWY_IND,CALTRANS_COUNTY,CALTRANS_DISTRICT,STATE_ROUTE,ROUTE_SUFFIX,POSTMILE_PREFIX,POSTMILE,LOCATION_TYPE,RAMP_INTERSECTION,SIDE_OF_HWY,TOW_AWAY,COLLISION_SEVERITY,NUMBER_KILLED,NUMBER_INJURED,PARTY_COUNT,PRIMARY_COLL_FACTOR,PCF_CODE_OF_VIOL,PCF_VIOL_CATEGORY,PCF_VIOLATION,PCF_VIOL_SUBSECTION,HIT_AND_RUN,TYPE_OF_COLLISION,MVIW,PED_ACTION,ROAD_SURFACE,ROAD_COND_1,ROAD_COND_2,LIGHTING,CONTROL_DEVICE,CHP_ROAD_TYPE,PEDESTRIAN_ACCIDENT,BICYCLE_ACCIDENT,MOTORCYCLE_ACCIDENT,TRUCK_ACCIDENT,NOT_PRIVATE_PROPERTY,ALCOHOL_INVOLVED,STWD_VEHTYPE_AT_FAULT,CHP_VEHTYPE_AT_FAULT,COUNT_SEVERE_INJ,COUNT_VISIBLE_INJ,COUNT_COMPLAINT_PAIN,COUNT_PED_KILLED,COUNT_PED_INJURED,COUNT_BICYCLIST_KILLED,COUNT_BICYCLIST_INJURED,COUNT_MC_KILLED,COUNT_MC_INJURED,PRIMARY_RAMP,SECONDARY_RAMP,LATITUDE,LONGITUDE,COUNTY,CITY,POINT_X,POINT_Y
9658650,2024,2024-04-20,3801,2024-01-01,1626,2355,TARAV,1,5,7,3801,0,0,0,,0,012,"ORTEGA ST","34TH AV",0.00,,Y,A,-,N,,,,,,,,,,Y,4,0,2,3,A,-,12,22450,A,F,B,C,A,A,H,-,A,A,0,,,,,Y,,A,01,0,0,2,0,0,0,0,0,0,"- ","- ",,,"SAN FRANCISCO","SAN FRANCISCO",-122.49240112304688,37.751678466796875
9658651,2024,2024-04-20,3801,2024-01-01,2032,1428,MISSI,1,5,7,3801,0,0,0,,0,3D11D,"MARKET ST","SANCHEZ ST",100.00,S,N,A,-,N,,,,,,,,,,Y,4,0,1,1,A,-,03,22350,,N,A,I,A,A,H,-,C,A,0,,,,,Y,,A,01,0,0,1,0,0,0,0,0,0,"- ","- ",,,"SAN FRANCISCO","SAN FRANCISCO",-122.43123626708984,37.765773773193359
9658652,2024,2024-04-20,3801,2024-01-01,"454 ",614,TARAV,1,5,7,3801,0,0,0,,0,3111E,"LINCOLN WY","18TH AV",0.00,,Y,A,-,N,,,,,,,,,,,2,0,1,2,A,-,03,22350,,N,D,C,A,A,H,-,C,D,0,,,Y,,Y,,C,02,1,0,0,0,0,0,0,0,1,"- ","- ",,,"SAN FRANCISCO","SAN FRANCISCO",-122.47618865966797,37.765495300292969
9658653,2024,2024-04-20,3801,2024-01-01,"130 ",2023,PARK,1,5,7,3801,0,0,0,,0,002,"CLARENDON AV","OLYMPIA WY",483.00,W,N,A,-,N,,,,,,,,,,Y,3,0,1,1,A,-,03,22350,,N,E,I,A,A,H,-,C,D,0,,,,,Y,,A,01,0,1,0,0,0,0,0,0,0,"- ","- ",,,"SAN FRANCISCO","SAN FRANCISCO",-122.45803070068359,37.751697540283203
9658655,2024,2024-04-20,3801,2024-01-03,"840 ",4132,TRAFF,3,5,7,3801,0,0,0,,0,6CAR,"HARRISON ST","MARIPOSA ST",0.00,,Y,A,-,N,,,,,,,,,,N,4,0,1,2,A,-,12,22450,A,N,D,C,A,B,H,-,A,D,0,,,,,Y,Y,A,01,0,0,1,0,0,0,0,0,0,"- ","- ",,,"SAN FRANCISCO","SAN FRANCISCO",-122.41291046142578,37.762901306152344
9658656,2024,2024-04-20,3801,2024-01-01,"122 ",4040,CENTR,1,5,7,3801,0,0,0,,0,3A13E,"CALIFORNIA ST","STOCKTON ST",100.00,E,N,A,-,N,,,,,,,,,,N,3,0,2,1,A,-,03,22350,,N,H,A,A,A,H,-,C,D,0,,,,,Y,,M,94,0,2,0,0,0,0,0,0,0,"- ","- ",,,"SAN FRANCISCO","SAN FRANCISCO",-122.40719604492188,37.792293548583984
9658657,2024,2024-04-20,3801,2024-01-06,1037,1653,,6,5,7,3801,0,0,0,,0,3H4A,"LONDON ST","BRAZIL AV",0.00,,Y,B,-,N,,,,,,,,,,N,3,0,1,2,A,-,10,21950,,F,G,B,B,A,H,-,A,A,0,Y,,,,Y,,A,01,0,1,0,0,1,0,0,0,0,"- ","- ",,,"SAN FRANCISCO","SAN FRANCISCO",-122.43402099609375,37.724319458007812
9658658,2024,2024-04-20,3801,2024-01-06,1813,1518,CENTR,6,5,7,3801,0,0,0,,0,3A44C,"STOCKTON ST","WASHINGTON ST",144.00,S,N,A,-,N,,,,,,,,,,N,3,0,1,2,A,-,11,21954,A,N,G,B,D,A,H,-,C,A,0,Y,,,,Y,,N,60,0,1,0,0,1,0,0,0,0,"- ","- ",,,"SAN FRANCISCO","SAN FRANCISCO",-122.40795135498047,37.794570922851562
9658659,2024,2024-04-20,3801,2024-01-06,1900,837,CENTR,6,5,7,3801,0,0,0,,0,3A12D,"GEARY ST","STOCKTON ST",79.00,W,N,-,-,N,,,,,,,,,,N,3,0,1,2,A,-,08,22100,A,N,D,C,A,A,H,-,D,D,0,,,Y,,Y,,A,01,0,1,0,0,0,0,0,0,1,"- ","- ",,,"SAN FRANCISCO","SAN FRANCISCO",-122.40685272216797,37.787525177001953
9658660,2024,2024-04-20,3801,2024-01-06,"32  ",1897,NORTH,6,5,7,3801,0,0,0,,0,3E13E,"FULTON ST","GOUGH ST",0.00,,Y,A,-,N,,,,,,,,,,Y,4,0,1,2,A,-,00,23153,F,N,C,C,A,A,H,-,C,A,0,,,,,Y,,A,01,0,0,1,0,0,0,0,0,0,"- ","- ",,,"SAN FRANCISCO","SAN FRANCISCO",-122.42334747314453,37.778751373291016
9658661,2024,2024-04-20,3801,2024-01-05,2112,246,,5,5,7,3801,0,0,0,,0,4CAR,"WEST PORTAL AV","14TH AV",0.00,,Y,A,-,N,,,,,,,,,,N,3,0,1,2,A,-,10,21950,A,F,G,B,B,A,H,-,C,A,0,Y,,,,Y,,A,07,0,1,0,0,1,0,0,0,0,"- ","- ",,,"SAN FRANCISCO","SAN FRANCISCO",-122.46907043457031,37.737972259521484
9658662,2024,2024-04-20,3801,2024-01-05,2222,2241,NORTH,5,5,7,3801,0,0,0,,0,0E5,"RICHARDSON AV","LYON ST",0.00,,Y,A,-,N,,,,,,,,,,N,4,0,1,2,A,-,08,22107,,N,B,C,A,A,H,-,C,A,0,,,,,Y,,-,,0,0,1,0,0,0,0,0,0,"- ","- ",,,"SAN FRANCISCO","SAN FRANCISCO",-122.44764709472656,37.800739288330078
9658663,2024,2024-04-20,3801,2024-01-05,"443 ",1463,SOUTH,5,5,7,3801,0,0,0,,0,0B5,"7TH ST","MISSION BAY DR",0.00,,Y,A,-,N,,,,,,,,,,N,3,0,1,2,A,-,12,21453,A,F,A,-,A,A,H,-,C,A,0,,,Y,,Y,,A,01,0,1,0,0,0,0,0,0,1,"- ","- ",,,"SAN FRANCISCO","SAN FRANCISCO",-122.39868927001953,37.769416809082031
9658664,2024,2024-04-20,3801,2024-01-05,1617,1845,,5,5,7,3801,0,0,0,,0,3111D,"KIRKHAM ST","18TH AV",0.00,,Y,A,-,N,,,,,,,,,,N,4,0,1,2,A,-,10,21950,A,N,G,B,B,A,H,-,A,D,0,Y,,,,Y,,A,01,0,0,1,0,1,0,0,0,0,"- ","- ",,,"SAN FRANCISCO","SAN FRANCISCO",-122.47579193115234,37.759876251220703
9658665,2024,2024-04-20,3801,2024-01-04,"845 ",899,NORTH,4,5,7,3801,0,0,0,,0,3E13A,"LOMBARD ST","VAN NESS AV",0.00,,Y,A,-,N,,,,,,,,,,N,4,0,1,2,A,-,12,21453,A,N,C,C,A,A,H,-,A,A,0,,,Y,,Y,,A,01,0,0,1,0,0,0,0,0,1,"- ","- ",,,"SAN FRANCISCO","SAN FRANCISCO",-122.42446899414062,37.80133056640625
9658666,2024,2024-04-20,3801,2024-01-04,"925 ",4356,INGLE,4,5,7,3801,0,0,0,,0,3H12A,"SAN JOSE AV","RANDALL ST",0.00,,Y,A,-,N,,,,,,,,,,N,4,0,1,2,A,-,08,22107,,F,H,G,A,A,H,-,A,A,0,,Y,,,Y,,A,01,0,0,1,0,0,0,1,0,0,"- ","- ",,,"SAN FRANCISCO","SAN FRANCISCO",-122.42426300048828,37.739860534667969
9658667,2024,2024-04-20,3801,2024-01-26,"841 ",2202,,5,5,7,3801,0,0,0,,0,3H13A,"DOLORES ST","VALLEY ST",45.00,N,N,B,-,N,,,,,,,,,,Y,3,0,1,2,A,-,03,22350,,N,C,E,A,A,H,-,A,D,0,,,,,Y,Y,A,01,0,1,0,0,0,0,0,0,0,"- ","- ",,,"SAN FRANCISCO","SAN FRANCISCO",-122.42452239990234,37.744762420654297
9658668,2024,2024-04-20,3801,2024-01-04,"500 ",2186,,4,5,7,3801,0,0,0,,0,3H13E,"PLYMOUTH AV","PLYMOUTH AV 1239",0.00,,-,A,-,N,,,,,,,,,,Y,4,0,1,2,A,-,00,21650,E,N,B,E,A,A,H,-,C,D,0,,,,,Y,Y,A,08,0,0,1,0,0,0,0,0,0,"- ","- ",,,"SAN FRANCISCO","SAN FRANCISCO",,
9658842,2023,2024-03-12,3801,2023-12-29,2234,2307,NORTH,5,5,7,3801,0,0,0,,0,3E6E,"LOMBARD ST","VAN NESS AV",0.00,,Y,B,-,N,,,,,,,,,,N,3,0,1,2,A,-,10,21950,A,N,G,B,B,B,H,-,C,A,0,Y,,,,Y,Y,I,11,0,1,0,0,1,0,0,0,0,"- ","- ",,,"SAN FRANCISCO","SAN FRANCISCO",-122.42446899414062,37.80133056640625
9658846,2023,2024-03-01,3801,2023-12-29,1515,964,NORTH,5,5,7,3801,0,0,0,,0,,"VAN NESS AV","GEARY BL",0.00,,Y,C,-,Y,SF,4,101,-,-,5.600,H,-,S,N,3,0,1,2,A,-,11,21453,D,N,B,B,B,B,H,-,A,A,0,Y,,,,Y,,N,60,0,1,0,0,1,0,0,0,0,"- ","- ",,,"SAN FRANCISCO","SAN FRANCISCO",-122.42144012451172,37.785511016845703
9659422,2023,2024-02-12,3801,2023-12-08,1149,875,CENTR,5,5,7,3801,0,0,0,,0,3A77,"KEARNY ST","SACRAMENTO ST",0.00,,N,A,-,N,,,,,,,,,,N,4,0,1,2,A,-,10,21950,A,N,G,B,B,A,H,-,A,A,0,Y,,,,Y,,A,07,0,0,1,0,1,0,0,0,0,"- ","- ",,,"SAN FRANCISCO","SAN FRANCISCO",-122.40458679199219,37.793601989746094
9659423,2023,2024-02-12,3801,2023-12-13,2051,1297,PARK,3,5,7,3801,0,0,0,,0,3F13A,"BUENA VISTA AV EAST","BUENA VISTA TER",0.00,,Y,A,-,N,,,,,,,,,,Y,3,0,1,2,A,-,09,21801,A,N,A,C,A,A,H,-,C,D,0,,,Y,,Y,,A,01,0,1,0,0,0,0,0,0,1,"- ","- ",,,"SAN FRANCISCO","SAN FRANCISCO",-122.43843078613281,37.76885986328125
9659424,2023,2024-02-12,3801,2023-12-10,2120,2143,MISSI,7,5,7,3801,0,0,0,,0,,"VALENCIA ST","SYCAMORE ST",0.00,,Y,A,-,N,,,,,,,,,,N,4,0,1,1,A,-,17,21209,,N,H,-,A,A,H,-,B,D,0,,,Y,,Y,Y,C,02,0,0,1,0,0,0,0,0,1,"- ","- ",,,"SAN FRANCISCO","SAN FRANCISCO",-122.42164611816406,37.762550354003906
9659702,2024,2024-03-22,3801,2024-01-17,1917,2268,INGLE,3,5,7,3801,0,0,0,,0,3H12D,"GUERRERO ST","DUNCAN AV",0.00,,Y,A,-,N,,,,,,,,,,N,3,0,1,3,A,-,04,21703,,N,C,C,A,A,H,-,C,A,0,,,Y,,Y,,A,01,0,1,0,0,0,0,0,0,1,"- ","- ",,,"SAN FRANCISCO","SAN FRANCISCO",-122.42239379882812,37.746379852294922
9659703,2024,2024-03-22,3801,2024-01-17,1900,CTOV,SOUTH,3,5,7,3801,0,0,0,,0,0B6,"GATEVIEW AV","EXPOSITION DR",0.00,,Y,A,-,N,,,,,,,,,,N,3,0,1,2,A,-,05,21651,B,N,A,J,A,A,H,-,C,A,0,,,,,Y,Y,A,01,0,1,0,0,0,0,0,0,0,"- ","- ",,,"SAN FRANCISCO","SAN FRANCISCO",-122.37265777587891,37.829078674316406
9659704,2024,2024-03-22,3801,2024-01-16,1015,1723,CENTR,2,5,7,3801,0,0,0,,0,001,"SUTTER ST","TAYLOR ST",0.00,,Y,B,-,N,,,,,,,,,,N,2,0,1,2,A,-,10,21950,A,F,G,B,B,A,H,-,A,A,0,Y,,,,Y,,A,01,1,0,0,0,1,0,0,0,0,"- ","- ",,,"SAN FRANCISCO","SAN FRANCISCO",-122.41188049316406,37.788814544677734
9659705,2024,2024-03-22,3801,2024-01-17,1504,1136,TENDE,3,5,7,3801,0,0,0,,0,3JI2D,"MARKET ST","ARRELL ST",0.00,,-,A,-,N,,,,,,,,,,N,2,0,1,2,A,-,11,21950,B,N,D,-,B,A,H,-,A,A,0,Y,,,,Y,,N,60,1,0,0,0,1,0,0,0,0,"- ","- ",,,"SAN FRANCISCO","SAN FRANCISCO",,
9659706,2024,2024-03-22,3801,2024-01-19,"751 ",2466,RICHM,5,5,7,3801,0,0,0,,0,003,"BALBOA AV","14TH AV",0.00,,Y,-,-,N,,,,,,,,,,Y,4,0,1,2,A,-,09,21802,A,N,-,C,A,A,H,-,A,D,0,,,,,Y,,A,01,0,0,1,0,0,0,0,0,0,"- ","- ",,,"SAN FRANCISCO","SAN FRANCISCO",-122.47258758544922,37.776844024658203
9659707,2024,2024-03-22,3801,2024-01-28,1937,2722,INGLE,7,5,7,3801,0,0,0,,0,3H15D,"SICKLES AV","HURON AV",0.00,,Y,A,-,N,,,,,,,,,,N,4,0,1,2,A,-,03,22350,,N,G,B,B,A,H,-,C,D,0,Y,,,,Y,Y,-,"- ",0,0,1,0,1,0,0,0,0,"- ","- ",,,"SAN FRANCISCO","SAN FRANCISCO",-122.45323944091797,37.709182739257812
9659708,2024,2024-03-22,3801,2024-01-28,"326 ",2425,SOUTH,7,5,7,3801,0,0,0,,0,0B2,"5TH ST","HOWARD ST",0.00,,Y,A,-,N,,,,,,,,,,Y,4,0,1,2,A,-,05,21651,A,F,A,C,A,A,H,-,C,A,0,,,,,Y,Y,-,"- ",0,0,1,0,0,0,0,0,0,"- ","- ",,,"SAN FRANCISCO","SAN FRANCISCO",-122.40493011474609,37.781513214111328
9659709,2024,2024-03-22,3801,2024-01-23,"754 ",2289,NORTH,2,5,7,3801,0,0,0,,0,,BROADWAY,"POLK ST",0.00,,-,B,-,N,,,,,,,,,,N,3,0,1,2,A,-,08,22100,5,N,D,C,A,B,H,-,A,A,0,,,Y,,Y,,A,01,0,1,0,0,0,0,0,0,1,"- ","- ",,,"SAN FRANCISCO","SAN FRANCISCO",-122.42176055908203,37.795940399169922
9659710,2023,2024-03-22,3801,2023-01-22,1412,1457,TARAV,7,5,7,3801,0,0,0,,0,3I11A,"IRVING ST","10TH AV",134.00,E,N,B,-,N,,,,,,,,,,N,3,0,1,2,A,-,21,22106,,N,B,G,A,A,H,-,A,D,0,,Y,,,Y,,A,01,0,1,0,0,0,0,1,0,0,"- ","- ",,,"SAN FRANCISCO","SAN FRANCISCO",-122.46692657470703,37.764019012451172
9659711,2024,2024-03-22,3801,2024-01-12,1028,5,NORTH,5,5,7,3801,0,0,0,,0,3E12A,"MCALLISTER ST","MCALLISTER ST 350",0.00,,-,A,-,N,,,,,,,,,,Y,3,0,1,2,A,-,08,22107,,N,D,C,A,A,H,-,A,A,0,,,,,Y,,A,01,0,1,0,0,0,0,0,0,0,"- ","- ",,,"SAN FRANCISCO","SAN FRANCISCO",,
9659712,2024,2024-03-22,3801,2024-01-17,1205,1631,SOUTH,3,5,7,3801,0,0,0,,0,3B5A,"17TH ST","KANSAS ST",0.00,,Y,A,-,N,,,,,,,,,,N,3,0,1,2,A,-,09,21800,A,N,D,G,A,A,H,-,A,A,0,,Y,,,Y,,A,01,0,1,0,0,0,0,1,0,0,"- ","- ",,,"SAN FRANCISCO","SAN FRANCISCO",-122.40351867675781,37.764728546142578
9659713,2024,2024-03-22,3801,2024-01-16,1824,1741,TARAV,2,5,7,3801,0,0,0,,0,901,"30TH AV","KIRKHAM ST",0.00,,Y,C,-,N,,,,,,,,,,Y,4,0,3,2,A,-,01,23153,A,N,D,C,A,B,H,-,B,A,0,,,,,Y,Y,A,07,0,0,3,0,0,0,0,0,0,"- ","- ",,,"SAN FRANCISCO","SAN FRANCISCO",-122.48863220214844,37.759311676025391
9659714,2024,2024-03-22,3801,2024-01-13,1829,2231,SOUTH,6,5,7,3801,0,0,0,,0,3B12D,"HARRISON ST","FREMONT ST",0.00,,Y,C,-,N,,,,,,,,,,N,4,0,1,2,A,-,10,21950,A,N,A,B,B,B,H,-,C,A,0,Y,,,,Y,,A,01,0,0,1,0,1,0,0,0,0,"- ","- ",,,"SAN FRANCISCO","SAN FRANCISCO",-122.39205932617188,37.786788940429688
9659715,2024,2024-03-22,3801,2024-01-18,"700 ",801,SOUTH,4,5,7,3801,0,0,0,,0,0B2,"5TH ST","5TH ST 490",20.00,N,N,A,-,N,,,,,,,,,,Y,4,0,1,2,A,-,03,22350,,N,C,C,A,A,H,-,C,A,0,,,,,Y,,A,01,0,0,1,0,0,0,0,0,0,"- ","- ",,,"SAN FRANCISCO","SAN FRANCISCO",-122.40811157226562,37.784038543701172
9659716,2024,2024-03-22,3801,2024-01-23,1730,4047,MISSI,2,5,7,3801,0,0,0,,0,3D16D,"13TH ST","BRYANT ST",0.00,,Y,A,-,N,,,,,,,,,,N,4,0,1,2,A,-,10,21950,A,F,G,B,B,A,H,-,A,A,0,Y,,,,Y,,A,01,0,0,1,0,1,0,0,0,0,"- ","- ",,,"SAN FRANCISCO","SAN FRANCISCO",-122.410928,37.769399999999997
9659717,2024,2024-03-22,3801,2024-01-17,1020,1771,MISSI,3,5,7,3801,0,0,0,,0,3D00,"MARKET ST","SANCHEZ ST",0.00,,Y,A,-,N,,,,,,,,,,N,4,0,1,2,A,-,08,22107,,N,D,G,A,A,H,-,A,A,0,,Y,,,Y,,A,01,0,0,1,0,0,0,1,0,0,"- ","- ",,,"SAN FRANCISCO","SAN FRANCISCO",-122.43100738525391,37.765979766845703
9659718,2024,2024-03-22,3801,2024-01-24,1830,1251,BAYVI,3,5,7,3801,0,0,0,,0,3C12D,"SAN BRUNO AV","WAYLAND ST",4.00,S,N,A,-,N,,,,,,,,,,N,4,0,1,2,A,-,10,21950,A,N,G,B,C,B,H,-,C,D,0,Y,,,,Y,,A,01,0,0,1,0,1,0,0,0,0,"- ","- ",,,"SAN FRANCISCO","SAN FRANCISCO",-122.40311431884766,37.726428985595703
9659719,2024,2024-03-22,3801,2024-01-28,1941,1823,INGLE,7,5,7,3801,0,0,0,,0,005,"ALEMANY BL","SENECA AV",154.00,N,N,A,-,N,,,,,,,,,,Y,3,0,3,2,A,-,03,22350,,F,A,C,A,A,H,-,C,D,0,,,,,Y,,A,07,0,1,2,0,0,0,0,0,0,"- ","- ",,,"SAN FRANCISCO","SAN FRANCISCO",-122.44098663330078,37.718963623046875
9659720,2024,2024-03-22,3801,2024-01-28,"238 ",2241,NORTH,7,5,7,3801,0,0,0,,0,0E3,"FRANKLIN ST","TURK ST",0.00,,-,A,-,N,,,,,,,,,,N,3,0,1,2,A,-,04,21703,,N,H,C,A,A,H,-,C,A,0,,,Y,,Y,,C,02,0,1,0,0,0,0,0,0,1,"- ","- ",,,"SAN FRANCISCO","SAN FRANCISCO",-122.42224884033203,37.781730651855469
9659721,2024,2024-07-01,3801,2024-01-27,1843,484,NORTH,6,5,7,3801,0,0,0,,0,3E12D,"GEARY BL","SCOTT ST",0.00,,Y,A,-,N,,,,,,,,,,,4,0,1,2,A,-,11,21955,,N,G,B,D,A,H,-,C,D,0,Y,,,,Y,,N,60,0,0,1,0,1,0,0,0,0,"- ","- ",,,"SAN FRANCISCO","SAN FRANCISCO",-122.43785095214844,37.783790588378906
9659722,2024,2024-03-25,3801,2024-01-26,1827,1605,NORTH,5,5,7,3801,0,0,0,,0,3E11D,"WEBSTER ST","HAYES ST",36.00,N,N,A,-,N,,,,,,,,,,N,4,0,3,3,A,-,03,22350,,N,C,C,A,A,H,-,C,A,0,,,,,Y,,A,08,0,0,3,0,0,0,0,0,0,"- ","- ",,,"SAN FRANCISCO","SAN FRANCISCO",-122.42955780029297,37.776138305664062
9659723,2024,2024-03-26,3801,2024-01-26,1632,2705,BAYVI,5,5,7,3801,0,0,0,,0,3C11D,"BAYSHORE BL","MARIN ST",0.00,,Y,A,-,N,,,,,,,,,,N,3,0,1,2,A,-,08,22107,,F,D,G,A,A,-,-,A,A,0,,Y,,,Y,,A,01,0,1,0,0,0,0,1,0,0,"- ","- ",,,"SAN FRANCISCO","SAN FRANCISCO",-122.40351867675781,37.748123168945312
9659724,2024,2024-03-25,3801,2024-01-26,1602,1858,BAYVI,5,5,7,3801,0,0,0,,0,3C14D,"SILVER AV","SAN BRUNO AV",67.00,W,N,A,-,N,,,,,,,,,,Y,2,0,2,2,A,-,03,22350,,F,A,B,F,A,H,-,A,D,0,Y,,,,Y,,A,01,1,0,1,0,1,0,0,0,0,"- ","- ",,,"SAN FRANCISCO","SAN FRANCISCO",-122.40583801269531,37.732383728027344
9659725,2024,2024-03-26,3801,2024-01-26,"15  ",278,NORTH,5,5,7,3801,0,0,0,,0,3E90E,"LAGUNA ST","UNION ST",6.00,N,N,A,-,N,,,,,,,,,,N,3,0,1,2,A,-,10,21950,A,F,G,B,B,A,H,-,C,A,0,Y,,,,Y,,-,,0,1,0,0,1,0,0,0,0,"- ","- ",,,"SAN FRANCISCO","SAN FRANCISCO",-122.4305419921875,37.797725677490234
9659726,2024,2024-03-25,3801,2024-01-25,1750,200,TENDE,4,5,7,3801,0,0,0,,0,003,"MCALLISTER ST","HYDE ST",80.00,W,N,A,-,N,,,,,,,,,,N,4,0,1,3,A,-,08,22107,,N,C,C,A,A,H,-,C,A,0,,,,,Y,,A,01,0,0,1,0,0,0,0,0,0,"- ","- ",,,"SAN FRANCISCO","SAN FRANCISCO",-122.41559600830078,37.78070068359375
9659727,2024,2024-08-30,3801,2024-01-25,1100,4132,MISSI,4,5,7,3801,0,0,0,,0,6CAR,"SOUTH VAN NESS AV","16TH ST",95.00,S,N,A,-,N,,,,,,,,,,N,4,0,1,2,A,-,04,21703,,N,C,D,A,A,H,-,A,D,0,,,,,Y,,A,01,0,0,1,0,0,0,0,0,0,"- ","- ",,,"SAN FRANCISCO","SAN FRANCISCO",-122.41747283935547,37.764919281005859
9659728,2024,2024-04-05,3801,2024-01-25,"916 ",1396,SOUTH,4,5,7,3801,0,0,0,,0,3B13A,"7TH ST","BRYANT ST",0.00,,Y,A,-,N,,,,,,,,,,N,3,0,1,2,A,-,11,21453,D,N,G,B,D,A,H,-,A,A,0,Y,,,,Y,,N,60,0,1,0,0,1,0,0,0,0,"- ","- ",,,"SAN FRANCISCO","SAN FRANCISCO",-122.40485382080078,37.774375915527344
9659729,2024,2024-03-25,3801,2024-01-24,1634,2398,NORTH,3,5,7,3801,0,0,0,,0,01E,"OCTAVIA ST","OAK ST",8.00,S,N,A,-,N,,,,,,,,,,Y,4,0,2,2,A,-,08,22101,D,F,B,C,A,-,H,-,A,A,0,,,,,Y,,A,01,0,0,2,0,0,0,0,0,0,"- ","- ",,,"SAN FRANCISCO","SAN FRANCISCO",-122.42429351806641,37.774776458740234
9659730,2024,2024-04-05,3801,2024-01-24,1629,1523,NORTH,3,5,7,3801,0,0,0,,0,3E14D,"FRANKLIN ST","GOLDEN GATE AV",8.00,N,N,B,-,N,,,,,,,,,,Y,4,0,1,2,A,-,08,22107,,N,B,C,A,B,H,-,A,A,0,,,,,Y,,A,01,0,0,1,0,0,0,0,0,0,"- ","- ",,,"SAN FRANCISCO","SAN FRANCISCO",-122.42210388183594,37.780841827392578
9659731,2024,2024-04-05,3801,2024-01-24,1107,1967,NORTH,3,5,7,3801,0,0,0,,0,3E15A,"STEINER ST","LOMBARD ST",0.00,,Y,C,-,N,,,,,,,,,,N,4,0,1,2,A,-,21,22106,,N,G,B,E,B,H,-,A,A,0,Y,,,,Y,,A,01,0,0,1,0,1,0,0,0,0,"- ","- ",,,"SAN FRANCISCO","SAN FRANCISCO",-122.43769073486328,37.799640655517578
9659732,2024,2024-03-26,3801,2024-01-23,1746,307,NORTH,2,5,7,3801,0,0,0,,0,3E13D,"ELLIS ST","FRANKLIN ST",0.00,,Y,A,-,N,,,,,,,,,,N,4,0,1,2,A,-,12,21453,A,F,D,C,A,A,H,-,B,A,0,,,,,Y,,A,01,0,0,1,0,0,0,0,0,0,"- ","- ",,,"SAN FRANCISCO","SAN FRANCISCO",-122.42264556884766,37.783611297607422
9659734,2024,2024-03-25,3801,2024-01-21,"52  ",1750,NORTH,7,5,7,3801,0,0,0,,0,0E2,"GEARY ST","WEBSTER ST",0.00,,Y,A,-,N,,,,,,,,,,N,2,0,1,2,A,-,11,21453,D,N,G,B,B,B,H,-,C,A,0,Y,,,,Y,,N,60,1,0,0,0,1,0,0,0,0,"- ","- ",,,"SAN FRANCISCO","SAN FRANCISCO",-122.43130493164062,37.784725189208984
9659736,2024,2024-07-01,3801,2024-01-25,"813 ",2706,MISSI,4,5,7,3801,0,0,0,,0,3D14A,"VALENICA ST","CESAR CHAVEZ ST",0.00,,Y,A,-,N,,,,,,,,,,N,3,0,1,2,A,-,08,22107,,N,B,-,A,A,H,-,A,A,0,,Y,,,Y,,L,04,0,1,0,0,0,0,1,0,0,"- ","- ",,,"SAN FRANCISCO","SAN FRANCISCO",-122.42025756835938,37.748161315917969
9659737,2024,2024-07-01,3801,2024-01-24,1946,2408,MISSI,3,5,7,3801,0,0,0,,0,3D12D,"NOE ST","23RD ST",0.00,,Y,C,-,N,,,,,,,,,,N,4,0,1,2,D,-,00,,,N,D,C,A,B,H,-,C,A,0,,,Y,,Y,,-,"- ",0,0,1,0,0,0,0,0,0,"- ","- ",,,"SAN FRANCISCO","SAN FRANCISCO",-122.4320068359375,37.753002166748047
9659738,2024,2024-03-25,3801,2024-01-16,1800,2723,PARK,2,5,7,3801,0,0,0,,0,3F13D,"HAIGHT ST","COLE ST",0.00,,Y,C,-,N,,,,,,,,,,N,4,0,1,2,A,-,10,21950,A,N,B,B,B,B,H,-,C,D,0,Y,,,,Y,,A,01,0,0,1,0,1,0,0,0,0,"- ","- ",,,"SAN FRANCISCO","SAN FRANCISCO",-122.45072937011719,37.769508361816406
9659739,2024,2024-03-25,3801,2024-01-15,1229,621,CENTR,1,5,7,3801,0,0,0,,0,3A13A,"BAY ST","MASON ST",0.00,,Y,A,-,N,,,,,,,,,,N,4,0,1,2,A,-,09,21801,A,N,D,C,A,A,H,-,A,A,0,,,Y,,Y,,A,07,0,0,1,0,0,0,0,0,1,"- ","- ",,,"SAN FRANCISCO","SAN FRANCISCO",-122.41358947753906,37.805633544921875
9659741,2024,2024-03-19,3801,2024-01-09,2327,1066,NORTH,2,5,7,3801,0,0,0,,0,3E5,"LOMBARD ST","WEBSTER ST",0.00,,Y,A,-,N,,,,,,,,,,N,4,0,1,2,A,-,04,21703,,F,C,C,A,A,H,-,B,D,0,,,,,Y,,A,01,0,0,1,0,0,0,0,0,0,"- ","- ",,,"SAN FRANCISCO","SAN FRANCISCO",-122.43438720703125,37.800064086914062