CASE_ID,ACCIDENT_YEAR,PROC_DATE,JURIS,COLLISION_DATE,COLLISION_TIME,OFFICER_ID,REPORTING_DISTRICT,DAY_OF_WEEK,CHP_SHIFT,POPULATION,CNTY_CITY_LOC,SPECIAL_COND,BEAT_TYPE,CHP_BEAT_TYPE,CITY_DIVISION_LAPD,CHP_BEAT_CLASS,BEAT_NUMBER,PRIMARY_RD,SECONDARY_RD,DISTANCE,DIRECTION,INTERSECTION,WEATHER_1,WEATHER_2,STATE_HWY_IND,CALTRANS_COUNTY,CALTRANS_DISTRICT,STATE_ROUTE,ROUTE_SUFFIX,POSTMILE_PREFIX,POSTMILE,LOCATION_TYPE,RAMP_INTERSECTION,SIDE_OF_HWY,TOW_AWAY,COLLISION_SEVERITY,NUMBER_KILLED,NUMBER_INJURED,PARTY_COUNT,PRIMARY_COLL_FACTOR,PCF_CODE_OF_VIOL,PCF_VIOL_CATEGORY,PCF_VIOLATION,PCF_VIOL_SUBSECTION,HIT_AND_RUN,TYPE_OF_COLLISION,MVIW,PED_ACTION,ROAD_SURFACE,ROAD_COND_1,ROAD_COND_2,LIGHTING,CONTROL_DEVICE,CHP_ROAD_TYPE,PEDESTRIAN_ACCIDENT,BICYCLE_ACCIDENT,MOTORCYCLE_ACCIDENT,TRUCK_ACCIDENT,NOT_PRIVATE_PROPERTY,ALCOHOL_INVOLVED,STWD_VEHTYPE_AT_FAULT,CHP_VEHTYPE_AT_FAULT,COUNT_SEVERE_INJ,COUNT_VISIBLE_INJ,COUNT_COMPLAINT_PAIN,COUNT_PED_KILLED,COUNT_PED_INJURED,COUNT_BICYCLIST_KILLED,COUNT_BICYCLIST_INJURED,COUNT_MC_KILLED,COUNT_MC_INJURED,PRIMARY_RAMP,SECONDARY_RAMP,LATITUDE,LONGITUDE,COUNTY,CITY,POINT_X,POINT_Y
9659742,2024,2024-03-19,3801,2024-01-04,"750 ",2397,BAYVI,4,5,7,3801,0,0,0,,0,3C13A,"PALOU AV","LANE ST",0.00,,Y,A,-,N,,,,,,,,,,N,4,0,1,2,A,-,10,21950,A,N,G,B,D,A,H,-,A,D,0,Y,,,,Y,,A,08,0,0,1,0,1,0,0,0,0,"- ","- ",,,"SAN FRANCISCO","SAN FRANCISCO",-122.38903045654297,37.732933044433594
9659743,2024,2024-03-19,3801,2024-01-12,1000,788,SOUTH,5,5,7,3801,0,0,0,,0,3B12A,"HOWARD ST","6TH ST",10.00,W,N,A,-,N,,,,,,,,,,N,3,0,1,2,A,-,10,21950,A,N,A,B,B,A,H,-,A,A,0,Y,,,,Y,,A,01,0,1,0,0,1,0,0,0,0,"- ","- ",,,"SAN FRANCISCO","SAN FRANCISCO",-122.40716552734375,37.779731750488281
9659744,2024,2024-03-19,3801,2024-01-28,2109,1480,MISSI,7,5,7,3801,0,0,0,,0,3D15E,"CESAR CHAVEZ ST","ALABAMA ST",0.00,,Y,-,-,N,,,,,,,,,,Y,4,0,3,2,A,-,01,23153,A,N,D,C,A,-,-,-,-,A,0,,,,,Y,Y,A,01,0,0,3,0,0,0,0,0,0,"- ","- ",,,"SAN FRANCISCO","SAN FRANCISCO",-122.41054534912109,37.748374938964844
9659745,2024,2024-06-24,3801,2024-01-28,1534,484,NORTH,7,5,7,3801,0,0,0,,0,3E12D,"LAGUNA ST","BUSH ST",0.00,,Y,A,-,N,,,,,,,,,,Y,4,0,1,4,A,-,12,21453,A,N,D,D,A,A,H,-,A,A,0,,,,,Y,,A,01,0,0,1,0,0,0,0,0,0,"- ","- ",,,"SAN FRANCISCO","SAN FRANCISCO",-122.42852783203125,37.787651062011719
9659746,2024,2024-03-19,3801,2024-01-28,"618 ",2124,MISSI,7,5,7,3801,0,0,0,,0,3D13A,"SOUTH VAN NESS AV","15TH ST",0.00,,Y,A,-,N,,,,,,,,,,N,4,0,1,1,A,-,00,12500,A,N,B,-,A,A,H,-,B,D,0,,,,,Y,,A,01,0,0,1,0,0,0,0,0,0,"- ","- ",,,"SAN FRANCISCO","SAN FRANCISCO",-122.41764068603516,37.766799926757812
9659747,2024,2024-06-24,3801,2024-01-30,2234,1182,CENTR,2,5,7,3801,0,0,0,,0,3A11E,"SUTTER ST","TAYLOR ST",100.00,W,N,A,-,N,,,,,,,,,,Y,4,0,1,6,A,-,08,22107,,N,F,C,A,A,H,-,C,D,0,,,Y,,Y,,A,01,0,0,1,0,0,0,0,0,0,"- ","- ",,,"SAN FRANCISCO","SAN FRANCISCO",-122.41222381591797,37.788764953613281
9659748,2024,2024-03-19,3801,2024-01-30,"936 ",156,BAYVI,2,5,7,3801,0,0,0,,0,3C60,"SAN BRUNO AV","SILLIMAN ST",0.00,,Y,A,-,N,,,,,,,,,,N,4,0,1,2,A,-,10,21950,A,N,G,B,B,A,H,-,A,D,0,Y,,,,Y,,A,01,0,0,1,0,1,0,0,0,0,"- ","- ",,,"SAN FRANCISCO","SAN FRANCISCO",-122.40512084960938,37.731231689453125
9659749,2024,2024-03-19,3801,2024-01-29,"842 ",1224,MISSI,1,5,7,3801,0,0,0,,0,0D6,"ALAMEDA AV","POTRERO AV",29.00,E,N,A,-,N,,,,,,,,,,N,3,0,1,2,A,-,00,21954,,N,G,B,D,A,H,-,A,A,0,Y,,,,Y,,N,60,0,1,0,0,1,0,0,0,0,"- ","- ",,,"SAN FRANCISCO","SAN FRANCISCO",-122.40769195556641,37.768386840820312
9659750,2024,2024-03-19,3801,2024-01-29,"646 ",1657,BAYVI,1,5,7,3801,0,0,0,,0,3C11A,"22ND ST","PENNSYLVANIA AV",0.00,,Y,A,-,N,,,,,,,,,,N,4,0,1,2,A,-,10,21950,A,N,G,B,B,A,H,-,B,A,0,Y,,,,Y,,A,01,0,0,1,0,1,0,0,0,0,"- ","- ",,,"SAN FRANCISCO","SAN FRANCISCO",-122.39312744140625,37.757682800292969
9659751,2024,2024-03-19,3801,2024-01-13,2200,4132,MISSI,6,5,7,3801,0,0,0,,0,3CAR,"19TH ST","CAPP ST",0.00,,Y,A,-,N,,,,,,,,,,Y,4,0,1,2,A,-,00,20001,A,F,D,C,A,-,G,-,-,D,0,,,,,Y,Y,A,01,0,0,1,0,0,0,0,0,0,"- ","- ",,,"SAN FRANCISCO","SAN FRANCISCO",-122.41810607910156,37.760292053222656
9659753,2024,2024-06-24,3801,2024-01-25,"706 ",1513,RICHM,4,5,7,3801,0,0,0,,0,,"GEARY BL","15TH AV",0.00,,Y,A,-,N,,,,,,,,,,,4,0,1,2,A,-,08,22107,,N,B,-,A,-,H,-,A,A,0,,,,,Y,,D,22,0,0,1,0,0,0,0,0,0,"- ","- ",,,"SAN FRANCISCO","SAN FRANCISCO",-122.47399139404297,37.780632019042969
9659754,2024,2024-03-19,3801,2024-01-29,1527,2704,SOUTH,1,5,7,3801,0,0,0,,0,3B2,"FOLSOM ST","3RD ST",0.00,,Y,A,-,N,,,,,,,,,,N,3,0,1,3,A,-,08,22107,,F,B,G,A,A,H,-,A,A,0,,Y,,,Y,,A,01,0,1,0,0,0,0,1,0,0,"- ","- ",,,"SAN FRANCISCO","SAN FRANCISCO",-122.39896392822266,37.783782958984375
9659755,2024,2024-03-19,3801,2024-01-03,1512,1620,RICHM,3,5,7,3801,0,0,0,,0,,"BALBOA ST",FUNSTON,0.00,,Y,A,-,N,,,,,,,,,,Y,4,0,2,2,A,-,09,21802,A,N,D,C,A,A,H,-,A,D,0,,,,,Y,,A,01,0,0,2,0,0,0,0,0,0,"- ","- ",,,"SAN FRANCISCO","SAN FRANCISCO",-122.47151184082031,37.776878356933594
9659756,2024,2024-03-19,3801,2024-01-30,"100 ",2139,TARAV,2,5,7,3801,0,0,0,,0,901,"LINCOLN WY","9TH AV",140.00,E,N,A,-,N,,,,,,,,,,N,4,0,1,3,A,-,08,22107,,N,B,E,A,A,H,-,C,A,0,,,,,Y,Y,A,07,0,0,1,0,0,0,0,0,0,"- ","- ",,,"SAN FRANCISCO","SAN FRANCISCO",-122.46595764160156,37.765953063964844
9659757,2024,2024-03-19,3801,2024-01-29,1449,2707,TARAV,1,5,7,3801,0,0,0,,0,6CAR,"MIRAMAR AV","OCEAN AV",0.00,,Y,A,-,N,,,,,,,,,,N,4,0,1,2,A,-,10,21950,A,N,G,B,B,A,H,-,A,A,0,Y,,,,Y,,A,01,0,0,1,0,1,0,0,0,0,"- ","- ",,,"SAN FRANCISCO","SAN FRANCISCO",-122.45821380615234,37.724319458007812
9659758,2024,2024-03-19,3801,2024-01-28,1754,359,TARAV,7,5,7,3801,0,0,0,,0,312D,"LINCOLN WY","25TH AV",7.00,W,N,A,-,N,,,,,,,,,,N,3,0,1,2,A,-,12,21453,A,N,D,G,A,A,H,-,C,A,0,,Y,,,Y,,L,04,0,1,0,0,0,0,1,0,0,"- ","- ",,,"SAN FRANCISCO","SAN FRANCISCO",-122.48369598388672,37.765159606933594
9659759,2024,2024-03-19,3801,2024-01-28,1308,2707,TARAV,7,5,7,3801,0,0,0,,0,,"HOLLOWAY AV","JUNIPERO SERRA BL",0.00,,Y,A,-,N,,,,,,,,,,Y,4,0,3,2,A,-,12,21453,A,N,D,C,A,A,H,-,A,A,0,,,,,Y,,A,01,0,0,3,0,0,0,0,0,0,"- ","- ",,,"SAN FRANCISCO","SAN FRANCISCO",-122.47267150878906,37.721572875976562
9659760,2024,2024-09-25,3801,2024-01-27,1445,643,TARAV,6,5,7,3801,0,0,0,,0,2CAR,"KIRKHAM ST","21ST AV",0.00,,Y,-,-,N,,,,,,,,,,Y,4,0,1,3,A,-,21,22106,,N,D,C,A,-,-,-,-,A,0,,,,,Y,,A,01,0,0,1,0,0,0,0,0,0,"- ","- ",,,"SAN FRANCISCO","SAN FRANCISCO",-122.47901153564453,37.759750366210938
9662513,2024,2024-03-19,3801,2024-01-19,1832,2718,BAYVI,5,5,7,3801,0,0,0,,0,3C11D,"PENNSYLVANIA AV","25TH ST",0.00,,Y,A,-,N,,,,,,,,,,N,3,0,1,2,A,-,12,22450,A,F,D,G,A,B,H,-,C,A,0,,Y,,Y,Y,,L,04,0,1,0,0,0,0,1,0,0,"- ","- ",,,"SAN FRANCISCO","SAN FRANCISCO",-122.39266204833984,37.752544403076172
9662544,2024,2024-03-13,3801,2024-01-08,1049,50,TENDE,1,5,7,3801,0,0,0,,0,002,"MARKET ST","6TH ST",0.00,,Y,A,-,N,,,,,,,,,,Y,4,0,1,2,A,-,07,21658,A,N,A,-,A,A,H,-,A,A,0,,,,,Y,,A,08,0,0,1,0,0,0,0,0,0,"- ","- ",,,"SAN FRANCISCO","SAN FRANCISCO",-122.41030120849609,37.782241821289062
9662552,2024,2024-02-28,3801,2024-01-20,2351,1150,NORTH,6,5,7,3801,0,0,0,,0,0E1,"OCTAVIA ST","HAIGHT ST",144.00,S,N,C,-,N,,,,,,,,,,Y,4,0,4,4,A,-,03,22350,,N,C,C,A,B,H,-,C,A,0,,,,,Y,,A,01,0,0,4,0,0,0,0,0,0,"- ","- ",,,"SAN FRANCISCO","SAN FRANCISCO",-122.42385101318359,37.772571563720703
9662553,2024,2024-03-26,3801,2024-01-22,1336,2229,TENDE,1,5,7,3801,0,0,0,,0,,"MCALLISTER ST","HYDE ST",0.00,,Y,A,-,N,,,,,,,,,,N,4,0,1,2,A,-,11,21955,,N,G,B,D,A,H,-,A,A,0,Y,,,,Y,,N,60,0,0,1,0,1,0,0,0,0,"- ","- ",,,"SAN FRANCISCO","SAN FRANCISCO",-122.41532135009766,37.780738830566406
9662560,2024,2024-03-26,3801,2024-01-05,1650,1994,TRAFF,5,5,7,3801,0,0,0,,0,4B3G,"INGALLS ST","OAKDALE AV",89.00,S,N,A,-,N,,,,,,,,,,Y,2,0,1,5,A,-,12,22450,A,F,B,C,A,A,H,-,A,A,0,,,,,Y,,A,01,1,0,0,0,0,0,0,0,0,"- ","- ",,,"SAN FRANCISCO","SAN FRANCISCO",-122.38306427001953,37.730144500732422
9662822,2023,2024-02-23,3801,2023-01-22,1840,1435,TRAFF,7,5,7,3801,0,0,0,,0,4B4C,"BAY ST","VAN NESS AV",11.00,E,N,A,-,N,,,,,,,,,,N,2,0,1,2,A,-,11,21456,A,F,G,B,B,A,H,-,C,A,0,Y,,,,Y,,N,60,1,0,0,0,1,0,0,0,0,"- ","- ",,,"SAN FRANCISCO","SAN FRANCISCO",-122.42510986328125,37.804134368896484
9662931,2024,2024-03-26,3801,2024-01-23,"658 ",937,BAYVI,2,5,7,3801,0,0,0,,0,3C2A,"PAUL AV","BAYSHORE BL",0.00,,Y,A,-,N,,,,,,,,,,N,3,0,1,2,A,-,03,22350,,F,C,C,A,A,H,-,B,A,0,,,,,Y,,D,22,0,1,0,0,0,0,0,0,0,"- ","- ",,,"SAN FRANCISCO","SAN FRANCISCO",-122.40079498291016,37.723606109619141
9662934,2024,2024-03-26,3801,2024-01-23,1527,1144,RICHM,2,5,7,3801,0,0,0,,0,3G12D,"CROSSOVER DR","PARK PRESIDIO BYPASS",25.00,S,N,A,-,N,,,,,,,,,,N,4,0,1,2,A,-,04,21703,,N,C,C,A,A,H,-,A,D,0,,,,,Y,,D,22,0,0,1,0,0,0,0,0,0,"- ","- ",,,"SAN FRANCISCO","SAN FRANCISCO",-122.47941589355469,37.7711181640625
9662935,2024,2024-03-04,3801,2024-01-25,1432,1605,NORTH,4,5,7,3801,0,0,0,,0,3E11D,"SUTTER ST","OCTAVIA ST",180.00,E,N,A,-,N,,,,,,,,,,N,4,0,1,2,A,-,06,21750,A,N,C,C,A,A,H,-,A,A,0,,,,,Y,,I,11,0,0,1,0,0,0,0,0,0,"- ","- ",,,"SAN FRANCISCO","SAN FRANCISCO",-122.42609405517578,37.787006378173828
9662937,2024,2024-03-11,3801,2024-01-29,1415,1580,SOUTH,1,5,7,3801,0,0,0,,0,3B12A,"3RD ST","TABER PL",0.00,,Y,A,-,N,,,,,,,,,,N,4,0,1,2,D,-,00,,,N,-,C,A,A,H,-,A,A,0,,,,,Y,,-,"- ",0,0,1,0,0,0,0,0,0,"- ","- ",,,"SAN FRANCISCO","SAN FRANCISCO",-122.39553833007812,37.781082153320312
9662941,2024,2024-03-19,3801,2024-01-25,2302,2491,INGLE,4,5,7,3801,0,0,0,,0,3H16,"GENEVA AV","CARTER ST",168.00,W,N,A,-,N,,,,,,,,,,Y,2,0,1,5,A,-,08,22107,,F,C,E,A,A,H,-,C,D,0,,,Y,,Y,,A,01,1,0,0,0,0,0,0,0,0,"- ","- ",,,"SAN FRANCISCO","SAN FRANCISCO",-122.42385864257812,37.70953369140625
9662942,2024,2024-03-19,3801,2024-01-24,1606,LAU933,INGLE,3,5,7,3801,0,0,0,,0,0H2,"MISSION ST","30TH ST",0.00,,Y,A,-,N,,,,,,,,,,N,4,0,1,2,A,-,04,21703,,N,-,C,A,B,H,-,A,A,0,,,,,Y,,A,01,0,0,1,0,0,0,0,0,0,"- ","- ",,,"SAN FRANCISCO","SAN FRANCISCO",-122.42195892333984,37.742389678955078
9662943,2024,2024-03-19,3801,2024-01-24,1325,283,MISSI,3,5,7,3801,0,0,0,,0,0D4,"HAMPSHIRE ST","26TH ST",254.00,N,N,C,-,N,,,,,,,,,,Y,4,0,1,2,A,-,21,22106,,N,D,C,A,B,H,-,A,A,0,,,,,Y,,A,01,0,0,1,0,0,0,0,0,0,"- ","- ",,,"SAN FRANCISCO","SAN FRANCISCO",-122.40704345703125,37.750415802001953
9662944,2024,2024-03-19,3801,2024-01-21,1941,2398,NORTH,7,5,7,3801,0,0,0,,0,0E2,"LAGUNA ST","EDDY ST",0.00,,Y,C,-,N,,,,,,,,,,N,4,0,1,2,A,-,12,21453,A,N,D,C,A,B,H,-,C,A,0,,,Y,,Y,,C,03,0,0,1,0,0,0,0,0,1,"- ","- ",,,"SAN FRANCISCO","SAN FRANCISCO",-122.42739868164062,37.782062530517578
9662945,2024,2024-03-19,3801,2024-01-19,2256,1833,CENTR,5,5,7,3801,0,0,0,,0,3A14E,"COLUMBUS AV","UNION ST",0.00,,Y,C,-,N,,,,,,,,,,N,4,0,1,2,A,-,10,21950,A,N,G,B,B,B,H,-,C,A,0,Y,,,,Y,,A,01,0,0,1,0,1,0,0,0,0,SO,"- ",,,"SAN FRANCISCO","SAN FRANCISCO",-122.41017150878906,37.800304412841797
9662947,2024,2024-03-19,3801,2024-01-22,1339,1396,SOUTH,1,5,7,3801,0,0,0,,0,3B13A,"6TH ST","BRANNAN ST",0.00,,Y,A,-,N,,,,,,,,,,N,3,0,1,2,A,-,08,22107,,N,D,B,B,A,H,-,A,A,0,Y,,,,Y,,A,01,0,1,0,0,1,0,0,0,0,"- ","- ",,,"SAN FRANCISCO","SAN FRANCISCO",-122.40095520019531,37.774826049804688
9662948,2024,2024-03-19,3801,2024-01-28,"421 ",2749,TENDE,7,5,7,3801,0,0,0,,0,3J12E,"5TH ST","MARKET ST",0.00,,Y,A,-,N,,,,,,,,,,N,3,0,1,2,A,-,11,21456,A,N,G,B,D,A,H,-,C,A,0,Y,,,,Y,,N,60,0,1,0,0,1,0,0,0,0,"- ","- ",,,"SAN FRANCISCO","SAN FRANCISCO",-122.40805816650391,37.78399658203125
9664961,2024,2024-06-26,3801,2024-02-17,"200 ",2491,INGLE,6,5,7,3801,0,0,0,,0,3H15E,"OCEAN AV","LEE AV",0.00,,Y,-,-,N,,,,,,,,,,Y,4,0,1,2,A,-,08,22107,,F,A,C,A,A,H,-,C,A,0,,,Y,,Y,,-,99,0,0,1,0,0,0,0,0,1,"- ","- ",,,"SAN FRANCISCO","SAN FRANCISCO",-122.4541015625,37.723491668701172
9664962,2024,2024-04-18,3801,2024-02-16,1249,1967,NORTH,5,5,7,3801,0,0,0,,0,3E12A,"LAGUNA ST","GROVE ST",0.00,,Y,A,-,N,,,,,,,,,,Y,4,0,1,2,A,-,12,22450,A,F,D,C,A,A,H,-,A,A,0,,,,,Y,Y,A,01,0,0,1,0,0,0,0,0,0,"- ","- ",,,"SAN FRANCISCO","SAN FRANCISCO",-122.42645263671875,37.777408599853516
9664963,2024,2024-04-18,3801,2024-02-18,1900,4269,INGLE,7,5,7,3801,0,0,0,,0,3H11A,"CORTLAND AV","ELSIE ST",0.00,,Y,B,-,N,,,,,,,,,,N,4,0,1,2,A,-,10,21950,A,F,G,B,B,B,H,-,C,D,0,Y,,,,Y,Y,A,01,0,0,1,0,1,0,0,0,0,"- ","- ",,,"SAN FRANCISCO","SAN FRANCISCO",-122.41973876953125,37.739761352539062
9664964,2024,2024-06-24,3801,2024-02-17,"243 ",1463,SOUTH,6,5,7,3801,0,0,0,,0,0B4,"HARRISON ST","11TH ST",0.00,,Y,A,-,N,,,,,,,,,,Y,3,0,2,2,D,-,00,,,N,D,C,A,A,H,-,C,A,0,,,,,Y,,-,"- ",0,1,1,0,0,0,0,0,0,"- ","- ",,,"SAN FRANCISCO","SAN FRANCISCO",-122.41246795654297,37.770633697509766
9664965,2024,2024-04-19,3801,2024-02-17,"330 ",2231,SOUTH,6,5,7,3801,0,0,0,,0,3B12D,"12TH ST","KISSLING ST",0.00,,Y,A,-,N,,,,,,,,,,N,4,0,1,2,D,-,00,,,N,C,E,A,A,H,-,C,A,0,,,,,Y,,-,"- ",0,0,1,0,0,0,0,0,0,"- ","- ",,,"SAN FRANCISCO","SAN FRANCISCO",-122.41616821289062,37.771415710449219
9664966,2024,2024-04-22,3801,2024-02-16,1544,359,TARAV,5,5,7,3801,0,0,0,,0,312D,"41ST AV","PACHECO ST",260.00,S,N,A,-,N,,,,,,,,,,N,3,0,1,2,A,-,03,22350,,N,D,C,A,A,H,-,A,D,0,,,Y,,Y,,C,03,0,1,0,0,0,0,0,0,1,"- ","- ",,,"SAN FRANCISCO","SAN FRANCISCO",-122.49973297119141,37.748748779296875
9664967,2024,2024-12-02,3801,2024-02-16,1745,255,INGLE,5,5,7,3801,0,0,0,,0,3H14D,"MISSION ST","SILVER AV",0.00,,Y,A,-,N,,,,,,,,,,N,4,0,1,2,-,-,"- ",,A,N,D,G,A,A,H,-,A,A,0,,Y,,,Y,Y,A,01,0,0,1,0,0,0,1,0,0,"- ","- ",,,"SAN FRANCISCO","SAN FRANCISCO",-122.43128204345703,37.728736877441406
9664968,2024,2024-04-19,3801,2024-02-16,1645,964,NORTH,5,5,7,3801,0,0,0,,0,3E13D,"LARKIN ST","GROVE ST",0.00,,Y,A,-,N,,,,,,,,,,N,4,0,1,2,A,-,10,21950,A,N,G,B,B,A,H,-,A,A,0,Y,,,,Y,,A,01,0,0,1,0,1,0,0,0,0,"- ","- ",,,"SAN FRANCISCO","SAN FRANCISCO",-122.41658782958984,37.778659820556641
9664969,2024,2024-04-22,3801,2024-02-16,1000,1967,NORTH,5,5,7,3801,0,0,0,,0,3E12A,"WEBSTER ST","GEARY BL",0.00,,Y,A,-,N,,,,,,,,,,Y,4,0,1,2,A,-,08,22107,,N,D,C,A,A,H,-,A,A,0,,,Y,,Y,,A,01,0,0,1,0,0,0,0,0,1,"- ","- ",,,"SAN FRANCISCO","SAN FRANCISCO",-122.43130493164062,37.784725189208984
9664970,2024,2024-06-27,3801,2024-02-15,2500,1513,RICHM,4,5,7,3801,0,0,0,,0,3G13A,"GEARY BL","6TH AV",0.00,,Y,A,-,N,,,,,,,,,,N,4,0,1,2,A,-,11,21456,,N,A,B,B,-,H,-,A,A,0,Y,,,,Y,,N,60,0,0,1,0,1,0,0,0,0,"- ","- ",,,"SAN FRANCISCO","SAN FRANCISCO",-122.46429443359375,37.781089782714844
9664971,2024,2024-04-18,3801,2024-02-19,"845 ",1580,SOUTH,1,5,7,3801,0,0,0,,0,3B1A,"3RD ST","BERRY ST",0.00,,Y,C,-,N,,,,,,,,,,Y,2,0,2,2,A,-,03,22350,,N,-,B,E,B,G,-,A,A,0,Y,,,,Y,,A,01,1,0,1,0,1,0,0,0,0,"- ","- ",,,"SAN FRANCISCO","SAN FRANCISCO",-122.39110565185547,37.77752685546875
9664972,2024,2024-04-22,3801,2024-02-18,1641,246,TARAV,7,5,7,3801,0,0,0,,0,"6 CAR","SAGAMORE ST","CAPITOL AV",0.00,,Y,C,-,N,,,,,,,,,,Y,4,0,1,2,A,-,08,22107,,N,D,C,A,B,H,-,A,A,0,,,,,Y,,A,01,0,0,1,0,0,0,0,0,0,"- ","- ",,,"SAN FRANCISCO","SAN FRANCISCO",-122.45902252197266,37.711387634277344
9664973,2024,2024-04-19,3801,2024-02-18,"200 ",4103,MISSI,7,5,7,3801,0,0,0,,0,3D14E,"FOLSOM ST","21ST ST",0.00,,Y,A,-,N,,,,,,,,,,Y,4,0,1,3,A,-,12,21453,A,N,D,C,A,A,H,-,C,A,0,,,Y,,Y,,A,01,0,0,1,0,0,0,0,0,1,"- ","- ",,,"SAN FRANCISCO","SAN FRANCISCO",-122.41452026367188,37.757305145263672
9664974,2024,2024-05-10,3801,2024-02-17,2112,1871,INGLE,6,5,7,3801,0,0,0,,0,901,"RT 101","BAYSHORE BL",0.00,,Y,B,-,Y,SF,4,101,-,-,0.844,R,2,S,N,3,0,1,2,A,-,11,21954,A,N,G,B,E,B,H,-,C,D,0,Y,,,,Y,,N,60,0,1,0,0,1,0,0,0,0,"- ","- ",,,"SAN FRANCISCO","SAN FRANCISCO",-122.39992523193359,37.719749450683594
9664975,2024,2024-04-23,3801,2024-02-16,1535,1061,PARKE,5,5,7,3801,0,0,0,,0,3F60,"PARKER AV","TURK BL",0.00,,Y,A,-,N,,,,,,,,,,N,3,0,1,2,A,-,12,21453,A,N,D,C,A,A,H,-,A,A,0,,,,,Y,,-,,0,1,0,0,0,0,0,0,0,"- ","- ",,,"SAN FRANCISCO","SAN FRANCISCO",-122.45338439941406,37.777805328369141
9664976,2024,2024-04-19,3801,2024-02-14,"915 ",283,MISSI,3,5,7,3801,0,0,0,,0,0D6,"16TH ST","ALABAMA ST",0.00,,Y,A,-,N,,,,,,,,,,Y,4,0,1,3,A,-,03,22350,,N,-,C,A,A,H,-,A,A,0,,,Y,,Y,,A,01,0,0,1,0,0,0,0,0,1,"- ","- ",,,"SAN FRANCISCO","SAN FRANCISCO",-122.41239929199219,37.765495300292969
9664977,2024,2024-04-18,3801,2024-02-11,1800,1052,RICHM,7,5,7,3801,0,0,0,,0,3G15D,"JOHN F KENNEDY DR","TRANSVERSE DR",0.00,,Y,A,-,N,,,,,,,,,,N,3,0,1,2,A,-,08,22107,,M,D,-,A,A,H,-,B,D,0,,Y,,,Y,Y,L,04,0,1,0,0,0,0,1,0,0,"- ","- ",,,"SAN FRANCISCO","SAN FRANCISCO",-122.47991943359375,37.770488739013672
9664978,2024,2024-04-19,3801,2024-02-03,1350,1119,SOUTH,6,5,7,3801,0,0,0,,0,3B1,"FOLSOM ST","HAWTHORNE ST",0.00,,Y,A,-,N,,,,,,,,,,Y,4,0,2,2,A,-,12,21453,A,N,-,C,A,A,H,-,A,A,0,,,,,Y,,A,07,0,0,2,0,0,0,0,0,0,"- ","- ",,,"SAN FRANCISCO","SAN FRANCISCO",-122.39783477783203,37.784683227539062
9664979,2024,2024-04-18,3801,2024-02-01,"633 ",2126,CENTR,4,5,7,3801,0,0,0,,0,,"JONES ST","SACRAMENTO ST",0.00,,Y,C,-,N,,,,,,,,,,N,3,0,1,2,A,-,10,21950,A,N,G,B,B,B,H,-,C,A,0,Y,,,,Y,,A,01,0,1,0,0,1,0,0,0,0,"- ","- ",,,"SAN FRANCISCO","SAN FRANCISCO",-122.41429901123047,37.792350769042969
9664980,2024,2024-04-18,3801,2024-02-20,1632,2210,SOUTH,2,5,7,3801,0,0,0,,0,0B5,"BERRY ST","4TH ST",0.00,,Y,C,-,N,,,,,,,,,,N,4,0,1,2,A,-,10,21950,A,N,G,B,B,B,H,-,A,A,0,Y,,,,Y,,A,01,0,0,1,0,1,0,0,0,0,"- ","- ",,,"SAN FRANCISCO","SAN FRANCISCO",-122.39334106445312,37.775779724121094
9664982,2024,2024-04-12,3801,2024-02-18,2220,1750,NORTH,7,5,7,3801,0,0,0,,0,0E4,"BROADWAY ST","LAGUNA ST",0.00,,Y,C,-,N,,,,,,,,,,N,3,0,2,2,A,-,03,22350,,N,D,C,A,B,H,-,C,A,0,,,,,Y,,-,,0,1,1,0,0,0,0,0,0,"- ","- ",,,"SAN FRANCISCO","SAN FRANCISCO",-122.42997741699219,37.794887542724609
9664983,2024,2024-04-09,3801,2024-02-14,2226,96,CENTR,3,5,7,3801,0,0,0,,0,3A11E,"JONES ST","GEARY ST",0.00,,Y,B,C,N,,,,,,,,,,N,4,0,1,2,A,-,08,22107,,N,G,B,B,B,H,-,C,A,0,Y,,,,Y,,A,01,0,0,1,0,1,0,0,0,0,"- ","- ",,,"SAN FRANCISCO","SAN FRANCISCO",-122.41314697265625,37.786750793457031
9664984,2024,2024-04-09,3801,2024-02-21,"842 ",788,SOUTH,3,5,7,3801,0,0,0,,0,3B5A,"MARKET ST","GOUGH ST",0.00,,N,A,-,N,,,,,,,,,,N,4,0,1,2,A,-,08,22100,A,N,D,G,A,A,H,-,A,A,0,,Y,,,Y,,A,08,0,0,1,0,0,0,1,0,0,"- ","- ",,,"SAN FRANCISCO","SAN FRANCISCO",-122.42221069335938,37.772872924804688
9664985,2024,2024-04-09,3801,2024-02-21,"603 ",2180,BAYVI,3,5,7,3801,0,0,0,,0,3C14A,"SILVER AV","UNIVERSITY ST",0.00,,Y,A,-,N,,,,,,,,,,Y,4,0,1,2,A,-,12,22450,A,F,D,C,A,B,H,-,B,A,0,,,,,Y,Y,A,01,0,0,1,0,0,0,0,0,0,"- ","- ",,,"SAN FRANCISCO","SAN FRANCISCO",-122.41520690917969,37.729232788085938
9664986,2024,2024-06-28,3801,2024-02-21,1749,1039,MISSI,3,5,7,3801,0,0,0,,0,003,"MISSION ST","21ST ST",160.00,N,N,A,-,N,,,,,,,,,,N,4,0,1,2,A,-,08,22107,,N,B,C,A,A,H,-,C,D,0,,,,,Y,,-,"- ",0,0,1,0,0,0,0,0,0,"- ","- ",,,"SAN FRANCISCO","SAN FRANCISCO",-122.41895294189453,37.757457733154297
9664987,2024,2024-07-03,3801,2024-02-21,1719,1591,BAYVI,3,5,7,3801,0,0,0,,0,3C13D,"CESAR CHAVEZ ST","EVANS AV",40.00,E,N,A,-,N,,,,,,,,,,N,3,0,2,2,A,-,04,21703,,N,C,C,A,A,H,-,A,A,0,,,,,Y,,A,01,0,1,1,0,0,0,0,0,0,"- ","- ",,,"SAN FRANCISCO","SAN FRANCISCO",-122.39717864990234,37.749698638916016