CASE_ID,ACCIDENT_YEAR,PROC_DATE,JURIS,COLLISION_DATE,COLLISION_TIME,OFFICER_ID,REPORTING_DISTRICT,DAY_OF_WEEK,CHP_SHIFT,POPULATION,CNTY_CITY_LOC,SPECIAL_COND,BEAT_TYPE,CHP_BEAT_TYPE,CITY_DIVISION_LAPD,CHP_BEAT_CLASS,BEAT_NUMBER,PRIMARY_RD,SECONDARY_RD,DISTANCE,DIRECTION,INTERSECTION,WEATHER_1,WEATHER_2,STATE_HWY_IND,CALTRANS_COUNTY,CALTRANS_DISTRICT,STATE_ROUTE,ROUTE_SUFFIX,POSTMILE_PREFIX,POSTMILE,LOCATION_TYPE,RAMP_INTERSECTION,SIDE_OF_HWY,TOW_AWAY,COLLISION_SEVERITY,NUMBER_KILLED,NUMBER_INJURED,PARTY_COUNT,PRIMARY_COLL_FACTOR,PCF_CODE_OF_VIOL,PCF_VIOL_CATEGORY,PCF_VIOLATION,PCF_VIOL_SUBSECTION,HIT_AND_RUN,TYPE_OF_COLLISION,MVIW,PED_ACTION,ROAD_SURFACE,ROAD_COND_1,ROAD_COND_2,LIGHTING,CONTROL_DEVICE,CHP_ROAD_TYPE,PEDESTRIAN_ACCIDENT,BICYCLE_ACCIDENT,MOTORCYCLE_ACCIDENT,TRUCK_ACCIDENT,NOT_PRIVATE_PROPERTY,ALCOHOL_INVOLVED,STWD_VEHTYPE_AT_FAULT,CHP_VEHTYPE_AT_FAULT,COUNT_SEVERE_INJ,COUNT_VISIBLE_INJ,COUNT_COMPLAINT_PAIN,COUNT_PED_KILLED,COUNT_PED_INJURED,COUNT_BICYCLIST_KILLED,COUNT_BICYCLIST_INJURED,COUNT_MC_KILLED,COUNT_MC_INJURED,PRIMARY_RAMP,SECONDARY_RAMP,LATITUDE,LONGITUDE,COUNTY,CITY,POINT_X,POINT_Y
9664988,2024,2024-04-09,3801,2024-02-21,"900 ",812,BAYVI,3,5,7,3801,0,0,0,,0,,"JAMESTOWN AV","SALINAS AV",0.00,,Y,A,-,N,,,,,,,,,,N,4,0,1,2,A,-,08,22107,,N,D,C,A,A,H,-,A,D,0,,,Y,,Y,,A,01,0,0,1,0,0,0,0,0,1,"- ","- ",,,"SAN FRANCISCO","SAN FRANCISCO",-122.39833068847656,37.721141815185547
9664989,2024,2024-04-09,3801,2024-02-22,1723,2407,MISSI,4,5,7,3801,0,0,0,,0,3D14D,"MISSION ST","26TH ST",67.00,S,N,A,-,N,,,,,,,,,,Y,4,0,2,3,A,-,06,21750,A,N,A,C,A,A,H,-,A,A,0,,,,,Y,,A,01,0,0,2,0,0,0,0,0,0,"- ","- ",,,"SAN FRANCISCO","SAN FRANCISCO",-122.41812896728516,37.748874664306641
9664990,2024,2024-06-27,3801,2024-02-22,1300,1238,MISSI,4,5,7,3801,0,0,0,,0,3D13C,"16TH ST","HARRISON ST",0.00,,Y,A,-,N,,,,,,,,,,N,4,0,1,2,A,-,05,21651,B,N,D,C,A,A,H,-,A,A,0,,,,,Y,,M,94,0,0,1,0,0,0,0,0,0,"- ","- ",,,"SAN FRANCISCO","SAN FRANCISCO",-122.41314697265625,37.765449523925781
9664991,2024,2024-04-09,3801,2024-02-22,"917 ",863,PARK,4,5,7,3801,0,0,0,,0,,"KEZAR DR","JOHN F KENNEDY DR",0.00,,Y,A,-,N,,,,,,,,,,N,4,0,1,2,A,-,09,21802,A,N,B,G,A,A,H,-,A,D,0,,Y,,,Y,,L,04,0,0,1,0,0,0,1,0,0,"- ","- ",37.770851135253906,-122.45535278320312,"SAN FRANCISCO","SAN FRANCISCO",-122.45532989501953,37.770858764648438
9664992,2024,2024-04-09,3801,2024-02-21,1230,1892,BAYVI,3,5,7,3801,0,0,0,,0,3C13A,"EVANS AVE","MENDELL ST",300.00,W,N,A,-,N,,,,,,,,,,Y,4,0,1,1,A,-,03,22350,,N,A,I,A,A,H,-,A,A,0,,,,,Y,Y,A,01,0,0,1,0,0,0,0,0,0,"- ","- ",,,"SAN FRANCISCO","SAN FRANCISCO",-122.38561248779297,37.741321563720703
9664993,2024,2024-04-09,3801,2024-02-21,"910 ",1474,BAYVI,3,5,7,3801,0,0,0,,0,901,"KEITH ST","QUESADA AVE",0.00,,Y,A,-,N,,,,,,,,,,N,4,0,1,2,A,-,03,22350,,N,D,C,A,A,H,-,A,A,0,,,,,Y,,A,01,0,0,1,0,0,0,0,0,0,"- ","- ",,,"SAN FRANCISCO","SAN FRANCISCO",-122.38772583007812,37.731239318847656
9664994,2024,2024-04-10,3801,2024-02-17,1840,233,MISSI,6,5,7,3801,0,0,0,,0,03D,"MISSION ST","15TH STREET",135.00,S,N,C,-,N,,,,,,,,,,N,4,0,2,2,A,-,04,21703,,N,C,C,A,B,H,-,C,D,0,,,,,Y,,A,01,0,0,2,0,0,0,0,0,0,"- ","- ",,,"SAN FRANCISCO","SAN FRANCISCO",-122.41978454589844,37.766300201416016
9664995,2024,2024-07-09,3801,2024-02-16,1530,711,CENTR,5,5,7,3801,0,0,0,,0,3A40C,"JEFFERSON ST","JONES ST",0.00,,Y,A,-,N,,,,,,,,,,N,4,0,1,3,A,-,17,22517,,N,B,G,A,A,H,-,A,A,0,,Y,,,Y,,A,01,0,0,1,0,0,0,1,0,0,"- ","- ",,,"SAN FRANCISCO","SAN FRANCISCO",-122.41741943359375,37.808010101318359
9664996,2024,2024-04-10,3801,2024-02-14,1912,2091,NORTH,3,5,7,3801,0,0,0,,0,3E15D,"LOMBARD STREET","PIERCE ST",0.00,,Y,C,-,N,,,,,,,,,,N,4,0,1,2,A,-,10,21950,A,N,G,B,B,B,H,-,D,A,0,Y,,,,Y,,-,,0,0,1,0,1,0,0,0,0,"- ","- ",,,"SAN FRANCISCO","SAN FRANCISCO",-122.43933868408203,37.799423217773438
9664997,2024,2024-04-10,3801,2024-02-05,1546,1435,TRAFF,1,5,7,3801,0,0,0,,0,4B4C,"POST STREET","VAN NESS AVENUE",69.00,W,N,A,-,N,,,,,,,,,,N,3,0,1,2,A,-,11,21954,A,N,G,B,E,A,H,-,A,A,0,Y,,,,Y,,N,60,0,1,0,0,1,0,0,0,0,"- ","- ",,,"SAN FRANCISCO","SAN FRANCISCO",-122.42176818847656,37.786594390869141
9664998,2024,2024-07-26,3801,2024-02-26,"745 ",2020,SOUTH,1,5,7,3801,0,0,0,,0,3B71,"2ND ST","KING ST",0.00,,Y,A,-,N,,,,,,,,,,N,4,0,1,2,A,-,00,21967,,F,-,C,A,A,H,-,A,A,0,,,,,Y,,M,94,0,0,1,0,0,0,0,0,0,"- ","- ",,,"SAN FRANCISCO","SAN FRANCISCO",-122.38970184326172,37.779956817626953
9664999,2024,2024-04-15,3801,2024-02-25,1651,2118,SOUTH,7,5,7,3801,0,0,0,,0,3B12D,"BRANNAN ST","5TH ST",165.00,E,N,A,-,N,,,,,,,,,,N,3,0,1,1,A,-,16,24002,A,N,H,A,A,A,H,-,A,D,0,,,,,Y,,-,,0,1,0,0,0,0,0,0,0,"- ","- ",,,"SAN FRANCISCO","SAN FRANCISCO",-122.39835357666016,37.776889801025391
9665000,2024,2024-04-12,3801,2024-02-24,2258,2425,SOUTH,6,5,7,3801,0,0,0,,0,3B12E,"BEALE ST","FOLSOM ST",49.00,N,N,A,-,N,,,,,,,,,,Y,4,0,1,2,A,-,09,21801,A,N,H,C,A,A,H,-,C,A,0,,,,,Y,,A,01,0,0,1,0,0,0,0,0,0,"- ","- ",,,"SAN FRANCISCO","SAN FRANCISCO",-122.39284515380859,37.788803100585938
9665001,2024,2024-04-09,3801,2024-02-24,1708,1620,RICHM,6,5,7,3801,0,0,0,,0,,"PARK PRESIDIO BLVD","FULTON ST",29.00,S,N,A,-,N,,,,,,,,,,N,4,0,1,1,A,-,03,22350,,N,H,A,A,A,H,-,A,D,0,,,Y,,Y,,C,02,0,0,1,0,0,0,0,0,1,"- ","- ",,,"SAN FRANCISCO","SAN FRANCISCO",-122.47177886962891,37.773128509521484
9665002,2024,2024-04-12,3801,2024-02-24,1611,334,RICHM,6,5,7,3801,0,0,0,,0,0G3,"GEARY BLVD","ARGUELLO BL",0.00,,Y,A,-,N,,,,,,,,,,N,4,0,1,2,A,-,12,21453,A,N,D,C,A,A,H,-,A,A,0,,,,,Y,,M,94,0,0,1,0,0,0,0,0,0,"- ","- ",,,"SAN FRANCISCO","SAN FRANCISCO",-122.45887756347656,37.781333923339844
9665003,2024,2024-04-09,3801,2024-02-02,1445,2163,TENDE,5,5,7,3801,0,0,0,,0,3J94C,"LARKIN ST","FULTON ST",0.00,,Y,A,-,N,,,,,,,,,,N,4,0,1,2,A,-,00,20001,,F,A,A,B,A,H,-,A,A,0,Y,,,,Y,,A,01,0,0,1,0,1,0,0,0,0,"- ","- ",,,"SAN FRANCISCO","SAN FRANCISCO",-122.41675567626953,37.779586791992188
9665004,2024,2024-04-09,3801,2024-02-23,2500,1351,MISSI,5,5,7,3801,0,0,0,,0,3D16D,"FOLSOM ST","14TH ST",29.00,N,N,A,-,N,,,,,,,,,,Y,4,0,1,2,A,-,03,22350,,N,C,E,A,A,H,-,C,A,0,,,,,Y,,A,01,0,0,1,0,0,0,0,0,0,"- ","- ",,,"SAN FRANCISCO","SAN FRANCISCO",-122.41561889648438,37.768619537353516
9665005,2024,2024-04-09,3801,2024-02-23,1100,719,CENTR,5,5,7,3801,0,0,0,,0,3A14A,"COLUMBUS AV","JACKSON ST",132.00,S,N,B,-,N,,,,,,,,,,N,3,0,1,2,A,-,03,22350,,N,H,A,A,A,H,-,A,D,0,,Y,,,Y,,L,04,0,1,0,0,0,0,1,0,0,"- ","- ",,,"SAN FRANCISCO","SAN FRANCISCO",-122.404052734375,37.796047210693359
9665006,2024,2024-04-09,3801,2024-02-21,2117,246,TARVA,3,5,7,3801,0,0,0,,0,"1 CAR","JUDAH ST","17TH AVE",0.00,,Y,A,-,N,,,,,,,,,,Y,4,0,1,2,A,-,12,22450,A,N,D,C,A,A,H,-,C,A,0,,,,,Y,,A,01,0,0,1,0,0,0,0,0,0,"- ","- ",,,"SAN FRANCISCO","SAN FRANCISCO",-122.47483062744141,37.761848449707031
9665007,2024,2024-04-09,3801,2024-02-25,2216,2035,MISSI,7,5,7,3801,0,0,0,,0,3D15E,"17TH ST","MISSION ST",2.00,W,N,A,-,N,,,,,,,,,,N,3,0,1,1,A,-,03,22350,,N,H,I,A,A,H,-,C,D,0,,,,,Y,,M,94,0,1,0,0,0,0,0,0,0,"- ","- ",,,"SAN FRANCISCO","SAN FRANCISCO",-122.41950988769531,37.763420104980469
9665008,2024,2024-04-08,3801,2024-02-25,1800,1707,NORTH,7,5,7,3801,0,0,0,,0,3E13D,"VAN NESS AVE","DANIEL BURNHAM ST",0.00,,Y,A,-,N,,,,,,,,,,N,4,0,1,2,A,-,08,22107,,N,C,C,A,A,H,-,C,D,0,,,Y,,Y,,A,01,0,0,1,0,0,0,0,0,1,"- ","- ",,,"SAN FRANCISCO","SAN FRANCISCO",-122.42174530029297,37.787067413330078
9665009,2024,2024-04-09,3801,2024-02-24,1304,2195,NORTH,6,5,7,3801,0,0,0,,0,002,"EDDY ST","LAGUNA ST",0.00,,Y,A,-,N,,,,,,,,,,N,2,0,1,2,A,-,12,21453,A,F,D,J,A,A,H,-,A,A,0,,,,,Y,,M,94,1,0,0,0,0,0,0,0,0,"- ","- ",,,"SAN FRANCISCO","SAN FRANCISCO",-122.42739868164062,37.782062530517578
9665010,2024,2024-04-08,3801,2024-02-24,1100,1967,NORTH,6,5,7,3801,0,0,0,,0,3E12A,"GEARY BLVD","GEARY BLVD 1849",0.00,,N,A,-,N,,,,,,,,,,N,4,0,1,2,A,-,08,22107,,F,G,B,E,A,H,-,A,D,0,Y,,,,Y,Y,-,,0,0,1,0,1,0,0,0,0,"- ","- ",,,"SAN FRANCISCO","SAN FRANCISCO",-122.42139434814453,37.785690307617188
9665011,2024,2024-04-09,3801,2024-02-24,"128 ",1087,NORTH,6,5,7,3801,0,0,0,,0,,"OAK ST","SCOTT ST",16.00,E,N,A,-,N,,,,,,,,,,Y,2,0,1,3,A,-,03,22350,,N,F,E,A,A,H,-,C,A,0,,,,,Y,,A,07,1,0,0,0,0,0,0,0,0,"- ","- ",,,"SAN FRANCISCO","SAN FRANCISCO",-122.43571472167969,37.773338317871094
9665012,2024,2024-04-08,3801,2024-02-09,2220,4798,NORTH,5,5,7,3801,0,0,0,,0,3E00,"HAIGHT ST","BUCHANAN ST",0.00,,Y,B,-,N,,,,,,,,,,N,3,0,1,2,A,-,10,21950,,F,A,B,B,A,H,-,C,A,0,Y,,,,Y,,-,,0,1,0,0,1,0,0,0,0,"- ","- ",,,"SAN FRANCISCO","SAN FRANCISCO",-122.42716979980469,37.772533416748047
9665013,2024,2024-04-12,3801,2024-02-22,1140,1288,NORTH,4,5,7,3801,0,0,0,,0,3E15A,"BUCHANAN ST","UNION ST",0.00,,Y,A,-,N,,,,,,,,,,N,3,0,1,2,A,-,10,21950,A,N,G,B,B,A,H,-,A,A,0,Y,,,,Y,,A,01,0,1,0,0,1,0,0,0,0,"- ","- ",,,"SAN FRANCISCO","SAN FRANCISCO",-122.43220520019531,37.797508239746094
9665014,2024,2024-04-09,3801,2024-02-21,1759,1523,NORTH,3,5,7,3801,0,0,0,,0,3E14D,"PIERCE ST","JACKSON ST",18.00,N,N,B,-,N,,,,,,,,,,N,4,0,1,2,A,-,08,22107,,N,G,B,E,A,H,-,E,A,0,Y,,,,Y,,A,07,0,0,1,0,1,0,0,0,0,"- ","- ",,,"SAN FRANCISCO","SAN FRANCISCO",-122.43784332275391,37.792098999023438
9666520,2024,2024-03-14,3801,2024-01-18,2245,246,TARAV,4,5,7,3801,0,0,0,,0,006,"SAN JOSE AV","SAGAMORE ST",0.00,,Y,A,-,N,,,,,,,,,,Y,4,0,1,2,A,-,12,21453,A,F,D,C,A,A,H,-,C,A,0,,,,,Y,,A,01,0,0,1,0,0,0,0,0,0,"- ","- ",,,"SAN FRANCISCO","SAN FRANCISCO",-122.45581817626953,37.71124267578125
9666522,2024,2024-03-05,3801,2024-01-10,"851 ",2384,TARAV,3,5,7,3801,0,0,0,,0,3115A,"CAPITOL AV","THRIFT ST",0.00,,Y,B,-,N,,,,,,,,,,N,3,0,1,2,A,-,09,21801,A,N,D,C,A,B,H,-,A,A,0,,,,,Y,,A,01,0,1,0,0,0,0,0,0,0,"- ","- ",,,"SAN FRANCISCO","SAN FRANCISCO",-122.45908355712891,37.717441558837891
9666525,2024,2024-03-14,3801,2024-01-07,1602,CAUGUST,SOUTH,7,5,7,3801,0,0,0,,0,"3B 3","HOWARD ST","7TH ST",77.00,E,N,A,-,N,,,,,,,,,,N,4,0,1,2,A,-,08,22107,,N,H,G,A,A,H,-,A,A,0,,Y,,,Y,,A,01,0,0,1,0,0,0,1,0,0,"- ","- ",,,"SAN FRANCISCO","SAN FRANCISCO",-122.40921020507812,37.778125762939453
9666544,2024,2024-03-14,3801,2024-01-10,1324,4269,INGLE,3,5,7,3801,0,0,0,,0,3H15A,"OCEAN AV","SAN JOSE AV",0.00,,Y,B,-,N,,,,,,,,,,,4,0,2,2,A,-,08,22107,,N,A,C,A,B,H,-,A,A,0,,,,,Y,,A,01,0,0,2,0,0,0,0,0,0,"- ","- ",,,"SAN FRANCISCO","SAN FRANCISCO",-122.44480895996094,37.722934722900391
9666548,2024,2024-03-14,3801,2024-01-13,"402 ",2457,SOUTH,6,5,7,3801,0,0,0,,0,3B14E,"10TH ST","HOWARD ST",310.00,S,N,A,-,N,,,,,,,,,,N,3,0,1,2,A,-,03,22350,,N,B,E,A,A,H,-,C,D,0,,,,,Y,Y,M,94,0,1,0,0,0,0,0,0,0,"- ","- ",,,"SAN FRANCISCO","SAN FRANCISCO",-122.41360473632812,37.773433685302734
9666549,2024,2024-03-14,3801,2024-01-19,1813,A23187,CENTR,5,5,7,3801,0,0,0,,0,002,"CALIFORNIA ST","SANSOME ST",0.00,,Y,C,-,N,,,,,,,,,,N,4,0,1,2,A,-,11,21954,A,N,G,B,B,B,H,-,C,A,0,Y,,,,Y,Y,N,60,0,0,1,0,1,0,0,0,0,"- ","- ",,,"SAN FRANCISCO","SAN FRANCISCO",-122.40113830566406,37.793098449707031
9666552,2024,2024-03-15,3801,2024-01-17,1230,624,NORTH,3,5,7,3801,0,0,0,,0,002,"GEARY BL","WEBSTER ST",0.00,,Y,A,-,N,,,,,,,,,,N,4,0,1,2,A,-,08,22107,,N,-,-,A,A,H,-,A,A,0,,,Y,,Y,,A,01,0,0,1,0,0,0,0,0,1,"- ","- ",,,"SAN FRANCISCO","SAN FRANCISCO",-122.43130493164062,37.784725189208984
9666556,2024,2024-03-14,3801,2024-01-23,"700 ",640,MISSI,2,5,7,3801,0,0,0,,0,3D1A,"GUERRERO ST","16TH ST",0.00,,Y,A,-,N,,,,,,,,,,N,2,0,1,2,A,-,12,21453,A,N,D,C,A,A,H,-,B,A,0,,,,,Y,,-,,1,0,0,0,0,0,0,0,0,"- ","- ",,,"SAN FRANCISCO","SAN FRANCISCO",-122.42410278320312,37.764781951904297
9666557,2024,2024-03-14,3801,2024-01-10,2243,1902,MISSI,3,5,7,3801,0,0,0,,0,3D16E,"SOUTH VAN NESS AV","14TH ST",0.00,,Y,A,-,N,,,,,,,,,,Y,4,0,1,2,A,-,03,22350,,N,F,C,A,B,H,-,C,A,0,,,,,Y,,A,01,0,0,1,0,0,0,0,0,0,"- ","- ",,,"SAN FRANCISCO","SAN FRANCISCO",-122.41780090332031,37.768417358398438
9666560,2024,2024-03-18,3801,2024-01-22,1330,4267,TARAV,1,5,7,3801,0,0,0,,0,3115A,"21ST AV","RIVERA ST",0.00,,Y,B,-,N,,,,,,,,,,N,4,0,1,2,A,-,12,22450,A,N,D,C,A,A,H,-,A,A,0,,,,,Y,,A,01,0,0,1,0,0,0,0,0,0,"- ","- ",,,"SAN FRANCISCO","SAN FRANCISCO",-122.47810363769531,37.746665954589844
9666714,2024,2024-03-26,3801,2024-01-14,1909,2400,BAYVI,7,5,7,3801,0,0,0,,0,2CAR,"JERROLD AV","BARNEVELD AV",0.00,,Y,A,-,N,,,,,,,,,,N,3,0,1,2,A,-,09,21800,A,N,D,G,A,A,H,-,C,A,0,,Y,,,Y,,L,04,0,1,0,0,0,0,1,0,0,"- ","- ",,,"SAN FRANCISCO","SAN FRANCISCO",-122.40267944335938,37.746349334716797
9666715,2024,2024-03-26,3801,2024-01-10,1112,937,BAYVI,3,5,7,3801,0,0,0,,0,3C15A,"LANE ST","VAN DYKE AV",35.00,S,N,B,-,N,,,,,,,,,,N,4,0,1,2,A,-,21,22106,,N,G,B,F,A,H,-,A,D,0,Y,,,,Y,,D,22,0,0,1,0,1,0,0,0,0,"- ","- ",,,"SAN FRANCISCO","SAN FRANCISCO",-122.39250183105469,37.729061126708984
9666716,2024,2024-03-26,3801,2024-01-13,1225,359,TARAV,6,5,7,3801,0,0,0,,0,3I61,"WEST PORTAL AV","14TH AV",0.00,,Y,B,C,N,,,,,,,,,,N,4,0,1,2,A,-,10,21950,A,F,G,B,B,B,H,-,A,A,0,Y,,,,Y,,D,22,0,0,1,0,1,0,0,0,0,"- ","- ",,,"SAN FRANCISCO","SAN FRANCISCO",-122.46907043457031,37.737972259521484
9667082,2024,2024-03-02,3801,2024-01-14,1951,1858,,7,5,7,3801,0,0,0,,0,,SILVER,"SAN BRUNO AV",0.00,,Y,A,-,N,,,,,,,,,,N,3,0,1,2,A,-,11,21453,D,F,G,B,B,A,H,-,C,-,0,Y,,,,Y,,N,60,0,1,0,0,1,0,0,0,0,"- ","- ",,,"SAN FRANCISCO","SAN FRANCISCO",-122.40561676025391,37.732444763183594
9667140,2024,2024-03-25,3801,2024-01-04,1724,3J11D,TENDE,4,5,7,3801,0,0,0,,0,,"EDDY ST","LARKIN ST",2.00,E,N,A,-,N,,,,,,,,,,N,3,0,1,1,A,-,03,22350,,N,H,A,A,A,H,-,A,A,0,,,,,Y,,M,94,0,1,0,0,0,0,0,0,0,"- ","- ",,,"SAN FRANCISCO","SAN FRANCISCO",-122.41751098632812,37.783302307128906
9667175,2023,2024-02-21,3801,2023-12-17,1824,1994,TRAFF,7,5,7,3801,0,0,0,,0,4B3C,"SLOAT BL","19TH AV",0.00,,Y,C,-,N,,,,,,,,,,Y,2,0,1,2,A,-,09,21801,A,N,A,C,A,B,H,-,C,A,0,,,Y,,Y,,C,03,1,0,0,0,0,0,0,0,1,"- ","- ",,,"SAN FRANCISCO","SAN FRANCISCO",-122.47511291503906,37.734561920166016
9667180,2023,2024-03-30,3801,2023-12-26,1808,34,TRAFF,2,5,7,3801,0,0,0,,0,4B4A,MCALLISTER,"LARKIN ST",0.00,,Y,A,-,N,,,,,,,,,,Y,3,0,4,2,A,-,12,21453,A,F,A,C,A,A,H,-,C,A,0,,,,,Y,,A,07,0,3,1,0,0,0,0,0,0,"- ","- ",,,"SAN FRANCISCO","SAN FRANCISCO",-122.41693878173828,37.780498504638672
9667255,2023,2024-02-20,3801,2023-12-27,1444,4119,TRAFF,3,5,7,3801,0,0,0,,0,4B103,"OSHAUGHNESSY BL","DEL VALE AV",518.00,S,N,C,-,N,,,,,,,,,,Y,4,0,2,1,A,-,03,22350,,N,E,A,A,B,G,-,A,D,0,,,,,Y,Y,A,01,0,0,2,0,0,0,0,0,0,"- ","- ",,,"SAN FRANCISCO","SAN FRANCISCO",-122.44435882568359,37.7406005859375
9667351,2024,2024-02-29,3801,2024-01-08,1225,524,INGLE,1,5,7,3801,0,0,0,,0,3H5A,"MISSION ST","LEO ST",0.00,,Y,A,-,N,,,,,,,,,,N,4,0,2,2,A,-,03,22350,,N,C,C,A,A,H,-,A,D,0,,,,,Y,,A,01,0,0,2,0,0,0,0,0,0,"- ","- ",,,"SAN FRANCISCO","SAN FRANCISCO",-122.43650817871094,37.722457885742188
9667354,2024,2024-02-29,3801,2024-01-08,1135,1372,INGLE,1,5,7,3801,0,0,0,,0,3H11A,"APPLETON AV","MISSION ST",6.00,E,N,A,-,N,,,,,,,,,,N,3,0,2,2,A,-,11,21453,D,N,B,B,B,A,H,-,A,A,0,Y,Y,,,Y,,N,60,0,1,1,0,1,0,1,0,0,"- ","- ",,,"SAN FRANCISCO","SAN FRANCISCO",-122.42393493652344,37.738861083984375
9668043,2024,2024-07-03,3801,2024-02-03,"110 ",2157,RICHM,6,5,7,3801,0,0,0,,0,3G15,"CLEMENT ST","35TH AV",70.00,W,N,A,-,N,,,,,,,,,,Y,3,0,1,2,A,-,01,23152,A,N,D,E,A,A,H,-,C,D,0,,,,,Y,Y,A,01,0,1,0,0,0,0,0,0,0,"- ","- ",,,"SAN FRANCISCO","SAN FRANCISCO",-122.49581909179688,37.781501770019531
9668044,2024,2024-07-03,3801,2024-02-06,"922 ",1243,PARK,2,5,7,3801,0,0,0,,0,3F3A,"OAK ST","OAK ST 1555",0.00,,N,A,-,N,,,,,,,,,,Y,3,0,3,2,A,-,03,22350,,N,C,E,A,A,H,-,A,D,0,,,,Y,Y,,A,01,0,1,2,0,0,0,0,0,0,"- ","- ",,,"SAN FRANCISCO","SAN FRANCISCO",-120.99024963378906,40.302703857421875
9668427,2024,2024-04-26,3801,2024-02-05,1404,2139,TARAV,1,5,7,3801,0,0,0,,0,901,"VICENTE ST","25TH AV",40.00,E,N,C,-,N,,,,,,,,,,N,3,0,3,2,A,-,04,21703,,N,C,C,A,B,H,-,-,A,0,,,,,Y,,A,07,0,1,2,0,0,0,0,0,0,"- ","- ",,,"SAN FRANCISCO","SAN FRANCISCO",-122.48171997070312,37.739036560058594
9668428,2024,2024-04-26,3801,2024-02-05,1800,2139,TARAV,1,5,7,3801,0,0,0,,0,901,"LINCOLN WY","28TH AV",0.00,,Y,B,-,N,,,,,,,,,,N,4,0,2,2,A,-,04,21703,,F,C,C,A,B,H,-,C,A,0,,,Y,,Y,,A,07,0,0,2,0,0,0,0,0,2,"- ","- ",,,"SAN FRANCISCO","SAN FRANCISCO",-122.48688507080078,37.765026092529297
9668429,2024,2024-04-26,3801,2024-02-06,"527 ",1182,CENTR,2,5,7,3801,0,0,0,,0,3A11E,"POST ST","TAYLOR ST",25.00,,N,-,-,N,,,,,,,,,,N,4,0,1,2,A,-,11,21950,B,N,G,B,E,A,H,-,C,A,0,Y,,,,Y,,N,60,0,0,1,0,1,0,0,0,0,"- ","- ",,,"SAN FRANCISCO","SAN FRANCISCO",-122.41169738769531,37.787860870361328
9668430,2024,2024-04-26,3801,2024-02-06,"752 ",1580,SOUTH,2,5,7,3801,0,0,0,,0,3B12A,"MISSION ST","5TH ST",0.00,,N,-,-,N,,,,,,,,,,N,4,0,1,2,A,-,09,21804,A,N,C,C,A,A,H,-,A,D,0,,,Y,,Y,,A,01,0,0,1,0,0,0,0,0,1,"- ","- ",,,"SAN FRANCISCO","SAN FRANCISCO",-122.40648651123047,37.782737731933594
9668431,2024,2024-04-26,3801,2024-02-06,1840,1740,CENTR,2,5,7,3801,0,0,0,,0,3A13D,"BAY ST","HYDE ST",0.00,,N,A,-,N,,,,,,,,,,Y,3,0,1,3,A,-,07,21658,A,M,D,E,A,A,H,-,C,D,0,,,,,Y,,A,01,0,1,0,0,0,0,0,0,0,"- ","- ",,,"SAN FRANCISCO","SAN FRANCISCO",-122.42015838623047,37.804786682128906
9668432,2024,2024-04-26,3801,2024-02-06,2021,1297,PARK,2,5,7,3801,0,0,0,,0,3F13D,"OAK ST","STANYAN ST",0.00,,Y,A,-,N,,,,,,,,,,N,3,0,1,2,A,-,09,21801,A,M,A,C,A,A,H,-,C,A,0,,,Y,,Y,,A,01,0,1,0,0,0,0,0,0,1,"- ","- ",,,"SAN FRANCISCO","SAN FRANCISCO",-122.45395660400391,37.771354675292969
9668448,2024,2024-04-26,3801,2024-02-05,2359,0720,TARAV,1,5,7,3801,0,0,0,,0,3I13A,"SUNSET BL","VICENTE ST",0.00,,Y,B,-,N,,,,,,,,,,N,2,0,1,2,A,-,09,21800,D,N,D,C,A,B,H,-,A,B,0,,,,,Y,,A,01,1,0,0,0,0,0,0,0,0,"- ","- ",,,"SAN FRANCISCO","SAN FRANCISCO",-122.49427032470703,37.738502502441406
9668449,2024,2024-05-01,3801,2024-02-11,2225,4046,INGLE,7,5,7,3801,0,0,0,,0,3H16E,"MISSION ST","RICHLAND AV",64.00,N,N,A,-,N,,,,,,,,,,Y,3,0,2,2,A,-,"- ",,,N,D,B,D,-,H,-,C,D,0,Y,,Y,,Y,Y,N,60,0,1,1,0,1,0,0,0,1,"- ","- ",,,"SAN FRANCISCO","SAN FRANCISCO",-122.42443084716797,37.736110687255859
9668450,2024,2024-05-08,3801,2024-02-05,"403 ",141,INGLE,1,5,7,3801,0,0,0,,0,3H1E,"THERESA ST","ALEMANY BL",0.00,,Y,C,G,N,,,,,,,,,,N,4,0,1,2,A,-,09,21800,D,F,D,D,A,B,H,-,E,B,0,,,,,Y,,-,99,0,0,1,0,0,0,0,0,0,"- ","- ",,,"SAN FRANCISCO","SAN FRANCISCO",-122.43453216552734,37.728790283203125
9668451,2024,2024-05-01,3801,2024-02-05,1446,2088,INGLE,1,5,7,3801,0,0,0,,0,3H43,"PORTOLA DR","EVELYN WY",0.00,,Y,A,-,N,,,,,,,,,,Y,4,0,2,3,A,-,07,21658,A,N,D,E,A,A,H,-,A,D,0,,,,,Y,Y,A,01,0,0,2,0,0,0,0,0,0,"- ","- ",,,"SAN FRANCISCO","SAN FRANCISCO",-122.45427703857422,37.744037628173828
9668452,2024,2024-05-08,3801,2024-02-06,1657,746,INGLE,2,5,7,3801,0,0,0,,0,3H3D,"ALEMANY BL","FOLSOM ST",0.00,,Y,A,-,N,,,,,,,,,,N,3,0,2,3,A,-,05,21650,1,N,A,J,A,A,H,-,A,D,0,,Y,,,Y,,L,04,0,1,1,0,0,0,1,0,0,"- ","- ",,,"SAN FRANCISCO","SAN FRANCISCO",-122.41382598876953,37.733329772949219