CASE_ID,ACCIDENT_YEAR,PROC_DATE,JURIS,COLLISION_DATE,COLLISION_TIME,OFFICER_ID,REPORTING_DISTRICT,DAY_OF_WEEK,CHP_SHIFT,POPULATION,CNTY_CITY_LOC,SPECIAL_COND,BEAT_TYPE,CHP_BEAT_TYPE,CITY_DIVISION_LAPD,CHP_BEAT_CLASS,BEAT_NUMBER,PRIMARY_RD,SECONDARY_RD,DISTANCE,DIRECTION,INTERSECTION,WEATHER_1,WEATHER_2,STATE_HWY_IND,CALTRANS_COUNTY,CALTRANS_DISTRICT,STATE_ROUTE,ROUTE_SUFFIX,POSTMILE_PREFIX,POSTMILE,LOCATION_TYPE,RAMP_INTERSECTION,SIDE_OF_HWY,TOW_AWAY,COLLISION_SEVERITY,NUMBER_KILLED,NUMBER_INJURED,PARTY_COUNT,PRIMARY_COLL_FACTOR,PCF_CODE_OF_VIOL,PCF_VIOL_CATEGORY,PCF_VIOLATION,PCF_VIOL_SUBSECTION,HIT_AND_RUN,TYPE_OF_COLLISION,MVIW,PED_ACTION,ROAD_SURFACE,ROAD_COND_1,ROAD_COND_2,LIGHTING,CONTROL_DEVICE,CHP_ROAD_TYPE,PEDESTRIAN_ACCIDENT,BICYCLE_ACCIDENT,MOTORCYCLE_ACCIDENT,TRUCK_ACCIDENT,NOT_PRIVATE_PROPERTY,ALCOHOL_INVOLVED,STWD_VEHTYPE_AT_FAULT,CHP_VEHTYPE_AT_FAULT,COUNT_SEVERE_INJ,COUNT_VISIBLE_INJ,COUNT_COMPLAINT_PAIN,COUNT_PED_KILLED,COUNT_PED_INJURED,COUNT_BICYCLIST_KILLED,COUNT_BICYCLIST_INJURED,COUNT_MC_KILLED,COUNT_MC_INJURED,PRIMARY_RAMP,SECONDARY_RAMP,LATITUDE,LONGITUDE,COUNTY,CITY,POINT_X,POINT_Y
9668453,2024,2024-05-01,3801,2024-02-08,"832 ",2124,MISSI,4,5,7,3801,0,0,0,,0,3D13A,"HARRISON ST","23RD ST",0.00,,Y,A,-,N,,,,,,,,,,N,3,0,1,2,A,-,09,21800,A,N,D,G,A,A,H,-,A,D,0,,Y,,,Y,,A,01,0,1,0,0,0,0,1,0,0,"- ","- ",,,"SAN FRANCISCO","SAN FRANCISCO",-122.41210174560547,37.754245758056641
9668454,2024,2024-05-01,3801,2024-02-08,1829,1620,RICHM,4,5,7,3801,0,0,0,,0,,"FULTON ST","7TH AV",112.00,W,N,A,-,N,,,,,,,,,,,2,0,1,1,D,-,00,,,N,H,A,A,A,H,-,C,D,0,,,Y,,Y,Y,-,"- ",1,0,0,0,0,0,0,0,1,"- ","- ",,,"SAN FRANCISCO","SAN FRANCISCO",-122.46521759033203,37.773448944091797
9668455,2024,2024-09-25,3801,2024-02-08,2150,1463,SOUTH,4,5,7,3801,0,0,0,,0,0B4,"SOUTH VAN NESS AV","MARKET ST",0.00,,Y,A,-,N,,,,,,,,,,N,3,0,1,2,A,-,03,22350,,F,C,C,A,A,H,-,C,A,0,,,Y,,Y,,A,01,0,1,0,0,0,0,0,0,1,"- ","- ",,,"SAN FRANCISCO","SAN FRANCISCO",-122.41925811767578,37.775169372558594
9668456,2024,2024-05-01,3801,2024-02-09,1211,1145,SOUTH,5,5,7,3801,0,0,0,,0,3B90,"16TH ST","CONNECTICUT ST",36.00,E,N,A,-,N,,,,,,,,,,N,4,0,1,2,A,-,17,22517,,N,B,E,A,A,H,-,A,A,0,,,,,Y,,A,01,0,0,1,0,0,0,0,0,0,"- ","- ",,,"SAN FRANCISCO","SAN FRANCISCO",-122.39771270751953,37.766387939453125
9668458,2024,2024-05-08,3801,2024-02-10,1047,2202,INGLE,6,5,7,3801,0,0,0,,0,3H13A,"FOOTE AV","MISSION ST",20.00,W,N,A,-,N,,,,,,,,,,N,4,0,1,2,A,-,03,22350,,F,A,C,A,A,H,-,A,D,0,,,,,Y,Y,A,07,0,0,1,0,0,0,0,0,0,"- ","- ",,,"SAN FRANCISCO","SAN FRANCISCO",-122.44481658935547,37.712677001953125
9668459,2024,2024-05-01,3801,2024-02-10,1523,1806,BAYVI,6,5,7,3801,0,0,0,,0,3C14D,"SILVER AV","BRUSSELS ST",0.00,,Y,A,-,N,,,,,,,,,,N,4,0,1,2,A,-,05,21752,D,F,B,C,A,A,H,-,A,D,0,,,,,Y,,A,07,0,0,1,0,0,0,0,0,0,"- ","- ",,,"SAN FRANCISCO","SAN FRANCISCO",-122.40755462646484,37.731868743896484
9668460,2024,2024-05-01,3801,2024-02-11,2225,1803,RICHM,7,5,7,3801,0,0,0,,0,3G14E,"FULTON ST","21ST AV",0.00,,Y,A,-,N,,,,,,,,,,Y,4,0,2,2,A,-,01,23153,A,N,C,C,A,A,H,-,C,A,0,,,,,Y,Y,A,01,0,0,2,0,0,0,0,0,0,"- ","- ",,,"SAN FRANCISCO","SAN FRANCISCO",-122.47991180419922,37.772747039794922
9668461,2024,2024-05-01,3801,2024-02-11,2323,1688,BAYVI,7,5,7,3801,0,0,0,,0,3C15E,"PALOU AV","PHELPS ST",0.00,,Y,A,-,N,,,,,,,,,,N,4,0,1,2,A,-,10,21950,,N,A,B,B,A,H,-,C,D,0,Y,,,,Y,,A,01,0,0,1,0,1,0,0,0,0,"- ","- ",,,"SAN FRANCISCO","SAN FRANCISCO",-122.39464569091797,37.736099243164062
9668462,2024,2024-05-01,3801,2024-02-06,1447,2744,SOUTH,2,5,7,3801,0,0,0,,0,0B5,"17TH ST","MISSISSIPPI ST",0.00,,Y,A,-,N,,,,,,,,,,N,3,0,1,2,A,-,09,21800,A,N,D,G,A,A,H,-,A,A,0,,Y,,,Y,,A,01,0,1,0,0,0,0,1,0,0,"- ","- ",,,"SAN FRANCISCO","SAN FRANCISCO",-122.39485168457031,37.765243530273438
9668463,2024,2024-05-01,3801,2024-02-06,2026,1184,MISSI,2,5,7,3801,0,0,0,,0,3D14D,"MARKET ST","DOLORES ST",103.00,S,N,A,-,N,,,,,,,,,,Y,4,0,1,1,A,-,07,21658,A,N,A,I,A,A,H,-,C,D,0,,,,,Y,,A,01,0,0,1,0,0,0,0,0,0,"- ","- ",,,"SAN FRANCISCO","SAN FRANCISCO",-122.42716217041016,37.769001007080078
9668464,2024,2024-05-01,3801,2024-02-07,"608 ",899,NORTH,3,5,7,3801,0,0,0,,0,3E16A,"GOUGH ST","GREENWICH ST",0.00,,Y,A,-,N,,,,,,,,,,N,3,0,2,3,A,-,12,22450,A,N,G,B,B,A,H,-,C,A,0,Y,,,,Y,,A,01,0,1,1,0,2,0,0,0,0,"- ","- ",,,"SAN FRANCISCO","SAN FRANCISCO",-122.42763519287109,37.800010681152344
9668465,2024,2024-05-01,3801,2024-02-08,1257,1605,NORTH,4,5,7,3801,0,0,0,,0,3E6A,"FRANKLIN ST","UNION ST",85.00,N,N,A,-,N,,,,,,,,,,Y,4,0,2,2,A,-,04,21703,,N,C,C,A,A,H,-,A,A,0,,,,,Y,,A,08,0,0,2,0,0,0,0,0,0,"- ","- ",,,"SAN FRANCISCO","SAN FRANCISCO",-122.42566680908203,37.798568725585938
9668466,2024,2024-05-01,3801,2024-02-08,1403,359,TARAV,4,5,7,3801,0,0,0,,0,315B,"FONT BL","JUNIPERO SERRA BL",25.00,W,N,A,-,N,,,,,,,,,,N,4,0,1,2,A,-,04,21703,,N,C,C,A,A,H,-,A,A,0,,,,,Y,,A,01,0,0,1,0,0,0,0,0,0,"- ","- ",,,"SAN FRANCISCO","SAN FRANCISCO",-122.47186279296875,37.714420318603516
9668467,2024,2024-05-01,3801,2024-02-08,1545,1374,TARAV,4,5,7,3801,0,0,0,,0,3116D,"CAPITOL AV","BROAD ST",111.00,S,N,A,-,N,,,,,,,,,,N,4,0,1,2,A,-,09,21801,A,N,D,C,A,A,H,-,A,D,0,,,,,Y,,A,01,0,0,1,0,0,0,0,0,0,"- ","- ",,,"SAN FRANCISCO","SAN FRANCISCO",-122.45903778076172,37.712886810302734
9668468,2024,2024-08-28,3801,2024-02-08,2320,4040,CENTR,4,5,7,3801,0,0,0,,0,3A13A,"BAY ST","MASON ST",0.00,,Y,A,-,N,,,,,,,,,,N,3,0,1,2,A,-,04,21703,,N,C,G,A,A,H,-,C,A,0,,Y,,,Y,,-,"- ",0,1,0,0,0,0,1,0,0,"- ","- ",,,"SAN FRANCISCO","SAN FRANCISCO",-122.41358947753906,37.805633544921875
9668474,2024,2024-06-03,3801,2024-02-11,2200,4118,PARK,7,5,7,3801,0,0,0,,0,0F3,"FELL ST","MASONIC AV",68.00,W,N,A,-,N,,,,,,,,,,N,4,0,1,2,A,-,03,22350,,N,C,C,A,A,H,-,C,A,0,,,Y,,Y,,A,01,0,0,1,0,0,0,0,0,1,"- ","- ",,,"SAN FRANCISCO","SAN FRANCISCO",-122.44615173339844,37.772956848144531
9668504,2024,2024-03-19,3801,2024-01-29,1923,364,SOUTH,1,5,7,3801,0,0,0,,0,3B14D,"9TH ST","MINNA ST",0.00,,Y,A,-,N,,,,,,,,,,N,4,0,1,2,A,-,07,21658,A,N,D,G,A,A,H,-,C,D,0,,Y,,,Y,,L,04,0,0,1,0,0,0,1,0,0,"- ","- ",,,"SAN FRANCISCO","SAN FRANCISCO",-122.41416931152344,37.775798797607422
9668505,2024,2024-03-19,3801,2024-01-21,1828,4084,TRAFF,7,5,7,3801,0,0,0,,0,4B104,"SUNSET BL","OCEAN AV",4.00,N,N,C,-,N,,,,,,,,,,N,3,0,1,2,A,-,11,21456,B,N,-,-,B,B,H,-,C,A,0,Y,,,,Y,,N,60,0,1,0,0,1,0,0,0,0,"- ","- ",,,"SAN FRANCISCO","SAN FRANCISCO",-122.49381256103516,37.731910705566406
9668506,2024,2024-03-19,3801,2024-01-12,1532,274,MISSI,5,5,7,3801,0,0,0,,0,3D16D,"22ND ST","SAN BRUNO AV",0.00,,Y,A,-,N,,,,,,,,,,N,4,0,1,4,A,-,08,22107,,N,A,B,E,A,-,-,A,D,0,Y,,,,Y,,A,01,0,0,1,0,1,0,0,0,0,"- ","- ",,,"SAN FRANCISCO","SAN FRANCISCO",-122.40475463867188,37.756942749023438
9668508,2024,2024-03-19,3801,2024-01-06,1320,4259,RICHM,6,5,7,3801,0,0,0,,0,3G4A,"BALBOA ST","20TH AV",0.00,,Y,C,-,N,,,,,,,,,,Y,3,0,1,3,A,-,12,22450,,N,D,C,A,B,H,-,A,A,0,,,Y,,Y,,C,03,0,1,0,0,0,0,0,0,1,"- ","- ",,,"SAN FRANCISCO","SAN FRANCISCO",-122.4791259765625,37.776538848876953
9668509,2024,2024-03-19,3801,2024-01-05,"434 ",2489,SOUTH,5,5,7,3801,0,0,0,,0,3B13E,"2ND ST","BRYANT ST",0.00,,Y,A,-,N,,,,,,,,,,,4,0,1,1,C,-,18,,,N,F,-,A,A,H,-,C,D,0,,,Y,,Y,,-,"- ",0,0,1,0,0,0,0,0,1,"- ","- ",,,"SAN FRANCISCO","SAN FRANCISCO",-122.39363098144531,37.7830810546875
9670561,2024,2024-03-15,3801,2024-01-19,1905,1246,BAYVI,5,5,7,3801,0,0,0,,0,,"3RD ST","LA SALLE AV",0.00,,Y,A,-,N,,,,,,,,,,Y,4,0,2,2,A,-,01,23153,A,N,F,C,A,B,H,-,C,A,0,,,,,Y,Y,A,01,0,0,2,0,0,0,0,0,0,"- ","- ",,,"SAN FRANCISCO","SAN FRANCISCO",-122.38993835449219,37.737216949462891
9670562,2024,2024-03-14,3801,2024-01-19,1853,1741,TARAV,5,5,7,3801,0,0,0,,0,901,"LINCOLN WY","12TH AV",13.00,W,N,A,-,N,,,,,,,,,,N,4,0,1,2,A,-,04,21703,,F,C,C,A,B,-,-,C,D,0,,,,,Y,,A,01,0,0,1,0,0,0,0,0,0,"- ","- ",,,"SAN FRANCISCO","SAN FRANCISCO",-122.46971130371094,37.765777587890625
9670563,2024,2024-03-14,3801,2024-01-19,2006,1605,NORTH,5,5,7,3801,0,0,0,,0,3E13D,"TURK ST","FRANKLIN ST",171.00,E,N,C,-,N,,,,,,,,,,Y,3,0,1,3,A,-,01,23152,F,N,B,E,A,B,-,-,C,D,0,,,,,Y,,A,08,0,1,0,0,0,0,0,0,0,"- ","- ",,,"SAN FRANCISCO","SAN FRANCISCO",-122.42166900634766,37.781803131103516
9670564,2024,2024-03-14,3801,2024-01-19,2224,2035,MISSI,5,5,7,3801,0,0,0,,0,3D13E,"MISSION ST","21ST ST",80.00,S,N,C,-,N,,,,,,,,,,Y,4,0,1,2,A,-,09,21804,A,N,B,C,A,B,H,-,C,D,0,,,,,Y,,A,01,0,0,1,0,0,0,0,0,0,"- ","- ",,,"SAN FRANCISCO","SAN FRANCISCO",-122.41889953613281,37.756801605224609
9670565,2024,2024-03-14,3801,2024-01-19,2305,2307,NORTH,5,5,7,3801,0,0,0,,0,3E13E,"BUSH ST","FRANKLIN ST",0.00,,Y,C,-,N,,,,,,,,,,N,4,0,3,2,A,-,04,21703,,N,-,C,A,B,H,-,C,A,0,,,,,Y,,A,01,0,0,3,0,0,0,0,0,0,"- ","- ",,,"SAN FRANCISCO","SAN FRANCISCO",-122.42357635498047,37.788280487060547
9670566,2024,2024-03-14,3801,2024-01-20,1327,1653,INGLE,6,5,7,3801,0,0,0,,0,3H11A,"ALEMANY BL","CONGDON ST",0.00,,Y,B,C,N,,,,,,,,,,Y,4,0,1,2,A,-,09,21801,A,F,D,C,A,B,H,-,A,A,0,,,,,Y,,-,,0,0,1,0,0,0,0,0,0,"- ","- ",,,"SAN FRANCISCO","SAN FRANCISCO",-122.42619323730469,37.731166839599609
9670567,2024,2024-03-14,3801,2024-01-20,1425,310,SOUTH,6,5,7,3801,0,0,0,,0,3B49,"8TH ST","BRANNAN ST",46.00,N,N,B,C,N,,,,,,,,,,Y,4,0,3,2,A,-,03,22350,,N,C,-,A,B,H,-,A,A,0,,,,,Y,,A,01,0,0,3,0,0,0,0,0,0,"- ","- ",,,"SAN FRANCISCO","SAN FRANCISCO",-122.40555572509766,37.771366119384766
9670568,2024,2024-03-14,3801,2024-01-20,1715,1740,CENTR,6,5,7,3801,0,0,0,,0,3A13D,"BEACH ST","HYDE ST",0.00,,N,C,-,N,,,,,,,,,,Y,4,0,2,3,A,-,07,21658,,N,F,E,A,B,H,-,C,D,0,,,,,Y,,A,01,0,0,2,0,0,0,0,0,0,"- ","- ",,,"SAN FRANCISCO","SAN FRANCISCO",-122.42055511474609,37.806659698486328
9670569,2024,2024-03-14,3801,2024-01-18,1800,2147,NORTH,4,5,7,3801,0,0,0,,0,NORTHE,"DIVISADERO ST","SACRAMENTO ST",0.00,,Y,A,-,N,,,,,,,,,,Y,4,0,1,2,A,-,09,21801,B,F,A,C,A,A,-,-,C,A,0,,,,,Y,,A,01,0,0,1,0,0,0,0,0,0,"- ","- ",,,"SAN FRANCISCO","SAN FRANCISCO",-122.44062805175781,37.788982391357422
9670570,2024,2024-03-14,3801,2024-01-10,"200 ",2467,BAYVI,3,5,7,3801,0,0,0,,0,3C11E,"QUESADA AV","JENNINGS ST",0.00,,N,A,-,N,,,,,,,,,,N,3,0,1,4,A,-,03,22350,,F,C,G,A,A,H,-,C,A,0,,Y,,,Y,Y,-,,0,1,0,0,0,0,1,0,0,"- ","- ",,,"SAN FRANCISCO","SAN FRANCISCO",-122.3858642578125,37.730167388916016
9670571,2024,2024-03-14,3801,2024-01-09,1130,1249,CENTR,2,5,7,3801,0,0,0,,0,3A77,"3RD ST","JESSIE ST",0.00,,Y,C,-,N,,,,,,,,,,Y,4,0,1,2,A,-,03,22350,,N,H,A,A,B,H,-,A,A,0,,,Y,,Y,,C,02,0,0,1,0,0,0,0,0,1,"- ","- ",,,"SAN FRANCISCO","SAN FRANCISCO",-122.40252685546875,37.786697387695312
9670572,2024,2024-03-14,3801,2024-01-09,"730 ",2163,TENDE,2,5,7,3801,0,0,0,,0,3J91A,"HYDE ST","EDDY ST",8.00,S,N,C,-,N,,,,,,,,,,N,2,0,1,2,A,-,03,22350,,N,G,B,E,B,H,-,B,A,0,Y,,,,Y,,N,60,1,0,0,0,1,0,0,0,0,"- ","- ",,,"SAN FRANCISCO","SAN FRANCISCO",-122.41588592529297,37.783489227294922
9670573,2024,2024-03-13,3801,2024-01-09,"115 ",4115,SOUTH,2,5,7,3801,0,0,0,,0,3B14E,"9TH ST","HARRISON ST",96.00,N,N,A,-,N,,,,,,,,,,N,4,0,1,2,A,-,00,21955,A,F,G,B,D,A,H,-,C,D,0,Y,,,,Y,,N,60,0,0,1,0,1,0,0,0,0,"- ","- ",,,"SAN FRANCISCO","SAN FRANCISCO",-122.41028594970703,37.772716522216797
9670574,2024,2024-03-13,3801,2024-01-08,2229,2741,TENDE,1,5,7,3801,0,0,0,,0,3J14E,"EDDY ST","LEAVENWORTH ST",0.00,,Y,A,-,N,,,,,,,,,,N,2,0,1,2,A,-,10,21950,A,N,G,B,B,A,H,-,C,A,0,Y,,,,Y,,A,01,1,0,0,0,1,0,0,0,0,"- ","- ",,,"SAN FRANCISCO","SAN FRANCISCO",-122.41423797607422,37.783729553222656
9670575,2024,2024-03-13,3801,2024-01-08,1545,4335,RICHM,1,5,7,3801,0,0,0,,0,901,"GEARY BL","18TH AV",0.00,,Y,A,-,N,,,,,,,,,,N,4,0,1,2,A,-,08,22107,,N,B,C,A,A,H,-,A,D,0,,,,,Y,,A,01,0,0,1,0,0,0,0,0,0,"- ","- ",,,"SAN FRANCISCO","SAN FRANCISCO",-122.47724914550781,37.780487060546875
9670577,2024,2024-03-15,3801,2024-01-06,"915 ",50,TENDE,6,5,7,3801,0,0,0,,0,005,"OFARRELL ST","LARKIN ST",0.00,E,N,A,-,N,,,,,,,,,,N,4,0,2,3,A,-,17,21663,,F,G,B,F,A,G,-,A,D,0,Y,,Y,,Y,,C,02,0,0,2,0,2,0,0,0,0,"- ","- ",,,"SAN FRANCISCO","SAN FRANCISCO",-122.41790008544922,37.785167694091797
9670578,2024,2024-03-15,3801,2024-01-07,2104,2391,NORTH,7,5,7,3801,0,0,0,,0,3E12E,"HAIGHT ST","WEBSTER ST",130.00,W,N,A,-,N,,,,,,,,,,N,3,0,1,2,A,-,03,22350,,N,C,C,A,A,H,-,C,D,0,,,Y,,Y,,C,02,0,1,0,0,0,0,0,0,1,"- ","- ",,,"SAN FRANCISCO","SAN FRANCISCO",-122.42922210693359,37.772274017333984
9670579,2024,2024-03-15,3801,2024-01-06,2018,2408,MISSI,6,5,7,3801,0,0,0,,0,3D15D,"CASTRO ST","21ST ST",0.00,,Y,A,-,N,,,,,,,,,,N,4,0,1,2,A,-,11,21955,,N,G,B,D,A,H,-,C,A,0,Y,,,,Y,,N,60,0,0,1,0,1,0,0,0,0,"- ","- ",,,"SAN FRANCISCO","SAN FRANCISCO",-122.43453979492188,37.756134033203125
9670580,2024,2024-03-15,3801,2024-01-07,"639 ",1351,MISSI,7,5,7,3801,0,0,0,,0,3D11A,"POTRERO AV","25TH ST",628.00,S,N,A,-,N,,,,,,,,,,N,2,0,1,2,A,-,00,21221,,N,A,B,E,A,H,-,C,D,0,Y,,,,Y,,N,60,1,0,0,0,1,0,0,0,0,"- ","- ",,,"SAN FRANCISCO","SAN FRANCISCO",-122.40585327148438,37.750057220458984
9670581,2024,2024-03-15,3801,2024-01-07,2315,4115,SOUTH,7,5,7,3801,0,0,0,,0,3B12E,"BRYANT ST","MORRIS ST",0.00,,Y,A,-,N,,,,,,,,,,N,3,0,1,2,A,-,08,22107,,N,D,C,A,A,H,-,C,D,0,,,Y,,Y,,A,01,0,1,0,0,0,0,0,0,1,"- ","- ",,,"SAN FRANCISCO","SAN FRANCISCO",-122.40194702148438,37.776481628417969
9670582,2024,2024-03-15,3801,2024-01-05,1525,118,PARK,5,5,7,3801,0,0,0,,0,3F12D,"CLIPPER ST","CHURCH ST",0.00,,Y,A,-,N,,,,,,,,,,N,4,0,1,2,A,-,12,22450,A,N,D,C,A,A,H,-,A,D,0,,,Y,,Y,,C,06,0,0,1,0,0,0,0,0,0,"- ","- ",,,"SAN FRANCISCO","SAN FRANCISCO",-122.42723083496094,37.749294281005859
9670583,2024,2024-03-15,3801,2024-01-06,2155,LI1074,BAYVE,6,5,7,3801,0,0,0,,0,3C13E,"INGALLS ST","HARBOR RD",0.00,E,N,A,-,N,,,,,,,,,,N,3,0,1,2,A,-,12,22450,A,F,D,G,A,A,H,-,C,A,0,,Y,,,Y,Y,-,,0,1,0,0,0,0,1,0,0,"- ","- ",,,"SAN FRANCISCO","SAN FRANCISCO",-122.37992858886719,37.733409881591797
9670585,2024,2024-07-01,3801,2024-01-07,"5   ",4115,SOUTH,7,5,7,3801,0,0,0,,0,3B16E,"HOWARD ST","3RD ST",0.00,,Y,A,-,N,,,,,,,,,,Y,2,0,2,2,A,-,12,21453,,N,D,G,A,A,H,-,C,A,0,,Y,Y,,Y,,-,"- ",2,0,0,0,0,0,1,0,1,"- ","- ",,,"SAN FRANCISCO","SAN FRANCISCO",-122.40049743652344,37.785007476806641
9670586,2024,2024-03-29,3801,2024-01-07,1125,156,BAYVI,7,5,7,3801,0,0,0,,0,3C60,"BAYSHORE BL","RT 101",0.00,,Y,A,-,Y,SF,4,101,-,-,1.627,R,4,N,Y,4,0,1,2,A,-,12,21453,A,N,D,C,A,A,H,-,A,A,0,,,,,Y,,D,22,0,0,1,0,0,0,0,0,0,"- ","- ",,,"SAN FRANCISCO","SAN FRANCISCO",-122.40402984619141,37.730758666992188
9670587,2024,2024-03-14,3801,2024-01-07,1246,156,BAYVI,7,5,7,3801,0,0,0,,0,3C60,"SAN BRUNO AV","WOOLSEY ST",2.00,S,N,A,-,N,,,,,,,,,,N,4,0,1,2,A,-,10,21950,A,N,-,B,B,A,H,-,A,D,0,Y,,,,Y,,A,01,0,0,1,0,1,0,0,0,0,"- ","- ",,,"SAN FRANCISCO","SAN FRANCISCO",-122.40261077880859,37.725234985351562
9670588,2024,2024-03-15,3801,2024-01-07,1344,2180,BAYVI,7,5,7,3801,0,0,0,,0,3C15A,"CARROLL AV","GIANTS DR",0.00,,Y,A,-,N,,,,,,,,,,Y,4,0,1,2,A,-,09,21801,A,N,D,I,A,A,H,-,A,D,0,,,,,Y,,A,01,0,0,1,0,0,0,0,0,0,"- ","- ",,,"SAN FRANCISCO","SAN FRANCISCO",-122.385009765625,37.720249176025391
9670589,2024,2024-03-14,3801,2024-01-08,"537 ",1871,INGLE,1,5,7,3801,0,0,0,,0,901,"VISITACION AV","HAHN ST",0.00,,Y,A,-,N,,,,,,,,,,N,4,0,1,2,A,-,08,22107,,N,C,E,A,A,H,-,D,D,0,,,,,Y,,A,07,0,0,1,0,0,0,0,0,0,"- ","- ",,,"SAN FRANCISCO","SAN FRANCISCO",-122.41530609130859,37.713520050048828
9670590,2024,2024-03-14,3801,2024-01-08,1754,203,MISSI,1,5,7,3801,0,0,0,,0,2CAR,"GUERRERO ST","24TH ST",0.00,,Y,A,-,N,,,,,,,,,,Y,3,0,3,2,A,-,09,21801,A,N,D,C,A,A,H,-,C,A,0,,,,,Y,,A,01,0,3,0,0,0,0,0,0,0,"- ","- ",,,"SAN FRANCISCO","SAN FRANCISCO",-122.42286682128906,37.752002716064453
9670592,2024,2024-03-14,3801,2024-01-10,"634 ",2229,TENDE,3,5,7,3801,0,0,0,,0,3J60,"OFARRELL ST","TAYLOR ST",0.00,,Y,C,-,N,,,,,,,,,,N,4,0,1,2,A,-,08,22101,D,N,A,G,A,B,H,-,C,A,0,,Y,,,Y,Y,A,01,0,0,1,0,0,0,1,0,0,"- ","- ",,,"SAN FRANCISCO","SAN FRANCISCO",-122.41132354736328,37.786022186279297
9670593,2024,2024-03-14,3801,2024-01-10,1255,4798,NORTH,3,5,7,3801,0,0,0,,0,3E00,"9TH ST","MINNA ST",0.00,,Y,C,-,N,,,,,,,,,,N,4,0,1,2,A,-,04,21703,,F,C,C,A,B,H,-,A,A,0,,,,,Y,,A,01,0,0,1,0,0,0,0,0,0,"- ","- ",,,"SAN FRANCISCO","SAN FRANCISCO",-122.41416931152344,37.775798797607422
9670594,2024,2024-06-28,3801,2024-01-22,1004,2740,TARAV,1,5,7,3801,0,0,0,,0,3I5B,"VICENTE ST","SUNSET BL",0.00,,Y,B,C,N,,,,,,,,,,Y,4,0,2,2,A,-,12,21453,A,N,D,C,A,B,H,-,A,A,0,,,,,Y,,A,01,0,0,2,0,0,0,0,0,0,"- ","- ",,,"SAN FRANCISCO","SAN FRANCISCO",-122.49427032470703,37.738502502441406
9670595,2024,2024-03-14,3801,2024-01-22,1312,937,BAYVI,1,5,7,3801,0,0,0,,0,,"EVANS AV","SELBY ST",0.00,,Y,B,-,N,,,,,,,,,,,4,0,2,2,A,-,03,22350,,N,C,C,A,A,H,-,A,D,0,,,,,Y,Y,A,01,0,0,2,0,0,0,0,0,0,"- ","- ",,,"SAN FRANCISCO","SAN FRANCISCO",-122.39405822753906,37.746170043945312
9670596,2024,2024-03-15,3801,2024-01-14,1513,2130,RICHM,7,5,7,3801,0,0,0,,0,3G14D,"GEARY BL","32ND AV",0.00,,Y,A,-,N,,,,,,,,,,Y,4,0,1,2,A,-,12,21453,A,F,D,-,A,A,H,-,A,A,0,,,,,Y,,A,07,0,0,1,0,0,0,0,0,0,"- ","- ",,,"SAN FRANCISCO","SAN FRANCISCO",-122.49223327636719,37.779811859130859
9670597,2024,2024-03-18,3801,2024-01-11,1844,2231,SOUTH,4,5,7,3801,0,0,0,,0,3B12D,"HARRISON ST","47TH ST",0.00,,Y,A,-,N,,,,,,,,,,N,4,0,1,2,A,-,07,21658,A,N,D,G,A,A,H,-,C,A,0,,Y,,,Y,,L,04,0,0,1,0,0,0,1,0,0,"- ","- ",,,"SAN FRANCISCO","SAN FRANCISCO",,
9670600,2024,2024-03-18,3801,2024-01-01,1815,2398,NORTH,1,5,7,3801,0,0,0,,0,01E,"OAK ST","PIERCE ST",140.00,W,N,A,-,N,,,,,,,,,,Y,4,0,1,2,A,-,08,22107,,N,C,E,A,A,H,-,C,D,0,,,,,Y,,A,01,0,0,1,0,0,0,0,0,0,"- ","- ",,,"SAN FRANCISCO","SAN FRANCISCO",-122.43457794189453,37.773479461669922
9670601,2024,2024-03-18,3801,2024-01-07,1919,2091,NORTH,7,5,7,3801,0,0,0,,0,3E13D,"GOLDEN GATE AV","CAN NESS AV",7.00,E,N,A,-,N,,,,,,,,,,N,4,0,1,2,A,-,10,21950,A,N,G,B,B,A,H,-,C,A,0,Y,,,,Y,,A,01,0,0,1,0,1,0,0,0,0,"- ","- ",,,"SAN FRANCISCO","SAN FRANCISCO",-122.420349,37.781030999999999
9670602,2024,2024-03-18,3801,2024-01-09,1645,307,NORTH,2,5,7,3801,0,0,0,,0,3E13D,"VAN NESS AV","GROVE ST",60.00,S,N,A,-,N,,,,,,,,,,N,4,0,1,3,A,-,03,22350,,F,C,C,A,A,H,-,B,A,0,,,,,Y,,A,01,0,0,1,0,0,0,0,0,0,"- ","- ",,,"SAN FRANCISCO","SAN FRANCISCO",-122.41977691650391,37.778099060058594
9670603,2024,2024-03-14,3801,2024-01-09,1826,1696,NORTH,2,5,7,3801,0,0,0,,0,3E13D,"POLK ST","GEARY ST",0.00,,-,A,-,N,,,,,,,,,,N,3,0,2,2,A,-,12,21453,A,N,D,G,A,A,H,-,C,A,0,,Y,,,Y,,L,04,0,1,1,0,0,0,1,0,0,"- ","- ",,,"SAN FRANCISCO","SAN FRANCISCO",-122.41973876953125,37.785896301269531
9670604,2024,2024-06-28,3801,2024-01-14,2227,2425,SOUTH,7,5,7,3801,0,0,0,,0,3B14E,"10TH ST","HOWARD ST",0.00,,Y,A,-,N,,,,,,,,,,N,4,0,1,2,A,-,10,21950,A,N,G,B,B,A,H,-,C,A,0,Y,,,,Y,,D,22,0,0,1,0,1,0,0,0,0,"- ","- ",,,"SAN FRANCISCO","SAN FRANCISCO",-122.41436767578125,37.774024963378906
9670605,2024,2024-03-14,3801,2024-01-15,1940,GIZZO222,CENTR,1,5,7,3801,0,0,0,,0,3A13D,"COLUMBUS AV","GREENWICH ST",0.00,,Y,A,-,N,,,,,,,,,,Y,3,0,1,2,A,-,12,21453,A,N,G,B,B,A,H,-,C,A,0,Y,,,,Y,,A,01,0,1,0,0,1,0,0,0,0,"- ","- ",,,"SAN FRANCISCO","SAN FRANCISCO",-122.41254425048828,37.801925659179688