CASE_ID,ACCIDENT_YEAR,PROC_DATE,JURIS,COLLISION_DATE,COLLISION_TIME,OFFICER_ID,REPORTING_DISTRICT,DAY_OF_WEEK,CHP_SHIFT,POPULATION,CNTY_CITY_LOC,SPECIAL_COND,BEAT_TYPE,CHP_BEAT_TYPE,CITY_DIVISION_LAPD,CHP_BEAT_CLASS,BEAT_NUMBER,PRIMARY_RD,SECONDARY_RD,DISTANCE,DIRECTION,INTERSECTION,WEATHER_1,WEATHER_2,STATE_HWY_IND,CALTRANS_COUNTY,CALTRANS_DISTRICT,STATE_ROUTE,ROUTE_SUFFIX,POSTMILE_PREFIX,POSTMILE,LOCATION_TYPE,RAMP_INTERSECTION,SIDE_OF_HWY,TOW_AWAY,COLLISION_SEVERITY,NUMBER_KILLED,NUMBER_INJURED,PARTY_COUNT,PRIMARY_COLL_FACTOR,PCF_CODE_OF_VIOL,PCF_VIOL_CATEGORY,PCF_VIOLATION,PCF_VIOL_SUBSECTION,HIT_AND_RUN,TYPE_OF_COLLISION,MVIW,PED_ACTION,ROAD_SURFACE,ROAD_COND_1,ROAD_COND_2,LIGHTING,CONTROL_DEVICE,CHP_ROAD_TYPE,PEDESTRIAN_ACCIDENT,BICYCLE_ACCIDENT,MOTORCYCLE_ACCIDENT,TRUCK_ACCIDENT,NOT_PRIVATE_PROPERTY,ALCOHOL_INVOLVED,STWD_VEHTYPE_AT_FAULT,CHP_VEHTYPE_AT_FAULT,COUNT_SEVERE_INJ,COUNT_VISIBLE_INJ,COUNT_COMPLAINT_PAIN,COUNT_PED_KILLED,COUNT_PED_INJURED,COUNT_BICYCLIST_KILLED,COUNT_BICYCLIST_INJURED,COUNT_MC_KILLED,COUNT_MC_INJURED,PRIMARY_RAMP,SECONDARY_RAMP,LATITUDE,LONGITUDE,COUNTY,CITY,POINT_X,POINT_Y
9670607,2024,2024-03-14,3801,2024-01-06,2327,2479,BAYVI,6,5,7,3801,0,0,0,,0,3C13E,"3RD ST","LA SALLE AV",0.00,,Y,A,-,N,,,,,,,,,,Y,4,0,1,2,A,-,03,22350,,N,C,C,A,A,H,-,C,A,0,,,,,Y,,A,01,0,0,1,0,0,0,0,0,0,"- ","- ",,,"SAN FRANCISCO","SAN FRANCISCO",-122.38993835449219,37.737216949462891
9670608,2024,2024-03-18,3801,2024-01-10,1730,890,BAYVI,3,5,7,3801,0,0,0,,0,005,"3RD AV","CARROLL AV",36.00,N,N,C,G,N,,,,,,,,,,Y,4,0,1,2,A,-,09,21804,A,N,E,I,A,B,H,-,C,A,0,,,,,Y,,A,01,0,0,1,0,0,0,0,0,0,"- ","- ",,,"SAN FRANCISCO","SAN FRANCISCO",-122.394287109375,37.725643157958984
9670609,2024,2024-03-14,3801,2024-01-10,"629 ",1316,RICHM,3,5,7,3801,0,0,0,,0,3G13A,"PARK PRESIDIO BL","FULTON ST",400.00,S,N,C,-,N,,,,,,,,,,N,4,0,1,2,A,-,11,21954,A,N,G,B,E,B,H,-,C,A,0,Y,,,,Y,,N,60,0,0,1,0,1,0,0,0,0,"- ","- ",,,"SAN FRANCISCO","SAN FRANCISCO",-122.47177886962891,37.773128509521484
9670611,2024,2024-03-18,3801,2024-01-13,1005,359,TARAV,6,5,7,3801,0,0,0,,0,3161,"NORIEGA ST","37TH AV",0.00,,Y,B,C,N,,,,,,,,,,N,4,0,1,2,A,-,09,21802,A,N,-,D,A,B,H,-,A,A,0,,,,,Y,,A,01,0,0,1,0,0,0,0,0,0,"- ","- ",,,"SAN FRANCISCO","SAN FRANCISCO",-122.49575042724609,37.753406524658203
9670612,2024,2024-03-14,3801,2024-01-13,"828 ",2139,TARVA,6,5,7,3801,0,0,0,,0,901,"19TH AV","HOLLOWAY AV",258.00,S,N,C,-,N,,,,,,,,,,Y,4,0,1,2,A,-,04,21703,,N,C,C,A,B,H,-,A,A,0,,,,,Y,,A,01,0,0,1,0,0,0,0,0,0,"- ","- ",,,"SAN FRANCISCO","SAN FRANCISCO",-122.47536468505859,37.720241546630859
9670613,2024,2024-02-29,3801,2024-01-12,2154,740,MISSI,5,5,7,3801,0,0,0,,0,0D4,"HARRISON ST","25TH ST",39.00,S,N,B,-,N,,,,,,,,,,Y,4,0,1,2,A,-,01,23152,A,N,D,E,A,A,H,-,C,D,0,,,,,Y,Y,A,01,0,0,1,0,0,0,0,0,0,"- ","- ",,,"SAN FRANCISCO","SAN FRANCISCO",-122.41177368164062,37.750942230224609
9670614,2024,2024-03-14,3801,2024-01-12,1937,2118,SOUTH,5,5,7,3801,0,0,0,,0,3B12D,"HARRISON STG","MORRIS ST",160.00,E,N,A,-,N,,,,,,,,,,N,4,0,1,2,A,-,07,21658,A,N,B,C,A,A,H,-,D,D,0,,,Y,,Y,,A,01,0,0,1,0,0,0,0,0,1,"- ","- ",,,"SAN FRANCISCO","SAN FRANCISCO",-122.40312957763672,37.77801513671875
9670615,2024,2024-03-18,3801,2024-01-16,"654 ",1653,INGLE,2,5,7,3801,0,0,0,,0,3H14A,"SAN JOSE AV","NIAGARA AV",0.00,,Y,B,-,N,,,,,,,,,,N,2,0,1,2,A,-,10,21950,A,N,G,B,B,B,H,-,B,A,0,Y,,,,Y,,A,01,1,0,0,0,1,0,0,0,0,"- ","- ",,,"SAN FRANCISCO","SAN FRANCISCO",-122.44760894775391,37.719478607177734
9670616,2024,2024-03-18,3801,2024-01-13,1100,905,MISSI,6,5,7,3801,0,0,0,,0,3D2C,"BRYANT ST","15TH ST",60.00,W,N,A,-,N,,,,,,,,,,N,3,0,1,2,A,-,08,22107,,N,G,G,A,A,H,-,A,D,0,,Y,,,Y,,-,,0,1,0,0,0,0,1,0,0,"- ","- ",,,"SAN FRANCISCO","SAN FRANCISCO",-122.41062164306641,37.766899108886719
9670617,2024,2024-03-14,3801,2024-01-12,1124,359,TARAV,5,5,7,3801,0,0,0,,0,3162,"19TH AV","JUDAH ST",0.00,,Y,A,-,N,,,,,,,,,,Y,4,0,2,2,A,-,08,22107,,N,D,C,A,A,H,-,A,A,0,,,,,Y,,A,07,0,0,2,0,0,0,0,0,0,"- ","- ",,,"SAN FRANCISCO","SAN FRANCISCO",-122.47702789306641,37.761695861816406
9670618,2024,2024-03-14,3801,2024-01-12,1253,359,TARAV,5,5,7,3801,0,0,0,,0,3I62,"19TH AV","WINSTON DR",0.00,,Y,A,-,N,,,,,,,,,,N,3,0,1,2,A,-,11,21456,A,N,G,B,B,A,H,-,A,A,0,Y,,,,Y,,N,60,0,1,0,0,1,0,0,0,0,"- ","- ",,,"SAN FRANCISCO","SAN FRANCISCO",-122.47492218017578,37.728935241699219
9670620,2024,2024-03-18,3801,2024-01-16,1745,4371,INGLE,2,5,7,3801,0,0,0,,0,3H3D,"MISSION ST","HIGHLAND AV",0.00,,Y,C,-,N,,,,,,,,,,N,4,0,1,2,A,-,08,22107,,N,G,B,B,B,H,-,C,A,0,Y,,,,Y,,A,07,0,0,1,0,1,0,0,0,0,"- ","- ",,,"SAN FRANCISCO","SAN FRANCISCO",-122.42404174804688,37.737358093261719
9670624,2024,2024-03-18,3801,2024-01-13,1731,1825,SOUTH,6,5,7,3801,0,0,0,,0,3B4D,"FOLSOM ST","4TH ST",313.00,W,N,C,-,N,,,,,,,,,,N,4,0,1,2,A,-,07,21658,A,F,B,C,A,B,H,-,C,D,0,,,,,Y,,A,01,0,0,1,0,0,0,0,0,0,"- ","- ",,,"SAN FRANCISCO","SAN FRANCISCO",-122.40193176269531,37.781436920166016
9670628,2024,2024-03-18,3801,2024-01-12,1936,2459,SOUTH,5,5,7,3801,0,0,0,,0,3B14D,"8TH AV","MISSION ST",0.00,,Y,A,-,N,,,,,,,,,,N,2,0,1,2,A,-,12,21453,,F,G,B,B,A,H,-,C,A,0,Y,,,,Y,Y,-,99,1,0,0,0,1,0,0,0,0,"- ","- ",,,"SAN FRANCISCO","SAN FRANCISCO",-122.41315460205078,37.7774658203125
9670632,2024,2024-03-18,3801,2024-01-15,1950,2733,TARAV,1,5,7,3801,0,0,0,,0,0I6,"JUNIPERO SERRA BL","ALEMANY BL",0.00,,Y,A,-,N,,,,,,,,,,N,3,0,1,3,A,-,11,21954,A,N,B,B,E,A,H,-,C,D,0,Y,,,,Y,,N,60,0,1,0,0,1,0,0,0,0,"- ","- ",,,"SAN FRANCISCO","SAN FRANCISCO",-122.47073364257812,37.709918975830078
9670635,2024,2024-03-18,3801,2024-01-13,1324,1538,TENDE,6,5,7,3801,0,0,0,,0,3J12A,"LARKIN ST","ARRELL ST",0.00,,Y,B,C,N,,,,,,,,,,N,3,0,1,2,A,-,10,21950,A,F,G,B,B,B,H,-,A,A,0,Y,,,,Y,,A,01,0,1,0,0,1,0,0,0,0,"- ","- ",,,"SAN FRANCISCO","SAN FRANCISCO",,
9670636,2024,2024-03-18,3801,2024-01-15,2007,4371,INGLE,1,5,7,3801,0,0,0,,0,3H13D,"MISSION ST","PERSIA AV",0.00,,Y,A,-,N,,,,,,,,,,Y,4,0,1,2,A,-,12,21453,A,F,D,C,A,A,H,-,C,A,0,,,,,Y,,A,01,0,0,1,0,0,0,0,0,0,"- ","- ",,,"SAN FRANCISCO","SAN FRANCISCO",-122.43596649169922,37.723140716552734
9670642,2023,2024-02-23,3801,2023-04-03,1454,2743,SOUTH,1,5,7,3801,0,0,0,,0,3B3,"RUSS ST","HOWARD ST",115.00,S,N,A,-,N,,,,,,,,,,N,4,0,1,2,A,-,21,22106,,N,G,B,F,A,H,-,A,D,0,Y,,,,Y,,A,01,0,0,1,0,1,0,0,0,0,"- ","- ",,,"SAN FRANCISCO","SAN FRANCISCO",-122.40797424316406,37.778644561767578
9670643,2023,2024-02-23,3801,2023-10-18,"755 ",575,CENTR,3,5,7,3801,0,0,0,,0,3A11A,"LARKIN ST","POST ST",0.00,,Y,A,-,N,,,,,,,,,,N,4,0,1,2,A,-,05,21650,,N,A,-,A,A,H,-,A,A,0,,Y,,,Y,,L,04,0,0,1,0,0,0,1,0,0,"- ","- ",,,"SAN FRANCISCO","SAN FRANCISCO",-122.41826629638672,37.787040710449219
9670685,2024,2024-02-12,3801,2024-01-28,2350,2123,CENTR,7,5,7,3801,0,0,0,,0,3A12E,"CLAY ST","KEARNY ST",0.00,,-,A,-,N,,,,,,,,,,,4,0,1,2,A,-,12,21453,A,N,D,C,A,A,H,-,C,A,0,,,,,Y,Y,A,01,0,0,1,0,0,0,0,0,0,"- ","- ",,,"SAN FRANCISCO","SAN FRANCISCO",-122.40477752685547,37.794448852539062
9670686,2024,2024-03-15,3801,2024-01-07,1023,54,TARAV,7,5,7,3801,0,0,0,,0,3I5A,"19TH AV","EUCALYPTUS DR",271.00,S,N,A,-,Y,SF,4,1,-,-,1.600,H,-,N,Y,4,0,1,2,A,-,07,21658,A,N,B,C,A,A,H,-,A,D,0,,,,,Y,,A,01,0,0,1,0,0,0,0,0,0,"- ","- ",,,"SAN FRANCISCO","SAN FRANCISCO",-122.47479248046875,37.730384826660156
9670689,2024,2024-02-12,3801,2024-01-23,2150,382,NORTH,2,5,7,3801,0,0,0,,0,3E15E,"LOMBARD ST","GOUGH ST",152.00,W,N,A,-,N,,,,,,,,,,Y,3,0,1,2,A,-,07,21658,A,N,B,E,A,A,H,-,C,A,0,,,,,Y,,-,,0,1,0,0,0,0,0,0,0,"- ","- ",,,"SAN FRANCISCO","SAN FRANCISCO",-122.42833709716797,37.800830841064453
9670690,2024,2024-02-28,3801,2024-01-12,1742,2017,MISSI,5,5,7,3801,0,0,0,,0,3D11D,"16TH ST","VALENCIA ST",20.00,E,N,A,-,N,,,,,,,,,,N,4,0,1,1,A,-,03,22350,,N,F,I,A,A,A,-,C,A,0,,,,,Y,,M,94,0,0,1,0,0,0,0,0,0,"- ","- ",,,"SAN FRANCISCO","SAN FRANCISCO",-122.42182159423828,37.764915466308594
9670698,2024,2024-02-12,3801,2024-01-17,1345,1418,TARAV,3,5,7,3801,0,0,0,,0,013,"GREAT HWY","TARAVAL ST",24.00,S,N,A,-,N,,,,,,,,,,N,3,0,1,2,A,-,11,21456,A,N,D,G,A,A,H,-,A,A,0,,Y,,,Y,,L,04,0,1,0,0,0,0,1,0,0,"- ","- ",,,"SAN FRANCISCO","SAN FRANCISCO",-122.50752258300781,37.741584777832031
9670728,2023,2024-03-05,3801,2023-11-29,1110,2088,INGLE,3,5,7,3801,0,0,0,,0,3H12A,"CHURCH ST","VALLEY ST",0.00,,Y,A,-,N,,,,,,,,,,Y,4,0,2,2,A,-,12,22450,A,N,D,C,A,A,H,-,A,A,0,,,,,Y,,A,01,0,0,2,0,0,0,0,0,0,"- ","- ",,,"SAN FRANCISCO","SAN FRANCISCO",-122.42672729492188,37.7445068359375
9670919,2023,2024-03-15,3801,2023-12-29,2234,1873,BAYVI,5,5,7,3801,0,0,0,,0,3C11E,"KEITH ST","QUESADA AV",0.00,,Y,C,-,N,,,,,,,,,,Y,4,0,2,2,A,-,12,22450,,N,D,C,A,B,H,-,C,-,0,,,,,Y,,A,01,0,0,2,0,0,0,0,0,0,"- ","- ",,,"SAN FRANCISCO","SAN FRANCISCO",-122.38772583007812,37.731239318847656
9670925,2024,2024-03-19,3801,2024-01-02,1512,364,SOUTH,2,5,7,3801,0,0,0,,0,3B14D,"BRYANT ST","JEFF ADACHI WAY",0.00,,Y,C,-,N,,,,,,,,,,Y,4,0,1,3,C,-,18,,,N,H,E,A,B,H,-,A,D,0,,,,,Y,,-,"- ",0,0,1,0,0,0,0,0,0,"- ","- ",,,"SAN FRANCISCO","SAN FRANCISCO",-122.40422821044922,37.774711608886719
9670927,2023,2024-03-19,3801,2023-12-28,1152,1306,CENTR,4,5,7,3801,0,0,0,,0,3A44C,"PINE ST","MONTGOMERY ST",0.00,,Y,B,-,N,,,,,,,,,,Y,3,0,1,2,A,-,03,22350,,N,D,C,A,A,H,-,B,A,0,,,,,Y,,A,01,0,1,0,0,0,0,0,0,0,"- ","- ",,,"SAN FRANCISCO","SAN FRANCISCO",-122.40254974365234,37.791919708251953
9670930,2023,2024-03-19,3801,2023-12-29,1442,4036,TRAFF,5,5,7,3801,0,0,0,,0,4B1B,"CALIFORNIA ST","LYON ST",0.00,,Y,C,-,N,,,,,,,,,,Y,4,0,3,5,A,-,12,21453,A,N,D,C,A,B,H,-,A,A,0,,,,,Y,,J,43,0,0,3,0,0,0,0,0,0,"- ","- ",,,"SAN FRANCISCO","SAN FRANCISCO",-122.44540405273438,37.787418365478516
9670933,2024,2024-03-19,3801,2024-01-09,"555 ",1351,MISSI,2,5,7,3801,0,0,0,,0,3D11A,"POTRERO AV","16TH ST",0.00,,Y,B,C,N,,,,,,,,,,N,4,0,1,2,A,-,00,21056,,N,B,D,A,D,H,-,C,A,0,,,,,Y,,J,41,0,0,1,0,0,0,0,0,0,"- ","- ",,,"SAN FRANCISCO","SAN FRANCISCO",-122.40756225585938,37.765773773193359
9670937,2024,2024-03-19,3801,2024-01-19,2315,1406,CENTR,5,5,7,3801,0,0,0,,0,3A1,"HYDE ST","PINE ST",0.00,,Y,A,-,N,,,,,,,,,,Y,3,0,4,2,A,-,00,21806,,N,D,C,A,B,H,-,C,A,0,,,,,Y,,A,07,0,1,3,0,0,0,0,0,0,"- ","- ",,,"SAN FRANCISCO","SAN FRANCISCO",-122.41719818115234,37.790035247802734
9670939,2023,2024-03-19,3801,2023-01-14,"159 ",2035,MISSI,6,5,7,3801,0,0,0,,0,3D13E,"JENNINGS ST","THOMAS AV",0.00,,Y,A,-,N,,,,,,,,,,Y,4,0,1,2,A,-,12,22450,A,N,D,C,A,B,H,-,C,A,0,,,,,Y,,A,01,0,0,1,0,0,0,0,0,0,"- ","- ",,,"SAN FRANCISCO","SAN FRANCISCO",-122.38754272460938,37.728286743164062
9670941,2024,2024-03-19,3801,2024-01-12,"603 ",1118,SOUTH,5,5,7,3801,0,0,0,,0,3B14A,"CARGO WY","MENDELL ST",0.00,,Y,A,-,N,,,,,,,,,,Y,4,0,1,2,A,-,12,21453,A,N,D,C,A,A,H,-,C,A,0,,,,,Y,,J,48,0,0,1,0,0,0,0,0,0,"- ","- ",,,"SAN FRANCISCO","SAN FRANCISCO",-122.38314056396484,37.743911743164062
9671173,2024,2024-03-21,3801,2024-02-02,2221,1402,SOUTH,5,5,7,3801,0,0,0,,0,3B12E,"SOUTH PARK","JACK LONDON ALY",0.00,,N,A,-,N,,,,,,,,,,N,3,0,1,2,A,-,05,21651,B,N,B,E,A,A,H,-,D,D,0,,,,,Y,,A,01,0,1,0,0,0,0,0,0,0,"- ","- ",,,"SAN FRANCISCO","SAN FRANCISCO",-122.39413452148438,37.781711578369141
9671348,2024,2024-04-02,3801,2024-02-01,"125 ",1123,TENDE,4,5,7,3801,0,0,0,,0,3J12E,"GOLDEN GATE AV","LEAVENWORTH ST",0.00,,Y,C,-,N,,,,,,,,,,N,4,0,1,2,A,-,00,28001,,N,E,J,A,B,H,-,C,D,0,,,,,Y,,A,01,0,0,1,0,0,0,0,0,0,"- ","- ",,,"SAN FRANCISCO","SAN FRANCISCO",-122.41385650634766,37.781875610351562
9671433,2024,2024-03-29,3801,2024-02-17,"53  ",2425,SOUTH,6,5,7,3801,0,0,0,,0,3B14E,"MISSION ST","LASKIE ST",0.00,,Y,A,-,N,,,,,,,,,,Y,2,0,2,3,A,-,01,23152,A,N,G,-,E,A,H,-,C,-,0,Y,,,,Y,Y,A,07,1,0,1,0,1,0,0,0,0,"- ","- ",,,"SAN FRANCISCO","SAN FRANCISCO",-122.41412353515625,37.776718139648438
9671434,2024,2024-03-29,3801,2024-02-17,"39  ",2357,TARAV,6,5,7,3801,0,0,0,,0,3116E,"OCEAN AV","SAN JOSE AV",0.00,,Y,A,-,N,,,,,,,,,,N,4,0,1,2,A,-,12,21453,,N,D,C,A,A,H,-,C,A,0,,,,,Y,,J,48,0,0,1,0,0,0,0,0,0,"- ","- ",,,"SAN FRANCISCO","SAN FRANCISCO",-122.44480895996094,37.722934722900391
9671593,2024,2024-03-11,3801,2024-01-09,1641,1666,PARK,2,5,7,3801,0,0,0,,0,4CAR,"ROOSEVELT WY","LOWER TER",0.00,,Y,A,-,N,,,,,,,,,,N,4,0,1,2,A,-,10,21950,A,F,G,B,D,A,H,-,A,D,0,Y,,,,Y,,A,01,0,0,1,0,1,0,0,0,0,"- ","- ",,,"SAN FRANCISCO","SAN FRANCISCO",-122.44378662109375,37.7633056640625
9671596,2024,2024-03-11,3801,2024-01-21,1745,1666,PARK,7,5,7,3801,0,0,0,,0,4CAR,"OAK ST","BRODERICK ST",0.00,,Y,C,-,N,,,,,,,,,,N,3,0,1,2,A,-,10,21950,A,F,G,B,B,B,H,-,C,A,0,Y,,,,Y,,-,99,0,1,0,0,1,0,0,0,0,"- ","- ",,,"SAN FRANCISCO","SAN FRANCISCO",-122.43907928466797,37.772911071777344
9671709,2024,2024-05-15,3801,2024-03-06,2355,246,TARAV,3,5,7,3801,0,0,0,,0,"1 CAR","CASTENADA AV","PACHECO ST",0.00,,Y,A,-,N,,,,,,,,,,Y,3,0,1,2,A,-,01,23153,A,N,D,E,A,A,H,-,C,A,0,,,,,Y,Y,D,22,0,1,0,0,0,0,0,0,0,"- ","- ",,,"SAN FRANCISCO","SAN FRANCISCO",-122.46234893798828,37.747791290283203
9671713,2024,2024-05-22,3801,2024-03-18,1353,1523,NORTH,1,5,7,3801,0,0,0,,0,0E4,"SUTTER ST","STEINER ST",210.00,W,N,A,-,N,,,,,,,,,,N,4,0,2,2,A,-,04,21703,,N,C,C,A,A,H,-,A,D,0,,,,,Y,,I,20,0,0,2,0,0,0,0,0,0,"- ","- ",,,"SAN FRANCISCO","SAN FRANCISCO",-122.43561553955078,37.785793304443359
9671717,2024,2024-05-15,3801,2024-03-19,1553,4335,RICHM,2,5,7,3801,0,0,0,,0,901,"PARK PRESIDIO BL","CABRILLO ST",72.00,S,N,A,-,N,,,,,,,,,,Y,4,0,3,2,A,-,03,22350,,N,C,C,A,A,H,-,A,D,0,,,,,Y,Y,A,01,0,0,3,0,0,0,0,0,0,"- ","- ",,,"SAN FRANCISCO","SAN FRANCISCO",-122.47190856933594,37.774803161621094
9671721,2024,2024-05-15,3801,2024-03-27,1436,310,SOUTH,3,5,7,3801,0,0,0,,0,3B49,"MISSION ST","8TH ST",0.00,,Y,B,-,N,,,,,,,,,,N,4,0,1,2,A,-,17,21657,,N,A,C,A,A,H,-,A,A,0,,,Y,Y,Y,,C,02,0,0,1,0,0,0,0,0,1,"- ","- ",,,"SAN FRANCISCO","SAN FRANCISCO",-122.41315460205078,37.7774658203125
9671725,2024,2024-05-15,3801,2024-03-01,1204,359,TARAV,5,5,7,3801,0,0,0,,0,315A,"TARAVAL ST","43RD AV",0.00,,Y,B,-,N,,,,,,,,,,Y,4,0,1,2,A,-,09,21802,A,N,D,C,A,A,H,-,A,A,0,,,,,Y,,A,07,0,0,1,0,0,0,0,0,0,"- ","- ",,,"SAN FRANCISCO","SAN FRANCISCO",-122.50141143798828,37.741878509521484
9671726,2024,2024-08-28,3801,2024-03-01,1930,2400,BAYVI,5,5,7,3801,0,0,0,,0,2CAR,"OAKDALE AV","NEWHALL ST",0.00,,Y,C,-,N,,,,,,,,,,Y,4,0,3,5,A,-,03,22350,,N,D,D,A,B,H,-,C,A,0,,,,,Y,,D,22,0,0,3,0,0,0,0,0,0,"- ","- ",,,"SAN FRANCISCO","SAN FRANCISCO",-122.39218139648438,37.735668182373047
9671732,2024,2024-05-15,3801,2024-03-21,1542,359,TARAV,4,5,7,3801,0,0,0,,0,312D,"KIRKHAM ST","30TH AV",0.00,,Y,A,-,N,,,,,,,,,,N,3,0,1,2,A,-,10,21950,A,N,G,B,B,A,-,-,A,A,0,Y,,,,Y,,D,22,0,1,0,0,1,0,0,0,0,"- ","- ",,,"SAN FRANCISCO","SAN FRANCISCO",-122.48863220214844,37.759311676025391
9671733,2024,2024-04-18,3801,2024-02-29,1917,1291,TENDE,4,5,7,3801,0,0,0,,0,3J11D,"FELL ST","MARKET ST",0.00,,Y,B,-,N,,,,,,,,,,N,2,0,1,2,A,-,11,21453,D,N,G,E,B,B,-,-,C,A,0,Y,,,,Y,,N,60,1,0,0,0,1,0,0,0,0,"- ","- ",,,"SAN FRANCISCO","SAN FRANCISCO",-122.41753387451172,37.776527404785156
9671734,2024,2024-04-18,3801,2024-02-29,1613,2007,CENTR,4,5,7,3801,0,0,0,,0,3A12D,"STOCKTON ST","POST ST",0.00,,Y,C,-,N,,,,,,,,,,N,4,0,1,2,A,-,08,22107,,N,D,C,A,B,H,-,A,A,0,,,,,Y,Y,A,01,0,0,1,0,0,0,0,0,0,"- ","- ",,,"SAN FRANCISCO","SAN FRANCISCO",-122.40676879882812,37.788505554199219
9671735,2024,2024-04-18,3801,2024-02-26,"917 ",2229,TENDE,1,5,7,3801,0,0,0,,0,3J1A,"9TH ST","JESSIE ST",0.00,,Y,A,-,N,,,,,,,,,,N,4,0,1,2,A,-,04,21703,,N,C,C,A,A,H,-,A,A,0,,,,,Y,Y,A,01,0,0,1,0,0,0,0,0,0,"- ","- ",,,"SAN FRANCISCO","SAN FRANCISCO",-122.41532897949219,37.776706695556641
9671749,2024,2024-06-25,3801,2024-01-18,1913,484,NORTH,4,5,7,3801,0,0,0,,0,3E12D,"SUTTER ST","LARKIN ST",0.00,,Y,A,-,N,,,,,,,,,,N,3,0,2,3,A,-,09,21453,C,F,G,B,B,A,H,-,C,A,0,Y,,,,Y,,A,01,0,2,0,0,2,0,0,0,0,"- ","- ",,,"SAN FRANCISCO","SAN FRANCISCO",-122.41846466064453,37.787967681884766
9671750,2024,2024-04-08,3801,2024-01-28,1112,2195,NORTH,7,5,7,3801,0,0,0,,0,006,"VAN NESS AV","VALLEJO ST",0.00,,Y,A,-,N,,,,,,,,,,Y,4,0,2,2,A,-,03,22350,,N,C,C,A,A,-,-,A,A,0,,,,,Y,,A,01,0,0,2,0,0,0,0,0,0,"- ","- ",,,"SAN FRANCISCO","SAN FRANCISCO",-122.42353057861328,37.796695709228516
9671751,2024,2024-04-08,3801,2024-01-24,2255,2437,BAYVI,3,5,7,3801,0,0,0,,0,3C15E,"GILMAN AV","JENNINGS ST",6.00,N,N,A,-,N,,,,,,,,,,Y,4,0,1,3,A,-,03,22350,,N,D,C,A,A,H,-,C,D,0,,,Y,,Y,,C,02,0,0,1,0,0,0,0,0,1,"- ","- ",,,"SAN FRANCISCO","SAN FRANCISCO",-122.39376831054688,37.721401214599609
9671752,2024,2024-04-08,3801,2024-01-28,1403,1075,SOUTH,7,5,7,3801,0,0,0,,0,3B1A,"7TH ST","MINNA ST",0.00,,Y,A,-,N,,,,,,,,,,N,3,0,1,2,D,-,00,,,N,C,C,A,A,H,-,A,D,0,,,Y,,Y,,-,"- ",0,1,0,0,0,0,0,0,1,"- ","- ",,,"SAN FRANCISCO","SAN FRANCISCO",-122.41038513183594,37.778785705566406
9671881,2023,2024-02-26,3801,2023-12-28,1418,2315,MISSI,4,5,7,3801,0,0,0,,0,3D11A,"GUERRERO ST","19TH ST",103.00,N,N,B,-,N,,,,,,,,,,N,4,0,1,3,A,-,08,22107,,N,B,D,A,A,H,-,A,D,0,,,Y,,Y,,A,01,0,0,1,0,0,0,0,0,1,"- ","- ",,,"SAN FRANCISCO","SAN FRANCISCO",-122.42366027832031,37.760261535644531
9671882,2023,2024-03-06,3801,2023-12-30,"814 ",A23982,PARK,6,5,7,3801,0,0,0,,0,3F13A,"STANYAN ST","FELL ST",0.00,,Y,C,-,N,,,,,,,,,,Y,3,0,1,2,A,-,07,21658,A,N,C,E,A,B,H,-,A,D,0,,,,,Y,,A,01,0,1,0,0,0,0,0,0,0,"- ","- ",,,"SAN FRANCISCO","SAN FRANCISCO",-122.45407104492188,37.77197265625
9672883,2024,2024-04-29,3801,2024-02-27,1555,893,INGLE,2,5,7,3801,0,0,0,,0,3H13D,"ALEMANY BL","SENECA AV",0.00,,Y,A,-,N,,,,,,,,,,Y,4,0,1,2,A,-,09,21801,A,N,D,C,A,A,H,-,A,A,0,,,,,Y,,E,22,0,0,1,0,0,0,0,0,0,"- ","- ",,,"SAN FRANCISCO","SAN FRANCISCO",-122.44136047363281,37.718658447265625
9672911,2023,2024-04-29,3801,2023-02-13,"922 ",2008,MISSI,1,5,7,3801,0,0,0,,0,3D13A,"23RD ST","TREAT AV",0.00,,Y,A,-,N,,,,,,,,,,N,3,0,1,3,A,-,12,22450,,F,D,G,A,A,H,-,A,-,0,,Y,,Y,Y,,A,07,0,1,0,0,0,0,1,0,0,"- ","- ",,,"SAN FRANCISCO","SAN FRANCISCO",-122.41312408447266,37.754173278808594
9672915,2024,2024-04-24,3801,2024-02-27,"916 ",1642,PARK,2,5,7,3801,0,0,0,,0,3F13A,"CLARENDON AV","CLARENDON WOODS AV",250.00,W,N,A,-,N,,,,,,,,,,N,2,0,1,2,A,-,03,22350,A,N,D,G,A,A,H,-,A,D,0,,Y,,Y,Y,,L,04,1,0,0,0,0,0,1,0,0,"- ","- ",,,"SAN FRANCISCO","SAN FRANCISCO",,
9672919,2024,2024-03-22,3801,2024-01-22,1927,835,RICHM,1,5,7,3801,0,0,0,,0,003,"PARK PRESIDIO BL","FULTON ST",0.00,,Y,B,-,N,,,,,,,,,,Y,4,0,1,4,D,-,00,,,N,C,C,A,B,H,-,C,A,0,,,,,Y,,-,"- ",0,0,1,0,0,0,0,0,0,"- ","- ",,,"SAN FRANCISCO","SAN FRANCISCO",-122.47177886962891,37.773124694824219
9673361,2024,2024-05-04,3801,2024-02-13,2306,1300,PARK,2,5,7,3801,0,0,0,,0,3F13E,"MASONIC AV","FELL ST",0.00,,Y,A,-,N,,,,,,,,,,Y,4,0,1,2,A,-,12,21453,A,N,D,C,A,A,H,-,C,A,0,,,,,Y,,A,07,0,0,1,0,0,0,0,0,0,"- ","- ",,,"SAN FRANCISCO","SAN FRANCISCO",-122.44591522216797,37.772983551025391
9673362,2024,2024-05-04,3801,2024-02-14,1819,1591,BAYVI,3,5,7,3801,0,0,0,,0,3C15D,"3RD ST","EVAN AV",0.00,,Y,C,-,N,,,,,,,,,,N,2,0,1,2,A,-,11,21456,A,F,G,B,B,B,H,-,C,A,0,Y,,,,Y,,N,60,1,0,0,0,1,0,0,0,0,"- ","- ",,,"SAN FRANCISCO","SAN FRANCISCO",-122.38801574707031,37.742733001708984