CASE_ID,ACCIDENT_YEAR,PROC_DATE,JURIS,COLLISION_DATE,COLLISION_TIME,OFFICER_ID,REPORTING_DISTRICT,DAY_OF_WEEK,CHP_SHIFT,POPULATION,CNTY_CITY_LOC,SPECIAL_COND,BEAT_TYPE,CHP_BEAT_TYPE,CITY_DIVISION_LAPD,CHP_BEAT_CLASS,BEAT_NUMBER,PRIMARY_RD,SECONDARY_RD,DISTANCE,DIRECTION,INTERSECTION,WEATHER_1,WEATHER_2,STATE_HWY_IND,CALTRANS_COUNTY,CALTRANS_DISTRICT,STATE_ROUTE,ROUTE_SUFFIX,POSTMILE_PREFIX,POSTMILE,LOCATION_TYPE,RAMP_INTERSECTION,SIDE_OF_HWY,TOW_AWAY,COLLISION_SEVERITY,NUMBER_KILLED,NUMBER_INJURED,PARTY_COUNT,PRIMARY_COLL_FACTOR,PCF_CODE_OF_VIOL,PCF_VIOL_CATEGORY,PCF_VIOLATION,PCF_VIOL_SUBSECTION,HIT_AND_RUN,TYPE_OF_COLLISION,MVIW,PED_ACTION,ROAD_SURFACE,ROAD_COND_1,ROAD_COND_2,LIGHTING,CONTROL_DEVICE,CHP_ROAD_TYPE,PEDESTRIAN_ACCIDENT,BICYCLE_ACCIDENT,MOTORCYCLE_ACCIDENT,TRUCK_ACCIDENT,NOT_PRIVATE_PROPERTY,ALCOHOL_INVOLVED,STWD_VEHTYPE_AT_FAULT,CHP_VEHTYPE_AT_FAULT,COUNT_SEVERE_INJ,COUNT_VISIBLE_INJ,COUNT_COMPLAINT_PAIN,COUNT_PED_KILLED,COUNT_PED_INJURED,COUNT_BICYCLIST_KILLED,COUNT_BICYCLIST_INJURED,COUNT_MC_KILLED,COUNT_MC_INJURED,PRIMARY_RAMP,SECONDARY_RAMP,LATITUDE,LONGITUDE,COUNTY,CITY,POINT_X,POINT_Y
9673364,2024,2024-05-04,3801,2024-02-13,1000,1580,SOUTH,2,5,7,3801,0,0,0,,0,3B5A,"MARKET ST","VAN NESS AV",0.00,,Y,A,-,N,,,,,,,,,,N,2,0,1,2,A,-,05,21650,1,F,A,G,A,A,H,-,A,A,0,,Y,,,Y,,L,04,1,0,0,0,0,0,0,0,0,"- ","- ",,,"SAN FRANCISCO","SAN FRANCISCO",-122.41925811767578,37.775169372558594
9673365,2024,2024-05-04,3801,2024-02-12,1250,1336,CENTR,1,5,7,3801,0,0,0,,0,,"CALIFORNIA ST","LEAVENWORTH ST",0.00,,Y,A,-,N,,,,,,,,,,N,3,0,1,2,A,-,08,22107,,N,G,B,B,A,H,-,A,A,0,Y,,,,Y,,A,07,0,1,0,0,1,0,0,0,0,"- ","- ",,,"SAN FRANCISCO","SAN FRANCISCO",-122.41574859619141,37.791206359863281
9673366,2024,2024-05-04,3801,2024-02-12,1854,1057,SOUTH,1,5,7,3801,0,0,0,,0,3B14D,"BRYANT ST","9TH ST",0.00,,Y,A,-,N,,,,,,,,,,Y,4,0,1,2,A,-,08,22107,,N,D,C,A,A,H,-,C,A,0,,,,,Y,,A,07,0,0,1,0,0,0,0,0,0,"- ","- ",,,"SAN FRANCISCO","SAN FRANCISCO",-122.40853118896484,37.771289825439453
9673367,2024,2024-05-04,3801,2024-02-12,2306,2241,NORTH,1,5,7,3801,0,0,0,,0,0E2,"LAGUNA ST","LARCH ALY",0.00,,Y,A,-,N,,,,,,,,,,Y,4,0,1,2,A,-,00,21808,A,N,D,G,A,A,H,-,C,A,0,,Y,,,Y,,A,01,0,0,1,0,0,0,1,0,0,"- ","- ",,,"SAN FRANCISCO","SAN FRANCISCO",-122.42729949951172,37.781578063964844
9673368,2024,2024-05-07,3801,2024-02-12,2500,2744,SOUTH,1,5,7,3801,0,0,0,,0,0B4,"MARKET ST","GOUGH ST",119.00,W,N,A,-,N,,,,,,,,,,N,4,0,1,2,A,-,09,21804,A,F,B,J,A,A,H,-,A,A,0,,,,,Y,,A,01,0,0,1,0,0,0,0,0,0,"- ","- ",,,"SAN FRANCISCO","SAN FRANCISCO",-122.42250061035156,37.772640228271484
9673369,2024,2024-05-04,3801,2024-02-15,1344,481,CENTR,4,5,7,3801,0,0,0,,0,3A42C,"STOCKTON ST","UNION ST",0.00,,Y,A,-,N,,,,,,,,,,N,4,0,1,2,A,-,17,22517,,N,B,J,A,A,H,-,A,D,0,,,,,Y,,A,08,0,0,1,0,0,0,0,0,0,"- ","- ",,,"SAN FRANCISCO","SAN FRANCISCO",-122.40917205810547,37.800430297851562
9673370,2024,2024-05-04,3801,2024-02-15,1446,1166,INGLE,4,5,7,3801,0,0,0,,0,3H13D,"MISSION ST","MISSION ST 5200 BLK",0.00,,N,A,-,N,,,,,,,,,,N,4,0,2,2,A,-,04,21703,,N,C,C,A,A,H,-,A,D,0,,,,,Y,,A,07,0,0,2,0,0,0,0,0,0,"- ","- ",,,"SAN FRANCISCO","SAN FRANCISCO",-122.41979217529297,37.7705078125
9673371,2024,2024-07-02,3801,2024-02-14,1520,1544,CENTR,3,5,7,3801,0,0,0,,0,3A15D,"3RD ST",STEVENSON,0.00,,Y,C,-,N,,,,,,,,,,Y,4,0,2,2,A,-,12,21453,A,N,D,C,A,B,H,-,A,A,0,,,,,Y,,A,01,0,0,2,0,0,0,0,0,0,"- ","- ",,,"SAN FRANCISCO","SAN FRANCISCO",-122.40297698974609,37.787040710449219
9673372,2024,2024-05-04,3801,2024-02-14,2144,2727,INGLE,3,5,7,3801,0,0,0,,0,3H11E,"MISSION ST","29TH ST",95.00,N,N,C,-,N,,,,,,,,,,Y,3,0,1,2,A,-,05,21651,B,N,A,C,A,B,H,-,C,D,0,,,Y,,Y,Y,A,01,0,1,0,0,0,0,0,0,1,"- ","- ",,,"SAN FRANCISCO","SAN FRANCISCO",-122.42076873779297,37.744312286376953
9673373,2024,2024-05-01,3801,2024-02-12,2003,397,TENDE,1,5,7,3801,0,0,0,,0,3J15D,"4TH ST","MARKET ST",0.00,,Y,A,-,N,,,,,,,,,,N,3,0,1,2,A,-,10,21950,A,N,D,C,A,A,H,-,C,A,0,,,,,Y,Y,A,01,0,1,0,0,0,0,0,0,0,"- ","- ",,,"SAN FRANCISCO","SAN FRANCISCO",-122.40589141845703,37.785697937011719
9673374,2024,2024-05-01,3801,2024-02-13,"22  ",1782,TENDE,2,5,7,3801,0,0,0,,0,COJ,"THE EMBARCADERO","HARRISON ST",0.00,,Y,-,-,N,,,,,,,,,,N,4,0,1,2,A,-,04,21703,,N,C,C,A,-,-,-,-,A,0,,,,,Y,,A,01,0,0,1,0,0,0,0,0,0,"- ","- ",,,"SAN FRANCISCO","SAN FRANCISCO",-122.38861083984375,37.789497375488281
9673375,2024,2024-05-01,3801,2024-02-14,2209,1897,NORTH,3,5,7,3801,0,0,0,,0,3E12E,"LAGUNA ST","IVY ST",0.00,,Y,C,-,N,,,,,,,,,,N,4,0,1,2,A,-,09,21801,A,N,H,J,A,B,H,-,C,D,0,,,,,Y,,A,07,0,0,1,0,0,0,0,0,0,"- ","- ",,,"SAN FRANCISCO","SAN FRANCISCO",-122.42636108398438,37.776931762695312
9673376,2024,2024-05-01,3801,2024-02-03,2359,4270,NORTH,6,5,7,3801,0,0,0,,0,3E14A,"SACRAMENTO ST","DIVISADERO ST",130.00,E,N,-,-,N,,,,,,,,,,N,3,0,1,2,A,-,03,22350,,F,-,-,-,-,-,-,-,-,0,Y,,,,Y,,A,01,0,1,0,0,1,0,0,0,0,"- ","- ",,,"SAN FRANCISCO","SAN FRANCISCO",-122.440185546875,37.789039611816406
9673377,2024,2024-05-01,3801,2024-02-14,1811,359,TARAV,3,5,7,3801,0,0,0,,0,3I16D,"FONT BL","JUNIPERO SERRA BL",20.00,W,N,A,-,N,,,,,,,,,,Y,4,0,1,2,A,-,04,21703,,N,C,C,A,B,H,-,C,A,0,,,,,Y,,A,01,0,0,1,0,0,0,0,0,0,"- ","- ",,,"SAN FRANCISCO","SAN FRANCISCO",-122.47184753417969,37.714420318603516
9673378,2024,2024-05-01,3801,2024-02-14,1913,1113,PARK,3,5,7,3801,0,0,0,,0,3F60,"KEZAR DR","MARTIN LUTHER KING JR DR",600.00,E,N,A,-,N,,,,,,,,,,N,4,0,1,2,A,-,00,21955,A,N,G,B,D,B,H,-,C,A,0,Y,,,,Y,,N,60,0,0,1,0,1,0,0,0,0,"- ","- ",,,"SAN FRANCISCO","SAN FRANCISCO",-122.45674133300781,37.767784118652344
9673379,2024,2024-05-01,3801,2024-02-14,2230,A22887,CENTR,3,5,7,3801,0,0,0,,0,3A13E,"POWELL ST","VALLEJO ST",58.00,S,N,A,-,N,,,,,,,,,,N,2,0,1,1,D,-,00,,,N,F,A,A,B,H,-,C,D,0,,,,,Y,Y,-,"- ",1,0,0,0,0,0,0,0,0,"- ","- ",,,"SAN FRANCISCO","SAN FRANCISCO",-122.41040802001953,37.798213958740234
9673380,2024,2024-05-01,3801,2024-02-14,1531,481,TARAV,3,5,7,3801,0,0,0,,0,3I90,"VICENTE ST","47TH AV",0.00,,Y,C,-,N,,,,,,,,,,N,3,0,1,1,A,-,03,22350,,N,H,A,A,B,G,-,A,D,0,,Y,,,Y,,L,04,0,1,0,0,0,0,1,0,0,"- ","- ",,,"SAN FRANCISCO","SAN FRANCISCO",-122.50543975830078,37.737998962402344
9673381,2024,2024-05-01,3801,2024-02-17,1847,246,TARAV,6,5,7,3801,0,0,0,,0,5CAR,"WINSTON DR","BUCKINGHAM WY",0.00,,Y,C,-,N,,,,,,,,,,N,4,0,1,2,A,-,10,21950,A,N,A,B,B,B,H,-,C,A,0,Y,,,,Y,,A,01,0,0,1,0,1,0,0,0,0,"- ","- ",,,"SAN FRANCISCO","SAN FRANCISCO",-122.47597503662109,37.730087280273438
9673382,2024,2024-05-01,3801,2024-02-17,2007,1057,SOUTH,6,5,7,3801,0,0,0,,0,3B14D,"17TH ST","CAROLINA ST",0.00,,Y,C,-,N,,,,,,,,,,N,4,0,1,2,A,-,10,21950,A,N,G,B,B,B,H,-,C,A,0,Y,,,,Y,,A,01,0,0,1,0,1,0,0,0,0,"- ","- ",,,"SAN FRANCISCO","SAN FRANCISCO",-122.40061950683594,37.764907836914062
9673383,2024,2024-05-01,3801,2024-02-17,1545,307,NORTH,6,5,7,3801,0,0,0,,0,3E13D,"POLK ST","POST ST",0.00,,Y,B,-,N,,,,,,,,,,N,4,0,1,2,A,-,09,21801,A,N,D,C,A,A,H,-,A,A,0,,,,,Y,,A,01,0,0,1,0,0,0,0,0,0,"- ","- ",,,"SAN FRANCISCO","SAN FRANCISCO",-122.41989898681641,37.786834716796875
9673384,2024,2024-05-01,3801,2024-02-22,"530 ",2315,MISSI,4,5,7,3801,0,0,0,,0,3D11A,"ROSA PARKS LN","GUERRERO ST",0.00,,Y,A,-,N,,,,,,,,,,N,4,0,1,2,A,-,10,21950,A,N,G,B,D,A,H,-,C,D,0,Y,,,,Y,,A,01,0,0,1,0,1,0,0,0,0,"- ","- ",,,"SAN FRANCISCO","SAN FRANCISCO",-122.42433929443359,37.767322540283203
9673385,2024,2024-04-29,3801,2024-02-23,"857 ",4275,TARAV,5,5,7,3801,0,0,0,,0,3I2A,"24TH AV","ULLOA ST",14.00,S,N,A,-,N,,,,,,,,,,N,3,0,1,2,A,-,10,21950,A,N,B,B,B,A,H,-,A,A,0,Y,,,,Y,,A,01,0,1,0,0,1,0,0,0,0,"- ","- ",,,"SAN FRANCISCO","SAN FRANCISCO",-122.48094940185547,37.740901947021484
9673386,2024,2024-04-29,3801,2024-02-23,1714,359,TARAV,5,5,7,3801,0,0,0,,0,3I16D,"20TH AV","QUINTARA ST",0.00,,Y,A,-,N,,,,,,,,,,N,4,0,1,2,A,-,12,22450,A,N,D,C,A,A,H,-,A,A,0,,,,,Y,,A,01,0,0,1,0,0,0,0,0,0,"- ","- ",,,"SAN FRANCISCO","SAN FRANCISCO",-122.47716522216797,37.748592376708984
9673387,2024,2024-04-29,3801,2024-02-26,2044,564,NORTH,1,5,7,3801,0,0,0,,0,3E12D,"DIVISADERO ST","GROVE ST",45.00,N,N,A,-,N,,,,,,,,,,N,3,0,1,3,A,-,21,22106,,N,G,B,E,A,H,-,C,D,0,Y,,,,Y,,A,01,0,1,0,0,1,0,0,0,0,"- ","- ",,,"SAN FRANCISCO","SAN FRANCISCO",-122.43800354003906,37.776050567626953
9673388,2024,2024-04-29,3801,2024-02-27,1449,893,INGLE,2,5,7,3801,0,0,0,,0,3H13D,"SILVER AV","VIENNA ST",0.00,,Y,A,-,N,,,,,,,,,,Y,4,0,2,2,A,-,09,21801,A,N,D,D,A,A,H,-,A,D,0,,,,,Y,,A,07,0,0,2,0,0,0,0,0,0,"- ","- ",,,"SAN FRANCISCO","SAN FRANCISCO",-122.42420196533203,37.728736877441406
9673389,2024,2024-04-29,3801,2024-02-26,1128,624,NORTH,1,5,7,3801,0,0,0,,0,003,"FRANKLIN ST","SUTTER ST",0.00,,Y,A,-,N,,,,,,,,,,N,4,0,1,2,A,-,05,21752,D,N,B,-,A,A,H,-,A,A,0,,,,,Y,,A,01,0,0,1,0,0,0,0,0,0,"- ","- ",,,"SAN FRANCISCO","SAN FRANCISCO",-122.42340087890625,37.787345886230469
9673390,2024,2024-04-29,3801,2024-02-26,1402,649,INGLE,1,5,7,3801,0,0,0,,0,3H13A,"MISSION ST","MURRAY ST",0.00,,Y,A,-,N,,,,,,,,,,N,4,0,1,2,A,-,12,21453,A,N,B,C,A,A,H,-,A,A,0,,,Y,,Y,,C,02,0,0,1,0,0,0,0,0,1,"- ","- ",,,"SAN FRANCISCO","SAN FRANCISCO",-122.42644500732422,37.733669281005859
9673391,2024,2024-04-29,3801,2024-02-11,2115,1113,PARK,7,5,7,3801,0,0,0,,0,3F13E,"STANYAN ST","FULTON ST",0.00,,Y,-,-,N,,,,,,,,,,N,2,0,1,2,A,-,00,21955,A,F,G,B,D,A,H,-,C,A,0,Y,,,,Y,Y,N,60,1,0,0,0,1,0,0,0,0,"- ","- ",,,"SAN FRANCISCO","SAN FRANCISCO",-122.45465850830078,37.774745941162109
9673392,2024,2024-04-29,3801,2024-02-25,1346,1003,INGLE,7,5,7,3801,0,0,0,,0,5CAR,"MISSION ST","ROLPH ST",0.00,,Y,A,-,N,,,,,,,,,,N,3,0,1,2,A,-,12,21453,A,N,D,C,A,A,H,-,A,A,0,,,Y,,Y,,C,02,0,1,0,0,0,0,0,0,1,"- ","- ",,,"SAN FRANCISCO","SAN FRANCISCO",-122.44157409667969,37.715785980224609
9673393,2024,2024-04-29,3801,2024-02-11,"303 ",2035,MISSI,7,5,7,3801,0,0,0,,0,3D16E,"17TH ST","FOLSOM ST",0.00,,Y,A,-,N,,,,,,,,,,N,4,0,1,2,A,-,12,21453,A,N,D,G,A,A,H,-,C,A,0,,Y,,,Y,Y,L,04,0,0,1,0,0,0,1,0,0,"- ","- ",,,"SAN FRANCISCO","SAN FRANCISCO",-122.41515350341797,37.763694763183594
9673394,2024,2024-04-29,3801,2024-02-11,1729,2357,TARAV,7,5,7,3801,0,0,0,,0,3I6D,"ALEMANY BL","CHESTER AV",0.00,,Y,A,-,N,,,,,,,,,,Y,2,0,1,1,A,-,03,22350,,N,E,I,A,A,H,-,A,D,0,,,,,Y,,A,01,1,0,0,0,0,0,0,0,0,"- ","- ",,,"SAN FRANCISCO","SAN FRANCISCO",-122.47042083740234,37.709918975830078
9673395,2024,2024-04-29,3801,2024-02-10,2237,2445,MISSI,6,5,7,3801,0,0,0,,0,01D,"CHURCH ST","15TH ST",0.00,,Y,A,-,N,,,,,,,,,,N,4,0,1,2,A,-,12,21453,A,N,D,G,A,A,H,-,C,A,0,,Y,,,Y,,L,04,0,0,1,0,0,0,1,0,0,"- ","- ",,,"SAN FRANCISCO","SAN FRANCISCO",-122.42880249023438,37.766132354736328
9673396,2024,2024-04-29,3801,2024-02-11,"158 ",483,MISSI,7,5,7,3801,0,0,0,,0,006,"13TH ST","S VAN NESS AV",0.00,,Y,A,-,N,,,,,,,,,,Y,3,0,2,2,A,-,12,21453,,N,A,C,A,A,H,-,C,A,0,,,,,Y,,A,01,0,1,1,0,0,0,0,0,0,"- ","- ",,,"SAN FRANCISCO","SAN FRANCISCO",-122.41777801513672,37.7696533203125
9673397,2024,2024-04-29,3801,2024-02-10,"909 ",1759,PARK,6,5,7,3801,0,0,0,,0,3F14,"DUBOCE AV","DIVISADERO ST",40.00,E,N,A,-,N,,,,,,,,,,N,4,0,1,2,A,-,08,22107,,N,A,C,A,A,H,-,A,D,0,,,Y,,Y,,C,02,0,0,1,0,0,0,0,0,1,"- ","- ",,,"SAN FRANCISCO","SAN FRANCISCO",-122.43649291992188,37.769023895263672
9673398,2024,2024-04-29,3801,2024-02-10,1813,246,TARAV,6,5,7,3801,0,0,0,,0,5CAR,"LAKE MERCED BL","STATE DR",0.00,,Y,A,-,N,,,,,,,,,,Y,4,0,3,2,A,-,04,21703,,N,C,C,A,A,G,-,C,A,0,,,,,Y,,A,01,0,0,3,0,0,0,0,0,0,"- ","- ",,,"SAN FRANCISCO","SAN FRANCISCO",-122.48471832275391,37.72491455078125
9673399,2024,2024-04-29,3801,2024-02-09,2248,8887,NORTH,5,5,7,3801,0,0,0,,0,3E12E,"OAK ST","BUCHANAN ST",0.00,,Y,A,-,N,,,,,,,,,,N,3,0,2,3,A,-,10,21950,A,N,G,B,B,A,H,-,C,A,0,Y,,,,Y,Y,A,01,0,1,1,0,2,0,0,0,0,"- ","- ",,,"SAN FRANCISCO","SAN FRANCISCO",-122.42754364013672,37.774402618408203
9673400,2024,2024-04-29,3801,2024-02-10,"658 ",2706,MISSI,6,5,7,3801,0,0,0,,0,,"POTRERO AV","16TH ST",0.00,,Y,A,-,N,,,,,,,,,,Y,4,0,3,2,A,-,12,21453,A,N,H,-,A,A,H,-,B,A,0,,,,,Y,,A,01,0,0,3,0,0,0,0,0,0,"- ","- ",,,"SAN FRANCISCO","SAN FRANCISCO",-122.40756225585938,37.765773773193359
9673401,2024,2024-07-03,3801,2024-02-09,2123,2035,MISSI,5,5,7,3801,0,0,0,,0,3D13E,"20TH ST","LEXINGTON ST",0.00,,Y,A,-,N,,,,,,,,,,Y,4,0,1,2,A,-,01,23153,A,N,D,C,A,A,H,-,C,A,0,,,,,Y,Y,A,01,0,0,1,0,0,0,0,0,0,"- ","- ",,,"SAN FRANCISCO","SAN FRANCISCO",-122.42048645019531,37.758537292480469
9673402,2024,2024-04-29,3801,2024-02-09,2219,1827,MISSI,5,5,7,3801,0,0,0,,0,01D,"16TH ST",VALENCIA,0.00,,Y,A,-,N,,,,,,,,,,Y,3,0,2,3,A,-,10,21950,A,F,B,-,B,A,-,-,C,A,0,Y,,,,Y,,D,22,0,1,1,0,2,0,0,0,0,"- ","- ",,,"SAN FRANCISCO","SAN FRANCISCO",-122.42189025878906,37.764907836914062
9673403,2024,2024-04-29,3801,2024-02-08,1245,1288,NORTH,4,5,7,3801,0,0,0,,0,3E15A,"LAGUNA ST","LAGUNA ST 2946",0.00,,N,A,-,N,,,,,,,,,,Y,3,0,1,2,A,-,09,21804,A,N,B,C,A,A,H,-,A,A,0,,,Y,,Y,,A,01,0,1,0,0,0,0,0,0,1,"- ","- ",,,"SAN FRANCISCO","SAN FRANCISCO",,
9673404,2024,2024-04-29,3801,2024-02-07,1720,2017,MISSI,3,5,7,3801,0,0,0,,0,3D2D,"7TH ST","NATOMA ST",0.00,,Y,A,-,N,,,,,,,,,,N,3,0,1,2,A,-,08,22107,,N,B,G,A,A,H,-,C,A,0,,Y,,,Y,,-,,0,1,0,0,0,0,1,0,0,"- ","- ",,,"SAN FRANCISCO","SAN FRANCISCO",-122.40989685058594,37.778400421142578
9673411,2024,2024-04-29,3801,2024-02-17,1620,628,RICHM,6,5,7,3801,0,0,0,,0,03G,"PARK PRESIDIO","CALIFORNIA ST",350.00,N,N,B,C,N,,,,,,,,,,N,4,0,1,2,A,-,11,21954,A,N,B,B,E,B,H,-,A,D,0,Y,,,,Y,,N,60,0,0,1,0,1,0,0,0,0,"- ","- ",,,"SAN FRANCISCO","SAN FRANCISCO",-122.47267150878906,37.785419464111328
9673421,2024,2024-04-29,3801,2024-02-26,"915 ",1243,PARK,1,5,7,3801,0,0,0,,0,3F11C,"PARNASSUS ST","HILLWAY AV",0.00,,Y,A,-,N,,,,,,,,,,N,4,0,1,2,A,-,11,21950,B,N,G,B,E,A,H,-,A,D,0,Y,,,,Y,,N,60,0,0,1,0,1,0,0,0,0,"- ","- ",,,"SAN FRANCISCO","SAN FRANCISCO",-122.45670318603516,37.763839721679688
9673422,2024,2024-04-29,3801,2024-02-26,1550,1057,SOUTH,1,5,7,3801,0,0,0,,0,3B14D,"HOWARD ST","HOWARD ST 1288",0.00,,N,A,-,N,,,,,,,,,,N,3,0,1,2,A,-,08,22107,,N,D,C,A,A,H,-,A,A,0,,,,,Y,,A,01,0,1,0,0,0,0,0,0,0,"- ","- ",,,"SAN FRANCISCO","SAN FRANCISCO",-117.68926239013672,34.052200317382812
9673423,2024,2024-04-29,3801,2024-02-24,1931,1355,TARAV,6,5,7,3801,0,0,0,,0,3I5D,"19TH AV","JUNIPERO SERRA BL",104.00,W,N,A,-,N,,,,,,,,,,N,4,0,1,2,A,-,10,21950,A,F,G,B,B,A,H,-,C,A,0,Y,,,,Y,,A,07,0,0,1,0,1,0,0,0,0,"- ","- ",,,"SAN FRANCISCO","SAN FRANCISCO",-122.47294616699219,37.717403411865234
9673424,2024,2024-04-29,3801,2024-02-25,"723 ",2707,TARAV,7,5,7,3801,0,0,0,,0,5CAR,"JUNIPERO SERRA BL","19TH AV",0.00,,Y,A,-,N,,,,,,,,,,Y,4,0,1,1,A,-,08,22107,,N,A,I,A,A,H,-,A,D,0,,,,,Y,,A,07,0,0,1,0,0,0,0,0,0,"- ","- ",,,"SAN FRANCISCO","SAN FRANCISCO",-122.47271728515625,37.717182159423828
9673771,2024,2024-03-12,3801,2024-01-28,1710,1988,MISSI,7,5,7,3801,0,0,0,,0,,"16TH ST","ALBION ST",36.00,W,N,A,-,N,,,,,,,,,,N,4,0,1,1,D,-,00,,,N,-,A,A,A,H,-,A,-,0,,,Y,,Y,,-,"- ",0,0,1,0,0,0,0,0,1,"- ","- ",,,"SAN FRANCISCO","SAN FRANCISCO",-122.42322540283203,37.76483154296875
9674041,2024,2024-06-04,3801,2024-01-24,1625,707,TRAFF,3,5,7,3801,0,0,0,,0,4B3G,"3RD ST","BRYANT ST",0.00,,Y,B,-,N,,,,,,,,,,Y,4,0,3,2,A,-,12,21453,A,F,D,C,A,B,H,-,A,A,0,,,,,Y,,A,01,0,0,3,0,0,0,0,0,0,"- ","- ",,,"SAN FRANCISCO","SAN FRANCISCO",-122.39585113525391,37.781307220458984
9675310,2023,2024-03-05,3801,2023-11-16,"707 ",50,TENDE,4,5,7,3801,0,0,0,,0,001,"MARKET ST","6TH ST",0.00,,Y,A,-,N,,,,,,,,,,N,3,0,1,1,D,-,00,,,N,H,A,A,A,H,-,A,-,0,,,,,Y,,-,"- ",0,1,0,0,0,0,0,0,0,"- ","- ",,,"SAN FRANCISCO","SAN FRANCISCO",-122.41030120849609,37.782241821289062
9675448,2023,2024-02-24,3801,2023-07-25,1600,426,NORTH,2,5,7,3801,0,0,0,,0,3E13D,"VAN NESS AV","GEARY ST",0.00,,Y,A,-,N,,,,,,,,,,,4,0,1,2,A,-,10,21950,A,F,G,B,B,A,H,-,A,A,0,Y,,,,Y,,A,01,0,0,1,0,1,0,0,0,0,"- ","- ",,,"SAN FRANCISCO","SAN FRANCISCO",-122.42131805419922,37.785697937011719
9676276,2024,2024-04-29,3801,2024-02-02,1250,359,TARAV,5,5,7,3801,0,0,0,,0,312D,"ULLOA ST","27TH AV",0.00,,Y,A,-,N,,,,,,,,,,N,4,0,1,2,A,-,12,22450,A,F,G,B,B,A,H,-,A,A,0,Y,,,,Y,,D,22,0,0,1,0,1,0,0,0,0,"- ","- ",,,"SAN FRANCISCO","SAN FRANCISCO",-122.48411560058594,37.740798950195312
9676280,2024,2024-04-29,3801,2024-02-20,"645 ",640,MISSI,2,5,7,3801,0,0,0,,0,3D16A,"POTRERO AV","17TH ST",0.00,,N,C,-,N,,,,,,,,,,Y,3,0,1,2,A,-,08,22103,,N,D,C,A,B,H,-,A,D,0,,,Y,,Y,,D,22,0,1,0,0,0,0,0,0,1,"- ","- ",,,"SAN FRANCISCO","SAN FRANCISCO",-122.40743255615234,37.764484405517578
9676284,2024,2024-04-29,3801,2024-02-24,1759,1605,NORTH,6,5,7,3801,0,0,0,,0,3E13A,"VAN NESS AV","OFARRELL ST",6.00,N,N,A,-,N,,,,,,,,,,N,4,0,1,2,D,-,00,,,N,G,B,E,A,H,-,B,D,0,Y,,,,Y,,-,"- ",0,0,1,0,1,0,0,0,0,"- ","- ",,,"SAN FRANCISCO","SAN FRANCISCO",-122.42111968994141,37.784774780273438
9676311,2024,2024-03-13,3801,2024-01-20,1910,4274,RICHM,6,5,7,3801,0,0,0,,0,3G4D,"FULTON ST","25TH AV",15.00,E,N,-,-,N,,,,,,,,,,N,4,0,1,2,A,-,16,27007,,N,C,C,A,B,H,-,C,A,0,,,,,Y,,A,01,0,0,1,0,0,0,0,0,0,"- ","- ",,,"SAN FRANCISCO","SAN FRANCISCO",-122.484130859375,37.772571563720703
9676312,2024,2024-03-13,3801,2024-01-26,1700,1148,MISSI,5,5,7,3801,0,0,0,,0,3D15D,"FOLSOM ST","23RD ST",20.00,N,N,A,-,N,,,,,,,,,,N,3,0,1,2,A,-,21,22106,,F,A,C,A,A,H,-,A,D,0,,,,,Y,Y,A,01,0,1,0,0,0,0,0,0,0,"- ","- ",,,"SAN FRANCISCO","SAN FRANCISCO",-122.41425323486328,37.754173278808594
9676313,2024,2024-03-13,3801,2024-01-13,1816,299,CENTR,6,5,7,3801,0,0,0,,0,3A13D,"UNION ST","MASON ST",0.00,,Y,C,-,N,,,,,,,,,,N,4,0,1,2,A,-,10,21950,A,N,G,B,B,B,-,-,C,A,0,Y,,,,Y,,A,01,0,0,1,0,1,0,0,0,0,"- ","- ",,,"SAN FRANCISCO","SAN FRANCISCO",-122.41246795654297,37.800018310546875
9676921,2024,2024-05-29,3801,2024-04-27,1749,649,INGLE,6,5,7,3801,0,0,0,,0,3H14D,"ALEMANY BL","MT VERNON AVE",151.00,N,N,A,-,N,,,,,,,,,,N,3,0,1,2,A,-,08,22107,,N,B,C,A,A,H,-,A,D,0,,,Y,,Y,,A,01,0,1,0,0,0,0,0,0,1,"- ","- ",,,"SAN FRANCISCO","SAN FRANCISCO",-122.44422912597656,37.716392517089844
9676922,2024,2024-05-29,3801,2024-04-27,1531,1696,NORTH,6,5,7,3801,0,0,0,,0,3E15D,"LOMBARD ST","FILLMORE STREET",0.00,,Y,A,-,N,,,,,,,,,,Y,4,0,4,2,A,-,09,21801,A,N,D,C,A,A,H,-,A,A,0,,,,,Y,,A,01,0,0,4,0,0,0,0,0,0,"- ","- ",,,"SAN FRANCISCO","SAN FRANCISCO",-122.43605041503906,37.799846649169922
9676923,2024,2024-05-28,3801,2024-04-27,1245,1876,NORTH,6,5,7,3801,0,0,0,,0,3E16A,"STIENER ST","GOLDEN GATE AV",0.00,,Y,A,-,N,,,,,,,,,,Y,4,0,1,2,D,-,00,,,N,D,-,A,A,-,-,A,A,0,,,,,Y,,-,"- ",0,0,1,0,0,0,0,0,0,"- ","- ",,,"SAN FRANCISCO","SAN FRANCISCO",-122.43357849121094,37.779354095458984
9676924,2024,2024-05-28,3801,2024-04-27,1236,1350,BAYVI,6,5,7,3801,0,0,0,,0,3C13A,"3RD ST","UNDERWOOD AV",0.00,,Y,A,-,N,,,,,,,,,,Y,4,0,1,3,A,-,12,21453,A,N,D,C,A,A,H,-,A,A,0,,,,,Y,,A,01,0,0,1,0,0,0,0,0,0,"- ","- ",,,"SAN FRANCISCO","SAN FRANCISCO",-122.39244842529297,37.730060577392578