CASE_ID,ACCIDENT_YEAR,PROC_DATE,JURIS,COLLISION_DATE,COLLISION_TIME,OFFICER_ID,REPORTING_DISTRICT,DAY_OF_WEEK,CHP_SHIFT,POPULATION,CNTY_CITY_LOC,SPECIAL_COND,BEAT_TYPE,CHP_BEAT_TYPE,CITY_DIVISION_LAPD,CHP_BEAT_CLASS,BEAT_NUMBER,PRIMARY_RD,SECONDARY_RD,DISTANCE,DIRECTION,INTERSECTION,WEATHER_1,WEATHER_2,STATE_HWY_IND,CALTRANS_COUNTY,CALTRANS_DISTRICT,STATE_ROUTE,ROUTE_SUFFIX,POSTMILE_PREFIX,POSTMILE,LOCATION_TYPE,RAMP_INTERSECTION,SIDE_OF_HWY,TOW_AWAY,COLLISION_SEVERITY,NUMBER_KILLED,NUMBER_INJURED,PARTY_COUNT,PRIMARY_COLL_FACTOR,PCF_CODE_OF_VIOL,PCF_VIOL_CATEGORY,PCF_VIOLATION,PCF_VIOL_SUBSECTION,HIT_AND_RUN,TYPE_OF_COLLISION,MVIW,PED_ACTION,ROAD_SURFACE,ROAD_COND_1,ROAD_COND_2,LIGHTING,CONTROL_DEVICE,CHP_ROAD_TYPE,PEDESTRIAN_ACCIDENT,BICYCLE_ACCIDENT,MOTORCYCLE_ACCIDENT,TRUCK_ACCIDENT,NOT_PRIVATE_PROPERTY,ALCOHOL_INVOLVED,STWD_VEHTYPE_AT_FAULT,CHP_VEHTYPE_AT_FAULT,COUNT_SEVERE_INJ,COUNT_VISIBLE_INJ,COUNT_COMPLAINT_PAIN,COUNT_PED_KILLED,COUNT_PED_INJURED,COUNT_BICYCLIST_KILLED,COUNT_BICYCLIST_INJURED,COUNT_MC_KILLED,COUNT_MC_INJURED,PRIMARY_RAMP,SECONDARY_RAMP,LATITUDE,LONGITUDE,COUNTY,CITY,POINT_X,POINT_Y
9676925,2024,2024-05-28,3801,2024-04-27,"810 ",1203,MISSI,6,5,7,3801,0,0,0,,0,3D15A,"17TH ST","CHURCH ST",9.00,W,N,A,-,N,,,,,,,,,,N,2,0,1,2,A,-,03,22350,,N,H,I,A,A,H,-,A,A,0,,Y,,,Y,,L,04,1,0,0,0,0,0,1,0,0,"- ","- ",,,"SAN FRANCISCO","SAN FRANCISCO",-122.42854309082031,37.76287841796875
9676926,2024,2024-05-28,3801,2024-04-27,"14  ",1096,CENTR,6,5,7,3801,0,0,0,,0,3A15E,"COLUMBUS AV","BAY ST",0.00,,Y,A,-,N,,,,,,,,,,Y,2,0,1,2,A,-,12,21453,A,N,D,C,A,A,H,-,C,A,0,,,Y,,Y,,A,01,1,0,0,0,0,0,0,0,1,"- ","- ",,,"SAN FRANCISCO","SAN FRANCISCO",-122.41719818115234,37.805194854736328
9676927,2024,2024-05-28,3801,2024-04-22,1303,1371,NORTH,1,5,7,3801,0,0,0,,0,001,"HAIGHT ST","DIVISADERO ST",58.00,E,N,A,-,N,,,,,,,,,,N,4,0,1,2,A,-,03,22350,,N,B,C,A,A,H,-,A,A,0,,,,,Y,,A,01,0,0,1,0,0,0,0,0,0,"- ","- ",,,"SAN FRANCISCO","SAN FRANCISCO",-122.43684387207031,37.771293640136719
9676928,2024,2024-05-28,3801,2024-04-22,1115,2748,SOUTH,1,5,7,3801,0,0,0,,0,3B14A,"OTIS ST","VAN NESS AVE",32.00,S,N,A,-,N,,,,,,,,,,N,3,0,1,2,A,-,08,22107,A,F,B,C,A,A,H,-,A,A,0,,,Y,,Y,,-,,0,1,0,0,0,0,0,0,1,"- ","- ",,,"SAN FRANCISCO","SAN FRANCISCO",-122.41870880126953,37.773048400878906
9676929,2024,2024-05-28,3801,2024-04-21,2236,484,SOUTH,7,5,7,3801,0,0,0,,0,,"MISSION ST","7TH ST",0.00,,Y,A,-,N,,,,,,,,,,Y,4,0,1,2,A,-,12,21453,A,N,C,C,A,A,H,-,C,A,0,,,Y,,Y,,A,01,0,0,1,0,0,0,0,0,1,"- ","- ",,,"SAN FRANCISCO","SAN FRANCISCO",-122.41089630126953,37.779209136962891
9676930,2024,2024-07-09,3801,2024-04-21,1731,1987,TENDE,7,5,7,3801,0,0,0,,0,3J14D,"4TH ST","STEVENSON ST",0.00,,Y,A,-,N,,,,,,,,,,N,4,0,1,3,A,-,17,22517,,N,H,E,A,A,H,-,A,A,0,,,Y,,Y,,A,01,0,0,1,0,0,0,0,0,1,"- ","- ",,,"SAN FRANCISCO","SAN FRANCISCO",-122.40518951416016,37.785293579101562
9676931,2024,2024-05-28,3801,2024-04-21,"10  ",1622,NORTH,7,5,7,3801,0,0,0,,0,3E12E,"DIVISADERO ST","MCALLISTER ST",0.00,,Y,A,-,N,,,,,,,,,,N,3,0,1,2,A,-,12,21453,A,N,D,G,A,A,H,-,C,A,0,,Y,,,Y,,L,04,0,1,0,0,0,0,1,0,0,"- ","- ",,,"SAN FRANCISCO","SAN FRANCISCO",-122.4383544921875,37.777786254882812
9676932,2024,2024-05-28,3801,2024-04-19,1750,2147,NORTH,5,5,7,3801,0,0,0,,0,3E11D,"HAIGHT ST","FILLMORE ST",0.00,,Y,A,-,N,,,,,,,,,,N,4,0,1,2,A,-,10,21950,A,N,G,B,B,A,H,-,A,A,0,Y,,,,Y,,A,01,0,0,1,0,1,0,0,0,0,"- ","- ",,,"SAN FRANCISCO","SAN FRANCISCO",-122.43045043945312,37.772117614746094
9676933,2024,2024-05-28,3801,2024-04-19,1801,1622,NORTH,5,5,7,3801,0,0,0,,0,3E12D,"GEARY ST","SCOTT ST",0.00,,Y,A,-,N,,,,,,,,,,N,4,0,1,3,A,-,08,22107,,N,D,C,A,A,H,-,A,A,0,,,,,Y,,A,01,0,0,1,0,0,0,0,0,0,"- ","- ",,,"SAN FRANCISCO","SAN FRANCISCO",-122.43785095214844,37.783790588378906
9676934,2024,2024-05-28,3801,2024-04-18,1505,964,NORTH,4,5,7,3801,0,0,0,,0,3E13D,"VAN NESS AVE","MCALLISTER ST",0.00,,Y,A,-,N,,,,,,,,,,Y,4,0,1,2,A,-,03,22350,,N,C,C,A,A,H,-,A,D,0,,,,,Y,,A,01,0,0,1,0,0,0,0,0,0,"- ","- ",,,"SAN FRANCISCO","SAN FRANCISCO",-122.42020416259766,37.780055999755859
9676935,2024,2024-05-28,3801,2024-04-18,1419,4333,NORTH,4,5,7,3801,0,0,0,,0,3E55,"VAN NESS AVE","MCALLISTER ST",0.00,,Y,A,-,N,,,,,,,,,,N,4,0,1,2,A,-,08,22107,,F,H,G,A,A,H,-,A,A,0,,Y,,,Y,,A,08,0,0,1,0,0,0,1,0,0,"- ","- ",,,"SAN FRANCISCO","SAN FRANCISCO",-122.42020416259766,37.780055999755859
9676936,2024,2024-05-29,3801,2024-04-22,"730 ",375,BAYVI,1,5,7,3801,0,0,0,,0,3C15A,"CARROLL AVE","JENNINGS ST",0.00,,Y,A,-,N,,,,,,,,,,N,4,0,1,2,A,-,09,21800,A,N,D,C,A,A,H,-,A,A,0,,,,,Y,,A,01,0,0,1,0,0,0,0,0,0,"- ","- ",,,"SAN FRANCISCO","SAN FRANCISCO",-122.39151000976562,37.723896026611328
9676937,2024,2024-07-09,3801,2024-04-21,2155,709,BAYVI,7,5,7,3801,0,0,0,,0,3C11E,"CARGO WAY","JENNINGS ST",23.00,E,N,A,-,N,,,,,,,,,,Y,3,0,2,1,A,-,12,22450,A,N,E,I,A,A,H,-,C,A,0,,,,,Y,,A,01,0,1,1,0,0,0,0,0,0,"- ","- ",,,"SAN FRANCISCO","SAN FRANCISCO",-122.37690734863281,37.740230560302734
9676938,2024,2024-05-29,3801,2024-04-20,1258,830,MISSI,6,5,7,3801,0,0,0,,0,3D15A,"19TH ST","SAN CARLOS ST",0.00,,Y,A,-,N,,,,,,,,,,Y,4,0,1,3,A,-,12,22450,,F,D,C,A,A,H,-,A,A,0,,,,,Y,,A,01,0,0,1,0,0,0,0,0,0,"- ","- ",,,"SAN FRANCISCO","SAN FRANCISCO",-122.41998291015625,37.76019287109375
9676939,2024,2024-05-29,3801,2024-04-15,1511,1119,SOUTH,1,5,7,3801,0,0,0,,0,3B2,"5TH ST","TEHAMA ST",0.00,,Y,A,-,N,,,,,,,,,,Y,4,0,1,2,A,-,09,21801,A,N,D,C,A,A,H,-,A,D,0,,,Y,,Y,,A,01,0,0,1,0,0,0,0,0,1,"- ","- ",,,"SAN FRANCISCO","SAN FRANCISCO",-122.40440368652344,37.781089782714844
9676940,2024,2024-05-29,3801,2024-04-10,"841 ",2748,SOUTH,3,5,7,3801,0,0,0,,0,,"4TH ST","FOLSOM ST",0.00,,Y,A,-,N,,,,,,,,,,N,3,0,2,2,A,-,12,21453,A,N,D,J,B,A,H,-,A,A,0,Y,Y,,,Y,,L,04,0,1,1,0,1,0,1,0,0,"- ","- ",,,"SAN FRANCISCO","SAN FRANCISCO",-122.40116119384766,37.782035827636719
9676941,2024,2024-06-03,3801,2024-04-08,1633,2408,MISSI,1,5,7,3801,0,0,0,,0,3D11D,"MARKET ST","NOE ST",0.00,,Y,A,-,N,,,,,,,,,,,4,0,1,2,A,-,10,21950,,N,G,B,B,A,H,-,A,A,0,Y,,,,Y,,A,01,0,0,1,0,1,0,0,0,0,"- ","- ",,,"SAN FRANCISCO","SAN FRANCISCO",-122.43313598632812,37.764244079589844
9676942,2024,2024-06-03,3801,2024-04-08,1428,4333,NORTH,1,5,7,3801,0,0,0,,0,3E15A,"GREENWICH ST","BUCHANAN ST",60.00,W,N,A,-,N,,,,,,,,,,,4,0,1,2,A,-,17,22517,,N,H,G,A,A,H,-,A,D,0,,Y,,,Y,,A,07,0,0,1,0,0,0,1,0,0,"- ","- ",,,"SAN FRANCISCO","SAN FRANCISCO",-122.43278503417969,37.799346923828125
9676943,2024,2024-06-27,3801,2024-04-14,1800,2487,BAYVI,7,5,7,3801,0,0,0,,0,3C13D,"SILVER AVE","MISSION ST",0.00,,Y,A,-,N,,,,,,,,,,N,3,0,1,2,A,-,12,21453,A,F,D,C,A,A,H,-,A,A,0,,,,,Y,,A,01,0,1,0,0,0,0,0,0,0,"- ","- ",,,"SAN FRANCISCO","SAN FRANCISCO",-122.43128204345703,37.728736877441406
9676944,2024,2024-06-18,3801,2024-04-14,1303,310,SOUTH,7,5,7,3801,0,0,0,,0,3B49,"BEALE ST","FOLSOM ST",405.00,S,N,A,-,N,,,,,,,,,,N,3,0,1,2,A,-,03,22350,,N,D,G,A,A,H,-,A,D,0,,Y,,,Y,,L,04,0,1,0,0,0,0,1,0,0,"- ","- ",,,"SAN FRANCISCO","SAN FRANCISCO",-122.39173889160156,37.787914276123047
9676945,2024,2024-06-03,3801,2024-04-13,1853,310,SOUTH,6,5,7,3801,0,0,0,,0,3B49,"MARKET ST","GUERRERO ST",163.00,W,N,B,C,N,,,,,,,,,,Y,4,0,1,1,A,-,03,22350,,N,E,I,A,B,H,-,B,D,0,,,,,Y,,A,01,0,0,1,0,0,0,0,0,0,"- ","- ",,,"SAN FRANCISCO","SAN FRANCISCO",-122.42516326904297,37.770389556884766
9676946,2024,2024-06-26,3801,2024-04-13,1322,2748,SOUTH,6,5,7,3801,0,0,0,,0,3B12A,"10TH ST","HARRISON ST",0.00,,Y,B,-,N,,,,,,,,,,N,4,0,1,3,A,-,11,21453,D,N,C,C,B,B,H,-,C,A,0,Y,,,,Y,,N,60,0,0,1,0,1,0,0,0,0,"- ","- ",,,"SAN FRANCISCO","SAN FRANCISCO",-122.41124725341797,37.771595001220703
9676947,2024,2024-06-03,3801,2024-04-12,2007,1358,SOUTH,5,5,7,3801,0,0,0,,0,3B13D,"6TH ST","MISSION ST",0.00,,Y,A,-,N,,,,,,,,,,N,4,0,1,2,A,-,03,22350,,F,C,C,A,A,H,-,B,A,0,,,,,Y,,A,01,0,0,1,0,0,0,0,0,0,"- ","- ",,,"SAN FRANCISCO","SAN FRANCISCO",-122.40869140625,37.780982971191406
9676948,2024,2024-06-03,3801,2024-04-02,1615,1857,SOUTH,2,5,7,3801,0,0,0,,0,3B60,"BRANNAN ST","6TH ST",0.00,,Y,A,-,N,,,,,,,,,,N,3,0,1,2,A,-,11,21954,A,N,D,B,-,A,H,-,A,A,0,Y,,,,Y,,N,60,0,1,0,0,1,0,0,0,0,"- ","- ",,,"SAN FRANCISCO","SAN FRANCISCO",-122.40095520019531,37.774826049804688
9676949,2024,2024-06-03,3801,2024-04-12,1445,764,MISSI,5,5,7,3801,0,0,0,,0,3D14C,"CLIPPER ST","CHURCH ST",0.00,,Y,A,-,N,,,,,,,,,,N,4,0,1,2,A,-,10,21950,A,N,G,B,B,A,H,-,A,A,0,Y,,,,Y,,A,01,0,0,1,0,1,0,0,0,0,"- ","- ",,,"SAN FRANCISCO","SAN FRANCISCO",-122.42723083496094,37.749294281005859
9676950,2024,2024-06-03,3801,2024-04-12,1057,801,SOUTH,5,5,7,3801,0,0,0,,0,0B2,"BRANNAN ST","5TH ST",433.00,W,N,A,-,N,,,,,,,,,,N,4,0,1,2,A,-,09,21804,A,N,B,C,A,A,H,-,A,B,0,,,,,Y,,A,01,0,0,1,0,0,0,0,0,0,"- ","- ",,,"SAN FRANCISCO","SAN FRANCISCO",-122.39984893798828,37.775753021240234
9676951,2024,2024-06-03,3801,2024-04-12,"712 ",1118,SOUTH,5,5,7,3801,0,0,0,,0,3BA4,"10TH ST","FOLSOM ST",0.00,,Y,A,-,N,,,,,,,,,,N,2,0,1,2,A,-,17,21663,,N,D,-,A,A,H,-,A,D,0,,Y,,,Y,,L,04,1,0,0,0,0,0,1,0,0,"- ","- ",,,"SAN FRANCISCO","SAN FRANCISCO",-122.41281890869141,37.772819519042969
9676952,2024,2024-06-03,3801,2024-04-11,1854,2089,TENDE,4,5,7,3801,0,0,0,,0,"CO J/4","TURK ST","LEAVENWORTH ST",0.00,,Y,A,-,N,,,,,,,,,,N,2,0,1,2,A,-,11,21950,B,N,G,B,B,A,H,-,B,A,0,Y,,,,Y,,N,60,1,0,0,0,1,0,0,0,0,"- ","- ",,,"SAN FRANCISCO","SAN FRANCISCO",-122.41403961181641,37.782802581787109
9676953,2024,2024-06-27,3801,2024-04-11,1745,2046,NORTH,4,5,7,3801,0,0,0,,0,3E14D,BROADWAY,"GOUGH ST",0.00,,Y,A,-,N,,,,,,,,,,N,4,0,1,2,A,-,06,21750,A,N,B,C,A,A,H,-,A,A,0,,,Y,,Y,,C,03,0,0,1,0,0,0,0,0,1,"- ","- ",,,"SAN FRANCISCO","SAN FRANCISCO",-122.42669677734375,37.795318603515625
9676954,2024,2024-06-03,3801,2024-04-11,1608,1166,INGLE,4,5,7,3801,0,0,0,,0,3H16D,"SAN BRUNO AV","HARKNESS AV",0.00,,Y,A,-,N,,,,,,,,,,N,3,0,4,2,A,-,09,21802,A,N,A,C,A,A,H,-,A,A,0,,,,,Y,,A,01,0,1,3,0,0,0,0,0,0,"- ","- ",,,"SAN FRANCISCO","SAN FRANCISCO",-122.40013122558594,37.717891693115234
9676955,2024,2024-06-03,3801,2024-04-14,"227 ",2486,TARAC,7,5,7,3801,0,0,0,,0,,"JUNIPERO SERRA BL","19TH AV",10.00,W,N,C,-,N,,,,,,,,,,Y,4,0,1,1,A,-,03,22350,,N,A,I,A,B,H,-,C,A,0,,,,,Y,,A,01,0,0,1,0,0,0,0,0,0,"- ","- ",,,"SAN FRANCISCO","SAN FRANCISCO",-122.47271728515625,37.717178344726562
9676956,2024,2024-06-03,3801,2024-04-12,1430,1572,SOUTH,5,5,7,3801,0,0,0,,0,3B1A,"2ND ST","SOUTH PARK ST",0.00,,Y,A,-,N,,,,,,,,,,N,4,0,1,2,A,-,03,22350,A,F,C,C,A,A,H,-,A,A,0,,,,,Y,,A,01,0,0,1,0,0,0,0,0,0,"- ","- ",,,"SAN FRANCISCO","SAN FRANCISCO",-122.39285278320312,37.782466888427734
9676957,2024,2024-06-03,3801,2024-04-14,2026,4041,TARAV,7,5,7,3801,0,0,0,,0,3I13D,"LINCOLN AV","CHAIN OF LAKE DR",0.00,,Y,A,-,N,,,,,,,,,,Y,4,0,2,2,A,-,01,23153,A,N,D,C,A,A,H,-,C,A,0,,,,,Y,Y,A,01,0,0,2,0,0,0,0,0,0,"- ","- ",,,"SAN FRANCISCO","SAN FRANCISCO",-122.50084686279297,37.764415740966797
9676958,2024,2024-06-25,3801,2024-04-14,1744,539,NORTH,7,5,7,3801,0,0,0,,0,NORTHE,"VAN NESS AV",BROADWAY,0.00,,Y,A,-,Y,SF,4,101,-,-,6.320,I,5,N,Y,2,0,1,2,A,-,12,21453,A,N,D,C,A,A,H,-,A,A,0,,,Y,,Y,,A,01,1,0,0,0,0,0,0,0,1,"- ","- ",,,"SAN FRANCISCO","SAN FRANCISCO",-122.42333221435547,37.795757293701172
9676959,2024,2024-06-03,3801,2024-04-26,1259,685,INGLE,5,5,7,3801,0,0,0,,0,3H15,"MISSION ST","MISSION ST, 5017",0.00,,Y,A,-,N,,,,,,,,,,N,3,0,1,2,A,-,11,21954,A,F,G,B,D,A,H,-,A,D,0,Y,,,,Y,,N,60,0,1,0,0,1,0,0,0,0,"- ","- ",,,"SAN FRANCISCO","SAN FRANCISCO",-122.41979217529297,37.7705078125
9676960,2024,2024-06-06,3801,2024-04-26,2500,4269,INGLE,5,5,7,3801,0,0,0,,0,3H12A,"DIAMOND HEIGHTS BL","DIAMOND HEIGHTS BL, 5620",0.00,,Y,A,-,N,,,,,,,,,,N,3,0,1,2,A,-,03,22350,,N,D,C,A,B,H,-,A,D,0,,,Y,,Y,,C,03,0,1,0,0,0,0,0,0,0,"- ","- ",,,"SAN FRANCISCO","SAN FRANCISCO",-122.43734741210938,37.738296508789062
9676974,2024,2024-06-13,3801,2024-04-18,2041,1428,INGLE,4,5,7,3801,0,0,0,,0,3H16E,"SAN BRUNO AV","ORDWAY ST",0.00,,N,A,-,N,,,,,,,,,,Y,4,0,1,2,A,-,09,21804,A,N,B,C,A,A,H,-,C,A,0,,,Y,,Y,,A,01,0,0,1,0,0,0,0,0,0,"- ","- ",,,"SAN FRANCISCO","SAN FRANCISCO",-122.40077209472656,37.720378875732422
9676975,2024,2024-06-13,3801,2024-04-17,1811,1940,INGLE,3,5,7,3801,0,0,0,,0,0H3,"ATHENS ST","EXCELSIOR AV",0.00,,Y,A,-,N,,,,,,,,,,Y,3,0,1,1,A,-,03,22350,,N,E,I,A,A,H,-,A,D,0,,,,,Y,,A,01,0,1,0,0,0,0,0,0,0,"- ","- ",,,"SAN FRANCISCO","SAN FRANCISCO",-122.42719268798828,37.723194122314453
9676976,2024,2024-06-13,3801,2024-04-15,2213,524,INGLE,1,5,7,3801,0,0,0,,0,3H2E,"MISSION ST","VALENCIA ST",0.00,,Y,A,-,N,,,,,,,,,,N,4,0,1,2,A,-,04,21703,,F,C,C,A,A,H,-,C,A,0,,,,,Y,,A,01,0,0,1,0,0,0,0,0,0,"- ","- ",,,"SAN FRANCISCO","SAN FRANCISCO",-122.41986846923828,37.745586395263672
9676977,2024,2024-06-13,3801,2024-04-13,2123,901,INGLE,6,5,7,3801,0,0,0,,0,3H13E,"MISSION ST","THERESA AV",74.00,N,N,B,-,N,,,,,,,,,,N,4,0,1,2,A,-,04,21703,,N,C,C,A,A,H,-,C,A,0,,,,,Y,,A,01,0,0,1,0,0,0,0,0,0,"- ","- ",,,"SAN FRANCISCO","SAN FRANCISCO",-122.43217468261719,37.727874755859375
9676978,2024,2024-06-14,3801,2024-04-13,1424,1438,INGLE,6,5,7,3801,0,0,0,,0,001,"MISSION ST","PRECITA AV",0.00,,Y,A,-,N,,,,,,,,,,Y,3,0,1,2,A,-,08,22101,D,N,D,D,A,A,H,-,A,A,0,,,Y,,Y,,C,03,0,1,0,0,0,0,0,0,1,"- ","- ",,,"SAN FRANCISCO","SAN FRANCISCO",-122.41912078857422,37.746757507324219
9676979,2024,2024-06-14,3801,2024-04-13,"900 ",1944,INGLE,6,5,7,3801,0,0,0,,0,0H5,"MISSION ST","PERSIA AV",0.00,,Y,C,-,N,,,,,,,,,,Y,4,0,1,3,A,-,12,21453,A,N,D,D,A,B,H,-,A,A,0,,,,,Y,,A,01,0,0,1,0,0,0,0,0,0,"- ","- ",,,"SAN FRANCISCO","SAN FRANCISCO",-122.43596649169922,37.723140716552734
9676980,2024,2024-06-14,3801,2024-04-01,1224,1614,MISSI,1,5,7,3801,0,0,0,,0,03D,"VALENCIA ST","20TH ST",0.00,,Y,A,-,N,,,,,,,,,,N,3,0,1,2,A,-,08,22101,D,N,D,B,E,A,H,-,A,A,0,Y,,,,Y,,A,01,0,1,0,0,1,0,0,0,0,"- ","- ",,,"SAN FRANCISCO","SAN FRANCISCO",-122.42125701904297,37.758510589599609
9676981,2024,2024-05-30,3801,2024-04-01,"930 ",610,MISSI,1,5,7,3801,0,0,0,,0,3D12A,"FORD ST","SANCHEZ ST",165.00,W,N,A,-,N,,,,,,,,,,N,4,0,1,2,A,-,09,21804,A,N,B,D,A,A,H,-,A,D,0,,,,,Y,,A,01,0,0,1,0,0,0,0,0,0,"- ","- ",,,"SAN FRANCISCO","SAN FRANCISCO",-122.43122100830078,37.761905670166016
9676982,2024,2024-05-30,3801,2024-04-02,1545,364,SOUTH,2,5,7,3801,0,0,0,,0,3B00,"3RD ST","16TH ST",0.00,,Y,A,-,N,,,,,,,,,,N,2,0,1,2,A,-,00,21230,,F,C,B,F,A,H,-,A,D,0,Y,,,,Y,,M,94,1,0,0,0,1,0,0,0,0,"- ","- ",,,"SAN FRANCISCO","SAN FRANCISCO",-122.38920593261719,37.766944885253906
9676983,2024,2024-05-30,3801,2024-04-14,1204,1307,TENDE,7,5,7,3801,0,0,0,,0,3J15A,"LEAVENWORTH ST","OFARRELL ST",0.00,,Y,A,-,N,,,,,,,,,,Y,3,0,1,2,A,-,17,21657,,N,A,C,A,A,H,-,A,A,0,,,,,Y,,A,01,0,1,0,0,0,0,0,0,0,"- ","- ",,,"SAN FRANCISCO","SAN FRANCISCO",-122.41461181640625,37.785598754882812
9676984,2024,2024-05-30,3801,2024-04-14,"139 ",899,NORTH,7,5,7,3801,0,0,0,,0,3E13E,"OCTAVIA ST","HAIGHT ST",100.00,S,N,C,-,N,,,,,,,,,,Y,3,0,1,1,A,-,03,22350,,N,E,J,A,B,H,-,C,D,0,,,,,Y,,A,01,0,1,0,0,0,0,0,0,0,"- ","- ",,,"SAN FRANCISCO","SAN FRANCISCO",-122.42387390136719,37.772689819335938
9676985,2024,2024-05-30,3801,2024-04-13,2048,1680,MISSI,6,5,7,3801,0,0,0,,0,3D1D,"GUERRERO ST","18TH ST",0.00,,Y,A,-,N,,,,,,,,,,Y,4,0,1,2,A,-,09,21801,A,F,D,C,A,A,H,-,C,A,0,,,Y,,Y,,A,01,0,0,1,0,0,0,0,0,1,"- ","- ",,,"SAN FRANCISCO","SAN FRANCISCO",-122.42379760742188,37.761577606201172
9676986,2024,2024-05-30,3801,2024-04-13,1820,1523,NORTH,6,5,7,3801,0,0,0,,0,NORTHE,"GEARY BL","DIVISADERO ST",4.00,E,N,B,F,N,,,,,,,,,,N,4,0,1,2,A,-,10,21950,A,N,G,B,B,B,H,-,A,A,0,Y,,,,Y,,A,01,0,0,1,0,1,0,0,0,0,"- ","- ",,,"SAN FRANCISCO","SAN FRANCISCO",-122.43946838378906,37.783363342285156
9676987,2024,2024-05-30,3801,2024-04-10,1416,618,TARAV,3,5,7,3801,0,0,0,,0,3I11A,"JUNIPERO SERRA BL","19TH AV",0.00,,Y,A,-,N,,,,,,,,,,Y,4,0,1,2,A,-,08,22107,,N,D,C,A,A,H,-,A,D,0,,,,,Y,,-,,0,0,1,0,0,0,0,0,0,"- ","- ",,,"SAN FRANCISCO","SAN FRANCISCO",-122.47271728515625,37.717182159423828
9676988,2024,2024-05-30,3801,2024-04-14,"540 ",4258,NORTH,7,5,7,3801,0,0,0,,0,"6 CAR","UNION ST","POLK ST",0.00,,Y,A,-,N,,,,,,,,,,N,4,0,1,2,A,-,12,22450,A,N,D,C,A,A,H,-,C,A,0,,,Y,,Y,,A,01,0,0,1,0,0,0,0,0,1,"- ","- ",,,"SAN FRANCISCO","SAN FRANCISCO",-122.42233276367188,37.798759460449219
9676989,2024,2024-07-31,3801,2024-04-17,1800,1052,RICHM,3,5,7,3801,0,0,0,,0,3G1D,"JOHN F KENNEDY DR","LINDLEY MEADOW",40.00,E,N,A,-,N,,,,,,,,,,N,3,0,1,2,A,-,08,22107,,N,C,G,A,A,H,-,A,D,0,,Y,,,Y,,L,04,0,1,0,0,0,0,1,0,0,"- ","- ",,,"SAN FRANCISCO","SAN FRANCISCO",,
9676990,2024,2024-05-30,3801,2024-04-16,1251,156,BAYVI,2,5,7,3801,0,0,0,,0,3C60,"SAN BRUNO AV","SWEENY AVE",0.00,,Y,A,-,N,,,,,,,,,,Y,4,0,1,2,A,-,12,22450,A,N,D,C,A,A,H,-,A,D,0,,,,,Y,,A,01,0,0,1,0,0,0,0,0,0,"- ","- ",,,"SAN FRANCISCO","SAN FRANCISCO",-122.40622711181641,37.733509063720703
9676991,2024,2024-05-30,3801,2024-04-15,2043,539,NORTH,1,5,7,3801,0,0,0,,0,NORTHE,"LAGUNA ST","FELL ST",2.00,N,N,A,-,N,,,,,,,,,,N,4,0,1,2,A,-,10,21950,A,F,-,B,B,A,H,-,C,A,0,Y,,,,Y,,A,01,0,0,1,0,1,0,0,0,0,"- ","- ",,,"SAN FRANCISCO","SAN FRANCISCO",-122.42610168457031,37.775535583496094
9676992,2024,2024-06-18,3801,2024-04-15,1908,1427,TENDE,1,5,7,3801,0,0,0,,0,3J1D,"MARKET ST","9TH ST",0.00,,Y,A,-,N,,,,,,,,,,N,4,0,1,2,A,-,08,22101,D,N,B,C,A,A,H,-,A,D,0,,,Y,,Y,,A,01,0,0,1,0,0,0,0,0,1,"- ","- ",,,"SAN FRANCISCO","SAN FRANCISCO",-122.41632843017578,37.777500152587891
9676993,2024,2024-07-09,3801,2024-04-15,1214,SFPD306,TENDE,1,5,7,3801,0,0,0,,0,3JLLA,"LEAVENWORTH ST","MCALLISTER ST",0.00,,Y,A,-,N,,,,,,,,,,,4,0,1,2,A,-,06,21755,A,N,D,J,A,A,H,-,A,A,0,,,,,Y,,M,93,0,0,1,0,0,0,0,0,0,"- ","- ",,,"SAN FRANCISCO","SAN FRANCISCO",-122.41368865966797,37.780929565429688
9676994,2024,2024-06-03,3801,2024-04-19,"14  ",1602,BAYVI,5,5,7,3801,0,0,0,,0,3C13E,"EVANS AV","NEWHALL ST",0.00,,Y,A,-,N,,,,,,,,,,N,4,0,1,2,A,-,09,21801,A,N,D,C,A,A,H,-,C,D,0,,,,,Y,,A,01,0,0,1,0,0,0,0,0,0,"- ","- ",,,"SAN FRANCISCO","SAN FRANCISCO",-122.38661956787109,37.741886138916016
9676995,2024,2024-05-30,3801,2024-04-18,2012,582,CENTR,4,5,7,3801,0,0,0,,0,003,"GREEN ST","JONES ST",180.00,W,N,A,-,N,,,,,,,,,,Y,4,0,1,3,A,-,03,22350,,N,C,E,-,A,H,-,D,D,0,Y,,,,Y,,A,01,0,0,1,0,1,0,0,0,0,"- ","- ",,,"SAN FRANCISCO","SAN FRANCISCO",-122.41620635986328,37.798610687255859
9676996,2024,2024-05-30,3801,2024-04-18,1820,2724,PARK,4,5,7,3801,0,0,0,,0,3F13D,"JOHN F KENNEDY DR","KEZAR DR",0.00,,Y,A,-,N,,,,,,,,,,N,3,0,1,2,A,-,00,21966,A,N,H,B,E,A,H,-,A,D,0,Y,Y,,,Y,,N,60,0,1,0,0,1,0,0,0,0,"- ","- ",,,"SAN FRANCISCO","SAN FRANCISCO",-122.45532989501953,37.770858764648438
9676997,2024,2024-05-30,3801,2024-04-17,1455,4102,SOUTH,3,5,7,3801,0,0,0,,0,3B47,"VALENCIA ST","DUBOCE AV",25.00,N,N,A,-,N,,,,,,,,,,N,3,0,1,2,A,-,00,21955,A,F,G,B,E,A,H,-,A,A,0,Y,,,,Y,Y,N,60,0,1,0,0,1,0,0,0,0,"- ","- ",,,"SAN FRANCISCO","SAN FRANCISCO",-122.42236328125,37.769939422607422