CASE_ID,ACCIDENT_YEAR,PROC_DATE,JURIS,COLLISION_DATE,COLLISION_TIME,OFFICER_ID,REPORTING_DISTRICT,DAY_OF_WEEK,CHP_SHIFT,POPULATION,CNTY_CITY_LOC,SPECIAL_COND,BEAT_TYPE,CHP_BEAT_TYPE,CITY_DIVISION_LAPD,CHP_BEAT_CLASS,BEAT_NUMBER,PRIMARY_RD,SECONDARY_RD,DISTANCE,DIRECTION,INTERSECTION,WEATHER_1,WEATHER_2,STATE_HWY_IND,CALTRANS_COUNTY,CALTRANS_DISTRICT,STATE_ROUTE,ROUTE_SUFFIX,POSTMILE_PREFIX,POSTMILE,LOCATION_TYPE,RAMP_INTERSECTION,SIDE_OF_HWY,TOW_AWAY,COLLISION_SEVERITY,NUMBER_KILLED,NUMBER_INJURED,PARTY_COUNT,PRIMARY_COLL_FACTOR,PCF_CODE_OF_VIOL,PCF_VIOL_CATEGORY,PCF_VIOLATION,PCF_VIOL_SUBSECTION,HIT_AND_RUN,TYPE_OF_COLLISION,MVIW,PED_ACTION,ROAD_SURFACE,ROAD_COND_1,ROAD_COND_2,LIGHTING,CONTROL_DEVICE,CHP_ROAD_TYPE,PEDESTRIAN_ACCIDENT,BICYCLE_ACCIDENT,MOTORCYCLE_ACCIDENT,TRUCK_ACCIDENT,NOT_PRIVATE_PROPERTY,ALCOHOL_INVOLVED,STWD_VEHTYPE_AT_FAULT,CHP_VEHTYPE_AT_FAULT,COUNT_SEVERE_INJ,COUNT_VISIBLE_INJ,COUNT_COMPLAINT_PAIN,COUNT_PED_KILLED,COUNT_PED_INJURED,COUNT_BICYCLIST_KILLED,COUNT_BICYCLIST_INJURED,COUNT_MC_KILLED,COUNT_MC_INJURED,PRIMARY_RAMP,SECONDARY_RAMP,LATITUDE,LONGITUDE,COUNTY,CITY,POINT_X,POINT_Y
9676998,2024,2024-05-30,3801,2024-04-17,"931 ",392,MISSI,3,5,7,3801,0,0,0,,0,0D3,"FOLSOM ST","22ND ST",164.00,N,N,A,-,N,,,,,,,,,,N,4,0,1,2,A,-,03,22350,,N,C,E,A,A,H,-,A,D,0,,,,,Y,,M,91,0,0,1,0,0,0,0,0,0,"- ","- ",,,"SAN FRANCISCO","SAN FRANCISCO",-122.4144287109375,37.756168365478516
9676999,2024,2024-05-30,3801,2024-04-09,1637,2097,MISSI,2,5,7,3801,0,0,0,,0,3D14D,"26TH ST","TREAT WAY",93.00,E,N,A,-,N,,,,,,,,,,N,3,0,1,2,A,-,00,21955,A,N,G,B,D,A,H,-,A,D,0,Y,,,,Y,,N,60,0,1,0,0,1,0,0,0,0,"- ","- ",,,"SAN FRANCISCO","SAN FRANCISCO",-122.41234588623047,37.749404907226562
9677000,2024,2024-05-30,3801,2024-04-21,1348,1203,MISSI,7,5,7,3801,0,0,0,,0,3D13,"DIVISION ST",POTRERO,20.00,W,N,A,-,N,,,,,,,,,,N,2,0,1,1,A,-,03,22350,,N,F,A,A,A,H,-,A,D,0,,Y,,,Y,,L,04,1,0,0,0,0,0,1,0,0,"- ","- ",,,"SAN FRANCISCO","SAN FRANCISCO",-122.40840911865234,37.769199371337891
9677001,2024,2024-05-29,3801,2024-04-20,2223,1602,BAYVI,6,5,7,3801,0,0,0,,0,3C13E,"3RD ST","FAIRFAX ST",0.00,,Y,A,-,N,,,,,,,,,,Y,3,0,1,2,A,-,11,21453,D,N,G,B,B,A,H,-,C,A,0,Y,,Y,,Y,,N,60,0,1,0,0,0,0,0,0,1,"- ","- ",,,"SAN FRANCISCO","SAN FRANCISCO",-122.38829040527344,37.741966247558594
9677002,2024,2024-05-29,3801,2024-04-20,2137,1205,SOUTH,6,5,7,3801,0,0,0,,0,3B12E,"MISSION ST","2ND ST",0.00,,Y,A,-,N,,,,,,,,,,N,4,0,1,2,A,-,10,21950,A,F,G,B,B,A,H,-,C,A,0,Y,,,,Y,,A,01,0,0,1,0,1,0,0,0,0,"- ","- ",,,"SAN FRANCISCO","SAN FRANCISCO",-122.39978790283203,37.788013458251953
9677003,2024,2024-05-29,3801,2024-04-20,"817 ",432,MISSI,6,5,7,3801,0,0,0,,0,3D41A,"MARKET ST","CHURCH ST",0.00,,Y,A,-,N,,,,,,,,,,N,4,0,1,3,A,-,21,22106,,N,C,C,A,A,H,-,A,A,0,,,,,Y,,A,01,0,0,1,0,0,0,0,0,0,"- ","- ",,,"SAN FRANCISCO","SAN FRANCISCO",-122.42893981933594,37.767608642578125
9677004,2024,2024-05-29,3801,2024-04-20,"203 ",1688,BAYVI,6,5,7,3801,0,0,0,,0,3C15E,"OAKDALE AV","LANE ST",121.00,W,N,A,-,N,,,,,,,,,,Y,2,0,1,2,A,-,03,22350,,F,G,B,D,A,H,-,C,D,0,Y,,,,Y,,-,99,1,0,0,0,1,0,0,0,0,"- ","- ",,,"SAN FRANCISCO","SAN FRANCISCO",-122.38883972167969,37.733734130859375
9677005,2024,2024-05-29,3801,2024-04-20,"152 ",709,BAYVI,6,5,7,3801,0,0,0,,0,3C11E,"SILVER AV","UNIVERSITY ST",0.00,,Y,A,-,N,,,,,,,,,,Y,4,0,2,2,A,-,12,22450,A,F,D,C,A,A,H,-,C,A,0,,,,,Y,,A,01,0,0,2,0,0,0,0,0,0,"- ","- ",,,"SAN FRANCISCO","SAN FRANCISCO",-122.41520690917969,37.729232788085938
9677006,2024,2024-05-29,3801,2024-04-18,1900,2457,SOUTH,4,5,7,3801,0,0,0,,0,3B11E,"HARRISON ST","6TH ST",140.00,W,N,A,-,N,,,,,,,,,,N,4,0,1,2,A,-,11,21954,A,N,G,B,D,A,H,-,B,D,0,Y,,Y,,Y,,N,60,0,0,1,0,1,0,0,0,0,"- ","- ",,,"SAN FRANCISCO","SAN FRANCISCO",-122.40442657470703,37.77703857421875
9677007,2024,2024-07-09,3801,2024-04-18,1700,2718,BAYVI,4,5,7,3801,0,0,0,,0,3C11D,"NEWCOMB AV","KEITH ST",0.00,,Y,A,-,N,,,,,,,,,,N,4,0,1,2,A,-,12,22450,A,M,C,C,A,A,H,-,A,A,0,,,,,Y,,A,01,0,0,1,0,0,0,0,0,0,"- ","- ",,,"SAN FRANCISCO","SAN FRANCISCO",-122.38604736328125,37.733104705810547
9677008,2024,2024-05-29,3801,2024-04-18,"710 ",2706,MISSI,4,5,7,3801,0,0,0,,0,3D14A,"DUBOCE AV","GUERRERO ST",0.00,,Y,A,-,N,,,,,,,,,,N,4,0,1,2,A,-,04,21703,,N,C,C,A,A,H,-,A,A,0,,,,,Y,,A,01,0,0,1,0,0,0,0,0,0,"- ","- ",,,"SAN FRANCISCO","SAN FRANCISCO",-122.42459106445312,37.769741058349609
9677009,2024,2024-05-29,3801,2024-04-21,1210,4370,INGLE,7,5,7,3801,0,0,0,,0,3H16A,"ALLISON ST","MISSION ST",0.00,,Y,A,-,N,,,,,,,,,,N,4,0,1,2,A,-,10,21950,A,N,G,B,B,A,H,-,A,A,0,Y,,,,Y,,A,01,0,0,1,0,1,0,0,0,0,"- ","- ",,,"SAN FRANCISCO","SAN FRANCISCO",-122.44264984130859,37.714607238769531
9677010,2024,2024-05-29,3801,2024-04-20,1757,4239,PARK,6,5,7,3801,0,0,0,,0,3F13D,"OAK ST","CLAYTON ST",150.00,W,N,A,-,N,,,,,,,,,,N,3,0,1,1,A,-,03,22350,,N,H,A,A,A,H,-,A,D,0,,,Y,,Y,,C,02,0,1,0,0,0,0,0,0,1,"- ","- ",,,"SAN FRANCISCO","SAN FRANCISCO",-122.44949340820312,37.771598815917969
9677011,2024,2024-05-29,3801,2024-04-20,"159 ",488,INGLE,6,5,7,3801,0,0,0,,0,3H13E,"MISSION ST","TINGLEY ST",32.00,N,N,A,-,N,,,,,,,,,,Y,4,0,1,1,A,-,03,22350,,N,E,I,A,A,H,-,C,D,0,,,,,Y,,A,01,0,0,1,0,0,0,0,0,0,"- ","- ",,,"SAN FRANCISCO","SAN FRANCISCO",-122.43170928955078,37.728309631347656
9677012,2024,2024-05-29,3801,2024-04-20,2351,1428,INGLE,6,5,7,3801,0,0,0,,0,3H13E,"MISSION ST","FAIR AV",0.00,,Y,A,-,N,,,,,,,,,,Y,4,0,1,2,A,-,04,21703,,F,C,C,A,A,H,-,C,A,0,,,,,Y,,A,01,0,0,1,0,0,0,0,0,0,"- ","- ",,,"SAN FRANCISCO","SAN FRANCISCO",-122.41986846923828,37.745586395263672
9677013,2024,2024-05-29,3801,2024-04-19,1643,301,INGLE,5,5,7,3801,0,0,0,,0,3H13D,"ALEMANY BL","SAN BRUNO AV",0.00,,Y,A,-,N,,,,,,,,,,N,4,0,1,2,A,-,03,22350,,N,C,G,A,A,H,-,A,A,0,,Y,,,Y,,A,01,0,0,1,0,0,0,1,0,0,"- ","- ",,,"SAN FRANCISCO","SAN FRANCISCO",-122.40817260742188,37.735885620117188
9677014,2024,2024-05-29,3801,2024-04-24,1659,1857,SOUTH,3,5,7,3801,0,0,0,,0,3B13D,"3RD ST","HOWARD ST",42.00,S,N,A,-,N,,,,,,,,,,N,4,0,1,2,A,-,04,21703,,F,C,C,A,A,H,-,A,A,0,,,,,Y,,A,01,0,0,1,0,0,0,0,0,0,"- ","- ",,,"SAN FRANCISCO","SAN FRANCISCO",-122.40039825439453,37.784927368164062
9677015,2024,2024-05-29,3801,2024-04-23,1550,469,MISSI,2,5,7,3801,0,0,0,,0,3D2D,POTRERO,"20TH ST",110.00,S,N,A,-,N,,,,,,,,,,N,4,0,2,2,A,-,04,21703,,N,C,-,A,A,H,-,A,D,0,,,,,Y,,A,01,0,0,2,0,0,0,0,0,0,"- ","- ",,,"SAN FRANCISCO","SAN FRANCISCO",-122.40691375732422,37.759067535400391
9677016,2024,2024-07-09,3801,2024-04-22,1935,2293,MISSI,1,5,7,3801,0,0,0,,0,005,"MISSION ST","18TH ST",26.00,N,N,A,-,N,,,,,,,,,,N,4,0,1,2,A,-,04,21703,,N,C,C,A,A,H,-,A,A,0,,,,,Y,,A,01,0,0,1,0,0,0,0,0,0,"- ","- ",,,"SAN FRANCISCO","SAN FRANCISCO",-122.41938018798828,37.761909484863281
9677017,2024,2024-07-09,3801,2024-04-01,2001,1057,SOUTH,1,5,7,3801,0,0,0,,0,1500,"HOWARD ST","4TH ST",0.00,,Y,A,-,N,,,,,,,,,,N,4,0,1,2,A,-,11,21456,A,N,G,B,B,A,H,-,B,A,0,Y,,Y,,Y,,N,60,0,0,1,0,1,0,0,0,0,"- ","- ",,,"SAN FRANCISCO","SAN FRANCISCO",-122.40270233154297,37.783267974853516
9677018,2024,2024-05-30,3801,2024-04-01,1945,469,MISSI,1,5,7,3801,0,0,0,,0,3D2D,"24TH ST","CHURCH ST",0.00,,Y,A,-,N,,,,,,,,,,Y,4,0,1,2,A,-,12,22450,A,N,D,C,A,A,H,-,B,A,0,,,,,Y,,A,01,0,0,1,0,0,0,0,0,0,"- ","- ",,,"SAN FRANCISCO","SAN FRANCISCO",-122.42742919921875,37.751705169677734
9677019,2024,2024-05-30,3801,2024-04-02,1845,1909,NORTH,2,5,7,3801,0,0,0,,0,NORTHE,"STEINER ST","GREENWICH ST",20.00,N,N,A,-,N,,,,,,,,,,Y,4,0,1,2,A,-,08,22100,A,F,A,C,A,A,H,-,A,D,0,,,,,Y,,A,01,0,0,1,0,0,0,0,0,0,"- ","- ",,,"SAN FRANCISCO","SAN FRANCISCO",-122.43752288818359,37.798793792724609
9677020,2024,2024-05-30,3801,2024-04-02,"905 ",4305,NORTH,2,5,7,3801,0,0,0,,0,"3 CAR","FRANKLIN ST","BUSH ST",0.00,,Y,A,-,N,,,,,,,,,,N,4,0,1,3,A,-,03,22350,,N,C,C,A,A,H,-,A,A,0,,,,,Y,,A,01,0,0,1,0,0,0,0,0,0,"- ","- ",,,"SAN FRANCISCO","SAN FRANCISCO",-122.42357635498047,37.788280487060547
9677021,2024,2024-05-30,3801,2024-04-02,"816 ",2202,INGLE,2,5,7,3801,0,0,0,,0,3H2A,"TIFFANY AV","29TH ST",44.00,N,N,A,-,N,,,,,,,,,,N,3,0,2,2,A,-,17,22517,,N,E,G,A,A,H,-,A,D,0,,Y,,,Y,,A,01,0,1,1,0,0,0,2,0,0,"- ","- ",,,"SAN FRANCISCO","SAN FRANCISCO",-122.42192077636719,37.744075775146484
9677022,2024,2024-06-04,3801,2024-04-01,2010,1909,NORTH,1,5,7,3801,0,0,0,,0,3E15D,"LOMBARD ST","OCTAVIA ST",0.00,,Y,A,-,Y,SF,4,101,-,-,6.976,I,5,N,Y,4,0,2,2,A,-,09,21801,A,N,A,C,A,A,H,-,C,A,0,,,,,Y,,A,01,0,0,2,0,0,0,0,0,0,"- ","- ",,,"SAN FRANCISCO","SAN FRANCISCO",-122.42949676513672,37.800746917724609
9677023,2024,2024-05-29,3801,2024-04-01,1540,1119,SOUTH,1,5,7,3801,0,0,0,,0,3B3,"8TH ST","BRYANT ST",75.00,N,N,A,-,N,,,,,,,,,,Y,4,0,1,2,A,-,08,22107,,N,B,C,A,A,H,-,A,A,0,,,,,Y,,A,01,0,0,1,0,0,0,0,0,0,"- ","- ",,,"SAN FRANCISCO","SAN FRANCISCO",-122.40716552734375,37.772655487060547
9677024,2024,2024-05-29,3801,2024-04-06,"313 ",1952,CENTR,6,5,7,3801,0,0,0,,0,902,BROADWAY,"POWELL ST",432.00,W,N,A,-,N,,,,,,,,,,Y,3,0,3,3,A,-,01,23152,A,N,A,C,A,A,H,-,C,D,0,,,,,Y,Y,A,01,0,2,1,0,0,0,0,0,0,"- ","- ",,,"SAN FRANCISCO","SAN FRANCISCO",-122.41171264648438,37.797290802001953
9677025,2024,2024-05-29,3801,2024-04-05,1932,2118,SOUTH,5,5,7,3801,0,0,0,,0,3B12D,"HARRISON ST","6TH ST",0.00,,Y,A,-,N,,,,,,,,,,N,4,0,1,2,A,-,08,22107,,N,B,C,A,A,H,-,C,A,0,,,Y,,Y,,C,02,0,0,1,0,0,0,0,0,1,"- ","- ",,,"SAN FRANCISCO","SAN FRANCISCO",-122.40408325195312,37.777309417724609
9677026,2024,2024-05-29,3801,2024-04-05,1530,582,CENTR,5,5,7,3801,0,0,0,,0,001,"PINE ST","LEAVENWORTH ST",0.00,,Y,A,-,N,,,,,,,,,,N,4,0,1,2,A,-,08,22107,,N,B,C,A,A,H,-,A,A,0,,,,,Y,,A,01,0,0,1,0,0,0,0,0,0,"- ","- ",,,"SAN FRANCISCO","SAN FRANCISCO",-122.41555786132812,37.790260314941406
9677027,2024,2024-05-29,3801,2024-04-04,2136,709,BAYVI,4,5,7,3801,0,0,0,,0,3C11E,"RHODE ISLAND ST","18TH ST",0.00,,Y,A,-,N,,,,,,,,,,Y,4,0,1,2,A,-,09,21800,A,N,D,C,A,B,H,-,C,A,0,,,,,Y,,A,07,0,0,1,0,0,0,0,0,0,"- ","- ",,,"SAN FRANCISCO","SAN FRANCISCO",-122.40235137939453,37.762226104736328
9677028,2024,2024-05-29,3801,2024-04-03,1400,1796,RICHM,3,5,7,3801,0,0,0,,0,3G14A,"FULTON ST","23RD AV",0.00,,Y,-,-,N,,,,,,,,,,Y,4,0,3,4,A,-,08,22107,,N,B,C,A,A,H,-,A,D,0,,,,,Y,,A,01,0,0,3,0,0,0,0,0,0,"- ","- ",,,"SAN FRANCISCO","SAN FRANCISCO",-122.48206329345703,37.772674560546875
9677029,2024,2024-05-29,3801,2024-04-03,1218,156,BAYVI,3,5,7,3801,0,0,0,,0,3C60,"BOUTWELL ST","BAYSHORE BL",0.00,,Y,A,-,N,,,,,,,,,,Y,4,0,1,1,A,-,08,22107,,N,E,I,A,A,H,-,A,D,0,,,,,Y,,A,01,0,0,1,0,0,0,0,0,0,"- ","- ",,,"SAN FRANCISCO","SAN FRANCISCO",-122.40565490722656,37.734481811523438
9677030,2024,2024-05-29,3801,2024-04-04,1708,1198,MISSI,4,5,7,3801,0,0,0,,0,,"S VAN NESS AV","20TH ST",0.00,,Y,A,-,N,,,,,,,,,,Y,4,0,1,2,A,-,17,21451,A,N,B,G,A,A,H,-,A,A,0,,Y,,,Y,,A,01,0,0,1,0,0,0,1,0,0,"- ","- ",,,"SAN FRANCISCO","SAN FRANCISCO",-122.41690826416016,37.758762359619141
9677031,2024,2024-05-29,3801,2024-04-02,1820,2325,MISSI,2,5,7,3801,0,0,0,,0,,"DOLORES ST","15TH ST",0.00,,Y,A,-,N,,,,,,,,,,,4,0,1,3,A,-,09,21804,A,N,B,C,A,A,H,-,A,A,0,,,,,Y,,A,01,0,0,1,0,0,0,0,0,0,"- ","- ",,,"SAN FRANCISCO","SAN FRANCISCO",-122.42659759521484,37.766258239746094
9677032,2024,2024-07-02,3801,2024-04-25,"119 ",2028,SOUTH,4,5,7,3801,0,0,0,,0,3B13E,"5TH ST","TEHAMA ST",0.00,,Y,A,-,N,,,,,,,,,,N,4,0,1,2,A,-,10,21950,A,N,D,D,A,A,H,-,C,D,0,,,Y,,Y,,A,01,0,0,1,0,0,0,0,0,1,"- ","- ",,,"SAN FRANCISCO","SAN FRANCISCO",-122.40440368652344,37.781089782714844
9677033,2024,2024-05-29,3801,2024-04-24,1349,375,BAYVI,3,5,7,3801,0,0,0,,0,03C,"BAY SHORE BL","ALEMANY BL",130.00,N,N,A,-,N,,,,,,,,,,N,4,0,3,3,A,-,04,21703,,N,C,C,A,A,H,-,A,A,0,,,,,Y,,A,07,0,0,3,0,0,0,0,0,0,"- ","- ",,,"SAN FRANCISCO","SAN FRANCISCO",-122.40700531005859,37.738353729248047
9677034,2024,2024-05-29,3801,2024-04-24,"225 ",2175,BAYVI,3,5,7,3801,0,0,0,,0,3C13E,"3RD ST","23RD ST",0.00,,Y,A,-,N,,,,,,,,,,Y,3,0,1,1,A,-,03,22350,,N,E,I,A,A,H,-,C,A,0,,,,,Y,,A,01,0,1,0,0,0,0,0,0,0,"- ","- ",,,"SAN FRANCISCO","SAN FRANCISCO",-122.38810729980469,37.755386352539062
9677035,2024,2024-05-29,3801,2024-04-22,1848,2190,TENDE,1,5,7,3801,0,0,0,,0,3J15D,"LARKIN ST","EDDY ST",0.00,,Y,A,-,N,,,,,,,,,,N,4,0,1,2,A,-,10,21950,A,N,-,B,B,A,H,-,A,A,0,Y,,,,Y,,A,01,0,0,1,0,1,0,0,0,0,"- ","- ",,,"SAN FRANCISCO","SAN FRANCISCO",-122.41751861572266,37.783294677734375
9677036,2024,2024-05-29,3801,2024-04-22,"932 ",893,INGLE,1,5,7,3801,0,0,0,,0,3H13A,"BANKS ST","CRESCENT AV",0.00,,Y,A,-,N,,,,,,,,,,Y,3,0,2,2,C,-,18,,,N,A,I,A,A,H,-,A,D,0,,,,,Y,,-,"- ",0,1,1,0,0,0,0,0,0,"- ","- ",,,"SAN FRANCISCO","SAN FRANCISCO",-122.41309356689453,37.734714508056641
9677037,2024,2024-05-29,3801,2024-04-06,"40  ",664,MISSI,6,5,7,3801,0,0,0,,0,005,"MISSION ST","18TH ST",0.00,,Y,A,-,N,,,,,,,,,,,3,0,2,3,A,-,10,21950,A,N,G,B,B,A,H,-,C,A,0,Y,,,,Y,,A,01,0,1,1,0,2,0,0,0,0,"- ","- ",,,"SAN FRANCISCO","SAN FRANCISCO",-122.41936492919922,37.7618408203125
9677038,2024,2024-05-29,3801,2024-04-28,1605,2038,PARK,7,5,7,3801,0,0,0,,0,3F13D,"HAIGHT ST","ASHUBRY ST",63.00,W,N,A,-,N,,,,,,,,,,N,3,0,1,2,A,-,06,21751,,N,A,C,A,A,H,-,A,D,0,,Y,Y,,Y,,L,04,0,1,0,0,0,0,1,0,0,"- ","- ",,,"SAN FRANCISCO","SAN FRANCISCO",-122.44713592529297,37.769973754882812
9677039,2024,2024-05-29,3801,2024-04-27,2300,2354,TARAV,6,5,7,3801,0,0,0,,0,"3 CAR","38TH AV","VICENTE ST",0.00,,Y,A,-,N,,,,,,,,,,N,3,0,1,2,A,-,09,21801,,N,D,G,A,A,H,-,C,A,0,,Y,,,Y,,A,07,0,1,0,0,0,0,1,0,0,"- ","- ",,,"SAN FRANCISCO","SAN FRANCISCO",-122.49578094482422,37.738430023193359
9677040,2024,2024-05-29,3801,2024-04-27,2050,2421,PARK,6,5,7,3801,0,0,0,,0,3F13,"TURK BL","MASONIC AV",0.00,,Y,A,-,N,,,,,,,,,,Y,4,0,2,2,A,-,09,21801,A,N,D,C,A,A,H,-,C,A,0,,,,,Y,,A,01,0,0,2,0,0,0,0,0,0,"- ","- ",,,"SAN FRANCISCO","SAN FRANCISCO",-122.44705200195312,37.778633117675781
9677041,2024,2024-06-03,3801,2024-04-25,1808,2441,INGLE,4,5,7,3801,0,0,0,,0,3H13D,"ALEMANY BL","SILVER AV",0.00,,Y,A,-,N,,,,,,,,,,N,3,0,3,2,A,-,08,22107,,N,D,C,A,A,H,-,A,A,0,,,,,Y,,A,01,0,3,0,0,0,0,0,0,0,"- ","- ",,,"SAN FRANCISCO","SAN FRANCISCO",-122.43338012695312,37.729854583740234
9677042,2024,2024-06-03,3801,2024-04-07,1616,1804,BAYVI,7,5,7,3801,0,0,0,,0,3C15D,"BILL WALSH WY","GILMAN AV",438.00,W,N,A,-,N,,,,,,,,,,N,4,0,2,2,A,-,08,22107,,N,C,E,A,A,H,-,A,D,0,,,,,Y,,A,08,0,0,2,0,0,0,0,0,0,"- ","- ",,,"SAN FRANCISCO","SAN FRANCISCO",-122.38774871826172,37.716529846191406
9677043,2024,2024-06-03,3801,2024-04-05,1620,964,NORTH,5,5,7,3801,0,0,0,,0,3E13D,"GEARY ST",LEAVENWORTH,0.00,,Y,A,-,N,,,,,,,,,,N,4,0,1,2,A,-,03,22350,,F,C,C,A,A,H,-,A,D,0,,,,,Y,,A,07,0,0,1,0,0,0,0,0,0,"- ","- ",,,"SAN FRANCISCO","SAN FRANCISCO",-122.41480255126953,37.786537170410156
9677044,2024,2024-05-31,3801,2024-04-04,"752 ",1371,NORTH,4,5,7,3801,0,0,0,,0,005,"VALLEJO ST","FILLMORE ST",126.00,E,N,B,C,N,,,,,,,,,,N,4,0,1,3,C,-,18,,,N,D,E,A,B,H,-,A,A,0,,,,,Y,,-,"- ",0,0,1,0,0,0,0,0,0,"- ","- ",,,"SAN FRANCISCO","SAN FRANCISCO",-122.43466949462891,37.795280456542969
9677045,2024,2024-06-10,3801,2024-04-03,"942 ",311,NORTH,3,5,7,3801,0,0,0,,0,3E12A,"STEINER ST","FULTON ST",5.00,S,N,B,-,N,,,,,,,,,,N,4,0,2,3,A,-,10,21950,A,M,A,B,B,A,H,-,A,A,0,Y,,,,Y,,A,01,0,0,2,0,2,0,0,0,0,"- ","- ",,,"SAN FRANCISCO","SAN FRANCISCO",-122.43320465087891,37.777477264404297
9677046,2024,2024-05-31,3801,2024-04-09,1622,1920,BAYVI,2,5,7,3801,0,0,0,,0,3C13D,"ILLINOIS ST","CARGO WY",125.00,N,N,A,-,N,,,,,,,,,,N,2,0,1,1,A,-,03,22350,,N,E,A,A,A,H,-,A,D,0,,Y,,,Y,,L,04,1,0,0,0,0,0,1,0,0,"- ","- ",,,"SAN FRANCISCO","SAN FRANCISCO",-122.3861083984375,37.745704650878906
9677047,2024,2024-05-31,3801,2024-04-08,1655,1003,INGLE,1,5,7,3801,0,0,0,,0,2CAR,"PORTOLA DR","GLENVIEW DR",0.00,,-,A,-,N,,,,,,,,,,Y,4,0,1,2,A,-,08,22107,,N,C,C,A,A,H,-,A,D,0,,,,,Y,,A,01,0,0,1,0,0,0,0,0,0,"- ","- ",,,"SAN FRANCISCO","SAN FRANCISCO",-122.44789123535156,37.746883392333984
9677048,2024,2024-05-31,3801,2024-04-08,"625 ",2202,INGLE,1,5,7,3801,0,0,0,,0,3H12A,"MONTEREY BL","BADEN ST",0.00,,Y,-,-,N,,,,,,,,,,N,3,0,1,2,A,-,12,22450,A,N,D,G,A,A,H,-,A,D,0,,Y,,,Y,,L,04,0,1,0,0,0,0,1,0,0,"- ","- ",,,"SAN FRANCISCO","SAN FRANCISCO",-122.43972778320312,37.731609344482422
9677049,2024,2024-05-31,3801,2024-04-07,"218 ",1203,MISSI,7,5,7,3801,0,0,0,,0,3D13E,"MISSION ST","21ST ST",0.00,,Y,A,-,N,,,,,,,,,,Y,3,0,1,2,A,-,01,23152,A,N,D,C,A,A,H,-,C,A,0,,,,,Y,Y,A,01,0,1,0,0,0,0,0,0,0,"- ","- ",,,"SAN FRANCISCO","SAN FRANCISCO",-122.41891479492188,37.757015228271484
9677050,2024,2024-06-03,3801,2024-04-04,2254,2168,TENDE,4,5,7,3801,0,0,0,,0,3J13E,"GROVE ST","LARKIN ST",60.00,W,N,A,-,,,,,,,,,,,,4,0,1,2,A,-,00,21955,A,N,G,B,E,B,G,-,C,A,0,Y,,,,Y,,N,60,0,0,1,0,1,0,0,0,0,"- ","- ",,,"SAN FRANCISCO","SAN FRANCISCO",-122.41679382324219,37.778633117675781
9677051,2024,2024-05-31,3801,2024-04-04,"156 ",2486,TARAV,4,5,7,3801,0,0,0,,0,3I16E,"GENEVA AV","HOWTH ST",0.00,,-,A,-,N,,,,,,,,,,Y,4,0,1,2,A,-,01,23152,A,N,D,E,A,A,H,-,C,A,0,,,,,Y,Y,A,01,0,0,1,0,0,0,0,0,0,"- ","- ",,,"SAN FRANCISCO","SAN FRANCISCO",-122.45011901855469,37.722076416015625
9677052,2024,2024-07-11,3801,2024-04-03,1546,2154,TARAV,3,5,7,3801,0,0,0,,0,312D,"33RD AV","QUINTARA ST",0.00,,Y,B,-,N,,,,,,,,,,Y,3,0,2,2,A,-,03,22350,,N,D,C,A,A,H,-,A,D,0,,,,,Y,,A,07,0,1,1,0,0,0,0,0,0,"- ","- ",,,"SAN FRANCISCO","SAN FRANCISCO",-122.49108123779297,37.747989654541016
9677053,2024,2024-05-31,3801,2024-04-11,1900,2400,BAYVI,4,5,7,3801,0,0,0,,0,4CAR,"FELTON ST","SAN BRUNO AV",5.00,W,N,A,-,N,,,,,,,,,,N,4,0,2,3,A,-,12,21453,A,F,D,G,A,A,H,-,A,A,0,,Y,,,Y,,A,01,0,0,2,0,0,0,2,0,0,"- ","- ",,,"SAN FRANCISCO","SAN FRANCISCO",-122.40464019775391,37.730026245117188
9677054,2024,2024-05-31,3801,2024-04-11,"900 ",891,PARK,4,5,7,3801,0,0,0,,0,,FILLMORE,"WALLER ST",56.00,S,N,A,-,N,,,,,,,,,,N,4,0,1,2,A,-,06,21750,A,N,B,J,A,A,H,-,A,D,0,,,,,Y,,A,01,0,0,1,0,0,0,0,0,0,"- ","- ",,,"SAN FRANCISCO","SAN FRANCISCO",-122.43021392822266,37.771038055419922
9677055,2024,2024-05-31,3801,2024-04-11,"327 ",709,BAYVI,4,5,7,3801,0,0,0,,0,3C11E,"CESAR CHAVEZ ST","EVANS AV",0.00,,Y,A,-,N,,,,,,,,,,N,3,0,1,2,A,-,12,21453,A,F,A,C,A,A,H,-,C,A,0,,,,,Y,,A,01,0,1,0,0,0,0,0,0,0,"- ","- ",,,"SAN FRANCISCO","SAN FRANCISCO",-122.39731597900391,37.749691009521484
9677096,2024,2024-07-31,3801,2024-04-13,1833,595,INGLE,6,5,7,3801,0,0,0,,0,3H13D,"MISSION ST","BROOK ST",0.00,,Y,C,-,N,,,,,,,,,,N,4,0,1,2,A,-,12,22450,A,N,D,C,A,B,H,-,A,A,0,,,Y,,Y,,A,01,0,0,1,0,0,0,0,0,1,"- ","- ",,,"SAN FRANCISCO","SAN FRANCISCO",-122.42307281494141,37.740653991699219
9677109,2024,2024-06-18,3801,2024-04-07,2000,4119,TRAFF,7,5,7,3801,0,0,0,,0,4B3K,"WALLER ST","CARMELITA ST",0.00,,Y,A,-,N,,,,,,,,,,N,4,0,1,2,A,-,09,21804,A,N,D,G,A,A,H,-,C,D,0,,Y,,,Y,,L,04,0,0,1,0,0,0,1,0,0,"- ","- ",,,"SAN FRANCISCO","SAN FRANCISCO",-122.43438720703125,37.770652770996094
9677142,2024,2024-05-30,3801,2024-04-04,1804,2186,,4,5,7,3801,0,0,0,,0,3H2D,"OSHAUGHNESSY BL","DEL VALE AV",0.00,,Y,C,-,N,,,,,,,,,,Y,4,0,4,2,A,-,05,21651,A,N,A,D,A,B,H,-,B,A,0,,,,,Y,,A,01,0,0,4,0,0,0,0,0,0,"- ","- ",,,"SAN FRANCISCO","SAN FRANCISCO",-122.44594573974609,37.741176605224609