CASE_ID,ACCIDENT_YEAR,PROC_DATE,JURIS,COLLISION_DATE,COLLISION_TIME,OFFICER_ID,REPORTING_DISTRICT,DAY_OF_WEEK,CHP_SHIFT,POPULATION,CNTY_CITY_LOC,SPECIAL_COND,BEAT_TYPE,CHP_BEAT_TYPE,CITY_DIVISION_LAPD,CHP_BEAT_CLASS,BEAT_NUMBER,PRIMARY_RD,SECONDARY_RD,DISTANCE,DIRECTION,INTERSECTION,WEATHER_1,WEATHER_2,STATE_HWY_IND,CALTRANS_COUNTY,CALTRANS_DISTRICT,STATE_ROUTE,ROUTE_SUFFIX,POSTMILE_PREFIX,POSTMILE,LOCATION_TYPE,RAMP_INTERSECTION,SIDE_OF_HWY,TOW_AWAY,COLLISION_SEVERITY,NUMBER_KILLED,NUMBER_INJURED,PARTY_COUNT,PRIMARY_COLL_FACTOR,PCF_CODE_OF_VIOL,PCF_VIOL_CATEGORY,PCF_VIOLATION,PCF_VIOL_SUBSECTION,HIT_AND_RUN,TYPE_OF_COLLISION,MVIW,PED_ACTION,ROAD_SURFACE,ROAD_COND_1,ROAD_COND_2,LIGHTING,CONTROL_DEVICE,CHP_ROAD_TYPE,PEDESTRIAN_ACCIDENT,BICYCLE_ACCIDENT,MOTORCYCLE_ACCIDENT,TRUCK_ACCIDENT,NOT_PRIVATE_PROPERTY,ALCOHOL_INVOLVED,STWD_VEHTYPE_AT_FAULT,CHP_VEHTYPE_AT_FAULT,COUNT_SEVERE_INJ,COUNT_VISIBLE_INJ,COUNT_COMPLAINT_PAIN,COUNT_PED_KILLED,COUNT_PED_INJURED,COUNT_BICYCLIST_KILLED,COUNT_BICYCLIST_INJURED,COUNT_MC_KILLED,COUNT_MC_INJURED,PRIMARY_RAMP,SECONDARY_RAMP,LATITUDE,LONGITUDE,COUNTY,CITY,POINT_X,POINT_Y
9677145,2024,2024-05-30,3801,2024-04-04,1332,618,TARAV,4,5,7,3801,0,0,0,,0,3I111A,"19TH AV","IRVING ST",0.00,,Y,A,-,N,,,,,,,,,,N,4,0,1,2,A,-,07,21658,A,N,C,C,A,A,H,-,A,D,0,,,,,Y,,-,,0,0,1,0,0,0,0,0,0,"- ","- ",,,"SAN FRANCISCO","SAN FRANCISCO",-122.47720336914062,37.763557434082031
9677405,2024,2024-05-28,3801,2024-03-29,"613 ",2163,TENDE,5,5,7,3801,0,0,0,,0,3J15A,"GROVE ST","HYDE ST",0.00,,Y,-,-,N,,,,,,,,,,Y,4,0,1,1,A,-,01,23152,F,N,A,I,A,A,H,-,C,D,0,,,,,Y,,A,01,0,0,1,0,0,0,0,0,0,"- ","- ",,,"SAN FRANCISCO","SAN FRANCISCO",-122.41490173339844,37.778858184814453
9677408,2024,2024-05-28,3801,2024-03-31,2239,A25644,CENTR,7,5,7,3801,0,0,0,,0,,BROADWAY,"COLUMBUS ST",30.00,W,N,A,-,N,,,,,,,,,,N,3,0,1,1,A,-,03,22350,,N,E,I,A,A,H,-,C,D,0,,,,,Y,,-,,0,1,0,0,0,0,0,0,0,"- ","- ",,,"SAN FRANCISCO","SAN FRANCISCO",-122.40674591064453,37.797882080078125
9677417,2024,2024-05-28,3801,2024-03-24,"139 ",1940,INGLE,7,5,7,3801,0,0,0,,0,3H12E,"GENEVA AV","ALEMANY BL",0.00,,Y,C,-,N,,,,,,,,,,Y,4,0,2,2,A,-,12,21453,A,M,D,C,A,B,H,-,C,A,0,,,,,Y,Y,A,01,0,0,2,0,0,0,0,0,0,"- ","- ",,,"SAN FRANCISCO","SAN FRANCISCO",-122.43374633789062,37.713130950927734
9677652,2024,2024-05-29,3801,2024-03-28,"759 ",1371,NORTH,4,5,7,3801,0,0,0,,0,005,"MARINA BL","DIVISADERO ST",0.00,,Y,-,-,N,,,,,,,,,,N,4,0,1,2,A,-,10,21950,A,F,G,B,-,-,-,-,-,-,0,Y,,,,Y,Y,A,01,0,0,1,0,1,0,0,0,0,"- ","- ",,,"SAN FRANCISCO","SAN FRANCISCO",-122.44400024414062,37.805587768554688
9677653,2024,2024-05-29,3801,2024-03-26,2207,2408,MISSI,2,5,7,3801,0,0,0,,0,3D163,"FOLSOM ST","17TH ST",75.00,N,N,A,-,N,,,,,,,,,,N,2,0,1,2,A,-,11,21955,,F,D,G,A,A,H,-,C,D,0,,Y,,,Y,,L,04,1,0,0,0,0,0,1,0,0,"- ","- ",,,"SAN FRANCISCO","SAN FRANCISCO",-122.41516876220703,37.763896942138672
9677654,2024,2024-05-29,3801,2024-03-27,2243,1221,MISSI,3,5,7,3801,0,0,0,,0,3D13E,"DUBOCE AV","VALENCIA ST",3.00,W,N,C,-,N,,,,,,,,,,N,3,0,1,2,A,-,10,21950,A,F,G,B,B,B,H,-,C,A,0,Y,,,,Y,,A,01,0,1,0,0,1,0,0,0,0,"- ","- ",,,"SAN FRANCISCO","SAN FRANCISCO",-122.42237091064453,37.769870758056641
9677655,2024,2024-05-29,3801,2024-03-31,1410,1572,SOUTH,7,5,7,3801,0,0,0,,0,3B1A,"HARRISON ST","FREMONT ST",0.00,,Y,A,-,N,,,,,,,,,,Y,4,0,2,2,A,-,05,21651,B,N,B,C,A,A,H,-,A,A,0,,,,,Y,,A,01,0,0,2,0,0,0,0,0,0,"- ","- ",,,"SAN FRANCISCO","SAN FRANCISCO",-122.39205932617188,37.786788940429688
9677656,2024,2024-08-05,3801,2024-03-31,1448,392,MISSI,7,5,7,3801,0,0,0,,0,3D14A,"23RD ST","SOUTH VAN NESS",0.00,,Y,A,-,N,,,,,,,,,,N,4,0,1,2,A,-,08,22107,,F,B,C,A,A,H,-,A,A,0,,,,,Y,,A,01,0,0,1,0,0,0,0,0,0,"- ","- ",,,"SAN FRANCISCO","SAN FRANCISCO",-122.41643524169922,37.753955841064453
9677657,2024,2024-05-29,3801,2024-03-31,1450,2192,BAYVI,7,5,7,3801,0,0,0,,0,3C12A,"LEDYARD ST","LEDYARD ST 64",0.00,,Y,A,-,N,,,,,,,,,,N,2,0,1,1,A,-,03,22350,,N,H,-,A,A,H,-,A,D,0,,,Y,,Y,,C,02,1,0,0,0,0,0,0,0,1,"- ","- ",,,"SAN FRANCISCO","SAN FRANCISCO",,
9677658,2024,2024-05-29,3801,2024-03-31,1439,359,TARAV,7,5,7,3801,0,0,0,,0,315B,"LAKE MERCED BL","ACEVEDO DR",21.00,S,N,A,-,N,,,,,,,,,,Y,4,0,1,3,A,-,04,21703,,N,-,C,A,A,H,-,A,D,0,,,,,Y,,A,01,0,0,1,0,0,0,0,0,0,"- ","- ",,,"SAN FRANCISCO","SAN FRANCISCO",-122.48494720458984,37.719825744628906
9677659,2024,2024-05-29,3801,2024-03-30,2340,1466,SOUTH,6,5,7,3801,0,0,0,,0,0B5,"DIVISION ST","RHODE ISLAND ST",0.00,,Y,A,-,N,,,,,,,,,,Y,4,0,2,2,A,-,12,22450,A,F,D,C,A,A,H,-,C,A,0,,,,,Y,Y,A,01,0,0,2,0,0,0,0,0,0,"- ","- ",,,"SAN FRANCISCO","SAN FRANCISCO",-122.40306091308594,37.769832611083984
9677660,2024,2024-05-29,3801,2024-03-30,"305 ",715,MISSI,6,5,7,3801,0,0,0,,0,3D14E,"MISSION ST","21ST ST",0.00,,Y,A,-,N,,,,,,,,,,Y,2,0,4,2,A,-,12,21453,A,F,D,C,A,B,-,-,C,A,0,,,,,Y,,A,01,1,3,0,0,0,0,0,0,0,"- ","- ",,,"SAN FRANCISCO","SAN FRANCISCO",-122.41891479492188,37.757015228271484
9677661,2024,2024-05-30,3801,2024-03-27,1446,1119,SOUTH,3,5,7,3801,0,0,0,,0,,"HOWARD ST","5TH ST",35.00,W,N,A,-,N,,,,,,,,,,Y,4,0,1,2,A,-,03,22350,,N,D,C,A,A,H,-,A,A,0,,,Y,,Y,,C,02,0,0,1,0,0,0,0,0,1,"- ","- ",,,"SAN FRANCISCO","SAN FRANCISCO",-122.40501403808594,37.781440734863281
9677662,2024,2024-07-09,3801,2024-03-18,1330,1214,CENTR,1,5,7,3801,0,0,0,,0,3A42C,"COLUMBUS AV","FILBERT ST",0.00,,Y,A,-,N,,,,,,,,,,Y,4,0,2,2,A,-,09,21802,A,N,D,C,A,A,H,-,A,A,0,,,,,Y,,A,01,0,0,2,0,0,0,0,0,0,"- ","- ",,,"SAN FRANCISCO","SAN FRANCISCO",-122.41136169433594,37.801116943359375
9677663,2024,2024-05-31,3801,2024-03-18,1205,319,CENTR,1,5,7,3801,0,0,0,,0,3A2C,"GRANT AV","POST ST",9.00,S,N,A,-,N,,,,,,,,,,N,3,0,1,3,A,-,17,22517,,N,D,G,A,A,H,-,A,D,0,,Y,,,Y,,A,01,0,1,0,0,0,0,1,0,0,"- ","- ",,,"SAN FRANCISCO","SAN FRANCISCO",-122.40521240234375,37.788677215576172
9677664,2024,2024-06-03,3801,2024-03-31,1405,50,TENDE,7,5,7,3801,0,0,0,,0,003,"EDDY ST","LARKIN ST",0.00,,Y,A,-,N,,,,,,,,,,,3,0,1,2,A,-,09,21801,A,N,A,G,A,A,H,-,A,A,0,,Y,,,Y,,A,01,0,1,0,0,0,0,1,0,0,"- ","- ",,,"SAN FRANCISCO","SAN FRANCISCO",-122.41751861572266,37.783294677734375
9677665,2024,2024-05-31,3801,2024-03-28,2131,2150,RICHM,4,5,7,3801,0,0,0,,0,,"25TH AV","CALIFORNIA ST",0.00,,Y,A,-,N,,,,,,,,,,,4,0,2,2,A,-,09,21801,A,N,D,C,A,A,H,-,C,A,0,,,,,Y,,A,01,0,0,2,0,0,0,0,0,0,"- ","- ",,,"SAN FRANCISCO","SAN FRANCISCO",-122.48500061035156,37.783882141113281
9677666,2024,2024-05-31,3801,2024-03-26,1211,4286,RICHM,2,5,7,3801,0,0,0,,0,0G3,"8TH AV","FULTON ST",90.00,N,N,A,-,N,,,,,,,,,,N,3,0,1,2,A,-,11,21950,B,N,G,B,D,A,H,-,A,D,0,Y,,,,Y,,N,60,0,1,0,0,1,0,0,0,0,"- ","- ",,,"SAN FRANCISCO","SAN FRANCISCO",-122.46589660644531,37.773628234863281
9677667,2024,2024-05-31,3801,2024-03-23,2244,1857,SOUTH,6,5,7,3801,0,0,0,,0,3B60,"8TH ST","BRYANT ST",0.00,,Y,-,-,N,,,,,,,,,,N,3,0,1,2,A,-,08,22107,,N,G,B,B,A,H,-,C,A,0,Y,,,,Y,,A,01,0,1,0,0,1,0,0,0,0,"- ","- ",,,"SAN FRANCISCO","SAN FRANCISCO",-122.406982421875,37.772514343261719
9677668,2024,2024-05-31,3801,2024-03-27,1241,1188,INGLE,3,5,7,3801,0,0,0,,0,3H15A,"ALEMANY BL","FARRAGUT AV",0.00,,Y,A,-,N,,,,,,,,,,Y,3,0,2,2,A,-,08,22107,,N,D,C,A,A,H,-,A,A,0,,,,,Y,Y,A,01,0,1,1,0,0,0,0,0,0,"- ","- ",,,"SAN FRANCISCO","SAN FRANCISCO",-122.45204162597656,37.71209716796875
9677669,2024,2024-05-31,3801,2024-03-27,1004,1669,TENDE,3,5,7,3801,0,0,0,,0,3J97C,"MARKET ST","MASON ST",0.00,,Y,A,-,N,,,,,,,,,,N,3,0,1,1,A,-,03,22350,,N,H,G,A,A,A,-,A,A,0,,Y,,,Y,,L,04,0,1,0,0,0,0,1,0,0,"- ","- ",,,"SAN FRANCISCO","SAN FRANCISCO",-122.40908050537109,37.783233642578125
9677670,2024,2024-05-31,3801,2024-03-27,"27  ",2214,INGLE,3,5,7,3801,0,0,0,,0,3H15E,"ALEMANY BL","SICKLES AV",0.00,,Y,A,-,N,,,,,,,,,,N,4,0,1,2,A,-,09,21801,A,N,D,C,A,A,H,-,C,A,0,,,,,Y,,A,01,0,0,1,0,0,0,0,0,0,"- ","- ",,,"SAN FRANCISCO","SAN FRANCISCO",-122.45491790771484,37.710514068603516
9677671,2024,2024-06-24,3801,2024-03-26,2129,255,INGLE,2,5,7,3801,0,0,0,,0,3H14E,"OCEAN AV","RT 280",117.00,W,N,A,-,Y,SF,4,280,-,R,1.924,R,4,N,N,4,0,3,3,A,-,04,21703,,N,C,C,A,A,H,-,C,A,0,,,,,Y,,A,01,0,0,3,0,0,0,0,0,0,"- ",NO,,,"SAN FRANCISCO","SAN FRANCISCO",-122.44673156738281,37.725086212158203
9677672,2024,2024-05-31,3801,2024-03-25,2100,426,NORTH,1,5,7,3801,0,0,0,,0,3E13D,"FULTON ST","GOUGH ST",3.00,E,N,A,-,N,,,,,,,,,,N,3,0,1,2,A,-,10,21950,A,N,A,B,B,A,H,-,C,A,0,Y,,,,Y,,A,07,0,1,0,0,1,0,0,0,0,"- ","- ",,,"SAN FRANCISCO","SAN FRANCISCO",-122.42333984375,37.778751373291016
9677673,2024,2024-05-31,3801,2024-03-26,1554,2727,INGLE,2,5,7,3801,0,0,0,,0,3H13D,"BRAZIL AV","MADRID ST",0.00,,Y,A,-,N,,,,,,,,,,N,3,0,1,2,A,-,10,21950,A,N,G,B,B,A,H,-,A,A,0,Y,,,,Y,,A,01,0,1,0,0,1,0,0,0,0,"- ","- ",,,"SAN FRANCISCO","SAN FRANCISCO",-122.43163299560547,37.723167419433594
9677674,2024,2024-05-31,3801,2024-03-26,1300,2348,INGLE,2,5,7,3801,0,0,0,,0,3H14A,"JOOST AV","LIPPARD AV",0.00,,Y,A,-,N,,,,,,,,,,N,4,0,1,2,A,-,08,22107,,N,D,C,A,A,H,-,A,D,0,,,,,Y,,A,01,0,0,1,0,0,0,0,0,0,"- ","- ",,,"SAN FRANCISCO","SAN FRANCISCO",-122.43624114990234,37.732402801513672
9677675,2024,2024-05-31,3801,2024-03-26,1033,2289,NORTH,2,5,7,3801,0,0,0,,0,"4 CAR","PINE ST","DIVISADERO ST",0.00,,Y,A,-,N,,,,,,,,,,Y,3,0,1,2,A,-,08,22107,,N,D,C,A,A,H,-,A,B,0,,,Y,,Y,,C,02,0,1,0,0,0,0,0,0,1,"- ","- ",,,"SAN FRANCISCO","SAN FRANCISCO",-122.44023895263672,37.787120819091797
9677676,2024,2024-05-31,3801,2024-03-20,2021,2186,INGLE,3,5,7,3801,0,0,0,,0,3H62,"NIAGARA AV","SAN JOSE AV",0.00,,Y,A,-,N,,,,,,,,,,Y,3,0,1,2,A,-,12,22450,,F,D,D,A,A,H,-,C,A,0,,,,,Y,Y,-,,0,1,0,0,0,0,0,0,0,"- ","- ",,,"SAN FRANCISCO","SAN FRANCISCO",-122.44760894775391,37.719478607177734
9677677,2024,2024-05-31,3801,2024-03-31,1347,1572,SOUTH,7,5,7,3801,0,0,0,,0,3B1A,"EMBARCADERO SOUTH","FOLSOM ST",0.00,,Y,A,-,N,,,,,,,,,,N,4,0,1,2,A,-,03,22350,A,N,C,C,A,A,H,-,A,A,0,,,,,Y,,-,,0,0,1,0,0,0,0,0,0,"- ","- ",,,"SAN FRANCISCO","SAN FRANCISCO",-122.39015960693359,37.790756225585938
9677678,2024,2024-05-31,3801,2024-03-31,"356 ",2463,SOUTH,7,5,7,3801,0,0,0,,0,3B13E,"6TH ST","BRYANT ST",0.00,,Y,A,-,N,,,,,,,,,,Y,3,0,2,2,A,-,09,21801,A,N,A,C,A,A,H,-,C,A,0,,,,,Y,Y,A,01,0,1,1,0,0,0,0,0,0,"- ","- ",,,"SAN FRANCISCO","SAN FRANCISCO",-122.40250396728516,37.776058197021484
9677680,2024,2024-05-31,3801,2024-03-30,1814,2421,PARK,6,5,7,3801,0,0,0,,0,3F13,"STANYAN ST","WALTER ST",0.00,,Y,A,-,N,,,,,,,,,,Y,4,0,1,2,A,-,09,21801,A,N,D,C,A,A,H,-,A,A,0,,,,,Y,,A,01,0,0,1,0,0,0,0,0,0,"- ","- ",,,"SAN FRANCISCO","SAN FRANCISCO",-122.45335388183594,37.76824951171875
9677918,2024,2025-02-18,3801,2024-03-30,"211 ",1150,NORTH,6,5,7,3801,0,0,0,,0,0E6,"FRANKLIN ST","CALIFORNIA ST",219.00,S,N,B,C,N,,,,,,,,,,Y,4,0,1,2,A,-,03,22350,,N,C,E,A,B,H,-,C,D,0,,,,,Y,,A,01,0,0,1,0,0,0,0,0,0,"- ","- ",,,"SAN FRANCISCO","SAN FRANCISCO",-122.42385101318359,37.789566040039062
9677919,2024,2024-05-30,3801,2024-03-30,"133 ",1078,NORTH,6,5,7,3801,0,0,0,,0,3E12E,"WEBSTER ST","EDDY ST",0.00,,Y,A,-,N,,,,,,,,,,Y,4,0,2,2,A,-,12,21453,A,F,D,C,A,B,H,-,C,A,0,,,,,Y,,A,01,0,0,2,0,0,0,0,0,0,"- ","- ",,,"SAN FRANCISCO","SAN FRANCISCO",-122.43067169189453,37.781623840332031
9677920,2024,2024-06-10,3801,2024-03-29,1654,1845,TARAV,5,5,7,3801,0,0,0,,0,311D,"23RD AV","ULLOA ST",0.00,,Y,A,-,N,,,,,,,,,,N,4,0,1,2,A,-,08,22107,,N,D,C,A,A,H,-,A,A,0,,,,,Y,,A,01,0,0,1,0,0,0,0,0,0,"- ","- ",,,"SAN FRANCISCO","SAN FRANCISCO",-122.47987365722656,37.740978240966797
9678004,2024,2024-04-29,3801,2024-02-03,1829,359,TARAV,6,5,7,3801,0,0,0,,0,313B,"JUDAH ST","44TH AV",0.00,,Y,C,-,N,,,,,,,,,,N,3,0,1,2,A,-,10,21950,A,N,G,B,B,B,H,-,C,A,0,Y,,,,Y,,I,11,0,1,0,0,1,0,0,0,0,"- ","- ",,,"SAN FRANCISCO","SAN FRANCISCO",-122.50380706787109,37.760509490966797
9678011,2024,2024-03-13,3801,2024-01-31,1840,1845,TARAV,3,5,7,3801,0,0,0,,0,3CAR,"44TH AV","VICENTE ST",0.00,,Y,C,-,N,,,,,,,,,,N,3,0,1,2,A,-,10,21950,A,N,G,B,B,B,H,-,C,A,0,Y,,,,Y,,D,22,0,1,0,0,1,0,0,0,0,"- ","- ",,,"SAN FRANCISCO","SAN FRANCISCO",-122.50222778320312,37.738132476806641
9678149,2024,2024-05-04,3801,2024-02-01,"933 ",2707,TARAV,4,5,7,3801,0,0,0,,0,6CAR,"OCEAN AV","FRIDA KAHLO WY",0.00,,Y,A,-,N,,,,,,,,,,N,3,0,1,3,A,-,04,21703,,M,C,C,A,A,H,-,A,A,0,,,,,Y,Y,A,01,0,1,0,0,0,0,0,0,0,"- ","- ",,,"SAN FRANCISCO","SAN FRANCISCO",-122.45233154296875,37.723068237304688
9678150,2024,2024-05-04,3801,2024-02-01,"434 ",1982,MISSI,4,5,7,3801,0,0,0,,0,3D11E`,"DUBOCE AV","GUERRERO ST",0.00,,Y,C,-,N,,,,,,,,,,Y,4,0,2,2,A,-,09,21801,A,N,A,C,A,B,H,-,C,A,0,,,,,Y,,A,01,0,0,2,0,0,0,0,0,0,"- ","- ",,,"SAN FRANCISCO","SAN FRANCISCO",-122.42459106445312,37.769741058349609
9678151,2024,2024-05-04,3801,2024-02-01,1748,2401,MISSI,4,5,7,3801,0,0,0,,0,3D11D,"MARKET ST","MARKET ST 3620",0.00,,N,C,-,N,,,,,,,,,,Y,4,0,1,1,A,-,03,22350,,N,B,I,A,B,H,-,C,A,0,,,,,Y,,A,01,0,0,1,0,0,0,0,0,0,"- ","- ",,,"SAN FRANCISCO","SAN FRANCISCO",,
9678152,2024,2024-05-04,3801,2024-02-04,1902,307,NORTH,7,5,7,3801,0,0,0,,0,3E13D,"POLK ST","MCALLISTER ST",16.00,S,N,C,-,N,,,,,,,,,,N,2,0,2,3,A,-,10,21950,A,N,G,B,B,B,G,-,C,A,0,Y,,,,Y,,A,01,1,1,0,0,2,0,0,0,0,"- ","- ",,,"SAN FRANCISCO","SAN FRANCISCO",-122.41859436035156,37.780227661132812
9678153,2024,2024-05-04,3801,2024-02-04,"2   ",4115,SOUTH,7,5,7,3801,0,0,0,,0,3B14E,"6TH ST","BRYANT ST",0.00,,Y,C,-,N,,,,,,,,,,Y,3,0,1,2,A,-,09,21801,A,F,A,C,A,B,H,-,C,A,0,,,,,Y,,A,01,0,1,0,0,0,0,0,0,0,"- ","- ",,,"SAN FRANCISCO","SAN FRANCISCO",-122.40250396728516,37.776058197021484
9678154,2024,2024-05-04,3801,2024-02-04,"240 ",1902,MISSI,7,5,7,3801,0,0,0,,0,3D16E,"UTAH ST","17TH ST",0.00,,Y,C,-,N,,,,,,,,,,Y,3,0,1,2,A,-,00,23123,A,N,A,E,A,B,H,-,C,A,0,,,,,Y,,A,01,0,1,0,0,0,0,0,0,0,"- ","- ",,,"SAN FRANCISCO","SAN FRANCISCO",-122.40643310546875,37.764549255371094
9678155,2024,2024-05-04,3801,2024-02-04,1500,1771,MISSI,7,5,7,3801,0,0,0,,0,,"VALENCIA ST","16TH ST",0.00,,Y,B,-,N,,,,,,,,,,N,4,0,1,2,A,-,08,22107,,F,B,C,A,B,H,-,A,A,0,,,,,Y,Y,A,01,0,0,1,0,0,0,0,0,0,"- ","- ",,,"SAN FRANCISCO","SAN FRANCISCO",-122.42189025878906,37.764907836914062
9678156,2024,2024-05-04,3801,2024-02-04,1742,1500,CENTR,7,5,7,3801,0,0,0,,0,,"BAY ST","STOCKTON ST",0.00,,Y,B,C,N,,,,,,,,,,N,4,0,1,2,A,-,10,21950,A,N,G,B,B,B,H,-,C,A,0,Y,,,,Y,,A,01,0,0,1,0,1,0,0,0,0,"- ","- ",,,"SAN FRANCISCO","SAN FRANCISCO",-122.41030120849609,37.806037902832031
9678159,2024,2024-05-04,3801,2024-02-03,1942,4212,PARK,6,5,7,3801,0,0,0,,0,3F12D,"17TH ST","CLAYTON ST",0.00,,Y,C,-,N,,,,,,,,,,N,4,0,1,2,A,-,10,21950,A,N,G,B,B,B,H,-,C,A,0,Y,,,,Y,,A,01,0,0,1,0,1,0,0,0,0,"- ","- ",,,"SAN FRANCISCO","SAN FRANCISCO",-122.44676971435547,37.761775970458984
9678160,2024,2024-05-04,3801,2024-02-04,"6   ",2188,BAYVI,7,5,7,3801,0,0,0,,0,3C11E,"3RD ST","25TH ST",0.00,,Y,C,-,N,,,,,,,,,,Y,4,0,1,2,A,-,12,21453,A,N,D,C,A,B,H,-,B,A,0,,,,,Y,,A,01,0,0,1,0,0,0,0,0,0,"- ","- ",,,"SAN FRANCISCO","SAN FRANCISCO",-122.38787841796875,37.752838134765625
9678215,2024,2024-06-24,3801,2024-01-31,2205,1150,NORTH,3,5,7,3801,0,0,0,,0,3E4,"WEBSTER ST","POST ST",55.00,S,N,B,C,N,,,,,,,,,,Y,4,0,1,2,A,-,04,21703,,N,C,C,A,B,H,-,C,A,0,,,,,Y,,A,07,0,0,1,0,0,0,0,0,0,"- ","- ",,,"SAN FRANCISCO","SAN FRANCISCO",-122.43140411376953,37.785213470458984
9678241,2024,2024-05-04,3801,2024-02-01,1510,964,NORTH,4,5,7,3801,0,0,0,,0,3E13D,"GEARY BL","STEINER ST",0.00,,Y,A,-,N,,,,,,,,,,Y,4,0,1,2,A,-,12,21453,A,N,D,G,A,A,H,-,A,A,0,,Y,,,Y,,L,04,0,0,1,0,0,0,1,0,0,"- ","- ",,,"SAN FRANCISCO","SAN FRANCISCO",-122.43457794189453,37.784320831298828
9678242,2024,2024-05-04,3801,2024-02-01,1645,2470,CENTR,4,5,7,3801,0,0,0,,0,3A13D,"POWELL ST","PACIFIC AV",0.00,,N,B,-,N,,,,,,,,,,N,4,0,1,2,A,-,10,21950,A,N,G,B,B,A,H,-,A,A,0,Y,,,,Y,,A,01,0,0,1,0,1,0,0,0,0,"- ","- ",,,"SAN FRANCISCO","SAN FRANCISCO",-122.41006469726562,37.7965087890625
9678243,2024,2024-05-04,3801,2024-02-01,1831,938,INGLE,4,5,7,3801,0,0,0,,0,006,"LELAND AV","SAWYER ST",615.00,E,N,A,-,N,,,,,,,,,,Y,4,0,1,6,A,-,01,23153,A,N,B,E,A,B,H,-,C,D,0,,,,,Y,Y,A,01,0,0,1,0,0,0,0,0,0,"- ","- ",,,"SAN FRANCISCO","SAN FRANCISCO",-122.41190338134766,37.713771820068359
9678244,2024,2024-05-04,3801,2024-02-01,1844,2130,RICHM,4,5,7,3801,0,0,0,,0,3GI1D,"GEARY BL","21ST AV",0.00,,Y,C,-,N,,,,,,,,,,N,2,0,1,2,A,-,11,21453,D,N,G,B,B,B,H,-,C,A,0,Y,,,,Y,Y,N,60,1,0,0,0,1,0,0,0,0,"- ","- ",,,"SAN FRANCISCO","SAN FRANCISCO",-122.48045349121094,37.780342102050781
9678245,2024,2024-05-04,3801,2024-02-02,"326 ",488,INGLE,5,5,7,3801,0,0,0,,0,3H13E,"SAN JOSE AV","RANDALL ST",9.00,S,N,C,-,N,,,,,,,,,,N,4,0,1,1,A,-,08,22107,,N,E,I,A,B,H,-,C,A,0,,,,,Y,,A,01,0,0,1,0,0,0,0,0,0,"- ","- ",,,"SAN FRANCISCO","SAN FRANCISCO",-122.42427062988281,37.739837646484375
9678246,2024,2024-05-04,3801,2024-02-02,1443,359,TARAV,5,5,7,3801,0,0,0,,0,3I3B,"LAKE MERCED BL","STATE DR",0.00,,Y,-,-,N,,,,,,,,,,Y,3,0,1,2,A,-,12,21453,A,N,D,C,A,A,H,-,A,A,0,,,,,Y,,A,01,0,1,0,0,0,0,0,0,0,"- ","- ",,,"SAN FRANCISCO","SAN FRANCISCO",-122.48471832275391,37.72491455078125
9678247,2024,2024-05-04,3801,2024-02-02,1505,1858,BAYVI,5,5,7,3801,0,0,0,,0,3C15D,"3RD ST","LE CONTE AV",45.00,S,N,A,-,N,,,,,,,,,,Y,4,0,1,3,A,-,03,22350,A,F,C,C,A,A,H,-,A,A,0,,,,,Y,,A,01,0,0,1,0,0,0,0,0,0,"- ","- ",,,"SAN FRANCISCO","SAN FRANCISCO",-122.39765930175781,37.718769073486328
9678248,2024,2024-05-04,3801,2024-02-02,1749,2231,SOUTH,5,5,7,3801,0,0,0,,0,3B14D,"FOLSOM ST","9TH ST",0.00,,Y,A,-,N,,,,,,,,,,N,4,0,1,1,A,-,03,22350,,N,H,A,A,A,H,-,C,A,0,,Y,,,Y,,L,04,0,0,1,0,0,0,1,0,0,"- ","- ",,,"SAN FRANCISCO","SAN FRANCISCO",-122.41161346435547,37.773773193359375
9678249,2024,2024-05-04,3801,2024-02-02,1930,1374,TARAV,5,5,7,3801,0,0,0,,0,3I16D,"SAN JOSE AV","SAGAMORE ST",0.00,,Y,A,-,N,,,,,,,,,,Y,3,0,1,2,A,-,12,21453,A,F,D,C,A,A,H,-,C,A,0,,,,,Y,,A,01,0,1,0,0,0,0,0,0,0,"- ","- ",,,"SAN FRANCISCO","SAN FRANCISCO",-122.45581817626953,37.71124267578125
9678250,2024,2024-05-04,3801,2024-02-01,1048,359,TARAV,4,5,7,3801,0,0,0,,0,3I5A,"LAKE MERCED BL","BROTHERHOOD WY",46.00,N,N,C,-,N,,,,,,,,,,Y,3,0,2,4,A,-,03,22350,,N,A,C,A,B,H,-,A,A,0,,,,,Y,,A,01,0,2,0,0,0,0,0,0,0,"- ","- ",,,"SAN FRANCISCO","SAN FRANCISCO",-122.48523712158203,37.714847564697266
9678251,2024,2024-05-04,3801,2024-02-02,"223 ",2724,BAYVI,5,5,7,3801,0,0,0,,0,3C15E,"ARELIOUS WALKER DR","ARELIOUS WALKER DR 2984",0.00,,N,C,-,N,,,,,,,,,,Y,4,0,1,1,A,-,08,22107,,N,E,I,A,B,H,-,C,A,0,,,,,Y,,A,01,0,0,1,0,0,0,0,0,0,"- ","- ",,,"SAN FRANCISCO","SAN FRANCISCO",-122.37389373779297,37.730953216552734
9678262,2024,2024-03-08,3801,2024-01-07,1348,1339,TRAFF,7,5,7,3801,0,0,0,,0,,"PACIFIC AV","STOCKTON ST",0.00,,Y,A,-,N,,,,,,,,,,N,2,0,1,2,A,-,11,21954,A,N,G,B,D,A,H,-,A,A,0,Y,,,,Y,,N,60,1,0,0,0,1,0,0,0,0,"- ","- ",,,"SAN FRANCISCO","SAN FRANCISCO",-122.40840911865234,37.796722412109375