CASE_ID,ACCIDENT_YEAR,PROC_DATE,JURIS,COLLISION_DATE,COLLISION_TIME,OFFICER_ID,REPORTING_DISTRICT,DAY_OF_WEEK,CHP_SHIFT,POPULATION,CNTY_CITY_LOC,SPECIAL_COND,BEAT_TYPE,CHP_BEAT_TYPE,CITY_DIVISION_LAPD,CHP_BEAT_CLASS,BEAT_NUMBER,PRIMARY_RD,SECONDARY_RD,DISTANCE,DIRECTION,INTERSECTION,WEATHER_1,WEATHER_2,STATE_HWY_IND,CALTRANS_COUNTY,CALTRANS_DISTRICT,STATE_ROUTE,ROUTE_SUFFIX,POSTMILE_PREFIX,POSTMILE,LOCATION_TYPE,RAMP_INTERSECTION,SIDE_OF_HWY,TOW_AWAY,COLLISION_SEVERITY,NUMBER_KILLED,NUMBER_INJURED,PARTY_COUNT,PRIMARY_COLL_FACTOR,PCF_CODE_OF_VIOL,PCF_VIOL_CATEGORY,PCF_VIOLATION,PCF_VIOL_SUBSECTION,HIT_AND_RUN,TYPE_OF_COLLISION,MVIW,PED_ACTION,ROAD_SURFACE,ROAD_COND_1,ROAD_COND_2,LIGHTING,CONTROL_DEVICE,CHP_ROAD_TYPE,PEDESTRIAN_ACCIDENT,BICYCLE_ACCIDENT,MOTORCYCLE_ACCIDENT,TRUCK_ACCIDENT,NOT_PRIVATE_PROPERTY,ALCOHOL_INVOLVED,STWD_VEHTYPE_AT_FAULT,CHP_VEHTYPE_AT_FAULT,COUNT_SEVERE_INJ,COUNT_VISIBLE_INJ,COUNT_COMPLAINT_PAIN,COUNT_PED_KILLED,COUNT_PED_INJURED,COUNT_BICYCLIST_KILLED,COUNT_BICYCLIST_INJURED,COUNT_MC_KILLED,COUNT_MC_INJURED,PRIMARY_RAMP,SECONDARY_RAMP,LATITUDE,LONGITUDE,COUNTY,CITY,POINT_X,POINT_Y
9678263,2024,2024-03-08,3801,2024-01-30,1619,2408,MISSI,2,5,7,3801,0,0,0,,0,3D14D,"16TH ST","BRYANT ST",480.00,E,N,A,-,N,,,,,,,,,,N,4,0,1,2,A,-,09,21804,,M,D,C,A,A,H,-,A,A,0,,,,,Y,,A,01,0,0,1,0,0,0,0,0,0,"- ","- ",,,"SAN FRANCISCO","SAN FRANCISCO",-122.40886688232422,37.76568603515625
9678264,2024,2024-03-08,3801,2024-01-31,1400,1428,MISSI,3,5,7,3801,0,0,0,,0,3D13D,"MISSION ST","21ST ST",0.00,,Y,C,-,N,,,,,,,,,,N,4,0,2,2,A,-,03,22350,,F,C,C,A,B,H,-,A,A,0,,,,,Y,Y,-,,0,0,2,0,0,0,0,0,0,"- ","- ",,,"SAN FRANCISCO","SAN FRANCISCO",-122.41891479492188,37.757015228271484
9678265,2024,2024-03-08,3801,2024-01-31,2310,451,MISSI,3,5,7,3801,0,0,0,,0,3D15E,"MISSION ST","18TH ST",152.00,S,N,B,-,N,,,,,,,,,,,4,0,1,2,A,-,08,22102,,N,B,C,A,B,H,-,C,D,0,,,,,Y,,A,01,0,0,1,0,0,0,0,0,0,"- ","- ",,,"SAN FRANCISCO","SAN FRANCISCO",-122.41933441162109,37.761425018310547
9678266,2024,2024-03-08,3801,2024-01-24,2008,1297,PARK,3,5,7,3801,0,0,0,,0,3F13D,"OAK ST","OCTAVIA ST",0.00,,N,C,-,N,,,,,,,,,,N,4,0,1,2,A,-,12,21453,A,M,D,G,A,B,H,-,C,A,0,,Y,,,Y,,A,01,0,0,1,0,0,0,1,0,0,"- ","- ",,,"SAN FRANCISCO","SAN FRANCISCO",-122.42430114746094,37.774799346923828
9678267,2024,2024-03-08,3801,2024-01-31,2128,246,TARAV,3,5,7,3801,0,0,0,,0,5CAR,"19TH AV","HOLLOWAY AV",0.00,,Y,C,-,N,,,,,,,,,,Y,4,0,1,2,A,-,09,21800,A,N,D,C,A,B,H,-,C,A,0,,,,,Y,,A,01,0,0,1,0,0,0,0,0,0,"- ","- ",,,"SAN FRANCISCO","SAN FRANCISCO",-122.47537231445312,37.720954895019531
9678268,2024,2024-03-08,3801,2024-01-30,"830 ",179,NORTH,2,5,7,3801,0,0,0,,0,3E12A,"FULTON ST","FILLMORE ST",100.00,E,N,A,-,N,,,,,,,,,,N,3,0,1,2,A,-,05,21460,A,N,A,C,A,A,H,-,A,A,0,,,Y,,Y,,A,01,0,1,0,0,0,0,0,0,1,"- ","- ",,,"SAN FRANCISCO","SAN FRANCISCO",-122.43122100830078,37.777736663818359
9678269,2024,2024-03-08,3801,2024-01-31,1407,2740,TARAV,3,5,7,3801,0,0,0,,0,015,"LAKE MERCED BL","N STATE BL",300.00,S,N,C,-,N,,,,,,,,,,N,4,0,1,2,A,-,04,21703,,N,C,C,A,B,H,-,A,D,0,,,,,Y,,A,01,0,0,1,0,0,0,0,0,0,"- ","- ",,,"SAN FRANCISCO","SAN FRANCISCO",-122.48427581787109,37.725967407226562
9678270,2024,2024-03-08,3801,2024-01-31,1820,537,PARK,3,5,7,3801,0,0,0,,0,3F12B,"17TH ST","URANUS TER",18.00,W,N,C,-,N,,,,,,,,,,N,4,0,1,2,A,-,03,22350,,F,C,C,A,B,H,-,C,D,0,,,,,Y,Y,A,01,0,0,1,0,0,0,0,0,0,"- ","- ",,,"SAN FRANCISCO","SAN FRANCISCO",-122.44536590576172,37.761867523193359
9678271,2024,2024-03-08,3801,2024-01-31,2018,654,PARK,3,5,7,3801,0,0,0,,0,,"HERMAN ST","WEBSTER ST",15.00,W,N,C,-,N,,,,,,,,,,N,4,0,1,2,A,-,12,22450,A,N,D,B,B,B,H,-,C,A,0,Y,,,,Y,,-,,0,0,1,0,1,0,0,0,0,"- ","- ",,,"SAN FRANCISCO","SAN FRANCISCO",-122.42847442626953,37.770454406738281
9678272,2024,2024-03-08,3801,2024-01-05,1553,1316,RICHM,5,5,7,3801,0,0,0,,0,3G11D,"CROSSOVER DR","MARTIN LUTHER KING JR DR",500.00,N,N,A,-,N,,,,,,,,,,Y,3,0,1,6,C,-,18,,,N,E,J,A,A,H,-,A,D,0,,,,,Y,,-,"- ",0,1,0,0,0,0,0,0,0,"- ","- ",,,"SAN FRANCISCO","SAN FRANCISCO",-122.47801971435547,37.767299652099609
9678273,2024,2024-03-08,3801,2024-01-29,"752 ",1188,INGLE,1,5,7,3801,0,0,0,,0,3H4A,"GENEVA AV","LONDON ST",27.00,W,N,A,-,N,,,,,,,,,,Y,4,0,2,2,A,-,04,21703,,N,C,C,A,A,-,-,A,A,0,,,,,Y,,A,01,0,0,2,0,0,0,0,0,0,"- ","- ",,,"SAN FRANCISCO","SAN FRANCISCO",-122.44032287597656,37.716087341308594
9678275,2024,2024-03-08,3801,2024-01-28,1043,1796,RICHM,7,5,7,3801,0,0,0,,0,3G14A,"CALIFORNIA ST","14TH AV",0.00,,Y,A,-,N,,,,,,,,,,Y,4,0,3,2,A,-,09,21804,,N,D,C,A,A,H,-,A,D,0,,,,,Y,,A,01,0,0,3,0,0,0,0,0,0,"- ","- ",,,"SAN FRANCISCO","SAN FRANCISCO",-122.47312927246094,37.784431457519531
9678276,2024,2024-03-08,3801,2024-01-30,1036,1653,INGLE,2,5,7,3801,0,0,0,,0,3H13A,"GENEVA AV","SAN JOSE AV",0.00,,Y,A,-,N,,,,,,,,,,Y,3,0,2,2,A,-,08,22107,,N,B,C,A,A,H,-,A,A,0,,,,,Y,,A,01,0,1,1,0,0,0,0,0,0,"- ","- ",,,"SAN FRANCISCO","SAN FRANCISCO",-122.44663238525391,37.720729827880859
9678278,2024,2024-06-26,3801,2024-01-25,1333,748,CENTR,4,5,7,3801,0,0,0,,0,0A5,"SANSOME ST","HALLECK ALY",0.00,,Y,A,-,N,,,,,,,,,,N,3,0,1,2,A,-,03,22350,,N,B,J,A,A,H,-,A,D,0,,,,,Y,,-,"- ",0,1,0,0,0,0,0,0,0,"- ","- ",,,"SAN FRANCISCO","SAN FRANCISCO",-122.40122985839844,37.793529510498047
9678279,2024,2024-03-08,3801,2024-01-31,1535,2443,BAYVI,3,5,7,3801,0,0,0,,0,3C4D,"BACON ST","SAN BRUNO AV",5.00,E,N,C,-,N,,,,,,,,,,N,3,0,1,2,A,-,10,21950,A,N,G,B,B,B,H,-,A,A,0,Y,,,,Y,,A,01,0,1,0,0,1,0,0,0,0,"- ","- ",,,"SAN FRANCISCO","SAN FRANCISCO",-122.40359497070312,37.727645874023438
9678300,2023,2024-03-11,3801,2023-12-22,1800,4036,TRAFF,5,5,7,3801,0,0,0,,0,4B1B,"GRANT AV","POST ST",10.00,N,N,A,-,N,,,,,,,,,,N,4,0,1,1,C,-,18,,,N,-,J,A,A,H,-,C,A,0,,,Y,,Y,,-,"- ",0,0,1,0,0,0,0,0,1,"- ","- ",,,"SAN FRANCISCO","SAN FRANCISCO",-122.40522766113281,37.788726806640625
9678302,2023,2024-03-11,3801,2023-12-08,"927 ",1418,TARAV,5,5,7,3801,0,0,0,,0,0I3,"40TH AV","RIVERA ST",0.00,,Y,A,-,N,,,,,,,,,,N,4,0,1,2,A,-,10,21950,A,N,G,B,D,A,H,-,A,D,0,Y,,,,Y,,A,07,0,0,1,0,1,0,0,0,0,"- ","- ",,,"SAN FRANCISCO","SAN FRANCISCO",-122.49842071533203,37.745792388916016
9678303,2023,2024-03-11,3801,2023-12-16,2036,2007,CENTR,6,5,7,3801,0,0,0,,0,3A11D,"EMBARCADERO ST","LOMBARD ST",0.00,,Y,A,-,N,,,,,,,,,,N,4,0,1,2,A,-,04,21703,,F,C,C,A,A,H,-,C,A,0,,,,,Y,,A,01,0,0,1,0,0,0,0,0,0,"- ","- ",,,"SAN FRANCISCO","SAN FRANCISCO",-122.40220642089844,37.804168701171875
9678319,2024,2024-04-30,3801,2024-02-01,1237,2289,NORTH,4,5,7,3801,0,0,0,,0,,"BUSH ST","PIERCE ST",0.00,E,N,B,-,N,,,,,,,,,,N,4,0,1,2,A,-,06,21750,A,N,-,A,A,A,H,-,A,-,0,,,Y,,Y,,C,02,0,0,1,0,0,0,0,0,1,"- ","- ",,,"SAN FRANCISCO","SAN FRANCISCO",-122.43675231933594,37.786609649658203
9679139,2023,2024-03-19,3801,2023-08-15,1529,1591,BAYVI,2,5,7,3801,0,0,0,,0,3C11D,"MINNESOTA ST","26TH ST",0.00,,Y,A,-,N,,,,,,,,,,N,4,0,1,2,A,-,12,22450,A,N,D,C,A,A,H,-,A,-,0,,,,,Y,,A,01,0,0,1,0,0,0,0,0,0,"- ","- ",,,"SAN FRANCISCO","SAN FRANCISCO",-122.38959503173828,37.751434326171875
9679147,2023,2024-03-19,3801,2023-10-04,1013,4259,RICHM,3,5,7,3801,0,0,0,,0,3G12A,"EUCLID AV","JORDAN AV",0.00,,Y,A,-,N,,,,,,,,,,Y,4,0,1,2,A,-,09,21802,A,N,D,C,A,A,D,-,A,A,0,,,,,Y,,A,01,0,0,1,0,0,0,0,0,0,"- ","- ",,,"SAN FRANCISCO","SAN FRANCISCO",-122.45680999755859,37.783908843994141
9679305,2023,2024-03-25,3801,2023-11-21,1406,1075,SOUTH,2,5,7,3801,0,0,0,,0,3B13A,"6TH ST","FOLSOM ST",0.00,,Y,A,-,N,,,,,,,,,,Y,4,0,1,2,A,-,03,22350,,F,C,C,A,A,H,-,A,A,0,,,,,Y,,A,01,0,0,1,0,0,0,0,0,0,"- ","- ",,,"SAN FRANCISCO","SAN FRANCISCO",-122.40560150146484,37.778499603271484
9679308,2023,2024-03-25,3801,2023-11-17,"935 ",484,NORTH,5,5,7,3801,0,0,0,,0,3E16A,"POLK ST","CALIFORNIA ST",106.00,N,N,A,-,N,,,,,,,,,,N,3,0,1,2,A,-,11,21954,A,N,G,B,E,A,H,-,A,D,0,Y,,,,Y,,N,60,0,1,0,0,1,0,0,0,0,"- ","- ",,,"SAN FRANCISCO","SAN FRANCISCO",-122.42073822021484,37.790859222412109
9679357,2023,2024-03-25,3801,2023-11-09,1950,2459,SOUTH,4,5,7,3801,0,0,0,,0,3B4D,"MARKET ST","VALENCIA ST",88.00,N,N,A,-,N,,,,,,,,,,,4,0,1,1,A,-,03,22350,,N,E,J,A,A,H,-,C,A,0,,,,,Y,Y,-,,0,0,1,0,0,0,0,0,0,"- ","- ",,,"SAN FRANCISCO","SAN FRANCISCO",-122.42240142822266,37.772720336914062
9680122,2023,2024-03-30,3801,2023-09-28,1218,4036,TRAFF,4,5,7,3801,0,0,0,,0,TENDER,"TURK ST","JONES ST",5.00,W,N,A,-,N,,,,,,,,,,Y,4,0,1,2,A,-,10,21950,A,F,G,B,-,A,H,-,A,A,0,Y,,,,Y,,-,99,0,0,1,0,1,0,0,0,0,"- ","- ",,,"SAN FRANCISCO","SAN FRANCISCO",-122.41242980957031,37.782997131347656
9680152,2023,2024-03-30,3801,2023-03-03,1101,2466,RICHM,5,5,7,3801,0,0,0,,0,THREE,"GEARY BL","6TH AV",0.00,,Y,A,-,N,,,,,,,,,,N,4,0,1,1,A,-,21,22106,,N,E,I,A,A,H,-,A,D,0,,,,,Y,,A,01,0,0,1,0,0,0,0,0,0,"- ","- ",,,"SAN FRANCISCO","SAN FRANCISCO",-122.46429443359375,37.781089782714844
9680343,2024,2024-04-25,3801,2024-03-09,1900,986,TARAV,6,5,7,3801,0,0,0,,0,3115D,"GREAT HWY","SLOAT BL",0.00,,Y,-,-,N,,,,,,,,,,N,4,0,1,2,A,-,08,22107,,M,G,B,B,A,H,-,C,A,0,Y,,,,Y,,-,99,0,0,1,0,1,0,0,0,0,"- ","- ",,,"SAN FRANCISCO","SAN FRANCISCO",-122.50682067871094,37.735408782958984
9680347,2024,2024-05-09,3801,2024-03-04,1425,1533,NORTH,1,5,7,3801,0,0,0,,0,3E76,"LOMBARD ST","SCOTT ST",175.00,E,N,A,-,Y,SF,4,101,-,-,7.570,H,-,S,N,4,0,1,3,A,-,08,22107,,F,B,C,A,A,H,-,A,A,0,,,,,Y,,A,01,0,0,1,0,0,0,0,0,0,"- ","- ",,,"SAN FRANCISCO","SAN FRANCISCO",-122.44033813476562,37.799278259277344
9681798,2024,2024-04-10,3801,2024-01-03,1030,1723,CENTR,3,5,7,3801,0,0,0,,0,005,"BATTERY ST","WASHINGTON ST",54.00,N,N,A,-,N,,,,,,,,,,N,4,0,2,2,A,-,07,21658,A,N,C,E,A,A,H,-,A,D,0,,,,Y,Y,,F,21,0,0,2,0,0,0,0,0,0,"- ","- ",,,"SAN FRANCISCO","SAN FRANCISCO",-122.40053558349609,37.796035766601562
9682531,2024,2024-04-17,3801,2024-03-06,"930 ",2728,TENDE,3,5,7,3801,0,0,0,,0,908,"3RD AV","BRYANT ST",0.00,,Y,A,-,N,,,,,,,,,,N,4,0,1,2,A,-,08,22107,,N,B,-,A,A,H,-,A,A,0,,,,,Y,,J,48,0,0,1,0,0,0,0,0,0,"- ","- ",,,"SAN FRANCISCO","SAN FRANCISCO",-122.39585113525391,37.781307220458984
9682532,2024,2024-04-17,3801,2024-03-26,1840,704,BAYVI,2,5,7,3801,0,0,0,,0,3C13D,"18TH ST","SOUTH VAN NESS AV",0.00,,Y,A,-,N,,,,,,,,,,N,3,0,1,2,A,-,12,21453,A,N,D,C,A,A,H,-,A,A,0,,,Y,,Y,,J,48,0,1,0,0,0,0,0,0,1,"- ","- ",,,"SAN FRANCISCO","SAN FRANCISCO",-122.41719818115234,37.761947631835938
9682613,2023,2024-06-05,3801,2023-04-21,2208,1442,NORTH,5,5,7,3801,0,0,0,,0,3E3E,"POLK ST","MCALLISTER ST",0.00,,Y,A,-,N,,,,,,,,,,N,2,0,1,2,A,-,21,22106,,N,G,B,E,A,H,-,C,D,0,Y,,,,Y,,A,01,1,0,0,0,1,0,0,0,0,"- ","- ",,,"SAN FRANCISCO","SAN FRANCISCO",-122.41860198974609,37.7802734375
9683203,2023,2024-05-15,3801,2023-11-07,1110,2314,PARK,2,5,7,3801,0,0,0,,0,3F12A,"PORTOLA DR","BURNETT AV",0.00,,Y,A,-,N,,,,,,,,,,Y,3,0,4,2,A,-,09,21801,A,N,A,C,A,A,H,-,A,A,0,,,,,Y,,A,01,0,1,3,0,0,0,0,0,0,"- ","- ",,,"SAN FRANCISCO","SAN FRANCISCO",-122.44486999511719,37.747016906738281
9685626,2024,2024-06-21,3801,2024-04-16,1740,917,TRAFF,2,5,7,3801,0,0,0,,0,3I61,"LINCOLN WY","10TH AV",0.00,,Y,A,-,N,,,,,,,,,,N,4,0,1,3,A,-,08,22100,B,N,D,C,A,A,H,-,A,A,0,,,Y,,Y,,A,01,0,0,1,0,0,0,0,0,1,"- ","- ",,,"SAN FRANCISCO","SAN FRANCISCO",-122.46749877929688,37.765880584716797
9685627,2024,2024-06-21,3801,2024-04-28,1854,1666,PARK,7,5,7,3801,0,0,0,,0,4CAR,"CASTRO ST","DUBOCE AV",312.00,S,N,A,-,N,,,,,,,,,,Y,3,0,1,2,A,-,03,22350,,N,D,C,A,A,H,-,B,A,0,,,Y,,Y,,C,02,0,1,0,0,0,0,0,0,1,"- ","- ",,,"SAN FRANCISCO","SAN FRANCISCO",-122.43572235107422,37.768196105957031
9685628,2024,2024-06-21,3801,2024-04-27,2330,1037,CENTR,6,5,7,3801,0,0,0,,0,3A2,"KEARNY ST","CALIFORNIA ST",10.00,S,N,A,-,N,,,,,,,,,,N,3,0,1,2,A,-,08,22107,,F,B,C,A,A,H,-,C,A,0,,,Y,,Y,Y,A,07,0,1,0,0,0,0,0,0,0,"- ","- ",,,"SAN FRANCISCO","SAN FRANCISCO",-122.40437316894531,37.792652130126953
9685629,2024,2024-06-21,3801,2024-04-20,"345 ",326,NORTH,6,5,7,3801,0,0,0,,0,3E12E,"POLK ST","BUSH ST",0.00,,Y,A,-,N,,,,,,,,,,N,4,0,1,2,A,-,09,21800,A,N,D,G,A,A,H,-,C,A,0,,Y,Y,,Y,,C,06,0,0,1,0,0,0,1,0,0,"- ","- ",,,"SAN FRANCISCO","SAN FRANCISCO",-122.42029571533203,37.788688659667969
9685630,2024,2024-07-09,3801,2024-04-06,2334,1732,TENDE,6,5,7,3801,0,0,0,,0,0J1,"9TH ST","MARKET ST",40.00,N,N,A,-,N,,,,,,,,,,N,4,0,2,2,A,-,12,21453,,F,D,C,A,A,H,-,C,A,0,,,,,Y,Y,A,01,0,0,2,0,0,0,0,0,0,"- ","- ",,,"SAN FRANCISCO","SAN FRANCISCO",-122.41632843017578,37.777500152587891
9686716,2024,2024-07-23,3801,2024-04-22,1603,1119,SOUTH,1,5,7,3801,0,0,0,,0,3B3,"MISSION ST","8TH ST",170.00,E,N,A,-,N,,,,,,,,,,N,4,0,1,2,A,-,08,22107,,N,D,G,A,A,-,-,A,D,0,,Y,,,Y,,L,04,0,0,1,0,0,0,1,0,0,"- ","- ",,,"SAN FRANCISCO","SAN FRANCISCO",-122.41274261474609,37.777786254882812
9686724,2024,2024-08-09,3801,2024-05-14,"329 ",2374,SOUTH,2,5,7,3801,0,0,0,,0,0B4,"MISSION ST","S VAN NESS AV",0.00,,Y,A,-,N,,,,,,,,,,,2,0,2,2,A,-,03,22350,,N,C,C,A,A,H,-,C,A,0,,,,,Y,,I,20,1,0,1,0,0,0,0,0,0,"- ","- ",,,"SAN FRANCISCO","SAN FRANCISCO",-122.41863250732422,37.773109436035156
9686725,2024,2024-08-22,3801,2024-05-20,2243,382,NORTH,1,5,7,3801,0,0,0,,0,NORTHE,"LOMBARD ST","FRANKLIN ST",0.00,,Y,A,-,Y,SF,4,101,-,-,6.806,I,5,S,Y,3,0,1,2,A,-,12,21453,A,M,D,C,A,A,H,-,C,A,0,,,,,Y,,A,01,0,1,0,0,0,0,0,0,0,"- ","- ",,,"SAN FRANCISCO","SAN FRANCISCO",-122.42620086669922,37.801074981689453
9687117,2024,2024-07-16,3801,2024-04-20,1300,917,TRAFF,6,5,7,3801,0,0,0,,0,314A,"45TH AVE","ULLOA ST",130.00,N,N,A,-,N,,,,,,,,,,N,4,0,1,3,C,-,18,,,M,H,J,F,A,H,-,A,D,0,Y,,,Y,Y,,-,"- ",0,0,1,0,1,0,0,0,0,"- ","- ",,,"SAN FRANCISCO","SAN FRANCISCO",-122.50345611572266,37.740318298339844
9688610,2023,2024-04-08,3801,2023-12-10,"43  ",2437,BAYVI,7,5,7,3801,0,0,0,,0,3C5E,"JAMESTOWN AV","BAYSHORE BL",387.00,N,N,A,-,N,,,,,,,,,,Y,4,0,1,2,A,-,03,22350,,M,B,C,A,A,H,-,C,D,0,,,Y,,Y,,C,06,0,0,1,0,0,0,0,0,0,"- ","- ",,,"SAN FRANCISCO","SAN FRANCISCO",,
9688654,2024,2024-07-03,3801,2024-02-27,1328,1364,NORTH,2,5,7,3801,0,0,0,,0,3E11A,"FELL ST","SCOTT ST",235.00,E,N,A,-,N,,,,,,,,,,N,4,0,1,3,A,-,03,22350,,N,C,C,A,A,H,-,A,D,0,,,,Y,Y,,G,25,0,0,1,0,0,0,0,0,0,"- ","- ",,,"SAN FRANCISCO","SAN FRANCISCO",-122.43513488769531,37.774372100830078
9688682,2024,2024-07-03,3801,2024-03-11,"510 ",4347,TARAV,1,5,7,3801,0,0,0,,0,3111E,"TARAVAL ST","WAWONA ST",201.00,E,N,A,-,N,,,,,,,,,,N,2,0,1,2,A,-,11,21954,A,N,G,B,D,A,H,-,D,D,0,Y,,,Y,Y,,N,60,1,0,0,0,1,0,0,0,0,"- ","- ",,,"SAN FRANCISCO","SAN FRANCISCO",-122.46517944335938,37.743633270263672
9688773,2024,2024-04-23,3801,2024-02-10,1705,938,INGLE,6,5,7,3801,0,0,0,,0,3H15D,"MISSION ST","LAWRENCE AV",100.00,S,N,A,-,N,,,,,,,,,,Y,3,0,1,2,A,-,03,22350,,N,C,E,A,A,H,-,B,A,0,,,,,Y,,A,01,0,1,0,0,0,0,0,0,0,"- ","- ",,,"SAN FRANCISCO","SAN FRANCISCO",-122.45119476318359,37.709312438964844
9688956,2024,2024-04-25,3801,2024-02-04,1206,4294,NORTH,7,5,7,3801,0,0,0,,0,003,"VAN NESS AVE","EDDY ST",0.00,,Y,C,-,N,,,,,,,,,,N,4,0,1,2,A,-,11,21453,D,N,G,B,B,B,H,-,-,A,0,Y,,,Y,Y,,N,60,0,0,1,0,1,0,0,0,0,"- ","- ",,,"SAN FRANCISCO","SAN FRANCISCO",-122.42076110839844,37.782890319824219
9688960,2024,2024-04-23,3801,2024-02-02,1850,2419,RICHM,5,5,7,3801,0,0,0,,0,908,"CALIFORNIA ST","WALNUT ST",0.00,,Y,B,-,N,,,,,,,,,,N,3,0,1,2,A,-,"- ",,,N,G,B,B,B,H,-,C,A,0,Y,,,,Y,,I,19,0,1,0,0,1,0,0,0,0,"- ","- ",,,"SAN FRANCISCO","SAN FRANCISCO",-122.44847869873047,37.787059783935547
9689239,2023,2024-04-22,3801,2023-12-11,1744,1466,SOUTH,1,5,7,3801,0,0,0,,0,0B5,"16TH ST","CONNECTICUT ST",0.00,,Y,A,-,N,,,,,,,,,,N,3,0,1,2,A,-,09,21801,A,N,D,C,A,A,H,-,C,A,0,,,Y,,Y,,A,01,0,1,0,0,0,0,0,0,1,"- ","- ",,,"SAN FRANCISCO","SAN FRANCISCO",-122.39784240722656,37.766376495361328
9690961,2024,2024-05-24,3801,2024-03-21,"539 ",1594,NORTH,4,5,7,3801,0,0,0,,0,3E13E,"FRANKLIN ST","GEARY BLVD",0.00,,Y,A,-,N,,,,,,,,,,N,4,0,1,2,A,-,03,22350,,F,C,C,A,A,H,-,C,A,0,,,,,Y,,A,07,0,0,1,0,0,0,0,0,0,"- ","- ",,,"SAN FRANCISCO","SAN FRANCISCO",-122.42301940917969,37.785484313964844
9690962,2024,2024-05-24,3801,2024-03-20,1816,1622,NORTH,3,5,7,3801,0,0,0,,0,3E12D,"PINE ST","VAN NESS AVE",0.00,,Y,A,-,N,,,,,,,,,,N,3,0,1,2,A,-,09,21801,A,N,D,C,A,A,H,-,A,A,0,,,Y,,Y,,A,01,0,1,0,0,0,0,0,0,1,"- ","- ",,,"SAN FRANCISCO","SAN FRANCISCO",-122.42209625244141,37.789417266845703
9690963,2024,2024-05-24,3801,2024-03-20,1709,1857,SOUTH,3,5,7,3801,0,0,0,,0,3B60,"10TH ST","HOWARD ST",120.00,S,N,A,-,N,,,,,,,,,,N,4,0,1,3,A,-,04,21703,,N,C,C,A,A,H,-,A,D,0,,,,,Y,,A,01,0,0,1,0,0,0,0,0,0,"- ","- ",,,"SAN FRANCISCO","SAN FRANCISCO",-122.41407012939453,37.773799896240234
9690964,2024,2024-05-24,3801,2024-03-20,1312,2161,MISSI,3,5,7,3801,0,0,0,,0,3D62,"18TH ST","CAPP ST",0.00,,Y,A,-,N,,,,,,,,,,N,4,0,1,2,A,-,10,21950,A,N,G,B,B,A,H,-,A,D,0,Y,,,,Y,,A,01,0,0,1,0,1,0,0,0,0,"- ","- ",,,"SAN FRANCISCO","SAN FRANCISCO",-122.41826629638672,37.761894226074219
9690965,2024,2024-07-29,3801,2024-03-12,2115,1474,BAYVI,2,5,7,3801,0,0,0,,0,901,"NEWCOMB AV","3RD ST",0.00,,Y,A,-,N,,,,,,,,,,N,3,0,1,2,A,-,03,22350,,F,G,B,B,A,H,-,C,A,0,Y,,,,Y,,A,01,0,1,0,0,1,0,0,0,0,"- ","- ",,,"SAN FRANCISCO","SAN FRANCISCO",-122.39049530029297,37.735633850097656
9690966,2024,2024-05-24,3801,2024-03-24,1800,1246,BAYVI,7,5,7,3801,0,0,0,,0,3C15D,"VAN DYKE AVE","LANE ST",230.00,E,N,A,-,N,,,,,,,,,,Y,4,0,1,3,A,-,03,22350,,N,C,E,A,A,H,-,A,-,0,,,,,Y,,A,07,0,0,1,0,0,0,0,0,0,"- ","- ",,,"SAN FRANCISCO","SAN FRANCISCO",-122.39178466796875,37.728771209716797
9690967,2024,2024-07-02,3801,2024-03-04,"755 ",428,CENTR,1,5,7,3801,0,0,0,,0,05A,"2ND ST","STEVENSON ST",0.00,,Y,B,-,N,,,,,,,,,,N,4,0,1,2,A,-,09,21802,A,F,D,G,A,B,-,-,A,-,0,,Y,,,Y,,A,01,0,0,1,0,0,0,1,0,0,"- ","- ",,,"SAN FRANCISCO","SAN FRANCISCO",-122.40084075927734,37.788803100585938
9690968,2024,2024-05-24,3801,2024-03-04,"43  ",1750,NORTH,1,5,7,3801,0,0,0,,0,0E1,"OCTAVIA ST","HAIGHT ST",0.00,,Y,C,-,N,,,,,,,,,,N,2,0,1,2,A,-,12,21453,A,N,D,G,A,B,H,-,C,A,0,,Y,Y,,Y,,L,04,1,0,0,0,0,0,1,0,0,"- ","- ",,,"SAN FRANCISCO","SAN FRANCISCO",-122.42392730712891,37.772964477539062
9690969,2024,2024-05-24,3801,2024-03-03,1638,1148,MISSI,7,5,7,3801,0,0,0,,0,3D15D,"165 JULIAN AVE","JULIAN AVE 165",7.00,W,N,A,-,N,,,,,,,,,,,4,0,1,2,A,-,00,22106,A,N,G,B,E,-,H,-,A,D,0,Y,,,,Y,,A,01,0,0,1,0,1,0,0,0,0,"- ","- ",,,"SAN FRANCISCO","SAN FRANCISCO",,
9690970,2024,2024-05-24,3801,2024-03-02,1724,893,INGLE,6,5,7,3801,0,0,0,,0,3H11D,"SAN JOSE AV","SANTA YNEZ AV",0.00,,Y,C,-,N,,,,,,,,,,N,3,0,1,1,A,-,03,22350,,N,H,A,A,B,H,-,B,D,0,,,Y,,Y,,C,02,0,1,0,0,0,0,0,0,1,"- ","- ",,,"SAN FRANCISCO","SAN FRANCISCO",-122.44239807128906,37.725776672363281
9690971,2024,2024-07-29,3801,2024-03-02,1130,1210,INGLE,6,5,7,3801,0,0,0,,0,0H2,"SAN JOSE AVE","SAN JOSE AVE 771",28.00,N,N,C,-,N,,,,,,,,,,N,3,0,1,2,A,-,06,21755,A,N,D,C,A,B,H,-,A,D,0,,,Y,,Y,,C,03,0,1,0,0,0,0,0,0,1,"- ","- ",,,"SAN FRANCISCO","SAN FRANCISCO",-122.45577239990234,37.711307525634766
9690972,2024,2024-05-24,3801,2024-03-14,1155,1605,NORTH,4,5,7,3801,0,0,0,,0,3E11A,"STEINER ST","OAK ST",101.00,S,N,A,-,N,,,,,,,,,,N,4,0,2,2,C,-,18,,,N,C,C,A,A,H,-,A,D,0,,,,,Y,,-,"- ",0,0,2,0,0,0,0,0,0,"- ","- ",,,"SAN FRANCISCO","SAN FRANCISCO",-122.43240356445312,37.773475646972656