CASE_ID,ACCIDENT_YEAR,PROC_DATE,JURIS,COLLISION_DATE,COLLISION_TIME,OFFICER_ID,REPORTING_DISTRICT,DAY_OF_WEEK,CHP_SHIFT,POPULATION,CNTY_CITY_LOC,SPECIAL_COND,BEAT_TYPE,CHP_BEAT_TYPE,CITY_DIVISION_LAPD,CHP_BEAT_CLASS,BEAT_NUMBER,PRIMARY_RD,SECONDARY_RD,DISTANCE,DIRECTION,INTERSECTION,WEATHER_1,WEATHER_2,STATE_HWY_IND,CALTRANS_COUNTY,CALTRANS_DISTRICT,STATE_ROUTE,ROUTE_SUFFIX,POSTMILE_PREFIX,POSTMILE,LOCATION_TYPE,RAMP_INTERSECTION,SIDE_OF_HWY,TOW_AWAY,COLLISION_SEVERITY,NUMBER_KILLED,NUMBER_INJURED,PARTY_COUNT,PRIMARY_COLL_FACTOR,PCF_CODE_OF_VIOL,PCF_VIOL_CATEGORY,PCF_VIOLATION,PCF_VIOL_SUBSECTION,HIT_AND_RUN,TYPE_OF_COLLISION,MVIW,PED_ACTION,ROAD_SURFACE,ROAD_COND_1,ROAD_COND_2,LIGHTING,CONTROL_DEVICE,CHP_ROAD_TYPE,PEDESTRIAN_ACCIDENT,BICYCLE_ACCIDENT,MOTORCYCLE_ACCIDENT,TRUCK_ACCIDENT,NOT_PRIVATE_PROPERTY,ALCOHOL_INVOLVED,STWD_VEHTYPE_AT_FAULT,CHP_VEHTYPE_AT_FAULT,COUNT_SEVERE_INJ,COUNT_VISIBLE_INJ,COUNT_COMPLAINT_PAIN,COUNT_PED_KILLED,COUNT_PED_INJURED,COUNT_BICYCLIST_KILLED,COUNT_BICYCLIST_INJURED,COUNT_MC_KILLED,COUNT_MC_INJURED,PRIMARY_RAMP,SECONDARY_RAMP,LATITUDE,LONGITUDE,COUNTY,CITY,POINT_X,POINT_Y
9690973,2024,2024-05-24,3801,2024-03-14,"815 ",618,TARAV,4,5,7,3801,0,0,0,,0,3I11A,"JUDAH ST","19TH AVE",0.00,,Y,A,-,N,,,,,,,,,,N,3,0,2,3,A,-,10,21950,A,N,G,B,B,A,H,-,A,A,0,Y,,,,Y,,-,,0,2,0,0,1,0,0,0,0,"- ","- ",,,"SAN FRANCISCO","SAN FRANCISCO",-122.47702789306641,37.761695861816406
9690974,2024,2024-05-24,3801,2024-03-13,1937,798,NORTH,3,5,7,3801,0,0,0,,0,3E12D,"ELLIS ST","STEINER ST",8.00,W,N,A,-,N,,,,,,,,,,N,3,0,1,2,A,-,10,21950,,N,G,B,B,A,H,-,C,D,0,Y,,,,Y,,A,08,0,1,0,0,1,0,0,0,0,"- ","- ",,,"SAN FRANCISCO","SAN FRANCISCO",-122.43418884277344,37.782146453857422
9690975,2024,2024-05-24,3801,2024-03-13,1319,1669,TENDE,3,5,7,3801,0,0,0,,0,3J97C,"CYRIL MAGNIN ST","EDDY ST",0.00,,Y,A,-,N,,,,,,,,,,N,4,0,1,2,A,-,10,21950,A,N,H,G,B,A,H,-,A,A,0,Y,Y,,,Y,,L,04,0,0,1,0,1,0,0,0,0,"- ","- ",,,"SAN FRANCISCO","SAN FRANCISCO",-122.40851593017578,37.784500122070312
9690976,2024,2024-05-24,3801,2024-03-13,"43  ",2288,INGLE,3,5,7,3801,0,0,0,,0,3H11E,"SAN JOSE AVE","RANDALL ST",0.00,,Y,A,-,N,,,,,,,,,,Y,4,0,2,2,A,-,12,21453,A,N,D,-,A,A,H,-,C,A,0,,,,,Y,,A,01,0,0,2,0,0,0,0,0,0,"- ","- ",,,"SAN FRANCISCO","SAN FRANCISCO",-122.42426300048828,37.739860534667969
9690977,2024,2024-05-24,3801,2024-03-12,2108,899,NORTH,2,5,7,3801,0,0,0,,0,3E13E,"BUSH ST","VAN NESS AVE",0.00,,Y,A,-,N,,,,,,,,,,Y,4,0,1,2,A,-,08,22107,,N,B,C,A,A,H,-,C,A,0,,,,,Y,,A,01,0,0,1,0,0,0,0,0,0,"- ","- ",,,"SAN FRANCISCO","SAN FRANCISCO",-122.42191314697266,37.788490295410156
9690978,2024,2024-05-24,3801,2024-03-12,1952,2727,INGLE,2,5,7,3801,0,0,0,,0,3H15D,"MISSION ST","POPE ST",110.00,S,N,A,-,N,,,,,,,,,,N,3,0,2,2,A,-,08,22107,,N,D,C,A,-,H,-,C,D,0,,,,,Y,,A,01,0,1,1,0,0,0,0,0,0,"- ","- ",,,"SAN FRANCISCO","SAN FRANCISCO",-122.44203948974609,37.715179443359375
9690979,2024,2024-08-27,3801,2024-03-12,"700 ",2707,TARAV,2,5,7,3801,0,0,0,,0,5CAR,"SLOAT BL","21ST AV",0.00,,Y,C,-,N,,,,,,,,,,N,3,0,1,2,A,-,"- ",,,N,D,C,A,B,H,-,B,D,0,,,Y,,Y,,-,"- ",0,1,0,0,0,0,0,0,1,"- ","- ",,,"SAN FRANCISCO","SAN FRANCISCO",-122.47707366943359,37.734561920166016
9690980,2024,2024-05-24,3801,2024-03-12,1559,17,INGLE,2,5,7,3801,0,0,0,,0,3H11D,"MISSION ST","30TH ST",0.00,,Y,A,-,N,,,,,,,,,,N,4,0,2,3,A,-,12,21453,A,F,G,B,B,A,H,-,A,A,0,Y,Y,,,Y,,L,04,0,0,2,0,2,0,0,0,0,"- ","- ",,,"SAN FRANCISCO","SAN FRANCISCO",-122.42195892333984,37.742389678955078
9690981,2024,2024-05-24,3801,2024-03-11,2145,899,NORTH,1,5,7,3801,0,0,0,,0,3E13E,"GEARY ST","POLK ST",130.00,W,N,C,-,N,,,,,,,,,,N,4,0,1,2,A,-,04,21703,,N,C,G,A,B,H,-,C,D,0,,Y,,,Y,,A,01,0,0,1,0,0,0,1,0,0,"- ","- ",,,"SAN FRANCISCO","SAN FRANCISCO",-122.42018127441406,37.785839080810547
9690982,2024,2024-05-24,3801,2024-03-11,1631,679,NORTH,1,5,7,3801,0,0,0,,0,0E6,"FRANKLIN ST","CALIFORNIA ST",143.00,N,N,B,-,N,,,,,,,,,,Y,4,0,2,3,A,-,03,22350,,N,C,C,A,A,H,-,A,D,0,,,,,Y,,A,07,0,0,2,0,0,0,0,0,0,"- ","- ",,,"SAN FRANCISCO","SAN FRANCISCO",-122.42404937744141,37.790546417236328
9690990,2024,2024-05-24,3801,2024-03-08,1832,1454,NORTH,5,5,7,3801,0,0,0,,0,,"VAN NESS AV","EDDY ST",0.00,,Y,A,-,N,,,,,,,,,,Y,3,0,1,2,A,-,09,21801,A,F,D,C,A,-,H,-,C,A,0,,,Y,,Y,,C,03,0,1,0,0,0,0,0,0,1,"- ","- ",,,"SAN FRANCISCO","SAN FRANCISCO",-122.42076110839844,37.782890319824219
9690991,2024,2024-07-02,3801,2024-03-08,1325,311,NORTH,5,5,7,3801,0,0,0,,0,3E13A,"VAN NESS AV","FERN ST",0.00,,Y,A,-,N,,,,,,,,,,N,2,0,1,2,A,-,09,21800,A,N,D,-,A,A,H,-,A,D,0,,Y,,,Y,,-,,1,0,0,0,0,0,1,0,0,"- ","- ",,,"SAN FRANCISCO","SAN FRANCISCO",-122.42182922363281,37.788021087646484
9690992,2024,2025-03-05,3801,2024-03-08,"827 ",1,NORTH,5,5,7,3801,0,0,0,,0,001,"GOUGH ST","LILY ST",0.00,,Y,A,-,N,,,,,,,,,,N,4,0,1,2,A,-,08,22107,,N,B,C,A,A,H,-,A,D,0,,,,,Y,,A,01,0,0,1,0,0,0,0,0,0,"- ","- ",,,"SAN FRANCISCO","SAN FRANCISCO",-122.42250061035156,37.774539947509766
9690993,2024,2024-05-24,3801,2024-03-08,"6   ",1741,TARAV,5,5,7,3801,0,0,0,,0,901,"SUNSET BL","ORTEGA ST",18.00,N,N,A,-,N,,,,,,,,,,N,4,0,1,2,A,-,04,21703,,N,C,C,A,A,H,-,C,A,0,,,,,Y,,A,01,0,0,1,0,0,0,0,0,0,"- ","- ",,,"SAN FRANCISCO","SAN FRANCISCO",-122.49519348144531,37.751590728759766
9690994,2024,2024-05-24,3801,2024-03-07,2009,359,TARAV,4,5,7,3801,0,0,0,,0,312D,"LINCOLN WY","26TH AVE",122.00,E,N,A,-,N,,,,,,,,,,N,4,0,1,2,A,-,00,21954,C,F,B,B,E,A,H,-,C,D,0,Y,,,,Y,,N,60,0,0,1,0,1,0,0,0,0,"- ","- ",,,"SAN FRANCISCO","SAN FRANCISCO",-122.48432922363281,37.765129089355469
9690995,2024,2024-07-29,3801,2024-03-11,1636,1057,SOUTH,1,5,7,3801,0,0,0,,0,3B14D,"8TH ST","HARRISON ST",0.00,,Y,A,-,N,,,,,,,,,,N,3,0,1,2,A,-,12,21453,A,M,D,J,A,A,H,-,A,A,0,,,,,Y,,A,01,0,1,0,0,0,0,0,0,0,"- ","- ",,,"SAN FRANCISCO","SAN FRANCISCO",-122.40853118896484,37.773754119873047
9690996,2024,2024-07-23,3801,2024-03-11,"100 ",451,MISSI,1,5,7,3801,0,0,0,,0,3D11E,"GUERRERO ST","18TH ST",124.00,S,N,C,-,N,,,,,,,,,,N,3,0,1,2,A,-,07,21658,A,N,C,-,A,B,H,-,C,D,0,,,,,Y,,M,94,0,1,0,0,0,0,0,0,0,"- ","- ",,,"SAN FRANCISCO","SAN FRANCISCO",-122.42376708984375,37.761241912841797
9690997,2024,2024-05-24,3801,2024-03-12,1925,1057,SOUTH,2,5,7,3801,0,0,0,,0,3B14D,"BRYANT ST","11TH ST",215.00,E,N,A,-,N,,,,,,,,,,N,3,0,1,2,A,-,"- ",,,N,D,G,A,A,H,-,A,A,0,,Y,,,Y,,A,01,0,1,0,0,0,0,1,0,0,"- ","- ",,,"SAN FRANCISCO","SAN FRANCISCO",-122.41082000732422,37.769309997558594
9690998,2024,2024-05-24,3801,2024-03-12,1420,1900,TARAV,2,5,7,3801,0,0,0,,0,3I13A,"31ST AV","QUINTARA ST",186.00,S,N,A,-,N,,,,,,,,,,Y,4,0,2,1,A,-,21,22106,,N,E,I,A,A,H,-,A,D,0,,,,,Y,,A,01,0,0,2,0,0,0,0,0,0,"- ","- ",,,"SAN FRANCISCO","SAN FRANCISCO",-122.48890686035156,37.747581481933594
9690999,2024,2024-08-28,3801,2024-03-11,2120,4325,TARAV,1,5,7,3801,0,0,0,,0,002,"IRVING ST","20TH AV",0.00,,Y,A,-,N,,,,,,,,,,N,4,0,1,2,A,-,03,22350,,N,C,G,A,A,H,-,C,A,0,,Y,,,Y,,A,01,0,0,1,0,0,0,1,0,0,"- ","- ",,,"SAN FRANCISCO","SAN FRANCISCO",-122.47821044921875,37.763515472412109
9691000,2024,2024-05-24,3801,2024-03-11,1700,812,BAYVI,1,5,7,3801,0,0,0,,0,002,"ALEMANY BL","BAYSHORE BL",0.00,,Y,A,-,N,,,,,,,,,,N,4,0,1,2,A,-,03,22350,,F,C,C,A,A,H,-,A,A,0,,,,,Y,,A,01,0,0,1,0,0,0,0,0,0,"- ","- ",,,"SAN FRANCISCO","SAN FRANCISCO",-122.40695953369141,37.737998962402344
9691001,2024,2024-05-28,3801,2024-03-23,1649,2419,RICHM,6,5,7,3801,0,0,0,,0,908,"FULTON ST","PARK PRESIDIO BL",83.00,E,N,A,C,N,,,,,,,,,,N,3,0,2,3,A,-,17,21663,,N,A,I,F,B,H,-,A,A,0,Y,,,,Y,,A,01,0,2,0,0,2,0,0,0,0,"- ","- ",,,"SAN FRANCISCO","SAN FRANCISCO",-122.47149658203125,37.773139953613281
9691002,2024,2024-05-28,3801,2024-03-23,"50  ",1857,SOUTH,6,5,7,3801,0,0,0,,0,3B60,"MARKET STREET","5TH ST",90.00,W,N,A,-,N,,,,,,,,,,Y,3,0,1,1,A,-,03,22350,,M,A,I,A,A,H,-,C,D,0,,,,,Y,,A,01,0,1,0,0,0,0,0,0,0,"- ","- ",,,"SAN FRANCISCO","SAN FRANCISCO",-122.40827941894531,37.783824920654297
9691003,2024,2024-06-17,3801,2024-03-22,1715,1432,BAYVI,5,5,7,3801,0,0,0,,0,3C12D,"SILVER AV","TOPEKA AV",0.00,,Y,C,-,N,,,,,,,,,,Y,4,0,2,2,A,-,12,22450,,F,D,D,A,B,H,-,A,A,0,,,,,Y,,A,01,0,0,2,0,0,0,0,0,0,"- ","- ",,,"SAN FRANCISCO","SAN FRANCISCO",-122.40095520019531,37.73529052734375
9691004,2024,2024-06-13,3801,2024-03-22,1002,1046,TENDE,5,5,7,3801,0,0,0,,0,3J13A,"TURK ST",LEAVENWORTH,210.00,W,N,A,-,N,,,,,,,,,,N,3,0,1,2,A,-,05,21651,B,N,A,C,A,A,-,-,A,D,0,,,,,Y,,M,94,0,1,0,0,0,0,0,0,0,"- ","- ",,,"SAN FRANCISCO","SAN FRANCISCO",-122.41475677490234,37.782699584960938
9691005,2024,2024-07-09,3801,2024-03-22,"946 ",1118,SOUTH,5,5,7,3801,0,0,0,,0,3B14A,"10TH ST","BRYANT ST",148.00,N,N,A,-,N,,,,,,,,,,Y,4,0,1,4,A,-,08,22107,,N,B,E,A,A,H,-,A,A,0,,,,,Y,,A,01,0,0,1,0,0,0,0,0,0,"- ","- ",,,"SAN FRANCISCO","SAN FRANCISCO",-122.41009521484375,37.7706298828125
9691006,2024,2024-05-28,3801,2024-03-16,1705,1438,INGLE,6,5,7,3801,0,0,0,,0,5CAR,"GENEVA AV","LONDON ST",0.00,E,-,A,-,N,,,,,,,,,,N,4,0,1,2,A,-,08,22107,,M,B,G,A,A,H,-,A,D,0,,Y,,,Y,,-,,0,0,1,0,0,0,1,0,0,"- ","- ",,,"SAN FRANCISCO","SAN FRANCISCO",-122.44023895263672,37.716049194335938
9691007,2024,2024-09-09,3801,2024-03-12,"800 ",1826,CENTR,2,5,7,3801,0,0,0,,0,001,"POST ST","HYDE ST",113.00,E,N,C,-,N,,,,,,,,,,N,4,0,1,2,A,-,17,22517,,N,B,-,A,B,H,-,A,D,0,,,,,Y,,A,01,0,0,1,0,0,0,0,0,0,"- ","- ",,,"SAN FRANCISCO","SAN FRANCISCO",-122.41623687744141,37.787296295166016
9691008,2024,2024-05-28,3801,2024-03-21,1842,1374,TARAV,4,5,7,3801,0,0,0,,0,3I15D,"14TH AV","WEST PORTAL AV",0.00,,Y,A,-,N,,,,,,,,,,N,4,0,1,2,A,-,12,22450,,N,D,C,A,A,H,-,A,A,0,,,,,Y,,-,,0,0,1,0,0,0,0,0,0,"- ","- ",,,"SAN FRANCISCO","SAN FRANCISCO",-122.46907043457031,37.737972259521484
9691009,2024,2024-08-30,3801,2024-03-21,1146,1452,MISSI,4,5,7,3801,0,0,0,,0,3D13C,"16TH ST","HARRISON ST",23.00,S,N,A,-,N,,,,,,,,,,Y,2,0,1,2,A,-,12,21453,A,N,H,J,D,A,H,-,A,A,0,Y,,,,Y,,N,60,1,0,0,0,1,0,0,0,0,"- ","- ",,,"SAN FRANCISCO","SAN FRANCISCO",-122.41323089599609,37.765445709228516
9691010,2024,2024-07-09,3801,2024-03-21,1153,2453,MISSI,4,5,7,3801,0,0,0,,0,3D14C,"17TH ST","GUERRERO ST",145.00,E,N,A,-,N,,,,,,,,,,N,4,0,1,3,A,-,00,21720,,N,C,C,A,A,H,-,A,D,0,,,Y,,Y,,C,03,0,0,1,0,0,0,0,0,1,"- ","- ",,,"SAN FRANCISCO","SAN FRANCISCO",-122.42343139648438,37.763198852539062
9691011,2024,2024-06-17,3801,2024-03-20,1845,1039,MISSI,3,5,7,3801,0,0,0,,0,001,"VALENCIA ST","DUBOCE ST",0.00,,Y,A,-,N,,,,,,,,,,N,3,0,1,2,A,-,12,21453,A,N,D,G,A,A,H,-,A,A,0,,Y,Y,,Y,,C,02,0,1,0,0,0,0,0,0,1,"- ","- ",,,"SAN FRANCISCO","SAN FRANCISCO",-122.42236328125,37.769866943359375
9691012,2024,2024-06-13,3801,2024-03-20,1756,1857,SOUTH,3,5,7,3801,0,0,0,,0,3B60,"BRANNAN ST","5TH ST",345.00,E,N,A,-,N,,,,,,,,,,N,3,0,1,2,A,-,08,22107,,N,B,C,A,A,H,-,A,D,0,,,Y,,Y,,A,01,0,1,0,0,0,0,0,0,1,"- ","- ",,,"SAN FRANCISCO","SAN FRANCISCO",-122.39791107177734,37.777240753173828
9691015,2024,2024-05-28,3801,2024-03-20,"951 ",801,SOUTH,3,5,7,3801,0,0,0,,0,0E1,"GOUGH ST","PAGE ST",16.00,E,N,A,-,N,,,,,,,,,,N,4,0,1,2,A,-,08,22107,,F,B,C,A,A,H,-,A,A,0,,,,,Y,,A,01,0,0,1,0,0,0,0,0,0,"- ","- ",,,"SAN FRANCISCO","SAN FRANCISCO",-122.42240142822266,37.774024963378906
9691016,2024,2024-07-09,3801,2024-03-19,"740 ",47,TARAV,2,5,7,3801,0,0,0,,0,3I13A,"ULLOA ST","41ST AV",87.00,E,N,A,-,N,,,,,,,,,,N,3,0,1,3,A,-,11,21954,A,N,B,B,E,A,H,-,A,D,0,Y,,,,Y,,N,60,0,1,0,0,1,0,0,0,0,"- ","- ",,,"SAN FRANCISCO","SAN FRANCISCO",-122.49883270263672,37.740165710449219
9691017,2024,2024-05-28,3801,2024-03-18,1641,2154,TARAV,1,5,7,3801,0,0,0,,0,005,"OCEAN AV","WOODACRE DR",28.00,W,N,A,-,N,,,,,,,,,,N,4,0,1,2,A,-,08,22107,,N,H,G,A,A,H,-,A,D,0,,Y,,,Y,,A,08,0,0,1,0,0,0,1,0,0,"- ","- ",,,"SAN FRANCISCO","SAN FRANCISCO",-122.47329711914062,37.731708526611328
9691018,2024,2024-05-28,3801,2024-03-09,1741,274,MISSI,6,5,7,3801,0,0,0,,0,3D12D,"GUERRERO ST","18TH ST",21.00,S,N,A,-,N,,,,,,,,,,Y,4,0,1,2,A,-,03,22350,,N,C,C,A,A,-,-,C,A,0,,,,,Y,,A,01,0,0,1,0,0,0,0,0,0,"- ","- ",,,"SAN FRANCISCO","SAN FRANCISCO",-122.42379760742188,37.761524200439453
9691019,2024,2024-06-13,3801,2024-03-09,"221 ",1078,NORTH,6,5,7,3801,0,0,0,,0,3E12E,"WEBSTER ST","GOLDEN GATE AV",0.00,,Y,A,-,N,,,,,,,,,,Y,2,0,5,2,A,-,12,21453,A,N,D,C,A,A,H,-,C,A,0,,,,,Y,,A,01,1,0,4,0,0,0,0,0,0,"- ","- ",,,"SAN FRANCISCO","SAN FRANCISCO",-122.4302978515625,37.779758453369141
9691020,2024,2024-05-28,3801,2024-03-05,2156,2249,PARK,2,5,7,3801,0,0,0,,0,3F13E,"STANYAN ST","FELL ST",0.00,,Y,A,-,N,,,,,,,,,,Y,4,0,1,2,A,-,12,21453,A,N,D,C,A,A,H,-,C,A,0,,,,,Y,,A,01,0,0,1,0,0,0,0,0,0,"- ","- ",,,"SAN FRANCISCO","SAN FRANCISCO",-122.45407104492188,37.77197265625
9691021,2024,2024-05-23,3801,2024-03-05,"111 ",2089,TENDE,2,5,7,3801,0,0,0,,0,COJ4CA,"JONES ST","EDDY ST",25.00,S,N,A,-,N,,,,,,,,,,N,3,0,1,2,A,-,03,22350,,F,G,B,D,A,H,-,C,A,0,Y,,,,Y,,A,07,0,1,0,0,1,0,0,0,0,"- ","- ",,,"SAN FRANCISCO","SAN FRANCISCO",-122.41257476806641,37.783870697021484
9691022,2024,2024-05-23,3801,2024-03-04,1946,1226,SOUTH,1,5,7,3801,0,0,0,,0,150001,"MARKET ST","GOUGH ST",0.00,,Y,A,-,N,,,,,,,,,,Y,4,0,2,2,A,-,12,21453,A,F,D,C,A,A,H,-,C,A,0,,,,,Y,,A,01,0,0,2,0,0,0,0,0,0,"- ","- ",,,"SAN FRANCISCO","SAN FRANCISCO",-122.42221069335938,37.772872924804688
9691023,2024,2024-05-23,3801,2024-03-04,1733,1286,SOUTH,1,5,7,3801,0,0,0,,0,3B2,"BRYANT ST","4TH ST",0.00,,Y,A,-,N,,,,,,,,,,Y,4,0,2,3,A,-,03,22350,A,F,C,C,A,A,H,-,A,A,0,,,,,Y,,A,01,0,0,2,0,0,0,0,0,0,"- ","- ",,,"SAN FRANCISCO","SAN FRANCISCO",-122.3980712890625,37.779571533203125
9691024,2024,2024-05-23,3801,2024-03-12,1041,1500,CENTR,2,5,7,3801,0,0,0,,0,3A14A,"COLUMBUS AV","PACIFIC AV",33.00,S,N,B,-,N,,,,,,,,,,N,4,0,1,2,A,-,04,21703,,N,C,C,A,B,H,-,A,D,0,,,Y,,Y,,C,03,0,0,1,0,0,0,0,0,0,"- ","- ",,,"SAN FRANCISCO","SAN FRANCISCO",-122.40530395507812,37.7969970703125
9691025,2024,2024-05-23,3801,2024-03-04,1327,2707,TARAV,1,5,7,3801,0,0,0,,0,5CAR,"HOLLOWAY AV","19TH AV",0.00,,Y,A,-,N,,,,,,,,,,N,4,0,1,2,A,-,10,21950,A,N,G,B,B,A,H,-,A,A,0,Y,,,,Y,,A,01,0,0,1,0,1,0,0,0,0,"- ","- ",,,"SAN FRANCISCO","SAN FRANCISCO",-122.47537231445312,37.720954895019531
9691026,2024,2024-05-23,3801,2024-03-04,"948 ",359,TARAV,1,5,7,3801,0,0,0,,0,312B,"30TH AVE","PACHECO ST",0.00,,Y,F,-,N,,,,,,,,,,N,4,0,1,2,A,-,12,22450,A,F,G,B,B,A,H,-,A,A,0,Y,,,,Y,,A,07,0,0,1,0,1,0,0,0,0,"- ","- ",,,"SAN FRANCISCO","SAN FRANCISCO",-122.48801422119141,37.749988555908203
9691027,2024,2024-05-23,3801,2024-03-04,1011,1297,PARK,1,5,7,3801,0,0,0,,0,3F13A,"STANYAN ST","HAYES ST",0.00,,Y,A,-,N,,,,,,,,,,N,3,0,4,2,A,-,04,21703,,N,C,C,A,-,H,-,A,A,0,,,,,Y,,A,01,0,2,2,0,0,0,0,0,0,"- ","- ",,,"SAN FRANCISCO","SAN FRANCISCO",-122.45429992675781,37.772872924804688
9691028,2024,2024-05-23,3801,2024-03-02,1027,156,BAYVI,6,5,7,3801,0,0,0,,0,3C60,"SILVER AV","PRINCETON ST",0.00,,Y,B,-,N,,,,,,,,,,N,4,0,1,2,A,-,12,22450,A,N,D,C,A,A,H,-,A,D,0,,,,,Y,,A,01,0,0,1,0,0,0,0,0,0,"- ","- ",,,"SAN FRANCISCO","SAN FRANCISCO",-122.4161376953125,37.728935241699219
9691029,2024,2024-05-23,3801,2024-03-21,1806,1565,CENTR,4,5,7,3801,0,0,0,,0,3A12D,"BATTERY ST","SACRAMENTO ST",0.00,,Y,A,F,N,,,,,,,,,,N,3,0,1,2,A,-,10,21950,A,N,G,B,B,A,H,-,A,A,0,Y,,,,Y,,A,01,0,1,0,0,1,0,0,0,0,"- ","- ",,,"SAN FRANCISCO","SAN FRANCISCO",-122.40016174316406,37.794178009033203
9691031,2024,2024-05-28,3801,2024-03-10,1555,2441,INGLE,7,5,7,3801,0,0,0,,0,3H15D,"SAN JOSE AV","29TH ST",0.00,,Y,B,-,N,,,,,,,,,,Y,4,0,2,3,A,-,12,21453,A,N,D,C,A,A,H,-,A,A,0,,,,,Y,,A,01,0,0,2,0,0,0,0,0,0,"- ","- ",,,"SAN FRANCISCO","SAN FRANCISCO",-122.42275238037109,37.743930816650391
9691032,2024,2024-05-28,3801,2024-03-15,1000,1796,RICHM,5,5,7,3801,0,0,0,,0,3G14A,"JOHN F KENNEDY DR","36TH AV",0.00,,Y,A,-,N,,,,,,,,,,N,4,0,2,3,A,-,10,21950,,N,G,B,B,A,H,-,A,D,0,Y,,,,Y,,A,01,0,0,2,0,2,0,0,0,0,"- ","- ",,,"SAN FRANCISCO","SAN FRANCISCO",-122.49529266357422,37.769931793212891
9691033,2024,2024-06-26,3801,2024-03-16,2122,1300,PARK,6,5,7,3801,0,0,0,,0,3F14E,"SANCHEZ ST","14TH ST",0.00,,Y,A,-,N,,,,,,,,,,N,3,0,1,1,A,-,03,22350,,N,H,-,A,A,H,-,C,D,0,,Y,,,Y,,M,91,0,1,0,0,0,0,1,0,0,"- ","- ",,,"SAN FRANCISCO","SAN FRANCISCO",-122.43118286132812,37.767601013183594
9691034,2024,2024-06-26,3801,2024-03-16,1448,1352,MISSI,6,5,7,3801,0,0,0,,0,3D2C,"SOUTH VAN NESS AVE","13TH ST",0.00,,Y,A,-,N,,,,,,,,,,Y,3,0,3,2,A,-,08,22107,,N,B,C,A,A,H,-,A,A,0,,,,,Y,,A,01,0,1,2,0,0,0,0,0,0,"- ","- ",,,"SAN FRANCISCO","SAN FRANCISCO",-122.41777801513672,37.7696533203125
9691035,2024,2024-05-28,3801,2024-03-12,"920 ",608,PARK,2,5,7,3801,0,0,0,,0,3F12A,"CORBETT AV","GRAYSTONE TER",0.00,,Y,A,-,N,,,,,,,,,,N,3,0,1,2,A,-,10,21950,A,F,B,B,-,A,-,-,A,D,0,Y,,,,Y,,A,07,0,1,0,0,1,0,0,0,0,"- ","- ",,,"SAN FRANCISCO","SAN FRANCISCO",-122.44329833984375,37.756351470947266
9691036,2024,2024-05-28,3801,2024-03-17,2223,2408,MISSI,7,5,7,3801,0,0,0,,0,3D11E,"VALENCIA ST",SYCAMORE,89.00,S,N,A,-,N,,,,,,,,,,Y,2,0,1,4,A,-,17,21209,,F,A,G,A,A,H,-,C,A,0,,Y,,,Y,Y,A,01,1,0,0,0,0,0,1,0,0,"- ","- ",,,"SAN FRANCISCO","SAN FRANCISCO",-122.42162322998047,37.762306213378906
9691037,2024,2024-06-26,3801,2024-03-17,2055,385,CENTR,7,5,7,3801,0,0,0,,0,3A12D,"LARKIN ST","GEARY ST",0.00,,Y,A,-,N,,,,,,,,,,N,4,0,1,2,A,-,11,21453,D,F,G,B,B,A,H,-,C,A,0,Y,,,,Y,,N,60,0,0,1,0,1,0,0,0,0,"- ","- ",,,"SAN FRANCISCO","SAN FRANCISCO",-122.41810607910156,37.786113739013672
9691038,2024,2024-05-28,3801,2024-03-17,1722,4292,BAYVI,7,5,7,3801,0,0,0,,0,3C1D,"KANSAS ST","CESAR CHAVEZ ST",0.00,,Y,A,-,N,,,,,,,,,,Y,4,0,2,2,A,-,09,21804,A,N,D,C,A,A,H,-,A,A,0,,,,,Y,,A,01,0,0,2,0,0,0,0,0,0,"- ","- ",,,"SAN FRANCISCO","SAN FRANCISCO",-122.40206146240234,37.749393463134766
9691039,2024,2024-05-28,3801,2024-03-17,"45  ",916,BAYVI,7,5,7,3801,0,0,0,,0,3C13E,"BAY SHORE BL","CARROLL AV",0.00,,Y,A,-,N,,,,,,,,,,N,3,0,1,1,A,-,03,22350,,N,E,I,A,A,H,-,C,A,0,,,Y,,Y,,C,02,0,1,0,0,0,0,0,0,1,"- ","- ",,,"SAN FRANCISCO","SAN FRANCISCO",-122.40341949462891,37.730636596679688
9691040,2024,2024-06-25,3801,2024-03-16,1653,1680,MISSI,6,5,7,3801,0,0,0,,0,3D16D,"FOLSOM ST","16TH ST",0.00,,Y,A,-,N,,,,,,,,,,N,3,0,2,4,A,-,03,22350,,N,G,E,A,A,H,-,A,A,0,,,,,Y,,A,08,0,1,1,0,0,0,0,0,0,"- ","- ",,,"SAN FRANCISCO","SAN FRANCISCO",-122.41529846191406,37.765312194824219
9691041,2024,2024-05-23,3801,2024-03-18,2210,1066,NORTH,1,5,7,3801,0,0,0,,0,3E1,"LAGUNA ST","HAIGHT ST",0.00,,Y,A,-,N,,,,,,,,,,N,4,0,1,2,A,-,10,21950,A,F,A,B,B,A,H,-,C,D,0,Y,,,,Y,,A,01,0,0,1,0,1,0,0,0,0,"- ","- ",,,"SAN FRANCISCO","SAN FRANCISCO",-122.42551422119141,37.772739410400391
9691042,2024,2024-05-23,3801,2024-03-17,1420,1533,NORTH,7,5,7,3801,0,0,0,,0,3E76,"GOUGH ST","TURK ST",0.00,,Y,A,-,N,,,,,,,,,,N,3,0,1,2,A,-,03,22350,,N,D,G,A,A,H,-,A,A,0,,Y,,,Y,,L,04,0,1,0,0,0,0,1,0,0,"- ","- ",,,"SAN FRANCISCO","SAN FRANCISCO",-122.42391967773438,37.781532287597656