CASE_ID,ACCIDENT_YEAR,PROC_DATE,JURIS,COLLISION_DATE,COLLISION_TIME,OFFICER_ID,REPORTING_DISTRICT,DAY_OF_WEEK,CHP_SHIFT,POPULATION,CNTY_CITY_LOC,SPECIAL_COND,BEAT_TYPE,CHP_BEAT_TYPE,CITY_DIVISION_LAPD,CHP_BEAT_CLASS,BEAT_NUMBER,PRIMARY_RD,SECONDARY_RD,DISTANCE,DIRECTION,INTERSECTION,WEATHER_1,WEATHER_2,STATE_HWY_IND,CALTRANS_COUNTY,CALTRANS_DISTRICT,STATE_ROUTE,ROUTE_SUFFIX,POSTMILE_PREFIX,POSTMILE,LOCATION_TYPE,RAMP_INTERSECTION,SIDE_OF_HWY,TOW_AWAY,COLLISION_SEVERITY,NUMBER_KILLED,NUMBER_INJURED,PARTY_COUNT,PRIMARY_COLL_FACTOR,PCF_CODE_OF_VIOL,PCF_VIOL_CATEGORY,PCF_VIOLATION,PCF_VIOL_SUBSECTION,HIT_AND_RUN,TYPE_OF_COLLISION,MVIW,PED_ACTION,ROAD_SURFACE,ROAD_COND_1,ROAD_COND_2,LIGHTING,CONTROL_DEVICE,CHP_ROAD_TYPE,PEDESTRIAN_ACCIDENT,BICYCLE_ACCIDENT,MOTORCYCLE_ACCIDENT,TRUCK_ACCIDENT,NOT_PRIVATE_PROPERTY,ALCOHOL_INVOLVED,STWD_VEHTYPE_AT_FAULT,CHP_VEHTYPE_AT_FAULT,COUNT_SEVERE_INJ,COUNT_VISIBLE_INJ,COUNT_COMPLAINT_PAIN,COUNT_PED_KILLED,COUNT_PED_INJURED,COUNT_BICYCLIST_KILLED,COUNT_BICYCLIST_INJURED,COUNT_MC_KILLED,COUNT_MC_INJURED,PRIMARY_RAMP,SECONDARY_RAMP,LATITUDE,LONGITUDE,COUNTY,CITY,POINT_X,POINT_Y
9691043,2024,2024-06-07,3801,2024-03-16,2202,1723,NORTH,6,5,7,3801,0,0,0,,0,006,"JACKSON ST","FRANKLIN ST",110.00,W,N,A,-,N,,,,,,,,,,Y,2,0,1,6,A,-,07,21658,,N,B,E,A,A,H,-,D,D,0,,,,,Y,,A,07,1,0,0,0,0,0,0,0,0,"- ","- ",,,"SAN FRANCISCO","SAN FRANCISCO",-122.42505645751953,37.793685913085938
9691044,2024,2024-05-23,3801,2024-03-16,1510,2366,NORTH,6,5,7,3801,0,0,0,,0,"1 CAR","FELL ST","SCOTT ST",0.00,,Y,A,-,N,,,,,,,,,,N,4,0,1,2,A,-,03,22350,,N,D,G,A,A,H,-,A,A,0,,Y,,,Y,,L,04,0,0,1,0,0,0,1,0,0,"- ","- ",,,"SAN FRANCISCO","SAN FRANCISCO",-122.43594360351562,37.774269104003906
9691045,2024,2024-07-03,3801,2024-03-19,1833,2293,MISSI,2,5,7,3801,0,0,0,,0,006,"POTRERO AV","17TH ST",0.00,,Y,A,-,N,,,,,,,,,,N,4,0,1,2,A,-,09,21801,A,N,D,C,A,A,H,-,A,A,0,,,,,Y,,M,94,0,0,1,0,0,0,0,0,0,"- ","- ",,,"SAN FRANCISCO","SAN FRANCISCO",-122.40743255615234,37.764484405517578
9691046,2024,2024-06-07,3801,2024-03-18,2208,2214,INGLE,1,5,7,3801,0,0,0,,0,3H15E,"MISSION ST","WHITTIER ST",0.00,,Y,A,-,N,,,,,,,,,,N,4,0,1,2,A,-,12,21453,A,F,D,G,A,A,H,-,C,A,0,,Y,,,Y,,-,99,0,0,1,0,0,0,1,0,0,"- ","- ",,,"SAN FRANCISCO","SAN FRANCISCO",-122.44837188720703,37.710350036621094
9691047,2024,2024-05-28,3801,2024-03-18,1545,2407,MISSI,1,5,7,3801,0,0,0,,0,3D1D,"GUERRERO ST","CLINTON PARK",76.00,S,N,A,-,N,,,,,,,,,,N,3,0,1,2,A,-,11,21954,A,N,G,B,D,A,H,-,A,A,0,Y,,,,Y,,N,60,0,1,0,0,1,0,0,0,0,"- ","- ",,,"SAN FRANCISCO","SAN FRANCISCO",-122.42449951171875,37.768932342529297
9691048,2024,2024-05-28,3801,2024-03-06,1734,1857,SOUTH,3,5,7,3801,0,0,0,,0,3B60,"BRANNAN ST","3RD ST",237.00,E,N,A,-,N,,,,,,,,,,N,2,0,1,3,A,-,06,21755,,N,B,C,A,A,H,-,A,D,0,,,Y,,Y,,C,03,1,0,0,0,0,0,0,0,1,"- ","- ",,,"SAN FRANCISCO","SAN FRANCISCO",-122.39370727539062,37.780548095703125
9691049,2024,2024-05-28,3801,2024-03-06,1730,1251,BAYVI,3,5,7,3801,0,0,0,,0,3C12D,"QUESADA AV","INDUSTRIAL ST",157.00,S,N,A,-,N,,,,,,,,,,N,4,0,1,2,A,-,09,21804,A,N,D,C,A,A,H,-,A,D,0,,,,,Y,,A,01,0,0,1,0,0,0,0,0,0,"- ","- ",,,"SAN FRANCISCO","SAN FRANCISCO",-122.40156555175781,37.739120483398438
9691050,2024,2024-05-28,3801,2024-03-06,1503,2154,TARAV,3,5,7,3801,0,0,0,,0,3I14D,"WESTGATE DR","OCEAN AV",0.00,,Y,A,-,N,,,,,,,,,,N,4,0,1,2,A,-,10,21950,A,N,G,B,B,A,H,-,A,A,0,Y,,,,Y,,-,,0,0,1,0,1,0,0,0,0,"- ","- ",,,"SAN FRANCISCO","SAN FRANCISCO",-122.4666748046875,37.727199554443359
9691051,2024,2024-05-28,3801,2024-03-06,1425,2421,PARK,3,5,7,3801,0,0,0,,0,3E12,"FILLMORE ST","OFARRELL ST",151.00,S,N,A,-,N,,,,,,,,,,N,4,0,1,2,A,-,05,21202,A,N,B,G,A,A,H,-,A,D,0,,Y,,,Y,,A,01,0,0,1,0,0,0,1,0,0,"- ","- ",,,"SAN FRANCISCO","SAN FRANCISCO",-122.43262481689453,37.782871246337891
9691052,2024,2024-07-08,3801,2024-03-06,1000,4132,MISSI,3,5,7,3801,0,0,0,,0,1-CAR,"MARKET ST","DOUGLASS ST",0.00,,Y,A,-,N,,,,,,,,,,Y,4,0,1,2,A,-,09,21801,A,N,D,C,A,A,H,-,A,A,0,,,,,Y,,A,01,0,0,1,0,0,0,0,0,0,"- ","- ",,,"SAN FRANCISCO","SAN FRANCISCO",-122.43940734863281,37.761417388916016
9691053,2024,2024-06-07,3801,2024-03-05,1820,679,NORTH,2,5,7,3801,0,0,0,,0,0E4,"BUSH ST","BUCHANAN ST",185.00,E,N,A,-,N,,,,,,,,,,Y,3,0,1,2,A,-,07,21658,,N,C,E,A,A,H,-,C,D,0,,,,,Y,,A,07,0,1,0,0,0,0,0,0,0,"- ","- ",,,"SAN FRANCISCO","SAN FRANCISCO",-122.42951965332031,37.787521362304688
9691054,2024,2024-05-28,3801,2024-03-05,1425,528,NORTH,2,5,7,3801,0,0,0,,0,,"POLK ST","SACRAMENTO ST",0.00,,Y,B,-,N,,,,,,,,,,N,4,0,1,2,A,-,21,22106,,N,G,G,A,A,H,-,A,D,0,,Y,,,Y,,A,01,0,0,1,0,0,0,1,0,0,"- ","- ",,,"SAN FRANCISCO","SAN FRANCISCO",-122.42086791992188,37.79150390625
9691055,2024,2024-05-28,3801,2024-03-07,"809 ",1967,NORTH,4,5,7,3801,0,0,0,,0,3E12A,"FULTON ST","FILLMORE ST",0.00,,Y,A,-,N,,,,,,,,,,N,3,0,1,2,A,-,08,22107,,N,C,G,A,A,H,-,A,D,0,,Y,,,Y,,A,01,0,1,0,0,0,0,1,0,0,"- ","- ",,,"SAN FRANCISCO","SAN FRANCISCO",-122.43155670166016,37.777690887451172
9691056,2024,2024-05-28,3801,2024-03-07,"730 ",891,PARK,4,5,7,3801,0,0,0,,0,3F14A,"14TH ST","MARKET ST",0.00,,Y,A,-,N,,,,,,,,,,N,4,0,1,2,A,-,04,21703,,N,-,-,A,A,H,-,A,A,0,,,,,Y,,A,01,0,0,1,0,0,0,0,0,0,"- ","- ",,,"SAN FRANCISCO","SAN FRANCISCO",-122.4288330078125,37.767707824707031
9691057,2024,2024-05-28,3801,2024-03-06,1804,1857,SOUTH,3,5,7,3801,0,0,0,,0,3B60,"MARKET ST","ROSE ST",0.00,,Y,A,-,N,,,,,,,,,,N,4,0,1,2,A,-,04,21703,,N,C,G,A,A,H,-,B,D,0,,Y,,,Y,,L,04,0,0,1,0,0,0,1,0,0,"- ","- ",,,"SAN FRANCISCO","SAN FRANCISCO",-122.421142578125,37.773693084716797
9691059,2024,2024-07-01,3801,2024-03-09,2304,4118,PARK,6,5,7,3801,0,0,0,,0,003,"STANYAN ST","OAK ST",0.00,,Y,A,-,N,,,,,,,,,,Y,4,0,1,2,A,-,03,22350,,N,D,C,A,A,H,-,C,A,0,,,Y,,Y,,C,02,0,0,1,0,0,0,0,0,1,"- ","- ",,,"SAN FRANCISCO","SAN FRANCISCO",-122.45395660400391,37.771354675292969
9691060,2024,2024-06-10,3801,2024-03-09,1520,2724,PARK,6,5,7,3801,0,0,0,,0,3F13D,"HAYES ST","1625 HAYES ST",0.00,,N,A,-,N,,,,,,,,,,Y,4,0,2,4,A,-,09,21804,A,N,C,C,A,A,H,-,A,A,0,,,Y,,Y,,A,01,0,0,2,0,0,0,0,0,0,"- ","- ",,,"SAN FRANCISCO","SAN FRANCISCO",,
9691061,2024,2024-05-16,3801,2024-03-09,1507,2400,BAYVI,6,5,7,3801,0,0,0,,0,5CAR,"SHAFTER AV","LANE ST",0.00,,Y,A,-,N,,,,,,,,,,Y,4,0,1,2,A,-,12,22450,A,F,D,C,A,A,H,-,A,A,0,,,,,Y,,A,01,0,0,1,0,0,0,0,0,0,"- ","- ",,,"SAN FRANCISCO","SAN FRANCISCO",-122.39073181152344,37.731060028076172
9691062,2024,2024-05-16,3801,2024-03-09,"37  ",623,BAYVI,6,5,7,3801,0,0,0,,0,3C13E,"EVANS AV","NEWHALL ST",0.00,,Y,A,-,N,,,,,,,,,,Y,3,0,1,2,A,-,12,22450,,F,D,C,A,A,H,-,C,A,0,,,,,Y,,A,01,0,1,0,0,0,0,0,0,0,"- ","- ",,,"SAN FRANCISCO","SAN FRANCISCO",-122.38661956787109,37.741886138916016
9691063,2024,2024-05-16,3801,2024-03-08,2148,524,INGLE,5,5,7,3801,0,0,0,,0,3H13E,"CAMBRIDGE ST","STONYBROOK AV",0.00,,Y,A,-,N,,,,,,,,,,Y,4,0,1,3,A,-,12,22450,A,F,D,D,A,A,H,-,C,A,0,,,,,Y,,A,01,0,0,1,0,0,0,0,0,0,"- ","- ",,,"SAN FRANCISCO","SAN FRANCISCO",-122.42169952392578,37.7310791015625
9691064,2024,2024-05-17,3801,2024-03-08,1723,1857,SOUTH,5,5,7,3801,0,0,0,,0,3B13D,"7TH ST","FOLSOM ST",201.00,N,N,A,-,N,,,,,,,,,,N,3,0,1,2,A,-,21,22106,,N,D,G,A,A,H,-,B,D,0,,Y,,,Y,,A,01,0,1,0,0,0,0,1,0,0,"- ","- ",,,"SAN FRANCISCO","SAN FRANCISCO",-122.40834808349609,37.777156829833984
9691065,2024,2024-07-29,3801,2024-03-08,1630,1252,RICHM,5,5,7,3801,0,0,0,,0,0G4,"FULTON ST","26TH AV",0.00,,Y,A,-,N,,,,,,,,,,Y,4,0,2,2,A,-,00,23123,A,N,C,C,A,A,H,-,A,D,0,,,,,Y,,A,01,0,0,2,0,0,0,0,0,0,"- ","- ",,,"SAN FRANCISCO","SAN FRANCISCO",-122.48526000976562,37.77252197265625
9691066,2024,2024-05-16,3801,2024-03-08,1103,1129,SOUTH,5,5,7,3801,0,0,0,,0,3B13A,"ANGELOS ALLEY","MISSION ST",0.00,,Y,A,-,N,,,,,,,,,,N,4,0,1,2,B,-,22,,,N,D,G,A,A,H,-,A,D,0,,Y,,,Y,,L,04,0,0,1,0,0,0,1,0,0,"- ","- ",,,"SAN FRANCISCO","SAN FRANCISCO",-122.41226959228516,37.778156280517578
9691067,2024,2024-08-22,3801,2024-03-07,1254,2088,INGLE,4,5,7,3801,0,0,0,,0,3H12A,"ELLINGTON AV","NAGLEE AV",0.00,,Y,A,-,N,,,,,,,,,,N,4,0,1,1,A,-,03,22350,,N,E,I,A,A,H,-,A,D,0,,,,,Y,,A,01,0,0,1,0,0,0,0,0,0,"- ","- ",,,"SAN FRANCISCO","SAN FRANCISCO",-122.44680786132812,37.712150573730469
9691068,2024,2024-05-16,3801,2024-03-07,"955 ",1438,INGLE,4,5,7,3801,0,0,0,,0,"4 CAR","PAULDING ST","ARAGO ST",0.00,,Y,A,-,N,,,,,,,,,,Y,4,0,1,3,A,-,05,21460,A,F,A,C,A,A,H,-,A,D,0,,,,,Y,,A,01,0,0,1,0,0,0,0,0,0,"- ","- ",,,"SAN FRANCISCO","SAN FRANCISCO",-122.44273376464844,37.728145599365234
9691069,2024,2024-07-03,3801,2024-03-06,1045,1188,INGLE,3,5,7,3801,0,0,0,,0,3H15A,"MISSION ST","EXCELSIOR AV",61.00,S,N,A,-,N,,,,,,,,,,N,3,0,1,2,A,-,07,21658,A,N,B,G,A,A,-,-,A,D,0,,,,,Y,,A,01,0,1,0,0,0,0,0,0,0,"- ","- ",,,"SAN FRANCISCO","SAN FRANCISCO",-122.43375396728516,37.726097106933594
9691070,2024,2024-05-16,3801,2024-03-03,1729,4335,RICHM,7,5,7,3801,0,0,0,,0,901,"PARK PRESIDIO BL","FULTON ST",176.00,S,N,B,-,N,,,,,,,,,,Y,4,0,1,1,A,-,03,22350,,N,E,I,A,B,H,-,B,D,0,,,,,Y,,A,01,0,0,1,0,0,0,0,0,0,"- ","- ",,,"SAN FRANCISCO","SAN FRANCISCO",-122.47177886962891,37.773128509521484
9691071,2024,2024-07-03,3801,2024-03-10,1959,1680,MISSI,7,5,7,3801,0,0,0,,0,3D13D,"MARKET ST","16TH ST",0.00,,Y,A,-,N,,,,,,,,,,N,3,0,1,2,D,-,00,,,F,D,C,A,A,H,-,C,A,0,,,Y,,Y,,-,"- ",0,1,0,0,0,0,0,0,1,"- ","- ",,,"SAN FRANCISCO","SAN FRANCISCO",-122.43313598632812,37.764244079589844
9691072,2024,2024-05-16,3801,2024-03-10,1533,1845,TARAV,7,5,7,3801,0,0,0,,0,3CAR,"SAGAMORE ST","PLYMOUTH AV",300.00,W,N,A,-,N,,,,,,,,,,N,4,0,5,2,A,-,08,22107,,N,D,C,A,A,H,-,A,D,0,,,,,Y,,A,01,0,0,5,0,0,0,0,0,0,"- ","- ",,,"SAN FRANCISCO","SAN FRANCISCO",-122.45709991455078,37.711406707763672
9691073,2024,2024-05-17,3801,2024-03-04,1440,1892,PARK,1,5,7,3801,0,0,0,,0,3F11D,"CARL ST","WILLARD ST",0.00,,Y,A,-,N,,,,,,,,,,Y,4,0,2,4,A,-,12,22450,,N,D,C,A,A,H,-,A,A,0,,,,,Y,Y,A,01,0,0,2,0,0,0,0,0,0,"- ","- ",,,"SAN FRANCISCO","SAN FRANCISCO",-122.45439910888672,37.765232086181641
9691074,2024,2024-05-17,3801,2024-03-23,"200 ",740,MISSI,6,5,7,3801,0,0,0,,0,0D2,"21ST ST","CHURCH ST",0.00,,Y,B,-,N,,,,,,,,,,N,4,0,1,2,A,-,09,21800,,N,D,C,A,A,H,-,C,A,0,,,,,Y,,A,01,0,0,1,0,0,0,0,0,0,"- ","- ",,,"SAN FRANCISCO","SAN FRANCISCO",-122.42790222167969,37.756511688232422
9691075,2024,2024-07-29,3801,2024-03-23,"145 ",1594,NORTH,6,5,7,3801,0,0,0,,0,3E13E,"POLK ST","TURK ST",0.00,,Y,A,-,N,,,,,,,,,,N,3,0,1,2,A,-,12,21453,A,N,D,C,A,B,H,-,C,A,0,,,,,Y,,M,94,0,1,0,0,0,0,0,0,0,"- ","- ",,,"SAN FRANCISCO","SAN FRANCISCO",-122.41899871826172,37.782169342041016
9691076,2024,2024-05-17,3801,2024-03-22,1747,82,MISSI,5,5,7,3801,0,0,0,,0,3D14D,"CESAR CHAVEZ ST","FOLSOM ST",36.00,E,N,C,-,N,,,,,,,,,,N,4,0,1,2,A,-,04,21703,,N,C,C,A,B,H,-,A,A,0,,,,,Y,,A,01,0,0,1,0,0,0,0,0,0,"- ","- ",,,"SAN FRANCISCO","SAN FRANCISCO",-122.41355895996094,37.748313903808594
9691077,2024,2024-05-17,3801,2024-03-21,1617,564,NORTH,4,5,7,3801,0,0,0,,0,003,"EDDY ST","POLK ST",0.00,,Y,A,-,N,,,,,,,,,,Y,4,0,1,2,A,-,08,22100,B,N,D,C,A,A,H,-,A,A,0,,,,,Y,,A,01,0,0,1,0,0,0,0,0,0,"- ","- ",,,"SAN FRANCISCO","SAN FRANCISCO",-122.41918182373047,37.7830810546875
9691078,2024,2024-05-17,3801,2024-03-04,1745,2143,MISSI,1,5,7,3801,0,0,0,,0,3D1D,"MISSION ST","13TH ST",0.00,,Y,A,-,N,,,,,,,,,,N,4,0,1,2,D,-,00,,,N,-,G,A,A,H,-,B,A,0,,Y,,,Y,,-,"- ",0,0,1,0,0,0,1,0,0,"- ","- ",,,"SAN FRANCISCO","SAN FRANCISCO",-122.419921875,37.769977569580078
9691079,2024,2024-07-23,3801,2024-03-26,2244,2089,TENDE,2,5,7,3801,0,0,0,,0,COJ4CA,"EDDY ST","JONES ST",0.00,,Y,A,-,N,,,,,,,,,,N,3,0,1,2,A,-,12,21453,A,N,G,-,D,A,H,-,C,A,0,Y,,,,Y,,N,60,0,1,0,0,1,0,0,0,0,"- ","- ",,,"SAN FRANCISCO","SAN FRANCISCO",-122.41259002685547,37.783943176269531
9691080,2024,2024-05-17,3801,2024-03-22,1600,1771,MISSI,5,5,7,3801,0,0,0,,0,3D00,"CESAR CHAVEZ ST","BRYANT ST",0.00,,Y,A,-,N,,,,,,,,,,N,4,0,1,2,A,-,08,22107,,N,B,G,A,A,H,-,A,A,0,,Y,,,Y,,-,,0,0,1,0,0,0,1,0,0,"- ","- ",,,"SAN FRANCISCO","SAN FRANCISCO",-122.40872192382812,37.748401641845703
9691081,2024,2024-09-09,3801,2024-03-24,1224,1810,MISSI,7,5,7,3801,0,0,0,,0,3D90,"24TH ST","MISSION ST",0.00,,Y,A,-,N,,,,,,,,,,N,4,0,1,1,D,-,00,,,N,H,G,A,A,H,-,A,A,0,,Y,,,Y,,-,"- ",0,0,1,0,0,0,1,0,0,"- ","- ",,,"SAN FRANCISCO","SAN FRANCISCO",-122.41848754882812,37.752262115478516
9691082,2024,2024-05-17,3801,2024-03-23,1432,618,TARAV,6,5,7,3801,0,0,0,,0,3I13A,"37TH AVE","PACHECO ST",0.00,,Y,A,-,N,,,,,,,,,,N,3,0,1,2,A,-,03,22350,,N,D,G,A,A,H,-,A,D,0,,Y,,,Y,,L,04,0,1,0,0,0,0,1,0,0,"- ","- ",,,"SAN FRANCISCO","SAN FRANCISCO",-122.49549102783203,37.749679565429688
9691083,2024,2025-02-12,3801,2024-03-22,1853,564,NORTH,5,5,7,3801,0,0,0,,0,3E6,"POLK ST","GREEN ST",6.00,S,N,C,-,N,,,,,,,,,,N,4,0,1,2,A,-,10,21950,A,N,G,B,B,B,H,-,B,A,0,Y,,,,Y,,A,01,0,0,1,0,1,0,0,0,0,"- ","- ",,,"SAN FRANCISCO","SAN FRANCISCO",-122.42213439941406,37.797813415527344
9691084,2024,2024-05-16,3801,2024-03-22,1440,1337,NORTH,5,5,7,3801,0,0,0,,0,0E5,"LOMBARD ST","DIVISADERDO ST",123.00,E,N,A,-,N,,,,,,,,,,N,4,0,1,3,A,-,03,22350,,F,C,C,A,A,H,-,A,A,0,,,,,Y,,A,01,0,0,1,0,0,0,0,0,0,"- ","- ",,,"SAN FRANCISCO","SAN FRANCISCO",-122.44223022460938,37.799064636230469
9691085,2024,2024-06-07,3801,2024-03-22,1139,282,TARAV,5,5,7,3801,0,0,0,,0,3I41,"22ND AV","IRVING ST",0.00,S,N,A,-,N,,,,,,,,,,Y,4,0,1,2,A,-,06,21750,A,N,B,C,A,A,H,-,A,D,0,,,,,Y,,A,01,0,0,1,0,0,0,0,0,0,"- ","- ",,,"SAN FRANCISCO","SAN FRANCISCO",-122.48035430908203,37.763423919677734
9691086,2024,2024-05-16,3801,2024-03-22,"926 ",4275,TARAV,5,5,7,3801,0,0,0,,0,3I16A,"WORCESTER AV","ALEMANY BL",0.00,,Y,A,-,N,,,,,,,,,,N,3,0,1,2,A,-,10,21950,A,N,G,B,B,A,H,-,A,A,0,Y,,,,Y,,A,01,0,1,0,0,1,0,0,0,0,"- ","- ",,,"SAN FRANCISCO","SAN FRANCISCO",-122.46700286865234,37.711475372314453
9691087,2024,2024-07-09,3801,2024-03-16,1716,1951,SOUTH,6,5,7,3801,0,0,0,,0,0B5,"TERRY A FRANCOIS","ILLINOIS ST",0.00,,Y,A,-,N,,,,,,,,,,N,4,0,1,2,A,-,03,22350,,N,D,G,A,A,H,-,A,A,0,,Y,,,Y,,L,04,0,0,1,0,0,0,1,0,0,"- ","- ",,,"SAN FRANCISCO","SAN FRANCISCO",-122.38792419433594,37.764377593994141
9691088,2024,2024-06-07,3801,2024-03-12,2206,2476,SOUTH,2,5,7,3801,0,0,0,,0,3B12E,"3RD ST","MISSION ST",0.00,,Y,A,-,N,,,,,,,,,,Y,2,0,1,3,A,-,12,21453,A,N,D,C,A,A,H,-,C,A,0,,,Y,,Y,,A,01,1,0,0,0,0,0,0,0,1,"- ","- ",,,"SAN FRANCISCO","SAN FRANCISCO",-122.40200042724609,37.786266326904297
9691089,2024,2024-06-07,3801,2024-03-24,2032,221,RICHM,7,5,7,3801,0,0,0,,0,3G12E,"GEARY BLVD","EMERSON ST",127.00,E,N,A,-,N,,,,,,,,,,Y,4,0,1,2,A,-,01,23153,A,F,B,C,A,A,H,-,C,A,0,,,,,Y,Y,A,01,0,0,1,0,0,0,0,0,0,"- ","- ",,,"SAN FRANCISCO","SAN FRANCISCO",-122.4476318359375,37.782520294189453
9691090,2024,2024-05-17,3801,2024-03-24,1530,1316,RICHM,7,5,7,3801,0,0,0,,0,3G12D,"CLAY ST","ARGUELLO BLVD",0.00,,Y,A,-,N,,,,,,,,,,N,3,0,1,1,A,-,03,22350,,N,F,-,A,A,H,-,A,A,0,,Y,,,Y,,L,04,0,1,0,0,0,0,1,0,0,"- ","- ",,,"SAN FRANCISCO","SAN FRANCISCO",-122.45932769775391,37.787506103515625
9691091,2024,2024-05-17,3801,2024-03-25,1725,4314,RICHM,1,5,7,3801,0,0,0,,0,0G3,"GEARY BL","12TH AVE",0.00,,Y,A,-,N,,,,,,,,,,Y,4,0,2,2,A,-,12,21453,A,N,D,C,A,A,H,-,A,A,0,,,,,Y,,A,01,0,0,2,0,0,0,0,0,0,"- ","- ",,,"SAN FRANCISCO","SAN FRANCISCO",-122.470703125,37.780792236328125
9691092,2024,2024-09-09,3801,2024-03-05,"955 ",1572,SOUTH,2,5,7,3801,0,0,0,,0,3B1A,"TOWNSEND STREET","3RD STREET",0.00,,N,A,-,N,,,,,,,,,,N,4,0,1,2,A,-,17,21209,A,N,B,-,A,A,H,-,A,B,0,,,,,Y,,A,01,0,0,1,0,0,0,0,0,0,"- ","- ",,,"SAN FRANCISCO","SAN FRANCISCO",-122.39275360107422,37.778858184814453
9691093,2024,2024-06-07,3801,2024-03-24,1139,1796,RICHM,7,5,7,3801,0,0,0,,0,3G14A,"PARK PRESIDIO BL","FULTON ST",0.00,,Y,A,-,N,,,,,,,,,,N,4,0,1,2,A,-,03,22350,,N,C,C,A,A,H,-,A,A,0,,,,,Y,,A,01,0,0,1,0,0,0,0,0,0,"- ","- ",,,"SAN FRANCISCO","SAN FRANCISCO",-122.47177886962891,37.773124694824219
9691094,2024,2024-05-17,3801,2024-03-27,1425,4102,SOUTH,3,5,7,3801,0,0,0,,0,4B47,"TOWNSEND ST","3RD ST",0.00,,Y,A,-,N,,,,,,,,,,N,4,0,1,1,A,-,03,22350,,N,E,I,A,A,G,H,A,D,0,,,,,Y,,M,94,0,0,1,0,0,0,0,0,0,"- ","- ",,,"SAN FRANCISCO","SAN FRANCISCO",-122.39275360107422,37.778858184814453
9691095,2024,2024-05-17,3801,2024-03-26,2213,2030,TARAV,2,5,7,3801,0,0,0,,0,"2 CAR","SUNSET BL","ORTEGA ST",0.00,,Y,A,-,N,,,,,,,,,,Y,3,0,2,2,A,-,12,21453,A,N,D,C,A,A,H,-,C,A,0,,,,,Y,,A,01,0,2,0,0,0,0,0,0,0,"- ","- ",,,"SAN FRANCISCO","SAN FRANCISCO",-122.49518585205078,37.751544952392578
9691096,2024,2024-05-17,3801,2024-03-26,2215,1074,BAYVI,2,5,7,3801,0,0,0,,0,3C13E,"GALVEZ AV","DONAHUE ST",111.00,S,N,A,-,N,,,,,,,,,,N,4,0,1,2,A,-,03,22350,,N,C,E,A,A,H,-,E,D,0,,,,,Y,,A,01,0,0,1,0,0,0,0,0,0,"- ","- ",,,"SAN FRANCISCO","SAN FRANCISCO",-122.36924743652344,37.729778289794922
9691097,2024,2024-07-29,3801,2024-03-26,1730,1061,SOUTH,2,5,7,3801,0,0,0,,0,3B12D,"BRANNAN ST","2ND ST",0.00,,Y,A,-,N,,,,,,,,,,Y,4,0,1,2,A,-,09,21800,,N,D,C,A,A,H,-,A,A,0,,,Y,,Y,,C,03,0,0,1,0,0,0,0,0,1,"- ","- ",,,"SAN FRANCISCO","SAN FRANCISCO",-122.39205932617188,37.781837463378906
9691098,2024,2024-06-07,3801,2024-03-26,1615,4314,RICHM,2,5,7,3801,0,0,0,,0,0G3,"FULTON ST","7TH AV",0.00,,Y,A,-,N,,,,,,,,,,Y,4,0,2,2,A,-,09,21802,A,N,C,A,A,A,H,-,A,A,0,,,,,Y,,A,01,0,0,2,0,0,0,0,0,0,"- ","- ",,,"SAN FRANCISCO","SAN FRANCISCO",-122.46482849121094,37.773487091064453
9691099,2024,2024-05-17,3801,2024-03-25,2500,2750,BAYVI,1,5,7,3801,0,0,0,,0,"2 CAR","EVANS AV","TOLAND ST",0.00,,Y,A,-,N,,,,,,,,,,N,4,0,1,2,A,-,03,22350,,N,-,C,A,A,H,-,A,A,0,,,,,Y,,A,01,0,0,1,0,0,0,0,0,0,"- ","- ",,,"SAN FRANCISCO","SAN FRANCISCO",-122.39595031738281,37.747234344482422
9691100,2024,2024-05-17,3801,2024-03-25,"900 ",643,TARAV,1,5,7,3801,0,0,0,,0,3I15A,"BROTHERHOOD WY","LAKE MERCED BL",400.00,E,N,A,-,N,,,,,,,,,,Y,4,0,2,2,A,-,03,22350,,N,C,C,A,A,H,-,A,D,0,,,,,Y,,A,01,0,0,2,0,0,0,0,0,0,"- ","- ",,,"SAN FRANCISCO","SAN FRANCISCO",-122.48387908935547,37.714588165283203
9691101,2024,2024-05-14,3801,2024-03-19,2025,1435,TRAFF,2,5,7,3801,0,0,0,,0,4B4C,"POLK ST","ELLIS ST",0.00,,Y,A,-,N,,,,,,,,,,N,2,0,2,2,A,-,09,21801,B,N,D,G,A,A,H,-,C,A,0,,Y,,,Y,Y,L,04,1,1,0,0,0,0,2,0,0,"- ","- ",,,"SAN FRANCISCO","SAN FRANCISCO",-122.41934967041016,37.784042358398438
9691102,2024,2024-05-14,3801,2024-03-01,2019,1544,CENTR,5,5,7,3801,0,0,0,,0,3A14D,"POWELL ST","POST ST",0.00,,Y,C,-,N,,,,,,,,,,N,4,0,1,2,A,-,10,21950,A,N,-,B,B,B,H,-,C,A,0,Y,,,,Y,,A,01,0,0,1,0,1,0,0,0,0,"- ","- ",,,"SAN FRANCISCO","SAN FRANCISCO",-122.40840148925781,37.788291931152344
9691103,2024,2024-05-14,3801,2024-03-01,1852,2186,INGLE,5,5,7,3801,0,0,0,,0,3H4D,"OSHAUGHNESSY BLVD","MALTA DR",0.00,,Y,B,-,N,,,,,,,,,,Y,4,0,1,2,A,-,09,21801,A,F,D,C,A,B,H,-,C,D,0,,,,,Y,Y,A,07,0,0,1,0,0,0,0,0,0,"- ","- ",,,"SAN FRANCISCO","SAN FRANCISCO",-122.44365692138672,37.736495971679688
9691104,2024,2024-05-14,3801,2024-03-01,1835,2465,TENDE,5,5,7,3801,0,0,0,,0,3J13D,"TURK ST","POLK ST",85.00,E,N,C,G,N,,,,,,,,,,Y,4,0,1,2,A,-,03,22350,,N,B,C,A,B,-,-,C,D,0,,,,,Y,,A,01,0,0,1,0,0,0,0,0,0,"- ","- ",,,"SAN FRANCISCO","SAN FRANCISCO",-122.41870880126953,37.782207489013672