CASE_ID,ACCIDENT_YEAR,PROC_DATE,JURIS,COLLISION_DATE,COLLISION_TIME,OFFICER_ID,REPORTING_DISTRICT,DAY_OF_WEEK,CHP_SHIFT,POPULATION,CNTY_CITY_LOC,SPECIAL_COND,BEAT_TYPE,CHP_BEAT_TYPE,CITY_DIVISION_LAPD,CHP_BEAT_CLASS,BEAT_NUMBER,PRIMARY_RD,SECONDARY_RD,DISTANCE,DIRECTION,INTERSECTION,WEATHER_1,WEATHER_2,STATE_HWY_IND,CALTRANS_COUNTY,CALTRANS_DISTRICT,STATE_ROUTE,ROUTE_SUFFIX,POSTMILE_PREFIX,POSTMILE,LOCATION_TYPE,RAMP_INTERSECTION,SIDE_OF_HWY,TOW_AWAY,COLLISION_SEVERITY,NUMBER_KILLED,NUMBER_INJURED,PARTY_COUNT,PRIMARY_COLL_FACTOR,PCF_CODE_OF_VIOL,PCF_VIOL_CATEGORY,PCF_VIOLATION,PCF_VIOL_SUBSECTION,HIT_AND_RUN,TYPE_OF_COLLISION,MVIW,PED_ACTION,ROAD_SURFACE,ROAD_COND_1,ROAD_COND_2,LIGHTING,CONTROL_DEVICE,CHP_ROAD_TYPE,PEDESTRIAN_ACCIDENT,BICYCLE_ACCIDENT,MOTORCYCLE_ACCIDENT,TRUCK_ACCIDENT,NOT_PRIVATE_PROPERTY,ALCOHOL_INVOLVED,STWD_VEHTYPE_AT_FAULT,CHP_VEHTYPE_AT_FAULT,COUNT_SEVERE_INJ,COUNT_VISIBLE_INJ,COUNT_COMPLAINT_PAIN,COUNT_PED_KILLED,COUNT_PED_INJURED,COUNT_BICYCLIST_KILLED,COUNT_BICYCLIST_INJURED,COUNT_MC_KILLED,COUNT_MC_INJURED,PRIMARY_RAMP,SECONDARY_RAMP,LATITUDE,LONGITUDE,COUNTY,CITY,POINT_X,POINT_Y
9691105,2024,2024-05-14,3801,2024-03-01,1615,158,NORTH,5,5,7,3801,0,0,0,,0,3E14D,"OFARRELL ST","DIVISADERO ST",0.00,,Y,C,-,N,,,,,,,,,,N,4,0,1,2,A,-,09,21801,A,N,D,G,A,B,H,-,A,A,0,,Y,,,Y,,A,01,0,0,1,0,0,0,1,0,0,"- ","- ",,,"SAN FRANCISCO","SAN FRANCISCO",-122.43930053710938,37.782432556152344
9691106,2024,2024-05-14,3801,2024-03-01,1525,255,INGLE,5,5,7,3801,0,0,0,,0,3H11D,"CORTLAND AV","MOULTRIE ST",0.00,,Y,B,-,N,,,,,,,,,,N,3,0,1,2,A,-,10,21950,A,N,G,B,B,B,H,-,A,D,0,Y,,,,Y,Y,A,01,0,1,0,0,1,0,0,0,0,"- ","- ",,,"SAN FRANCISCO","SAN FRANCISCO",-122.41590881347656,37.739006042480469
9691107,2024,2024-05-14,3801,2024-03-01,1609,2496,TENDE,5,5,7,3801,0,0,0,,0,005,"ELLIS ST","ELLIS ST 655",0.00,,-,C,-,N,,,,,,,,,,,2,0,1,2,A,-,04,21703,,N,C,G,A,B,F,-,A,D,0,,Y,,,Y,,L,04,1,0,0,0,0,0,1,0,0,"- ","- ",,,"SAN FRANCISCO","SAN FRANCISCO",,
9691108,2024,2024-05-14,3801,2024-03-01,1130,899,NORTH,5,5,7,3801,0,0,0,,0,3E13A,"GEARY ST","LARKIN ST",50.00,W,N,C,-,N,,,,,,,,,,N,3,0,1,2,A,-,11,21954,A,N,G,B,D,B,H,-,A,A,0,Y,,,,Y,,N,60,0,1,0,0,1,0,0,0,0,"- ","- ",,,"SAN FRANCISCO","SAN FRANCISCO",-122.41828155517578,37.786087036132812
9691109,2024,2024-05-14,3801,2024-03-01,1211,1133,MISSI,5,5,7,3801,0,0,0,,0,0D2,"GUERRERO ST","26TH ST",0.00,,Y,B,C,N,,,,,,,,,,N,4,0,1,2,A,-,03,22350,,N,G,B,B,B,H,-,A,A,0,Y,,,,Y,,A,01,0,0,1,0,1,0,0,0,0,"- ","- ",,,"SAN FRANCISCO","SAN FRANCISCO",-122.42256927490234,37.748790740966797
9691110,2024,2024-05-14,3801,2024-03-15,1950,1148,MISSI,5,5,7,3801,0,0,0,,0,3D15D,"VALENCIA ST","25TH ST",12.00,W,N,A,-,N,,,,,,,,,,N,4,0,1,2,A,-,10,21950,,N,G,B,B,A,H,-,C,A,0,Y,,,,Y,,A,01,0,0,1,0,1,0,0,0,0,"- ","- ",,,"SAN FRANCISCO","SAN FRANCISCO",-122.42050170898438,37.750511169433594
9691111,2024,2024-06-18,3801,2024-03-15,1540,2400,BAYVI,5,5,7,3801,0,0,0,,0,3CAR,"GRIFFITH ST","OAKDALE AV",35.00,E,N,A,-,N,,,,,,,,,,N,3,0,1,1,B,-,22,,,N,H,A,A,A,H,-,A,D,0,,,,,Y,,-,,0,1,0,0,0,0,0,0,0,"- ","- ",,,"SAN FRANCISCO","SAN FRANCISCO",-122.37908172607422,37.728290557861328
9691112,2024,2024-06-07,3801,2024-03-03,"939 ",359,TARAV,7,5,7,3801,0,0,0,,0,3I2D,"SUNSET BLVD","RIVERA ST",0.00,S,N,B,-,N,,,,,,,,,,N,4,0,1,2,A,-,03,22350,,N,C,C,A,B,H,-,A,A,0,,,,,Y,,A,01,0,0,1,0,0,0,0,0,0,"- ","- ",,,"SAN FRANCISCO","SAN FRANCISCO",-122.49478149414062,37.745944976806641
9691113,2024,2024-05-14,3801,2024-03-02,"940 ",640,MISSI,6,5,7,3801,0,0,0,,0,3D16A,"13TH ST","FOLSOM ST",0.00,,Y,A,-,N,,,,,,,,,,N,4,0,1,2,A,-,12,21453,A,N,D,G,A,B,H,-,A,A,0,,Y,,,Y,,L,04,0,0,1,0,0,0,1,0,0,"- ","- ",,,"SAN FRANCISCO","SAN FRANCISCO",-122.41558837890625,37.769515991210938
9691114,2024,2024-07-11,3801,2024-03-02,1730,1580,SOUTH,6,5,7,3801,0,0,0,,0,3B12A,"MISSION ST","JESSIE EAST ST",0.00,,Y,B,-,N,,,,,,,,,,Y,4,0,1,2,A,-,03,22350,,F,C,C,A,B,H,-,A,A,0,,,,,Y,,A,08,0,0,1,0,0,0,0,0,0,"- ","- ",,,"SAN FRANCISCO","SAN FRANCISCO",-122.40483093261719,37.784053802490234
9691121,2024,2024-04-08,3801,2024-02-29,"800 ",1892,BAYVI,4,5,7,3801,0,0,0,,0,3C12A,"MARIPOSA ST","PENNSYLVANIA AV",113.00,E,N,B,-,N,,,,,,,,,,Y,4,0,2,2,A,-,12,21453,A,N,D,C,A,A,H,-,A,A,0,,,,,Y,Y,A,01,0,0,2,0,0,0,0,0,0,"- ","- ",,,"SAN FRANCISCO","SAN FRANCISCO",-122.39335632324219,37.764060974121094
9691122,2024,2024-04-08,3801,2024-02-24,"409 ",2489,SOUTH,6,5,7,3801,0,0,0,,0,3B13E,"MISSION ST","6TH ST",0.00,,Y,A,-,N,,,,,,,,,,Y,3,0,6,2,A,-,12,21453,A,N,D,C,A,A,H,-,C,A,0,,,,,Y,,A,01,0,2,4,0,0,0,0,0,0,"- ","- ",,,"SAN FRANCISCO","SAN FRANCISCO",-122.40869140625,37.780982971191406
9691123,2024,2024-04-10,3801,2024-02-29,1234,2196,MISSI,4,5,7,3801,0,0,0,,0,3D11A,"17TH ST","POND ST",0.00,S,N,B,C,N,,,,,,,,,,N,3,0,1,3,A,-,06,21755,A,N,C,G,A,B,H,-,A,D,0,,Y,,,Y,Y,A,01,0,1,0,0,0,0,1,0,0,"- ","- ",,,"SAN FRANCISCO","SAN FRANCISCO",-122.43211364746094,37.762676239013672
9691124,2024,2024-04-10,3801,2024-02-07,"734 ",1598,RICHM,3,5,7,3801,0,0,0,,0,,"FULTON ST","WILLARD NORTH",0.00,,Y,B,-,N,,,,,,,,,,,2,0,1,2,A,-,10,21950,A,N,G,B,B,B,H,-,A,D,0,Y,,,,Y,,A,01,1,0,0,0,1,0,0,0,0,"- ","- ",,,"SAN FRANCISCO","SAN FRANCISCO",-122.456298828125,37.774539947509766
9691125,2024,2024-04-10,3801,2024-02-28,1846,158,NORTH,3,5,7,3801,0,0,0,,0,3E14D,"BUSH ST","POLK ST",18.00,W,N,A,-,N,,,,,,,,,,N,4,0,1,2,A,-,04,21703,,N,C,C,A,A,H,-,C,A,0,,,Y,,Y,,A,01,0,0,1,0,0,0,0,0,1,"- ","- ",,,"SAN FRANCISCO","SAN FRANCISCO",-122.42036437988281,37.788681030273438
9691126,2024,2024-04-10,3801,2024-02-25,1204,1796,RICHM,7,5,7,3801,0,0,0,,0,,"GEARY BL","30TH AV",0.00,,Y,A,-,N,,,,,,,,,,Y,4,0,1,2,A,-,09,21801,,N,D,C,A,A,H,-,A,-,0,,,,,Y,,A,01,0,0,1,0,0,0,0,0,0,"- ","- ",,,"SAN FRANCISCO","SAN FRANCISCO",-122.49007415771484,37.779911041259766
9691128,2024,2024-04-10,3801,2024-02-28,1330,2366,NORTH,3,5,7,3801,0,0,0,,0,6CAR,"CALIFORNIA ST","FRANKLIN ST",200.00,E,N,A,-,N,,,,,,,,,,N,3,0,2,3,A,-,11,21955,,N,G,B,D,A,H,-,A,D,0,Y,,,,Y,,N,60,0,1,1,0,2,0,0,0,0,"- ","- ",,,"SAN FRANCISCO","SAN FRANCISCO",-122.42328643798828,37.790241241455078
9691129,2024,2024-04-10,3801,2024-02-29,1030,1949,BAYVI,4,5,7,3801,0,0,0,,0,3C12A,"INDUSTRIAL ST","INDUSTRIAL ST 211",0.00,,N,A,-,N,,,,,,,,,,Y,2,0,1,2,A,-,00,22352,,N,C,C,A,A,-,-,A,D,0,,,Y,,Y,,C,02,1,0,0,0,0,0,0,0,1,"- ","- ",,,"SAN FRANCISCO","SAN FRANCISCO",,
9691130,2024,2024-04-10,3801,2024-02-15,1812,1355,TARAV,4,5,7,3801,0,0,0,,0,3I15D,"LAKE MERCED BL","HIGUERA AV",355.00,S,N,A,-,N,,,,,,,,,,N,4,0,1,2,A,-,03,22350,,N,C,C,A,A,H,-,C,D,0,,,,,Y,,A,01,0,0,1,0,0,0,0,0,0,"- ","- ",,,"SAN FRANCISCO","SAN FRANCISCO",-122.48512268066406,37.717334747314453
9691131,2024,2024-04-10,3801,2024-02-14,1528,2231,SOUTH,3,5,7,3801,0,0,0,,0,3B12D,"4TH ST","FOLSOM ST",0.00,,Y,C,-,N,,,,,,,,,,N,4,0,1,2,A,-,04,21703,,N,-,C,A,B,H,-,A,A,0,,,,,Y,,A,01,0,0,1,0,0,0,0,0,0,"- ","- ",,,"SAN FRANCISCO","SAN FRANCISCO",-122.40116119384766,37.782035827636719
9691132,2024,2024-04-10,3801,2024-02-02,2300,2035,MISSI,5,5,7,3801,0,0,0,,0,3D13E,"FOLSOM ST","22ND ST",0.00,,Y,C,-,N,,,,,,,,,,Y,2,0,1,2,A,-,09,21801,A,N,A,C,A,B,H,-,C,A,0,,,,,Y,,A,01,1,0,0,0,0,0,0,0,0,"- ","- ",,,"SAN FRANCISCO","SAN FRANCISCO",-122.41439056396484,37.755718231201172
9691133,2024,2024-07-03,3801,2024-02-17,1730,1251,BAYVI,6,5,7,3801,0,0,0,,0,3C13D,"INGALLS ST","HUDSON AV",5.00,S,N,C,-,N,,,,,,,,,,Y,4,0,2,2,A,-,09,21801,,N,A,C,A,B,H,-,B,D,0,,,,,Y,,A,01,0,0,2,0,0,0,0,0,0,"- ","- ",,,"SAN FRANCISCO","SAN FRANCISCO",-122.37961578369141,37.732467651367188
9691134,2024,2024-04-10,3801,2024-02-19,1003,621,CENTR,1,5,7,3801,0,0,0,,0,3A13A,"PACIFIC AV","HYDE ST",0.00,,Y,C,-,N,,,,,,,,,,N,4,0,1,2,A,-,10,21950,A,N,G,B,B,B,H,-,A,A,0,Y,,,,Y,,A,01,0,0,1,0,1,0,0,0,0,"- ","- ",,,"SAN FRANCISCO","SAN FRANCISCO",-122.41831207275391,37.795463562011719
9691135,2024,2024-04-10,3801,2024-02-27,1900,438,NORTH,2,5,7,3801,0,0,0,,0,3E14D,"WEBSTER ST","CALIFORNIA ST",25.00,S,N,A,-,N,,,,,,,,,,N,2,0,1,2,A,-,17,22517,,N,B,C,A,A,H,-,C,A,0,,,,,Y,,A,01,1,0,0,0,0,0,0,0,0,"- ","- ",,,"SAN FRANCISCO","SAN FRANCISCO",-122.43217468261719,37.789031982421875
9691136,2024,2024-04-10,3801,2024-02-29,"746 ",2195,NORTH,4,5,7,3801,0,0,0,,0,001,"FELL ST","DIVISADERO ST",0.00,,Y,A,-,N,,,,,,,,,,N,4,0,1,2,A,-,12,21453,A,N,D,G,A,B,H,-,A,A,0,,Y,,,Y,,A,07,0,0,1,0,0,0,1,0,0,"- ","- ",,,"SAN FRANCISCO","SAN FRANCISCO",-122.43759918212891,37.774063110351562
9691137,2024,2025-02-12,3801,2024-02-18,1030,1075,SOUTH,7,5,7,3801,0,0,0,,0,3B3A,"MISSION ST","7TH ST",0.00,,Y,-,-,N,,,,,,,,,,N,4,0,1,2,A,-,12,21453,A,N,-,-,A,A,H,-,A,-,0,,,,,Y,,-,"- ",0,0,1,0,0,0,0,0,0,"- ","- ",,,"SAN FRANCISCO","SAN FRANCISCO",-122.41089630126953,37.779209136962891
9691138,2024,2024-04-10,3801,2024-02-08,1603,1144,RICHM,4,5,7,3801,0,0,0,,0,3G15D,"GEARY BL","36TH AV",0.00,,Y,A,C,N,,,,,,,,,,Y,4,0,1,2,A,-,03,22350,,N,C,C,A,B,H,-,A,D,0,,,,,Y,,A,01,0,0,1,0,0,0,0,0,0,"- ","- ",,,"SAN FRANCISCO","SAN FRANCISCO",-122.49652862548828,37.779560089111328
9691139,2024,2024-04-10,3801,2024-02-29,2234,1308,SOUTH,4,5,7,3801,0,0,0,,0,3A5,"EMBARCADERO ST","NORTH OF MISSION ST",0.00,,Y,A,-,N,,,,,,,,,,N,4,0,1,2,A,-,03,22350,,N,C,C,A,B,H,-,B,A,0,,,Y,,Y,,A,01,0,0,1,0,0,0,0,0,1,"- ","- ",,,"SAN FRANCISCO","SAN FRANCISCO",-122.39263153076172,37.793708801269531
9691140,2024,2024-04-10,3801,2024-02-28,"848 ",2707,TARAV,3,5,7,3801,0,0,0,,0,6CAR,"HOLLOWAY AV","VERNON ST",0.00,,Y,A,-,N,,,,,,,,,,N,4,0,3,2,-,-,"- ",,,N,D,C,A,A,H,-,A,A,0,,,,,Y,,-,"- ",0,0,3,0,0,0,0,0,0,"- ","- ",,,"SAN FRANCISCO","SAN FRANCISCO",-122.46808624267578,37.721645355224609
9691141,2024,2024-04-19,3801,2024-02-28,"839 ",1572,SOUTH,3,5,7,3801,0,0,0,,0,3B1A,"1ST ST","MISSION ST",0.00,,Y,A,-,N,,,,,,,,,,,3,0,1,2,A,-,12,21453,A,N,G,B,B,A,H,-,A,A,0,Y,,,,Y,,A,01,0,1,0,0,1,0,0,0,0,"- ","- ",,,"SAN FRANCISCO","SAN FRANCISCO",-122.39756774902344,37.789775848388672
9691142,2024,2024-04-19,3801,2024-02-27,1940,1857,SOUTH,2,5,7,3801,0,0,0,,0,3B14E,"VALENCIA ST","MARKET ST",139.00,S,N,A,-,N,,,,,,,,,,N,3,0,1,2,A,-,08,22107,,N,B,G,A,A,H,-,C,D,0,,Y,,,Y,,A,01,0,1,0,0,0,0,1,0,0,"- ","- ",,,"SAN FRANCISCO","SAN FRANCISCO",-122.42258453369141,37.772171020507812
9691143,2024,2024-04-19,3801,2024-02-27,1709,1531,RICHM,2,5,7,3801,0,0,0,,0,,"ANZA ST","8TH AV",0.00,,Y,A,-,N,,,,,,,,,,N,3,0,1,2,A,-,10,21950,A,N,G,B,B,A,H,-,A,A,0,Y,,,,Y,,A,01,0,1,0,0,1,0,0,0,0,"- ","- ",,,"SAN FRANCISCO","SAN FRANCISCO",-122.46627807617188,37.778995513916016
9691144,2024,2024-04-19,3801,2024-02-27,1523,260,SOUTH,2,5,7,3801,0,0,0,,0,3B15D,"BRYANT ST","6TH ST",0.00,,Y,A,-,N,,,,,,,,,,N,4,0,2,2,A,-,08,22107,,F,C,C,A,A,H,-,A,D,0,,,,,Y,,A,07,0,0,2,0,0,0,0,0,0,"- ","- ",,,"SAN FRANCISCO","SAN FRANCISCO",-122.40250396728516,37.776058197021484
9691145,2024,2024-04-19,3801,2024-02-26,1433,2398,NORTH,1,5,7,3801,0,0,0,,0,04E,"WEBSTER ST","CLAY ST",0.00,,Y,A,-,N,,,,,,,,,,N,2,0,1,2,A,-,13,22515,A,N,G,B,E,A,H,-,A,A,0,Y,,,,Y,,A,01,1,0,0,0,1,0,0,0,0,"- ","- ",,,"SAN FRANCISCO","SAN FRANCISCO",-122.43257141113281,37.790927886962891
9691146,2024,2024-04-19,3801,2024-02-24,1059,1796,RICHM,6,5,7,3801,0,0,0,,0,3G14A,"45TH AV","POINT LOBOS AV",0.00,,Y,A,-,N,,,,,,,,,,N,4,0,1,2,A,-,10,21950,,N,G,B,B,A,H,-,A,D,0,Y,,,,Y,,A,01,0,0,1,0,1,0,0,0,0,"- ","- ",,,"SAN FRANCISCO","SAN FRANCISCO",-122.50623321533203,37.779930114746094
9691147,2024,2024-04-19,3801,2024-02-23,1728,1825,SOUTH,5,5,7,3801,0,0,0,,0,3B14D,"11TH ST","MISSION ST",0.00,,Y,A,-,N,,,,,,,,,,N,4,0,1,3,D,-,00,,,N,B,G,A,A,H,-,A,A,0,,Y,,,Y,,-,"- ",0,0,1,0,0,0,1,0,0,"- ","- ",,,"SAN FRANCISCO","SAN FRANCISCO",-122.41709899902344,37.774330139160156
9691148,2024,2024-04-19,3801,2024-02-23,1100,1145,SOUTH,5,5,7,3801,0,0,0,,0,3B16A,"FOREST RD","FOREST HILL RD",129.00,,N,A,-,N,,,,,,,,,,Y,4,0,1,1,A,-,21,22106,,N,F,A,A,A,H,-,A,D,0,,,,,Y,,A,01,0,0,1,0,0,0,0,0,0,"- ","- ",,,"SAN FRANCISCO","SAN FRANCISCO",,
9691149,2024,2024-07-03,3801,2024-02-14,1822,1994,TRAFF,3,5,7,3801,0,0,0,,0,4B3C,"BRIDGEVIEW WY","MISSION BAY SOUTH BL",7.00,S,N,C,-,N,,,,,,,,,,N,4,0,1,2,D,-,00,,,N,G,B,E,B,G,-,C,D,0,Y,,,,Y,,-,"- ",0,0,1,0,1,0,0,0,0,"- ","- ",,,"SAN FRANCISCO","SAN FRANCISCO",-122.38777923583984,37.770759582519531
9691150,2024,2024-04-19,3801,2024-02-29,2020,4201,CENTR,4,5,7,3801,0,0,0,,0,3A11D,"CALIFORNIA ST","LARKIN ST",0.00,,Y,C,-,N,,,,,,,,,,N,3,0,1,2,A,-,10,21950,A,N,D,B,B,B,H,-,C,A,0,Y,,,,Y,,A,01,0,1,0,0,1,0,0,0,0,"- ","- ",,,"SAN FRANCISCO","SAN FRANCISCO",-122.41903686523438,37.790794372558594
9691151,2024,2024-04-19,3801,2024-02-29,1602,1823,INGLE,4,5,7,3801,0,0,0,,0,003,"TRUMBULL ST","CONGDON ST",0.00,,Y,C,-,N,,,,,,,,,,N,4,0,1,2,A,-,09,21804,A,N,D,C,A,B,H,-,A,A,0,,,,,Y,,A,01,0,0,1,0,0,0,0,0,0,"- ","- ",,,"SAN FRANCISCO","SAN FRANCISCO",-122.42615509033203,37.730899810791016
9691152,2024,2024-04-19,3801,2024-02-29,1223,1513,RICHM,4,5,7,3801,0,0,0,,0,3G13A,"PARK PRESIDIO","CLEMENT ST",0.00,,N,F,-,N,,,,,,,,,,N,4,0,1,2,A,-,10,21950,A,N,A,B,B,B,H,-,A,A,0,Y,,,,Y,,A,01,0,0,1,0,1,0,0,0,0,"- ","- ",,,"SAN FRANCISCO","SAN FRANCISCO",-122.47246551513672,37.782577514648438
9691153,2024,2024-04-19,3801,2024-02-29,"907 ",1538,TENDE,4,5,7,3801,0,0,0,,0,3J14A,"MASON ST","TURK ST",0.00,,Y,B,-,N,,,,,,,,,,N,4,0,1,2,A,-,12,21453,A,F,G,B,B,B,H,-,A,A,0,Y,,,,Y,,A,01,0,0,1,0,1,0,0,0,0,"- ","- ",,,"SAN FRANCISCO","SAN FRANCISCO",-122.40911102294922,37.783412933349609
9691154,2024,2024-07-03,3801,2024-02-29,"615 ",2368,TENDE,4,5,7,3801,0,0,0,,0,3J15A,"OFARRELL ST","JONES ST",0.00,,Y,C,-,N,,,,,,,,,,N,3,0,1,2,A,-,11,21954,A,N,G,E,D,B,-,-,C,A,0,Y,,,,Y,,N,60,0,1,0,0,1,0,0,0,0,"- ","- ",,,"SAN FRANCISCO","SAN FRANCISCO",-122.41297149658203,37.785797119140625
9691155,2024,2024-04-19,3801,2024-02-28,1352,764,MISSI,3,5,7,3801,0,0,0,,0,3D13C,"ALABAMA ST","20TH ST",0.00,,Y,A,-,N,,,,,,,,,,N,2,0,1,1,A,-,03,22350,,N,A,I,A,A,H,-,A,A,0,,,,,Y,,M,93,1,0,0,0,0,0,0,0,0,"- ","- ",,,"SAN FRANCISCO","SAN FRANCISCO",-122.41153717041016,37.759086608886719
9691156,2024,2024-04-19,3801,2024-02-28,1300,189,NORTH,3,5,7,3801,0,0,0,,0,001,"VAN NESS AV","HAYES ST",0.00,,Y,A,-,N,,,,,,,,,,N,4,0,1,2,A,-,03,22350,,N,B,G,A,A,H,-,A,A,0,,Y,,,Y,,L,04,0,0,1,0,0,0,1,0,0,"- ","- ",,,"SAN FRANCISCO","SAN FRANCISCO",-122.419677734375,37.777294158935547
9691157,2024,2024-04-19,3801,2024-02-26,1900,2741,TENDE,1,5,7,3801,0,0,0,,0,3J14E,"MARKET ST","SANSOME ST",0.00,,Y,A,-,N,,,,,,,,,,N,4,0,1,2,A,-,00,20001,A,F,B,G,A,A,D,-,C,D,0,,Y,,,Y,,A,01,0,0,1,0,0,0,1,0,0,"- ","- ",,,"SAN FRANCISCO","SAN FRANCISCO",-122.40048217773438,37.7901611328125
9691158,2024,2024-04-19,3801,2024-02-21,"929 ",2088,INGLE,3,5,7,3801,0,0,0,,0,,"BAYSHORE BL","RAYMOND AV",0.00,,Y,A,-,N,,,,,,,,,,,4,0,1,2,A,-,08,22107,,N,B,G,A,A,H,-,A,D,0,,Y,,,Y,,A,01,0,0,1,0,0,0,1,0,0,"- ","- ",,,"SAN FRANCISCO","SAN FRANCISCO",-122.40329742431641,37.711837768554688
9691228,2024,2024-08-22,3801,2024-03-21,1440,1279,BAYVI,4,5,7,3801,0,0,0,,0,3C3C,"3RD ST","EVANS AVE",18.00,N,N,A,-,N,,,,,,,,,,Y,4,0,2,2,A,-,03,22350,,N,C,C,A,A,H,-,A,A,0,,,,,Y,,A,01,0,0,2,0,0,0,0,0,0,"- ","- ",,,"SAN FRANCISCO","SAN FRANCISCO",-122.38799285888672,37.742778778076172
9691229,2024,2024-07-29,3801,2024-03-11,"520 ",1732,TENDE,1,5,7,3801,0,0,0,,0,210007,"JFK DRIVE","KEZAR DR",0.00,,Y,A,-,N,,,,,,,,,,Y,4,0,2,1,A,-,03,22350,,N,H,A,A,A,H,-,C,A,0,,,,,Y,,D,22,0,0,2,0,0,0,0,0,0,"- ","- ",,,"SAN FRANCISCO","SAN FRANCISCO",-122.45532989501953,37.770858764648438
9691230,2024,2024-05-10,3801,2024-03-02,1904,704,BAYVI,6,5,7,3801,0,0,0,,0,3C4D,"GILMAN AVE","BILL WALSH WY",100.00,W,N,A,-,N,,,,,,,,,,N,2,0,1,2,A,-,03,22350,,F,C,B,E,B,H,-,C,D,0,Y,,,,Y,,-,,1,0,0,0,1,0,0,0,0,"- ","- ",,,"SAN FRANCISCO","SAN FRANCISCO",-122.38713073730469,37.717658996582031
9691231,2024,2024-05-10,3801,2024-03-17,1410,704,BAYVI,7,5,7,3801,0,0,0,,0,3C90A,"3RD ST","PALOU AV",50.00,N,N,A,-,N,,,,,,,,,,N,2,0,1,2,A,-,06,21755,A,F,B,B,E,A,H,-,A,D,0,Y,,,,Y,Y,A,01,1,0,0,0,1,0,0,0,0,"- ","- ",,,"SAN FRANCISCO","SAN FRANCISCO",-122.39101409912109,37.734172821044922
9691232,2024,2024-07-09,3801,2024-03-25,2035,704,BAYVI,1,5,7,3801,0,0,0,,0,3C13D,"ALEMANY BLVD","BAY SHORE BL",135.00,W,N,A,-,N,,,,,,,,,,N,3,0,1,1,A,-,03,22350,,N,H,A,A,A,H,-,D,D,0,,,Y,,Y,Y,C,03,0,1,0,0,0,0,0,0,1,"- ","- ",,,"SAN FRANCISCO","SAN FRANCISCO",-122.40740966796875,37.737892150878906
9691233,2024,2024-05-10,3801,2024-03-12,2033,312,TARAV,2,5,7,3801,0,0,0,,0,1CAR,"IRVING ST","14TH AVE",0.00,,Y,A,-,N,,,,,,,,,,N,4,0,1,2,A,-,10,21950,A,F,G,B,B,A,H,-,C,A,0,Y,,,,Y,,A,01,0,0,1,0,1,0,0,0,0,"- ","- ",,,"SAN FRANCISCO","SAN FRANCISCO",-122.4716796875,37.763801574707031
9691234,2024,2024-05-10,3801,2024-03-05,1958,1856,INGLE,2,5,7,3801,0,0,0,,0,0H5,"MORSE ST","CURTIS ST",0.00,,Y,A,-,N,,,,,,,,,,Y,3,0,2,2,A,-,01,23153,A,N,D,C,A,A,H,-,C,A,0,,,,,Y,Y,A,01,0,1,1,0,0,0,0,0,0,"- ","- ",,,"SAN FRANCISCO","SAN FRANCISCO",-122.43958282470703,37.712917327880859
9691235,2024,2024-05-10,3801,2024-03-07,"911 ",1695,NORTH,4,5,7,3801,0,0,0,,0,,"PINE STREET","LAGUNA ST",0.00,,Y,A,-,N,,,,,,,,,,Y,4,0,1,2,A,-,09,21800,D,N,D,C,A,A,H,-,A,B,0,,,,,Y,,A,01,0,0,1,0,0,0,0,0,0,"- ","- ",,,"SAN FRANCISCO","SAN FRANCISCO",-122.4287109375,37.788578033447266
9691269,2024,2024-04-25,3801,2024-02-28,2038,1732,TENDE,3,5,7,3801,0,0,0,,0,1500-0,"MCALLISTER ST","HYDE ST",0.00,,Y,A,-,N,,,,,,,,,,N,4,0,1,2,A,-,08,22107,,N,B,G,A,A,H,-,C,A,0,,Y,Y,,Y,,L,04,0,0,1,0,0,0,1,0,0,"- ","- ",,,"SAN FRANCISCO","SAN FRANCISCO",-122.41532135009766,37.780738830566406
9691271,2024,2024-05-10,3801,2024-02-28,1341,2202,INGLE,3,5,7,3801,0,0,0,,0,3H13A,"ALEMANY BLVD","RT 280",0.00,,Y,A,-,Y,SF,4,280,-,R,3.750,R,4,N,Y,3,0,1,2,A,-,03,22350,,F,B,C,A,A,H,-,A,D,0,,,,,Y,Y,A,01,0,1,0,0,0,0,0,0,0,"- ",NO,,,"SAN FRANCISCO","SAN FRANCISCO",-122.41666412353516,37.731864929199219
9693515,2024,2024-06-10,3801,2024-04-09,1913,704,BAYVI,2,5,7,3801,0,0,0,,0,3C12D,"SILVER AV","WATERVILLE ST",0.00,,Y,A,-,N,,,,,,,,,,Y,4,0,1,3,A,-,05,21752,D,N,D,C,A,A,H,-,B,D,0,,,,,Y,,A,01,0,0,1,0,0,0,0,0,0,"- ","- ",,,"SAN FRANCISCO","SAN FRANCISCO",-122.40267944335938,37.734199523925781
9693517,2024,2024-07-01,3801,2024-04-08,"346 ",2150,RICHM,1,5,7,3801,0,0,0,,0,3G13E,"PARK PRESIDIO BL","FULTON ST",0.00,,Y,A,-,N,,,,,,,,,,Y,4,0,2,2,A,-,03,22350,,N,C,C,A,A,H,-,C,A,0,,,,,Y,,-,,0,0,2,0,0,0,0,0,0,"- ","- ",,,"SAN FRANCISCO","SAN FRANCISCO",-122.47177886962891,37.773124694824219
9693518,2024,2024-07-01,3801,2024-04-01,1045,829,MISSI,1,5,7,3801,0,0,0,,0,3D41A,14TH,"DOLORES ST",0.00,,Y,A,-,N,,,,,,,,,,Y,3,0,3,3,A,-,12,21453,A,N,D,C,A,A,H,-,A,A,0,,,,Y,Y,,A,01,0,1,2,0,0,0,0,0,0,"- ","- ",,,"SAN FRANCISCO","SAN FRANCISCO",-122.42677307128906,37.767879486083984
9693520,2024,2024-06-12,3801,2024-04-19,"900 ",885,BAYVI,5,5,7,3801,0,0,0,,0,0C4,"SILVER AV","SAN BRUNO AV",50.00,E,N,A,-,N,,,,,,,,,,N,4,0,2,3,A,-,08,22107,,N,B,C,A,A,H,-,A,A,0,,,,,Y,,I,11,0,0,2,0,0,0,0,0,0,"- ","- ",,,"SAN FRANCISCO","SAN FRANCISCO",-122.40547180175781,37.732521057128906