CASE_ID,ACCIDENT_YEAR,PROC_DATE,JURIS,COLLISION_DATE,COLLISION_TIME,OFFICER_ID,REPORTING_DISTRICT,DAY_OF_WEEK,CHP_SHIFT,POPULATION,CNTY_CITY_LOC,SPECIAL_COND,BEAT_TYPE,CHP_BEAT_TYPE,CITY_DIVISION_LAPD,CHP_BEAT_CLASS,BEAT_NUMBER,PRIMARY_RD,SECONDARY_RD,DISTANCE,DIRECTION,INTERSECTION,WEATHER_1,WEATHER_2,STATE_HWY_IND,CALTRANS_COUNTY,CALTRANS_DISTRICT,STATE_ROUTE,ROUTE_SUFFIX,POSTMILE_PREFIX,POSTMILE,LOCATION_TYPE,RAMP_INTERSECTION,SIDE_OF_HWY,TOW_AWAY,COLLISION_SEVERITY,NUMBER_KILLED,NUMBER_INJURED,PARTY_COUNT,PRIMARY_COLL_FACTOR,PCF_CODE_OF_VIOL,PCF_VIOL_CATEGORY,PCF_VIOLATION,PCF_VIOL_SUBSECTION,HIT_AND_RUN,TYPE_OF_COLLISION,MVIW,PED_ACTION,ROAD_SURFACE,ROAD_COND_1,ROAD_COND_2,LIGHTING,CONTROL_DEVICE,CHP_ROAD_TYPE,PEDESTRIAN_ACCIDENT,BICYCLE_ACCIDENT,MOTORCYCLE_ACCIDENT,TRUCK_ACCIDENT,NOT_PRIVATE_PROPERTY,ALCOHOL_INVOLVED,STWD_VEHTYPE_AT_FAULT,CHP_VEHTYPE_AT_FAULT,COUNT_SEVERE_INJ,COUNT_VISIBLE_INJ,COUNT_COMPLAINT_PAIN,COUNT_PED_KILLED,COUNT_PED_INJURED,COUNT_BICYCLIST_KILLED,COUNT_BICYCLIST_INJURED,COUNT_MC_KILLED,COUNT_MC_INJURED,PRIMARY_RAMP,SECONDARY_RAMP,LATITUDE,LONGITUDE,COUNTY,CITY,POINT_X,POINT_Y
9694496,2023,2024-05-01,3801,2023-04-11,"914 ",1511,BAYVI,2,5,7,3801,0,0,0,,0,3C11A,"3RD ST","MARIN ST",0.00,,Y,A,-,N,,,,,,,,,,N,4,0,2,3,A,-,04,21703,,N,C,C,A,A,H,-,A,D,0,,,,,Y,,A,01,0,0,2,0,0,0,0,0,0,"- ","- ",,,"SAN FRANCISCO","SAN FRANCISCO",-122.38759613037109,37.749004364013672
9695616,2024,2024-09-11,3801,2024-07-22,"630 ",1457,TARAV,1,5,7,3801,0,0,0,,0,3I11A,"19TH AV","QUINTARA ST",373.00,N,N,B,-,N,,,,,,,,,,N,4,0,1,2,A,-,07,21658,A,M,B,E,A,A,H,-,B,D,0,,,,,Y,,-,99,0,0,1,0,0,0,0,0,0,"- ","- ",,,"SAN FRANCISCO","SAN FRANCISCO",-122.47611999511719,37.749664306640625
9695651,2024,2024-09-05,3801,2024-07-01,1320,1075,SOUTH,1,5,7,3801,0,0,0,,0,1320,"MISSION ST","8TH ST",50.00,E,N,A,-,N,,,,,,,,,,N,4,0,1,2,A,-,17,22517,,N,-,C,A,A,H,-,A,D,0,,,,,Y,,J,43,0,0,1,0,0,0,0,0,0,"- ","- ",,,"SAN FRANCISCO","SAN FRANCISCO",-122.41304016113281,37.777557373046875
9695675,2024,2024-09-05,3801,2024-07-02,1700,262,TRAFF,2,5,7,3801,0,0,0,,0,4B1E,"CESAR CHAVEZ ST","MISSOURI ST",187.00,E,N,A,-,N,,,,,,,,,,Y,2,0,3,3,A,-,05,21460,A,N,A,C,A,A,H,-,A,D,0,,,,,Y,,A,01,1,1,1,0,0,0,0,0,0,"- ","- ",,,"SAN FRANCISCO","SAN FRANCISCO",-122.39467620849609,37.749855041503906
9696535,2024,2024-06-18,3801,2024-04-19,1110,1796,RICHM,5,5,7,3801,0,0,0,,0,3G4A,"PARK PRESIDIO BL","CROSSOVER DR",0.00,,Y,A,-,Y,SF,4,1,-,-,4.460,H,-,N,Y,4,0,1,2,A,-,03,22350,,N,-,C,A,A,H,-,A,A,0,,,Y,,Y,,A,01,0,0,1,0,0,0,0,0,1,"- ","- ",,,"SAN FRANCISCO","SAN FRANCISCO",-122.47910308837891,37.770679473876953
9699221,2024,2024-06-10,3801,2024-03-26,"920 ",2289,NORTH,2,5,7,3801,0,0,0,,0,004,"POST ST","STEINER ST",0.00,,Y,A,-,N,,,,,,,,,,Y,4,0,1,3,A,-,12,21453,A,N,D,C,A,A,H,-,A,A,0,,,,,Y,,A,01,0,0,1,0,0,0,0,0,0,"- ","- ",,,"SAN FRANCISCO","SAN FRANCISCO",-122.43472290039062,37.784942626953125
9699226,2024,2024-06-13,3801,2024-04-13,1616,1534,INGLE,6,5,7,3801,0,0,0,,0,3H11D,"OSHAUGHNESSY BL","OSHAUGHNESSY BL 520",0.00,,N,A,C,N,,,,,,,,,,,4,0,1,1,A,-,"- ",,,N,A,I,A,B,H,-,A,D,0,,,,,Y,,D,22,0,0,1,0,0,0,0,0,0,"- ","- ",,,"SAN FRANCISCO","SAN FRANCISCO",,
9699229,2024,2024-06-13,3801,2024-04-04,1430,1432,BAYVI,4,5,7,3801,0,0,0,,0,3C13D,"BAYVIEW ST","NEWHALL ST",11.00,E,N,C,-,N,,,,,,,,,,N,4,0,1,2,A,-,06,21750,A,F,B,C,A,B,H,-,A,D,0,,,,Y,Y,,A,01,0,0,1,0,0,0,0,0,0,"- ","- ",,,"SAN FRANCISCO","SAN FRANCISCO",-122.39462280273438,37.732921600341797
9699237,2024,2024-06-06,3801,2024-03-26,1919,2186,INGLE,2,5,7,3801,0,0,0,,0,3H13D,"OCEAN AV","GENEVA AV",0.00,,Y,A,-,N,,,,,,,,,,N,4,0,3,2,A,-,04,21703,,N,C,D,A,A,H,-,A,A,0,,,,,Y,,A,01,0,0,3,0,0,0,0,0,0,"- ","- ",,,"SAN FRANCISCO","SAN FRANCISCO",-122.45233154296875,37.723068237304688
9699238,2024,2024-06-17,3801,2024-01-27,"750 ",748,CENTR,6,5,7,3801,0,0,0,,0,0A3,"GREENWICH ST","VIA BUFANO",0.00,,Y,A,-,N,,,,,,,,,,N,2,0,1,2,-,-,"- ",,,N,G,B,E,A,H,-,A,D,0,Y,,,Y,Y,,-,"- ",1,0,0,0,1,0,0,0,0,"- ","- ",,,"SAN FRANCISCO","SAN FRANCISCO",-122.41161346435547,37.802059173583984
9699245,2024,2024-06-06,3801,2024-03-20,1531,893,INGLE,3,5,7,3801,0,0,0,,0,3H13D,"NEVADA ST","CORTLAND AV",0.00,,Y,A,-,N,,,,,,,,,,N,3,0,1,2,A,-,03,22350,,N,E,E,A,A,H,-,A,A,0,,Y,,,Y,,L,04,0,1,0,0,0,0,1,0,0,"- ","- ",,,"SAN FRANCISCO","SAN FRANCISCO",-122.41133880615234,37.739826202392578
9699246,2024,2024-09-09,3801,2024-04-17,2132,2374,SOUTH,3,5,7,3801,0,0,0,,0,0B5,"16TH ST","RHODE ISLAND ST",0.00,,Y,A,-,N,,,,,,,,,,N,2,0,1,2,A,-,11,21453,D,N,G,B,B,A,H,-,C,A,0,Y,,,,Y,,N,60,1,0,0,0,1,0,0,0,0,"- ","- ",,,"SAN FRANCISCO","SAN FRANCISCO",-122.40267944335938,37.766098022460938
9699250,2024,2024-06-13,3801,2024-04-10,1215,1580,SOUTH,3,5,7,3801,0,0,0,,0,3B60A,"BRANNAN ST","4TH ST",0.00,,Y,A,-,N,,,,,,,,,,N,4,0,1,2,A,-,08,22102,,N,D,C,A,A,H,-,A,A,0,,,Y,,Y,,D,22,0,0,1,0,0,0,0,0,1,"- ","- ",,,"SAN FRANCISCO","SAN FRANCISCO",-122.39653778076172,37.778327941894531
9699251,2024,2024-06-17,3801,2024-04-14,1512,1350,BAYVI,7,5,7,3801,0,0,0,,0,3C45,"3RD ST","MCKINNON AV",0.00,,Y,A,-,N,,,,,,,,,,N,4,0,2,2,A,-,12,21453,A,N,D,C,A,A,H,-,A,A,0,,,,,Y,,D,22,0,0,2,0,0,0,0,0,0,"- ","- ",,,"SAN FRANCISCO","SAN FRANCISCO",-122.39020538330078,37.736423492431641
9699252,2024,2024-06-21,3801,2024-04-11,"830 ",4356,INGLE,4,5,7,3801,0,0,0,,0,3H13A,"MISSION ST","SANTA ROSA AV",0.00,,Y,A,-,N,,,,,,,,,,Y,3,0,1,2,A,-,10,21950,A,F,G,B,B,A,H,-,A,A,0,Y,,,Y,Y,,F,26,0,1,0,0,1,0,0,0,0,"- ","- ",,,"SAN FRANCISCO","SAN FRANCISCO",-122.43401336669922,37.725757598876953
9699253,2024,2024-06-25,3801,2024-04-12,1410,4006,TARAV,5,5,7,3801,0,0,0,,0,3I4B,"19TH AV","VICENTE ST",100.00,N,N,A,-,Y,SF,4,1,-,-,2.200,I,6,N,N,4,0,1,2,A,-,03,22350,,F,B,E,A,A,H,-,A,A,0,,,,,Y,,A,01,0,0,1,0,0,0,0,0,0,"- ","- ",,,"SAN FRANCISCO","SAN FRANCISCO",-122.47537231445312,37.739089965820312
9699256,2024,2024-06-13,3801,2024-04-07,"812 ",1631,SOUTH,7,5,7,3801,0,0,0,,0,3B14A,"10TH ST","HARRISON ST",0.00,,Y,A,-,N,,,,,,,,,,Y,3,0,7,2,A,-,01,23153,A,N,D,C,A,A,H,-,A,A,0,,,,,Y,Y,D,22,0,5,2,0,0,0,0,0,0,"- ","- ",,,"SAN FRANCISCO","SAN FRANCISCO",-122.41124725341797,37.771595001220703
9699257,2024,2024-06-13,3801,2024-04-03,1758,2214,INGLE,3,5,7,3801,0,0,0,,0,3H11E,"MISSION ST","OCEAN AVE",0.00,,Y,A,-,N,,,,,,,,,,N,4,0,1,2,A,-,08,22102,,F,D,C,A,A,H,-,A,D,0,,,,,Y,,A,01,0,0,1,0,0,0,0,0,0,"- ","- ",,,"SAN FRANCISCO","SAN FRANCISCO",-122.43540954589844,37.723888397216797
9699258,2024,2024-06-13,3801,2024-04-10,1335,2716,PARK,3,5,7,3801,0,0,0,,0,"3 CAR","MASONIC AV","OFARREL ST",0.00,,Y,A,-,N,,,,,,,,,,Y,4,0,4,2,A,-,08,22107,,N,D,C,A,A,H,-,A,A,0,,,,,Y,,A,01,0,0,4,0,0,0,0,0,0,"- ","- ",,,"SAN FRANCISCO","SAN FRANCISCO",-122.44754028320312,37.781036376953125
9699629,2024,2024-07-19,3800,2024-05-08,1029,2204,NORTH,3,5,7,3801,0,0,0,,0,,"FELL ST","MARKET ST",210.00,W,N,A,-,N,,,,,,,,,,Y,4,0,2,2,A,-,04,21703,,F,C,C,A,A,H,-,A,A,0,,,,,Y,,A,01,0,0,2,0,0,0,0,0,0,"- ","- ",,,"SAN FRANCISCO","SAN FRANCISCO",-122.41825103759766,37.776527404785156
9699854,2024,2024-06-07,3801,2024-02-15,2500,1501,INGLE,4,5,7,3801,0,0,0,,0,3H12A,"WEBSTER ST","MOFFITT ST",0.00,,N,F,-,N,,,,,,,,,,N,4,0,1,2,A,-,21,22106,,F,G,B,E,-,G,-,-,D,0,Y,,,,Y,,-,,0,0,1,0,1,0,0,0,0,"- ","- ",,,"SAN FRANCISCO","SAN FRANCISCO",,
9700969,2024,2024-06-03,3801,2024-03-28,1639,4276,NORTH,4,5,7,3801,0,0,0,,0,3E15D,"DIVISADERO ST","LOMBARD ST",0.00,,Y,A,-,N,,,,,,,,,,Y,4,0,1,2,A,-,03,22350,,N,B,E,A,A,H,-,A,D,0,,,,,Y,,A,01,0,0,1,0,0,0,0,0,0,"- ","- ",,,"SAN FRANCISCO","SAN FRANCISCO",-122.44264984130859,37.79901123046875
9700970,2024,2024-06-03,3801,2024-03-17,1800,17,INGLE,7,5,7,3801,0,0,0,,0,3H11D,"EL CAMINO DEL MAR","26TH ST",0.00,,Y,A,-,N,,,,,,,,,,N,4,0,2,2,A,-,00,20002,A,M,D,C,A,A,H,-,A,D,0,,,,,Y,,A,01,0,0,2,0,0,0,0,0,0,"- ","- ",,,"SAN FRANCISCO","SAN FRANCISCO",-122.48635101318359,37.787551879882812
9700971,2024,2025-04-09,3801,2024-03-18,1258,117,INGLE,1,5,7,3801,0,0,0,,0,3H14A,"OCEAN AV","ONONDAGA AV",0.00,,Y,A,-,N,,,,,,,,,,N,4,0,1,2,A,-,09,21801,A,N,A,G,A,A,H,-,A,D,0,,Y,,,Y,,A,01,0,0,1,0,0,0,1,0,0,"- ","- ",,,"SAN FRANCISCO","SAN FRANCISCO",-122.44253540039062,37.723167419433594
9700972,2024,2024-06-03,3801,2024-03-28,1429,1857,SOUTH,4,5,7,3801,0,0,0,,0,3B60,"3RD ST","16TH ST",0.00,,Y,A,-,N,,,,,,,,,,Y,4,0,1,2,A,-,12,21453,A,N,D,D,A,A,H,-,A,A,0,,,,,Y,,A,01,0,0,1,0,0,0,0,0,0,"- ","- ",,,"SAN FRANCISCO","SAN FRANCISCO",-122.38920593261719,37.766944885253906
9700973,2024,2024-06-03,3801,2024-03-28,"225 ",1428,INGLE,4,5,7,3801,0,0,0,,0,3H11E,"MISSION ST","MISSION ST 4465",0.00,,N,A,-,N,,,,,,,,,,Y,4,0,2,2,A,-,08,22107,,N,B,C,A,B,H,-,C,A,0,,,,,Y,,A,01,0,0,2,0,0,0,0,0,0,"- ","- ",,,"SAN FRANCISCO","SAN FRANCISCO",-122.41979217529297,37.7705078125
9700974,2024,2024-06-03,3801,2024-03-27,2344,913,TENDE,3,5,7,3801,0,0,0,,0,3J11E,"JONES ST","TURK ST",0.00,,Y,A,-,N,,,,,,,,,,N,3,0,1,2,D,-,00,,,N,A,G,A,B,H,-,C,A,0,,Y,,,Y,,-,"- ",0,1,0,0,0,0,1,0,0,"- ","- ",,,"SAN FRANCISCO","SAN FRANCISCO",-122.41241455078125,37.782997131347656
9700975,2024,2024-07-09,3801,2024-03-21,2055,1198,MISSI,4,5,7,3801,0,0,0,,0,5CAR,"S VAN NESS AV","13TH ST",2.00,E,N,A,-,N,,,,,,,,,,N,4,0,1,2,A,-,17,21235,G,N,G,-,A,A,H,-,C,A,0,,,,,Y,,M,94,0,0,1,0,0,0,0,0,0,"- ","- ",,,"SAN FRANCISCO","SAN FRANCISCO",-122.41777801513672,37.769657135009766
9700976,2024,2024-08-16,3801,2024-03-24,2159,1440,SOUTH,7,5,7,3801,0,0,0,,0,,FOLSOM,"8TH ST",0.00,,Y,A,-,N,,,,,,,,,,Y,3,0,1,2,A,-,12,21453,A,N,D,C,A,A,H,-,C,A,0,,,,,Y,,M,94,0,1,0,0,0,0,0,0,0,"- ","- ",,,"SAN FRANCISCO","SAN FRANCISCO",-122.41004943847656,37.774990081787109
9700990,2024,2024-07-26,3801,2024-01-10,1129,397,TENDE,3,5,7,3801,0,0,0,,0,3J14A,"TURK ST",LEAVENWORTH,34.00,E,N,A,-,N,,,,,,,,,,N,3,0,1,1,A,-,03,22350,,N,A,A,A,D,D,-,A,A,0,,Y,,,Y,,L,04,0,1,0,0,0,0,1,0,0,"- ","- ",,,"SAN FRANCISCO","SAN FRANCISCO",-122.41392517089844,37.782814025878906
9701871,2024,2024-07-18,3801,2024-06-21,1627,727,BAYVI,5,5,7,3801,0,0,0,,0,3C4D,"SILVER AV","SAN BRUNO AV",18.00,N,N,A,-,N,,,,,,,,,,N,4,0,1,2,A,-,08,22107,,N,E,C,A,A,H,-,A,A,0,,,,,Y,,J,43,0,0,1,0,0,0,0,0,0,"- ","- ",,,"SAN FRANCISCO","SAN FRANCISCO",-122.40556335449219,37.732475280761719
9701872,2024,2024-07-24,3801,2024-06-09,1242,1832,TENDE,7,5,7,3801,0,0,0,,0,3J13A,"LARKIN ST","MCALLISTER ST",0.00,,Y,A,-,N,,,,,,,,,,N,4,0,1,2,A,-,04,21703,,N,C,C,A,A,H,-,A,A,0,,,,,Y,Y,J,41,0,0,1,0,0,0,0,0,0,"- ","- ",,,"SAN FRANCISCO","SAN FRANCISCO",-122.41693878173828,37.780498504638672
9702257,2024,2024-08-12,3801,2024-04-25,1550,312,TARAV,4,5,7,3801,0,0,0,,0,3CAR,"GREAT HWY","SLOAT BL",724.00,S,N,A,G,N,,,,,,,,,,Y,4,0,1,1,A,-,03,22350,,N,F,A,A,A,B,-,A,D,0,,,Y,,Y,,C,02,0,0,1,0,0,0,0,0,1,"- ","- ",,,"SAN FRANCISCO","SAN FRANCISCO",-122.50714111328125,37.733444213867188
9702275,2024,2024-07-17,3801,2024-04-25,1815,1988,MISSI,4,5,7,3801,0,0,0,,0,3D11D,"GUERRERO ST","15TH ST",0.00,,Y,A,-,N,,,,,,,,,,Y,2,0,1,3,A,-,03,22350,,N,G,C,A,A,H,-,A,A,0,,,Y,Y,Y,,C,02,1,0,0,0,0,0,0,0,1,"- ","- ",,,"SAN FRANCISCO","SAN FRANCISCO",-122.42424011230469,37.766403198242188
9702279,2024,2024-07-17,3801,2024-05-18,1642,1988,MISSI,6,5,7,3801,0,0,0,,0,3D13D,"SOUTH VAN NESS","16TH ST",40.00,,N,A,-,N,,,,,,,,,,Y,3,0,1,2,A,-,09,21804,A,N,D,-,A,A,H,-,A,A,0,,,Y,,Y,Y,C,02,0,1,0,0,0,0,0,0,1,"- ","- ",,,"SAN FRANCISCO","SAN FRANCISCO",-122.41748809814453,37.765178680419922
9702293,2024,2024-07-11,3801,2024-05-25,1328,4286,RICHM,6,5,7,3801,0,0,0,,0,0G3,"PARK PRESIDIO BL","GEARY BL",35.00,N,N,A,-,Y,SF,4,1,-,-,5.520,H,-,S,N,4,0,1,2,A,-,04,21703,,N,C,C,A,A,H,-,A,D,0,,,,,Y,,A,07,0,0,1,0,0,0,0,0,0,"- ","- ",,,"SAN FRANCISCO","SAN FRANCISCO",-122.47243499755859,37.780994415283203
9702297,2024,2024-06-27,3801,2024-05-02,1730,986,TARAV,4,5,7,3801,0,0,0,,0,3I13D,"GREAT HWY","SLOAT BL",724.00,S,N,A,G,N,,,,,,,,,,N,4,0,1,1,A,-,03,22350,,N,F,A,A,A,B,-,A,D,0,,,Y,,Y,,C,02,0,0,1,0,0,0,0,0,1,"- ","- ",,,"SAN FRANCISCO","SAN FRANCISCO",-122.50714111328125,37.733444213867188
9703823,2024,2024-07-01,3801,2024-05-09,1749,2017,MISSI,4,5,7,3801,0,0,0,,0,3D12D,"26TH ST","DIAMOND ST",0.00,,Y,A,-,N,,,,,,,,,,N,4,0,1,2,A,-,12,22450,A,N,-,C,A,A,H,-,A,A,0,,,Y,,Y,,C,03,0,0,1,0,0,0,0,0,1,"- ","- ",,,"SAN FRANCISCO","SAN FRANCISCO",-122.43598175048828,37.747943878173828
9703824,2024,2024-07-01,3801,2024-05-09,1636,171,CENTR,4,5,7,3801,0,0,0,,0,4CAR,EMBARCADERO,"CHESTNUT ST",160.00,N,N,A,-,N,,,,,,,,,,N,4,0,1,2,A,-,08,22107,,M,B,C,A,A,H,-,A,A,0,,,,,Y,,A,01,0,0,1,0,0,0,0,0,0,"- ","- ",,,"SAN FRANCISCO","SAN FRANCISCO",-122.40383148193359,37.805332183837891
9703825,2024,2024-07-01,3801,2024-05-11,1710,1214,CENTR,6,5,7,3801,0,0,0,,0,3A42C,"STOCKTON ST","FILBERT ST",49.00,S,N,A,-,N,,,,,,,,,,N,4,0,1,2,A,-,17,22517,,N,D,C,A,A,H,-,A,D,0,,,Y,,Y,,A,01,0,0,1,0,0,0,0,0,0,"- ","- ",,,"SAN FRANCISCO","SAN FRANCISCO",-122.40933227539062,37.801235198974609
9703826,2024,2024-07-01,3801,2024-05-11,1707,246,TARAV,6,5,7,3801,0,0,0,,0,3CAR,"45TH AV","45TH AV 2700",0.00,,-,A,-,N,,,,,,,,,,N,4,0,1,2,A,-,21,22106,,N,C,E,A,A,H,-,A,D,0,,,,,Y,,A,01,0,0,1,0,0,0,0,0,0,"- ","- ",,,"SAN FRANCISCO","SAN FRANCISCO",-122.503152,37.735948
9703827,2024,2024-07-01,3801,2024-05-11,1406,1531,RICHM,6,5,7,3801,0,0,0,,0,,"FULTON ST","47TH AV",0.00,,Y,B,-,N,,,,,,,,,,Y,4,0,1,2,A,-,09,21801,A,N,A,C,A,A,H,-,A,A,0,,,,,Y,,A,01,0,0,1,0,0,0,0,0,0,"- ","- ",,,"SAN FRANCISCO","SAN FRANCISCO",-122.50775909423828,37.771488189697266
9703828,2024,2024-07-01,3801,2024-05-10,2305,628,RICHM,5,5,7,3801,0,0,0,,0,,"ARGUELLO BL","TURK BL",0.00,,Y,A,-,N,,,,,,,,,,Y,4,0,2,2,A,-,09,21801,A,N,A,-,A,A,H,-,C,A,0,,,,,Y,,A,01,0,0,2,0,0,0,0,0,0,"- ","- ",,,"SAN FRANCISCO","SAN FRANCISCO",-122.45858764648438,37.777248382568359
9703829,2024,2024-07-01,3801,2024-05-10,1810,2724,PARK,5,5,7,3801,0,0,0,,0,3F13D,"MASONIC AV","FELL ST",0.00,,Y,A,-,N,,,,,,,,,,N,4,0,1,2,A,-,10,21950,A,N,D,G,A,A,H,-,A,A,0,,Y,,,Y,,A,01,0,0,1,0,0,0,1,0,0,"- ","- ",,,"SAN FRANCISCO","SAN FRANCISCO",-122.44591522216797,37.772983551025391
9703921,2024,2024-07-31,3801,2024-05-08,1750,1246,BAYVI,3,5,7,3801,0,0,0,,0,3C15D,"3RD ST","SHAFTER AV",35.00,N,N,A,-,N,,,,,,,,,,N,3,0,1,2,A,-,17,21663,,F,C,B,F,A,H,-,A,D,0,Y,,Y,,Y,,C,02,0,1,0,0,1,0,0,0,0,"- ","- ",,,"SAN FRANCISCO","SAN FRANCISCO",-122.39186096191406,37.731731414794922
9703922,2024,2024-08-14,3801,2024-05-07,"928 ",202,TRAFF,2,5,7,3801,0,0,0,,0,4B2C,"FRANCISCO ST","POWELL ST",223.00,W,N,A,-,N,,,,,,,,,,N,2,0,1,2,A,-,10,21950,A,F,G,B,-,A,H,-,A,-,0,Y,,,,Y,,A,01,1,0,0,0,1,0,0,0,0,"- ","- ",,,"SAN FRANCISCO","SAN FRANCISCO",-122.41252899169922,37.804801940917969
9703923,2024,2024-07-09,3801,2024-05-05,1340,2477,PARK,7,5,7,3801,0,0,0,,0,3F11A,"KEZAR DR","JOHN F KENNEDY DR",340.00,S,N,A,-,N,,,,,,,,,,Y,4,0,2,2,A,-,05,21460,A,N,A,C,A,A,H,-,A,A,0,,,,,Y,,A,01,0,0,2,0,0,0,0,0,0,"- ","- ",37.769840240478516,-122.45519256591797,"SAN FRANCISCO","SAN FRANCISCO",-122.45525360107422,37.769977569580078
9703924,2024,2024-07-09,3801,2024-05-12,1248,2202,INGLE,7,5,7,3801,0,0,0,,0,0H2,"CHENERY ST","SURREY ST",0.00,,Y,A,-,N,,,,,,,,,,N,3,0,1,2,A,-,03,22350,,N,C,E,A,A,H,-,A,D,0,,Y,,,Y,,L,04,0,1,0,0,0,0,1,0,0,"- ","- ",,,"SAN FRANCISCO","SAN FRANCISCO",-122.438720703125,37.735675811767578
9703925,2024,2024-07-09,3801,2024-05-11,1513,649,INGLE,6,5,7,3801,0,0,0,,0,3H13D,"LONDON ST","EXCELSIOR AV",0.00,,Y,A,-,N,,,,,,,,,,Y,3,0,1,2,A,-,01,23153,A,N,G,B,B,A,H,-,A,D,0,Y,,,,Y,Y,A,01,0,1,0,0,1,0,0,0,0,"- ","- ",,,"SAN FRANCISCO","SAN FRANCISCO",-122.43283081054688,37.725856781005859
9703926,2024,2024-07-09,3801,2024-05-09,2351,2722,INGLE,4,5,7,3801,0,0,0,,0,3H11E,"CRESCENT AV","MOULTRIE ST",0.00,,Y,A,-,N,,,,,,,,,,Y,3,0,1,1,A,-,01,23152,A,N,E,I,A,A,H,-,C,A,0,,,,,Y,Y,A,01,0,1,0,0,0,0,0,0,0,"- ","- ",,,"SAN FRANCISCO","SAN FRANCISCO",-122.41619110107422,37.734893798828125
9703927,2024,2024-07-09,3801,2024-05-15,2037,537,PARK,3,5,7,3801,0,0,0,,0,3F11D,"CLAYTON ST","FREDERICK ST",0.00,,-,A,-,N,,,,,,,,,,Y,4,0,1,2,A,-,03,22350,,N,F,E,A,A,H,-,C,D,0,,,,,Y,,A,01,0,0,1,0,0,0,0,0,0,"- ","- ",,,"SAN FRANCISCO","SAN FRANCISCO",-122.44804382324219,37.767005920410156
9703928,2024,2024-07-17,3801,2024-05-15,1343,310,SOUTH,3,5,7,3801,0,0,0,,0,3B49,"9TH ST","MISSION ST",57.00,S,N,A,-,N,,,,,,,,,,Y,4,0,2,2,A,-,03,22350,,N,C,C,A,A,H,-,A,A,0,,,,,Y,,A,01,0,0,2,0,0,0,0,0,0,"- ","- ",,,"SAN FRANCISCO","SAN FRANCISCO",-122.41458129882812,37.776126861572266
9703929,2024,2024-08-01,3801,2024-05-14,2211,637,TENDE,2,5,7,3801,0,0,0,,0,3J15E,"LEAVENWORTH ST","OFARRELL ST",0.00,,Y,A,-,N,,,,,,,,,,Y,4,0,1,3,A,-,"- ",,,N,D,C,A,A,H,-,C,A,0,,,Y,,Y,,C,02,0,0,1,0,0,0,0,0,1,"- ","- ",,,"SAN FRANCISCO","SAN FRANCISCO",-122.41461181640625,37.785598754882812
9703930,2024,2024-08-01,3801,2024-05-14,1053,1572,SOUTH,2,5,7,3801,0,0,0,,0,,"NEW MONTGOMERY","HOWARD ST",0.00,,-,A,-,N,,,,,,,,,,N,4,0,1,2,A,-,04,21703,,N,C,C,A,A,H,-,A,D,0,,,,,Y,,A,01,0,0,1,0,0,0,0,0,0,"- ","- ",,,"SAN FRANCISCO","SAN FRANCISCO",-122.39899444580078,37.786220550537109
9703931,2024,2024-07-09,3801,2024-05-14,1040,4283,RICHM,2,5,7,3801,0,0,0,,0,3G13A,"CABRILLO ST","8TH AV",0.00,,Y,A,-,N,,,,,,,,,,Y,3,0,1,2,A,-,12,22450,A,F,D,C,A,A,H,-,A,-,0,,,,,Y,,A,01,0,1,0,0,0,0,0,0,0,"- ","- ",,,"SAN FRANCISCO","SAN FRANCISCO",-122.46601867675781,37.7752685546875
9703932,2024,2024-07-09,3801,2024-05-13,1233,2384,TARAV,1,5,7,3801,0,0,0,,0,0I2,"ORTEGA ST","33RD AV",12.00,W,N,A,-,N,,,,,,,,,,N,2,0,1,2,A,-,10,21950,A,N,G,B,B,A,H,-,A,D,0,Y,,,,Y,,A,01,1,0,0,0,1,0,0,0,0,"- ","- ",,,"SAN FRANCISCO","SAN FRANCISCO",-122.49139404296875,37.751716613769531
9703933,2024,2024-08-05,3801,2024-05-06,1203,1286,SOUTH,1,5,7,3801,0,0,0,,0,3B2,"MISSION ST","3RD ST",0.00,,Y,A,-,N,,,,,,,,,,N,4,0,1,2,A,-,08,22107,,N,B,C,A,A,H,-,A,A,0,,,Y,,Y,,C,02,0,0,1,0,0,0,0,0,1,"- ","- ",,,"SAN FRANCISCO","SAN FRANCISCO",-122.40200042724609,37.786266326904297
9703934,2024,2024-07-09,3801,2024-05-08,1002,1452,MISSI,3,5,7,3801,0,0,0,,0,3D12A,"16TH ST","PROSPER ST",0.00,,Y,A,-,N,,,,,,,,,,Y,3,0,1,3,A,-,09,21800,A,N,D,E,A,A,H,-,A,D,0,,,Y,,Y,,C,02,0,1,0,0,0,0,0,0,1,"- ","- ",,,"SAN FRANCISCO","SAN FRANCISCO",-122.43167877197266,37.764305114746094
9703935,2024,2024-07-09,3801,2024-05-02,"926 ",1511,BAYVI,4,5,7,3801,0,0,0,,0,3C4A,"SAN BRUNO AV","BACON ST",0.00,,Y,A,-,N,,,,,,,,,,Y,4,0,2,3,A,-,03,22350,,N,C,C,A,A,H,-,A,D,0,,,,,Y,,A,01,0,0,2,0,0,0,0,0,0,"- ","- ",,,"SAN FRANCISCO","SAN FRANCISCO",-122.40361022949219,37.727638244628906
9703936,2024,2024-07-09,3801,2024-05-13,2139,2497,BAYVI,1,5,7,3801,0,0,0,,0,3C12E,"BAYSHORE BL","SILVER AV",0.00,,Y,A,-,N,,,,,,,,,,Y,3,0,2,2,A,-,09,21801,A,N,D,C,A,A,H,-,C,A,0,,,,,Y,,A,01,0,1,1,0,0,0,0,0,0,"- ","- ",,,"SAN FRANCISCO","SAN FRANCISCO",-122.40464782714844,37.732959747314453