CASE_ID,ACCIDENT_YEAR,PROC_DATE,JURIS,COLLISION_DATE,COLLISION_TIME,OFFICER_ID,REPORTING_DISTRICT,DAY_OF_WEEK,CHP_SHIFT,POPULATION,CNTY_CITY_LOC,SPECIAL_COND,BEAT_TYPE,CHP_BEAT_TYPE,CITY_DIVISION_LAPD,CHP_BEAT_CLASS,BEAT_NUMBER,PRIMARY_RD,SECONDARY_RD,DISTANCE,DIRECTION,INTERSECTION,WEATHER_1,WEATHER_2,STATE_HWY_IND,CALTRANS_COUNTY,CALTRANS_DISTRICT,STATE_ROUTE,ROUTE_SUFFIX,POSTMILE_PREFIX,POSTMILE,LOCATION_TYPE,RAMP_INTERSECTION,SIDE_OF_HWY,TOW_AWAY,COLLISION_SEVERITY,NUMBER_KILLED,NUMBER_INJURED,PARTY_COUNT,PRIMARY_COLL_FACTOR,PCF_CODE_OF_VIOL,PCF_VIOL_CATEGORY,PCF_VIOLATION,PCF_VIOL_SUBSECTION,HIT_AND_RUN,TYPE_OF_COLLISION,MVIW,PED_ACTION,ROAD_SURFACE,ROAD_COND_1,ROAD_COND_2,LIGHTING,CONTROL_DEVICE,CHP_ROAD_TYPE,PEDESTRIAN_ACCIDENT,BICYCLE_ACCIDENT,MOTORCYCLE_ACCIDENT,TRUCK_ACCIDENT,NOT_PRIVATE_PROPERTY,ALCOHOL_INVOLVED,STWD_VEHTYPE_AT_FAULT,CHP_VEHTYPE_AT_FAULT,COUNT_SEVERE_INJ,COUNT_VISIBLE_INJ,COUNT_COMPLAINT_PAIN,COUNT_PED_KILLED,COUNT_PED_INJURED,COUNT_BICYCLIST_KILLED,COUNT_BICYCLIST_INJURED,COUNT_MC_KILLED,COUNT_MC_INJURED,PRIMARY_RAMP,SECONDARY_RAMP,LATITUDE,LONGITUDE,COUNTY,CITY,POINT_X,POINT_Y
9703937,2024,2024-07-09,3801,2024-05-12,2120,2192,BAYVI,7,5,7,3801,0,0,0,,0,3C13E,"WHITNEY YOUNG CIR","HILLVIEW CT",0.00,,Y,A,-,N,,,,,,,,,,Y,3,0,1,2,A,-,03,22350,,N,F,E,A,A,H,-,C,D,0,,,,,Y,,A,01,0,1,0,0,0,0,0,0,0,"- ","- ",,,"SAN FRANCISCO","SAN FRANCISCO",-122.38526153564453,37.735343933105469
9703938,2024,2024-07-09,3801,2024-05-08,1949,4314,RICHM,3,5,7,3801,0,0,0,,0,0G3,"CALIFORNIA ST","FUNSTON AV",8.00,E,N,A,-,N,,,,,,,,,,N,3,0,1,2,A,-,11,21950,B,N,G,B,B,A,H,-,A,D,0,Y,,,,Y,,N,60,0,1,0,0,1,0,0,0,0,"- ","- ",,,"SAN FRANCISCO","SAN FRANCISCO",-122.47203063964844,37.784469604492188
9703939,2024,2024-07-09,3801,2024-05-08,1548,628,RICHM,3,5,7,3801,0,0,0,,0,03G,"CLEMENT ST","12TH AV",0.00,,Y,A,-,N,,,,,,,,,,Y,4,0,1,2,A,-,12,22450,A,N,D,C,A,A,H,-,A,A,0,,,,,Y,,A,01,0,0,1,0,0,0,0,0,0,"- ","- ",,,"SAN FRANCISCO","SAN FRANCISCO",-122.47084808349609,37.782630920410156
9703940,2024,2024-07-09,3801,2024-05-11,2315,2192,BAYVI,6,5,7,3801,0,0,0,,0,3C11E,"CARROLL AV","GIANTS DR",0.00,,Y,A,-,N,,,,,,,,,,N,2,0,1,2,A,-,10,21950,A,N,G,B,D,A,H,-,C,D,0,Y,,,,Y,,A,01,1,0,0,0,1,0,0,0,0,"- ","- ",,,"SAN FRANCISCO","SAN FRANCISCO",-122.385009765625,37.720249176025391
9703941,2024,2024-07-10,3801,2024-05-11,"942 ",2008,MISSI,6,5,7,3801,0,0,0,,0,3D11A,"VALENCIA ST","DUBOCE ST",0.00,,Y,A,-,N,,,,,,,,,,N,3,0,1,2,A,-,12,21453,A,N,-,J,A,A,H,-,A,A,0,,,,,Y,,M,94,0,1,0,0,0,0,0,0,0,"- ","- ",,,"SAN FRANCISCO","SAN FRANCISCO",-122.42236328125,37.769866943359375
9703942,2024,2024-07-10,3801,2024-05-08,1310,1503,BAYVI,3,5,7,3801,0,0,0,,0,3C14A,"FELTON ST","SAN BRUNO AV",0.00,,Y,A,-,N,,,,,,,,,,N,4,0,1,2,A,-,10,21950,A,N,G,B,B,A,H,-,A,A,0,Y,,,,Y,,A,01,0,0,1,0,1,0,0,0,0,"- ","- ",,,"SAN FRANCISCO","SAN FRANCISCO",-122.40462493896484,37.730033874511719
9703943,2024,2024-07-10,3801,2024-05-26,1650,4026,BAYVI,7,5,7,3801,0,0,0,,0,3C15D,"HUNTERS POINT EXPY","DONAHUE ST",65.00,E,N,A,-,N,,,,,,,,,,Y,3,0,1,1,A,-,03,22350,,N,F,I,A,A,H,-,A,D,0,,,,,Y,,A,01,0,1,0,0,0,0,0,0,0,"- ","- ",,,"SAN FRANCISCO","SAN FRANCISCO",-122.38236236572266,37.714958190917969
9703944,2024,2024-07-10,3801,2024-05-26,1545,2228,CENTR,7,5,7,3801,0,0,0,,0,3A13D,"BAY ST","COLUMBUS AV",80.00,W,N,A,-,N,,,,,,,,,,Y,4,0,2,2,A,-,03,22350,,N,C,C,A,A,B,-,A,A,0,,,Y,,Y,,C,02,0,0,2,0,0,0,0,0,1,"- ","- ",,,"SAN FRANCISCO","SAN FRANCISCO",-122.41747283935547,37.805156707763672
9703945,2024,2024-07-10,3801,2024-05-26,"38  ",2175,BAYVI,7,5,7,3801,0,0,0,,0,3C11E,"OAKDALE AV","NEWHALL ST",0.00,,Y,A,-,N,,,,,,,,,,Y,4,0,2,4,A,-,12,22450,,N,A,C,A,A,H,-,C,A,0,,,,,Y,,A,01,0,0,2,0,0,0,0,0,0,"- ","- ",,,"SAN FRANCISCO","SAN FRANCISCO",-122.39218139648438,37.735668182373047
9703946,2024,2024-07-10,3801,2024-05-25,1908,2228,CENTR,6,5,7,3801,0,0,0,,0,3A13D,"PACIFIC AV","HYDE ST",0.00,,Y,A,-,N,,,,,,,,,,Y,4,0,1,2,A,-,12,21453,A,N,D,C,A,A,H,-,A,A,0,,,,,Y,,A,07,0,0,1,0,0,0,0,0,0,"- ","- ",,,"SAN FRANCISCO","SAN FRANCISCO",-122.41831207275391,37.795463562011719
9703947,2024,2024-07-10,3801,2024-05-25,1614,539,NORTH,6,5,7,3801,0,0,0,,0,NORTHE,"DIVISADERO ST","UNION ST",0.00,,Y,A,-,N,,,,,,,,,,Y,4,0,1,2,A,-,21,22106,,N,D,C,A,A,H,-,A,A,0,,,,,Y,,A,01,0,0,1,0,0,0,0,0,0,"- ","- ",,,"SAN FRANCISCO","SAN FRANCISCO",-122.44208526611328,37.796237945556641
9703948,2024,2024-07-10,3801,2024-05-25,"817 ",50,TENDE,6,5,7,3801,0,0,0,,0,001,"7TH ST","MARKET ST",0.00,,Y,B,-,N,,,,,,,,,,N,4,0,1,2,A,-,04,21703,,N,C,C,A,B,H,-,A,A,0,,,,,Y,,A,01,0,0,1,0,0,0,0,0,0,"- ","- ",,,"SAN FRANCISCO","SAN FRANCISCO",-122.41251373291016,37.780479431152344
9703949,2024,2024-07-10,3801,2024-05-25,"713 ",2499,TARAV,6,5,7,3801,0,0,0,,0,3116A,"JUNIPERO SERRA BL","ALEMANY BL",0.00,,Y,B,-,N,,,,,,,,,,Y,4,0,1,1,A,-,03,22350,,N,E,I,A,B,H,-,A,A,0,,,,,Y,,A,01,0,0,1,0,0,0,0,0,0,"- ","- ",,,"SAN FRANCISCO","SAN FRANCISCO",-122.47073364257812,37.709918975830078
9703950,2024,2024-08-01,3801,2024-05-25,"542 ",1111,BAYVI,6,5,7,3801,0,0,0,,0,3C14E,"BARNEVELD AV","SILVER AV",0.00,,Y,B,C,N,,,,,,,,,,N,3,0,1,2,A,-,10,21950,,N,G,B,B,B,H,-,B,D,0,Y,,,,Y,,-,"- ",0,1,0,0,1,0,0,0,0,"- ","- ",,,"SAN FRANCISCO","SAN FRANCISCO",-122.40676879882812,37.732086181640625
9703951,2024,2024-07-10,3801,2024-05-23,"920 ",2059,CENTR,4,5,7,3801,0,0,0,,0,,"THE EMBARCADERO","WASHINGTON ST",144.00,S,N,A,-,N,,,,,,,,,,N,3,0,1,3,A,-,17,22517,,N,H,G,A,A,H,-,A,A,0,,Y,,,Y,,-,,0,1,0,0,0,0,1,0,0,"- ","- ",,,"SAN FRANCISCO","SAN FRANCISCO",-122.39527893066406,37.796314239501953
9703952,2024,2024-07-10,3801,2024-05-22,1514,1994,TRAFF,3,5,7,3801,0,0,0,,0,4B3C,BROADWAY,"COLUMBUS AV",6.00,W,N,A,-,N,,,,,,,,,,N,2,0,1,2,A,-,10,21950,A,F,G,B,B,A,H,-,A,A,0,Y,Y,,,Y,,L,04,1,0,0,0,1,0,0,0,0,"- ","- ",,,"SAN FRANCISCO","SAN FRANCISCO",-122.40666198730469,37.797889709472656
9703953,2024,2024-07-10,3801,2024-05-05,1150,385,CENTR,7,5,7,3801,0,0,0,,0,3A14A,"WASHINGTON ST","SANSOME ST",0.00,,Y,A,-,N,,,,,,,,,,N,4,0,1,2,A,-,03,22350,,N,C,C,A,A,H,-,A,A,0,,,Y,,Y,,C,02,0,0,1,0,0,0,0,0,1,"- ","- ",,,"SAN FRANCISCO","SAN FRANCISCO",-122.40164947509766,37.79571533203125
9703954,2024,2024-07-10,3801,2024-05-28,"835 ",1591,BAYVI,2,5,7,3801,0,0,0,,0,3C12A,"POTRERO AV","25TH ST",0.00,,N,A,-,N,,,,,,,,,,N,3,0,1,2,A,-,10,21950,A,F,D,G,A,A,H,-,A,-,0,,Y,Y,,Y,,C,02,0,1,0,0,0,0,1,0,0,"- ","- ",37.749000549316406,-122.40399932861328,"SAN FRANCISCO","SAN FRANCISCO",-122.40620422363281,37.751743316650391
9703955,2024,2024-08-01,3801,2024-05-27,2005,1806,SOUTH,1,5,7,3801,0,0,0,,0,9X18A,"BLUXOME ST","4TH ST",0.00,,Y,A,-,N,,,,,,,,,,N,4,0,1,2,A,-,"- ",,,N,D,G,A,A,H,-,A,D,0,,Y,,,Y,,L,04,0,0,1,0,0,0,1,0,0,"- ","- ",,,"SAN FRANCISCO","SAN FRANCISCO",-122.39578247070312,37.777717590332031
9703956,2024,2024-07-10,3801,2024-05-14,1230,1249,CENTR,2,5,7,3801,0,0,0,,0,3A2C,"POWELL ST","SACRAMENTO ST",0.00,,Y,A,-,N,,,,,,,,,,N,4,0,1,2,A,-,10,21950,A,N,G,B,B,A,H,-,A,A,0,Y,,,,Y,,A,01,0,0,1,0,1,0,0,0,0,"- ","- ",,,"SAN FRANCISCO","SAN FRANCISCO",-122.40936279296875,37.792987823486328
9703957,2024,2024-07-10,3801,2024-05-29,1145,310,SOUTH,3,5,7,3801,0,0,0,,0,3B49,"5TH ST","BRANNAN ST",186.00,N,N,A,-,N,,,,,,,,,,Y,4,0,1,1,A,-,03,22350,,N,E,I,A,A,H,-,A,D,0,,,,,Y,,A,01,0,0,1,0,0,0,0,0,0,"- ","- ",,,"SAN FRANCISCO","SAN FRANCISCO",-122.39920806884766,37.776935577392578
9703958,2024,2024-07-10,3801,2024-05-29,1116,643,TARAV,3,5,7,3801,0,0,0,,0,3115A,"19TH AV","JUNIPERO SERRA BL",0.00,,Y,A,-,N,,,,,,,,,,Y,4,0,1,2,A,-,08,22107,,N,B,C,A,A,H,-,A,D,0,,,,,Y,,A,01,0,0,1,0,0,0,0,0,0,"- ","- ",,,"SAN FRANCISCO","SAN FRANCISCO",-122.47271728515625,37.717182159423828
9703960,2024,2024-07-10,3801,2024-05-27,1530,301,INGLE,1,5,7,3801,0,0,0,,0,3H13D,"MISSION ST","NEY ST",15.00,S,N,A,-,N,,,,,,,,,,N,4,0,2,2,A,-,03,22350,,F,C,C,A,A,H,-,A,D,0,,,,,Y,,A,07,0,0,2,0,0,0,0,0,0,"- ","- ",,,"SAN FRANCISCO","SAN FRANCISCO",-122.43003845214844,37.729976654052734
9703961,2024,2024-07-01,3801,2024-05-28,1502,4335,RICHM,2,5,7,3801,0,0,0,,0,901,"FULTON ST","19TH AV",0.00,,Y,-,-,N,,,,,,,,,,Y,4,0,1,2,A,-,08,22107,,N,D,C,A,A,H,-,A,D,0,,,,,Y,,A,01,0,0,1,0,0,0,0,0,0,"- ","- ",,,"SAN FRANCISCO","SAN FRANCISCO",-122.47777557373047,37.772846221923828
9703962,2024,2024-07-01,3801,2024-05-27,1710,2107,NORTH,1,5,7,3801,0,0,0,,0,03E,"CHESTNUT ST","VAN NESS AV",0.00,,Y,A,-,N,,,,,,,,,,N,4,0,1,2,A,-,09,21801,A,N,D,G,A,A,H,-,A,A,0,,Y,,,Y,,A,01,0,0,1,0,0,0,1,0,0,"- ","- ",,,"SAN FRANCISCO","SAN FRANCISCO",-122.42478179931641,37.802257537841797
9703963,2024,2024-07-01,3801,2024-05-25,2250,1051,MISSI,6,5,7,3801,0,0,0,,0,3D14E,"26TH ST","FOLSOM ST",0.00,,Y,A,-,N,,,,,,,,,,N,2,0,1,2,A,-,00,20001,A,F,G,B,B,A,H,-,C,D,0,Y,,,,Y,,A,01,1,0,0,0,1,0,0,0,0,"- ","- ",,,"SAN FRANCISCO","SAN FRANCISCO",-122.41378784179688,37.749320983886719
9703964,2024,2024-07-01,3801,2024-05-24,1756,82,MISSI,5,5,7,3801,0,0,0,,0,3D14D,"24TH ST","YORK ST",0.00,,Y,B,-,N,,,,,,,,,,N,4,0,1,2,A,-,10,21950,A,N,G,B,B,A,A,-,G,D,0,Y,,,,Y,,A,01,0,0,1,0,1,0,0,0,0,"- ","- ",,,"SAN FRANCISCO","SAN FRANCISCO",-122.40818023681641,37.75286865234375
9703965,2024,2024-07-01,3801,2024-05-23,1631,2229,MISSI,4,5,7,3801,0,0,0,,0,3D11D,"MARKET ST","DUBOCE AV",0.00,,Y,A,-,N,,,,,,,,,,N,4,0,1,1,A,-,03,22350,,N,H,A,A,A,H,-,A,A,0,,Y,,,Y,,L,04,0,0,1,0,0,0,1,0,0,"- ","- ",,,"SAN FRANCISCO","SAN FRANCISCO",-122.42639923095703,37.769634246826172
9703966,2024,2024-07-01,3801,2024-05-21,1635,1286,SOUTH,2,5,7,3801,0,0,0,,0,3B1,"2ND ST","HARRISON ST",0.00,,Y,A,-,N,,,,,,,,,,N,4,0,1,2,A,-,04,21703,,M,C,C,A,A,H,-,A,A,0,,,,,Y,Y,A,01,0,0,1,0,0,0,0,0,0,"- ","- ",,,"SAN FRANCISCO","SAN FRANCISCO",-122.39517974853516,37.784332275390625
9703967,2024,2024-07-17,3801,2024-05-18,"0   ",2241,NORTH,6,5,7,3801,0,0,0,,0,0E4,"WASHINGTON ST","STEINER ST",0.00,,Y,A,-,N,,,,,,,,,,Y,4,0,1,3,A,-,09,21804,,N,C,C,A,A,H,-,C,A,0,,,,,Y,Y,A,01,0,0,1,0,0,0,0,0,0,"- ","- ",,,"SAN FRANCISCO","SAN FRANCISCO",-122.43601989746094,37.791385650634766
9703968,2024,2024-07-01,3801,2024-05-09,1348,1394,MISSI,4,5,7,3801,0,0,0,,0,006,"SOUTH VAN NESS","17TH ST",300.00,N,N,A,-,N,,,,,,,,,,Y,4,0,1,3,A,-,06,21750,,N,B,C,A,A,H,-,A,D,0,,,,,Y,,A,01,0,0,1,0,0,0,0,0,0,"- ","- ",,,"SAN FRANCISCO","SAN FRANCISCO",-122.41741943359375,37.764381408691406
9703969,2024,2024-07-01,3801,2024-05-09,1113,1917,TARAV,4,5,7,3801,0,0,0,,0,313A,"19TH AVE","CRESPI DR",8.00,S,N,A,-,N,,,,,,,,,,N,4,0,1,2,A,-,03,22350,,N,C,C,A,A,H,-,A,A,0,,,,,Y,,A,07,0,0,1,0,0,0,0,0,0,"- ","- ",,,"SAN FRANCISCO","SAN FRANCISCO",-122.47536468505859,37.720256805419922
9703970,2024,2024-07-01,3801,2024-05-08,2150,2391,NORTH,3,5,7,3801,0,0,0,,0,3E11E,"PAGE ST","PIERCE ST",184.00,E,N,A,-,N,,,,,,,,,,N,3,0,1,1,A,-,03,22350,,N,F,A,A,A,H,-,D,D,0,,,,,Y,,M,94,0,1,0,0,0,0,0,0,0,"- ","- ",,,"SAN FRANCISCO","SAN FRANCISCO",-122.43328857421875,37.772705078125
9703971,2024,2024-07-01,3801,2024-05-08,1853,2417,BAYVI,3,5,7,3801,0,0,0,,0,3C12D,"WILLIAMS AV","NEPTUNE ST",0.00,,Y,A,-,N,,,,,,,,,,N,4,0,1,2,A,-,04,21703,,N,C,C,A,A,H,-,A,A,0,,,,,Y,,A,01,0,0,1,0,0,0,0,0,0,"- ","- ",,,"SAN FRANCISCO","SAN FRANCISCO",-122.39726257324219,37.729942321777344
9703972,2024,2024-07-01,3801,2024-05-08,1739,1940,INGLE,3,5,7,3801,0,0,0,,0,3H15D,"GENEVA AVE","STONERIDGE LN",173.00,W,N,A,-,N,,,,,,,,,,N,4,0,1,3,A,-,08,22107,,N,C,E,A,A,H,-,A,D,0,,Y,,,Y,,A,08,0,0,1,0,0,0,1,0,0,"- ","- ",,,"SAN FRANCISCO","SAN FRANCISCO",-122.42670440673828,37.711151123046875
9703973,2024,2024-07-01,3801,2024-05-02,2137,4222,INGLE,4,5,7,3801,0,0,0,,0,3H12E,"SANCHEZ ST","DUNCAN ST",0.00,,Y,A,-,N,,,,,,,,,,N,3,0,1,2,A,-,12,22450,A,F,G,-,B,A,H,-,C,A,0,Y,,,,Y,,-,,0,1,0,0,1,0,0,0,0,"- ","- ",,,"SAN FRANCISCO","SAN FRANCISCO",-122.42908477783203,37.745964050292969
9703974,2024,2024-07-01,3801,2024-05-02,1555,2196,MISSI,4,5,7,3801,0,0,0,,0,3D11C,"MARKET ST","SANCHEZ ST",226.00,E,N,A,-,N,,,,,,,,,,N,4,0,1,2,A,-,06,21755,,N,B,C,A,A,H,-,A,D,0,,,,,Y,,A,01,0,0,1,0,0,0,0,0,0,"- ","- ",,,"SAN FRANCISCO","SAN FRANCISCO",-122.43045043945312,37.766414642333984
9703975,2024,2024-07-01,3801,2024-05-04,1945,326,NORTH,6,5,7,3801,0,0,0,,0,,"LOMBARD ST","FILLMORE ST",0.00,,Y,A,-,N,,,,,,,,,,N,4,0,1,2,A,-,07,21658,A,N,C,C,A,A,H,-,B,A,0,,,,,Y,,A,01,0,0,1,0,0,0,0,0,0,"- ","- ",,,"SAN FRANCISCO","SAN FRANCISCO",-122.43605041503906,37.799846649169922
9703976,2024,2024-07-01,3801,2024-05-04,1437,2289,NORTH,6,5,7,3801,0,0,0,,0,3E14A,"GOUGH ST","OAK ST",0.00,,Y,B,-,N,,,,,,,,,,N,4,0,1,2,A,-,08,22100,B,N,D,C,A,A,H,-,A,A,0,,,,,Y,,A,01,0,0,1,0,0,0,0,0,0,"- ","- ",,,"SAN FRANCISCO","SAN FRANCISCO",-122.42259216308594,37.775016784667969
9703977,2024,2024-07-11,3801,2024-05-03,"920 ",1695,NORTH,5,5,7,3801,0,0,0,,0,3E14A,"OCTAVIA ST","PINE ST",0.00,,Y,A,-,N,,,,,,,,,,Y,4,0,2,2,A,-,12,21453,A,N,D,C,A,A,-,-,A,A,0,,,,,Y,,A,01,0,0,2,0,0,0,0,0,0,"- ","- ",,,"SAN FRANCISCO","SAN FRANCISCO",-122.42705535888672,37.788803100585938
9703978,2024,2024-07-01,3801,2024-05-03,"643 ",2496,TENDE,5,5,7,3801,0,0,0,,0,3J15A,"LEAVENWORTH ST","TURK ST",0.00,,Y,A,-,N,,,,,,,,,,N,3,0,1,1,A,-,03,22350,,N,-,J,A,A,H,-,A,A,0,,,Y,,Y,,C,02,0,1,0,0,0,0,0,0,1,"- ","- ",,,"SAN FRANCISCO","SAN FRANCISCO",-122.41403961181641,37.782802581787109
9703979,2024,2024-07-01,3801,2024-05-01,1614,1594,NORTH,3,5,7,3801,0,0,0,,0,3E13D,"FRANKLIN ST","OFARRELL ST",2.00,N,N,A,-,N,,,,,,,,,,N,3,0,1,2,A,-,10,21950,A,N,G,B,B,A,H,-,A,A,0,Y,,,,Y,,A,01,0,1,0,0,1,0,0,0,0,"- ","- ",,,"SAN FRANCISCO","SAN FRANCISCO",-122.42282867431641,37.784553527832031
9703980,2024,2024-07-11,3801,2024-05-01,1217,,NORTH,3,5,7,3801,0,0,0,,0,001,"PIERCE ST","OAK ST",0.00,,Y,A,-,N,,,,,,,,,,Y,4,0,2,2,A,-,12,21453,A,N,D,C,A,A,H,-,A,A,0,,,,,Y,,A,01,0,0,2,0,0,0,0,0,0,"- ","- ",,,"SAN FRANCISCO","SAN FRANCISCO",-122.43409729003906,37.773540496826172
9703981,2024,2024-07-01,3801,2024-05-05,1936,1066,NORTH,7,5,7,3801,0,0,0,,0,3E11D,"VAN NESS AV","MCALLISTER AVE",0.00,,Y,A,-,N,,,,,,,,,,Y,4,0,2,3,A,-,12,21453,A,F,D,C,A,A,H,-,A,A,0,,,Y,,Y,,A,01,0,0,2,0,0,0,0,0,0,"- ","- ",,,"SAN FRANCISCO","SAN FRANCISCO",-122.42020416259766,37.780055999755859
9703982,2024,2024-07-01,3801,2024-05-04,"341 ",2357,TARAV,6,5,7,3801,0,0,0,,0,3I16E,"NIAGARA AV","LOUISBURG ST",38.00,W,N,A,-,N,,,,,,,,,,N,4,0,1,2,A,-,21,22106,,F,A,C,A,B,H,-,C,D,0,,,,,Y,,A,01,0,0,1,0,0,0,0,0,0,"- ","- ",,,"SAN FRANCISCO","SAN FRANCISCO",-122.45022583007812,37.720516204833984
9703983,2024,2024-07-01,3801,2024-05-02,1746,359,TARAV,4,5,7,3801,0,0,0,,0,312D,"LINCOLN WY","30TH AV",0.00,,Y,A,-,N,,,,,,,,,,Y,3,0,1,2,A,-,12,21453,A,N,D,C,A,A,H,-,A,A,0,,,,,Y,,A,01,0,1,0,0,0,0,0,0,0,"- ","- ",,,"SAN FRANCISCO","SAN FRANCISCO",-122.48904418945312,37.764934539794922
9703984,2024,2024-07-01,3801,2024-05-02,1622,359,TARAV,4,5,7,3801,0,0,0,,0,3I2D,"WAWONA ST","19TH AV",0.00,,Y,A,-,N,,,,,,,,,,N,4,0,1,2,A,-,17,21200,,N,D,G,A,A,H,-,A,A,0,,Y,,,Y,,L,04,0,0,1,0,0,0,1,0,0,"- ","- ",,,"SAN FRANCISCO","SAN FRANCISCO",-122.47529602050781,37.737457275390625
9703985,2024,2024-07-01,3801,2024-05-06,1520,704,BAYVI,1,5,7,3801,0,0,0,,0,3C60,"EVANS AV","NEWHALL ST",0.00,,Y,A,-,N,,,,,,,,,,Y,3,0,1,2,A,-,09,21802,A,N,D,C,A,A,H,-,A,D,0,,,Y,,Y,,A,01,0,1,0,0,0,0,0,0,1,"- ","- ",,,"SAN FRANCISCO","SAN FRANCISCO",-122.38661956787109,37.741886138916016
9703986,2024,2024-07-01,3801,2024-05-11,1831,312,TARAV,6,5,7,3801,0,0,0,,0,1CAR,"LINCOLN WY","9TH AV",0.00,,Y,B,-,N,,,,,,,,,,N,4,0,2,2,A,-,03,22350,,F,C,C,A,A,H,-,A,A,0,,,,,Y,,A,01,0,0,2,0,0,0,0,0,0,"- ","- ",,,"SAN FRANCISCO","SAN FRANCISCO",-122.46643829345703,37.765926361083984
9703987,2024,2024-07-01,3801,2024-05-24,2330,1988,MISSI,5,5,7,3801,0,0,0,,0,3D11D,"MARKET ST","CASTRO ST",124.00,E,N,A,-,N,,,,,,,,,,N,3,0,1,2,A,-,08,22107,,F,D,C,A,A,H,-,C,A,0,,,Y,,Y,Y,A,08,0,1,0,0,0,0,0,0,1,"- ","- ",,,"SAN FRANCISCO","SAN FRANCISCO",-122.43488311767578,37.762893676757812
9703988,2024,2024-07-01,3801,2024-05-06,1755,704,BAYVI,1,5,7,3801,0,0,0,,0,3C60,"DWIGHT ST","GIRARD ST",0.00,,Y,A,-,N,,,,,,,,,,N,4,0,1,2,A,-,09,21802,A,N,D,C,A,A,H,-,A,A,0,,,,,Y,,A,01,0,0,1,0,0,0,0,0,0,"- ","- ",,,"SAN FRANCISCO","SAN FRANCISCO",-122.40309906005859,37.723777770996094
9704025,2024,2024-08-06,3801,2024-05-22,"20  ",1447,PARK,3,5,7,3801,0,0,0,,0,003,"STANYAN ST","OAK ST",0.00,,Y,A,-,N,,,,,,,,,,Y,4,0,1,2,A,-,12,21453,A,N,D,C,A,A,H,-,C,A,0,,,Y,,Y,,C,02,0,0,1,0,0,0,0,0,1,"- ","- ",,,"SAN FRANCISCO","SAN FRANCISCO",-122.45395660400391,37.771354675292969
9704026,2024,2024-07-22,3801,2024-05-25,"756 ",2008,MISSI,6,5,7,3801,0,0,0,,0,3D13A,"GUERRERO ST","HILL ST",0.00,,Y,A,-,N,,,,,,,,,,N,3,0,2,3,D,-,00,,,N,D,C,A,B,H,-,A,D,0,,,,,Y,Y,-,"- ",0,1,1,0,0,0,0,0,0,"- ","- ",,,"SAN FRANCISCO","SAN FRANCISCO",-122.42326354980469,37.755973815917969
9704027,2024,2024-07-22,3801,2024-05-25,"50  ",1182,CENTR,6,5,7,3801,0,0,0,,0,3A2E,"GRANT AVE","SUTTER ST",0.00,,Y,B,-,N,,,,,,,,,,N,4,0,1,2,A,-,04,21703,,N,C,C,A,B,H,-,C,A,0,,,,,Y,,A,01,0,0,1,0,0,0,0,0,0,"- ","- ",,,"SAN FRANCISCO","SAN FRANCISCO",-122.40538787841797,37.789642333984375
9704028,2024,2024-07-22,3801,2024-05-24,1929,820,TENDE,5,5,7,3801,0,0,0,,0,3J13D,"LARKIN ST","TURK ST",0.00,,Y,B,-,N,,,,,,,,,,Y,2,0,3,2,A,-,12,21453,A,N,D,C,A,A,H,-,B,A,0,,,,,Y,,-,,1,1,1,0,0,0,0,0,0,"- ","- ",,,"SAN FRANCISCO","SAN FRANCISCO",-122.41733551025391,37.782379150390625
9704029,2024,2024-07-22,3801,2024-05-24,"245 ",2142,INGLE,5,5,7,3801,0,0,0,,0,3H15E,"MISSION ST","FLORENTINE ST",120.00,S,N,A,-,N,,,,,,,,,,Y,4,0,1,2,D,-,00,,,N,C,E,A,A,H,-,C,A,0,,,,,Y,Y,-,"- ",0,0,1,0,0,0,0,0,0,"- ","- ",,,"SAN FRANCISCO","SAN FRANCISCO",-122.44422912597656,37.713127136230469
9704030,2024,2024-07-22,3801,2024-05-23,1819,1358,SOUTH,4,5,7,3801,0,0,0,,0,3B14D,"VALENCIA ST","DUBOCE AV",219.00,N,N,A,-,N,,,,,,,,,,N,4,0,1,2,A,-,00,21955,A,N,G,B,D,A,H,-,A,D,0,Y,,,,Y,,N,60,0,0,1,0,1,0,0,0,0,"- ","- ",,,"SAN FRANCISCO","SAN FRANCISCO",-122.42241668701172,37.770469665527344
9704031,2024,2024-07-23,3801,2024-05-23,1550,1752,CENTR,4,5,7,3801,0,0,0,,0,0A1,"HYDE ST","SUTTER ST",0.00,,Y,A,-,N,,,,,,,,,,N,3,0,1,2,A,-,00,21650,D,N,A,-,A,A,H,-,A,A,0,,,,,Y,,M,94,0,1,0,0,0,0,0,0,0,"- ","- ",,,"SAN FRANCISCO","SAN FRANCISCO",-122.41680908203125,37.788181304931641
9704032,2024,2024-07-30,3801,2024-05-22,1017,1296,INGLE,3,5,7,3801,0,0,0,,0,3H16A,"DELANO AV","SEMINOLE AV",0.00,,Y,A,-,N,,,,,,,,,,Y,4,0,1,1,A,-,03,22350,,N,E,I,A,A,H,-,A,D,0,,,,,Y,,-,,0,0,1,0,0,0,0,0,0,"- ","- ",,,"SAN FRANCISCO","SAN FRANCISCO",-122.44548034667969,37.719505310058594
9704033,2024,2024-07-23,3801,2024-05-21,1513,1438,INGLE,2,5,7,3801,0,0,0,,0,6CAR,"BAYSHORE BL","ARLETA AV",0.00,,Y,A,-,N,,,,,,,,,,Y,4,0,2,2,A,-,09,21804,A,N,B,C,A,A,H,-,A,A,0,,,,,Y,,A,01,0,0,2,0,0,0,0,0,0,"- ","- ",,,"SAN FRANCISCO","SAN FRANCISCO",-122.40261077880859,37.712268829345703