CASE_ID,ACCIDENT_YEAR,PROC_DATE,JURIS,COLLISION_DATE,COLLISION_TIME,OFFICER_ID,REPORTING_DISTRICT,DAY_OF_WEEK,CHP_SHIFT,POPULATION,CNTY_CITY_LOC,SPECIAL_COND,BEAT_TYPE,CHP_BEAT_TYPE,CITY_DIVISION_LAPD,CHP_BEAT_CLASS,BEAT_NUMBER,PRIMARY_RD,SECONDARY_RD,DISTANCE,DIRECTION,INTERSECTION,WEATHER_1,WEATHER_2,STATE_HWY_IND,CALTRANS_COUNTY,CALTRANS_DISTRICT,STATE_ROUTE,ROUTE_SUFFIX,POSTMILE_PREFIX,POSTMILE,LOCATION_TYPE,RAMP_INTERSECTION,SIDE_OF_HWY,TOW_AWAY,COLLISION_SEVERITY,NUMBER_KILLED,NUMBER_INJURED,PARTY_COUNT,PRIMARY_COLL_FACTOR,PCF_CODE_OF_VIOL,PCF_VIOL_CATEGORY,PCF_VIOLATION,PCF_VIOL_SUBSECTION,HIT_AND_RUN,TYPE_OF_COLLISION,MVIW,PED_ACTION,ROAD_SURFACE,ROAD_COND_1,ROAD_COND_2,LIGHTING,CONTROL_DEVICE,CHP_ROAD_TYPE,PEDESTRIAN_ACCIDENT,BICYCLE_ACCIDENT,MOTORCYCLE_ACCIDENT,TRUCK_ACCIDENT,NOT_PRIVATE_PROPERTY,ALCOHOL_INVOLVED,STWD_VEHTYPE_AT_FAULT,CHP_VEHTYPE_AT_FAULT,COUNT_SEVERE_INJ,COUNT_VISIBLE_INJ,COUNT_COMPLAINT_PAIN,COUNT_PED_KILLED,COUNT_PED_INJURED,COUNT_BICYCLIST_KILLED,COUNT_BICYCLIST_INJURED,COUNT_MC_KILLED,COUNT_MC_INJURED,PRIMARY_RAMP,SECONDARY_RAMP,LATITUDE,LONGITUDE,COUNTY,CITY,POINT_X,POINT_Y
9704034,2024,2024-09-17,3801,2024-05-21,"840 ",4305,NORTH,2,5,7,3801,0,0,0,,0,3CAR,"GOLDEN GATE AV","PIERCE ST",0.00,,Y,A,-,N,,,,,,,,,,N,4,0,1,2,A,-,04,21703,,M,C,C,A,A,H,-,A,A,0,,,,,Y,,A,01,0,0,1,0,0,0,0,0,0,"- ","- ",,,"SAN FRANCISCO","SAN FRANCISCO",-122.43523406982422,37.779148101806641
9704035,2024,2024-07-23,3801,2024-05-20,1527,1964,MISSI,1,5,7,3801,0,0,0,,0,,"POTRERO AV","20TH ST",0.00,,Y,A,-,N,,,,,,,,,,Y,3,0,1,2,A,-,03,22350,,N,D,C,A,A,H,-,A,A,0,,,,,Y,,A,01,0,1,0,0,0,0,0,0,0,"- ","- ",,,"SAN FRANCISCO","SAN FRANCISCO",-122.40694427490234,37.759372711181641
9704036,2024,2024-07-23,3801,2024-05-11,1420,643,TARAV,6,5,7,3801,0,0,0,,0,3I15A,"LAKE MERCED BL","JOHN MUIR DR",0.00,,N,B,-,N,,,,,,,,,,N,3,0,1,1,A,-,03,22350,,N,E,I,A,A,B,-,A,D,0,,,Y,,Y,,C,02,0,1,0,0,0,0,0,0,1,"- ","- ",,,"SAN FRANCISCO","SAN FRANCISCO",-122.48574066162109,37.708110809326172
9704037,2024,2024-07-23,3801,2024-05-25,"325 ",334,RICHM,6,5,7,3801,0,0,0,,0,0G1,"MARTIN LUTHER KING DR","CROSSOVER DR",0.00,,Y,C,-,N,,,,,,,,,,Y,4,0,1,1,A,-,01,23152,A,N,A,J,A,B,H,-,C,D,0,,,,,Y,Y,A,01,0,0,1,0,0,0,0,0,0,"- ","- ",,,"SAN FRANCISCO","SAN FRANCISCO",-122.47737884521484,37.766044616699219
9704038,2024,2024-07-23,3801,2024-05-25,2322,2359,TARAV,6,5,7,3801,0,0,0,,0,0I6,"BROAD ST","CAPITOL AV",0.00,,Y,C,-,N,,,,,,,,,,Y,4,0,2,3,A,-,12,22450,,F,A,C,A,B,H,-,C,A,0,,,,,Y,,A,01,0,0,2,0,0,0,0,0,0,"- ","- ",,,"SAN FRANCISCO","SAN FRANCISCO",-122.45903778076172,37.713184356689453
9704039,2024,2024-08-14,3801,2024-05-24,2130,1078,NORTH,5,5,7,3801,0,0,0,,0,3E15E,"WEBSTER ST","FILBERT ST",0.00,,Y,B,-,N,,,,,,,,,,N,4,0,2,3,A,-,10,21950,A,N,G,B,B,A,H,-,C,A,0,Y,,,,Y,,A,01,0,0,2,0,2,0,0,0,0,"- ","- ",,,"SAN FRANCISCO","SAN FRANCISCO",-122.43402862548828,37.798225402832031
9704040,2024,2024-07-23,3801,2024-05-24,1451,2268,INGLE,5,5,7,3801,0,0,0,,0,3H11D,"MULLEN AV","MULLEN AV 343",0.00,,Y,A,-,N,,,,,,,,,,N,4,0,1,2,A,-,05,21650,,N,A,G,A,A,E,-,A,D,0,,Y,,,Y,,L,04,0,0,1,0,0,0,1,0,0,"- ","- ",,,"SAN FRANCISCO","SAN FRANCISCO",-122.40599822998047,37.745620727539062
9704041,2024,2024-07-01,3801,2024-05-24,1425,1669,TENDE,5,5,7,3801,0,0,0,,0,3J97C,"HYDE ST","GOLDEN GATE AV",125.00,N,N,A,-,N,,,,,,,,,,N,3,0,1,2,A,-,08,22107,,N,B,G,A,A,H,-,A,A,0,,Y,,,Y,,L,04,0,1,0,0,0,0,1,0,0,"- ","- ",,,"SAN FRANCISCO","SAN FRANCISCO",-122.41557312011719,37.781990051269531
9704042,2024,2024-07-01,3801,2024-05-24,"223 ",1252,RICHM,5,5,7,3801,0,0,0,,0,0G3,"GEARY BL","10TH AV",20.00,E,N,A,-,N,,,,,,,,,,N,4,0,2,2,A,-,03,22350,,N,C,C,A,A,H,-,C,A,0,,,,,Y,,A,01,0,0,2,0,0,0,0,0,0,"- ","- ",,,"SAN FRANCISCO","SAN FRANCISCO",-122.46851348876953,37.780895233154297
9704043,2024,2024-07-17,3801,2024-05-23,1700,1421,RICHM,4,5,7,3801,0,0,0,,0,3G14D,"17TH AV","CLEMENT ST",0.00,,Y,A,F,N,,,,,,,,,,N,3,0,1,2,A,-,12,22450,A,N,H,G,A,A,H,-,A,A,0,,Y,,,Y,,L,04,0,1,0,0,0,0,1,0,0,"- ","- ",,,"SAN FRANCISCO","SAN FRANCISCO",-122.47630310058594,37.782386779785156
9704044,2024,2024-07-11,3801,2024-05-23,1240,1279,BAYVI,4,5,7,3801,0,0,0,,0,3C12D,"EVANS AV","SELBY ST",157.00,W,N,A,-,N,,,,,,,,,,Y,4,0,2,2,A,-,08,22107,,N,B,C,A,-,H,-,A,D,0,,,,,Y,,A,01,0,0,2,0,0,0,0,0,0,"- ","- ",,,"SAN FRANCISCO","SAN FRANCISCO",-122.39450073242188,37.746417999267578
9704045,2024,2024-07-09,3801,2024-05-22,1602,820,TENDE,3,5,7,3801,0,0,0,,0,3J13D,"ELLIS ST","LARKIN ST",230.00,E,N,A,-,N,,,,,,,,,,N,4,0,1,2,A,-,09,21804,A,N,C,G,A,A,H,-,A,A,0,,Y,,,Y,,L,04,0,0,1,0,0,0,1,0,0,"- ","- ",,,"SAN FRANCISCO","SAN FRANCISCO",-122.41693115234375,37.784343719482422
9704046,2024,2024-07-01,3801,2024-05-27,1705,1718,BAYVI,1,5,7,3801,0,0,0,,0,3C15D,"FELTON ST","BOWDOIN ST",64.00,W,N,A,-,N,,,,,,,,,,Y,3,0,1,3,A,-,03,22350,,M,A,C,A,A,H,-,A,D,0,,,,,Y,,A,01,0,1,0,0,0,0,0,0,0,"- ","- ",,,"SAN FRANCISCO","SAN FRANCISCO",-122.41172027587891,37.728176116943359
9704047,2024,2024-07-01,3801,2024-05-18,2106,2359,TARAV,6,5,7,3801,0,0,0,,0,016,"OCEAN AV","ASHTON AV",0.00,,Y,A,-,N,,,,,,,,,,N,3,0,1,2,A,-,10,21950,A,F,G,B,B,A,H,-,A,-,0,Y,,,,Y,,A,01,0,1,0,0,1,0,0,0,0,"- ","- ",,,"SAN FRANCISCO","SAN FRANCISCO",-122.46227264404297,37.72528076171875
9704048,2024,2024-07-01,3801,2024-05-18,1809,1951,SOUTH,6,5,7,3801,0,0,0,,0,0B5,"TERRY A FRANCOIS ST","ILLINOIS ST",0.00,,Y,B,-,N,,,,,,,,,,,4,0,1,3,C,-,18,,,N,B,-,A,A,H,-,A,A,0,,,,,Y,,-,"- ",0,0,1,0,0,0,0,0,0,"- ","- ",,,"SAN FRANCISCO","SAN FRANCISCO",-122.38792419433594,37.764377593994141
9704049,2024,2024-07-01,3801,2024-05-18,1043,2154,TARAV,6,5,7,3801,0,0,0,,0,006,"OCEAN AV","FAXON AV",70.00,W,N,B,-,N,,,,,,,,,,Y,3,0,1,2,A,-,03,22350,,N,E,I,A,A,H,-,A,D,0,,,,,Y,,A,01,0,1,0,0,0,0,0,0,0,"- ","- ",,,"SAN FRANCISCO","SAN FRANCISCO",-122.46047210693359,37.724803924560547
9704050,2024,2024-07-01,3801,2024-05-18,"846 ",2105,CENTR,6,5,7,3801,0,0,0,,0,3A5A,"POST ST","POWELL ST",0.00,,Y,A,-,N,,,,,,,,,,N,3,0,1,2,A,-,08,22107,,N,C,G,A,A,H,-,A,A,0,,Y,,,Y,,M,91,0,1,0,0,0,0,1,0,0,"- ","- ",,,"SAN FRANCISCO","SAN FRANCISCO",-122.40840148925781,37.788291931152344
9704051,2024,2024-07-01,3801,2024-05-16,1608,1374,TARAV,4,5,7,3801,0,0,0,,0,315D,"MERCEDES WY","JUNIPERO SERRA BL",0.00,,Y,B,-,N,,,,,,,,,,Y,3,0,1,2,A,-,09,21802,,N,D,C,A,A,H,-,A,A,0,,,,,Y,,A,01,0,1,0,0,0,0,0,0,0,"- ","- ",,,"SAN FRANCISCO","SAN FRANCISCO",-122.47199249267578,37.726848602294922
9704052,2024,2024-07-01,3801,2024-05-16,1459,2017,MISSI,4,5,7,3801,0,0,0,,0,3D2D,"MABINI ST","DANVERS ST",15.00,E,N,A,-,N,,,,,,,,,,N,4,0,1,2,A,-,04,21703,,N,C,C,A,A,H,-,A,A,0,,,Y,,Y,Y,C,02,0,0,1,0,0,0,0,0,1,"- ","- ",,,"SAN FRANCISCO","SAN FRANCISCO",,
9704053,2024,2024-07-01,3801,2024-05-16,1318,2384,TARAV,4,5,7,3801,0,0,0,,0,060016,"MARTIN LUTHER KING JR DR","SUNSET BL",0.00,,Y,A,-,N,,,,,,,,,,N,3,0,1,2,A,-,10,21950,A,N,D,G,A,A,-,-,A,D,0,,Y,,,Y,,A,01,0,1,0,0,0,0,1,0,0,"- ","- ",,,"SAN FRANCISCO","SAN FRANCISCO",-122.4962158203125,37.76544189453125
9704054,2024,2024-07-10,3801,2024-05-15,1537,764,MISSI,3,5,7,3801,0,0,0,,0,3D3C,"MISSION ST","20TH ST",65.00,S,N,A,-,N,,,,,,,,,,,3,0,1,2,A,-,00,21235,,N,H,B,F,A,H,-,A,A,0,Y,,,,Y,Y,M,94,0,1,0,0,1,0,0,0,0,"- ","- ",,,"SAN FRANCISCO","SAN FRANCISCO",-122.41902923583984,37.758453369140625
9704055,2024,2024-07-01,3801,2024-05-14,1800,2293,MISSI,2,5,7,3801,0,0,0,,0,004,"17TH STREET","GUERRERO ST",233.00,W,N,A,-,N,,,,,,,,,,N,4,0,2,2,A,-,21,22106,,N,-,C,A,A,H,-,A,D,0,,Y,,,Y,,A,01,0,0,2,0,0,0,2,0,0,"- ","- ",,,"SAN FRANCISCO","SAN FRANCISCO",-122.42473602294922,37.763114929199219
9704057,2024,2024-07-01,3801,2024-05-14,1637,1414,MISSI,2,5,7,3801,0,0,0,,0,3D16D,"17TH ST","SOUTH VAN NESS AVE",80.00,E,N,A,-,N,,,,,,,,,,N,4,0,1,2,A,-,09,21801,A,N,D,G,A,A,H,-,A,D,0,,Y,,,Y,,A,01,0,0,1,0,0,0,1,0,0,"- ","- ",,,"SAN FRANCISCO","SAN FRANCISCO",-122.41706085205078,37.763576507568359
9704058,2024,2024-07-01,3801,2024-05-14,"351 ",1902,MISSI,2,5,7,3801,0,0,0,,0,3D16E,"SOUTH VAN NESS AVE","14TH ST",0.00,,Y,A,-,N,,,,,,,,,,Y,4,0,2,2,A,-,03,22350,,N,D,C,A,A,H,-,C,A,0,,,,,Y,,A,01,0,0,2,0,0,0,0,0,0,"- ","- ",,,"SAN FRANCISCO","SAN FRANCISCO",-122.41780090332031,37.768417358398438
9704059,2024,2024-07-01,3801,2024-05-08,1548,2400,BAYVI,3,5,7,3801,0,0,0,,0,3CAR,"MENDELL ST","MCKINNON AV",0.00,,Y,A,-,N,,,,,,,,,,N,2,0,1,2,A,-,12,22450,A,F,G,B,B,A,H,-,A,A,0,Y,,,,Y,,A,07,1,0,0,0,1,0,0,0,0,"- ","- ",,,"SAN FRANCISCO","SAN FRANCISCO",-122.38922119140625,37.735866546630859
9704060,2024,2024-07-10,3801,2024-05-08,1000,1633,TENDE,3,5,7,3801,0,0,0,,0,3J15A,"ELLIS ST","LARKIN ST",30.00,W,N,A,-,N,,,,,,,,,,,4,0,1,2,A,-,21,22106,,N,G,B,E,A,H,-,A,D,0,Y,,,,Y,,A,01,0,0,1,0,1,0,0,0,0,"- ","- ",,,"SAN FRANCISCO","SAN FRANCISCO",-122.41782379150391,37.784236907958984
9704061,2024,2024-06-28,3801,2024-05-07,"951 ",1572,SOUTH,2,5,7,3801,0,0,0,,0,,"MARKET ST","VALENCIA ST",0.00,,Y,A,-,N,,,,,,,,,,N,3,0,1,2,A,-,11,21954,A,N,A,B,D,A,H,-,A,A,0,Y,,,,Y,,N,60,0,1,0,0,1,0,0,0,0,"- ","- ",,,"SAN FRANCISCO","SAN FRANCISCO",-122.42262268066406,37.772548675537109
9704062,2024,2024-06-28,3801,2024-05-08,"407 ",2023,PARK,3,5,7,3801,0,0,0,,0,,"WOODSIDE AV","VASQUEZ AV",60.00,W,N,A,-,N,,,,,,,,,,N,3,0,1,2,A,-,03,22350,,N,C,E,A,A,H,-,C,-,0,,,,,Y,,A,01,0,1,0,0,0,0,0,0,0,"- ","- ",,,"SAN FRANCISCO","SAN FRANCISCO",-122.45737457275391,37.746719360351562
9704063,2024,2024-06-28,3801,2024-05-07,1653,679,NORTH,2,5,7,3801,0,0,0,,0,0E4,"LAGUNA ST","CLAY ST",115.00,N,N,A,-,N,,,,,,,,,,N,3,0,1,2,A,-,11,21954,A,N,G,B,D,A,H,-,A,D,0,Y,,,,Y,,N,60,0,1,0,0,1,0,0,0,0,"- ","- ",,,"SAN FRANCISCO","SAN FRANCISCO",-122.42931365966797,37.791652679443359
9704064,2024,2024-06-28,3801,2024-05-07,1605,2186,INGLE,2,5,7,3801,0,0,0,,0,3H12D,"CHURCH ST","VALLEY ST",0.00,,Y,A,-,N,,,,,,,,,,Y,4,0,1,2,A,-,09,21801,A,F,D,C,A,A,H,-,A,D,0,,,,,Y,,A,07,0,0,1,0,0,0,0,0,0,"- ","- ",,,"SAN FRANCISCO","SAN FRANCISCO",-122.42672729492188,37.7445068359375
9704065,2024,2024-06-28,3801,2024-05-07,"935 ",189,NORTH,2,5,7,3801,0,0,0,,0,001,"FELL ST","VAN NESS AV",0.00,,Y,A,-,N,,,,,,,,,,Y,4,0,1,2,A,-,09,21804,A,N,B,C,A,A,H,-,A,D,0,,,,,Y,,A,01,0,0,1,0,0,0,0,0,0,"- ","- ",,,"SAN FRANCISCO","SAN FRANCISCO",-122.41950225830078,37.776382446289062
9704067,2024,2024-07-16,3801,2024-05-07,"806 ",1364,NORTH,2,5,7,3801,0,0,0,,0,3E11A,"LINDEN ST",GOUGH,0.00,,Y,A,-,N,,,,,,,,,,N,3,0,1,2,A,-,11,21954,A,N,D,J,A,A,H,-,A,D,0,,,,,Y,,M,94,0,1,0,0,0,0,0,0,0,"- ","- ",,,"SAN FRANCISCO","SAN FRANCISCO",-122.42287445068359,37.776420593261719
9704068,2024,2024-06-28,3801,2024-05-07,"758 ",2089,TENDE,2,5,7,3801,0,0,0,,0,COJ1CA,"MARKET ST","JONES ST",0.00,,Y,A,-,N,,,,,,,,,,N,3,0,1,2,A,-,03,22350,,F,G,B,D,A,H,-,A,A,0,Y,,,,Y,,A,01,0,1,0,0,1,0,0,0,0,"- ","- ",,,"SAN FRANCISCO","SAN FRANCISCO",-122.41197967529297,37.780910491943359
9704069,2024,2025-01-23,3801,2024-05-06,2104,1534,INGLE,1,5,7,3801,0,0,0,,0,3H13D,"GENEVA AV","EDINBURGH ST",0.00,,-,A,-,N,,,,,,,,,,N,3,0,1,2,A,-,11,21954,A,F,G,B,D,A,H,-,C,D,0,Y,,,,Y,,N,60,0,1,0,0,1,0,0,0,0,"- ","- ",,,"SAN FRANCISCO","SAN FRANCISCO",-122.43698883056641,37.714572906494141
9704070,2024,2024-06-28,3801,2024-05-05,1807,1857,SOUTH,7,5,7,3801,0,0,0,,0,001,"2ND ST","CLEMENTINA ST",0.00,,Y,A,-,N,,,,,,,,,,N,3,0,1,2,D,-,00,,,N,B,G,A,A,H,-,C,D,0,,Y,,,Y,,-,"- ",0,1,0,0,0,0,1,0,0,"- ","- ",,,"SAN FRANCISCO","SAN FRANCISCO",-122.39724731445312,37.785995483398438
9704071,2024,2024-07-11,3801,2024-05-04,1450,4279,INGLE,6,5,7,3801,0,0,0,,0,5CAR,"NAPLES ST","ROLPH ST",0.00,,Y,A,-,N,,,,,,,,,,N,4,0,1,2,A,-,07,21658,A,F,B,-,A,A,H,-,A,D,0,,,,,Y,Y,A,01,0,0,1,0,0,0,0,0,0,"- ","- ",,,"SAN FRANCISCO","SAN FRANCISCO",-122.43669128417969,37.713520050048828
9704072,2024,2024-06-28,3801,2024-05-11,1600,1740,CENTR,6,5,7,3801,0,0,0,,0,3A5D,"DAVIS ST","SACRAMENTO ST",0.00,,Y,A,-,N,,,,,,,,,,Y,3,0,1,3,A,-,12,21453,A,N,D,C,F,A,H,-,A,A,0,Y,,,,Y,,A,07,0,1,0,0,1,0,0,0,0,"- ","- ",,,"SAN FRANCISCO","SAN FRANCISCO",-122.39778900146484,37.794490814208984
9704073,2024,2024-06-28,3801,2024-05-10,2335,996,BAYVI,5,5,7,3801,0,0,0,,0,3D3,"22ND ST","S VAN NESS AV",0.00,,Y,A,-,N,,,,,,,,,,N,4,0,1,2,A,-,03,22350,,F,C,C,A,A,H,-,C,A,0,,,,,Y,,A,01,0,0,1,0,0,0,0,0,0,"- ","- ",,,"SAN FRANCISCO","SAN FRANCISCO",-122.41658782958984,37.755565643310547
9704074,2024,2024-06-28,3801,2024-05-10,2136,1857,SOUTH,5,5,7,3801,0,0,0,,0,005,"2ND ST","KING ST",121.00,N,N,-,-,N,,,,,,,,,,N,4,0,1,2,A,-,21,22106,,N,G,B,F,A,H,-,C,D,0,Y,,,,Y,,A,01,0,0,1,0,1,0,0,0,0,"- ","- ",,,"SAN FRANCISCO","SAN FRANCISCO",-122.38999176025391,37.780197143554688
9704075,2024,2024-06-28,3801,2024-05-10,1843,1857,SOUTH,5,5,7,3801,0,0,0,,0,003,"6TH ST","HARRISON ST",126.00,N,N,A,-,N,,,,,,,,,,N,4,0,1,2,D,-,00,,,N,B,C,A,A,H,-,A,D,0,,,,,Y,,-,"- ",0,0,1,0,0,0,0,0,0,"- ","- ",,,"SAN FRANCISCO","SAN FRANCISCO",-122.40439605712891,37.777549743652344
9704076,2024,2024-06-28,3801,2024-05-10,1715,1148,MISSI,5,5,7,3801,0,0,0,,0,3D15D,"MISSION ST","14TH ST",0.00,,Y,A,-,N,,,,,,,,,,N,3,0,1,2,A,-,08,22107,,N,D,G,A,A,H,-,A,A,0,,Y,,,Y,,A,01,0,1,0,0,0,0,1,0,0,"- ","- ",,,"SAN FRANCISCO","SAN FRANCISCO",-122.41996765136719,37.768291473388672
9704077,2024,2024-06-28,3801,2024-05-10,1609,1857,SOUTH,5,5,7,3801,0,0,0,,0,003,"HOWARD ST","HARRIET ST",0.00,,Y,A,-,N,,,,,,,,,,N,3,0,1,2,A,-,03,22350,,N,C,E,E,A,H,-,A,D,0,Y,,,,Y,,N,60,0,1,0,0,1,0,0,0,0,"- ","- ",,,"SAN FRANCISCO","SAN FRANCISCO",-122.40768432617188,37.779319763183594
9704078,2024,2024-06-28,3801,2024-05-10,"630 ",1679,SOUTH,5,5,7,3801,0,0,0,,0,3B114,"GOUGH ST","MARKET ST",0.00,,Y,A,-,N,,,,,,,,,,N,3,0,1,2,A,-,03,22350,,F,G,J,A,A,H,-,A,A,0,,,,,Y,,A,07,0,1,0,0,0,0,0,0,0,"- ","- ",,,"SAN FRANCISCO","SAN FRANCISCO",-122.42221069335938,37.772872924804688
9704945,2024,2024-08-13,3801,2024-05-20,"928 ",1580,SOUTH,1,5,7,3801,0,0,0,,0,3B5A,"12TH ST","S VAN NESS AV",0.00,,Y,A,-,N,,,,,,,,,,N,2,0,2,2,A,-,03,22350,,N,C,E,A,A,H,-,A,D,0,,,Y,Y,Y,,C,02,1,0,1,0,0,0,0,0,1,"- ","- ",,,"SAN FRANCISCO","SAN FRANCISCO",-122.41876983642578,37.773540496826172
9704948,2024,2024-07-02,3801,2024-05-26,"303 ",1902,MISSI,7,5,7,3801,0,0,0,,0,3D16E,"BRYANT ST","DIVISION ST",3.00,E,N,A,-,N,,,,,,,,,,Y,4,0,1,1,A,-,03,22350,,N,E,I,A,A,H,-,C,A,0,,,,,Y,,D,22,0,0,1,0,0,0,0,0,0,"- ","- ",,,"SAN FRANCISCO","SAN FRANCISCO",-122.41082000732422,37.769309997558594
9704949,2024,2024-07-02,3801,2024-05-18,"754 ",A20952,INGLE,6,5,7,3801,0,0,0,,0,5CAR,"MISSION ST","RUSSIA AV",0.00,,Y,B,-,N,,,,,,,,,,N,4,0,1,2,A,-,17,22517,,N,H,C,A,A,H,-,A,D,0,,,,,Y,,A,01,0,0,1,0,0,0,0,0,0,"- ","- ",,,"SAN FRANCISCO","SAN FRANCISCO",-122.43717956542969,37.721572875976562
9704951,2024,2024-07-11,3801,2024-05-14,"720 ",141,INGLE,2,5,7,3801,0,0,0,,0,,"RUSSIA AV","LISBON ST",0.00,,Y,B,-,N,,,,,,,,,,N,4,0,1,2,A,-,12,22450,,N,D,C,A,A,H,-,A,D,0,,,,,Y,,M,94,0,0,1,0,0,0,0,0,0,"- ","- ",,,"SAN FRANCISCO","SAN FRANCISCO",-122.43479156494141,37.720458984375
9704953,2024,2024-07-02,3801,2024-05-02,"59  ",866,SOUTH,4,5,7,3801,0,0,0,,0,3B12E,"MARKET ST","LAGUNA ST",11.00,S,N,A,-,N,,,,,,,,,,N,3,0,1,2,A,-,04,21703,,F,C,G,A,A,H,-,C,A,0,,Y,,,Y,Y,D,23,0,1,0,0,0,0,1,0,0,"- ","- ",,,"SAN FRANCISCO","SAN FRANCISCO",-122.42486572265625,37.770721435546875
9704954,2024,2024-08-13,3801,2024-05-16,1719,2214,INGLE,4,5,7,3801,0,0,0,,0,3H15D,"ALEMANY BL","SAN JOSE AV",0.00,,Y,A,-,N,,,,,,,,,,N,4,0,1,2,A,-,04,21703,,N,C,C,A,A,H,-,A,A,0,,,,Y,Y,Y,F,27,0,0,1,0,0,0,0,0,0,"- ","- ",,,"SAN FRANCISCO","SAN FRANCISCO",-122.45709991455078,37.710071563720703
9704956,2024,2024-08-08,3801,2024-03-26,1315,1422,TRAFF,2,5,7,3801,0,0,0,,0,,"STOCKTON TUNL","SACRAMENTO ST",506.00,S,N,A,-,N,,,,,,,,,,N,2,0,1,2,A,-,03,22350,,N,C,G,A,A,H,-,C,D,0,,Y,,,Y,,D,82,1,0,0,0,0,0,1,0,0,"- ","- ",,,"SAN FRANCISCO","SAN FRANCISCO",-122.40765380859375,37.792781829833984
9705085,2024,2024-07-02,3801,2024-05-16,"630 ",1679,SOUTH,4,5,7,3801,0,0,0,,0,3B15A,"8TH ST","BRYANT ST",82.00,N,N,A,-,N,,,,,,,,,,N,4,0,1,3,A,-,03,22350,A,N,C,C,A,A,H,-,A,A,0,,,,,Y,,D,22,0,0,1,0,0,0,0,0,0,"- ","- ",,,"SAN FRANCISCO","SAN FRANCISCO",-122.40718078613281,37.772670745849609
9705086,2024,2024-07-01,3801,2024-05-06,1607,1061,SOUTH,1,5,7,3801,0,0,0,,0,3B13D,"9TH ST","HARRISON ST",0.00,,Y,A,-,N,,,,,,,,,,Y,4,0,1,3,A,-,12,21453,A,N,D,C,A,A,H,-,A,A,0,,,,,Y,,A,01,0,0,1,0,0,0,0,0,0,"- ","- ",,,"SAN FRANCISCO","SAN FRANCISCO",-122.41004943847656,37.772533416748047
9705089,2024,2024-07-02,3801,2024-05-10,1841,2400,BAYVI,5,5,7,3801,0,0,0,,0,2CAR,"NEWHALL ST","3RD ST",60.00,S,N,A,-,N,,,,,,,,,,Y,4,0,1,2,A,-,01,23152,A,N,C,C,A,A,H,-,A,D,0,,,,,Y,Y,D,22,0,0,1,0,0,0,0,0,0,"- ","- ",,,"SAN FRANCISCO","SAN FRANCISCO",-122.38951110839844,37.738666534423828
9705100,2024,2024-07-02,3801,2024-05-23,1848,319,CENTR,4,5,7,3801,0,0,0,,0,3A11D,"CALIFORNIA ST","JONES ST",206.00,E,N,A,-,N,,,,,,,,,,N,4,0,1,2,A,-,08,22102,,N,D,C,A,A,H,-,B,D,0,,,,,Y,,D,22,0,0,1,0,0,0,0,0,0,"- ","- ",,,"SAN FRANCISCO","SAN FRANCISCO",-122.41340637207031,37.791500091552734
9705104,2024,2024-07-18,3801,2024-05-22,1339,324,TENDE,3,5,7,3801,0,0,0,,0,3J92C,"LEAVENWORTH ST","MCALLISTER ST",0.00,,Y,A,-,N,,,,,,,,,,N,3,0,1,2,A,-,05,21650,1,N,B,G,A,A,H,-,A,A,0,,Y,,,Y,,L,04,0,1,0,0,0,0,1,0,0,"- ","- ",,,"SAN FRANCISCO","SAN FRANCISCO",-122.41368865966797,37.780929565429688
9705123,2024,2024-07-01,3801,2024-05-19,1814,1858,BAYVI,7,5,7,3801,0,0,0,,0,3C11D,"25TH ST","WISCONSIN ST",253.00,E,N,A,-,N,,,,,,,,,,Y,3,0,1,6,A,-,12,22450,A,F,C,C,E,A,H,-,A,A,0,Y,,,Y,Y,Y,A,01,0,1,0,0,1,0,0,0,0,"- ","- ",,,"SAN FRANCISCO","SAN FRANCISCO",-122.39760589599609,37.752243041992188
9705124,2024,2024-07-01,3801,2024-05-19,"30  ",1723,NORTH,7,5,7,3801,0,0,0,,0,005,"LOMBARD ST","FILLMORE ST",0.00,,Y,A,-,N,,,,,,,,,,N,3,0,1,2,A,-,11,21456,A,N,G,B,B,A,H,-,C,A,0,Y,,,,Y,Y,N,60,0,1,0,0,1,0,0,0,0,"- ","- ",,,"SAN FRANCISCO","SAN FRANCISCO",-122.43605041503906,37.799846649169922
9705125,2024,2024-07-01,3801,2024-05-17,2342,1622,NORTH,5,5,7,3801,0,0,0,,0,3E12E,"TURK ST","SCOTT ST",0.00,,Y,A,-,N,,,,,,,,,,N,4,0,1,2,A,-,08,22100,B,N,B,C,A,A,H,-,C,A,0,,,Y,,Y,,C,02,0,0,1,0,0,0,0,0,1,"- ","- ",,,"SAN FRANCISCO","SAN FRANCISCO",-122.43706512451172,37.779857635498047
9705126,2024,2024-07-01,3801,2024-05-17,1434,2431,NORTH,5,5,7,3801,0,0,0,,0,3E13A,"VAN NESS AV","GEARY BL",0.00,,Y,A,-,N,,,,,,,,,,N,4,0,1,2,A,-,10,21950,A,F,G,B,B,A,H,-,A,A,0,Y,,,,Y,,A,01,0,0,1,0,1,0,0,0,0,"- ","- ",,,"SAN FRANCISCO","SAN FRANCISCO",-122.42146301269531,37.785682678222656
9705127,2024,2024-07-17,3801,2024-05-17,1007,1297,PARK,5,5,7,3801,0,0,0,,0,3F12A,"CLAYTON ST","CORBETT AV",0.00,,Y,A,-,N,,,,,,,,,,N,4,0,1,2,A,-,04,21703,,F,C,G,A,A,H,-,A,D,0,,Y,,,Y,,A,08,0,0,1,0,0,0,1,0,0,"- ","- ",,,"SAN FRANCISCO","SAN FRANCISCO",-122.44596862792969,37.758724212646484
9705128,2024,2024-08-13,3801,2024-05-16,1735,1337,NORTH,4,5,7,3801,0,0,0,,0,0E5,"DIVISADERO ST","CHESTNUT ST",0.00,,Y,A,-,N,,,,,,,,,,N,4,0,1,2,A,-,09,21800,A,N,D,C,A,A,H,-,A,A,0,,,,,Y,,A,01,0,0,1,0,0,0,0,0,0,"- ","- ",,,"SAN FRANCISCO","SAN FRANCISCO",-122.44284057617188,37.799980163574219