CASE_ID,ACCIDENT_YEAR,PROC_DATE,JURIS,COLLISION_DATE,COLLISION_TIME,OFFICER_ID,REPORTING_DISTRICT,DAY_OF_WEEK,CHP_SHIFT,POPULATION,CNTY_CITY_LOC,SPECIAL_COND,BEAT_TYPE,CHP_BEAT_TYPE,CITY_DIVISION_LAPD,CHP_BEAT_CLASS,BEAT_NUMBER,PRIMARY_RD,SECONDARY_RD,DISTANCE,DIRECTION,INTERSECTION,WEATHER_1,WEATHER_2,STATE_HWY_IND,CALTRANS_COUNTY,CALTRANS_DISTRICT,STATE_ROUTE,ROUTE_SUFFIX,POSTMILE_PREFIX,POSTMILE,LOCATION_TYPE,RAMP_INTERSECTION,SIDE_OF_HWY,TOW_AWAY,COLLISION_SEVERITY,NUMBER_KILLED,NUMBER_INJURED,PARTY_COUNT,PRIMARY_COLL_FACTOR,PCF_CODE_OF_VIOL,PCF_VIOL_CATEGORY,PCF_VIOLATION,PCF_VIOL_SUBSECTION,HIT_AND_RUN,TYPE_OF_COLLISION,MVIW,PED_ACTION,ROAD_SURFACE,ROAD_COND_1,ROAD_COND_2,LIGHTING,CONTROL_DEVICE,CHP_ROAD_TYPE,PEDESTRIAN_ACCIDENT,BICYCLE_ACCIDENT,MOTORCYCLE_ACCIDENT,TRUCK_ACCIDENT,NOT_PRIVATE_PROPERTY,ALCOHOL_INVOLVED,STWD_VEHTYPE_AT_FAULT,CHP_VEHTYPE_AT_FAULT,COUNT_SEVERE_INJ,COUNT_VISIBLE_INJ,COUNT_COMPLAINT_PAIN,COUNT_PED_KILLED,COUNT_PED_INJURED,COUNT_BICYCLIST_KILLED,COUNT_BICYCLIST_INJURED,COUNT_MC_KILLED,COUNT_MC_INJURED,PRIMARY_RAMP,SECONDARY_RAMP,LATITUDE,LONGITUDE,COUNTY,CITY,POINT_X,POINT_Y
9705129,2024,2024-07-01,3801,2024-05-16,"101 ",2391,NORTH,4,5,7,3801,0,0,0,,0,3E13E,"GOLDEN GATE AV","OCTAVIA ST",70.00,E,N,B,-,N,,,,,,,,,,N,3,0,1,2,A,-,07,21658,A,M,B,E,A,A,H,-,C,D,0,,,,,Y,,M,94,0,1,0,0,0,0,0,0,0,"- ","- ",,,"SAN FRANCISCO","SAN FRANCISCO",-122.42519378662109,37.780429840087891
9705130,2024,2024-07-01,3801,2024-05-15,1323,IMHOFF,NORTH,3,5,7,3801,0,0,0,,0,3E60,"ELLIS ST","LAGUNA ST",270.00,S,N,A,-,N,,,,,,,,,,Y,3,0,2,3,A,-,08,22107,,N,C,E,A,A,H,-,A,D,0,,,,,Y,,A,01,0,1,1,0,0,0,0,0,0,"- ","- ",,,"SAN FRANCISCO","SAN FRANCISCO",-122.42850494384766,37.782863616943359
9705131,2024,2024-07-01,3801,2024-05-13,2024,798,NORTH,1,5,7,3801,0,0,0,,0,3E12D,"WEBSTER ST","MCALLISTER ST",20.00,N,N,A,-,N,,,,,,,,,,Y,4,0,1,1,A,-,03,22350,,N,E,I,A,A,H,-,C,A,0,,,,,Y,,A,01,0,0,1,0,0,0,0,0,0,"- ","- ",,,"SAN FRANCISCO","SAN FRANCISCO",-122.43012237548828,37.778892517089844
9705132,2024,2024-07-01,3801,2024-05-14,1719,307,NORTH,2,5,7,3801,0,0,0,,0,3E13D,"SUTTER ST","FRANKLIN ST",280.00,E,N,A,-,N,,,,,,,,,,Y,3,0,3,7,A,-,12,21453,A,N,C,E,A,A,H,-,A,A,0,,,,,Y,,A,01,0,2,1,0,0,0,0,0,0,"- ","- ",,,"SAN FRANCISCO","SAN FRANCISCO",-122.42243957519531,37.787460327148438
9705133,2024,2024-07-01,3801,2024-05-14,1125,179,NORTH,2,5,7,3801,0,0,0,,0,3E13A,"VAN NESS AV","OFARRELL ST",0.00,,Y,A,-,N,,,,,,,,,,N,4,0,1,2,A,-,12,21453,A,N,D,C,A,A,H,-,A,A,0,,,Y,,Y,,A,01,0,0,1,0,0,0,0,0,1,"- ","- ",,,"SAN FRANCISCO","SAN FRANCISCO",-122.42111968994141,37.784763336181641
9705134,2024,2024-07-01,3801,2024-05-13,1448,426,NORTH,1,5,7,3801,0,0,0,,0,3E13D,"EDDY ST","FRANKLIN ST",3.00,E,N,A,-,N,,,,,,,,,,N,4,0,1,2,A,-,10,21950,,N,G,B,B,A,H,-,A,A,0,Y,,,,Y,,A,07,0,0,1,0,1,0,0,0,0,"- ","- ",,,"SAN FRANCISCO","SAN FRANCISCO",-122.42243194580078,37.782672882080078
9705135,2024,2024-07-01,3801,2024-05-13,1115,189,NORTH,1,5,7,3801,0,0,0,,0,003,"POLK ST","WILLOW ST",0.00,,Y,A,-,N,,,,,,,,,,N,3,0,2,2,A,-,05,21651,B,N,D,C,A,A,H,-,A,D,0,,,Y,,Y,Y,C,02,0,1,1,0,0,0,0,0,2,"- ","- ",,,"SAN FRANCISCO","SAN FRANCISCO",-122.41925811767578,37.783557891845703
9705136,2024,2024-07-01,3801,2024-05-12,1458,1523,NORTH,7,5,7,3801,0,0,0,,0,4CAR,"WEBSTER ST","POST ST",0.00,,Y,A,-,N,,,,,,,,,,N,2,0,1,2,A,-,11,21954,A,N,G,B,E,A,H,-,B,A,0,Y,,,,Y,,N,60,1,0,0,0,1,0,0,0,0,"- ","- ",,,"SAN FRANCISCO","SAN FRANCISCO",-122.43145751953125,37.785358428955078
9705137,2024,2024-07-01,3801,2024-05-10,1730,307,NORTH,5,5,7,3801,0,0,0,,0,3E13D,"POLK ST","POST ST",50.00,N,N,A,-,N,,,,,,,,,,N,4,0,1,3,A,-,17,22517,,N,B,G,A,A,H,-,A,D,0,,Y,,,Y,,A,01,0,0,1,0,0,0,1,0,0,"- ","- ",,,"SAN FRANCISCO","SAN FRANCISCO",-122.41992950439453,37.786964416503906
9705138,2024,2024-07-01,3801,2024-05-10,1451,1605,NORTH,5,5,7,3801,0,0,0,,0,3E15A,"POST ST","POLK ST",113.00,W,N,A,-,N,,,,,,,,,,N,4,0,2,2,A,-,08,22107,,N,B,C,A,A,H,-,A,D,0,,,,,Y,,A,07,0,0,2,0,0,0,0,0,0,"- ","- ",,,"SAN FRANCISCO","SAN FRANCISCO",-122.4202880859375,37.786781311035156
9705139,2024,2024-07-18,3801,2024-05-15,1827,1534,INGLE,3,5,7,3801,0,0,0,,0,3H13D,"BOSWORTH ST","ARLINGTON ST",50.00,W,N,A,-,N,,,,,,,,,,N,2,0,1,1,A,-,"- ",,,N,B,A,A,A,H,-,A,D,0,,,Y,,Y,,C,02,1,0,0,0,0,0,0,0,1,"- ","- ",,,"SAN FRANCISCO","SAN FRANCISCO",-122.43308258056641,37.73333740234375
9705140,2024,2024-07-01,3801,2024-05-14,1145,2202,INGLE,2,5,7,3801,0,0,0,,0,3H1,"CORTLAND AV","CORTLAND AV 500",0.00,,Y,F,-,N,,,,,,,,,,N,3,0,1,2,A,-,17,22517,,N,B,E,A,A,H,-,A,D,0,,,,,Y,,A,01,0,1,0,0,0,0,0,0,0,"- ","- ",,,"SAN FRANCISCO","SAN FRANCISCO",,
9705141,2024,2024-07-01,3801,2024-05-13,2306,276,NORTH,1,5,7,3801,0,0,0,,0,3E14E,"GOUGH ST","OAK ST",0.00,,Y,B,-,N,,,,,,,,,,Y,4,0,1,3,A,-,12,21453,A,F,D,C,A,A,H,-,C,A,0,,,,,Y,,A,07,0,0,1,0,0,0,0,0,0,"- ","- ",,,"SAN FRANCISCO","SAN FRANCISCO",-122.42259216308594,37.775016784667969
9705142,2024,2024-07-01,3801,2024-05-21,1329,1580,SOUTH,2,5,7,3801,0,0,0,,0,3B5A,"4TH ST","FOLSOM ST",0.00,,Y,A,-,N,,,,,,,,,,N,3,0,1,2,A,-,07,21658,A,N,-,G,A,A,H,-,A,A,0,,Y,,,Y,,L,04,0,1,0,0,0,0,1,0,0,"- ","- ",,,"SAN FRANCISCO","SAN FRANCISCO",-122.40116119384766,37.782035827636719
9705143,2024,2024-07-01,3801,2024-05-18,"630 ",1194,TENDE,6,5,7,3801,0,0,0,,0,0J3,"EDDY ST","HYDE ST",250.00,W,N,A,-,N,,,,,,,,,,N,2,0,1,2,A,-,08,22102,,F,D,C,A,A,H,-,A,D,0,,,,,Y,,-,,1,0,0,0,0,0,0,0,0,"- ","- ",,,"SAN FRANCISCO","SAN FRANCISCO",-122.416748046875,37.783401489257812
9705144,2024,2024-07-01,3801,2024-05-20,"536 ",788,SOUTH,1,5,7,3801,0,0,0,,0,3B4A,"BRANNAN ST","6TH ST",0.00,,Y,A,-,N,,,,,,,,,,N,3,0,1,2,A,-,10,21950,A,N,G,B,B,A,H,-,B,A,0,Y,,,,Y,,A,01,0,1,0,0,1,0,0,0,0,"- ","- ",,,"SAN FRANCISCO","SAN FRANCISCO",-122.40095520019531,37.774826049804688
9705146,2024,2024-07-01,3801,2024-05-19,2346,1574,INGLE,7,5,7,3801,0,0,0,,0,3H11E,"GUERRERO ST","DUNCAN ST",0.00,,Y,A,-,N,,,,,,,,,,N,3,0,1,2,A,-,17,21657,,N,D,J,A,A,H,-,C,A,0,,,,,Y,,M,94,0,1,0,0,0,0,0,0,0,"- ","- ",,,"SAN FRANCISCO","SAN FRANCISCO",-122.42239379882812,37.746379852294922
9705147,2024,2024-07-01,3801,2024-05-19,2207,118,PARK,7,5,7,3801,0,0,0,,0,3F12E,"DANVERS ST","CORBETT AV",0.00,,Y,A,-,N,,,,,,,,,,N,3,0,1,1,A,-,12,22450,A,N,H,-,A,A,H,-,C,D,0,,,Y,,Y,,C,03,0,1,0,0,0,0,0,0,1,"- ","- ",,,"SAN FRANCISCO","SAN FRANCISCO",-122.44403076171875,37.761272430419922
9705148,2024,2024-07-01,3801,2024-05-18,1430,A20952,INGLE,6,5,7,3801,0,0,0,,0,INGLES,"BRUNSWICK ST","WHITTIER ST",0.00,,Y,A,-,N,,,,,,,,,,Y,4,0,2,4,A,-,09,21800,C,N,B,C,A,A,H,-,A,A,0,,,,,Y,,A,01,0,0,2,0,0,0,0,0,0,"- ","- ",,,"SAN FRANCISCO","SAN FRANCISCO",-122.44768524169922,37.709064483642578
9705149,2024,2024-07-01,3801,2024-05-18,"15  ",2335,PARK,6,5,7,3801,0,0,0,,0,0F4,"HERMANN ST","FILLMORE ST",0.00,,Y,A,-,N,,,,,,,,,,N,4,0,1,2,A,-,10,21950,A,N,G,B,B,A,H,-,C,D,0,Y,,,,Y,,A,01,0,0,1,0,1,0,0,0,0,"- ","- ",,,"SAN FRANCISCO","SAN FRANCISCO",-122.43006134033203,37.770244598388672
9705150,2024,2024-07-01,3801,2024-05-16,1620,913,TENDE,4,5,7,3801,0,0,0,,0,3J12D,"OFARRELL ST","LARKIN ST",237.00,W,N,A,-,N,,,,,,,,,,N,4,0,1,2,A,-,08,22107,,N,B,C,A,A,H,-,A,A,0,,,Y,,Y,,C,03,0,0,1,0,0,0,0,0,1,"- ","- ",,,"SAN FRANCISCO","SAN FRANCISCO",-122.41870880126953,37.785068511962891
9705151,2024,2024-07-17,3801,2024-05-16,1442,2163,TENDE,4,5,7,3801,0,0,0,,0,003,"LARKIN ST","EDDY ST",0.00,,Y,A,-,N,,,,,,,,,,N,3,0,1,2,A,-,12,21453,A,N,D,J,A,A,-,-,A,A,0,,,,,Y,,M,94,0,1,0,0,0,0,0,0,0,"- ","- ",,,"SAN FRANCISCO","SAN FRANCISCO",-122.41751861572266,37.783294677734375
9705152,2024,2024-07-01,3801,2024-05-15,1639,2168,TENDE,3,5,7,3801,0,0,0,,0,3J12D,"5TH ST","STEVENSON ST",0.00,,Y,A,-,N,,,,,,,,,,Y,4,0,1,3,A,-,01,23153,B,F,D,D,A,A,H,-,A,A,0,,,,,Y,Y,A,01,0,0,1,0,0,0,0,0,0,"- ","- ",,,"SAN FRANCISCO","SAN FRANCISCO",-122.40746307373047,37.783512115478516
9705153,2024,2024-07-01,3801,2024-05-16,1500,1440,SOUTH,4,5,7,3801,0,0,0,,0,003,"POLK ST","POLK ST 730",0.00,,Y,F,-,N,,,,,,,,,,N,3,0,1,2,D,-,00,,,N,H,-,A,-,-,-,-,-,0,,,,,Y,,-,"- ",0,1,0,0,0,0,0,0,0,"- ","- ",,,"SAN FRANCISCO","SAN FRANCISCO",-122.41843414306641,37.779460906982422
9705154,2024,2024-07-01,3801,2024-05-21,1415,1917,TARAV,2,5,7,3801,0,0,0,,0,3I16A,"BROTHERHOOD WY","ALEMANY BL",21.00,W,N,A,-,N,,,,,,,,,,N,4,0,1,2,A,-,03,22350,,N,C,C,A,A,H,-,A,A,0,,,,,Y,,A,07,0,0,1,0,0,0,0,0,0,"- ","- ",,,"SAN FRANCISCO","SAN FRANCISCO",-122.46392822265625,37.711662292480469
9705155,2024,2024-07-01,3801,2024-05-20,1400,1530,BAYVI,1,5,7,3801,0,0,0,,0,3C15A,"ARELIOUS WALKER DR","EGBERT AV",12.00,N,N,A,-,N,,,,,,,,,,N,3,0,1,3,A,-,13,22500,,F,C,C,A,A,H,-,A,A,0,,,Y,,Y,,-,,0,1,0,0,0,0,0,0,1,"- ","- ",,,"SAN FRANCISCO","SAN FRANCISCO",-122.38515472412109,37.718437194824219
9705156,2024,2024-07-01,3801,2024-05-20,"925 ",1806,SOUTH,1,5,7,3801,0,0,0,,0,3B12A,"8TH ST","CLEMENTINA ST",0.00,,Y,A,-,N,,,,,,,,,,N,4,0,2,2,A,-,17,21657,,F,D,C,A,A,H,-,A,A,0,,,,,Y,,M,94,0,0,2,0,0,0,0,0,0,"- ","- ",,,"SAN FRANCISCO","SAN FRANCISCO",-122.41056823730469,37.775421142578125
9705157,2024,2024-07-11,3801,2024-05-15,1556,1718,BAYVI,3,5,7,3801,0,0,0,,0,3C15D,"VAN DYKE AV","KEITH ST",0.00,,Y,A,-,N,,,,,,,,,,N,4,0,1,2,A,-,12,22450,A,N,D,C,A,A,H,-,A,A,0,,,,,Y,,-,"- ",0,0,1,0,0,0,0,0,0,"- ","- ",,,"SAN FRANCISCO","SAN FRANCISCO",-122.39055633544922,37.72808837890625
9705158,2024,2024-07-01,3801,2024-05-22,1501,2089,TENDE,3,5,7,3801,0,0,0,,0,"CO J 1","MARKET ST","7TH ST",50.00,W,N,A,-,N,,,,,,,,,,N,3,0,1,2,A,-,00,21955,A,F,G,B,D,A,H,-,A,A,0,Y,,,,Y,,N,60,0,1,0,0,1,0,0,0,0,"- ","- ",,,"SAN FRANCISCO","SAN FRANCISCO",-122.41263580322266,37.780384063720703
9705159,2024,2024-07-01,3801,2024-05-22,1000,2390,PARK,3,5,7,3801,0,0,0,,0,3F13A,"HAIGHT ST","BAKER ST",140.00,W,N,A,-,N,,,,,,,,,,N,3,0,1,2,A,-,17,22517,,N,B,G,A,A,H,-,A,D,0,,Y,,,Y,,A,01,0,1,0,0,0,0,1,0,0,"- ","- ",,,"SAN FRANCISCO","SAN FRANCISCO",-122.4407958984375,37.770790100097656
9705160,2024,2024-07-01,3801,2024-05-22,"938 ",2728,TENDE,3,5,7,3801,0,0,0,,0,908,"LEAVENWORTH ST","GOLDEN GATE AV",145.00,N,N,A,-,N,,,,,,,,,,N,2,0,1,2,A,-,21,22106,,F,G,B,D,A,H,-,A,D,0,Y,,,,Y,,A,01,1,0,0,0,1,0,0,0,0,"- ","- ",,,"SAN FRANCISCO","SAN FRANCISCO",-122.41393280029297,37.782264709472656
9705161,2024,2024-07-18,3801,2024-05-22,"754 ",50,TENDE,3,5,7,3801,0,0,0,,0,002,"MARKET ST","4TH ST",195.00,E,N,A,-,N,,,,,,,,,,N,3,0,1,2,A,-,17,21235,G,N,H,B,F,A,H,-,A,D,0,Y,,,,Y,,M,94,0,1,0,0,1,0,0,0,0,"- ","- ",,,"SAN FRANCISCO","SAN FRANCISCO",-122.40541839599609,37.786083221435547
9705162,2024,2024-07-18,3801,2024-05-01,1754,1680,MISSI,3,5,7,3801,0,0,0,,0,3D12D,"16TH ST","CHURCH ST",65.00,W,N,A,-,N,,,,,,,,,,N,4,0,2,2,A,-,00,23123,A,N,C,C,A,A,H,-,A,A,0,,,,,Y,,A,01,0,0,2,0,0,0,0,0,0,"- ","- ",,,"SAN FRANCISCO","SAN FRANCISCO",-122.42887115478516,37.764484405517578
9705163,2024,2024-07-18,3801,2024-05-01,1731,2017,MISSI,3,5,7,3801,0,0,0,,0,3D1D,"CASTRO ST","MARKET ST",0.00,,Y,A,-,N,,,,,,,,,,N,4,0,1,2,A,-,04,21703,,N,C,C,A,A,H,-,A,A,0,,,Y,,Y,,A,01,0,0,1,0,0,0,0,0,1,"- ","- ",,,"SAN FRANCISCO","SAN FRANCISCO",-122.43515777587891,37.762641906738281
9705164,2024,2024-07-18,3801,2024-05-01,1320,1118,SOUTH,3,5,7,3801,0,0,0,,0,3B14A,"HOWARD ST","8TH ST",47.00,W,N,A,-,N,,,,,,,,,,N,3,0,1,2,A,-,11,21954,A,N,G,B,D,A,H,-,A,D,0,Y,,Y,,Y,,N,60,0,1,0,0,1,0,0,0,0,"- ","- ",,,"SAN FRANCISCO","SAN FRANCISCO",-122.41170501708984,37.776138305664062
9705165,2024,2024-07-18,3801,2024-05-01,"345 ",1051,MISS,3,5,7,3801,0,0,0,,0,3D15E,"MISSION ST","16TH ST",200.00,S,N,A,-,N,,,,,,,,,,N,3,0,4,2,A,-,07,21658,A,N,C,E,A,A,H,-,C,D,0,,,,,Y,,A,01,0,1,3,0,0,0,0,0,0,"- ","- ",,,"SAN FRANCISCO","SAN FRANCISCO",-122.41960906982422,37.764503479003906
9705166,2024,2024-07-18,3801,2024-05-02,1355,1669,TENDE,4,5,7,3801,0,0,0,,0,3J97C,"TURK ST","JONES ST",15.00,W,N,A,-,N,,,,,,,,,,N,2,0,1,1,A,-,03,22350,,N,H,G,A,A,H,-,A,A,0,,Y,,,Y,,L,04,1,0,0,0,0,0,1,0,0,"- ","- ",,,"SAN FRANCISCO","SAN FRANCISCO",-122.41246032714844,37.782993316650391
9705167,2024,2024-07-18,3801,2024-05-05,2223,916,BAYVI,7,5,7,3801,0,0,0,,0,901,"BAYSHORE BL","CESAR CHAVEZ ST",0.00,,Y,A,-,N,,,,,,,,,,N,3,0,1,2,A,-,17,21200,A,N,C,G,A,A,H,-,C,A,0,,Y,,,Y,,L,04,0,1,0,0,0,0,1,0,0,"- ","- ",,,"SAN FRANCISCO","SAN FRANCISCO",-122.40558624267578,37.748996734619141
9705168,2024,2024-07-18,3801,2024-05-05,1750,1246,BAYVI,7,5,7,3801,0,0,0,,0,3C15D,"INGERSON AV","JENNINGS ST",0.00,,Y,A,-,N,,,,,,,,,,Y,4,0,1,2,A,-,12,22450,A,F,D,C,A,A,H,-,A,D,0,,,,,Y,,A,08,0,0,1,0,0,0,0,0,0,"- ","- ",,,"SAN FRANCISCO","SAN FRANCISCO",-122.39486694335938,37.720180511474609
9705169,2024,2024-07-18,3801,2024-05-04,1920,319,CENTR,6,5,7,3801,0,0,0,,0,3A11D,"LARKIN ST","CEDAR ST",10.00,N,N,A,-,N,,,,,,,,,,N,3,0,1,2,D,-,00,,,F,C,C,A,A,A,-,B,D,0,,,,,Y,,-,"- ",0,1,0,0,0,0,0,0,0,"- ","- ",,,"SAN FRANCISCO","SAN FRANCISCO",-122.41819763183594,37.786598205566406
9705170,2024,2024-07-18,3801,2024-05-04,1323,1432,BAYVI,6,5,7,3801,0,0,0,,0,3C15A,"3RD ST","JAMESTOWN AV",0.00,,Y,C,-,N,,,,,,,,,,N,4,0,2,2,A,-,08,22107,,N,A,C,A,B,H,-,A,A,0,,,,,Y,,A,01,0,0,2,0,0,0,0,0,0,"- ","- ",,,"SAN FRANCISCO","SAN FRANCISCO",-122.39671325683594,37.720260620117188
9705171,2024,2024-07-18,3801,2024-05-04,"355 ",2452,CENTR,6,5,7,3801,0,0,0,,0,3A62,"PINE ST","TAYLOR ST",0.00,,Y,C,-,N,,,,,,,,,,Y,4,0,1,2,A,-,12,21453,A,N,D,C,A,D,H,-,C,A,0,,,,,Y,,A,01,0,0,1,0,0,0,0,0,0,"- ","- ",,,"SAN FRANCISCO","SAN FRANCISCO",-122.41224670410156,37.790657043457031
9705172,2024,2024-07-18,3801,2024-05-04,"148 ",1463,SOUTH,6,5,7,3801,0,0,0,,0,0B2,"BRYANT ST","MORRIS ST",5.00,W,N,A,-,N,,,,,,,,,,Y,4,0,1,2,A,-,08,22107,,N,B,C,A,B,H,-,C,D,0,,,,,Y,,A,01,0,0,1,0,0,0,0,0,0,"- ","- ",,,"SAN FRANCISCO","SAN FRANCISCO",-122.40196228027344,37.776470184326172
9705173,2024,2024-07-18,3801,2024-05-19,2254,2708,SOUTH,7,5,7,3801,0,0,0,,0,3B13E,"HOWARD ST","4TH ST",0.00,,Y,A,-,N,,,,,,,,,,N,4,0,1,2,A,-,00,21954,,M,G,B,D,A,H,-,C,D,0,Y,,,,Y,,N,60,0,0,1,0,1,0,0,0,0,"- ","- ",,,"SAN FRANCISCO","SAN FRANCISCO",-122.40270233154297,37.783267974853516
9705210,2024,2024-07-01,3801,2024-04-30,1501,1666,PARK,2,5,7,3801,0,0,0,,0,4CAR,"LEVANT ST","STATES ST",0.00,,Y,A,-,N,,,,,,,,,,N,4,0,1,2,A,-,10,21950,A,N,G,B,D,A,H,-,A,A,0,Y,,,,Y,,A,01,0,0,1,0,1,0,0,0,0,"- ","- ",,,"SAN FRANCISCO","SAN FRANCISCO",-122.44232177734375,37.764999389648438
9705211,2024,2024-07-01,3801,2024-04-09,1034,2323,BAYVI,2,5,7,3801,0,0,0,,0,,"DARTMOUTH ST","FELTON ST",69.00,N,N,A,-,N,,,,,,,,,,N,2,0,1,2,A,-,03,22350,,N,D,E,A,A,H,-,A,D,0,,,Y,,Y,,C,02,1,0,0,0,0,0,0,0,1,"- ","- ",,,"SAN FRANCISCO","SAN FRANCISCO",-122.41256713867188,37.7281494140625
9705223,2024,2024-06-27,3801,2024-04-03,"850 ",801,SOUTH,3,5,7,3801,0,0,0,,0,0B1,"BRYANT ST","BRYANT ST 427",0.00,,Y,A,-,N,,,,,,,,,,N,4,0,1,2,A,-,08,22107,,N,B,C,A,A,H,-,A,D,0,,,,,Y,,-,,0,0,1,0,0,0,0,0,0,"- ","- ",,,"SAN FRANCISCO","SAN FRANCISCO",,
9705224,2024,2024-06-27,3801,2024-04-26,"204 ",2708,SOUTH,5,5,7,3801,0,0,0,,0,3B15E,"HOWARD ST","8TH ST",0.00,,Y,A,-,N,,,,,,,,,,N,4,0,1,2,A,-,04,21703,,F,C,C,A,A,H,-,C,-,0,,,,,Y,,A,01,0,0,1,0,0,0,0,0,0,"- ","- ",,,"SAN FRANCISCO","SAN FRANCISCO",-122.41159057617188,37.776229858398438
9705225,2024,2024-06-27,3801,2024-04-21,"255 ",262,TRAFF,7,5,7,3801,0,0,0,,0,4B1E,"GUERRERO ST","DUBOCE AV",0.00,,Y,A,-,N,,,,,,,,,,Y,2,0,1,2,A,-,12,21453,A,N,D,C,A,A,H,-,C,A,0,,,,,Y,,A,01,1,0,0,0,0,0,0,0,0,"- ","- ",,,"SAN FRANCISCO","SAN FRANCISCO",-122.42459106445312,37.769741058349609
9705226,2024,2024-08-01,3801,2024-04-18,1706,2305,TRAFF,4,5,7,3801,0,0,0,,0,4B3F,"GOUGH ST","ELM ST",0.00,,Y,A,-,N,,,,,,,,,,Y,2,0,1,2,C,-,18,,,N,B,C,A,A,H,-,A,A,0,,,,,Y,,-,"- ",1,0,0,0,0,0,0,0,0,"- ","- ",,,"SAN FRANCISCO","SAN FRANCISCO",-122.42383575439453,37.781082153320312
9705227,2024,2024-06-28,3801,2024-04-13,"620 ",283,MISSI,6,5,7,3801,0,0,0,,0,0D6,"POTRERO AV","23RD ST",0.00,,Y,C,-,N,,,,,,,,,,Y,4,0,1,2,A,-,03,22350,,F,B,C,A,B,H,-,B,A,0,,,,,Y,,A,01,0,0,1,0,0,0,0,0,0,"- ","- ",,,"SAN FRANCISCO","SAN FRANCISCO",-122.40647125244141,37.75457763671875
9705231,2024,2024-06-28,3801,2024-06-06,1130,891,PARK,4,5,7,3801,0,0,0,,0,,"GROVE ST","BAKER ST",0.00,,Y,A,-,N,,,,,,,,,,N,2,0,1,2,A,-,10,21950,A,F,G,B,B,A,H,-,A,A,0,Y,,,,Y,,-,,1,0,0,0,1,0,0,0,0,"- ","- ",,,"SAN FRANCISCO","SAN FRANCISCO",-122.44127655029297,37.775493621826172
9705232,2024,2024-06-28,3801,2024-04-29,1604,104,TRAFF,1,5,7,3801,0,0,0,,0,104,"EDDY ST","LAGUNA ST",0.00,,Y,A,-,N,,,,,,,,,,Y,4,0,4,4,A,-,12,21453,A,N,D,C,B,A,H,-,A,A,0,Y,,,,Y,Y,A,01,0,0,4,0,2,0,0,0,0,"- ","- ",,,"SAN FRANCISCO","SAN FRANCISCO",-122.42739868164062,37.782062530517578
9705233,2024,2024-06-28,3801,2024-04-30,2108,1066,NORTH,2,5,7,3801,0,0,0,,0,3E6E,"POLK ST","JACKSON ST",0.00,,Y,A,-,N,,,,,,,,,,N,3,0,1,2,A,-,12,21453,A,N,D,C,A,A,H,-,C,A,0,,,Y,,Y,,C,03,0,1,0,0,0,0,0,0,1,"- ","- ",,,"SAN FRANCISCO","SAN FRANCISCO",-122.42138671875,37.794139862060547
9705234,2024,2024-06-28,3801,2024-04-30,1905,2168,TENDE,2,5,7,3801,0,0,0,,0,3J12D,"ELLIS ST","LEAVENWORTH ST",0.00,,Y,A,-,N,,,,,,,,,,Y,2,0,1,4,A,-,08,22107,,N,H,D,A,A,H,-,B,A,0,,,,,Y,,A,01,1,0,0,0,0,0,0,0,0,"- ","- ",,,"SAN FRANCISCO","SAN FRANCISCO",-122.41442108154297,37.784671783447266
9705235,2024,2024-07-17,3801,2024-04-28,1050,1593,PARK,7,5,7,3801,0,0,0,,0,PARK,"TWIN PEAKS BL","PANORAMA DR",0.00,,Y,A,-,N,,,,,,,,,,N,4,0,1,2,A,-,09,21801,A,N,H,G,A,A,H,-,A,-,0,,Y,,,Y,,A,01,0,0,1,0,0,0,1,0,0,"- ","- ",,,"SAN FRANCISCO","SAN FRANCISCO",-122.44951629638672,37.746631622314453
9705236,2024,2024-06-28,3801,2024-04-25,2005,1374,TARAV,4,5,7,3801,0,0,0,,0,3I4D,"MONTEREY BL","NORTHGATE DR",0.00,,Y,A,-,N,,,,,,,,,,N,4,0,1,2,A,-,10,21950,A,N,G,H,B,A,H,-,D,D,0,Y,,,,Y,,A,01,0,0,1,0,1,0,0,0,0,"- ","- ",,,"SAN FRANCISCO","SAN FRANCISCO",-122.46172332763672,37.730014801025391
9705237,2024,2024-06-28,3801,2024-04-19,1154,1695,NORTH,5,5,7,3801,0,0,0,,0,3E4A,"DIVISADERO ST","BUSH ST",0.00,,Y,A,-,N,,,,,,,,,,N,4,0,1,2,A,-,04,21703,,N,C,C,A,A,H,-,A,A,0,,,,,Y,,A,07,0,0,1,0,0,0,0,0,0,"- ","- ",,,"SAN FRANCISCO","SAN FRANCISCO",-122.44004821777344,37.78619384765625
9705238,2024,2024-06-28,3801,2024-04-17,1745,186,TRAFF,3,5,7,3801,0,0,0,,0,4B103,"PRECITA AV","FOLSOM ST",0.00,,Y,A,-,N,,,,,,,,,,N,3,0,1,2,A,-,12,21453,A,N,D,G,A,A,H,-,A,A,0,,Y,,,Y,Y,L,04,0,1,0,0,0,0,1,0,0,"- ","- ",,,"SAN FRANCISCO","SAN FRANCISCO",-122.41358184814453,37.747188568115234
9705239,2024,2024-06-28,3801,2024-04-15,1746,2398,NORTH,1,5,7,3801,0,0,0,,0,02E,"LAGUNA ST","MCALLISTER ST",70.00,N,N,A,-,N,,,,,,,,,,Y,4,0,1,3,A,-,03,22350,,N,C,C,A,-,H,-,A,A,0,,,,,Y,,A,01,0,0,1,0,0,0,0,0,0,"- ","- ",,,"SAN FRANCISCO","SAN FRANCISCO",-122.42685699462891,37.779449462890625
9705240,2024,2024-06-28,3801,2024-04-29,1918,,BAYVI,1,5,7,3801,0,0,0,,0,002,"BAYSHORE BL","COURTLAND ST",0.00,,Y,A,-,N,,,,,,,,,,N,3,0,1,2,A,-,08,22107,,N,D,G,A,A,H,-,C,A,0,,Y,,,Y,,-,,0,1,0,0,0,0,1,0,0,"- ","- ",,,"SAN FRANCISCO","SAN FRANCISCO",-122.40699005126953,37.739582061767578