CASE_ID,ACCIDENT_YEAR,PROC_DATE,JURIS,COLLISION_DATE,COLLISION_TIME,OFFICER_ID,REPORTING_DISTRICT,DAY_OF_WEEK,CHP_SHIFT,POPULATION,CNTY_CITY_LOC,SPECIAL_COND,BEAT_TYPE,CHP_BEAT_TYPE,CITY_DIVISION_LAPD,CHP_BEAT_CLASS,BEAT_NUMBER,PRIMARY_RD,SECONDARY_RD,DISTANCE,DIRECTION,INTERSECTION,WEATHER_1,WEATHER_2,STATE_HWY_IND,CALTRANS_COUNTY,CALTRANS_DISTRICT,STATE_ROUTE,ROUTE_SUFFIX,POSTMILE_PREFIX,POSTMILE,LOCATION_TYPE,RAMP_INTERSECTION,SIDE_OF_HWY,TOW_AWAY,COLLISION_SEVERITY,NUMBER_KILLED,NUMBER_INJURED,PARTY_COUNT,PRIMARY_COLL_FACTOR,PCF_CODE_OF_VIOL,PCF_VIOL_CATEGORY,PCF_VIOLATION,PCF_VIOL_SUBSECTION,HIT_AND_RUN,TYPE_OF_COLLISION,MVIW,PED_ACTION,ROAD_SURFACE,ROAD_COND_1,ROAD_COND_2,LIGHTING,CONTROL_DEVICE,CHP_ROAD_TYPE,PEDESTRIAN_ACCIDENT,BICYCLE_ACCIDENT,MOTORCYCLE_ACCIDENT,TRUCK_ACCIDENT,NOT_PRIVATE_PROPERTY,ALCOHOL_INVOLVED,STWD_VEHTYPE_AT_FAULT,CHP_VEHTYPE_AT_FAULT,COUNT_SEVERE_INJ,COUNT_VISIBLE_INJ,COUNT_COMPLAINT_PAIN,COUNT_PED_KILLED,COUNT_PED_INJURED,COUNT_BICYCLIST_KILLED,COUNT_BICYCLIST_INJURED,COUNT_MC_KILLED,COUNT_MC_INJURED,PRIMARY_RAMP,SECONDARY_RAMP,LATITUDE,LONGITUDE,COUNTY,CITY,POINT_X,POINT_Y
9705241,2024,2024-06-27,3801,2024-04-24,1536,1061,SOUTH,3,5,7,3801,0,0,0,,0,3B11D,"1ST ST","HOWARD ST",0.00,,Y,A,-,N,,,,,,,,,,N,4,0,1,2,A,-,12,21453,A,N,D,C,A,A,H,-,A,A,0,,,,,Y,,M,94,0,0,1,0,0,0,0,0,0,"- ","- ",,,"SAN FRANCISCO","SAN FRANCISCO",-122.39604187011719,37.788551330566406
9705242,2024,2024-06-27,3801,2024-04-17,"956 ",788,SOUTH,3,5,7,3801,0,0,0,,0,3B4A,"DIVISION ST","HENRY ADAMS ST",75.00,E,N,A,-,N,,,,,,,,,,N,4,0,1,2,A,-,10,21950,A,N,G,B,B,A,H,-,A,A,0,Y,,,,Y,,A,01,0,0,1,0,1,0,0,0,0,"- ","- ",,,"SAN FRANCISCO","SAN FRANCISCO",,
9705243,2024,2024-07-11,3801,2024-04-13,1805,2210,SOUTH,6,5,7,3801,0,0,0,,0,0B4,"GOUGH ST","MARKET ST",0.00,,Y,B,-,N,,,,,,,,,,N,3,0,1,2,A,-,08,22107,,N,B,C,A,B,H,-,A,A,0,,,Y,,Y,,A,01,0,1,0,0,0,0,0,0,1,"- ","- ",,,"SAN FRANCISCO","SAN FRANCISCO",-122.42221069335938,37.772872924804688
9705244,2024,2024-06-27,3801,2024-04-29,1148,2748,SOUTH,1,5,7,3801,0,0,0,,0,3B12A,"4TH ST","PERRY ST",0.00,,Y,A,-,N,,,,,,,,,,N,4,0,1,2,A,-,11,21955,,N,G,B,D,A,H,-,A,A,0,Y,,,,Y,,N,60,0,0,1,0,1,0,0,0,0,"- ","- ",,,"SAN FRANCISCO","SAN FRANCISCO",-122.39914703369141,37.780433654785156
9705245,2024,2024-07-09,3801,2024-04-29,"732 ",1297,PARK,1,5,7,3801,0,0,0,,0,3F13A,"STANYAN ST","PAGE ST",0.00,,Y,A,-,N,,,,,,,,,,Y,4,0,1,2,A,-,04,21703,,N,C,C,A,A,H,-,A,A,0,,,,,Y,,A,08,0,0,1,0,0,0,0,0,0,"- ","- ",,,"SAN FRANCISCO","SAN FRANCISCO",-122.45372009277344,37.770103454589844
9705246,2024,2024-06-27,3801,2024-04-28,2012,1523,NORTH,7,5,7,3801,0,0,0,,0,NORTHE,"CALIFORNIA ST","WEBSTER ST",20.00,W,N,A,-,N,,,,,,,,,,N,4,0,1,1,A,-,08,22107,,N,F,A,A,A,H,-,C,A,0,,,Y,,Y,,C,03,0,0,1,0,0,0,0,0,1,"- ","- ",,,"SAN FRANCISCO","SAN FRANCISCO",-122.43225860595703,37.789093017578125
9705247,2024,2024-06-27,3801,2024-04-28,1617,1414,MISSI,7,5,7,3801,0,0,0,,0,3D16D,"13TH ST","BRYANT ST",0.00,,Y,A,-,N,,,,,,,,,,N,4,0,1,2,A,-,07,21658,A,N,B,C,A,A,H,-,A,A,0,,,,,Y,Y,A,01,0,0,1,0,0,0,0,0,0,"- ","- ",,,"SAN FRANCISCO","SAN FRANCISCO",-122.410928,37.769399999999997
9705248,2024,2024-06-27,3801,2024-04-28,1336,1531,RICHM,7,5,7,3801,0,0,0,,0,,"ARGUELLO BL","ANZA ST",154.00,N,N,A,-,N,,,,,,,,,,N,3,0,1,2,A,-,17,22517,,N,H,G,A,A,H,-,A,D,0,,Y,,,Y,,A,01,0,1,0,0,0,0,1,0,0,"- ","- ",,,"SAN FRANCISCO","SAN FRANCISCO",-122.45877838134766,37.779773712158203
9705249,2024,2024-06-27,3801,2024-04-30,1400,2366,NORTH,2,5,7,3801,0,0,0,,0,2AR,"GEARY BL","LAGUNA ST",0.00,,Y,A,-,N,,,,,,,,,,N,4,0,2,2,A,-,08,22107,,N,D,C,A,A,H,-,A,A,0,,,,,Y,,A,01,0,0,2,0,0,0,0,0,0,"- ","- ",,,"SAN FRANCISCO","SAN FRANCISCO",-122.42800140380859,37.785041809082031
9705250,2024,2024-06-27,3801,2024-04-30,1219,1964,MISSI,2,5,7,3801,0,0,0,,0,3D13C,"MISSINO ST","15TH ST",235.00,S,N,A,-,N,,,,,,,,,,N,3,0,1,2,D,-,00,,,N,H,E,A,A,H,-,A,D,0,,Y,,,Y,,-,"- ",0,1,0,0,0,0,1,0,0,"- ","- ",,,"SAN FRANCISCO","SAN FRANCISCO",-122.41975402832031,37.766025543212891
9705251,2024,2024-07-09,3801,2024-04-16,"725 ",1796,RICHM,2,5,7,3801,0,0,0,,0,3G14A,"CABRILLO ST","23RD ST",0.00,,Y,A,-,N,,,,,,,,,,N,4,0,1,2,A,-,09,21800,A,N,D,G,A,A,H,-,A,D,0,,Y,,,Y,,A,01,0,0,1,0,0,0,1,0,0,"- ","- ",,,"SAN FRANCISCO","SAN FRANCISCO",-122.482177734375,37.774539947509766
9705252,2024,2024-06-27,3801,2024-04-28,1654,A23187,CENTR,7,5,7,3801,0,0,0,,0,4CAR,"EMBARCADERO NORTH","BAY ST",0.00,,Y,A,-,N,,,,,,,,,,N,3,0,1,2,A,-,12,21453,A,N,D,C,A,A,H,-,A,A,0,,,Y,,Y,,C,02,0,1,0,0,0,0,0,0,1,"- ","- ",,,"SAN FRANCISCO","SAN FRANCISCO",-122.40596771240234,37.806632995605469
9705253,2024,2024-06-27,3801,2024-04-26,1521,323,CENTR,5,5,7,3801,0,0,0,,0,3A15D,"MARKET ST","MAIN ST",0.00,,Y,A,-,N,,,,,,,,,,N,4,0,1,2,A,-,10,21950,A,N,G,B,B,A,H,-,A,A,0,Y,,,,Y,,A,01,0,0,1,0,1,0,0,0,0,"- ","- ",,,"SAN FRANCISCO","SAN FRANCISCO",-122.39653778076172,37.793098449707031
9705254,2024,2024-06-27,3801,2024-04-29,1040,4279,INGLE,1,5,7,3801,0,0,0,,0,,"GOLDEN GATE AV","VAN NESS AV",0.00,,Y,A,-,N,,,,,,,,,,N,4,0,1,2,A,-,03,22350,,F,C,C,A,A,-,-,A,A,0,,,,,Y,,A,01,0,0,1,0,0,0,0,0,0,"- ","- ",,,"SAN FRANCISCO","SAN FRANCISCO",-122.42038726806641,37.781028747558594
9705255,2024,2024-06-27,3801,2024-04-29,"804 ",1944,INGLE,1,5,7,3801,0,0,0,,0,0H6,"BAYSHORE BL","LELAND AV",0.00,,Y,A,-,N,,,,,,,,,,N,3,0,1,2,A,-,11,21453,D,N,G,B,E,A,H,-,A,A,0,Y,,,,Y,,N,60,0,1,0,0,1,0,0,0,0,"- ","- ",,,"SAN FRANCISCO","SAN FRANCISCO",-122.40377044677734,37.711204528808594
9705256,2024,2024-06-27,3801,2024-04-25,"48  ",484,SOUTH,4,5,7,3801,0,0,0,,0,3B13E,"OCTAVIA ST","MARKET ST",0.00,,Y,A,-,N,,,,,,,,,,N,4,0,1,2,A,-,03,22350,,F,C,C,A,A,H,-,C,A,0,,,,,Y,,A,01,0,0,1,0,0,0,0,0,0,"- ","- ",,,"SAN FRANCISCO","SAN FRANCISCO",-122.42359161376953,37.771774291992188
9705257,2024,2024-06-27,3801,2024-04-26,1730,1308,SOUTH,5,5,7,3801,0,0,0,,0,4R81,"KING ST","2ND ST",0.00,,Y,A,-,N,,,,,,,,,,N,3,0,1,2,C,-,18,,,N,B,G,A,A,H,-,A,A,0,,Y,,,Y,,-,"- ",0,1,0,0,0,0,1,0,0,"- ","- ",,,"SAN FRANCISCO","SAN FRANCISCO",-122.38970184326172,37.779956817626953
9705258,2024,2024-06-27,3801,2024-04-30,"849 ",1075,SOUTH,2,5,7,3801,0,0,0,,0,3B13A,"NATOMA ST","7TH ST",0.00,,Y,A,-,N,,,,,,,,,,N,4,0,1,2,A,-,09,21804,A,N,D,G,A,A,H,-,A,A,0,,Y,,,Y,,A,01,0,0,1,0,0,0,1,0,0,"- ","- ",,,"SAN FRANCISCO","SAN FRANCISCO",-122.40989685058594,37.778400421142578
9705259,2024,2024-06-27,3801,2024-04-29,"902 ",1457,TARA,1,5,7,3801,0,0,0,,0,003,"NORIEGA ST","38TH AV",0.00,,Y,A,-,N,,,,,,,,,,N,3,0,1,1,A,-,03,22350,,N,F,A,A,A,H,-,A,D,0,,Y,,,Y,,L,04,0,1,0,0,0,0,1,0,0,"- ","- ",,,"SAN FRANCISCO","SAN FRANCISCO",-122.49684143066406,37.753360748291016
9705260,2024,2024-06-27,3801,2024-04-05,"925 ",2707,TARAV,5,5,7,3801,0,0,0,,0,5CAR,"OCEAN AV","FOREST VIEW DR",0.00,,Y,A,-,N,,,,,,,,,,N,4,0,2,2,A,-,12,22450,A,N,D,C,A,A,H,-,A,A,0,,,,,Y,,A,01,0,0,2,0,0,0,0,0,0,"- ","- ",,,"SAN FRANCISCO","SAN FRANCISCO",-122.483642578125,37.732357025146484
9705262,2024,2024-06-28,3801,2024-04-06,"100 ",451,MISSI,6,5,7,3801,0,0,0,,0,3D15E,"18TH ST","FOLSOM ST",0.00,,Y,A,-,N,,,,,,,,,,N,2,0,1,2,A,-,09,21801,A,F,-,C,A,A,H,-,C,A,0,,,,,Y,,-,99,1,0,0,0,0,0,0,0,0,"- ","- ",,,"SAN FRANCISCO","SAN FRANCISCO",-122.41499328613281,37.762100219726562
9705263,2024,2024-06-28,3801,2024-04-03,"903 ",4001,MISSI,3,5,7,3801,0,0,0,,0,03D,"SANCHEZ ST","MARKET ST",0.00,,Y,A,-,N,,,,,,,,,,Y,3,0,1,3,A,-,12,21453,A,N,D,D,A,A,H,-,A,A,0,,,,,Y,,-,,0,1,0,0,0,0,0,0,0,"- ","- ",,,"SAN FRANCISCO","SAN FRANCISCO",-122.43100738525391,37.765979766845703
9705264,2024,2024-06-28,3801,2024-04-25,2034,1857,SOUTH,4,5,7,3801,0,0,0,,0,SOUTHE,"FOLSOM ST","ESSEX ST",212.00,W,N,A,-,N,,,,,,,,,,N,4,0,1,2,D,-,00,,,N,C,C,A,A,H,-,C,A,0,,,,,Y,,-,"- ",0,0,1,0,0,0,0,0,0,"- ","- ",,,"SAN FRANCISCO","SAN FRANCISCO",-122.39620971679688,37.785968780517578
9705265,2024,2024-06-28,3801,2024-04-21,2500,4259,RICHM,7,5,7,3801,0,0,0,,0,3G12D,"FULTON ST","ARGUELLO BL",160.00,E,N,A,-,N,,,,,,,,,,Y,4,0,1,2,A,-,05,21460,,N,B,C,A,A,-,-,A,D,0,,,,,Y,,A,01,0,0,1,0,0,0,0,0,0,"- ","- ",,,"SAN FRANCISCO","SAN FRANCISCO",-122.45780181884766,37.774356842041016
9705266,2024,2024-06-28,3801,2024-04-19,2226,1203,MISSI,5,5,7,3801,0,0,0,,0,3D13E,"SOUTH VAN NESS AV","17TH ST",0.00,,Y,A,-,N,,,,,,,,,,,3,0,1,2,A,-,09,21804,A,F,D,C,A,A,H,-,C,A,0,,,Y,,Y,,A,01,0,1,0,0,0,0,0,0,1,"- ","- ",,,"SAN FRANCISCO","SAN FRANCISCO",-122.41733551025391,37.763557434082031
9705267,2024,2024-06-28,3801,2024-04-06,1856,1198,MISSI,6,5,7,3801,0,0,0,,0,3D13D,"21ST ST","CAPP ST",0.00,,Y,A,-,N,,,,,,,,,,Y,3,0,1,2,A,-,12,22450,A,N,G,B,-,A,H,-,A,A,0,Y,,,,Y,,A,01,0,1,0,0,1,0,0,0,0,"- ","- ",,,"SAN FRANCISCO","SAN FRANCISCO",-122.41780853271484,37.757080078125
9705268,2024,2024-07-11,3801,2024-04-26,2102,1021,BAYVI,5,5,7,3801,0,0,0,,0,3C2E,"EVANS AV","PHELPS ST",0.00,,Y,A,-,N,,,,,,,,,,Y,2,0,3,2,A,-,12,21453,A,N,D,C,A,A,H,-,C,A,0,,,,,Y,,-,"- ",1,0,2,0,0,0,0,0,0,"- ","- ",,,"SAN FRANCISCO","SAN FRANCISCO",-122.38845062255859,37.742977142333984
9705269,2024,2024-06-28,3801,2024-04-06,"234 ",483,MISSI,6,5,7,3801,0,0,0,,0,,"MISSION ST","18TH ST",0.00,,Y,A,-,N,,,,,,,,,,Y,4,0,1,2,A,-,12,21453,,N,-,C,A,A,H,-,C,A,0,,,,,Y,,A,01,0,0,1,0,0,0,0,0,0,"- ","- ",,,"SAN FRANCISCO","SAN FRANCISCO",-122.41936492919922,37.7618408203125
9705270,2024,2024-06-28,3801,2024-04-20,"830 ",2310,BAYVI,6,5,7,3801,0,0,0,,0,3C12A,"OAKDALE AV","LOOMIS ST",0.00,,Y,A,-,N,,,,,,,,,,N,4,0,1,2,A,-,12,22450,A,N,D,G,A,A,H,-,A,A,0,,Y,,,Y,,L,04,0,0,1,0,0,0,1,0,0,"- ","- ",,,"SAN FRANCISCO","SAN FRANCISCO",-122.40431213378906,37.742527008056641
9705271,2024,2024-06-28,3801,2024-04-30,1943,1796,RICHM,2,5,7,3801,0,0,0,,0,3G12D,"GEARY BL","BLAKE ST",0.00,,Y,A,-,N,,,,,,,,,,Y,4,0,1,2,A,-,09,21801,,N,D,C,A,A,H,-,B,A,0,,,Y,,Y,,A,01,0,0,1,0,0,0,0,0,1,"- ","- ",,,"SAN FRANCISCO","SAN FRANCISCO",-122.45111846923828,37.782054901123047
9705272,2024,2024-06-27,3801,2024-04-26,1009,8,NORTH,5,5,7,3801,0,0,0,,0,3E60,"GOUGH ST","PAGE ST",0.00,,Y,A,-,N,,,,,,,,,,N,3,0,1,2,A,-,12,21453,A,N,-,G,A,-,H,-,A,A,0,,Y,,,Y,,A,01,0,1,0,0,0,0,1,0,0,"- ","- ",,,"SAN FRANCISCO","SAN FRANCISCO",-122.42240905761719,37.774070739746094
9705273,2024,2024-06-27,3801,2024-04-26,2245,1622,NORTH,5,5,7,3801,0,0,0,,0,3E103,"DIVISADERO ST","GROVE ST",122.00,S,N,A,-,N,,,,,,,,,,N,4,0,1,2,A,-,03,22350,,F,C,G,A,A,H,-,C,A,0,,Y,,,Y,,A,01,0,0,1,0,0,0,1,0,0,"- ","- ",,,"SAN FRANCISCO","SAN FRANCISCO",-122.43791961669922,37.775600433349609
9705281,2024,2024-06-27,3801,2024-03-26,1830,385,CENTR,2,5,7,3801,0,0,0,,0,3A11D,"CALIFORNIA ST","TAYLOR ST",0.00,,Y,A,-,N,,,,,,,,,,N,3,0,1,2,A,-,10,21950,A,N,G,B,B,A,H,-,B,B,0,Y,,,,Y,,A,01,0,1,0,0,1,0,0,0,0,"- ","- ",,,"SAN FRANCISCO","SAN FRANCISCO",-122.41246032714844,37.791610717773438
9705282,2024,2024-06-27,3801,2024-03-28,2025,1148,MISSI,4,5,7,3801,0,0,0,,0,3D15D,"16TH ST","SHOTWELL ST",25.00,N,N,A,-,N,,,,,,,,,,N,3,0,1,2,A,-,10,21950,,N,-,B,F,A,H,-,C,D,0,Y,,,,Y,,A,01,0,1,0,0,1,0,0,0,0,"- ","- ",,,"SAN FRANCISCO","SAN FRANCISCO",-122.41636657714844,37.765251159667969
9705283,2024,2024-06-27,3801,2024-03-25,1311,1075,SOUTH,1,5,7,3801,0,0,0,,0,3B14A,"9TH ST","HARRISON ST",0.00,,Y,A,-,N,,,,,,,,,,N,4,0,1,2,A,-,10,21950,,N,G,B,B,A,H,-,A,A,0,Y,,,,Y,,A,01,0,0,1,0,1,0,0,0,0,"- ","- ",,,"SAN FRANCISCO","SAN FRANCISCO",-122.41004943847656,37.772533416748047
9705284,2024,2024-06-27,3801,2024-03-24,1400,2728,TENDE,7,5,7,3801,0,0,0,,0,908,"MCALLISTER ST","LARKIN ST",0.00,,Y,-,-,N,,,,,,,,,,N,2,0,1,2,D,-,00,,,F,-,B,-,-,-,-,-,A,0,Y,,,,Y,,-,"- ",1,0,0,0,1,0,0,0,0,"- ","- ",,,"SAN FRANCISCO","SAN FRANCISCO",-122.41693878173828,37.780498504638672
9705285,2024,2024-06-27,3801,2024-03-31,2225,917,TRAFF,7,5,7,3801,0,0,0,,0,4B2E,"MARKET ST","OCTAVIA ST",0.00,,Y,A,-,N,,,,,,,,,,N,2,0,1,2,A,-,08,22107,,F,D,G,A,A,H,-,C,A,0,,Y,,,Y,,-,99,1,0,0,0,0,0,1,0,0,"- ","- ",,,"SAN FRANCISCO","SAN FRANCISCO",-122.42359161376953,37.771774291992188
9705432,2024,2024-07-16,3801,2024-05-23,1620,2222,TARAV,4,5,7,3801,0,0,0,,0,3I13D,"DARIEN WY","NORTHGATE DR",58.00,E,N,A,-,N,,,,,,,,,,Y,4,0,2,1,D,-,00,,,N,E,I,A,A,H,-,A,D,0,,,,,Y,,-,"- ",0,0,2,0,0,0,0,0,0,"- ","- ",,,"SAN FRANCISCO","SAN FRANCISCO",-122.46134948730469,37.729358673095703
9705508,2024,2024-06-27,3801,2024-04-28,"802 ",1364,NORTH,7,5,7,3801,0,0,0,,0,3E11A,"FILLMORE ST","MCALLISTER ST",62.00,N,N,A,-,N,,,,,,,,,,N,4,0,1,2,A,-,11,21955,,N,G,B,D,A,H,-,A,D,0,Y,,,,Y,,N,60,0,0,1,0,1,0,0,0,0,"- ","- ",,,"SAN FRANCISCO","SAN FRANCISCO",-122.43178558349609,37.77880859375
9707602,2024,2024-06-27,3801,2024-01-13,1839,246,TARAV,6,5,7,3801,0,0,0,,0,"5 CAR","19TH AV","SLOAT BL",0.00,,Y,C,-,N,,,,,,,,,,N,4,0,1,2,A,-,08,22100,A,N,D,C,A,B,H,-,C,A,0,,,,,Y,,A,07,0,0,1,0,0,0,0,0,0,"- ","- ",,,"SAN FRANCISCO","SAN FRANCISCO",-122.47511291503906,37.734561920166016
9707603,2024,2024-06-27,3801,2024-01-24,1800,1857,SOUTH,3,5,7,3801,0,0,0,,0,002,"5TH ST","FOLSOM ST",25.00,N,N,A,-,N,,,,,,,,,,N,4,0,1,2,D,-,00,,,N,B,C,A,A,H,-,C,A,0,,,,,Y,,-,"- ",0,0,1,0,0,0,0,0,0,"- ","- ",,,"SAN FRANCISCO","SAN FRANCISCO",-122.40345764160156,37.780319213867188
9707604,2024,2024-06-27,3801,2024-02-26,1224,2088,INGLE,1,5,7,3801,0,0,0,,0,3H12A,"SAN JOSE AV","RANDALL ST",11.00,S,N,A,-,N,,,,,,,,,,Y,3,0,2,2,A,-,12,21453,A,N,D,C,A,A,H,-,A,A,0,,,,,Y,,A,01,0,2,0,0,0,0,0,0,0,"- ","- ",,,"SAN FRANCISCO","SAN FRANCISCO",-122.42427062988281,37.739830017089844
9708081,2024,2024-08-09,3801,2024-06-13,"5   ",2463,SOUTH,4,5,7,3801,0,0,0,,0,3B11E,"MISSION ST","7TH ST",0.00,,Y,A,-,N,,,,,,,,,,N,4,0,1,2,A,-,08,22101,D,F,D,G,A,A,H,-,C,A,0,,Y,,,Y,,A,01,0,0,1,0,0,0,1,0,0,"- ","- ",,,"SAN FRANCISCO","SAN FRANCISCO",-122.41089630126953,37.779209136962891
9708082,2024,2024-08-30,3801,2024-06-12,1011,311,NORTH,3,5,7,3801,0,0,0,,0,3E2A,"TURK ST","STEINER ST",0.00,,Y,A,-,N,,,,,,,,,,N,4,0,1,2,A,-,08,22107,,N,D,C,A,A,H,-,A,D,0,,,,,Y,,A,01,0,0,1,0,0,0,0,0,0,"- ","- ",,,"SAN FRANCISCO","SAN FRANCISCO",-122.43376922607422,37.780300140380859
9708083,2024,2024-09-09,3801,2024-06-05,1735,2425,SOUTH,3,5,7,3801,0,0,0,,0,3B11D,"MISSION ST","STEURAT ST",0.00,E,N,A,-,N,,,,,,,,,,N,4,0,1,2,A,-,13,22500,,M,H,E,A,A,H,-,A,A,0,,,,,Y,,-,,0,0,1,0,0,0,0,0,0,"- ","- ",,,"SAN FRANCISCO","SAN FRANCISCO",-122.3931884765625,37.793251037597656
9708084,2024,2024-08-09,3801,2024-06-04,2345,1723,NORTH,2,5,7,3801,0,0,0,,0,006,"VAN NESS AV","GREENWICH ST",0.00,,Y,A,-,N,,,,,,,,,,N,4,0,1,2,A,-,03,22350,,M,C,C,A,A,H,-,C,A,0,,,Y,,Y,,A,07,0,0,1,0,0,0,0,0,1,"- ","- ",,,"SAN FRANCISCO","SAN FRANCISCO",-122.42430877685547,37.800422668457031
9708085,2024,2024-08-09,3801,2024-06-04,1739,539,NORTH,2,5,7,3801,0,0,0,,0,NORTHE,"STEINER ST","TURK ST",30.00,S,N,A,-,N,,,,,,,,,,N,3,0,1,2,A,-,03,22350,,N,C,G,A,A,H,-,A,A,0,,Y,,,Y,,A,01,0,1,0,0,0,0,1,0,0,"- ","- ",,,"SAN FRANCISCO","SAN FRANCISCO",-122.43375396728516,37.780220031738281
9708086,2024,2024-09-04,3801,2024-06-04,1155,4259,RICHM,2,5,7,3801,0,0,0,,0,3G14A,"22ND AV","LAKE ST",250.00,,N,A,-,N,,,,,,,,,,Y,4,0,2,2,A,-,03,22350,,N,C,C,A,A,H,-,A,D,0,,,,,Y,,A,01,0,0,2,0,0,0,0,0,0,"- ","- ",,,"SAN FRANCISCO","SAN FRANCISCO",-122.48193359375,37.785888671875
9708087,2024,2024-08-09,3801,2024-06-04,1141,1849,RICHM,2,5,7,3801,0,0,0,,0,3G12A,"FULTON ST","ARGUELLO BL",0.00,,Y,A,-,N,,,,,,,,,,N,4,0,1,2,A,-,11,21456,A,N,G,B,B,A,H,-,A,A,0,Y,,,,Y,,N,60,0,0,1,0,1,0,0,0,0,"- ","- ",,,"SAN FRANCISCO","SAN FRANCISCO",-122.45835113525391,37.774288177490234
9708088,2024,2024-08-09,3801,2024-06-07,2234,1827,TENDE,5,5,7,3801,0,0,0,,0,3J15E,"OFARRELL ST","CYRIL MAGNIN ST",0.00,,Y,A,-,N,,,,,,,,,,Y,4,0,1,1,A,-,01,23152,,N,H,I,A,A,-,-,C,A,0,,,,,Y,,A,01,0,0,1,0,0,0,0,0,0,"- ","- ",,,"SAN FRANCISCO","SAN FRANCISCO",-122.40894317626953,37.786312103271484
9708089,2024,2024-08-09,3801,2024-06-07,1443,1394,MISSI,5,5,7,3801,0,0,0,,0,3D14C,"GUERRERO ST","17TH ST",0.00,,Y,A,-,N,,,,,,,,,,Y,4,0,2,2,A,-,12,21453,A,N,D,C,A,A,H,-,A,A,0,,,,,Y,,A,07,0,0,2,0,0,0,0,0,0,"- ","- ",,,"SAN FRANCISCO","SAN FRANCISCO",-122.42392730712891,37.763172149658203
9708090,2024,2024-08-30,3801,2024-06-07,"824 ",2124,MISSI,5,5,7,3801,0,0,0,,0,3D14A,"24TH ST","SHOTWELL ST",0.00,,Y,A,-,N,,,,,,,,,,N,4,0,1,2,A,-,04,21703,,N,C,-,A,A,H,-,A,A,0,,,,,Y,,A,01,0,0,1,0,0,0,0,0,0,"- ","- ",,,"SAN FRANCISCO","SAN FRANCISCO",-122.41517639160156,37.752452850341797
9708091,2024,2024-08-09,3801,2024-06-06,2131,1833,CENTR,4,5,7,3801,0,0,0,,0,3A11E,"SUTTER ST","MASON ST",0.00,,Y,A,-,N,,,,,,,,,,N,3,0,1,2,A,-,04,21703,,N,C,C,A,A,H,-,D,A,0,,,Y,,Y,,C,03,0,1,0,0,0,0,0,0,1,"- ","- ",,,"SAN FRANCISCO","SAN FRANCISCO",-122.41021728515625,37.789009094238281
9708092,2024,2024-08-09,3801,2024-06-06,1935,4187,NORTH,4,5,7,3801,0,0,0,,0,3E11D,"VALLEJO ST","POLK ST",165.00,E,N,A,-,N,,,,,,,,,,N,4,0,1,2,A,-,21,22106,,N,H,E,A,A,H,-,A,D,0,,,,,Y,,A,01,0,0,1,0,0,0,0,0,0,"- ","- ",,,"SAN FRANCISCO","SAN FRANCISCO",-122.42139434814453,37.796966552734375
9708093,2024,2024-08-09,3801,2024-06-06,1731,1246,BAYVI,4,5,7,3801,0,0,0,,0,3C14D,"3RD ST","FAIRFAX AV",0.00,,Y,A,-,N,,,,,,,,,,N,4,0,1,2,A,-,12,21453,A,F,D,C,A,A,H,-,A,A,0,,,,,Y,,A,01,0,0,1,0,0,0,0,0,0,"- ","- ",,,"SAN FRANCISCO","SAN FRANCISCO",-122.38829040527344,37.741966247558594
9708094,2024,2024-08-09,3801,2024-06-06,1552,2705,BAYVI,4,5,7,3801,0,0,0,,0,3C11D,"PENNSYLVANIA AV","25TH ST",0.00,,Y,B,-,N,,,,,,,,,,N,4,0,1,2,A,-,12,22450,A,N,D,C,A,A,H,-,A,A,0,,,,,Y,,-,,0,0,1,0,0,0,0,0,0,"- ","- ",,,"SAN FRANCISCO","SAN FRANCISCO",-122.39266204833984,37.752544403076172
9708095,2024,2024-08-09,3801,2024-06-02,1435,1288,NORTH,7,5,7,3801,0,0,0,,0,3E16A,"FRANKLIN ST","FRANCISCO ST",0.00,,Y,A,-,N,,,,,,,,,,Y,4,0,1,2,A,-,12,22450,A,N,D,C,A,A,H,-,A,D,0,,,,,Y,,A,01,0,0,1,0,0,0,0,0,0,"- ","- ",,,"SAN FRANCISCO","SAN FRANCISCO",-122.42655944824219,37.802997589111328
9708096,2024,2024-09-04,3801,2024-06-22,"859 ",624,NORTH,6,5,7,3801,0,0,0,,0,002,"GEARY BL","STEINER ST",0.00,,Y,A,-,N,,,,,,,,,,Y,4,0,1,2,A,-,00,22101,A,N,D,-,A,A,H,-,A,A,0,,,,,Y,,A,01,0,0,1,0,0,0,0,0,0,"- ","- ",,,"SAN FRANCISCO","SAN FRANCISCO",-122.43457794189453,37.784320831298828
9708097,2024,2024-09-04,3801,2024-06-21,2125,4005,PARK,5,5,7,3801,0,0,0,,0,3F13E,"TURK ST","STANYAN ST",0.00,,N,A,-,N,,,,,,,,,,Y,4,0,3,1,A,-,08,22107,,N,A,I,A,A,H,-,C,A,0,,,,,Y,,A,01,0,0,3,0,0,0,0,0,0,"- ","- ",37.778011322021484,-122.45516204833984,"SAN FRANCISCO","SAN FRANCISCO",-122.45523071289062,37.777591705322266
9708098,2024,2024-08-09,3801,2024-06-21,1718,1182,INGLE,5,5,7,3801,0,0,0,,0,3H43,"MISSION ST","ONONDAGA AV",10.00,S,N,A,-,N,,,,,,,,,,N,4,0,2,2,A,-,05,21651,B,F,A,C,A,A,H,-,A,A,0,,,,,Y,,A,01,0,0,2,0,0,0,0,0,0,"- ","- ",,,"SAN FRANCISCO","SAN FRANCISCO",-122.43751525878906,37.721126556396484