CASE_ID,ACCIDENT_YEAR,PROC_DATE,JURIS,COLLISION_DATE,COLLISION_TIME,OFFICER_ID,REPORTING_DISTRICT,DAY_OF_WEEK,CHP_SHIFT,POPULATION,CNTY_CITY_LOC,SPECIAL_COND,BEAT_TYPE,CHP_BEAT_TYPE,CITY_DIVISION_LAPD,CHP_BEAT_CLASS,BEAT_NUMBER,PRIMARY_RD,SECONDARY_RD,DISTANCE,DIRECTION,INTERSECTION,WEATHER_1,WEATHER_2,STATE_HWY_IND,CALTRANS_COUNTY,CALTRANS_DISTRICT,STATE_ROUTE,ROUTE_SUFFIX,POSTMILE_PREFIX,POSTMILE,LOCATION_TYPE,RAMP_INTERSECTION,SIDE_OF_HWY,TOW_AWAY,COLLISION_SEVERITY,NUMBER_KILLED,NUMBER_INJURED,PARTY_COUNT,PRIMARY_COLL_FACTOR,PCF_CODE_OF_VIOL,PCF_VIOL_CATEGORY,PCF_VIOLATION,PCF_VIOL_SUBSECTION,HIT_AND_RUN,TYPE_OF_COLLISION,MVIW,PED_ACTION,ROAD_SURFACE,ROAD_COND_1,ROAD_COND_2,LIGHTING,CONTROL_DEVICE,CHP_ROAD_TYPE,PEDESTRIAN_ACCIDENT,BICYCLE_ACCIDENT,MOTORCYCLE_ACCIDENT,TRUCK_ACCIDENT,NOT_PRIVATE_PROPERTY,ALCOHOL_INVOLVED,STWD_VEHTYPE_AT_FAULT,CHP_VEHTYPE_AT_FAULT,COUNT_SEVERE_INJ,COUNT_VISIBLE_INJ,COUNT_COMPLAINT_PAIN,COUNT_PED_KILLED,COUNT_PED_INJURED,COUNT_BICYCLIST_KILLED,COUNT_BICYCLIST_INJURED,COUNT_MC_KILLED,COUNT_MC_INJURED,PRIMARY_RAMP,SECONDARY_RAMP,LATITUDE,LONGITUDE,COUNTY,CITY,POINT_X,POINT_Y
9708099,2024,2024-08-09,3801,2024-06-21,1508,1857,SOUTH,5,5,7,3801,0,0,0,,0,002,"BRANNAN ST","6TH ST",0.00,,Y,A,-,N,,,,,,,,,,N,4,0,1,2,A,-,12,21453,A,F,D,D,A,A,H,-,A,A,0,,,,,Y,,A,01,0,0,1,0,0,0,0,0,0,"- ","- ",,,"SAN FRANCISCO","SAN FRANCISCO",-122.40095520019531,37.774826049804688
9708100,2024,2024-08-30,3801,2024-06-21,"927 ",2707,TARAV,5,5,7,3801,0,0,0,,0,6CAR,"SAINT CHARLES AV","CHARLES AV 268",0.00,,N,A,-,N,,,,,,,,,,Y,4,0,1,4,A,-,"- ",,,N,B,C,A,A,H,-,A,D,0,,,,,Y,,-,"- ",0,0,1,0,0,0,0,0,0,"- ","- ",,,"SAN FRANCISCO","SAN FRANCISCO",,
9708101,2024,2024-08-09,3801,2024-06-20,1748,255,INGLE,4,5,7,3801,0,0,0,,0,3H11D,"FOLSOM ST","STONEMAN ST",160.00,N,N,A,-,N,,,,,,,,,,N,3,0,1,2,A,-,06,21750,A,N,D,C,A,A,H,-,A,D,0,,,Y,,Y,,C,02,0,1,0,0,0,0,0,0,1,"- ","- ",,,"SAN FRANCISCO","SAN FRANCISCO",-122.41342926025391,37.745597839355469
9708102,2024,2024-08-09,3801,2024-06-20,1621,158,NORTH,4,5,7,3801,0,0,0,,0,3E14D,"OCTAVIA ST","PAGE ST",44.00,N,N,B,-,N,,,,,,,,,,N,4,0,1,3,A,-,17,22517,,N,B,C,A,A,H,-,A,A,0,,,Y,,Y,,A,07,0,0,1,0,0,0,0,0,1,"- ","- ",,,"SAN FRANCISCO","SAN FRANCISCO",-122.42413330078125,37.773998260498047
9708103,2024,2024-08-09,3801,2024-06-20,"532 ",1602,BAYVI,4,5,7,3801,0,0,0,,0,3C12E,"SILVER AV","LEDYARD ST",84.00,W,N,A,-,N,,,,,,,,,,Y,4,0,1,4,A,-,03,22350,,N,F,E,A,A,H,-,A,D,0,,,,,Y,,B,01,0,0,1,0,0,0,0,0,0,"- ","- ",,,"SAN FRANCISCO","SAN FRANCISCO",-122.40310668945312,37.733928680419922
9708104,2024,2024-09-09,3801,2024-06-20,"358 ",1952,CENTR,4,5,7,3801,0,0,0,,0,902,"ELLIS ST","STOCKTON ST",46.00,W,N,A,-,N,,,,,,,,,,N,3,0,1,2,A,-,17,21657,,N,A,-,A,A,H,-,C,A,0,,,,,Y,,M,94,0,1,0,0,0,0,0,0,0,"- ","- ",,,"SAN FRANCISCO","SAN FRANCISCO",-122.40633392333984,37.785682678222656
9708105,2024,2024-09-09,3801,2024-06-20,"143 ",1051,MISSI,4,5,7,3801,0,0,0,,0,3D94,"VALENCIA ST","25TH ST",219.00,S,N,A,-,N,,,,,,,,,,Y,4,0,2,2,A,-,01,23153,A,N,C,E,A,A,H,-,D,D,0,,,,,Y,Y,A,01,0,0,2,0,0,0,0,0,0,"- ","- ",,,"SAN FRANCISCO","SAN FRANCISCO",-122.42044067382812,37.749908447265625
9708106,2024,2024-08-09,3801,2024-06-09,1223,2008,MISSI,7,5,7,3801,0,0,0,,0,3D15A,"HARRISON ST","MISTRAL ST",0.00,,Y,A,-,N,,,,,,,,,,Y,3,0,1,3,A,-,03,22350,,N,C,C,A,A,H,-,A,D,0,,,,,Y,,A,01,0,1,0,0,0,0,0,0,0,"- ","- ",,,"SAN FRANCISCO","SAN FRANCISCO",-122.41264343261719,37.760101318359375
9708107,2024,2024-08-09,3801,2024-06-24,1742,1414,MISSI,1,5,7,3801,0,0,0,,0,3D16D,"16TH ST","POTRERO AV",0.00,,Y,A,-,N,,,,,,,,,,N,4,0,1,2,A,-,10,21950,,N,E,B,B,A,H,-,A,A,0,Y,,,,Y,Y,A,01,0,0,1,0,1,0,0,0,0,"- ","- ",,,"SAN FRANCISCO","SAN FRANCISCO",-122.40756225585938,37.765773773193359
9708108,2024,2024-09-09,3801,2024-06-21,2150,451,MISSI,5,5,7,3801,0,0,0,,0,3D11E,"VALENCIA ST","17TH ST",108.00,S,N,A,-,N,,,,,,,,,,N,2,0,1,2,A,-,07,21658,A,F,A,G,A,A,H,-,C,D,0,,Y,,,Y,,-,,1,0,0,0,0,0,1,0,0,"- ","- ",,,"SAN FRANCISCO","SAN FRANCISCO",-122.42170715332031,37.763004302978516
9708109,2024,2024-08-09,3801,2024-06-24,1435,2212,MISSI,1,5,7,3801,0,0,0,,0,1CAR,"16TH ST","VALENCIA ST",0.00,,Y,A,-,N,,,,,,,,,,N,3,0,1,2,A,-,09,21801,,N,B,C,A,A,H,-,A,A,0,,,Y,,Y,,C,03,0,1,0,0,0,0,0,0,1,"- ","- ",,,"SAN FRANCISCO","SAN FRANCISCO",-122.42189025878906,37.764907836914062
9708110,2024,2024-08-09,3801,2024-06-21,2104,1203,MISSI,5,5,7,3801,0,0,0,,0,0D3,"MISSION ST","25TH ST",15.00,S,N,B,-,N,,,,,,,,,,N,4,0,2,2,A,-,05,21651,A,N,B,C,A,A,H,-,C,A,0,,,,,Y,Y,A,01,0,0,2,0,0,0,0,0,0,"- ","- ",,,"SAN FRANCISCO","SAN FRANCISCO",-122.41829681396484,37.750617980957031
9708111,2024,2024-08-12,3801,2024-06-21,1535,1452,MISSI,5,5,7,3801,0,0,0,,0,3D114,"21ST ST","CHURCH ST",93.00,W,N,A,-,N,,,,,,,,,,N,4,0,1,3,A,-,21,22106,,N,C,B,E,A,H,-,A,D,0,Y,,,,Y,,A,01,0,0,1,0,1,0,0,0,0,"- ","- ",,,"SAN FRANCISCO","SAN FRANCISCO",-122.42822265625,37.756492614746094
9708112,2024,2024-09-17,3801,2024-06-20,1049,306,TENDE,4,5,7,3801,0,0,0,,0,3J13A,"MCALLISTER ST","LARKIN ST",242.00,E,N,A,B,N,,,,,,,,,,N,4,0,1,2,A,-,00,21954,,N,G,B,D,A,H,-,A,A,0,Y,,,,Y,,N,60,0,0,1,0,1,0,0,0,0,"- ","- ",,,"SAN FRANCISCO","SAN FRANCISCO",-122.41611480712891,37.780624389648438
9708115,2024,2025-08-07,3801,2024-06-24,1750,4373,SOUTH,1,5,7,3801,0,0,0,,0,3B5,"3RD ST","KING ST",0.00,,Y,A,-,N,,,,,,,,,,N,4,0,1,2,A,-,17,21451,A,N,B,C,A,A,H,-,A,A,0,,,,,Y,,A,07,0,0,1,0,0,0,0,0,0,"- ","- ",,,"SAN FRANCISCO","SAN FRANCISCO",-122.39195251464844,37.778202056884766
9708116,2024,2024-08-12,3801,2024-06-22,2112,956,BAYVI,6,5,7,3801,0,0,0,,0,3C15E,"INGALLS ST","INGERSON AV",0.00,,Y,A,-,N,,,,,,,,,,Y,4,0,2,4,A,-,12,22450,A,N,D,C,A,A,H,-,C,A,0,,,,,Y,,A,01,0,0,2,0,0,0,0,0,0,"- ","- ",,,"SAN FRANCISCO","SAN FRANCISCO",-122.39299011230469,37.719097137451172
9708117,2024,2024-09-17,3801,2024-06-21,2015,2380,SOUTH,5,5,7,3801,0,0,0,,0,0B4,"8TH ST","RINGOLD ST",0.00,,Y,A,-,N,,,,,,,,,,N,4,0,1,2,A,-,08,22107,,N,D,J,A,A,H,-,A,A,0,,,,,Y,,A,01,0,0,1,0,0,0,0,0,0,"- ","- ",,,"SAN FRANCISCO","SAN FRANCISCO",-122.40948486328125,37.774547576904297
9708118,2024,2024-08-12,3801,2024-06-25,1016,428,CENTR,2,5,7,3801,0,0,0,,0,02A,"STOCKTON ST","CLAY ST",0.00,,Y,A,-,N,,,,,,,,,,N,2,0,1,2,A,-,11,21954,A,N,G,B,D,A,H,-,A,D,0,Y,,,,Y,,N,60,1,0,0,0,1,0,0,0,0,"- ","- ",,,"SAN FRANCISCO","SAN FRANCISCO",-122.40784454345703,37.7940673828125
9708119,2024,2024-08-12,3801,2024-06-25,1000,1572,SOUTH,2,5,7,3801,0,0,0,,0,3B1A,"FOLSOM ST","3RD ST",0.00,,Y,A,-,N,,,,,,,,,,,4,0,1,2,A,-,03,22350,,F,G,B,E,A,H,-,A,A,0,Y,,,,Y,Y,A,07,0,0,1,0,1,0,0,0,0,"- ","- ",,,"SAN FRANCISCO","SAN FRANCISCO",-122.39896392822266,37.783782958984375
9708120,2024,2024-09-10,3801,2024-06-25,"631 ",1819,NORTH,2,5,7,3801,0,0,0,,0,2CAR,"GEARY BL","DIVISADERO ST",0.00,,Y,A,-,N,,,,,,,,,,Y,4,0,2,2,A,-,12,21453,A,N,D,C,A,A,H,-,A,A,0,,,,,Y,,A,01,0,0,2,0,0,0,0,0,0,"- ","- ",,,"SAN FRANCISCO","SAN FRANCISCO",-122.43947601318359,37.783359527587891
9708121,2024,2024-08-09,3801,2024-06-27,1348,1118,SOUTH,4,5,7,3801,0,0,0,,0,3B13A,"MARKET ST","VALENCIA ST",0.00,,Y,A,-,N,,,,,,,,,,Y,3,0,1,2,A,-,08,22107,,N,B,C,A,A,H,-,A,A,0,,,Y,,Y,,C,06,0,1,0,0,0,0,0,0,0,"- ","- ",,,"SAN FRANCISCO","SAN FRANCISCO",-122.42262268066406,37.772548675537109
9708122,2024,2024-08-09,3801,2024-06-27,"930 ",1857,SOUTH,4,5,7,3801,0,0,0,,0,002,"FOLSOM ST","5TH ST",0.00,,Y,A,-,N,,,,,,,,,,N,3,0,1,2,A,-,08,22100,A,N,B,G,A,A,H,-,A,D,0,,Y,,,Y,,A,01,0,1,0,0,0,0,1,0,0,"- ","- ",,,"SAN FRANCISCO","SAN FRANCISCO",-122.40340423583984,37.7802734375
9708123,2024,2024-09-04,3801,2024-06-27,1020,1637,SOUTH,4,5,7,3801,0,0,0,,0,3B1A,"11TH ST","HARRISON ST",0.00,,Y,A,-,N,,,,,,,,,,N,4,0,1,2,A,-,12,21453,A,F,A,G,A,A,-,-,A,A,0,,,,,Y,,A,01,0,0,1,0,0,0,0,0,0,"- ","- ",,,"SAN FRANCISCO","SAN FRANCISCO",-122.41246795654297,37.770633697509766
9708124,2024,2024-08-09,3801,2024-06-26,1541,890,BAYVI,3,5,7,3801,0,0,0,,0,BAY,"JENNINGS ST","FITZGERALD AV",0.00,,Y,A,-,N,,,,,,,,,,N,4,0,1,2,A,-,10,21950,A,N,B,C,-,A,H,-,A,A,0,Y,,,,Y,,A,01,0,0,1,0,1,0,0,0,0,"- ","- ",,,"SAN FRANCISCO","SAN FRANCISCO",-122.39320373535156,37.722007751464844
9708125,2024,2024-09-20,3801,2024-06-06,2500,LAGTO,MISSI,4,5,7,3801,0,0,0,,0,3D11D,"MISSION ST","25TH ST",100.00,N,N,A,-,Y,,,,,,,,,,N,4,0,1,2,A,-,08,22107,,N,B,-,A,A,H,-,A,A,0,,,Y,,Y,,A,01,0,0,1,0,0,0,0,0,1,"- ","- ",,,"SAN FRANCISCO","SAN FRANCISCO",-122.41832733154297,37.750934600830078
9708126,2024,2024-08-09,3801,2024-06-08,1614,704,BAYVI,6,5,7,3801,0,0,0,,0,3C11D,"ILLINOIS ST","CARGO WAY",525.00,N,N,A,-,N,,,,,,,,,,Y,3,0,1,1,A,-,03,22350,A,N,E,I,A,A,G,-,A,D,0,,,Y,,Y,,C,02,0,1,0,0,0,0,0,0,1,"- ","- ",,,"SAN FRANCISCO","SAN FRANCISCO",-122.3861083984375,37.745704650878906
9708127,2024,2024-09-09,3801,2024-06-20,"628 ",1123,TENDE,4,5,7,3801,0,0,0,,0,3J15A,"TAYLOR ST","OFARRELL ST",0.00,,Y,A,-,N,,,,,,,,,,Y,4,0,2,2,A,-,12,21453,A,N,D,C,A,A,H,-,A,A,0,,,,,Y,,A,01,0,0,2,0,0,0,0,0,0,"- ","- ",,,"SAN FRANCISCO","SAN FRANCISCO",-122.41132354736328,37.786022186279297
9708128,2024,2024-08-09,3801,2024-06-22,2018,704,BAYVI,6,5,7,3801,0,0,0,,0,3C14D,"KEITH ST","3RD ST",60.00,W,N,A,-,N,,,,,,,,,,N,3,0,1,2,A,-,03,22350,,N,D,J,E,A,H,-,B,D,0,Y,,Y,,Y,,N,60,0,1,0,0,1,0,0,0,0,"- ","- ",,,"SAN FRANCISCO","SAN FRANCISCO",-122.39541625976562,37.722698211669922
9708129,2024,2024-08-09,3801,2024-06-08,"732 ",2750,BAYVI,6,5,7,3801,0,0,0,,0,2CAR,"EVANS AV","SELBY ST",0.00,,Y,A,-,N,,,,,,,,,,N,4,0,1,2,A,-,11,21950,B,N,D,B,D,A,H,-,A,D,0,Y,,,,Y,,N,60,0,0,1,0,1,0,0,0,0,"- ","- ",,,"SAN FRANCISCO","SAN FRANCISCO",-122.39405822753906,37.746170043945312
9708130,2024,2024-08-12,3801,2024-06-08,"357 ",141,INGLE,6,5,7,3801,0,0,0,,0,3H14E,"30TH ST","CASTRO ST",0.00,,Y,A,-,N,,,,,,,,,,Y,2,0,1,1,A,-,07,21658,A,N,E,J,A,A,F,-,C,D,0,,,,,Y,,A,01,1,0,0,0,0,0,0,0,0,"- ","- ",,,"SAN FRANCISCO","SAN FRANCISCO",-122.43325805664062,37.741859436035156
9708131,2024,2024-08-12,3801,2024-06-07,1917,158,NORTH,5,5,7,3801,0,0,0,,0,3E13D,"FELL ST","WEBSTER ST",0.00,,Y,A,-,N,,,,,,,,,,Y,3,0,1,2,A,-,13,22515,A,N,H,C,A,A,H,-,A,A,0,,,,,Y,,A,01,0,1,0,0,0,0,0,0,0,"- ","- ",,,"SAN FRANCISCO","SAN FRANCISCO",-122.42932891845703,37.775123596191406
9708132,2024,2024-08-12,3801,2024-06-07,1906,1432,BAYVI,5,5,7,3801,0,0,0,,0,3C14D,"3RD ST","23RD ST",0.00,,Y,A,-,N,,,,,,,,,,N,4,0,1,2,A,-,12,21453,A,N,D,C,A,A,H,-,B,A,0,,,,,Y,,A,01,0,0,1,0,0,0,0,0,0,"- ","- ",,,"SAN FRANCISCO","SAN FRANCISCO",-122.38810729980469,37.755386352539062
9708133,2024,2024-08-12,3801,2024-06-07,1515,1857,SOUTH,5,5,7,3801,0,0,0,,0,00A,"HARRISON ST","2ND ST",66.00,E,N,A,-,N,,,,,,,,,,Y,3,0,1,2,A,-,04,21703,,N,C,C,A,A,H,-,A,D,0,,,Y,,Y,,-,,0,1,0,0,0,0,0,0,1,"- ","- ",,,"SAN FRANCISCO","SAN FRANCISCO",-122.39501953125,37.784461975097656
9708134,2024,2024-09-04,3801,2024-06-07,1429,1304,NORTH,5,5,7,3801,0,0,0,,0,3E11A,"OAK ST","BUCHANAN ST",178.00,E,N,A,-,N,,,,,,,,,,N,4,0,1,2,D,-,00,,,N,C,C,A,A,H,-,A,A,0,,,,,Y,,-,"- ",0,0,1,0,0,0,0,0,0,"- ","- ",,,"SAN FRANCISCO","SAN FRANCISCO",-122.42693328857422,37.774471282958984
9708135,2024,2024-08-12,3801,2024-06-07,"852 ",1371,NORTH,5,5,7,3801,0,0,0,,0,005,"LOMBARD ST","LAGUNA ST",0.00,,Y,A,-,N,,,,,,,,,,Y,4,0,3,3,A,-,04,21703,,N,C,C,A,A,H,-,A,A,0,,,,,Y,,A,01,0,0,3,0,0,0,0,0,0,"- ","- ",,,"SAN FRANCISCO","SAN FRANCISCO",-122.43110656738281,37.80047607421875
9708136,2024,2025-04-09,3801,2024-06-07,"755 ",1806,SOUTH,5,5,7,3801,0,0,0,,0,3B3A,"6TH ST","HOWARD ST",17.00,N,N,A,-,N,,,,,,,,,,N,4,0,2,2,A,-,03,22350,,F,C,E,A,A,H,-,A,A,0,,,,,Y,,A,01,0,0,2,0,0,0,0,0,0,"- ","- ",,,"SAN FRANCISCO","SAN FRANCISCO",-122.40718078613281,37.77978515625
9708137,2024,2024-08-12,3801,2024-06-06,1728,4046,INGLE,4,5,7,3801,0,0,0,,0,3H11D,"TAYLOR ST","EDDY ST",56.00,S,N,F,-,N,,,,,,,,,,N,3,0,1,2,A,-,07,21658,A,F,B,C,A,-,D,-,A,D,0,,,Y,,Y,,-,99,0,1,0,0,0,0,0,0,1,"- ","- ",,,"SAN FRANCISCO","SAN FRANCISCO",-122.41091918945312,37.784008026123047
9708138,2024,2024-08-12,3801,2024-06-04,1030,4294,NORTH,2,5,7,3801,0,0,0,,0,0E3,"POLK ST","OLIVE ST",0.00,,Y,A,-,N,,,,,,,,,,N,3,0,1,2,A,-,05,21650,1,N,A,G,A,A,H,-,A,D,0,,Y,,,Y,,L,04,0,1,0,0,0,0,1,0,0,"- ","- ",,,"SAN FRANCISCO","SAN FRANCISCO",-122.41944885253906,37.784492492675781
9708139,2024,2024-08-12,3801,2024-06-03,"116 ",1203,MISSI,1,5,7,3801,0,0,0,,0,3D13E,"14TH ST","SOUTH VAN NESS AVE",0.00,,Y,A,-,N,,,,,,,,,,N,3,0,1,2,A,-,06,21755,A,N,D,C,A,A,H,-,C,A,0,,,,,Y,,-,,0,1,0,0,0,0,0,0,0,"- ","- ",,,"SAN FRANCISCO","SAN FRANCISCO",-122.41780090332031,37.768417358398438
9708140,2024,2024-08-12,3801,2024-06-05,1916,4124,INGLE,3,5,7,3801,0,0,0,,0,3H11D,"OCEAN AV","ALEMANT BOULEVARD",0.00,,Y,A,-,N,,,,,,,,,,N,4,0,1,2,A,-,09,21801,A,N,D,C,A,A,H,-,A,A,0,,,,,Y,,A,01,0,0,1,0,0,0,0,0,0,"- ","- ",,,"SAN FRANCISCO","SAN FRANCISCO",-122.43753814697266,37.723697662353516
9708141,2024,2024-07-26,3801,2024-06-09,2221,2237,TARAV,7,5,7,3801,0,0,0,,0,001,"PALMETTO AV","ST CHARLES AV",0.00,,Y,F,-,N,,,,,,,,,,N,3,0,1,2,A,-,09,21800,A,N,D,C,A,A,H,-,C,A,0,,,Y,,Y,,A,01,0,1,0,0,0,0,0,0,1,"- ","- ",,,"SAN FRANCISCO","SAN FRANCISCO",-122.46935272216797,37.710700988769531
9708142,2024,2024-07-26,3801,2024-06-09,1520,2390,PARK,7,5,7,3801,0,0,0,,0,3F2D,"17TH ST","DOUGLASS ST",85.00,E,N,A,-,N,,,,,,,,,,N,4,0,1,2,A,-,05,21202,A,N,B,G,A,A,H,-,A,D,0,,Y,,,Y,,L,04,0,0,1,0,0,0,1,0,0,"- ","- ",,,"SAN FRANCISCO","SAN FRANCISCO",-122.43919372558594,37.762237548828125
9708143,2024,2024-07-26,3801,2024-06-09,"608 ",4286,RICHM,7,5,7,3801,0,0,0,,0,0G4,"FULTON ST","18TH AV",0.00,,Y,A,-,N,,,,,,,,,,N,4,0,1,2,A,-,12,21453,A,N,D,C,A,A,H,-,A,D,0,,,,,Y,,A,01,0,0,1,0,0,0,0,0,0,"- ","- ",,,"SAN FRANCISCO","SAN FRANCISCO",-122.47669982910156,37.772899627685547
9708144,2024,2024-07-30,3801,2024-06-07,"905 ",1572,SOUTH,5,5,7,3801,0,0,0,,0,3B1A,"PIER 15","GREEN ST",0.00,,N,A,-,N,,,,,,,,,,N,4,0,1,2,A,-,08,22107,,F,B,J,A,A,H,-,C,A,0,,,,,Y,,A,07,0,0,1,0,0,0,0,0,0,"- ","- ",,,"SAN FRANCISCO","SAN FRANCISCO",-122.39902496337891,37.80096435546875
9708145,2024,2024-07-26,3801,2024-06-11,1827,2214,INGLE,2,5,7,3801,0,0,0,,0,3H15D,"ALEMANY BL","ALEMANY BL 2627",0.00,,N,A,-,N,,,,,,,,,,Y,3,0,2,4,A,-,03,22350,,N,C,C,A,A,H,-,A,A,0,,,,,Y,,A,01,0,1,1,0,0,0,0,0,0,"- ","- ",,,"SAN FRANCISCO","SAN FRANCISCO",-122.45372772216797,37.710872650146484
9708146,2024,2024-07-26,3801,2024-06-08,"130 ",364,SOUTH,6,5,7,3801,0,0,0,,0,3B00,"4TH ST","HARRISON ST",0.00,,Y,A,-,N,,,,,,,,,,N,4,0,1,2,A,-,08,22107,,N,B,C,A,A,H,-,C,A,0,,,,,Y,,-,,0,0,1,0,0,0,0,0,0,"- ","- ",,,"SAN FRANCISCO","SAN FRANCISCO",-122.39962768554688,37.780776977539062
9708147,2024,2024-07-26,3801,2024-06-10,"208 ",382,NORTH,1,5,7,3801,0,0,0,,0,NORTHE,"FRANKLIN ST","HAYES ST",53.00,S,N,A,-,N,,,,,,,,,,Y,4,0,1,2,A,-,03,22350,,F,C,E,A,A,H,-,C,A,0,,,,,Y,,A,01,0,0,1,0,0,0,0,0,0,"- ","- ",,,"SAN FRANCISCO","SAN FRANCISCO",-122.42131042480469,37.776935577392578
9708148,2024,2024-07-26,3801,2024-06-12,1949,1857,SOUTH,3,5,7,3801,0,0,0,,0,003,"MISSION ST","8TH ST",235.00,E,N,A,-,N,,,,,,,,,,Y,3,0,2,2,A,-,08,22107,,N,B,C,A,A,H,-,A,D,0,,,,,Y,,A,01,0,1,1,0,0,0,0,0,0,"- ","- ",,,"SAN FRANCISCO","SAN FRANCISCO",-122.41258239746094,37.777915954589844
9708149,2024,2024-07-26,3801,2024-06-05,1811,2724,NORTH,3,5,7,3801,0,0,0,,0,3E11D,"WEBSTER ST","NORTH POINT ST",0.00,,Y,A,-,N,,,,,,,,,,Y,4,0,1,2,A,-,03,22350,,N,D,C,A,A,H,-,A,D,0,,,,,Y,,A,01,0,0,1,0,0,0,0,0,0,"- ","- ",,,"SAN FRANCISCO","SAN FRANCISCO",-122.43515777587891,37.803817749023438
9708150,2024,2024-07-26,3801,2024-06-10,"906 ",1572,SOUTH,1,5,7,3801,0,0,0,,0,3B1A,"BEALE ST","FOLSOM ST",0.00,,Y,A,-,N,,,,,,,,,,N,4,0,1,2,A,-,17,22517,,N,B,G,A,A,H,-,A,D,0,,Y,,,Y,,A,01,0,0,1,0,0,0,1,0,0,"- ","- ",,,"SAN FRANCISCO","SAN FRANCISCO",-122.39271545410156,37.788715362548828
9708151,2024,2024-07-26,3801,2024-06-12,1315,1605,NORTH,3,5,7,3801,0,0,0,,0,3E15A,"LAGUNA ST","LOMBARD ST",47.00,S,N,A,-,N,,,,,,,,,,Y,3,0,1,2,C,-,18,,,N,C,C,A,A,H,-,A,A,0,,,,,Y,,-,"- ",0,1,0,0,0,0,0,0,0,"- ","- ",,,"SAN FRANCISCO","SAN FRANCISCO",-122.43108367919922,37.80035400390625
9708152,2024,2024-08-15,3801,2024-06-12,"7   ",3B12E,SOUTH,3,5,7,3801,0,0,0,,0,002,"BRANNAN ST","5TH ST",0.00,,Y,A,-,N,,,,,,,,,,Y,2,0,2,2,A,-,01,23153,A,N,D,C,A,A,H,-,C,A,0,,,,,Y,Y,A,01,1,0,1,0,0,0,0,0,0,"- ","- ",,,"SAN FRANCISCO","SAN FRANCISCO",-122.39875793457031,37.776573181152344
9708153,2024,2024-08-08,3801,2024-06-11,2119,1750,NORTH,2,5,7,3801,0,0,0,,0,0E5,"RICHARDSON ST","LYON ST",0.00,,Y,A,-,Y,SF,4,101,-,-,8.050,I,5,N,N,2,0,1,2,A,-,12,21453,A,N,D,G,A,A,H,-,C,A,0,,Y,,,Y,,L,04,1,0,0,0,0,0,1,0,0,"- ","- ",,,"SAN FRANCISCO","SAN FRANCISCO",-122.44791412353516,37.800971984863281
9708154,2024,2024-07-26,3801,2024-06-11,1650,1066,NORTH,2,5,7,3801,0,0,0,,0,3E6,"PINE ST","VAN NESS AV",100.00,W,N,A,-,N,,,,,,,,,,N,4,0,1,2,A,-,21,22106,,N,C,-,A,A,H,-,A,D,0,,,,,Y,,A,01,0,0,1,0,0,0,0,0,0,"- ","- ",,,"SAN FRANCISCO","SAN FRANCISCO",-122.42243957519531,37.789375305175781
9708155,2024,2024-07-29,3801,2024-06-01,2250,2089,TENDE,6,5,7,3801,0,0,0,,0,COB2CA,"5TH ST","TEHAMA ST",0.00,,Y,A,-,N,,,,,,,,,,N,3,0,1,2,A,-,08,22107,,F,D,G,A,A,H,-,C,A,0,,Y,,,Y,,A,07,0,1,0,0,0,0,1,0,0,"- ","- ",,,"SAN FRANCISCO","SAN FRANCISCO",-122.40440368652344,37.781089782714844
9708156,2024,2024-08-27,3801,2024-06-02,1450,4102,SOUTH,7,5,7,3801,0,0,0,,0,3B47,"4TH ST","HARRISON ST",0.00,,Y,A,-,N,,,,,,,,,,N,2,0,1,2,A,-,07,21658,A,F,B,C,A,A,H,-,A,A,0,,,,,Y,,M,94,1,0,0,0,0,0,0,0,0,"- ","- ",,,"SAN FRANCISCO","SAN FRANCISCO",-122.39962768554688,37.780776977539062
9708157,2024,2024-07-29,3801,2024-06-02,"49  ",979,TENDE,7,5,7,3801,0,0,0,,0,3J92E,"MARKET ST","KEARNY ST",0.00,,Y,A,-,N,,,,,,,,,,N,3,0,1,1,A,-,00,21633,,N,A,J,A,A,H,-,C,A,0,,,,,Y,,M,94,0,1,0,0,0,0,0,0,0,"- ","- ",,,"SAN FRANCISCO","SAN FRANCISCO",-122.40345764160156,37.787662506103516
9708158,2024,2024-08-06,3801,2024-06-01,1622,2705,BAYVI,6,5,7,3801,0,0,0,,0,31C12D,"EVANS AV","SELBY ST",100.00,W,N,A,-,N,,,,,,,,,,N,4,0,1,2,A,-,11,21954,A,F,G,B,D,A,H,-,A,D,0,Y,,,,Y,,N,60,0,0,1,0,1,0,0,0,0,"- ","- ",,,"SAN FRANCISCO","SAN FRANCISCO",-122.39434051513672,37.746330261230469
9708159,2024,2024-07-29,3801,2024-06-01,1325,1967,NORTH,6,5,7,3801,0,0,0,,0,3E12A,"PIERCE ST","HAIGHT ST",0.00,,Y,A,-,N,,,,,,,,,,N,3,0,1,2,A,-,05,21752,,N,B,G,A,A,H,-,A,A,0,,Y,Y,,Y,,C,02,0,1,0,0,0,0,1,0,0,"- ","- ",,,"SAN FRANCISCO","SAN FRANCISCO",-122.43373107910156,37.771686553955078
9708160,2024,2024-08-27,3801,2024-06-03,1446,875,CENTR,1,5,7,3801,0,0,0,,0,3A77,"LEAVENWORTH ST","BUSH ST",92.00,S,N,A,-,N,,,,,,,,,,N,4,0,1,2,A,-,17,22517,,N,B,E,A,A,H,-,A,A,0,,,,,Y,,A,01,0,0,1,0,0,0,0,0,0,"- ","- ",,,"SAN FRANCISCO","SAN FRANCISCO",-122.41532897949219,37.789089202880859
9708161,2024,2024-09-09,3801,2024-06-03,"138 ",2140,MISSI,1,5,7,3801,0,0,0,,0,3D15E,"18TH ST","DOLORES ST",0.00,,Y,A,-,N,,,,,,,,,,N,4,0,1,2,A,-,06,21750,,N,B,G,A,A,H,-,C,A,0,,Y,,,Y,,A,01,0,0,1,0,0,0,1,0,0,"- ","- ",,,"SAN FRANCISCO","SAN FRANCISCO",-122.42615509033203,37.761444091796875