CASE_ID,ACCIDENT_YEAR,PROC_DATE,JURIS,COLLISION_DATE,COLLISION_TIME,OFFICER_ID,REPORTING_DISTRICT,DAY_OF_WEEK,CHP_SHIFT,POPULATION,CNTY_CITY_LOC,SPECIAL_COND,BEAT_TYPE,CHP_BEAT_TYPE,CITY_DIVISION_LAPD,CHP_BEAT_CLASS,BEAT_NUMBER,PRIMARY_RD,SECONDARY_RD,DISTANCE,DIRECTION,INTERSECTION,WEATHER_1,WEATHER_2,STATE_HWY_IND,CALTRANS_COUNTY,CALTRANS_DISTRICT,STATE_ROUTE,ROUTE_SUFFIX,POSTMILE_PREFIX,POSTMILE,LOCATION_TYPE,RAMP_INTERSECTION,SIDE_OF_HWY,TOW_AWAY,COLLISION_SEVERITY,NUMBER_KILLED,NUMBER_INJURED,PARTY_COUNT,PRIMARY_COLL_FACTOR,PCF_CODE_OF_VIOL,PCF_VIOL_CATEGORY,PCF_VIOLATION,PCF_VIOL_SUBSECTION,HIT_AND_RUN,TYPE_OF_COLLISION,MVIW,PED_ACTION,ROAD_SURFACE,ROAD_COND_1,ROAD_COND_2,LIGHTING,CONTROL_DEVICE,CHP_ROAD_TYPE,PEDESTRIAN_ACCIDENT,BICYCLE_ACCIDENT,MOTORCYCLE_ACCIDENT,TRUCK_ACCIDENT,NOT_PRIVATE_PROPERTY,ALCOHOL_INVOLVED,STWD_VEHTYPE_AT_FAULT,CHP_VEHTYPE_AT_FAULT,COUNT_SEVERE_INJ,COUNT_VISIBLE_INJ,COUNT_COMPLAINT_PAIN,COUNT_PED_KILLED,COUNT_PED_INJURED,COUNT_BICYCLIST_KILLED,COUNT_BICYCLIST_INJURED,COUNT_MC_KILLED,COUNT_MC_INJURED,PRIMARY_RAMP,SECONDARY_RAMP,LATITUDE,LONGITUDE,COUNTY,CITY,POINT_X,POINT_Y
9708162,2024,2024-09-04,3801,2024-06-04,2003,890,BAYVI,2,5,7,3801,0,0,0,,0,BAYVIE,"FELTON ST","BRUSSELS ST",0.00,,Y,A,-,N,,,,,,,,,,N,4,0,2,2,A,-,12,22450,A,N,B,C,A,A,H,-,B,D,0,,,,,Y,,A,01,0,0,2,0,0,0,0,0,0,"- ","- ",,,"SAN FRANCISCO","SAN FRANCISCO",-122.40657043457031,37.729530334472656
9708163,2024,2024-09-13,3801,2024-06-02,2315,740,MISSI,7,5,7,3801,0,0,0,,0,0D4,"CESAR CHAVEZ ST","SHOTWELL ST",54.00,W,N,A,-,N,,,,,,,,,,Y,4,0,1,2,A,-,01,23153,A,N,C,C,A,A,H,-,C,A,0,,,,,Y,Y,A,07,0,0,1,0,0,0,0,0,0,"- ","- ",,,"SAN FRANCISCO","SAN FRANCISCO",-122.41510009765625,37.748165130615234
9708164,2024,2024-09-13,3801,2024-06-19,1748,307,NORTH,3,5,7,3801,0,0,0,,0,3E61,"LAGUNA ST","PINE ST",0.00,,Y,A,-,N,,,,,,,,,,N,4,0,1,2,A,-,03,22350,,N,C,C,A,A,H,-,A,A,0,,,,,Y,Y,A,01,0,0,1,0,0,0,0,0,0,"- ","- ",,,"SAN FRANCISCO","SAN FRANCISCO",-122.4287109375,37.788578033447266
9708165,2024,2024-08-12,3801,2024-06-19,1540,1432,BAYVI,3,5,7,3801,0,0,0,,0,3C11D,"EVANS AV","RANKIN ST",191.00,W,N,A,-,N,,,,,,,,,,N,4,0,2,4,A,-,04,21703,,N,C,C,A,A,H,-,A,A,0,,,,,Y,,A,01,0,0,2,0,0,0,0,0,0,"- ","- ",,,"SAN FRANCISCO","SAN FRANCISCO",-122.39273834228516,37.745414733886719
9708166,2024,2024-08-12,3801,2024-06-19,"956 ",1940,INGLE,3,5,7,3801,0,0,0,,0,3H15A,"SAN JOSE AV","SANTA YNEZ AV",108.00,S,N,B,-,N,,,,,,,,,,N,2,0,1,2,A,-,21,22106,,N,G,B,D,A,H,-,A,D,0,Y,,,,Y,,A,01,1,0,0,0,1,0,0,0,0,"- ","- ",,,"SAN FRANCISCO","SAN FRANCISCO",-122.44261169433594,37.725536346435547
9708167,2024,2024-08-12,3801,2024-06-18,1814,2214,INGLE,2,5,7,3801,0,0,0,,0,3H15D,"ALEMANY BL","COTTER ST",0.00,,Y,A,-,N,,,,,,,,,,N,3,0,1,2,A,-,08,22107,,N,D,C,A,A,H,-,A,D,0,,,Y,,Y,,C,02,0,1,0,0,0,0,0,0,1,"- ","- ",,,"SAN FRANCISCO","SAN FRANCISCO",-122.43502044677734,37.728199005126953
9708168,2024,2024-08-12,3801,2024-06-18,1104,1221,MISSI,2,5,7,3801,0,0,0,,0,,"NOE ST","MARKET ST",50.00,S,N,A,-,N,,,,,,,,,,N,4,0,1,2,A,-,21,22106,,N,H,C,A,A,H,-,A,A,0,,,Y,,Y,,A,01,0,0,1,0,0,0,0,0,1,"- ","- ",,,"SAN FRANCISCO","SAN FRANCISCO",-122.43312835693359,37.764102935791016
9708169,2024,2024-08-12,3801,2024-06-07,2355,1622,NORTH,5,5,7,3801,0,0,0,,0,3E14E,"FRANKLIN ST","EDDY ST",0.00,,Y,B,-,N,,,,,,,,,,N,4,0,1,2,A,-,11,21456,A,N,G,B,B,B,H,-,C,A,0,Y,,,,Y,,N,60,0,0,1,0,1,0,0,0,0,"- ","- ",,,"SAN FRANCISCO","SAN FRANCISCO",-122.42243957519531,37.782665252685547
9708170,2024,2024-08-12,3801,2024-06-07,1757,1452,MISSI,5,5,7,3801,0,0,0,,0,3D15D,"14TH ST","GUERRERO ST",103.00,E,N,A,-,N,,,,,,,,,,N,3,0,1,2,A,-,07,21658,,N,E,G,A,A,H,-,A,D,0,,Y,,,Y,,L,04,0,1,0,0,0,0,1,0,0,"- ","- ",,,"SAN FRANCISCO","SAN FRANCISCO",-122.42405700683594,37.768039703369141
9708171,2024,2024-08-12,3801,2024-06-03,1831,4047,MISSI,1,5,7,3801,0,0,0,,0,3D16D,"HARRISON ST","KAMILLE CT",0.00,,Y,A,-,N,,,,,,,,,,N,4,0,1,2,A,-,09,21801,A,N,B,G,A,A,C,-,A,D,0,,Y,,,Y,,A,07,0,0,1,0,0,0,1,0,0,"- ","- ",,,"SAN FRANCISCO","SAN FRANCISCO",-122.41157531738281,37.748950958251953
9708172,2024,2024-09-12,3801,2024-06-08,1505,4314,RICHM,6,5,7,3801,0,0,0,,0,0G2,"PRESIDIO AV","PINE ST",0.00,,Y,A,-,N,,,,,,,,,,Y,3,0,2,2,A,-,12,21453,A,N,D,C,A,A,H,-,A,A,0,,,,,Y,,A,01,0,1,1,0,0,0,0,0,0,"- ","- ",,,"SAN FRANCISCO","SAN FRANCISCO",-122.44660186767578,37.786293029785156
9708173,2024,2024-09-13,3801,2024-06-11,1250,829,MISSI,2,5,7,3801,0,0,0,,0,3D41A,"25TH ST","CASTRO ST",0.00,,Y,A,-,N,,,,,,,,,,,4,0,1,2,A,-,09,21800,B,N,D,C,A,A,H,-,A,A,0,,,,,Y,,A,01,0,0,1,0,0,0,0,0,0,"- ","- ",,,"SAN FRANCISCO","SAN FRANCISCO",-122.43392944335938,37.749671936035156
9708174,2024,2024-08-12,3801,2024-06-09,1512,4115,TARAV,7,5,7,3801,0,0,0,,0,315D,"LAKE MERCED BL","HIGUERA AV",631.00,S,N,A,-,N,,,,,,,,,,Y,2,0,3,4,A,-,04,21703,,N,C,C,A,A,H,-,A,D,0,,,,,Y,,A,01,1,1,1,0,0,0,0,0,0,"- ","- ",,,"SAN FRANCISCO","SAN FRANCISCO",-122.48516082763672,37.716579437255859
9708175,2024,2024-08-12,3801,2024-06-15,1936,1544,CENTR,6,5,7,3801,0,0,0,,0,3A14D,"STOCKTON ST","BROADWAY ST",205.00,N,N,A,-,N,,,,,,,,,,N,3,0,1,2,A,-,00,21296,A,N,C,C,A,A,H,-,A,D,0,,,Y,,Y,Y,M,95,0,1,0,0,0,0,0,0,0,"- ","- ",,,"SAN FRANCISCO","SAN FRANCISCO",-122.40870666503906,37.7982177734375
9708176,2024,2024-08-12,3801,2024-06-14,1830,1118,SOUTH,5,5,7,3801,0,0,0,,0,3B90,"2ND  ST","KING ST",0.00,,Y,A,-,N,,,,,,,,,,N,3,0,1,3,A,-,17,22517,,N,H,G,A,A,H,-,A,D,0,,Y,,,Y,,-,,0,1,0,0,0,0,1,0,0,"- ","- ",,,"SAN FRANCISCO","SAN FRANCISCO",-122.38970184326172,37.779956817626953
9708177,2024,2024-08-12,3801,2024-06-15,1538,2139,TARAV,6,5,7,3801,0,0,0,,0,3801,"LINCOLN WY","17TH AV",45.00,W,N,A,-,N,,,,,,,,,,Y,4,0,1,4,A,-,08,22107,,N,B,C,A,A,H,-,A,D,0,,,,,Y,,A,01,0,0,1,0,0,0,0,0,0,"- ","- ",,,"SAN FRANCISCO","SAN FRANCISCO",-122.47527313232422,37.765529632568359
9708178,2024,2024-08-12,3801,2024-06-14,2045,158,NORTH,5,5,7,3801,0,0,0,,0,3E14D,"MCALLISTER ST","VAN NESS AV",0.00,,Y,A,-,N,,,,,,,,,,N,4,0,1,2,A,-,12,21453,A,N,D,J,A,A,H,-,C,A,0,,,,,Y,,-,,0,0,1,0,0,0,0,0,0,"- ","- ",,,"SAN FRANCISCO","SAN FRANCISCO",-122.42020416259766,37.780055999755859
9708179,2024,2024-08-12,3801,2024-06-14,1903,2748,SOUTH,5,5,7,3801,0,0,0,,0,3B14D,"BRANNAN ST","JACK LONDON ALY",0.00,,Y,A,-,N,,,,,,,,,,N,4,0,1,2,A,-,04,21703,,N,C,C,A,A,H,-,A,D,0,,,,,Y,,A,01,0,0,1,0,0,0,0,0,0,"- ","- ",,,"SAN FRANCISCO","SAN FRANCISCO",-122.3931884765625,37.780937194824219
9708180,2024,2024-09-04,3801,2024-06-14,1858,1845,TARAV,5,5,7,3801,0,0,0,,0,3115D,"LAKE MERCED BL","WINSTON DR",0.00,,Y,A,-,N,,,,,,,,,,N,4,0,1,2,A,-,10,21950,A,N,B,G,A,A,H,-,A,A,0,,Y,,,Y,,A,01,0,0,1,0,0,0,1,0,0,"- ","- ",,,"SAN FRANCISCO","SAN FRANCISCO",-122.48397064208984,37.727001190185547
9708203,2024,2024-08-07,3801,2024-06-13,2225,2457,SOUTH,4,5,7,3801,0,0,0,,0,3B4E,"OCTAVIA ST","MARKET ST",0.00,,Y,A,-,N,,,,,,,,,,N,3,0,1,2,A,-,17,21461,A,F,D,G,A,A,H,-,C,A,0,,Y,,,Y,,A,01,0,1,0,0,0,0,1,0,0,"- ","- ",,,"SAN FRANCISCO","SAN FRANCISCO",-122.42359161376953,37.771774291992188
9708204,2024,2024-08-07,3801,2024-06-24,1319,12221,MISSI,1,5,7,3801,0,0,0,,0,,"VALENCIA ST","15TH ST",0.00,,Y,A,-,N,,,,,,,,,,N,4,0,1,2,A,-,12,21453,A,N,D,C,A,A,H,-,A,A,0,,,Y,,Y,,A,01,0,0,1,0,0,0,0,0,1,"- ","- ",,,"SAN FRANCISCO","SAN FRANCISCO",-122.42203521728516,37.766529083251953
9708205,2024,2024-08-07,3801,2024-06-07,"509 ",1021,BAYVI,5,5,7,3801,0,0,0,,0,3C3E,"DONAHUE ST","INNES AV",168.00,E,N,A,-,N,,,,,,,,,,N,3,0,1,2,A,-,00,21955,A,M,G,B,D,A,H,-,C,D,0,Y,,,,Y,,N,60,0,1,0,0,1,0,0,0,0,"- ","- ",,,"SAN FRANCISCO","SAN FRANCISCO",-122.36979675292969,37.729202270507812
9708206,2024,2024-08-07,3801,2024-06-16,1745,677,SOUTH,7,5,7,3801,0,0,0,,0,3B1D,"BRYANT ST","BEALE ST",0.00,,Y,A,-,N,,,,,,,,,,N,4,0,1,2,A,-,04,21703,,N,C,C,A,A,H,-,A,D,0,,,,,Y,,A,01,0,0,1,0,0,0,0,0,0,"- ","- ",,,"SAN FRANCISCO","SAN FRANCISCO",-122.38969421386719,37.786220550537109
9708207,2024,2024-08-15,3801,2024-06-15,2129,2465,TENDE,6,5,7,3801,0,0,0,,0,3J13D,"TAYLOR ST","GOLDEN GATE AV",140.00,N,N,A,-,N,,,,,,,,,,N,3,0,2,2,A,-,08,22107,,N,B,G,A,A,H,-,C,D,0,,Y,,,Y,,-,"- ",0,1,1,0,0,0,1,0,0,"- ","- ",,,"SAN FRANCISCO","SAN FRANCISCO",-122.41069793701172,37.78277587890625
9708208,2024,2024-08-07,3801,2024-06-15,1723,301,INGLE,6,5,7,3801,0,0,0,,0,3H13D,"NAPLES ST","PERSIA AV",0.00,,Y,A,-,N,,,,,,,,,,N,3,0,1,2,A,-,08,22107,,F,B,B,B,A,H,-,A,A,0,Y,,,,Y,,A,01,0,1,0,0,1,0,0,0,0,"- ","- ",,,"SAN FRANCISCO","SAN FRANCISCO",-122.43121337890625,37.720863342285156
9708209,2024,2024-08-07,3801,2024-06-13,"356 ",2727,INGLE,4,5,7,3801,0,0,0,,0,3H61,"BAYSHORE BL","BLANKEN AV",0.00,,Y,A,-,N,,,,,,,,,,N,2,0,1,2,A,-,03,22350,,F,G,B,B,A,H,-,C,A,0,Y,,,,Y,,-,,1,0,0,0,1,0,0,0,0,"- ","- ",,,"SAN FRANCISCO","SAN FRANCISCO",-122.40158843994141,37.712539672851562
9708210,2024,2024-08-07,3801,2024-06-11,"355 ",141,INGLE,2,5,7,3801,0,0,0,,0,3H15E,"GENEVA AV","PRAGUE ST",253.00,W,N,A,-,N,,,,,,,,,,Y,3,0,3,4,A,-,01,23153,A,N,A,I,A,A,H,-,C,A,0,,,,,Y,Y,A,01,0,2,1,0,0,0,0,0,0,"- ","- ",,,"SAN FRANCISCO","SAN FRANCISCO",-122.43280029296875,37.712963104248047
9708211,2024,2024-08-07,3801,2024-06-08,2347,318,INGLE,6,5,7,3801,0,0,0,,0,004,"CIRCULAR AV","JUDSON AV",0.00,,Y,A,-,N,,,,,,,,,,N,3,0,1,2,A,-,00,23103,,F,G,B,F,A,H,-,C,D,0,Y,,,,Y,Y,A,01,0,1,0,0,1,0,0,0,0,"- ","- ",,,"SAN FRANCISCO","SAN FRANCISCO",-122.44425964355469,37.728279113769531
9708212,2024,2024-08-15,3801,2024-06-08,2348,318,INGLE,6,5,7,3801,0,0,0,,0,"3H15E ","CIRCULAR AV","FLOOD AV",75.00,N,N,A,-,N,,,,,,,,,,N,3,0,1,2,A,-,11,21950,B,N,G,B,D,A,H,-,C,D,0,Y,,,,Y,Y,N,60,0,1,0,0,1,0,0,0,0,"- ","- ",,,"SAN FRANCISCO","SAN FRANCISCO",-122.44040679931641,37.730007171630859
9708213,2024,2024-08-07,3801,2024-06-02,1619,4178,TRAFF,7,5,7,3801,0,0,0,,0,4B3A,"14TH ST","GUERRERO ST",0.00,,Y,A,-,N,,,,,,,,,,N,2,0,2,2,A,-,12,21453,A,N,D,G,A,A,H,-,A,A,0,,Y,,,Y,,L,04,1,0,1,0,0,0,1,0,0,"- ","- ",,,"SAN FRANCISCO","SAN FRANCISCO",-122.42440795898438,37.768024444580078
9708214,2024,2024-08-07,3801,2024-06-16,1700,1452,MISSI,7,5,7,3801,0,0,0,,0,3D15D,"POTRERO AV","18TH ST",103.00,S,N,A,-,N,,,,,,,,,,Y,2,0,2,2,A,-,01,23153,A,N,B,C,A,A,H,-,A,D,0,,,,,Y,Y,A,01,2,0,0,0,0,0,0,0,0,"- ","- ",,,"SAN FRANCISCO","SAN FRANCISCO",-122.40719604492188,37.761646270751953
9708215,2024,2024-08-07,3801,2024-06-16,1024,1557,TARAV,7,5,7,3801,0,0,0,,0,316A,"BROTHERHOOD WY","JUNIPERO SERRA BL",0.00,,Y,A,-,N,,,,,,,,,,Y,4,0,1,2,A,-,03,22350,,N,D,D,A,A,H,-,A,D,0,,,,,Y,,A,01,0,0,1,0,0,0,0,0,0,"- ","- ",,,"SAN FRANCISCO","SAN FRANCISCO",-122.47118377685547,37.712699890136719
9708216,2024,2024-08-07,3801,2024-06-15,2140,1594,NORTH,6,5,7,3801,0,0,0,,0,3E12E,"GEARY BL","DIVASADERO ST",0.00,,Y,A,-,N,,,,,,,,,,Y,3,0,2,2,A,-,12,21453,A,N,D,C,A,A,H,-,C,A,0,,,Y,,Y,,C,02,0,2,0,0,0,0,0,0,1,"- ","- ",,,"SAN FRANCISCO","SAN FRANCISCO",-122.43947601318359,37.783359527587891
9708217,2024,2024-08-07,3801,2024-06-15,1811,2420,NORTH,6,5,7,3801,0,0,0,,0,,"FRANKLIN ST","PINE ST",0.00,,Y,A,-,N,,,,,,,,,,N,3,0,1,2,A,-,03,22350,,N,D,C,A,A,H,-,A,A,0,,,Y,,Y,,C,02,0,1,0,0,0,0,0,0,1,"- ","- ",,,"SAN FRANCISCO","SAN FRANCISCO",-122.42377471923828,37.789207458496094
9708218,2024,2024-08-07,3801,2024-06-11,"708 ",1826,CENTR,2,5,7,3801,0,0,0,,0,002,"MONTGOMERY ST","PINE ST",72.00,W,N,A,-,N,,,,,,,,,,N,3,0,1,2,A,-,17,21235,G,N,G,B,F,A,H,-,A,D,0,Y,,,,Y,,M,94,0,1,0,0,0,0,0,0,0,"- ","- ",,,"SAN FRANCISCO","SAN FRANCISCO",-122.40259552001953,37.7921142578125
9708219,2024,2024-08-07,3801,2024-06-19,1756,158,NORTH,3,5,7,3801,0,0,0,,0,3E14D,"BUSH ST","LAGUNA ST",131.00,W,N,B,-,N,,,,,,,,,,Y,4,0,1,2,A,-,04,21703,,N,C,C,A,A,H,-,A,A,0,,,Y,,Y,,A,01,0,0,1,0,0,0,0,0,1,"- ","- ",,,"SAN FRANCISCO","SAN FRANCISCO",-122.42897796630859,37.787593841552734
9708220,2024,2024-08-07,3801,2024-06-19,1602,1857,SOUTH,3,5,7,3801,0,0,0,,0,003,"MISSION ST","6TH ST",224.00,W,N,A,-,N,,,,,,,,,,Y,4,0,2,3,A,-,03,22350,,F,C,C,A,A,H,-,A,A,0,,,,,Y,,A,01,0,0,2,0,0,0,0,0,0,"- ","- ",,,"SAN FRANCISCO","SAN FRANCISCO",-122.40924072265625,37.780544281005859
9708221,2024,2024-08-07,3801,2024-06-18,1729,1523,NORTH,2,5,7,3801,0,0,0,,0,4CAR,"LAGUNA ST","BROADWAY ST",0.00,,Y,A,-,N,,,,,,,,,,N,4,0,1,2,A,-,12,22450,A,N,B,C,A,A,H,-,A,A,0,,,Y,,Y,,C,02,0,0,1,0,0,0,0,0,1,"- ","- ",,,"SAN FRANCISCO","SAN FRANCISCO",-122.42997741699219,37.794887542724609
9708222,2024,2024-08-07,3801,2024-06-18,1517,539,NORTH,2,5,7,3801,0,0,0,,0,1CAR,"LAGUNA ST","LINDEN ST",0.00,,Y,A,-,N,,,,,,,,,,N,4,0,1,2,A,-,21,22106,,N,D,C,A,A,H,-,A,A,0,,,Y,,Y,,A,01,0,0,1,0,0,0,0,0,1,"- ","- ",,,"SAN FRANCISCO","SAN FRANCISCO",-122.42617034912109,37.776004791259766
9708223,2024,2024-08-07,3801,2024-06-18,"749 ",381,BAYVI,2,5,7,3801,0,0,0,,0,0C2,"PHELPS ST","INNES AV",0.00,,Y,A,-,N,,,,,,,,,,Y,2,0,1,2,A,-,09,21801,B,N,D,C,A,A,H,-,A,A,0,,,Y,,Y,,A,08,1,0,0,0,0,0,0,0,1,"- ","- ",,,"SAN FRANCISCO","SAN FRANCISCO",-122.39068603515625,37.740482330322266
9708224,2024,2024-08-07,3801,2024-06-17,1601,1061,SOUTH,1,5,7,3801,0,0,0,,0,3B14D,"SPEAR ST","MISSION ST",0.00,,Y,A,-,N,,,,,,,,,,N,4,0,1,2,A,-,08,22100,B,N,D,C,A,A,H,-,A,A,0,,,,,Y,,A,07,0,0,1,0,0,0,0,0,0,"- ","- ",,,"SAN FRANCISCO","SAN FRANCISCO",-122.39406585693359,37.792556762695312
9708225,2024,2024-08-07,3801,2024-06-17,"948 ",1580,SOUTH,1,5,7,3801,0,0,0,,0,,"GUERRERO ST","DUBOCE AV",0.00,,Y,A,-,N,,,,,,,,,,N,4,0,1,2,A,-,03,22350,,N,C,C,A,A,H,-,A,A,0,,,,,Y,,A,01,0,0,1,0,0,0,0,0,0,"- ","- ",,,"SAN FRANCISCO","SAN FRANCISCO",-122.42459106445312,37.769741058349609
9708226,2024,2024-08-07,3801,2024-06-16,1730,1374,TARAV,7,5,7,3801,0,0,0,,0,316D,"SAGAMORE ST","CAPITOL AV",0.00,,Y,A,-,N,,,,,,,,,,N,2,0,2,2,A,-,12,21453,A,N,D,C,A,A,H,-,A,A,0,,,,,Y,,A,01,1,1,0,0,0,0,0,0,0,"- ","- ",,,"SAN FRANCISCO","SAN FRANCISCO",-122.45902252197266,37.711387634277344
9708227,2024,2024-08-07,3801,2024-06-16,"57  ",2474,BAYVI,7,5,7,3801,0,0,0,,0,901,"03RD DT","LE CONTE AV",60.00,N,N,A,-,N,,,,,,,,,,N,3,0,1,1,D,-,00,,,N,H,G,A,A,H,-,C,D,0,,Y,,,Y,,-,"- ",0,1,0,0,0,0,1,0,0,"- ","- ",,,"SAN FRANCISCO","SAN FRANCISCO",,
9708228,2024,2024-08-30,3801,2024-06-15,2230,1688,BAYVI,6,5,7,3801,0,0,0,,0,3C15E,"JENNINGS ST","THOMAS AVE",0.00,,Y,A,-,N,,,,,,,,,,N,4,0,1,2,A,-,12,22450,,N,D,C,A,A,H,-,A,D,0,,,,,Y,,-,"- ",0,0,1,0,0,0,0,0,0,"- ","- ",,,"SAN FRANCISCO","SAN FRANCISCO",-122.38754272460938,37.728286743164062
9708229,2024,2024-08-30,3801,2024-06-14,1730,1052,RICHM,5,5,7,3801,0,0,0,,0,3G15D,"JOHN F KENNEDY DR","GREAT HWY",406.00,E,N,A,-,N,,,,,,,,,,N,3,0,1,2,A,-,09,21801,A,N,B,G,A,A,H,-,A,D,0,,Y,,,Y,,A,01,0,1,0,0,0,0,0,0,0,"- ","- ",,,"SAN FRANCISCO","SAN FRANCISCO",-122.50971984863281,37.770126342773438
9708230,2024,2024-08-07,3801,2024-06-06,"5   ",2424,SOUTH,4,5,7,3801,0,0,0,,0,3B12E,"FOLSOM ST","ESSEX ST",0.00,,Y,A,-,N,,,,,,,,,,N,4,0,1,2,A,-,12,21453,A,N,D,G,A,A,H,-,C,A,0,,Y,,,Y,,L,04,0,0,1,0,0,0,1,0,0,"- ","- ",,,"SAN FRANCISCO","SAN FRANCISCO",-122.39569091796875,37.786384582519531
9708231,2024,2024-08-08,3801,2024-06-14,"30  ",1096,CENTR,5,5,7,3801,0,0,0,,0,3A15E,"GEARY ST","GRANT ST",0.00,,Y,A,-,N,,,,,,,,,,N,3,0,1,1,A,-,03,22350,,N,H,A,A,A,H,-,C,D,0,,,Y,,Y,,C,03,0,1,0,0,0,0,0,0,1,"- ","- ",,,"SAN FRANCISCO","SAN FRANCISCO",-122.40503692626953,37.787742614746094
9708232,2024,2024-08-08,3801,2024-06-13,2235,740,MISSI,4,5,7,3801,0,0,0,,0,0D4,"MISSION ST","24TH ST",0.00,,Y,A,-,N,,,,,,,,,,N,4,0,1,2,A,-,09,21801,A,N,D,G,A,A,H,-,C,A,0,,Y,,,Y,,A,01,0,0,1,0,0,0,1,0,0,"- ","- ",,,"SAN FRANCISCO","SAN FRANCISCO",-122.41848754882812,37.752262115478516
9708233,2024,2024-08-08,3801,2024-06-13,1918,1857,SOUTH,4,5,7,3801,0,0,0,,0,004,"GOUGH ST","OTIS ST",0.00,,Y,A,-,N,,,,,,,,,,Y,3,0,1,2,A,-,12,21453,A,N,B,-,A,A,H,-,A,A,0,,,Y,,Y,,C,03,0,1,0,0,0,0,0,0,1,"- ","- ",,,"SAN FRANCISCO","SAN FRANCISCO",-122.42033386230469,37.771774291992188
9708234,2024,2024-09-09,3801,2024-06-12,2009,1145,SOUTH,3,5,7,3801,0,0,0,,0,3B16D,"MACALLA ROAD","BRISTOL COURT",0.00,,Y,A,-,N,,,,,,,,,,Y,2,0,1,1,A,-,03,22350,,N,E,I,A,A,H,-,B,D,0,,,Y,,Y,,C,02,1,0,0,0,0,0,0,0,1,"- ","- ",,,"SAN FRANCISCO","SAN FRANCISCO",,
9708235,2024,2024-08-08,3801,2024-06-12,1302,1196,CENTR,3,5,7,3801,0,0,0,,0,3A14C,EMBARCADERO,"PIER 23",200.00,N,N,A,-,N,,,,,,,,,,N,4,0,1,2,A,-,02,21211,A,M,D,B,E,A,H,-,A,D,0,Y,Y,,,Y,Y,L,04,0,0,1,0,0,0,1,0,0,"- ","- ",,,"SAN FRANCISCO","SAN FRANCISCO",-122.40126037597656,37.803123474121094
9708236,2024,2024-08-08,3801,2024-06-12,"814 ",413,MISSI,3,5,7,3801,0,0,0,,0,3D16A,"16TH STREET","FLORIDA ST",0.00,,Y,A,-,N,,,,,,,,,,Y,4,0,1,4,A,-,08,22107,,N,D,C,A,A,H,-,A,A,0,,,,,Y,,A,01,0,0,1,0,0,0,0,0,0,"- ","- ",,,"SAN FRANCISCO","SAN FRANCISCO",-122.41143798828125,37.765548706054688
9708381,2024,2024-08-16,3801,2024-06-24,1137,2412,INGLE,1,5,7,3801,0,0,0,,0,3H12A,"CORTLAND AV","ANDOVER ST",0.00,,Y,A,-,N,,,,,,,,,,N,4,0,1,2,A,-,21,22106,,N,G,B,-,A,H,-,A,D,0,Y,,,,Y,,A,01,0,0,1,0,1,0,0,0,0,"- ","- ",,,"SAN FRANCISCO","SAN FRANCISCO",-122.41651153564453,37.739059448242188
9708385,2024,2024-08-16,3801,2024-06-16,1720,9,CENTR,7,5,7,3801,0,0,0,,0,3A13A,"MASON ST","BAY ST",55.00,N,N,A,-,N,,,,,,,,,,N,4,0,2,2,A,-,03,22350,,F,C,C,A,A,H,-,A,D,0,,,,,Y,,A,01,0,0,2,0,0,0,0,0,0,"- ","- ",,,"SAN FRANCISCO","SAN FRANCISCO",-122.41361999511719,37.805778503417969
9708412,2024,2024-08-16,3801,2024-06-09,"8   ",2490,TENDE,7,5,7,3801,0,0,0,,0,3J11E,"CHARLES J BRENHAM PL","MARKET ST",40.00,N,N,A,-,N,,,,,,,,,,Y,4,0,2,2,A,-,03,22350,,N,C,E,A,A,H,-,C,A,0,,,Y,,Y,,A,01,0,0,2,0,0,0,0,0,1,"- ","- ",,,"SAN FRANCISCO","SAN FRANCISCO",-122.41260528564453,37.780563354492188
9708416,2024,2024-08-16,3801,2024-06-07,2052,614,TARAV,5,5,7,3801,0,0,0,,0,3I11D,"LINCOLN WY","10TH AV",75.00,W,N,B,-,N,,,,,,,,,,Y,3,0,1,2,A,-,08,22107,,N,F,E,A,A,H,-,C,D,0,,,,,Y,,A,01,0,1,0,0,0,0,0,0,0,"- ","- ",,,"SAN FRANCISCO","SAN FRANCISCO",-122.46775817871094,37.765869140625
9708422,2024,2024-09-10,3801,2024-06-03,1615,2724,SOUTH,1,5,7,3801,0,0,0,,0,3B13D,"MARKET ST","OCTAVIA ST",0.00,,Y,A,-,N,,,,,,,,,,N,4,0,1,2,A,-,17,21461,A,N,D,C,A,A,H,-,A,A,0,,,Y,,Y,,A,01,0,0,1,0,0,0,0,0,1,"- ","- ",,,"SAN FRANCISCO","SAN FRANCISCO",-122.42359161376953,37.771774291992188
9708524,2024,2024-07-25,3801,2024-05-31,2158,1836,TARAV,5,5,7,3801,0,0,0,,0,012,"NORIEGA ST","31ST AV",0.00,,Y,A,-,N,,,,,,,,,,N,3,0,1,2,A,-,21,22106,,N,G,B,F,A,H,-,C,D,0,Y,,,,Y,,A,01,0,1,0,0,1,0,0,0,0,"- ","- ",,,"SAN FRANCISCO","SAN FRANCISCO",-122.48932647705078,37.753669738769531
9708528,2024,2024-07-25,3801,2024-05-31,2240,488,INGLE,5,5,7,3801,0,0,0,,0,3H11E,"CESAR CHAVEZ ST","FOLSOM ST",104.00,E,N,A,-,N,,,,,,,,,,Y,4,0,1,2,A,-,04,21703,,F,-,C,A,A,H,-,C,A,0,,,,,Y,,A,07,0,0,1,0,0,0,0,0,0,"- ","- ",,,"SAN FRANCISCO","SAN FRANCISCO",-122.41332244873047,37.748317718505859