CASE_ID,ACCIDENT_YEAR,PROC_DATE,JURIS,COLLISION_DATE,COLLISION_TIME,OFFICER_ID,REPORTING_DISTRICT,DAY_OF_WEEK,CHP_SHIFT,POPULATION,CNTY_CITY_LOC,SPECIAL_COND,BEAT_TYPE,CHP_BEAT_TYPE,CITY_DIVISION_LAPD,CHP_BEAT_CLASS,BEAT_NUMBER,PRIMARY_RD,SECONDARY_RD,DISTANCE,DIRECTION,INTERSECTION,WEATHER_1,WEATHER_2,STATE_HWY_IND,CALTRANS_COUNTY,CALTRANS_DISTRICT,STATE_ROUTE,ROUTE_SUFFIX,POSTMILE_PREFIX,POSTMILE,LOCATION_TYPE,RAMP_INTERSECTION,SIDE_OF_HWY,TOW_AWAY,COLLISION_SEVERITY,NUMBER_KILLED,NUMBER_INJURED,PARTY_COUNT,PRIMARY_COLL_FACTOR,PCF_CODE_OF_VIOL,PCF_VIOL_CATEGORY,PCF_VIOLATION,PCF_VIOL_SUBSECTION,HIT_AND_RUN,TYPE_OF_COLLISION,MVIW,PED_ACTION,ROAD_SURFACE,ROAD_COND_1,ROAD_COND_2,LIGHTING,CONTROL_DEVICE,CHP_ROAD_TYPE,PEDESTRIAN_ACCIDENT,BICYCLE_ACCIDENT,MOTORCYCLE_ACCIDENT,TRUCK_ACCIDENT,NOT_PRIVATE_PROPERTY,ALCOHOL_INVOLVED,STWD_VEHTYPE_AT_FAULT,CHP_VEHTYPE_AT_FAULT,COUNT_SEVERE_INJ,COUNT_VISIBLE_INJ,COUNT_COMPLAINT_PAIN,COUNT_PED_KILLED,COUNT_PED_INJURED,COUNT_BICYCLIST_KILLED,COUNT_BICYCLIST_INJURED,COUNT_MC_KILLED,COUNT_MC_INJURED,PRIMARY_RAMP,SECONDARY_RAMP,LATITUDE,LONGITUDE,COUNTY,CITY,POINT_X,POINT_Y
9712478,2024,2024-09-30,3801,2024-08-12,1858,2357,TARAV,1,5,7,3801,0,0,0,,0,3I11D,"ULLOA ST","19TH AV",0.00,,Y,A,-,N,,,,,,,,,,Y,2,0,3,2,A,-,12,21453,A,N,D,C,A,A,H,-,A,A,0,,,,,Y,,A,01,2,0,1,0,0,0,0,0,0,"- ","- ",,,"SAN FRANCISCO","SAN FRANCISCO",-122.47557067871094,37.741195678710938
9712531,2023,2024-09-24,3801,2023-12-15,2003,1907,INGLE,5,5,7,3801,0,0,0,,0,3H3D,"SAN JOSE AV","GENEVA AV",100.00,S,N,A,-,N,,,,,,,,,,N,4,0,2,2,A,-,21,22106,,N,C,C,A,A,H,-,C,D,0,,,,,Y,,A,01,0,0,2,0,0,0,0,0,0,"- ","- ",,,"SAN FRANCISCO","SAN FRANCISCO",-122.44681549072266,37.720497131347656
9712536,2023,2024-09-24,3801,2023-05-16,"709 ",2376,SOUTH,2,5,7,3801,0,0,0,,0,3B5A,"VERMONT ST","16TH ST",0.00,,Y,B,-,N,,,,,,,,,,N,4,0,1,2,A,-,12,21453,A,N,B,C,A,A,H,-,A,A,0,,,,,Y,,A,07,0,0,1,0,0,0,0,0,0,"- ","- ",,,"SAN FRANCISCO","SAN FRANCISCO",-122.40463256835938,37.765960693359375
9712662,2024,2024-10-11,3801,2024-09-12,2008,2500,CENTR,4,5,7,3801,0,0,0,,0,3A11D,EMBARCADERO,"BRYANT ST",0.00,,Y,A,-,N,,,,,,,,,,Y,3,0,1,1,A,-,00,21655,A,N,E,I,A,A,H,-,C,A,0,,,,,Y,,J,48,0,1,0,0,0,0,0,0,0,"- ","- ",,,"SAN FRANCISCO","SAN FRANCISCO",-122.38801574707031,37.787094116210938
9712665,2024,2024-10-11,3801,2024-09-20,1618,1066,NORTH,5,5,7,3801,0,0,0,,0,"3E3 ","VAN NESS AVE","O'FARRELL ST",35.00,S,N,A,-,N,,,,,,,,,,N,4,0,1,2,A,-,01,23152,F,N,B,C,A,A,H,-,A,D,0,,,,,Y,,A,01,0,0,1,0,0,0,0,0,0,"- ","- ",,,"SAN FRANCISCO","SAN FRANCISCO",-122.42110443115234,37.784664154052734
9712678,2024,2024-10-11,3801,2024-09-18,2021,2706,MISSI,3,5,7,3801,0,0,0,,0,3D16D,"16TH ST","FOLSOM ST",0.00,,Y,A,-,N,,,,,,,,,,Y,4,0,4,2,A,-,12,21453,A,N,H,-,A,A,H,-,C,-,0,,,,,Y,,J,48,0,0,4,0,0,0,0,0,0,"- ","- ",,,"SAN FRANCISCO","SAN FRANCISCO",-122.41529846191406,37.765312194824219
9714575,2024,2024-07-24,3801,2024-04-26,"533 ",1017,NORTH,5,5,7,3801,0,0,0,,0,3E15E,"POST ST","VAN NESS AV",0.00,,Y,A,-,N,,,,,,,,,,N,3,0,2,2,A,-,08,22107,,N,B,C,A,A,H,-,C,A,0,,,,,Y,,J,41,0,1,1,0,0,0,0,0,0,"- ","- ",,,"SAN FRANCISCO","SAN FRANCISCO",-122.42153167724609,37.786624908447266
9714668,2023,2024-07-18,3801,2023-12-30,"816 ",1949,BAYVI,6,5,7,3801,0,0,0,,0,3C15A,"REVERE AV","GRIFFITH ST",0.00,,Y,A,-,N,,,,,,,,,,N,3,0,1,2,A,-,21,22106,,F,G,B,E,A,-,-,A,D,0,Y,,,,Y,,A,01,0,1,0,0,1,0,0,0,0,"- ","- ",,,"SAN FRANCISCO","SAN FRANCISCO",-122.38082885742188,37.726371765136719
9721821,2024,2024-08-30,3801,2024-07-06,"510 ",1806,SOUTH,6,5,7,3801,0,0,0,,0,3B12A,"MISSION ST","WEST MONTGOMERY",40.00,W,N,A,-,N,,,,,,,,,,N,2,0,1,2,A,-,21,22106,,F,G,B,E,A,H,-,C,A,0,Y,,,,Y,,A,01,1,0,0,0,1,0,0,0,0,"- ","- ",37.787330627441406,-122.40067291259766,"SAN FRANCISCO","SAN FRANCISCO",,
9721822,2024,2024-08-30,3801,2024-07-05,1900,2420,NORTH,5,5,7,3801,0,0,0,,0,3E12D,"OAK ST","OCTAVIA ST",0.00,,Y,A,-,N,,,,,,,,,,Y,4,0,1,2,A,-,12,21453,A,N,D,C,A,A,H,-,A,A,0,,,,,Y,,A,01,0,0,1,0,0,0,0,0,0,"- ","- ",,,"SAN FRANCISCO","SAN FRANCISCO",-122.42430114746094,37.774799346923828
9721823,2024,2024-08-30,3801,2024-07-05,1814,2400,BAYVI,5,5,7,3801,0,0,0,,0,3CAR,"3RD ST","EVANS AV",0.00,,Y,A,-,N,,,,,,,,,,N,4,0,1,2,D,-,00,,,N,D,C,A,A,H,-,A,A,0,,,Y,,Y,,-,"- ",0,0,1,0,0,0,0,0,1,"- ","- ",,,"SAN FRANCISCO","SAN FRANCISCO",-122.38801574707031,37.742733001708984
9721824,2024,2024-08-30,3801,2024-07-05,"131 ",715,MISSI,5,5,7,3801,0,0,0,,0,3D14E,"16TH ST","MISSION ST",0.00,,Y,A,-,N,,,,,,,,,,N,3,0,1,2,A,-,10,21950,A,N,G,B,B,A,-,-,C,A,0,Y,,,,Y,,A,01,0,1,0,0,1,0,0,0,0,"- ","- ",,,"SAN FRANCISCO","SAN FRANCISCO",-122.41967010498047,37.765052795410156
9721825,2024,2024-09-09,3801,2024-07-05,"114 ",451,MISSI,5,5,7,3801,0,0,0,,0,3D16E,"SOUTH VAN NESS AV","16TH ST",0.00,,Y,A,-,N,,,,,,,,,,Y,1,1,1,2,A,-,09,21801,,F,A,C,A,A,-,-,C,A,0,,,Y,,Y,,A,01,1,0,0,0,0,0,0,1,1,"- ","- ",,,"SAN FRANCISCO","SAN FRANCISCO",-122.41748809814453,37.765178680419922
9721826,2024,2024-08-30,3801,2024-07-04,2334,326,NORTH,4,5,7,3801,0,0,0,,0,3E13E,"GROVE ST","VAN NESS AV",35.00,E,N,A,-,N,,,,,,,,,,N,3,0,1,2,A,-,05,21460,,N,D,G,A,A,H,-,C,-,0,,Y,,,Y,,A,01,0,1,0,0,0,0,1,0,0,"- ","- ",,,"SAN FRANCISCO","SAN FRANCISCO",-122.41970062255859,37.778274536132812
9721827,2024,2024-08-30,3801,2024-07-04,"921 ",1371,NORTH,4,5,7,3801,0,0,0,,0,005,"UNION ST","DIVISADERO ST",125.00,W,N,A,-,N,,,,,,,,,,N,4,0,1,2,-,-,"- ",,,N,D,C,A,A,H,-,A,A,0,,,,,Y,,A,01,0,0,1,0,0,0,0,0,0,"- ","- ",,,"SAN FRANCISCO","SAN FRANCISCO",-122.44252014160156,37.796188354492188
9721828,2024,2024-09-09,3801,2024-07-04,"711 ",4275,TARAV,4,5,7,3801,0,0,0,,0,3I1A,"JUDAH ST","19TH AV",0.00,,Y,A,-,N,,,,,,,,,,N,3,0,1,2,A,-,11,21453,D,N,D,B,E,A,H,-,A,A,0,Y,,,,Y,,N,60,0,1,0,0,1,0,0,0,0,"- ","- ",,,"SAN FRANCISCO","SAN FRANCISCO",-122.47702789306641,37.761695861816406
9721829,2024,2024-08-30,3801,2024-07-03,"900 ",2195,NORTH,3,5,7,3801,0,0,0,,0,003,"VAN NESS AV","BUSH ST",0.00,,Y,A,-,N,,,,,,,,,,N,2,0,1,2,A,-,12,21453,A,F,G,B,B,A,H,-,A,A,0,Y,,,,Y,,-,,1,0,0,0,1,0,0,0,0,"- ","- ",,,"SAN FRANCISCO","SAN FRANCISCO",-122.42191314697266,37.788490295410156
9721830,2024,2024-08-30,3801,2024-07-03,1404,2499,TARAV,3,5,7,3801,0,0,0,,0,3115A,"WINSTON DR","BUCKINGHAM WY",0.00,,-,A,-,N,,,,,,,,,,Y,4,0,1,1,A,-,03,22350,,N,F,I,A,A,H,-,A,D,0,,,,,Y,,A,01,0,0,1,0,0,0,0,0,0,"- ","- ",,,"SAN FRANCISCO","SAN FRANCISCO",-122.47597503662109,37.730087280273438
9721831,2024,2024-09-11,3801,2024-07-02,1747,798,NORTH,2,5,7,3801,0,0,0,,0,3E12D,"TURK ST","BUCHANAN ST",50.00,W,N,A,-,N,,,,,,,,,,Y,4,0,1,2,A,-,07,21658,,N,F,E,A,A,H,-,A,-,0,,,,,Y,,A,07,0,0,1,0,0,0,0,0,0,"- ","- ",,,"SAN FRANCISCO","SAN FRANCISCO",-122.42910003662109,37.780876159667969
9721832,2024,2024-08-30,3801,2024-07-02,1631,1845,TARAV,2,5,7,3801,0,0,0,,0,"1 CAR","DEWEY BL","PACHECO ST",0.00,,Y,A,-,N,,,,,,,,,,N,4,0,1,2,A,-,10,21950,A,N,G,B,B,A,H,-,A,A,0,Y,,,,Y,,A,01,0,0,1,0,1,0,0,0,0,"- ","- ",,,"SAN FRANCISCO","SAN FRANCISCO",-122.46138763427734,37.745559692382812
9721833,2024,2024-08-30,3801,2024-07-08,2114,2463,SOUTH,1,5,7,3801,0,0,0,,0,3B14E,"OTIS ST","MCCOPPIN ST",0.00,,Y,A,-,N,,,,,,,,,,Y,2,0,1,1,A,-,03,22350,,N,E,I,A,A,H,-,C,A,0,,,Y,,Y,Y,C,03,1,0,0,0,0,0,0,0,1,"- ","- ",,,"SAN FRANCISCO","SAN FRANCISCO",-122.42033386230469,37.771774291992188
9721834,2024,2024-10-09,3801,2024-07-08,1815,2210,SOUTH,1,5,7,3801,0,0,0,,0,0B3,"BRYANT ST","7TH ST",0.00,,-,A,-,Y,SF,4,80,-,-,4.392,R,4,E,N,4,0,1,2,A,-,10,21950,A,N,G,B,B,A,H,-,A,A,0,Y,,,,Y,,A,01,0,0,1,0,1,0,0,0,0,"- ","- ",,,"SAN FRANCISCO","SAN FRANCISCO",-122.40643310546875,37.773830413818359
9721835,2024,2024-08-30,3801,2024-07-07,1525,1414,MISSI,7,5,7,3801,0,0,0,,0,3D16D,"POTRERO AV","18TH ST",180.00,N,N,A,-,N,,,,,,,,,,Y,4,0,1,2,A,-,07,21658,A,N,B,E,A,A,H,-,A,D,0,,,,,Y,,A,01,0,0,1,0,0,0,0,0,0,"- ","- ",,,"SAN FRANCISCO","SAN FRANCISCO",-122.40727233886719,37.762420654296875
9721836,2024,2024-08-30,3801,2024-07-06,1834,2064,MISSI,6,5,7,3801,0,0,0,,0,3D12D,"16TH ST","SHARON ST",0.00,,Y,A,-,N,,,,,,,,,,N,3,0,1,2,A,-,07,21658,,N,B,E,A,A,H,-,A,A,0,,,,,Y,,M,94,0,1,0,0,0,0,0,0,0,"- ","- ",,,"SAN FRANCISCO","SAN FRANCISCO",-122.42977905273438,37.764430999755859
9721837,2024,2024-08-30,3801,2024-07-06,1720,469,MISSI,6,5,7,3801,0,0,0,,0,3D12D,"VALENCIA ST","ROSA PARKS LN",0.00,,Y,A,-,N,,,,,,,,,,N,3,0,1,2,A,-,08,22107,,N,D,J,A,A,H,-,A,D,0,,,,,Y,,A,01,0,1,0,0,0,0,0,0,0,"- ","- ",,,"SAN FRANCISCO","SAN FRANCISCO",-122.42211151123047,37.767448425292969
9721838,2024,2024-08-30,3801,2024-07-06,1557,2228,CENTR,6,5,7,3801,0,0,0,,0,3A4D,"THE EMBARCADERO","GREEN ST",166.00,S,N,A,-,N,,,,,,,,,,Y,3,0,1,2,A,-,17,22517,,N,B,G,A,A,H,-,A,A,0,,Y,,,Y,,A,01,0,1,0,0,0,0,1,0,0,TO,"- ",,,"SAN FRANCISCO","SAN FRANCISCO",-122.39889526367188,37.800464630126953
9721839,2024,2024-08-30,3801,2024-07-06,1301,2748,SOUTH,6,5,7,3801,0,0,0,,0,3B12A,"MISSION ST","JULIA ST",0.00,,-,A,-,N,,,,,,,,,,N,4,0,1,2,D,-,00,,,N,H,G,A,A,H,-,A,D,0,,Y,,,Y,,-,"- ",0,0,1,0,0,0,1,0,0,"- ","- ",,,"SAN FRANCISCO","SAN FRANCISCO",-122.41241455078125,37.778049468994141
9721840,2024,2024-08-30,3801,2024-07-06,"912 ",2161,MISSI,6,5,7,3801,0,0,0,,0,3D14A,"MISSION ST","26TH ST",18.00,S,N,A,-,N,,,,,,,,,,N,4,0,1,2,A,-,17,21235,G,N,G,B,F,A,H,-,A,-,0,Y,,,,Y,,M,94,0,0,1,0,1,0,0,0,0,"- ","- ",,,"SAN FRANCISCO","SAN FRANCISCO",-122.41813659667969,37.749011993408203
9721841,2024,2024-08-30,3801,2024-07-09,1753,2064,MISSI,2,5,7,3801,0,0,0,,0,3D16D,"MISSION ST","20TH ST",0.00,,Y,A,-,N,,,,,,,,,,N,3,0,1,2,A,-,08,22101,D,N,D,J,A,A,H,-,A,A,0,,,,,Y,,A,01,0,1,0,0,0,0,0,0,0,"- ","- ",,,"SAN FRANCISCO","SAN FRANCISCO",-122.41903686523438,37.758628845214844
9721842,2024,2024-08-30,3801,2024-07-09,1108,A20952,IGLES,2,5,7,3801,0,0,0,,0,,"ALEMANY BL","SICKLES AV",0.00,,Y,B,-,N,,,,,,,,,,Y,4,0,1,2,A,-,09,21801,A,N,A,C,A,A,H,-,A,A,0,,,,,Y,,A,01,0,0,1,0,0,0,0,0,0,"- ","- ",,,"SAN FRANCISCO","SAN FRANCISCO",-122.45491790771484,37.710514068603516
9721843,2024,2024-08-30,3801,2024-07-09,"17  ",1184,MISSI,2,5,7,3801,0,0,0,,0,3D14E,"MISSION ST","15TH ST",170.00,S,N,A,-,N,,,,,,,,,,Y,4,0,1,4,C,-,18,,,N,A,E,A,A,H,-,C,D,0,,,,,Y,,-,"- ",0,0,1,0,0,0,0,0,0,"- ","- ",,,"SAN FRANCISCO","SAN FRANCISCO",-122.41977691650391,37.766204833984375
9721844,2024,2024-08-30,3801,2024-07-08,1932,1823,INGLE,1,5,7,3801,0,0,0,,0,005,"OTSEGO AV","OCEAN AV",28.00,S,N,A,-,N,,,,,,,,,,N,4,0,1,3,A,-,17,22517,,N,B,E,A,A,H,-,A,D,0,,,,,Y,,A,01,0,0,1,0,0,0,0,0,0,"- ","- ",,,"SAN FRANCISCO","SAN FRANCISCO",-122.44110107421875,37.723239898681641
9721845,2024,2024-08-30,3801,2024-07-21,1123,1457,TARAV,7,5,7,3801,0,0,0,,0,3I11A,"19TH AV","KIRKHAM ST",147.00,N,N,A,B,N,,,,,,,,,,Y,4,0,1,3,A,-,08,22107,,N,B,C,A,A,H,-,A,D,0,,,Y,,Y,,C,02,0,0,1,0,0,0,0,0,1,"- ","- ",,,"SAN FRANCISCO","SAN FRANCISCO",-122.47687530517578,37.760231018066406
9721846,2024,2024-08-30,3801,2024-07-21,2500,2748,SOUTH,7,5,7,3801,0,0,0,,0,3B14A,"MARKET ST","S VAN NESS AV",0.00,,Y,A,-,N,,,,,,,,,,N,4,0,1,2,A,-,09,21800,A,F,B,G,A,A,H,-,A,A,0,,Y,,,Y,,A,01,0,0,1,0,0,0,1,0,0,"- ","- ",,,"SAN FRANCISCO","SAN FRANCISCO",-122.41925811767578,37.775169372558594
9721847,2024,2024-08-30,3801,2024-07-20,2256,4026,BAYVI,6,5,7,3801,0,0,0,,0,3C15E,"3RD ST","CARROLL AV",118.00,S,N,A,-,N,,,,,,,,,,Y,2,0,1,1,A,-,03,22350,,N,-,I,A,A,H,-,C,A,0,,,,,Y,,A,01,1,0,0,0,0,0,0,0,0,"- ","- ",,,"SAN FRANCISCO","SAN FRANCISCO",-122.39447021484375,37.725246429443359
9721848,2024,2024-08-30,3801,2024-07-20,2251,4310,SOUTH,6,5,7,3801,0,0,0,,0,3B12E,"6TH ST","FOLSOM ST",0.00,,Y,A,-,N,,,,,,,,,,Y,4,0,1,2,A,-,04,21703,,N,C,D,A,A,H,-,C,A,0,,,,,Y,,A,01,0,0,1,0,0,0,0,0,0,"- ","- ",,,"SAN FRANCISCO","SAN FRANCISCO",-122.40560150146484,37.778499603271484
9721849,2024,2024-08-30,3801,2024-07-20,2215,1300,PARK,6,5,7,3801,0,0,0,,0,3F13E,"STANYAN ST","OAK ST",0.00,,Y,A,-,N,,,,,,,,,,Y,4,0,1,2,A,-,09,21801,A,N,A,C,A,A,H,-,C,A,0,,,,,Y,,A,01,0,0,1,0,0,0,0,0,0,"- ","- ",,,"SAN FRANCISCO","SAN FRANCISCO",-122.45395660400391,37.771354675292969
9721850,2024,2024-08-30,3801,2024-07-20,1422,610,MISSI,6,5,7,3801,0,0,0,,0,3D41A,"GUERRERO ST","24TH ST",0.00,,Y,A,-,N,,,,,,,,,,Y,2,0,2,2,A,-,09,21801,A,N,D,I,A,A,H,-,A,A,0,,,,,Y,,A,01,1,0,1,0,0,0,0,0,0,"- ","- ",,,"SAN FRANCISCO","SAN FRANCISCO",-122.42286682128906,37.752002716064453
9721851,2024,2024-08-30,3801,2024-07-20,1330,1849,RICHM,6,5,7,3801,0,0,0,,0,3G12A,"JOHN F KENNEDY DR","FUNSTON AV",290.00,E,N,A,-,N,,,,,,,,,,N,3,0,1,1,A,-,"- ",,,N,H,-,A,A,G,-,A,D,0,,Y,,,Y,,L,04,0,1,0,0,0,0,1,0,0,"- ","- ",,,"SAN FRANCISCO","SAN FRANCISCO",,
9721852,2024,2024-08-30,3801,2024-07-20,1225,2289,NORTH,6,5,7,3801,0,0,0,,0,3E1A,"HAYES ST","FRANKLIN ST",0.00,,Y,A,-,N,,,,,,,,,,N,4,0,1,2,A,-,04,21703,,N,C,G,A,A,H,-,A,A,0,,Y,,,Y,,L,04,0,0,1,0,0,0,1,0,0,"- ","- ",,,"SAN FRANCISCO","SAN FRANCISCO",-122.42134094238281,37.777076721191406
9721853,2024,2024-08-30,3801,2024-08-20,1115,610,MISSI,2,5,7,3801,0,0,0,,0,3D41A,"DIVISION ST","BRYANT ST",105.00,W,N,A,-,N,,,,,,,,,,N,2,0,1,2,A,-,05,21650,,N,A,G,A,A,H,-,A,D,0,,Y,,,Y,,L,04,1,0,0,0,0,0,1,0,0,"- ","- ",,,"SAN FRANCISCO","SAN FRANCISCO",-122.41117858886719,37.769355773925781
9721854,2024,2024-08-30,3801,2024-07-20,"131 ",1622,NORTH,6,5,7,3801,0,0,0,,0,3E11E,"FRANKLIN ST","WASHINGTON ST",0.00,,Y,A,-,N,,,,,,,,,,N,4,0,1,2,A,-,03,22350,,M,C,C,A,A,H,-,C,A,0,,,,,Y,,A,01,0,0,1,0,0,0,0,0,0,"- ","- ",,,"SAN FRANCISCO","SAN FRANCISCO",-122.42449951171875,37.792854309082031
9721855,2024,2024-08-30,3801,2024-07-19,2316,1926,NORTH,5,5,7,3801,0,0,0,,0,3E12E,"POLK ST","POST ST",0.00,,Y,A,-,N,,,,,,,,,,N,4,0,1,2,A,-,10,21950,A,N,G,B,B,A,H,-,C,A,0,Y,,,,Y,,A,01,0,0,1,0,1,0,0,0,0,"- ","- ",,,"SAN FRANCISCO","SAN FRANCISCO",-122.41989898681641,37.786834716796875
9721856,2024,2024-08-30,3801,2024-07-19,2500,564,NORTH,5,5,7,3801,0,0,0,,0,3E12D,"GEARY BL","DIVISADERO ST",0.00,,Y,A,-,N,,,,,,,,,,N,3,0,1,2,A,-,11,21453,D,N,G,B,-,A,H,-,B,A,0,Y,,,,Y,,N,60,0,1,0,0,1,0,0,0,0,"- ","- ",,,"SAN FRANCISCO","SAN FRANCISCO",-122.43947601318359,37.783359527587891
9721857,2024,2024-09-11,3801,2024-07-19,1545,2105,CENTR,5,5,7,3801,0,0,0,,0,3A15D,"THE EMBARCADERO","WASHINGTON ST",50.00,S,N,A,-,N,,,,,,,,,,Y,4,0,1,2,A,-,04,21703,,N,C,C,A,A,H,-,A,D,0,,,,,Y,,A,01,0,0,1,0,0,0,0,0,0,"- ","- ",,,"SAN FRANCISCO","SAN FRANCISCO",-122.39546203613281,37.796527862548828
9721858,2024,2024-08-30,3801,2024-07-18,1810,2500,CENTR,4,5,7,3801,0,0,0,,0,3A13D,"BAY ST","MASON ST",0.00,,Y,A,-,N,,,,,,,,,,N,3,0,3,4,A,-,08,22107,,N,B,C,A,A,H,-,A,A,0,,,Y,,Y,,A,01,0,1,2,0,0,0,0,0,1,"- ","- ",,,"SAN FRANCISCO","SAN FRANCISCO",-122.41358947753906,37.805633544921875
9721859,2024,2024-08-30,3801,2024-07-18,1600,964,NORTH,4,5,7,3801,0,0,0,,0,3E13D,"VAN NESS AV","SACRAMENTO ST",0.00,,Y,A,-,N,,,,,,,,,,N,4,0,1,3,A,-,04,21703,,N,C,C,A,A,-,-,A,D,0,,,,,Y,,A,01,0,0,1,0,0,0,0,0,0,"- ","- ",,,"SAN FRANCISCO","SAN FRANCISCO",-122.42243957519531,37.791297912597656
9721860,2024,2024-08-30,3801,2024-07-17,2154,1406,CENTR,3,5,7,3801,0,0,0,,0,3A4,"COLUMBUS AV","VALLEJO ST",24.00,S,N,A,-,N,,,,,,,,,,N,4,0,1,2,A,-,04,21703,,N,C,C,A,A,H,-,C,A,0,,,,,Y,,A,01,0,0,1,0,0,0,0,0,0,"- ","- ",,,"SAN FRANCISCO","SAN FRANCISCO",-122.40782928466797,37.798675537109375
9721861,2024,2024-09-11,3801,2024-07-16,2030,2724,SOUTH,2,5,7,3801,0,0,0,,0,3B1D,"THE EMBARCADERO SOUTH","HOWARD ST",0.00,,Y,A,-,N,,,,,,,,,,N,4,0,2,2,A,-,03,22350,,N,C,C,A,A,H,-,A,A,0,,,Y,,Y,,C,06,0,0,2,0,0,0,0,0,0,"- ","- ",,,"SAN FRANCISCO","SAN FRANCISCO",-122.39119720458984,37.792331695556641
9721862,2024,2024-08-30,3801,2024-07-14,"243 ",1150,NORTH,7,5,7,3801,0,0,0,,0,0E2,"LAGUNA ST","FULTON ST",0.00,,Y,A,-,N,,,,,,,,,,N,4,0,1,2,A,-,12,21453,A,N,D,G,A,A,H,-,C,A,0,,Y,,,Y,,L,04,0,0,1,0,0,0,1,0,0,"- ","- ",,,"SAN FRANCISCO","SAN FRANCISCO",-122.42664337158203,37.778327941894531
9721863,2024,2024-08-30,3801,2024-07-08,1753,913,TENDE,1,5,7,3801,0,0,0,,0,3J13D,"HYDE ST","TURK ST",5.00,S,N,A,-,N,,,,,,,,,,N,4,0,1,2,A,-,09,21800,A,N,D,G,A,A,H,-,A,A,0,,Y,,,Y,,L,04,0,0,1,0,0,0,1,0,0,"- ","- ",,,"SAN FRANCISCO","SAN FRANCISCO",-122.41568756103516,37.782554626464844
9721864,2024,2024-08-30,3801,2024-07-03,1515,385,CENTR,3,5,7,3801,0,0,0,,0,3A60,"PINE ST","LEIDESDORFF ST",0.00,,Y,A,-,N,,,,,,,,,,Y,4,0,1,2,A,-,08,22107,,N,D,-,A,A,H,-,A,D,0,,,,,Y,,A,01,0,0,1,0,0,0,0,0,0,"- ","- ",,,"SAN FRANCISCO","SAN FRANCISCO",-122.40177917480469,37.791999816894531
9721865,2024,2024-08-30,3801,2024-07-09,1530,1243,PARK,2,5,7,3801,0,0,0,,0,3F1C,"5TH AV","HUGO ST",104.00,N,N,A,-,N,,,,,,,,,,N,3,0,1,2,A,-,09,21804,A,N,B,-,A,A,H,-,A,D,0,,,Y,,Y,,C,03,0,1,0,0,0,0,0,0,1,"- ","- ",,,"SAN FRANCISCO","SAN FRANCISCO",-122.46211242675781,37.765434265136719
9721866,2024,2024-08-30,3801,2024-07-23,1717,4200,TARAV,2,5,7,3801,0,0,0,,0,3I13D,"SKYLINE DR","LAKE MERCED BL",0.00,,Y,A,-,N,,,,,,,,,,Y,4,0,2,2,A,-,09,21801,,N,A,C,A,A,H,-,A,D,0,,,,,Y,,A,01,0,0,2,0,0,0,0,0,0,"- ","- ",,,"SAN FRANCISCO","SAN FRANCISCO",-122.49894714355469,37.731536865234375
9721867,2024,2024-08-30,3801,2024-07-23,1109,2499,TARAV,2,5,7,3801,0,0,0,,0,3I15A,"ARELLANO AV","SERRANO DR",0.00,,Y,A,-,N,,,,,,,,,,N,4,0,1,2,A,-,00,20001,,F,G,E,A,A,H,-,A,D,0,,,,,Y,,-,,0,0,1,0,0,0,0,0,0,"- ","- ",,,"SAN FRANCISCO","SAN FRANCISCO",-122.47901916503906,37.720115661621094
9721868,2024,2024-08-30,3801,2024-07-23,1000,2390,PARK,2,5,7,3801,0,0,0,,0,3F3A,"STANYAN ST","FELL ST",0.00,,Y,A,-,N,,,,,,,,,,N,2,0,1,2,D,-,00,,,N,D,G,A,A,H,-,A,B,0,,Y,,,Y,,-,"- ",1,0,0,0,0,0,1,0,0,"- ","- ",,,"SAN FRANCISCO","SAN FRANCISCO",-122.45407104492188,37.77197265625
9721869,2024,2024-08-30,3801,2024-07-22,1424,4307,NORTH,1,5,7,3801,0,0,0,,0,3E15A,"POLK ST","PINE ST",7.00,W,N,A,-,N,,,,,,,,,,N,3,0,1,2,D,-,00,,,N,B,G,A,A,H,-,A,A,0,,Y,,,Y,,-,"- ",0,1,0,0,0,0,1,0,0,"- ","- ",,,"SAN FRANCISCO","SAN FRANCISCO",-122.42050170898438,37.789657592773438
9721870,2024,2024-08-30,3801,2024-07-22,"703 ",1131,BAYVI,1,5,7,3801,0,0,0,,0,,"SB BAYSHORE BL","NB BAYSHORE BL",0.00,,N,A,-,N,,,,,,,,,,Y,4,0,1,2,A,-,09,21804,A,N,B,D,A,A,H,-,A,D,0,,,,,Y,,A,07,0,0,1,0,0,0,0,0,0,TO,"- ",,,"SAN FRANCISCO","SAN FRANCISCO",-122.40431213378906,37.745937347412109
9721871,2024,2024-08-30,3801,2024-07-21,1440,1119,SOUTH,7,5,7,3801,0,0,0,,0,3B5,"17TH ST","VERMONT ST",0.00,,Y,A,-,N,,,,,,,,,,,3,0,1,1,A,-,03,22350,,N,H,A,A,A,D,-,A,A,0,,Y,,,Y,,L,04,0,1,0,0,0,0,1,0,0,"- ","- ",,,"SAN FRANCISCO","SAN FRANCISCO",-122.40448760986328,37.764682769775391
9721872,2024,2024-09-13,3801,2024-07-20,1623,2435,BAYVI,6,5,7,3801,0,0,0,,0,002,"SELBY ST","OAKDALE AV",0.00,,Y,A,-,N,,,,,,,,,,N,3,0,3,2,A,-,12,22450,A,N,D,C,A,A,H,-,A,A,0,,,,,Y,,A,01,0,1,2,0,0,0,0,0,0,"- ","- ",,,"SAN FRANCISCO","SAN FRANCISCO",-122.39969635009766,37.739933013916016