CASE_ID,ACCIDENT_YEAR,PROC_DATE,JURIS,COLLISION_DATE,COLLISION_TIME,OFFICER_ID,REPORTING_DISTRICT,DAY_OF_WEEK,CHP_SHIFT,POPULATION,CNTY_CITY_LOC,SPECIAL_COND,BEAT_TYPE,CHP_BEAT_TYPE,CITY_DIVISION_LAPD,CHP_BEAT_CLASS,BEAT_NUMBER,PRIMARY_RD,SECONDARY_RD,DISTANCE,DIRECTION,INTERSECTION,WEATHER_1,WEATHER_2,STATE_HWY_IND,CALTRANS_COUNTY,CALTRANS_DISTRICT,STATE_ROUTE,ROUTE_SUFFIX,POSTMILE_PREFIX,POSTMILE,LOCATION_TYPE,RAMP_INTERSECTION,SIDE_OF_HWY,TOW_AWAY,COLLISION_SEVERITY,NUMBER_KILLED,NUMBER_INJURED,PARTY_COUNT,PRIMARY_COLL_FACTOR,PCF_CODE_OF_VIOL,PCF_VIOL_CATEGORY,PCF_VIOLATION,PCF_VIOL_SUBSECTION,HIT_AND_RUN,TYPE_OF_COLLISION,MVIW,PED_ACTION,ROAD_SURFACE,ROAD_COND_1,ROAD_COND_2,LIGHTING,CONTROL_DEVICE,CHP_ROAD_TYPE,PEDESTRIAN_ACCIDENT,BICYCLE_ACCIDENT,MOTORCYCLE_ACCIDENT,TRUCK_ACCIDENT,NOT_PRIVATE_PROPERTY,ALCOHOL_INVOLVED,STWD_VEHTYPE_AT_FAULT,CHP_VEHTYPE_AT_FAULT,COUNT_SEVERE_INJ,COUNT_VISIBLE_INJ,COUNT_COMPLAINT_PAIN,COUNT_PED_KILLED,COUNT_PED_INJURED,COUNT_BICYCLIST_KILLED,COUNT_BICYCLIST_INJURED,COUNT_MC_KILLED,COUNT_MC_INJURED,PRIMARY_RAMP,SECONDARY_RAMP,LATITUDE,LONGITUDE,COUNTY,CITY,POINT_X,POINT_Y
9721873,2024,2024-08-30,3801,2024-07-18,1615,1358,SOUTH,4,5,7,3801,0,0,0,,0,3B13D,"HARRISON ST","LANGTON ST",0.00,,Y,A,-,N,,,,,,,,,,N,3,0,1,2,A,-,08,22107,,N,C,C,A,A,H,-,A,D,0,,,,,Y,,A,01,0,1,0,0,0,0,0,0,0,"- ","- ",,,"SAN FRANCISCO","SAN FRANCISCO",-122.40682983398438,37.775123596191406
9721874,2024,2024-08-30,3801,2024-07-25,1245,2405,SOUTH,4,5,7,3801,0,0,0,,0,,"HARRISON ST","11TH ST",0.00,,Y,A,-,N,,,,,,,,,,N,3,0,2,2,A,-,03,22350,,N,A,C,A,A,D,-,A,A,0,,,,,Y,,A,01,0,2,0,0,0,0,0,0,0,"- ","- ",,,"SAN FRANCISCO","SAN FRANCISCO",-122.41246795654297,37.770633697509766
9721875,2024,2024-08-30,3801,2024-07-25,1231,2716,PARK,4,5,7,3801,0,0,0,,0,3CAR,"STANYAN ST","PAGE ST",0.00,,Y,A,-,N,,,,,,,,,,N,4,0,1,2,A,-,08,22107,,N,D,C,A,A,H,-,A,A,0,,,Y,,Y,,A,01,0,0,1,0,0,0,0,0,1,"- ","- ",,,"SAN FRANCISCO","SAN FRANCISCO",-122.45372009277344,37.770103454589844
9721876,2024,2024-08-30,3801,2024-07-25,1058,1457,TARAV,4,5,7,3801,0,0,0,,0,3I16A,"MOUNT VERNON AV","LOUISBURG ST",0.00,,Y,A,B,N,,,,,,,,,,Y,3,0,1,2,A,-,12,22450,A,N,D,C,A,A,H,-,A,A,0,,,,,Y,,A,01,0,1,0,0,0,0,0,0,0,"- ","- ",,,"SAN FRANCISCO","SAN FRANCISCO",-122.45082855224609,37.719341278076172
9721877,2024,2024-08-30,3801,2024-07-25,"740 ",6,TENDE,4,5,7,3801,0,0,0,,0,3J4A,"EDDY ST","EDDY ST 145",0.00,,Y,B,-,N,,,,,,,,,,N,3,0,1,2,A,-,05,21460,A,N,D,G,A,A,H,-,A,D,0,,Y,,,Y,,A,01,0,1,0,0,0,0,1,0,0,"- ","- ",,,"SAN FRANCISCO","SAN FRANCISCO",,
9721878,2024,2024-08-30,3801,2024-07-24,1921,2487,BAYVI,3,5,7,3801,0,0,0,,0,3C11D,"ILLINOIS ST","20TH ST",0.00,,Y,A,-,N,,,,,,,,,,N,3,0,1,2,A,-,17,22517,,F,C,E,A,A,H,-,A,A,0,,,,,Y,,A,07,0,1,0,0,0,0,0,0,0,"- ","- ",,,"SAN FRANCISCO","SAN FRANCISCO",-122.38758087158203,37.760562896728516
9721879,2024,2024-08-30,3801,2024-07-24,1755,1450,TENDE,3,5,7,3801,0,0,0,,0,3J14D,"4TH ST","JESSIE ST",100.00,N,N,A,-,N,,,,,,,,,,N,4,0,1,2,A,-,11,21954,A,N,H,B,A,A,H,-,A,D,0,,,,,Y,Y,-,,0,0,1,0,0,0,0,0,0,"- ","- ",,,"SAN FRANCISCO","SAN FRANCISCO",-122.40500640869141,37.785137176513672
9721880,2024,2024-08-30,3801,2024-07-24,1450,723,TENDE,3,5,7,3801,0,0,0,,0,SECTOR,"TURK ST","HYDE ST",0.00,,Y,A,-,N,,,,,,,,,,N,4,0,1,2,A,-,11,21456,,N,D,B,B,A,H,-,A,A,0,Y,,,,Y,,N,60,0,0,1,0,1,0,0,0,0,"- ","- ",,,"SAN FRANCISCO","SAN FRANCISCO",-122.41569519042969,37.782566070556641
9721881,2024,2024-09-03,3801,2024-07-23,"756 ",643,TARAV,2,5,7,3801,0,0,0,,0,3115A,"LAKE MERCED BL","FONT BL",130.00,S,N,A,-,N,,,,,,,,,,Y,3,0,3,2,A,-,08,22107,,N,B,C,A,A,H,-,A,A,0,,,,,Y,,A,01,0,1,2,0,0,0,0,0,0,"- ","- ",,,"SAN FRANCISCO","SAN FRANCISCO",-122.48512268066406,37.723812103271484
9721882,2024,2024-09-03,3801,2024-07-28,1546,1543,BAYVI,7,5,7,3801,0,0,0,,0,3C12D,PALOU,PHELPS,52.00,S,N,A,-,N,,,,,,,,,,N,3,0,1,2,A,-,06,21750,A,N,G,B,G,A,H,-,A,A,0,Y,,,,Y,,M,94,0,1,0,0,1,0,0,0,0,"- ","- ",,,"SAN FRANCISCO","SAN FRANCISCO",-122.39450073242188,37.736015319824219
9721883,2024,2024-09-11,3801,2024-07-28,1536,1246,BAYVI,7,5,7,3801,0,0,0,,0,3C15D,"OAKDALE AV","LOOMIS ST",0.00,,Y,A,-,N,,,,,,,,,,N,4,0,1,2,A,-,12,22450,A,N,B,C,A,A,H,-,A,D,0,,,,,Y,,A,07,0,0,1,0,0,0,0,0,0,"- ","- ",,,"SAN FRANCISCO","SAN FRANCISCO",-122.40431213378906,37.742527008056641
9721884,2024,2024-09-03,3801,2024-07-27,"720 ",2405,SOUTH,6,5,7,3801,0,0,0,,0,003,"HOWARD ST","9TH ST",0.00,,Y,B,-,N,,,,,,,,,,N,4,0,3,4,A,-,12,21453,A,N,B,C,A,A,H,-,A,A,0,,,,,Y,,A,01,0,0,3,0,0,0,0,0,0,"- ","- ",,,"SAN FRANCISCO","SAN FRANCISCO",-122.41315460205078,37.774997711181641
9721885,2024,2024-09-03,3801,2024-07-26,1900,2705,BAYVI,5,5,7,3801,0,0,0,,0,901,"5TH ST","SHIPLEY ST",0.00,,Y,A,-,N,,,,,,,,,,N,4,0,1,2,A,-,08,22107,,F,D,G,A,A,G,-,A,D,0,,Y,,,Y,,A,01,0,0,1,0,0,0,1,0,0,"- ","- ",,,"SAN FRANCISCO","SAN FRANCISCO",-122.40283966064453,37.779823303222656
9721886,2024,2024-09-03,3801,2024-07-26,2056,2374,CENTR,5,5,7,3801,0,0,0,,0,005,"MARKET ST","3RD ST",0.00,,Y,A,-,N,,,,,,,,,,N,3,0,1,2,A,-,11,21950,B,N,G,B,D,A,H,-,C,A,0,Y,,,,Y,,A,08,0,1,0,0,1,0,0,0,0,"- ","- ",,,"SAN FRANCISCO","SAN FRANCISCO",-122.40345764160156,37.787662506103516
9721887,2024,2024-09-03,3801,2024-07-26,2039,1452,CENTR,5,5,7,3801,0,0,0,,0,3A13D,"BROADWAY ST","POWELL ST",290.00,W,N,A,-,N,,,,,,,,,,Y,4,0,2,3,A,-,03,22350,A,N,C,C,A,A,H,-,C,D,0,,,,,Y,,A,01,0,0,2,0,0,0,0,0,0,"- ","- ",,,"SAN FRANCISCO","SAN FRANCISCO",-122.41123199462891,37.797344207763672
9721888,2024,2024-09-03,3801,2024-07-26,1712,2459,SOUTH,5,5,7,3801,0,0,0,,0,3B14D,"8TH ST","RINGOLD ST",0.00,,Y,A,-,N,,,,,,,,,,N,4,0,1,2,A,-,08,22107,,N,D,-,A,A,H,-,A,D,0,,,,,Y,,A,01,0,0,1,0,0,0,0,0,0,"- ","- ",,,"SAN FRANCISCO","SAN FRANCISCO",-122.40948486328125,37.774547576904297
9721889,2024,2024-09-03,3801,2024-07-26,1435,1148,MISSI,5,5,7,3801,0,0,0,,0,3D15D,"VALENCIA ST","14TH ST",0.00,,Y,A,-,N,,,,,,,,,,Y,4,0,1,2,A,-,04,21703,,F,C,C,A,A,H,-,A,A,0,,,,,Y,,A,01,0,0,1,0,0,0,0,0,0,"- ","- ",,,"SAN FRANCISCO","SAN FRANCISCO",-122.42218017578125,37.768150329589844
9721890,2024,2024-09-03,3801,2024-07-24,2243,4136,RICHM,3,5,7,3801,0,0,0,,0,3G12E,"PINE ST","PINE ST 2707",0.00,,N,A,-,N,,,,,,,,,,,3,0,1,2,A,-,03,22350,,N,C,C,A,A,H,-,C,D,0,,,,,Y,,A,01,0,1,0,0,0,0,0,0,0,"- ","- ",,,"SAN FRANCISCO","SAN FRANCISCO",-122.05410003662109,37.115837097167969
9721891,2024,2024-09-03,3801,2024-07-22,1854,4314,RICHM,1,5,7,3801,0,0,0,,0,0G3,"FULTON ST","6TH AV",12.00,E,N,B,-,N,,,,,,,,,,Y,3,0,1,2,A,-,01,23152,A,N,C,C,A,A,H,-,A,A,0,,,Y,,Y,Y,C,02,0,1,0,0,0,0,0,0,1,"- ","- ",,,"SAN FRANCISCO","SAN FRANCISCO",-122.46372222900391,37.773612976074219
9721892,2024,2024-09-03,3801,2024-07-18,2500,1513,RICHM,4,5,7,3801,0,0,0,,0,03G,"GEARY BL",PALM,0.00,,Y,A,-,N,,,,,,,,,,N,4,0,1,3,A,-,00,21655,1,N,D,-,A,-,H,-,A,A,0,,,,,Y,,A,01,0,0,1,0,0,0,0,0,0,"- ","- ",,,"SAN FRANCISCO","SAN FRANCISCO",-122.45774841308594,37.781379699707031
9721893,2024,2024-09-03,3801,2024-07-17,2254,740,MISSI,3,5,7,3801,0,0,0,,0,0D4,"24TH ST","MISSION ST",78.00,W,N,B,-,N,,,,,,,,,,N,3,0,1,2,A,-,03,22350,,F,A,G,A,A,H,-,C,D,0,,Y,,,Y,,A,01,0,1,0,0,0,0,1,0,0,"- ","- ",,,"SAN FRANCISCO","SAN FRANCISCO",-122.41875457763672,37.752235412597656
9721894,2024,2024-09-03,3801,2024-07-17,1515,1260,CENTR,3,5,7,3801,0,0,0,,0,,"GEARY ST","POWELL ST",5.00,E,N,A,-,N,,,,,,,,,,N,4,0,1,2,A,-,11,21453,D,N,G,B,B,A,H,-,A,A,0,Y,,,,Y,,N,60,0,0,1,0,1,0,0,0,0,"- ","- ",,,"SAN FRANCISCO","SAN FRANCISCO",-122.40819549560547,37.787361145019531
9721895,2024,2024-09-03,3801,2024-07-16,1800,1810,MISSI,2,5,7,3801,0,0,0,,0,3D13D,"MARKET ST","PORTOLA DR",0.00,,Y,A,-,N,,,,,,,,,,Y,4,0,3,3,A,-,09,21801,A,N,E,C,A,A,H,-,A,A,0,,,,,Y,,A,01,0,0,3,0,0,0,0,0,0,"- ","- ",,,"SAN FRANCISCO","SAN FRANCISCO",-122.44338226318359,37.750057220458984
9721896,2024,2024-09-03,3801,2024-07-21,1906,4314,RICHM,7,5,7,3801,0,0,0,,0,0G3,"FULTON ST","15TH AV",0.00,,Y,B,-,N,,,,,,,,,,Y,2,0,1,2,A,-,08,22103,,N,D,C,A,A,H,-,A,D,0,,,Y,,Y,,A,07,1,0,0,0,0,0,0,0,1,"- ","- ",,,"SAN FRANCISCO","SAN FRANCISCO",-122.47344207763672,37.773063659667969
9721897,2024,2024-09-03,3801,2024-07-29,2137,1499,MISSI,1,5,7,3801,0,0,0,,0,3D12E,"26TH ST","MISSION ST",7.00,W,N,A,-,N,,,,,,,,,,N,2,0,1,2,A,-,17,21200,A,F,D,B,F,A,H,-,C,D,0,Y,Y,,,Y,,L,04,1,0,0,0,1,0,0,0,0,"- ","- ",,,"SAN FRANCISCO","SAN FRANCISCO",-122.41816711425781,37.749057769775391
9721898,2024,2024-09-03,3801,2024-07-29,1715,233,MISSI,1,5,7,3801,0,0,0,,0,03D,"VALENCIA ST","17TH ST",0.00,,Y,A,-,N,,,,,,,,,,Y,3,0,1,2,A,-,08,22101,D,N,F,G,A,A,H,-,A,A,0,,Y,,,Y,,A,01,0,1,0,0,0,0,1,0,0,"- ","- ",,,"SAN FRANCISCO","SAN FRANCISCO",-122.42173767089844,37.763298034667969
9721899,2024,2024-09-03,3801,2024-07-29,1128,1806,SOUTH,1,5,7,3801,0,0,0,,0,3B14A,"9TH ST","BRYANT ST",0.00,,Y,A,-,N,,,,,,,,,,N,4,0,2,2,A,-,12,21453,A,N,D,C,A,A,H,-,A,A,0,,,,,Y,,A,07,0,0,2,0,0,0,0,0,0,"- ","- ",37.770999908447266,-122.40799713134766,"SAN FRANCISCO","SAN FRANCISCO",-122.40853118896484,37.771289825439453
9721900,2024,2024-09-03,3801,2024-07-28,1736,970,SOUTH,7,5,7,3801,0,0,0,,0,3B14D,"2ND ST","HARRISON ST",0.00,,Y,A,-,N,,,,,,,,,,,4,0,1,2,D,-,00,,,N,D,C,A,A,H,-,A,A,0,,,,,Y,,-,"- ",0,0,1,0,0,0,0,0,0,"- ","- ",,,"SAN FRANCISCO","SAN FRANCISCO",-122.39517974853516,37.784332275390625
9721901,2024,2024-09-09,3801,2024-07-28,"127 ",2445,MISSI,7,5,7,3801,0,0,0,,0,04D,"CESAR CHAVEZ ST","MISSION ST",0.00,,Y,A,-,N,,,,,,,,,,N,4,0,1,2,A,-,12,21453,A,F,D,C,A,A,H,-,C,A,0,,,,,Y,,A,01,0,0,1,0,0,0,0,0,0,"- ","- ",,,"SAN FRANCISCO","SAN FRANCISCO",-122.41819763183594,37.748222351074219
9721902,2024,2024-08-30,3801,2024-07-28,"21  ",1926,NORTH,7,5,7,3801,0,0,0,,0,3E12E,"GEARY BL","STEINER ST",0.00,,Y,A,-,N,,,,,,,,,,Y,2,0,1,2,A,-,11,21453,D,N,G,B,B,A,H,-,C,A,0,Y,,,,Y,,N,60,1,0,0,0,1,0,0,0,0,"- ","- ",,,"SAN FRANCISCO","SAN FRANCISCO",-122.43457794189453,37.784320831298828
9721903,2024,2024-08-30,3801,2024-07-27,1038,1916,NORTH,6,5,7,3801,0,0,0,,0,003,"FRANKLIN ST","HAYES ST",0.00,,Y,A,-,N,,,,,,,,,,N,3,0,1,2,A,-,12,21453,A,N,D,C,A,A,H,-,A,A,0,,,Y,,Y,,A,01,0,1,0,0,0,0,0,0,1,"- ","- ",,,"SAN FRANCISCO","SAN FRANCISCO",-122.42134094238281,37.777076721191406
9721904,2024,2024-08-30,3801,2024-07-27,"300 ",2457,SOUTH,6,5,7,3801,0,0,0,,0,3B14E,"SOUTH VAN NESS AV","12TH ST",0.00,,Y,A,-,N,,,,,,,,,,N,3,0,1,2,A,-,"- ",,,N,D,G,A,A,-,-,C,D,0,,,,,Y,,M,94,0,1,0,0,0,0,0,0,0,"- ","- ",,,"SAN FRANCISCO","SAN FRANCISCO",-122.41876983642578,37.773540496826172
9721905,2024,2024-09-11,3801,2024-07-26,1830,2401,MISSI,5,5,7,3801,0,0,0,,0,3D13D,"CAPP ST","18TH ST",0.00,,Y,A,-,N,,,,,,,,,,N,4,0,1,2,A,-,12,21453,A,N,-,C,A,-,H,-,A,A,0,,,,,Y,,M,94,0,0,1,0,0,0,0,0,0,"- ","- ",,,"SAN FRANCISCO","SAN FRANCISCO",-122.41826629638672,37.761894226074219
9721906,2024,2024-08-30,3801,2024-07-25,1300,311,NORTH,4,5,7,3801,0,0,0,,0,3E11A,"HAYES ST","STEINER ST",14.00,W,N,A,-,N,,,,,,,,,,N,3,0,1,2,-,-,"- ",,A,N,D,B,B,A,H,-,-,D,0,Y,,,,Y,,A,01,0,1,0,0,1,0,0,0,0,"- ","- ",,,"SAN FRANCISCO","SAN FRANCISCO",-122.43287658691406,37.775604248046875
9721907,2024,2024-08-30,3801,2024-07-24,2009,2166,MISSI,3,5,7,3801,0,0,0,,0,3D11D,"GUERRERO ST","23RD ST",22.00,E,N,A,-,N,,,,,,,,,,N,4,0,1,2,A,-,03,22350,,N,C,C,A,A,H,-,B,A,0,,,Y,,Y,,C,03,0,0,1,0,0,0,0,0,1,"- ","- ",,,"SAN FRANCISCO","SAN FRANCISCO",-122.42302703857422,37.753471374511719
9721908,2024,2024-09-12,3801,2024-07-20,1349,1572,SOUTH,6,5,7,3801,0,0,0,,0,3B1A,"FOLSOM ST","MAIN ST",0.00,,Y,A,-,N,,,,,,,,,,N,4,0,1,2,A,-,00,21760,B,N,B,G,A,A,H,-,A,A,0,,Y,,,Y,,A,01,0,0,1,0,0,0,1,0,0,"- ","- ",,,"SAN FRANCISCO","SAN FRANCISCO",-122.39186096191406,37.789398193359375
9721909,2024,2024-08-30,3801,2024-07-05,1605,1052,RICHM,5,5,7,3801,0,0,0,,0,3G15D,"GEARY BL","30TH AV",0.00,,Y,A,-,N,,,,,,,,,,N,4,0,1,2,A,-,03,22350,,N,C,C,A,A,H,-,A,A,0,,,Y,,Y,,C,02,0,0,1,0,0,0,0,0,1,"- ","- ",,,"SAN FRANCISCO","SAN FRANCISCO",-122.49007415771484,37.779911041259766
9721910,2024,2024-08-30,3801,2024-07-30,1303,1602,BAYVI,2,5,7,3801,0,0,0,,0,3C12E,"LOOMIS ST","WATERLOO ST",434.00,N,N,A,-,N,,,,,,,,,,Y,4,0,1,2,A,-,03,22350,,F,C,E,A,A,H,-,A,D,0,,,,,Y,,A,01,0,0,1,0,0,0,0,0,0,"- ","- ",,,"SAN FRANCISCO","SAN FRANCISCO",-122.40542602539062,37.740325927734375
9721911,2024,2024-09-24,3801,2024-07-30,"937 ",624,NORTH,2,5,7,3801,0,0,0,,0,002,"FULTON ST","FILLMORE ST",0.00,,Y,B,-,N,,,,,,,,,,Y,4,0,2,2,A,-,"- ",,,N,D,C,A,A,H,-,A,A,0,,,,Y,Y,,A,01,0,0,2,0,0,0,0,0,0,"- ","- ",,,"SAN FRANCISCO","SAN FRANCISCO",-122.43155670166016,37.777690887451172
9721912,2024,2024-08-30,3801,2024-07-29,1627,1066,NORTH,1,5,7,3801,0,0,0,,0,3E2,"TURK ST","WEBSTER ST",0.00,,Y,A,-,N,,,,,,,,,,Y,4,0,1,2,A,-,12,21453,A,N,D,C,A,A,H,-,A,A,0,,,,,Y,,A,07,0,0,1,0,0,0,0,0,0,"- ","- ",,,"SAN FRANCISCO","SAN FRANCISCO",-122.43048858642578,37.780685424804688
9721914,2024,2024-08-30,3801,2024-07-07,1621,1810,MISSI,7,5,7,3801,0,0,0,,0,3D13D,"SOUTH VAN NESS AV","21ST ST",233.00,N,N,A,-,N,,,,,,,,,,N,4,0,2,2,A,-,08,22107,,N,B,C,A,A,H,-,A,A,0,,,Y,,Y,,A,01,0,0,2,0,0,0,0,0,1,"- ","- ",,,"SAN FRANCISCO","SAN FRANCISCO",-122.41681671142578,37.757797241210938
9721915,2024,2024-08-30,3801,2024-07-03,1812,1358,SOUTH,3,5,7,3801,0,0,0,,0,3B13D,"HARRISON ST","7TH ST",0.00,,Y,A,-,N,,,,,,,,,,N,4,0,1,2,A,-,08,22107,,N,C,C,A,A,H,-,A,A,0,,,,,Y,,A,01,0,0,1,0,0,0,0,0,0,"- ","- ",,,"SAN FRANCISCO","SAN FRANCISCO",-122.40628051757812,37.775539398193359
9721916,2024,2024-08-30,3801,2024-07-03,1157,1637,SOUTH,3,5,7,3801,0,0,0,,0,3B14A,"DUBOCE ST","STEVEN ST",0.00,,Y,A,-,N,,,,,,,,,,Y,2,0,1,2,A,-,08,22100,A,N,E,C,A,A,H,-,A,A,0,,,,,Y,,A,01,1,0,0,0,0,0,0,0,0,"- ","- ",,,"SAN FRANCISCO","SAN FRANCISCO",,
9721917,2024,2024-08-30,3801,2024-07-02,1400,1518,CENTR,2,5,7,3801,0,0,0,,0,3A44C,COLUMBUS,"LOMBARD ST",65.00,S,N,A,-,N,,,,,,,,,,N,3,0,1,1,A,-,03,22350,A,N,H,I,A,A,H,-,A,A,0,,Y,,,Y,,L,04,0,1,0,0,0,0,1,0,0,"- ","- ",,,"SAN FRANCISCO","SAN FRANCISCO",-122.41350555419922,37.802619934082031
9721918,2024,2024-08-30,3801,2024-07-03,"940 ",1580,SOUTH,3,5,7,3801,0,0,0,,0,3B5A,"MISSION ROCK ST","3RD ST",0.00,,Y,A,-,N,,,,,,,,,,N,4,0,1,2,A,-,12,21453,A,F,G,B,B,A,H,-,A,A,0,Y,,,,Y,,A,01,0,0,1,0,1,0,0,0,0,"- ","- ",,,"SAN FRANCISCO","SAN FRANCISCO",-122.38980102539062,37.772918701171875
9721919,2024,2024-08-30,3801,2024-07-02,"38  ",2497,BAYVI,2,5,7,3801,0,0,0,,0,3C12E,"BAYSHORE BL","OAKDALE AV",125.00,S,N,A,-,N,,,,,,,,,,Y,4,0,1,2,A,-,08,22107,,F,D,C,A,A,H,-,C,A,0,,,,,Y,,A,01,0,0,1,0,0,0,0,0,0,"- ","- ",,,"SAN FRANCISCO","SAN FRANCISCO",-122.40545654296875,37.742752075195312
9721920,2024,2024-08-30,3801,2024-07-01,"741 ",1131,BAYVI,1,5,7,3801,0,0,0,,0,,"LANE ST","NEWCOMB AV",0.00,,Y,A,-,N,,,,,,,,,,N,4,0,1,2,A,-,10,21950,A,N,-,-,-,A,H,-,A,-,0,Y,,,,Y,,A,01,0,0,1,0,1,0,0,0,0,"- ","- ",,,"SAN FRANCISCO","SAN FRANCISCO",-122.38792419433594,37.734172821044922
9721921,2024,2024-09-03,3801,2024-07-05,1740,359,TARAV,5,5,7,3801,0,0,0,,0,311D,"ALEMANY BL","ARCH ST",0.00,,Y,A,-,N,,,,,,,,,,Y,3,0,2,3,A,-,09,21453,C,N,D,C,A,-,H,-,A,A,0,,,,,Y,,A,01,0,2,0,0,0,0,0,0,0,"- ","- ",,,"SAN FRANCISCO","SAN FRANCISCO",-122.46704864501953,37.711612701416016
9722421,2024,2024-09-18,3801,2024-08-12,1932,1696,NORTH,1,5,7,3801,0,0,0,,0,3E16D,"LAGUNA ST","MARINA BL",0.00,,Y,A,-,N,,,,,,,,,,N,4,0,1,2,A,-,11,21453,D,N,G,B,B,A,H,-,A,A,0,Y,,,,Y,,N,60,0,0,1,0,1,0,0,0,0,"- ","- ",,,"SAN FRANCISCO","SAN FRANCISCO",-122.43206787109375,37.805210113525391
9722423,2024,2024-09-18,3801,2024-08-11,2300,2491,INGLE,7,5,7,3801,0,0,0,,0,3H15E,"ALEMANY BL","OCEAN AV",0.00,,Y,A,-,N,,,,,,,,,,N,4,0,3,2,A,-,09,21801,A,N,D,C,A,D,H,-,C,A,0,,,,,Y,,A,08,0,0,3,0,0,0,0,0,0,"- ","- ",,,"SAN FRANCISCO","SAN FRANCISCO",-122.43753814697266,37.723697662353516
9722424,2024,2024-09-18,3801,2024-08-11,1342,1304,NORTH,7,5,7,3801,0,0,0,,0,3E15A,"POLK ST","CALIFORNIA ST",30.00,N,N,A,-,N,,,,,,,,,,N,3,0,1,2,C,-,18,,,N,B,E,A,A,H,-,A,A,0,,Y,,,Y,,-,"- ",0,1,0,0,0,0,1,0,0,"- ","- ",,,"SAN FRANCISCO","SAN FRANCISCO",-122.42070007324219,37.790653228759766
9722425,2024,2024-09-18,3801,2024-08-11,"319 ",1574,INGLE,7,5,7,3801,0,0,0,,0,3H15E,"ALEMANY BL","SICKLES AV",0.00,,Y,A,-,N,,,,,,,,,,Y,4,0,1,1,A,-,08,22107,,F,E,I,A,B,H,-,C,A,0,,,,,Y,,A,01,0,0,1,0,0,0,0,0,0,"- ","- ",,,"SAN FRANCISCO","SAN FRANCISCO",-122.45491790771484,37.710514068603516
9722426,2024,2024-09-18,3801,2024-08-09,1212,1524,INGEL,5,5,7,3801,0,0,0,,0,3H15A,"ALEMANY BL","SENECA ST",0.00,,Y,A,-,N,,,,,,,,,,Y,3,0,3,6,A,-,12,21453,A,N,D,C,F,A,H,-,A,A,0,Y,,,,Y,,A,01,0,1,2,0,2,0,0,0,0,"- ","- ",,,"SAN FRANCISCO","SAN FRANCISCO",-122.44136047363281,37.718658447265625
9722427,2024,2024-09-20,3801,2024-08-08,"745 ",1911,RICHM,4,5,7,3801,0,0,0,,0,RICHMO,"CLAY ST","WALNUT ST",0.00,,N,A,-,N,,,,,,,,,,Y,3,0,1,1,A,-,03,22350,,N,E,I,A,A,H,-,-,D,0,,,,,Y,,A,01,0,1,0,0,0,0,0,0,0,"- ","- ",,,"SAN FRANCISCO","SAN FRANCISCO",-122.44883728027344,37.788848876953125
9722428,2024,2024-10-03,3801,2024-08-04,1535,379,TRAFF,7,5,7,3801,0,0,0,,0,4B102,"CHURCH ST","17TH ST",0.00,,Y,A,-,N,,,,,,,,,,N,4,0,1,2,A,-,12,21453,A,F,D,C,A,A,H,-,A,A,0,,,,,Y,,M,94,0,0,1,0,0,0,0,0,0,"- ","- ",,,"SAN FRANCISCO","SAN FRANCISCO",-122.42851257324219,37.762882232666016
9722429,2024,2024-09-19,3801,2024-08-06,1401,2460,SOUTH,2,5,7,3801,0,0,0,,0,3B14A,"VALENCIA ST","MCCOPPIN ST",160.00,S,N,A,-,N,,,,,,,,,,N,2,0,1,1,A,-,08,22107,,N,A,I,A,A,H,-,A,A,0,,,,,Y,,M,94,1,0,0,0,0,0,0,0,0,"- ","- ",,,"SAN FRANCISCO","SAN FRANCISCO",-122.4224853515625,37.771152496337891
9722430,2024,2024-09-26,3801,2024-08-06,"100 ",341,NORTH,2,5,7,3801,0,0,0,,0,3S43,"16TH ST","3RD ST",0.00,,Y,A,-,N,,,,,,,,,,N,4,0,1,2,D,-,00,,,N,G,B,E,A,H,-,C,D,0,Y,,,,Y,Y,-,"- ",0,0,1,0,1,0,0,0,0,"- ","- ",,,"SAN FRANCISCO","SAN FRANCISCO",-122.38920593261719,37.766944885253906
9722431,2024,2024-09-27,3801,2024-08-04,2142,1902,MISSI,7,5,7,3801,0,0,0,,0,3D16E,"13TH ST","S VAN NESS AV",0.00,,Y,A,-,N,,,,,,,,,,Y,4,0,1,2,A,-,12,21453,A,F,D,C,A,A,H,-,C,A,0,,,,,Y,,A,01,0,0,1,0,0,0,0,0,0,"- ","- ",,,"SAN FRANCISCO","SAN FRANCISCO",-122.41777801513672,37.7696533203125
9722432,2024,2024-09-20,3801,2024-08-01,"749 ",1118,SOUTH,4,5,7,3801,0,0,0,,0,3B15A,"TERRY A FRANCOIS BL","MISSION BAY BLVD S",0.00,,Y,A,-,N,,,,,,,,,,N,4,0,1,2,A,-,08,22107,,N,D,G,A,A,H,-,A,D,0,,Y,,,Y,,L,04,0,0,1,0,0,0,1,0,0,"- ","- ",,,"SAN FRANCISCO","SAN FRANCISCO",-122.38648986816406,37.770858764648438
9722433,2024,2024-10-01,3801,2024-08-08,1520,1857,SOUTH,4,5,7,3801,0,0,0,,0,002,"BRANNAN ST","4TH ST",26.00,W,N,A,-,N,,,,,,,,,,N,4,0,1,2,A,-,07,21658,A,N,B,B,A,A,H,-,A,A,0,,,,,Y,,M,94,0,0,1,0,0,0,0,0,0,"- ","- ",,,"SAN FRANCISCO","SAN FRANCISCO",-122.3966064453125,37.778278350830078
9722434,2024,2024-09-19,3801,2024-08-08,"954 ",10,SOUTH,4,5,7,3801,0,0,0,,0,3B13A,"2ND ST","CLEMENTINA ST",0.00,,Y,A,-,N,,,,,,,,,,N,3,0,1,2,A,-,08,22107,,N,D,G,A,A,D,-,A,D,0,,Y,,,Y,Y,A,01,0,1,0,0,0,0,1,0,0,"- ","- ",,,"SAN FRANCISCO","SAN FRANCISCO",-122.39724731445312,37.785995483398438