CASE_ID,ACCIDENT_YEAR,PROC_DATE,JURIS,COLLISION_DATE,COLLISION_TIME,OFFICER_ID,REPORTING_DISTRICT,DAY_OF_WEEK,CHP_SHIFT,POPULATION,CNTY_CITY_LOC,SPECIAL_COND,BEAT_TYPE,CHP_BEAT_TYPE,CITY_DIVISION_LAPD,CHP_BEAT_CLASS,BEAT_NUMBER,PRIMARY_RD,SECONDARY_RD,DISTANCE,DIRECTION,INTERSECTION,WEATHER_1,WEATHER_2,STATE_HWY_IND,CALTRANS_COUNTY,CALTRANS_DISTRICT,STATE_ROUTE,ROUTE_SUFFIX,POSTMILE_PREFIX,POSTMILE,LOCATION_TYPE,RAMP_INTERSECTION,SIDE_OF_HWY,TOW_AWAY,COLLISION_SEVERITY,NUMBER_KILLED,NUMBER_INJURED,PARTY_COUNT,PRIMARY_COLL_FACTOR,PCF_CODE_OF_VIOL,PCF_VIOL_CATEGORY,PCF_VIOLATION,PCF_VIOL_SUBSECTION,HIT_AND_RUN,TYPE_OF_COLLISION,MVIW,PED_ACTION,ROAD_SURFACE,ROAD_COND_1,ROAD_COND_2,LIGHTING,CONTROL_DEVICE,CHP_ROAD_TYPE,PEDESTRIAN_ACCIDENT,BICYCLE_ACCIDENT,MOTORCYCLE_ACCIDENT,TRUCK_ACCIDENT,NOT_PRIVATE_PROPERTY,ALCOHOL_INVOLVED,STWD_VEHTYPE_AT_FAULT,CHP_VEHTYPE_AT_FAULT,COUNT_SEVERE_INJ,COUNT_VISIBLE_INJ,COUNT_COMPLAINT_PAIN,COUNT_PED_KILLED,COUNT_PED_INJURED,COUNT_BICYCLIST_KILLED,COUNT_BICYCLIST_INJURED,COUNT_MC_KILLED,COUNT_MC_INJURED,PRIMARY_RAMP,SECONDARY_RAMP,LATITUDE,LONGITUDE,COUNTY,CITY,POINT_X,POINT_Y
9722435,2024,2024-09-25,3801,2024-08-07,2050,141,INGEL,3,5,7,3801,0,0,0,,0,3H60,"GENEVA AV","GENEVA AV 1638",0.00,,N,A,-,N,,,,,,,,,,N,4,0,2,2,A,-,08,22107,,N,D,-,A,A,H,-,B,D,0,,,,,Y,,A,07,0,0,2,0,0,0,0,0,0,"- ","- ",,,"SAN FRANCISCO","SAN FRANCISCO",,
9722438,2024,2024-09-19,3801,2024-08-07,1315,1333,CENTR,3,5,7,3801,0,0,0,,0,3A11C,"COLUMBUS AV","FRANCISCO ST",0.00,,Y,A,-,N,,,,,,,,,,N,3,0,1,2,A,-,17,21235,G,F,G,B,F,A,H,-,A,D,0,Y,,Y,,Y,,O,05,0,1,0,0,1,0,0,0,0,"- ","- ",,,"SAN FRANCISCO","SAN FRANCISCO",-122.41606903076172,37.804409027099609
9722439,2024,2024-09-19,3801,2024-08-07,1516,1857,SOUTH,3,5,7,3801,0,0,0,,0,004,"BRANNAN ST","8TH ST",100.00,W,N,A,-,N,,,,,,,,,,N,3,0,1,2,A,-,05,21650,,N,B,G,A,A,H,-,A,A,0,,Y,,,Y,,L,04,0,1,0,0,0,0,1,0,0,"- ","- ",,,"SAN FRANCISCO","SAN FRANCISCO",-122.40567016601562,37.771095275878906
9722440,2024,2024-10-07,3801,2024-08-07,1000,2405,SOUTH,3,5,7,3801,0,0,0,,0,003,"HARRISON ST","8TH ST",0.00,W,N,A,-,N,,,,,,,,,,N,4,0,6,2,A,-,03,22350,,N,C,E,A,A,H,-,A,A,0,,,,,Y,,A,01,0,0,6,0,0,0,0,0,0,"- ","- ",,,"SAN FRANCISCO","SAN FRANCISCO",-122.40853118896484,37.773754119873047
9722441,2024,2024-09-18,3801,2024-08-09,1717,1845,TARAV,5,5,7,3801,0,0,0,,0,6CAR,"19TH AV","JUNIPERO SERRA BL",0.00,,Y,A,-,N,,,,,,,,,,N,4,0,1,2,A,-,08,22107,,N,B,C,A,A,H,-,A,A,0,,,,,Y,,A,01,0,0,1,0,0,0,0,0,0,"- ","- ",,,"SAN FRANCISCO","SAN FRANCISCO",-122.47271728515625,37.717182159423828
9722442,2024,2024-09-19,3801,2024-08-09,1420,986,TARAV,5,5,7,3801,0,0,0,,0,3I4B,"LINCOLN WY","29TH AV",0.00,,Y,A,-,N,,,,,,,,,,N,4,0,1,2,A,-,03,22350,,N,C,C,A,A,H,-,A,D,0,,,,,Y,,B,01,0,0,1,0,0,0,0,0,0,"- ","- ",,,"SAN FRANCISCO","SAN FRANCISCO",-122.48794555664062,37.764991760253906
9722443,2024,2024-09-19,3801,2024-08-09,1338,1417,SOUTH,5,5,7,3801,0,0,0,,0,5CAR,"3RD ST","16TH ST",0.00,,Y,A,-,N,,,,,,,,,,N,3,0,1,2,A,-,04,21703,,N,C,C,A,B,H,-,A,A,0,,,,,Y,,A,01,0,1,0,0,0,0,0,0,0,"- ","- ",,,"SAN FRANCISCO","SAN FRANCISCO",-122.38920593261719,37.766944885253906
9722444,2024,2024-09-19,3801,2024-08-08,"823 ",3G15A,RICHM,4,5,7,3801,0,0,0,,0,3G15A,"BRODERICK ST","MARINA BL",0.00,,Y,A,-,N,,,,,,,,,,N,4,0,1,2,A,-,10,21950,,N,D,G,A,A,H,-,A,A,0,,Y,,,Y,,A,01,0,0,1,0,0,0,1,0,0,"- ","- ",,,"SAN FRANCISCO","SAN FRANCISCO",-122.44566345214844,37.805362701416016
9722445,2024,2024-09-19,3801,2024-08-07,1643,1239,CENTR,3,5,7,3801,0,0,0,,0,4X58,"JEFFERSON ST","POWELL ST",20.00,N,N,A,-,N,,,,,,,,,,N,4,0,1,2,A,-,08,22102,,N,G,B,D,A,H,-,A,A,0,Y,,,,Y,Y,A,01,0,0,1,0,1,0,0,0,0,"- ","- ",,,"SAN FRANCISCO","SAN FRANCISCO",-122.41249847412109,37.808578491210938
9722446,2024,2024-09-19,3801,2024-08-07,1111,2453,MISSI,3,5,7,3801,0,0,0,,0,3D16A,"FOLSOM ST","14TH ST",0.00,,Y,A,-,N,,,,,,,,,,N,3,0,1,2,A,-,08,22107,,N,B,-,A,A,H,-,A,A,0,,Y,,,Y,,A,01,0,1,0,0,0,0,1,0,0,"- ","- ",,,"SAN FRANCISCO","SAN FRANCISCO",-122.41561126708984,37.768535614013672
9722447,2024,2024-10-01,3801,2024-08-07,"743 ",2706,MISSI,3,5,7,3801,0,0,0,,0,3D16A,"POTRERO AV","16TH ST",0.00,,Y,A,-,N,,,,,,,,,,Y,4,0,2,2,A,-,09,21801,A,N,D,C,A,A,H,-,A,A,0,,,,,Y,,A,01,0,0,2,0,0,0,0,0,0,"- ","- ",,,"SAN FRANCISCO","SAN FRANCISCO",-122.40756225585938,37.765773773193359
9722448,2024,2024-09-19,3801,2024-08-06,2208,1948,MISSI,2,5,7,3801,0,0,0,,0,,"POTRERO AV","21ST ST",180.00,N,N,A,-,N,,,,,,,,,,N,3,0,2,2,A,-,05,21651,B,N,A,C,A,A,H,-,C,D,0,,,,,Y,,A,01,0,1,1,0,0,0,0,0,0,"- ","- ",,,"SAN FRANCISCO","SAN FRANCISCO",-122.40682983398438,37.758251190185547
9722449,2024,2024-09-19,3801,2024-08-06,2200,1836,TARAV,2,5,7,3801,0,0,0,,0,1CAR,"18TH AV","IRVING ST",0.00,,Y,A,-,N,,,,,,,,,,N,2,0,1,2,A,-,10,21950,A,N,G,B,B,A,H,-,C,A,0,Y,,,,Y,,A,01,1,0,0,0,1,0,0,0,0,"- ","- ",,,"SAN FRANCISCO","SAN FRANCISCO",-122.47605133056641,37.763614654541016
9722450,2024,2024-09-19,3801,2024-08-11,1659,1857,SOUTH,7,5,7,3801,0,0,0,,0,002,"5TH ST","CLARA ST",0.00,,Y,A,-,N,,,,,,,,,,Y,3,0,2,3,A,-,08,22101,D,N,D,D,A,A,H,-,A,A,0,,,,,Y,,A,01,0,1,1,0,0,0,0,0,0,"- ","- ",,,"SAN FRANCISCO","SAN FRANCISCO",-122.40238189697266,37.779453277587891
9722451,2024,2024-09-19,3801,2024-08-29,1628,1857,SOUTH,4,5,7,3801,0,0,0,,0,004,"HARRISON ST","11TH ST",0.00,,Y,A,-,N,,,,,,,,,,N,3,0,2,2,A,-,08,22107,,N,D,C,A,A,H,-,A,A,0,,,,,Y,,A,01,0,2,0,0,0,0,0,0,0,"- ","- ",,,"SAN FRANCISCO","SAN FRANCISCO",-122.41246795654297,37.770633697509766
9722452,2024,2024-09-19,3801,2024-08-29,1714,1637,SOUTH,4,5,7,3801,0,0,0,,0,3B15D,TOWNSEND,"STANFORD ST",0.00,,Y,A,-,N,,,,,,,,,,N,4,0,1,1,A,-,"- ",,,N,A,A,A,A,H,-,A,B,0,,Y,,,Y,,L,04,0,0,1,0,0,0,1,0,0,"- ","- ",,,"SAN FRANCISCO","SAN FRANCISCO",-122.39108276367188,37.780200958251953
9722453,2024,2024-09-19,3801,2024-08-29,1600,1246,BAYV,4,5,7,3801,0,0,0,,0,3C15D,"NAPOLEON ST","JERROLD AV",5.00,N,N,A,-,N,,,,,,,,,,N,4,0,1,2,A,-,04,21703,,N,C,C,A,A,H,-,A,A,0,,,Y,,Y,,A,01,0,0,1,0,0,0,0,0,1,"- ","- ",,,"SAN FRANCISCO","SAN FRANCISCO",-122.40199279785156,37.745975494384766
9722454,2024,2024-09-19,3801,2024-08-29,"800 ",1273,CENTR,4,5,7,3801,0,0,0,,0,3A2A,"PINE ST","SANSOME ST",0.00,,Y,A,-,N,,,,,,,,,,N,3,0,1,2,A,-,11,21453,D,N,G,B,B,A,H,-,A,A,0,Y,,Y,,Y,,N,60,0,1,0,0,1,0,0,0,0,"- ","- ",,,"SAN FRANCISCO","SAN FRANCISCO",-122.40091705322266,37.792098999023438
9722455,2024,2024-09-19,3801,2024-08-29,2030,2130,RICHM,4,5,7,3801,0,0,0,,0,3G15E,"MASON ST","HALLECK ST",77.00,W,N,A,-,N,,,,,,,,,,N,4,0,1,2,A,-,07,21658,A,F,D,-,A,A,-,-,C,D,0,,,,,Y,,A,01,0,0,1,0,0,0,0,0,0,"- ","- ",,,"SAN FRANCISCO","SAN FRANCISCO",-122.45447540283203,37.804187774658203
9722456,2024,2024-09-19,3801,2024-08-28,2141,246,TARAV,3,5,7,3801,0,0,0,,0,6CAR,"PLYMOUTH AV","LOBOS ST",0.00,,Y,A,-,N,,,,,,,,,,N,4,0,1,3,A,-,12,22450,A,F,D,C,A,A,H,-,C,A,0,,,,,Y,,A,01,0,0,1,0,0,0,0,0,0,"- ","- ",,,"SAN FRANCISCO","SAN FRANCISCO",-122.45610809326172,37.714897155761719
9722457,2024,2024-09-19,3801,2024-08-28,"855 ",1190,MISSI,3,5,7,3801,0,0,0,,0,,"MISSION ST","15TH ST",278.00,N,N,A,-,N,,,,,,,,,,N,4,0,1,2,A,-,08,22102,,N,D,C,A,A,H,-,A,D,0,,,,,Y,,A,01,0,0,1,0,0,0,0,0,0,"- ","- ",,,"SAN FRANCISCO","SAN FRANCISCO",-122.41989135742188,37.767433166503906
9722458,2024,2024-09-19,3801,2024-08-27,1431,54,TARAV,2,5,7,3801,0,0,0,,0,3I13A,"SUNSET BL","IRVING ST",0.00,,Y,A,-,N,,,,,,,,,,Y,2,0,1,2,A,-,12,21453,A,N,D,C,A,A,H,-,A,A,0,,,,,Y,,A,01,1,0,0,0,0,0,0,0,0,"- ","- ",,,"SAN FRANCISCO","SAN FRANCISCO",-122.4959716796875,37.762748718261719
9722459,2024,2024-09-19,3801,2024-08-27,"147 ",2240,MISSI,2,5,7,3801,0,0,0,,0,3D13E,"23RD ST","FOLSOM ST",83.00,W,N,A,-,N,,,,,,,,,,Y,4,0,1,4,A,-,01,23152,A,N,B,E,A,A,H,-,C,D,0,,,,,Y,Y,A,01,0,0,1,0,0,0,0,0,0,"- ","- ",,,"SAN FRANCISCO","SAN FRANCISCO",-122.41453552246094,37.754100799560547
9722460,2024,2024-09-27,3801,2024-08-13,1750,877,CENTR,2,5,7,3801,0,0,0,,0,3A44C,"STOCKTON ST","PACIFIC AV",0.00,,Y,A,-,N,,,,,,,,,,N,3,0,1,2,A,-,05,21651,B,N,-,J,A,A,H,-,A,A,0,,,,,Y,,M,94,0,1,0,0,0,0,0,0,0,"- ","- ",,,"SAN FRANCISCO","SAN FRANCISCO",-122.40840911865234,37.796722412109375
9722461,2024,2024-09-23,3801,2024-07-31,1256,2466,RICHM,3,5,7,3801,0,0,0,,0,003,"6TH AV","GEARY BL",0.00,,Y,A,-,N,,,,,,,,,,N,4,0,1,2,A,-,11,21950,B,N,-,B,E,A,D,-,A,A,0,Y,,,,Y,,N,60,0,0,1,0,1,0,0,0,0,"- ","- ",,,"SAN FRANCISCO","SAN FRANCISCO",-122.46429443359375,37.781089782714844
9722462,2024,2024-09-26,3801,2024-07-29,1415,4294,NORTH,1,5,7,3801,0,0,0,,0,0E3,"GEARY BL","FRANKLIN ST",32.00,E,N,A,-,N,,,,,,,,,,,4,0,1,2,A,-,03,22350,,N,C,C,A,A,H,-,A,A,0,,,,,Y,,A,01,0,0,1,0,0,0,0,0,0,"- ","- ",,,"SAN FRANCISCO","SAN FRANCISCO",-122.42291259765625,37.785495758056641
9722463,2024,2024-09-23,3801,2024-07-31,1903,539,NORTH,3,5,7,3801,0,0,0,,0,,"POLK ST","SUTTER ST",0.00,,Y,B,-,N,,,,,,,,,,N,4,0,1,2,A,-,08,22107,,N,-,J,A,A,H,-,A,A,0,,Y,,,Y,,L,04,0,0,1,0,0,0,0,0,0,"- ","- ",,,"SAN FRANCISCO","SAN FRANCISCO",-122.42010498046875,37.787761688232422
9722464,2024,2024-09-23,3801,2024-07-31,"830 ",2348,INGLE,3,5,7,3801,0,0,0,,0,3H16A,"SUNNYDALE AV","REY ST",0.00,,Y,A,-,N,,,,,,,,,,Y,4,0,1,4,A,-,03,22350,A,N,D,C,A,A,H,-,A,A,0,,,,,Y,,A,01,0,0,1,0,0,0,0,0,0,"- ","- ",,,"SAN FRANCISCO","SAN FRANCISCO",-122.41229248046875,37.710845947265625
9722465,2024,2024-09-23,3801,2024-07-31,"908 ",2412,INGLE,3,5,7,3801,0,0,0,,0,3H15A,"SAN JOSE AV","NIAGARA AV",0.00,,Y,A,-,N,,,,,,,,,,N,4,0,2,2,A,-,03,22350,,N,C,C,A,A,H,-,A,A,0,,,,,Y,,-,,0,0,2,0,0,0,0,0,0,"- ","- ",,,"SAN FRANCISCO","SAN FRANCISCO",-122.44760894775391,37.719478607177734
9722466,2024,2024-09-23,3801,2024-07-28,2046,1496,INGLE,7,5,7,3801,0,0,0,,0,0H5,"MISSION ST","RUSSIA AV",0.00,,Y,A,-,N,,,,,,,,,,N,4,0,1,2,A,-,07,21658,A,N,D,C,A,A,H,-,A,D,0,,,,,Y,,A,01,0,0,1,0,0,0,0,0,0,"- ","- ",,,"SAN FRANCISCO","SAN FRANCISCO",-122.43717956542969,37.721572875976562
9722467,2024,2024-09-19,3801,2024-07-26,1106,1524,INGLE,5,5,7,3801,0,0,0,,0,3H15A,"ITALY AV","LONDON ST",48.00,E,N,A,-,N,,,,,,,,,,Y,3,0,1,5,A,-,08,22107,,N,G,B,F,A,H,-,A,D,0,Y,,,,Y,,A,01,0,1,0,0,1,0,0,0,0,"- ","- ",,,"SAN FRANCISCO","SAN FRANCISCO",-122.43862152099609,37.718051910400391
9722468,2024,2024-09-25,3801,2024-07-26,"915 ",2412,INGLE,5,5,7,3801,0,0,0,,0,3H16A,"ALEMANY BL","SANTA ROSA AV",0.00,,Y,A,-,N,,,,,,,,,,Y,4,0,1,2,D,-,00,,,N,D,C,A,A,H,-,A,A,0,,,,,Y,,-,"- ",0,0,1,0,0,0,0,0,0,"- ","- ",,,"SAN FRANCISCO","SAN FRANCISCO",-122.43605804443359,37.726757049560547
9722469,2024,2025-02-12,3801,2024-07-24,1544,1574,INGLE,3,5,7,3801,0,0,0,,0,3H15D,"OCEAN AV","CAYUGA AV",0.00,,Y,A,-,N,,,,,,,,,,Y,4,0,2,2,A,-,07,21658,A,N,A,C,A,A,H,-,A,A,0,,,,,Y,,A,07,0,0,2,0,0,0,0,0,0,"- ","- ",,,"SAN FRANCISCO","SAN FRANCISCO",-122.43878936767578,37.723625183105469
9722470,2024,2024-09-19,3801,2024-07-31,"9   ",2237,TARAV,3,5,7,3801,0,0,0,,0,001,"OCEAN AV","LEE AV",14.00,E,N,A,-,N,,,,,,,,,,N,4,0,1,2,A,-,09,21804,A,F,G,B,D,A,H,-,C,A,0,Y,,,,Y,,-,99,0,0,1,0,1,0,0,0,0,"- ","- ",,,"SAN FRANCISCO","SAN FRANCISCO",-122.45405578613281,37.723480224609375
9722471,2024,2024-09-19,3801,2024-07-30,1745,4314,RICHM,2,5,7,3801,0,0,0,,0,0G5,"FULTON ST","45TH AV",0.00,,Y,B,-,N,,,,,,,,,,Y,4,0,1,2,A,-,09,21802,A,N,D,C,A,A,H,-,A,A,0,,,,,Y,,A,01,0,0,1,0,0,0,0,0,0,"- ","- ",,,"SAN FRANCISCO","SAN FRANCISCO",-122.50562286376953,37.771579742431641
9722472,2024,2024-10-01,3801,2024-07-30,1102,1364,NORTH,2,5,7,3801,0,0,0,,0,3E1A,"OAK ST","LAGUNA ST",0.00,,-,A,-,N,,,,,,,,,,Y,4,0,2,5,A,-,03,22350,A,N,B,E,-,A,H,-,A,D,0,Y,,,,Y,,A,01,0,0,2,0,2,0,0,0,0,"- ","- ",,,"SAN FRANCISCO","SAN FRANCISCO",-122.42588043212891,37.774600982666016
9722473,2024,2024-09-19,3801,2024-07-30,"439 ",2490,TENDE,2,5,7,3801,0,0,0,,0,901,"ELLIS ST","HYDE ST",0.00,,Y,A,-,N,,,,,,,,,,,3,0,1,2,A,-,11,21453,D,N,G,B,E,A,H,-,C,A,0,Y,,,,Y,,N,60,0,1,0,0,1,0,0,0,0,"- ","- ",,,"SAN FRANCISCO","SAN FRANCISCO",-122.41606140136719,37.784446716308594
9722475,2024,2024-09-19,3801,2024-07-25,2234,2359,TARAV,4,5,7,3801,0,0,0,,0,016,"ALEMANY BL","BRIGHT ST",95.00,W,N,A,-,N,,,,,,,,,,N,4,0,1,2,A,-,03,22350,,N,C,C,A,A,H,-,C,D,0,,,,,Y,,A,01,0,0,1,0,0,0,0,0,0,"- ","- ",,,"SAN FRANCISCO","SAN FRANCISCO",-122.4637451171875,37.711418151855469
9722476,2024,2024-09-19,3801,2024-07-18,1758,1467,SOUTH,4,5,7,3801,0,0,0,,0,3CAR,"MISSION ST","8TH ST",0.00,,Y,A,-,N,,,,,,,,,,,3,0,1,2,A,-,17,21200,A,N,A,G,A,A,H,-,A,A,0,,Y,,,Y,,L,04,0,1,0,0,0,0,0,0,0,"- ","- ",,,"SAN FRANCISCO","SAN FRANCISCO",-122.41315460205078,37.7774658203125
9722477,2024,2024-09-19,3801,2024-07-31,2059,2241,NORTH,3,5,7,3801,0,0,0,,0,0E4,"BUSH ST","FILLMORE ST",0.00,,Y,A,-,N,,,,,,,,,,Y,4,0,1,2,A,-,09,21804,A,N,D,C,A,A,H,-,-,A,0,,,,,Y,,A,01,0,0,1,0,0,0,0,0,0,"- ","- ",,,"SAN FRANCISCO","SAN FRANCISCO",-122.43344879150391,37.787040710449219
9722478,2024,2024-10-01,3801,2024-07-31,"2   ",1280,SOUTH,3,5,7,3801,0,0,0,,0,004,"MISSION ST","9TH ST",0.00,,Y,A,-,N,,,,,,,,,,Y,3,0,1,2,A,-,12,21453,A,N,G,B,B,A,H,-,C,A,0,Y,,Y,,Y,Y,C,02,0,1,0,0,1,0,0,0,0,"- ","- ",,,"SAN FRANCISCO","SAN FRANCISCO",-122.41471862792969,37.776241302490234
9722559,2024,2024-09-24,3801,2024-08-09,1746,1666,PARK,5,5,7,3801,0,0,0,,0,ICAR,"LINCOLN BL","3RD AV",0.00,,Y,A,-,N,,,,,,,,,,N,4,0,1,2,A,-,04,21703,,N,C,C,A,A,H,-,A,A,0,,,Y,,Y,,A,01,0,0,1,0,0,0,0,0,1,"- ","- ",,,"SAN FRANCISCO","SAN FRANCISCO",-122.45993041992188,37.766170501708984
9722560,2024,2024-09-24,3801,2024-08-11,"950 ",390,PARK,7,5,7,3801,0,0,0,,0,003,"HAIGHT ST","MASONIC AV",0.00,,Y,B,-,N,,,,,,,,,,Y,3,0,1,2,A,-,12,21453,A,N,D,C,A,A,H,-,A,A,0,,,,,Y,,A,07,0,1,0,0,0,0,0,0,0,"- ","- ",37.770198822021484,-122.44538879394531,"SAN FRANCISCO","SAN FRANCISCO",-122.44535064697266,37.770210266113281
9722635,2024,2024-09-18,3801,2024-07-20,1655,2154,TARAV,6,5,7,3801,0,0,0,,0,002,"28TH AVE","28TH AVE 1339",0.00,,N,A,-,N,,,,,,,,,,Y,4,0,1,2,A,-,09,21801,A,N,A,C,A,A,H,-,A,D,0,,,,,Y,,A,01,0,0,1,0,0,0,0,0,0,"- ","- ",,,"SAN FRANCISCO","SAN FRANCISCO",-122.48676500000001,37.762369
9722637,2024,2024-09-09,3801,2024-07-17,1907,1057,PARK,3,5,7,3801,0,0,0,,0,3F13D,"FULTON ST","STANYAN ST",0.00,,Y,A,-,N,,,,,,,,,,N,4,0,1,2,A,-,04,21703,,N,C,C,A,A,H,-,A,A,0,,,,,Y,,A,08,0,0,1,0,0,0,0,0,0,"- ","- ",,,"SAN FRANCISCO","SAN FRANCISCO",-122.45465850830078,37.774745941162109
9722638,2024,2024-09-03,3801,2024-07-27,1445,2716,PARK,6,5,7,3801,0,0,0,,0,3CAR,"MASONIC AV","FULTON ST",0.00,,Y,B,-,N,,,,,,,,,,N,3,0,1,2,A,-,08,22107,,N,D,G,A,B,H,-,A,A,0,,Y,,,Y,,D,22,0,1,0,0,0,0,1,0,0,"- ","- ",,,"SAN FRANCISCO","SAN FRANCISCO",-122.44647216796875,37.775791168212891
9722639,2024,2024-09-03,3801,2024-07-18,1212,397,TENDE,4,5,7,3801,0,0,0,,0,3J94C,"6TH ST","STEVENSON ST",0.00,,Y,A,-,N,,,,,,,,,,N,4,0,1,3,A,-,03,22350,,F,A,C,A,A,H,-,A,A,0,,,,,Y,,-,,0,0,1,0,0,0,0,0,0,"- ","- ",,,"SAN FRANCISCO","SAN FRANCISCO",-122.40966796875,37.781764984130859
9723011,2024,2024-09-25,3801,2024-08-06,2500,2435,BAYVI,2,5,7,3801,0,0,0,,0,,"WILLIAMS AV","REDDY ST",0.00,,Y,A,-,N,,,,,,,,,,N,4,0,1,2,A,-,12,22450,A,M,D,D,A,A,H,-,B,A,0,,,,,Y,,A,01,0,0,1,0,0,0,0,0,0,"- ","- ",,,"SAN FRANCISCO","SAN FRANCISCO",-122.39539337158203,37.729656219482422
9723015,2024,2024-09-19,3801,2024-08-14,"300 ",2288,INGLE,3,5,7,3801,0,0,0,,0,3H15E,"LA GRANDE AV","RUSSIA AV",167.00,S,N,E,-,N,,,,,,,,,,,4,0,1,2,A,-,09,21801,A,N,C,C,A,B,H,-,C,D,0,,,,,Y,Y,D,22,0,0,1,0,0,0,0,0,0,"- ","- ",,,"SAN FRANCISCO","SAN FRANCISCO",-122.42703247070312,37.716228485107422
9723016,2024,2024-09-25,3801,2024-08-05,"926 ",2008,MISSI,1,5,7,3801,0,0,0,,0,3D13A,"20TH ST","SAN CARLOS ST",0.00,,Y,B,-,N,,,,,,,,,,N,4,0,1,3,A,-,09,21802,A,N,D,-,A,A,H,-,A,A,0,,,,,Y,,A,01,0,0,1,0,0,0,0,0,0,"- ","- ",,,"SAN FRANCISCO","SAN FRANCISCO",-122.41981506347656,37.758583068847656
9723019,2024,2024-09-23,3801,2024-07-12,"700 ",2402,TARAV,5,5,7,3801,0,0,0,,0,3I11A,"19TH AVE","JUNIPERO SERRA BL",0.00,,Y,B,-,N,,,,,,,,,,Y,4,0,2,3,A,-,12,21453,A,N,D,C,A,A,H,-,A,A,0,,,,,Y,,-,,0,0,2,0,0,0,0,0,0,"- ","- ",,,"SAN FRANCISCO","SAN FRANCISCO",-122.47271728515625,37.717182159423828
9723020,2024,2024-09-23,3801,2024-07-27,1945,4046,INGLE,6,5,7,3801,0,0,0,,0,3H11D,MISSION,"CORTLAND AV",27.00,N,N,A,-,N,,,,,,,,,,Y,4,0,2,3,A,-,04,21703,,N,C,C,A,A,H,-,A,D,0,,,,,Y,,A,07,0,0,2,0,0,0,0,0,0,"- ","- ",,,"SAN FRANCISCO","SAN FRANCISCO",-122.42279815673828,37.741077423095703
9723035,2024,2024-09-20,3801,2024-08-02,1228,1994,TRAFF,5,5,7,3801,0,0,0,,0,4B3C,"11TH ST","NATOMA ST",10.00,W,N,A,-,N,,,,,,,,,,,3,0,2,2,A,-,08,22107,,N,D,G,A,A,H,-,A,D,0,,,,Y,Y,,F,26,0,1,1,0,0,0,0,0,0,"- ","- ",,,"SAN FRANCISCO","SAN FRANCISCO",-122.41612243652344,37.773540496826172
9723036,2024,2024-09-23,3801,2024-07-26,1302,707,TRAFF,5,5,7,3801,0,0,0,,0,4B3G,"CESAR CHAVEZ ST","ALABAMA ST",50.00,W,N,A,-,N,,,,,,,,,,N,4,0,2,3,A,-,03,22350,,N,C,C,A,A,H,-,A,A,0,,,,Y,Y,,F,27,0,0,2,0,0,0,0,0,0,"- ","- ",,,"SAN FRANCISCO","SAN FRANCISCO",-122.41072082519531,37.748374938964844
9723040,2024,2024-09-23,3801,2024-08-06,1732,704,BAYVI,2,5,7,3801,0,0,0,,0,3C15D,"KIRKWOOD AV","DORMITORY RD",20.00,E,N,A,-,N,,,,,,,,,,Y,4,0,1,2,A,-,03,22350,,F,A,E,A,A,H,-,A,D,0,,,,,Y,,A,01,0,0,1,0,0,0,0,0,0,"- ","- ",,,"SAN FRANCISCO","SAN FRANCISCO",-122.37483215332031,37.729606628417969
9723050,2024,2024-09-20,3801,2024-07-30,"936 ",956,MISSI,2,5,7,3801,0,0,0,,0,3D90A,"SOUTH VAN NESS AVE","13TH ST",0.00,,Y,A,-,N,,,,,,,,,,N,3,0,1,2,A,-,03,22350,,N,B,C,A,A,H,-,A,A,0,,,Y,,Y,,C,03,0,1,0,0,0,0,0,0,1,"- ","- ",,,"SAN FRANCISCO","SAN FRANCISCO",-122.41777801513672,37.7696533203125
9723051,2024,2024-09-20,3801,2024-07-30,1706,HASSAN,TARAV,2,5,7,3801,0,0,0,,0,3I15D,"HOLLOWAY AV","ALVISO ST",0.00,,Y,B,-,N,,,,,,,,,,N,4,0,1,2,A,-,08,22107,,N,D,C,A,A,H,-,A,D,0,,,Y,,Y,,C,02,0,0,1,0,0,0,0,0,1,"- ","- ",,,"SAN FRANCISCO","SAN FRANCISCO",-122.46974182128906,37.721626281738281
9723467,2024,2024-10-10,3801,2024-09-25,1609,1857,SOUTH,3,5,7,3801,0,0,0,,0,004,"9TH ST","MINNA ST",0.00,,Y,A,-,N,,,,,,,,,,N,3,0,1,2,A,-,08,22107,,N,-,D,A,A,H,-,A,B,0,,,Y,,Y,,A,01,0,1,0,0,0,0,0,0,1,"- ","- ",,,"SAN FRANCISCO","SAN FRANCISCO",-122.41416931152344,37.775798797607422
9723468,2024,2025-04-10,3801,2024-09-25,1543,1352,MISSI,3,5,7,3801,0,0,0,,0,3D14C,"25TH ST","ALABAMA ST",32.00,W,N,B,-,N,,,,,,,,,,N,4,0,1,2,A,-,05,21650,,F,C,G,A,A,H,-,A,D,0,,Y,,,Y,,-,,0,0,1,0,0,0,1,0,0,"- ","- ",,,"SAN FRANCISCO","SAN FRANCISCO",-122.41091156005859,37.751075744628906
9723469,2024,2024-10-10,3801,2024-09-25,"858 ",1524,INGLE,3,5,7,3801,0,0,0,,0,3H104,DESMOND,"VISITACION AV",0.00,,Y,A,-,N,,,,,,,,,,N,4,0,2,2,A,-,21,22106,,N,G,B,E,A,H,-,A,D,0,Y,,,,Y,,A,01,0,0,2,0,1,0,0,0,0,"- ","- ",,,"SAN FRANCISCO","SAN FRANCISCO",-122.40523529052734,37.710712432861328
9723470,2024,2024-10-10,3801,2024-09-24,"807 ",1524,INGLE,2,5,7,3801,0,0,0,,0,3H12A,"MONTEREY BL","RIDGEWOOD AV",0.00,,Y,A,-,N,,,,,,,,,,N,4,0,1,2,A,-,12,22450,A,N,G,B,B,A,H,-,A,D,0,Y,,,,Y,,A,01,0,0,1,0,1,0,0,0,0,"- ","- ",,,"SAN FRANCISCO","SAN FRANCISCO",-122.45339965820312,37.731517791748047