CASE_ID,ACCIDENT_YEAR,PROC_DATE,JURIS,COLLISION_DATE,COLLISION_TIME,OFFICER_ID,REPORTING_DISTRICT,DAY_OF_WEEK,CHP_SHIFT,POPULATION,CNTY_CITY_LOC,SPECIAL_COND,BEAT_TYPE,CHP_BEAT_TYPE,CITY_DIVISION_LAPD,CHP_BEAT_CLASS,BEAT_NUMBER,PRIMARY_RD,SECONDARY_RD,DISTANCE,DIRECTION,INTERSECTION,WEATHER_1,WEATHER_2,STATE_HWY_IND,CALTRANS_COUNTY,CALTRANS_DISTRICT,STATE_ROUTE,ROUTE_SUFFIX,POSTMILE_PREFIX,POSTMILE,LOCATION_TYPE,RAMP_INTERSECTION,SIDE_OF_HWY,TOW_AWAY,COLLISION_SEVERITY,NUMBER_KILLED,NUMBER_INJURED,PARTY_COUNT,PRIMARY_COLL_FACTOR,PCF_CODE_OF_VIOL,PCF_VIOL_CATEGORY,PCF_VIOLATION,PCF_VIOL_SUBSECTION,HIT_AND_RUN,TYPE_OF_COLLISION,MVIW,PED_ACTION,ROAD_SURFACE,ROAD_COND_1,ROAD_COND_2,LIGHTING,CONTROL_DEVICE,CHP_ROAD_TYPE,PEDESTRIAN_ACCIDENT,BICYCLE_ACCIDENT,MOTORCYCLE_ACCIDENT,TRUCK_ACCIDENT,NOT_PRIVATE_PROPERTY,ALCOHOL_INVOLVED,STWD_VEHTYPE_AT_FAULT,CHP_VEHTYPE_AT_FAULT,COUNT_SEVERE_INJ,COUNT_VISIBLE_INJ,COUNT_COMPLAINT_PAIN,COUNT_PED_KILLED,COUNT_PED_INJURED,COUNT_BICYCLIST_KILLED,COUNT_BICYCLIST_INJURED,COUNT_MC_KILLED,COUNT_MC_INJURED,PRIMARY_RAMP,SECONDARY_RAMP,LATITUDE,LONGITUDE,COUNTY,CITY,POINT_X,POINT_Y
9723471,2024,2024-10-14,3801,2024-09-23,1502,1438,INGLE,1,5,7,3801,0,0,0,,0,6CAR,"GIRARD ST","WILDE AV",0.00,,Y,A,-,N,,,,,,,,,,Y,4,0,1,1,A,-,01,23152,F,N,E,I,A,A,H,-,A,A,0,,,,,Y,,A,01,0,0,1,0,0,0,0,0,0,"- ","- ",,,"SAN FRANCISCO","SAN FRANCISCO",-122.40012359619141,37.716560363769531
9723472,2024,2024-10-11,3801,2024-09-22,2027,1741,TARAV,7,5,7,3801,0,0,0,,0,901,"ALEMANY BL","SAN JOSE AV",0.00,,Y,-,-,N,,,,,,,,,,N,4,0,1,2,A,-,07,21658,A,F,B,C,A,-,-,-,-,-,0,,,,,Y,,A,01,0,0,1,0,0,0,0,0,0,"- ","- ",,,"SAN FRANCISCO","SAN FRANCISCO",-122.45709991455078,37.710071563720703
9723473,2024,2024-10-21,3801,2024-09-22,1813,4266,INGLE,7,5,7,3801,0,0,0,,0,0H6,"SUNNYDALE AV","SANTOS ST",0.00,,Y,B,-,N,,,,,,,,,,N,4,0,1,2,A,-,06,21755,A,F,C,C,A,A,H,-,A,D,0,,,,,Y,,-,,0,0,1,0,0,0,0,0,0,"- ","- ",,,"SAN FRANCISCO","SAN FRANCISCO",-122.41825866699219,37.712329864501953
9723474,2024,2024-10-11,3801,2024-09-22,1340,1911,RICHM,7,5,7,3801,0,0,0,,0,RICHMO,"7TH AV","FULTON ST",0.00,,N,A,-,N,,,,,,,,,,Y,4,0,1,2,A,-,03,22350,,N,E,I,A,A,H,-,A,D,0,,,,,Y,,-,,0,0,1,0,0,0,0,0,0,"- ","- ",,,"SAN FRANCISCO","SAN FRANCISCO",-122.46482849121094,37.773487091064453
9723475,2024,2024-10-11,3801,2024-09-21,1310,4266,INGLE,6,5,7,3801,0,0,0,,0,0H3,"PERSIA AV","VIENNA ST",0.00,,Y,A,-,N,,,,,,,,,,Y,4,0,3,2,A,-,09,21802,B,N,D,C,A,A,H,-,A,D,0,,,,,Y,,A,01,0,0,3,0,0,0,0,0,0,"- ","- ",,,"SAN FRANCISCO","SAN FRANCISCO",-122.43038177490234,37.720466613769531
9723476,2024,2024-10-11,3801,2024-09-13,1829,1857,SOUTH,5,5,7,3801,0,0,0,,0,004,"10TH ST","MISSION ST",103.00,S,N,A,-,N,,,,,,,,,,N,4,0,1,2,A,-,04,21703,,N,D,B,C,A,H,-,A,D,0,Y,,,,Y,,A,01,0,0,1,0,1,0,0,0,0,"- ","- ",,,"SAN FRANCISCO","SAN FRANCISCO",-122.41565704345703,37.775077819824219
9723477,2024,2024-10-11,3801,2024-09-12,2500,1911,RICHM,4,5,7,3801,0,0,0,,0,RICHMO,"BUSH ST","PRESIDIO AV",0.00,,Y,A,-,N,,,,,,,,,,N,4,0,1,2,A,-,10,21950,A,N,G,B,B,A,H,-,A,A,0,Y,,,,Y,,A,01,0,0,1,0,1,0,0,0,0,"- ","- ",,,"SAN FRANCISCO","SAN FRANCISCO",-122.44641876220703,37.785366058349609
9723478,2024,2024-10-11,3801,2024-09-17,1709,1951,SOUTH,2,5,7,3801,0,0,0,,0,0B1,"BRYANT ST","JACK LONDON ALY",0.00,,Y,A,-,N,,,,,,,,,,Y,2,0,1,2,A,-,08,22107,,F,B,C,A,A,H,-,A,A,0,,,Y,,Y,,-,,1,0,0,0,0,0,0,0,1,"- ","- ",,,"SAN FRANCISCO","SAN FRANCISCO",-122.39473724365234,37.782188415527344
9723479,2024,2024-10-11,3801,2024-09-15,"321 ",318,INGLE,7,5,7,3801,0,0,0,,0,005,"AMAZON AV","NAPLES ST",0.00,,Y,B,-,N,,,,,,,,,,N,3,0,1,2,A,-,03,22350,,N,D,C,A,A,H,-,C,D,0,,,Y,,Y,,C,02,0,1,0,0,0,0,0,0,1,"- ","- ",,,"SAN FRANCISCO","SAN FRANCISCO",-122.43536376953125,37.715389251708984
9723480,2024,2024-10-16,3801,2024-09-10,2133,2420,NORTH,2,5,7,3801,0,0,0,,0,3E13E,"EDDY ST","POLK ST",0.00,,Y,A,-,N,,,,,,,,,,N,3,0,1,2,A,-,08,22101,D,F,D,C,-,A,H,-,C,A,0,Y,,,,Y,,A,01,0,1,0,0,1,0,0,0,0,"- ","- ",,,"SAN FRANCISCO","SAN FRANCISCO",-122.41918182373047,37.7830810546875
9723482,2024,2024-10-10,3801,2024-09-19,1650,1810,MISSI,4,5,7,3801,0,0,0,,0,3D2D,"CLIPPER ST","SANCHEZ ST",0.00,,Y,A,-,N,,,,,,,,,,N,4,0,1,2,A,-,17,22517,,N,B,E,A,A,H,-,A,D,0,,,,,Y,,A,01,0,0,1,0,0,0,0,0,0,"- ","- ",,,"SAN FRANCISCO","SAN FRANCISCO",-122.42939758300781,37.749168395996094
9723483,2024,2024-10-11,3801,2024-09-19,1558,ALLEN,BAYVI,4,5,7,3801,0,0,0,,0,3C4D,"JAMESTOWN AV","3RD ST",0.00,,Y,A,-,N,,,,,,,,,,Y,4,0,2,2,A,-,12,21453,A,N,D,C,A,A,H,-,A,A,0,,,,,Y,,A,01,0,0,2,0,0,0,0,0,0,"- ","- ",,,"SAN FRANCISCO","SAN FRANCISCO",-122.39671325683594,37.720260620117188
9723484,2024,2024-10-10,3801,2024-09-19,1525,2748,SOUTH,4,5,7,3801,0,0,0,,0,3B12D,"MISSION ST","JESSIE EAST ST",0.00,,Y,A,-,N,,,,,,,,,,N,4,0,1,2,A,-,09,21801,A,F,D,-,A,A,H,-,A,A,0,,,,,Y,,A,07,0,0,1,0,0,0,0,0,0,"- ","- ",,,"SAN FRANCISCO","SAN FRANCISCO",-122.40483093261719,37.784053802490234
9723485,2024,2024-10-11,3801,2024-09-19,1530,2390,PARK,4,5,7,3801,0,0,0,,0,3F60,"WALLER ST","WEBSTER ST",0.00,,Y,A,-,N,,,,,,,,,,Y,4,0,2,2,A,-,09,21800,A,N,D,C,A,A,H,-,A,D,0,,,,,Y,,A,01,0,0,2,0,0,0,0,0,0,"- ","- ",,,"SAN FRANCISCO","SAN FRANCISCO",-122.42861175537109,37.771389007568359
9723486,2024,2024-10-10,3801,2024-09-18,2214,970,TENDE,3,5,7,3801,0,0,0,,0,3J13E,"LARKIN ST","EDDY ST",0.00,,Y,A,-,N,,,,,,,,,,N,4,0,1,2,A,-,10,21950,A,N,G,B,B,A,H,-,C,A,0,Y,,,,Y,,A,01,0,0,1,0,1,0,0,0,0,"- ","- ",,,"SAN FRANCISCO","SAN FRANCISCO",-122.41751861572266,37.783294677734375
9723487,2024,2024-10-11,3801,2024-09-17,1816,2192,MISSI,2,5,7,3801,0,0,0,,0,3D13D,"FOLSOM ST","21ST ST",225.00,N,N,A,-,N,,,,,,,,,,N,3,0,1,2,A,-,05,21460,,N,B,C,A,A,H,-,A,D,0,,,Y,,Y,,C,03,0,1,0,0,0,0,0,0,1,"- ","- ",,,"SAN FRANCISCO","SAN FRANCISCO",-122.41458129882812,37.757915496826172
9723488,2024,2024-10-10,3801,2024-09-17,1722,1414,MISSI,2,5,7,3801,0,0,0,,0,3D4D,"DOLORES ST","24TH ST",57.00,S,N,B,-,N,,,,,,,,,,N,4,0,1,2,A,-,04,21703,,N,C,G,A,A,H,-,A,D,0,,Y,,,Y,,A,01,0,0,1,0,0,0,1,0,0,"- ","- ",,,"SAN FRANCISCO","SAN FRANCISCO",-122.42521667480469,37.751682281494141
9723489,2024,2024-10-10,3801,2024-09-18,1713,10,SOUTH,3,5,7,3801,0,0,0,,0,0B1,"MISSION ST","2ND ST",0.00,,Y,A,-,N,,,,,,,,,,N,4,0,1,2,A,-,12,21453,A,N,D,-,A,A,H,-,A,A,0,,,,,Y,,A,01,0,0,1,0,0,0,0,0,0,"- ","- ",,,"SAN FRANCISCO","SAN FRANCISCO",-122.39978790283203,37.788013458251953
9723490,2024,2024-10-11,3801,2024-09-19,1844,1487,NORTH,4,5,7,3801,0,0,0,,0,3E15D,"PINE ST","VAN NESS AV",0.00,,Y,A,-,N,,,,,,,,,,N,3,0,1,2,A,-,08,22107,,N,B,C,A,A,H,-,A,A,0,,,Y,,Y,,A,01,0,1,0,0,0,0,0,0,1,"- ","- ",,,"SAN FRANCISCO","SAN FRANCISCO",-122.42209625244141,37.789417266845703
9723491,2024,2024-10-10,3801,2024-09-20,1456,885,BAYVI,5,5,7,3801,0,0,0,,0,0C3,"INNES AV","ARELIOUS WALKER DR",0.00,,Y,A,-,N,,,,,,,,,,Y,4,0,1,3,A,-,03,22350,,N,C,E,A,A,H,-,A,D,0,,,,,Y,,A,07,0,0,1,0,0,0,0,0,0,"- ","- ",,,"SAN FRANCISCO","SAN FRANCISCO",-122.37389373779297,37.730953216552734
9723492,2024,2024-10-11,3801,2024-09-20,1830,2036,NORTH,5,5,7,3801,0,0,0,,0,3E5,"WEBSTER ST","GREENWICH ST",0.00,,Y,B,-,N,,,,,,,,,,Y,4,0,1,2,A,-,03,22350,,F,D,C,A,A,H,-,B,A,0,,,,,Y,Y,A,01,0,0,1,0,0,0,0,0,0,"- ","- ",,,"SAN FRANCISCO","SAN FRANCISCO",-122.43421173095703,37.799163818359375
9723493,2024,2025-04-10,3801,2024-09-21,"152 ",2149,NORTH,6,5,7,3801,0,0,0,,0,3E11E,"OCTAVIA ST","HAIGHT ST",31.00,S,N,A,-,N,,,,,,,,,,Y,3,0,2,1,D,-,00,,,N,E,I,A,A,H,-,C,A,0,,,,,Y,,-,"- ",0,1,1,0,0,0,0,0,0,"- ","- ",,,"SAN FRANCISCO","SAN FRANCISCO",-122.42391204833984,37.772876739501953
9723494,2024,2024-10-10,3801,2024-09-21,1840,10,SOUTH,6,5,7,3801,0,0,0,,0,0B3,"NATOMA ST","6TH ST",0.00,,Y,A,-,N,,,,,,,,,,N,4,0,1,2,A,-,10,21950,C,F,B,B,E,A,H,-,A,A,0,Y,,,,Y,,-,,0,0,1,0,1,0,0,0,0,"- ","- ",,,"SAN FRANCISCO","SAN FRANCISCO",-122.40766906738281,37.780181884765625
9723495,2024,2024-10-11,3801,2024-09-22,1132,1605,NORTH,7,5,7,3801,0,0,0,,0,3E2A,"LAGUNA ST","GROVE ST",28.00,N,N,A,-,N,,,,,,,,,,N,4,0,2,2,A,-,04,21703,,N,C,C,A,A,H,-,A,D,0,,,,,Y,,A,01,0,0,2,0,0,0,0,0,0,"- ","- ",,,"SAN FRANCISCO","SAN FRANCISCO",-122.42646026611328,37.777484893798828
9723497,2024,2024-10-11,3801,2024-09-22,"415 ",1952,CENTR,7,5,7,3801,0,0,0,,0,902,"MONTGOMERY ST","PINE ST",0.00,,Y,A,-,N,,,,,,,,,,N,4,0,1,2,D,-,00,,,N,D,C,A,A,H,-,C,A,0,,,,,Y,,-,"- ",0,0,1,0,0,0,0,0,0,"- ","- ",,,"SAN FRANCISCO","SAN FRANCISCO",-122.40254974365234,37.791919708251953
9723498,2024,2024-10-10,3801,2024-09-21,1620,1096,CENTR,6,5,7,3801,0,0,0,,0,3A14D,"THE EMBARCADERO",BROADWAY,140.00,S,N,B,-,N,,,,,,,,,,N,3,0,1,2,A,-,03,22350,,F,G,-,F,A,H,-,A,D,0,Y,Y,,,Y,,L,04,0,1,0,0,1,0,0,0,0,"- ","- ",,,"SAN FRANCISCO","SAN FRANCISCO",-122.39759826660156,37.798820495605469
9723499,2024,2024-10-11,3801,2024-09-20,1550,82,MISSI,5,5,7,3801,0,0,0,,0,3D14D,"VALENCIA ST","26TH ST",0.00,,Y,B,-,N,,,,,,,,,,N,4,0,1,2,A,-,03,22350,,N,D,G,A,A,H,-,A,A,0,,Y,,,Y,,L,04,0,0,1,0,0,0,1,0,0,"- ","- ",,,"SAN FRANCISCO","SAN FRANCISCO",-122.42034912109375,37.748905181884766
9723500,2024,2024-10-10,3801,2024-09-21,"218 ",740,MISSI,6,5,7,3801,0,0,0,,0,,"VALENCIA ST","16TH ST",0.00,,Y,B,-,N,,,,,,,,,,N,4,0,1,2,A,-,08,22101,D,F,D,G,A,C,H,-,C,A,0,,Y,,,Y,,A,01,0,0,1,0,0,0,1,0,0,"- ","- ",,,"SAN FRANCISCO","SAN FRANCISCO",-122.42189025878906,37.764907836914062
9723501,2024,2024-10-10,3801,2024-09-21,2345,1129,TENDE,6,5,7,3801,0,0,0,,0,3J14E,"JONES ST","OFARRELL ST",0.00,,N,A,-,N,,,,,,,,,,Y,4,0,1,3,A,-,21,22106,,F,C,E,A,A,H,-,C,D,0,,,,,Y,,A,01,0,0,1,0,0,0,0,0,0,"- ","- ",,,"SAN FRANCISCO","SAN FRANCISCO",-122.41297149658203,37.785797119140625
9723502,2024,2024-10-10,3801,2024-09-08,1720,2441,INGLE,7,5,7,3801,0,0,0,,0,3H13D,"MISSION ST","HARRINGTON ST",0.00,,Y,A,-,N,,,,,,,,,,N,4,0,1,2,A,-,08,22107,,N,B,C,A,A,H,-,A,D,0,,,,,Y,,A,01,0,0,1,0,0,0,0,0,0,"- ","- ",,,"SAN FRANCISCO","SAN FRANCISCO",-122.43444061279297,37.725181579589844
9723503,2024,2024-10-10,3801,2024-09-06,1652,1870,RICHM,5,5,7,3801,0,0,0,,0,0G1,"CROSSOVER DR","25TH AV",0.00,,Y,A,-,N,,,,,,,,,,Y,4,0,1,1,A,-,03,22350,,N,E,I,A,A,H,-,A,D,0,,,,,Y,,B,01,0,0,1,0,0,0,0,0,0,"- ","- ",,,"SAN FRANCISCO","SAN FRANCISCO",-122.48418426513672,37.772567749023438
9723504,2024,2024-10-10,3801,2024-09-04,1445,1857,SOUTH,3,5,7,3801,0,0,0,,0,901,"TIFFANY AV","29TH ST",218.00,N,N,A,-,N,,,,,,,,,,N,4,0,1,2,D,-,00,,,N,D,G,A,A,H,-,A,D,0,,Y,,,Y,,-,"- ",0,0,1,0,0,0,1,0,0,"- ","- ",,,"SAN FRANCISCO","SAN FRANCISCO",-122.42164611816406,37.744503021240234
9723505,2024,2024-10-10,3801,2024-09-06,1518,1870,RICHM,5,5,7,3801,0,0,0,,0,0G4,"GEARY BL","21ST AV",0.00,,Y,A,-,N,,,,,,,,,,Y,4,0,1,2,A,-,03,22350,,N,C,C,A,A,H,-,A,A,0,,,Y,,Y,,C,02,0,0,1,0,0,0,0,0,1,"- ","- ",,,"SAN FRANCISCO","SAN FRANCISCO",-122.48045349121094,37.780342102050781
9723506,2024,2024-10-10,3801,2024-09-06,1410,2400,BAYVI,5,5,7,3801,0,0,0,,0,0A1,BROADWAY,"DAVIS ST",70.00,W,N,A,-,N,,,,,,,,,,N,4,0,1,2,A,-,09,21804,,F,D,D,A,A,H,-,A,D,0,,,,,Y,,A,01,0,0,1,0,0,0,0,0,0,"- ","- ",,,"SAN FRANCISCO","SAN FRANCISCO",-122.39891052246094,37.798862457275391
9723507,2024,2024-10-10,3801,2024-09-06,1408,1917,TARAV,5,5,7,3801,0,0,0,,0,315A,"BROTHERHOOD WY","CHUMASERO DR",184.00,W,N,A,-,N,,,,,,,,,,Y,4,0,1,3,A,-,04,21703,,N,C,C,A,A,H,-,A,D,0,,,,,Y,,A,01,0,0,1,0,0,0,0,0,0,"- ","- ",,,"SAN FRANCISCO","SAN FRANCISCO",-122.47328948974609,37.713199615478516
9723508,2024,2024-10-10,3801,2024-09-06,1224,748,CENTR,5,5,7,3801,0,0,0,,0,0A3,"BAY ST","LARKIN ST",50.00,W,N,A,-,N,,,,,,,,,,N,3,0,1,2,A,-,00,21954,,N,G,B,E,A,D,-,A,D,0,Y,,,,Y,,N,60,0,1,0,0,1,0,0,0,0,"- ","- ",,,"SAN FRANCISCO","SAN FRANCISCO",-122.42197418212891,37.804546356201172
9723509,2024,2024-10-10,3801,2024-09-06,"917 ",1637,SOUTH,5,5,7,3801,0,0,0,,0,3B13A,"BRYANT ST","8TH ST",0.00,,Y,A,-,N,,,,,,,,,,,4,0,1,2,A,-,04,21703,,N,A,C,A,A,H,-,A,A,0,,,,,Y,,B,01,0,0,1,0,0,0,0,0,0,"- ","- ",,,"SAN FRANCISCO","SAN FRANCISCO",-122.406982421875,37.772514343261719
9723510,2024,2024-10-10,3801,2024-09-05,2148,2268,INGLE,4,5,7,3801,0,0,0,,0,3H11D,"CORTLAND AV","BENNINGTON ST",0.00,,Y,A,-,N,,,,,,,,,,N,4,0,1,2,A,-,10,21950,A,N,G,B,B,A,H,-,B,A,0,Y,,,,Y,,A,01,0,0,1,0,1,0,0,0,0,"- ","- ",,,"SAN FRANCISCO","SAN FRANCISCO",-122.41777801513672,37.739177703857422
9723511,2024,2024-10-10,3801,2024-09-03,1230,1114,RICHM,2,5,7,3801,0,0,0,,0,3G1A,"PARK PRESIDIO","CROSSOVER DR",65.00,N,N,A,-,N,,,,,,,,,,Y,4,0,1,1,A,-,03,22350,,N,E,I,A,A,H,-,A,D,0,,,,,Y,,A,01,0,0,1,0,0,0,0,0,0,"- ","- ",,,"SAN FRANCISCO","SAN FRANCISCO",-122.47947692871094,37.771358489990234
9723512,2024,2024-10-10,3801,2024-09-02,1431,2499,TARAV,1,5,7,3801,0,0,0,,0,3I15A,"SLOAT BL","SKYLINE BL",0.00,,Y,A,-,N,,,,,,,,,,N,4,0,1,2,A,-,08,22107,,N,C,C,A,A,H,-,A,D,0,,,,,Y,,A,01,0,0,1,0,0,0,0,0,0,"- ","- ",,,"SAN FRANCISCO","SAN FRANCISCO",-122.49598693847656,37.733707427978516
9723513,2024,2024-10-10,3801,2024-09-08,2128,2140,MISSI,7,5,7,3801,0,0,0,,0,3D14E,"CAPP ST","25TH ST",252.00,S,N,A,-,N,,,,,,,,,,N,2,0,1,2,A,-,03,22350,,N,B,C,A,A,H,-,C,D,0,,,Y,,Y,Y,C,02,1,0,0,0,0,0,0,0,1,"- ","- ",,,"SAN FRANCISCO","SAN FRANCISCO",-122.41712951660156,37.750038146972656
9723514,2024,2024-10-15,3801,2024-09-09,"100 ",2028,SOUTH,1,5,7,3801,0,0,0,,0,3B12E,"MISSION ST","9TH ST",0.00,,Y,A,-,N,,,,,,,,,,N,4,0,1,2,A,-,12,21453,A,N,D,C,A,A,H,-,C,A,0,,,,,Y,,A,01,0,0,1,0,0,0,0,0,0,"- ","- ",,,"SAN FRANCISCO","SAN FRANCISCO",-122.41471862792969,37.776241302490234
9723515,2024,2024-10-15,3801,2024-09-08,2125,1688,BAYVI,7,5,7,3801,0,0,0,,0,3C15E,"NEWCOMB AV","3RD ST",0.00,,Y,A,-,N,,,,,,,,,,Y,3,0,2,2,A,-,09,21801,A,N,A,C,A,A,H,-,C,A,0,,,,,Y,,A,01,0,1,1,0,0,0,0,0,0,"- ","- ",,,"SAN FRANCISCO","SAN FRANCISCO",-122.39049530029297,37.735633850097656
9723516,2024,2024-10-15,3801,2024-09-07,"248 ",2139,TARAV,6,5,7,3801,0,0,0,,0,901,"SLOAT BL","CLEARFIELD DR",8.00,W,N,B,-,N,,,,,,,,,,Y,4,0,1,2,A,-,03,22350,,N,C,C,A,A,H,-,C,A,0,,,,,Y,,A,01,0,0,1,0,0,0,0,0,0,"- ","- ",,,"SAN FRANCISCO","SAN FRANCISCO",-122.49158477783203,37.733940124511719
9723517,2024,2024-10-10,3801,2024-09-06,2320,1308,SOUTH,5,5,7,3801,0,0,0,,0,3B12E,"5TH ST","CLEMENTINA ST",0.00,,Y,A,-,N,,,,,,,,,,N,4,0,1,2,A,-,07,21658,A,N,B,C,A,A,H,-,B,A,0,,,,,Y,,A,01,0,0,1,0,0,0,0,0,0,"- ","- ",,,"SAN FRANCISCO","SAN FRANCISCO",-122.40390777587891,37.780712127685547
9723518,2024,2024-10-10,3801,2024-09-06,2029,582,CENTR,5,5,7,3801,0,0,0,,0,3A11D,"TAYLOR ST","PINE ST",0.00,,Y,A,-,N,,,,,,,,,,N,3,0,1,2,A,-,10,21950,A,N,-,B,B,A,H,-,C,A,0,Y,,,,Y,,A,01,0,1,0,0,1,0,0,0,0,"- ","- ",,,"SAN FRANCISCO","SAN FRANCISCO",-122.41224670410156,37.790657043457031
9723519,2024,2024-10-15,3801,2024-09-06,1827,2017,MISSI,5,5,7,3801,0,0,0,,0,3D14D,"FOLSOM ST","21ST ST",35.00,S,N,A,-,N,,,,,,,,,,N,4,0,1,2,A,-,03,22350,,N,C,C,A,A,H,-,A,A,0,,,,,Y,,A,01,0,0,1,0,0,0,0,0,0,"- ","- ",,,"SAN FRANCISCO","SAN FRANCISCO",-122.41451263427734,37.7572021484375
9723520,2024,2024-10-10,3801,2024-09-06,1757,1534,INGLE,5,5,7,3801,0,0,0,,0,3H13D,"SILVER AV","OXFORD ST",0.00,,N,A,-,N,,,,,,,,,,Y,3,0,1,3,A,-,03,22350,,N,B,-,A,A,H,-,A,D,0,,,,,Y,,A,01,0,1,0,0,0,0,0,0,0,"- ","- ",,,"SAN FRANCISCO","SAN FRANCISCO",-122.42051696777344,37.728935241699219
9723521,2024,2024-10-15,3801,2024-09-06,1750,1857,SOUTH,5,5,7,3801,0,0,0,,0,003,"BRYANT ST","8TH ST",0.00,,Y,A,-,N,,,,,,,,,,Y,3,0,2,5,A,-,12,21453,A,N,D,D,-,A,H,-,A,A,0,Y,,,,Y,,A,01,0,1,1,0,1,0,0,0,0,"- ","- ",,,"SAN FRANCISCO","SAN FRANCISCO",-122.406982421875,37.772514343261719
9723522,2024,2024-10-10,3801,2024-09-03,1719,2292,BAYVE,2,5,7,3801,0,0,0,,0,5C12,"HARBOR RD","INGALLS ST",88.00,N,N,A,-,N,,,,,,,,,,Y,4,0,1,4,A,-,03,22350,,M,C,E,A,A,H,-,A,D,0,,,,,Y,,A,01,0,0,1,0,0,0,0,0,0,"- ","- ",,,"SAN FRANCISCO","SAN FRANCISCO",-122.38022613525391,37.733451843261719
9723523,2024,2025-04-10,3801,2024-09-02,2110,1074,BAYVI,1,5,7,3801,0,0,0,,0,3C13E,"HUNTERS POINT BL","HAWES ST",360.00,N,N,A,-,N,,,,,,,,,,Y,4,0,1,2,A,-,08,22107,,N,B,C,A,A,H,-,E,D,0,,,,,Y,,A,01,0,0,1,0,0,0,0,0,0,"- ","- ",,,"SAN FRANCISCO","SAN FRANCISCO",-122.37682342529297,37.734607696533203
9723524,2024,2024-10-10,3801,2024-09-11,2013,1246,BAYVI,3,5,7,3801,0,0,0,,0,3C15D,"FAIRFAX AV","KEITH ST",0.00,,Y,A,-,N,,,,,,,,,,N,4,0,1,2,A,-,12,22450,A,F,D,C,A,A,H,-,C,A,0,,,,,Y,,A,01,0,0,1,0,0,0,0,0,0,"- ","- ",,,"SAN FRANCISCO","SAN FRANCISCO",-122.38155364990234,37.738117218017578
9723525,2024,2024-10-10,3801,2024-09-11,"808 ",1280,SOUTH,3,5,7,3801,0,0,0,,0,005,"16TH ST","ARKANSAS ST",0.00,,Y,A,-,N,,,,,,,,,,N,3,0,2,2,A,-,09,21802,A,N,D,C,A,A,H,-,A,A,0,,,,,Y,,A,07,0,2,0,0,0,0,0,0,0,"- ","- ",,,"SAN FRANCISCO","SAN FRANCISCO",-122.39879608154297,37.766323089599609
9723526,2024,2024-10-10,3801,2024-09-10,2134,2479,BAYVI,2,5,7,3801,0,0,0,,0,0C1,"25TH ST","TENNESSEE ST",0.00,,Y,A,-,N,,,,,,,,,,N,4,0,1,2,A,-,06,21750,,N,D,C,A,A,H,-,C,A,0,,,,,Y,,A,01,0,0,1,0,0,0,0,0,0,"- ","- ",,,"SAN FRANCISCO","SAN FRANCISCO",-122.38874816894531,37.752777099609375
9723554,2024,2024-10-09,3801,2024-08-21,1711,2290,CENTR,3,5,7,3801,0,0,0,,0,,"THE EMBARCADERO","WASHINGTON ST",0.00,,Y,A,-,N,,,,,,,,,,N,4,0,1,2,A,-,12,21453,A,N,H,-,B,A,H,-,A,A,0,Y,Y,,,Y,,L,04,0,0,1,0,1,0,0,0,0,"- ","- ",,,"SAN FRANCISCO","SAN FRANCISCO",-122.39556121826172,37.796642303466797
9723555,2024,2024-10-09,3801,2024-08-30,1630,4798,NORTH,5,5,7,3801,0,0,0,,0,3E00,"BRODERICK ST","POST ST",0.00,,Y,A,-,N,,,,,,,,,,N,4,0,1,2,A,-,03,22350,,F,C,G,A,A,H,-,A,A,0,,Y,,,Y,,M,94,0,0,1,0,0,0,1,0,0,"- ","- ",,,"SAN FRANCISCO","SAN FRANCISCO",-122.44135284423828,37.784088134765625
9723556,2024,2024-10-09,3801,2024-08-21,1649,2711,TENDE,3,5,7,3801,0,0,0,,0,3J13D,"LARKIN ST","MCALLISTER ST",0.00,,Y,A,-,N,,,,,,,,,,Y,4,0,1,2,A,-,07,21658,A,N,F,C,A,A,H,-,A,A,0,,,,,Y,,A,01,0,0,1,0,0,0,0,0,0,"- ","- ",,,"SAN FRANCISCO","SAN FRANCISCO",-122.41693878173828,37.780498504638672
9723721,2024,2024-10-14,3801,2024-05-07,"735 ",2397,BAYVI,2,5,7,3801,0,0,0,,0,3C13A,"EVANS AV","NEWHALL ST",0.00,,Y,A,-,N,,,,,,,,,,Y,4,0,2,2,A,-,12,22450,A,N,D,C,A,A,H,-,A,A,0,,,,,Y,,A,01,0,0,2,0,0,0,0,0,0,"- ","- ",,,"SAN FRANCISCO","SAN FRANCISCO",-122.38661956787109,37.741886138916016
9728673,2024,2025-04-10,3801,2024-07-17,1536,1226,SOUTH,3,5,7,3801,0,0,0,,0,1500,"MISSION ST","STEUART ST",0.00,,Y,A,-,N,,,,,,,,,,N,4,0,1,2,A,-,10,21950,A,N,D,J,A,A,H,-,A,A,0,,,,,Y,,I,09,0,0,1,0,0,0,0,0,0,"- ","- ",,,"SAN FRANCISCO","SAN FRANCISCO",-122.3931884765625,37.793251037597656
9728674,2024,2024-09-09,3801,2024-07-16,"822 ",4305,NORTH,2,5,7,3801,0,0,0,,0,3CAR,"VAN NESS AV","EDDY ST",0.00,,Y,A,-,N,,,,,,,,,,Y,3,0,6,2,A,-,03,22350,,N,C,C,A,A,H,-,A,A,0,,,,,Y,,D,22,0,1,5,0,0,0,0,0,0,"- ","- ",,,"SAN FRANCISCO","SAN FRANCISCO",-122.42076110839844,37.782890319824219