CASE_ID,ACCIDENT_YEAR,PROC_DATE,JURIS,COLLISION_DATE,COLLISION_TIME,OFFICER_ID,REPORTING_DISTRICT,DAY_OF_WEEK,CHP_SHIFT,POPULATION,CNTY_CITY_LOC,SPECIAL_COND,BEAT_TYPE,CHP_BEAT_TYPE,CITY_DIVISION_LAPD,CHP_BEAT_CLASS,BEAT_NUMBER,PRIMARY_RD,SECONDARY_RD,DISTANCE,DIRECTION,INTERSECTION,WEATHER_1,WEATHER_2,STATE_HWY_IND,CALTRANS_COUNTY,CALTRANS_DISTRICT,STATE_ROUTE,ROUTE_SUFFIX,POSTMILE_PREFIX,POSTMILE,LOCATION_TYPE,RAMP_INTERSECTION,SIDE_OF_HWY,TOW_AWAY,COLLISION_SEVERITY,NUMBER_KILLED,NUMBER_INJURED,PARTY_COUNT,PRIMARY_COLL_FACTOR,PCF_CODE_OF_VIOL,PCF_VIOL_CATEGORY,PCF_VIOLATION,PCF_VIOL_SUBSECTION,HIT_AND_RUN,TYPE_OF_COLLISION,MVIW,PED_ACTION,ROAD_SURFACE,ROAD_COND_1,ROAD_COND_2,LIGHTING,CONTROL_DEVICE,CHP_ROAD_TYPE,PEDESTRIAN_ACCIDENT,BICYCLE_ACCIDENT,MOTORCYCLE_ACCIDENT,TRUCK_ACCIDENT,NOT_PRIVATE_PROPERTY,ALCOHOL_INVOLVED,STWD_VEHTYPE_AT_FAULT,CHP_VEHTYPE_AT_FAULT,COUNT_SEVERE_INJ,COUNT_VISIBLE_INJ,COUNT_COMPLAINT_PAIN,COUNT_PED_KILLED,COUNT_PED_INJURED,COUNT_BICYCLIST_KILLED,COUNT_BICYCLIST_INJURED,COUNT_MC_KILLED,COUNT_MC_INJURED,PRIMARY_RAMP,SECONDARY_RAMP,LATITUDE,LONGITUDE,COUNTY,CITY,POINT_X,POINT_Y
9728676,2024,2024-09-09,3801,2024-07-14,1330,1920,BAYVI,7,5,7,3801,0,0,0,,0,,"25TH ST","ILLINOIS ST",0.00,,Y,A,-,N,,,,,,,,,,N,4,0,1,2,A,-,08,22107,,N,B,G,A,A,H,-,A,A,0,,Y,,Y,Y,Y,F,26,0,0,1,0,0,0,1,0,0,"- ","- ",,,"SAN FRANCISCO","SAN FRANCISCO",-122.38686370849609,37.752902984619141
9728680,2024,2024-09-04,3801,2024-06-30,1550,2231,SOUTH,7,5,7,3801,0,0,0,,0,3B12D,"3RD ST","TOWNSEND ST",0.00,,Y,A,-,N,,,,,,,,,,Y,4,0,1,2,A,-,04,21703,,N,C,C,A,A,H,-,A,A,0,,,,Y,Y,,F,26,0,0,1,0,0,0,0,0,0,"- ","- ",,,"SAN FRANCISCO","SAN FRANCISCO",-122.39275360107422,37.778858184814453
9728681,2024,2024-09-12,3801,2024-07-19,1520,2417,BAYVI,5,5,7,3801,0,0,0,,0,3C12D,"491 BAYSHORE BLVD","BAYSHORE BL 491",0.00,,N,A,-,N,,,,,,,,,,N,4,0,1,2,A,-,04,21703,,N,C,C,A,A,H,-,A,A,0,,,,,Y,,I,20,0,0,1,0,0,0,0,0,0,"- ","- ",,,"SAN FRANCISCO","SAN FRANCISCO",-122.40431213378906,37.745937347412109
9728683,2024,2024-09-09,3801,2024-07-18,1502,1806,SOUTH,4,5,7,3801,0,0,0,,0,3B11D,"3RD ST","BRYANT ST",0.00,,Y,A,-,N,,,,,,,,,,N,4,0,1,2,A,-,06,21750,A,N,B,C,A,A,H,-,A,A,0,,,,Y,Y,,A,08,0,0,1,0,0,0,0,0,0,"- ","- ",37.78131103515625,-122.39573669433594,"SAN FRANCISCO","SAN FRANCISCO",-122.39585113525391,37.781307220458984
9728686,2024,2024-09-04,3801,2024-06-28,1930,1454,NORTH,5,5,7,3801,0,0,0,,0,3E15D,"VAN NESS AV","SUTTER ST",0.00,,Y,A,-,N,,,,,,,,,,N,4,0,1,2,A,-,08,22100,B,N,H,A,A,A,H,-,A,A,0,,,,,Y,Y,-,,0,0,1,0,0,0,0,0,0,"- ","- ",,,"SAN FRANCISCO","SAN FRANCISCO",-122.42173767089844,37.787551879882812
9728839,2024,2024-08-30,3801,2024-07-09,2054,4124,INGLE,2,5,7,3801,0,0,0,,0,3H11D,"PERSIA AV","ATHENS ST",154.00,E,N,A,-,N,,,,,,,,,,N,3,0,2,3,A,-,06,21751,,N,A,C,A,A,H,-,C,A,0,,,,,Y,,A,01,0,2,0,0,0,0,0,0,0,"- ","- ",,,"SAN FRANCISCO","SAN FRANCISCO",-122.42913818359375,37.719863891601562
9728868,2024,2024-08-30,3801,2024-07-18,"208 ",4040,CENTR,4,5,7,3801,0,0,0,,0,3A11E,"BUSH ST","HYDE ST",0.00,,Y,A,-,N,,,,,,,,,,Y,3,0,1,2,A,-,00,24153,A,F,D,C,A,A,H,-,C,A,0,,,Y,,Y,,-,,0,1,0,0,0,0,0,0,1,"- ","- ",,,"SAN FRANCISCO","SAN FRANCISCO",-122.41700744628906,37.789119720458984
9728869,2024,2024-08-30,3801,2024-07-18,"8   ",2374,SOUTH,4,5,7,3801,0,0,0,,0,002,"5TH ST","MISSION ST",0.00,,Y,A,-,N,,,,,,,,,,N,3,0,1,2,A,-,15,21235,A,F,D,C,A,A,H,-,C,A,0,,,,,Y,,M,94,0,1,0,0,0,0,0,0,0,"- ","- ",,,"SAN FRANCISCO","SAN FRANCISCO",-122.40648651123047,37.782737731933594
9728870,2024,2024-08-30,3801,2024-07-06,1428,1540,TARAV,6,5,7,3801,0,0,0,,0,311A,"SAGAMORE ST","CAPITOL AV",395.00,W,N,A,-,N,,,,,,,,,,Y,3,0,1,4,A,-,01,23153,A,N,C,B,E,A,H,-,A,D,0,Y,,,,Y,Y,A,07,0,1,0,0,1,0,0,0,0,"- ","- ",,,"SAN FRANCISCO","SAN FRANCISCO",-122.46038818359375,37.711357116699219
9728871,2024,2024-08-30,3801,2024-07-03,1840,2214,INGLE,3,5,7,3801,0,0,0,,0,3H15D,"GENEVA AV","PARIS ST",0.00,,Y,A,-,N,,,,,,,,,,N,4,0,2,3,A,-,08,22107,,F,B,C,A,A,H,-,A,A,0,,,,,Y,,A,01,0,0,2,0,0,0,0,0,0,"- ","- ",,,"SAN FRANCISCO","SAN FRANCISCO",-122.43943023681641,37.715679168701172
9728872,2024,2024-08-30,3801,2024-07-10,1304,1989,TARAV,3,5,7,3801,0,0,0,,0,314A,"OCEAN AV","KEYSTONE WY",34.00,W,N,A,-,N,,,,,,,,,,N,3,0,1,2,A,-,08,22102,,N,D,C,A,A,H,-,A,A,0,,,Y,,Y,,A,01,0,1,0,0,0,0,0,0,1,"- ","- ",,,"SAN FRANCISCO","SAN FRANCISCO",-122.46295166015625,37.725532531738281
9728873,2024,2024-09-11,3801,2024-07-09,1040,1826,CENTR,2,5,7,3801,0,0,0,,0,001,"JONES ST","SUTTER ST",91.00,S,N,A,-,N,,,,,,,,,,N,2,0,1,2,A,-,08,22107,,N,B,G,A,A,H,-,A,D,0,,Y,,,Y,,A,01,1,0,0,0,0,0,1,0,0,"- ","- ",,,"SAN FRANCISCO","SAN FRANCISCO",-122.41346740722656,37.788352966308594
9728875,2024,2024-08-30,3801,2024-07-13,1230,364,SOUTH,6,5,7,3801,0,0,0,,0,3B00,"6TH ST","MISSION ST",0.00,,Y,A,-,N,,,,,,,,,,N,4,0,1,2,A,-,03,22350,,N,H,A,A,A,H,-,A,D,0,,,,,Y,,I,19,0,0,1,0,0,0,0,0,0,"- ","- ",,,"SAN FRANCISCO","SAN FRANCISCO",-122.40869140625,37.780982971191406
9728876,2024,2024-08-30,3801,2024-07-02,"852 ",1221,MISSI,2,5,7,3801,0,0,0,,0,,"MARKET ST","14TH ST",0.00,,Y,A,-,N,,,,,,,,,,N,4,0,1,2,A,-,10,21950,,N,D,B,B,A,H,-,A,A,0,Y,Y,,,Y,,L,04,0,0,1,0,1,0,0,0,0,"- ","- ",,,"SAN FRANCISCO","SAN FRANCISCO",-122.4288330078125,37.767707824707031
9728877,2024,2024-08-30,3801,2024-07-01,2208,4125,RICHM,1,5,7,3801,0,0,0,,0,3G12E,"GEARY BL","DIVISADERO ST",0.00,,Y,A,-,N,,,,,,,,,,N,2,0,1,2,A,-,11,21456,A,N,G,B,B,A,H,-,C,A,0,Y,,,,Y,,N,60,1,0,0,0,1,0,0,0,0,"- ","- ",,,"SAN FRANCISCO","SAN FRANCISCO",-122.43947601318359,37.783359527587891
9728878,2024,2024-08-30,3801,2024-07-01,"108 ",2140,MISSI,1,5,7,3801,0,0,0,,0,3D13E,"FOLSOM ST","23RD ST",0.00,,Y,A,-,N,,,,,,,,,,Y,2,0,2,2,A,-,12,21453,,F,A,C,A,A,H,-,C,A,0,,,,,Y,,A,01,1,0,1,0,0,0,0,0,0,"- ","- ",,,"SAN FRANCISCO","SAN FRANCISCO",-122.41425323486328,37.754119873046875
9728879,2024,2024-09-11,3801,2024-07-15,"48  ",1280,SOUTH,1,5,7,3801,0,0,0,,0,002,"HOWARD ST","3RD ST",0.00,,Y,A,-,N,,,,,,,,,,,3,0,1,2,A,-,03,22350,,F,G,B,B,A,H,-,C,A,0,Y,,,,Y,Y,A,01,0,1,0,0,1,0,0,0,0,"- ","- ",,,"SAN FRANCISCO","SAN FRANCISCO",-122.40049743652344,37.785007476806641
9728880,2024,2024-08-30,3801,2024-07-13,2008,1857,SOUTH,6,5,7,3801,0,0,0,,0,002,"4TH ST","HARRISON ST",0.00,,Y,A,-,N,,,,,,,,,,N,3,0,1,2,A,-,07,21658,A,N,B,C,A,A,H,-,B,A,0,,,Y,,Y,,C,02,0,1,0,0,0,0,0,0,1,"- ","- ",,,"SAN FRANCISCO","SAN FRANCISCO",-122.39962768554688,37.780776977539062
9728881,2024,2024-09-11,3801,2024-07-12,"956 ",3C12A,BAYVI,5,5,7,3801,0,0,0,,0,0C5,"BAY SHORE BL","LOIS LN",256.00,N,N,A,-,N,,,,,,,,,,N,4,0,2,2,A,-,04,21703,,N,C,-,A,A,H,-,A,A,0,,,,,Y,,A,01,0,0,2,0,0,0,0,0,0,"- ","- ",,,"SAN FRANCISCO","SAN FRANCISCO",-122.39926910400391,37.714454650878906
9728882,2024,2024-09-13,3801,2024-07-11,2045,1870,RICHM,4,5,7,3801,0,0,0,,0,0G3,"FULTON ST","FUNSTON AV",0.00,,Y,A,-,N,,,,,,,,,,Y,4,0,1,2,A,-,09,21801,A,N,D,C,A,A,H,-,C,D,0,,,,,Y,,A,01,0,0,1,0,0,0,0,0,0,"- ","- ",,,"SAN FRANCISCO","SAN FRANCISCO",-122.47123718261719,37.773151397705078
9728883,2024,2024-08-30,3801,2024-07-11,1832,2417,BAYVI,4,5,7,3801,0,0,0,,0,3C2D,"3RD ST","UNDERWOOD AV",0.00,,Y,A,-,N,,,,,,,,,,Y,3,0,2,4,A,-,08,22100,B,N,D,C,A,A,H,-,A,A,0,,,,,Y,,A,01,0,1,1,0,0,0,0,0,0,"- ","- ",,,"SAN FRANCISCO","SAN FRANCISCO",-122.39244842529297,37.730060577392578
9728884,2024,2024-08-30,3801,2024-07-11,1840,2722,CENTR,4,5,7,3801,0,0,0,,0,3A12D,"POST ST","TRADER VIC ALY",0.00,,Y,A,-,N,,,,,,,,,,Y,3,0,1,2,A,-,03,22350,A,N,C,C,A,A,H,-,A,A,0,,,Y,,Y,,C,02,0,1,0,0,0,0,0,0,1,"- ","- ",,,"SAN FRANCISCO","SAN FRANCISCO",-122.41233825683594,37.787796020507812
9728885,2024,2024-08-30,3801,2024-07-11,1721,1246,BAYVI,4,5,7,3801,0,0,0,,0,3C15D,"CARROLL AV","JENNINGS ST",0.00,,Y,A,-,N,,,,,,,,,,Y,2,0,2,2,A,-,12,22450,A,N,D,C,A,A,H,-,A,A,0,,,Y,,Y,,C,02,1,0,1,0,0,0,0,0,1,"- ","- ",,,"SAN FRANCISCO","SAN FRANCISCO",-122.39151000976562,37.723896026611328
9728886,2024,2024-08-30,3801,2024-07-10,2203,1622,NORTH,3,5,7,3801,0,0,0,,0,3E11E,"HAYES ST","WEBSTER ST",0.00,,Y,B,-,N,,,,,,,,,,N,2,0,1,2,A,-,11,21453,D,N,D,B,A,-,H,-,C,A,0,,,,,Y,,-,,1,0,0,0,0,0,0,0,0,"- ","- ",,,"SAN FRANCISCO","SAN FRANCISCO",-122.42953491210938,37.776042938232422
9728887,2024,2024-08-30,3801,2024-07-11,2004,4314,RICHM,4,5,7,3801,0,0,0,,0,0G4,"CALIFORNIA ST","25TH AV",0.00,E,N,B,-,N,,,,,,,,,,N,4,0,1,2,A,-,11,21456,A,N,G,B,B,A,H,-,A,A,0,Y,,,,Y,,N,60,0,0,1,0,1,0,0,0,0,"- ","- ",,,"SAN FRANCISCO","SAN FRANCISCO",-122.48500061035156,37.783882141113281
9728888,2024,2024-09-13,3801,2024-07-06,1648,1119,SOUTH,6,5,7,3801,0,0,0,,0,3B2,"HOWARD ST","MARY ST",0.00,,Y,A,-,N,,,,,,,,,,N,4,0,1,2,A,-,17,21657,,N,D,J,A,A,H,-,A,D,0,,,,,Y,,M,94,0,0,1,0,0,0,0,0,0,"- ","- ",,,"SAN FRANCISCO","SAN FRANCISCO",-122.40570831298828,37.780902862548828
9728889,2024,2024-08-30,3801,2024-07-16,"704 ",4333,NORTH,2,5,7,3801,0,0,0,,0,3E15A,"LOMBARD ST","GOUGH ST",100.00,W,N,A,-,N,,,,,,,,,,N,4,0,1,2,A,-,03,22350,,N,C,C,A,A,H,-,A,A,0,,,,,Y,,A,01,0,0,1,0,0,0,0,0,0,"- ","- ",,,"SAN FRANCISCO","SAN FRANCISCO",-122.42816162109375,37.800853729248047
9728890,2024,2024-08-30,3801,2024-07-18,2130,1688,BAYVI,4,5,7,3801,0,0,0,,0,3C15E,"THOMAS AV","LANE ST",0.00,,Y,A,-,N,,,,,,,,,,N,4,0,1,2,A,-,21,22106,,F,C,C,A,A,H,-,C,D,0,,,,,Y,,A,01,0,0,1,0,0,0,0,0,0,"- ","- ",,,"SAN FRANCISCO","SAN FRANCISCO",-122.39128875732422,37.730430603027344
9728891,2024,2024-09-13,3801,2024-07-18,2201,1068,TENDE,4,5,7,3801,0,0,0,,0,3J14E,"HYDE ST","FULTON ST",0.00,,Y,A,-,N,,,,,,,,,,N,4,0,1,2,A,-,11,21456,A,N,G,B,B,A,H,-,C,D,0,Y,,,,Y,,-,"- ",0,0,1,0,1,0,0,0,0,"- ","- ",,,"SAN FRANCISCO","SAN FRANCISCO",-122.41513061523438,37.779811859130859
9728892,2024,2024-08-30,3801,2024-07-18,2004,2722,CENTR,4,5,7,3801,0,0,0,,0,3A5D,"FILBERT ST","TAYLOR ST",132.00,W,N,A,-,N,,,,,,,,,,N,4,0,1,2,A,-,03,22350,,N,D,C,A,A,H,-,A,D,0,,,Y,,Y,,C,02,0,0,1,0,0,0,0,0,1,"- ","- ",,,"SAN FRANCISCO","SAN FRANCISCO",-122.41476440429688,37.800704956054688
9728893,2024,2024-09-11,3801,2024-07-18,1948,1452,MISSI,4,5,7,3801,0,0,0,,0,3D11D,"19TH ST","POTRERO AV",5.00,W,N,A,-,N,,,,,,,,,,Y,4,0,1,2,A,-,03,22350,A,N,D,C,A,A,H,-,A,A,0,,,,,Y,,A,01,0,0,1,0,0,0,0,0,0,"- ","- ",,,"SAN FRANCISCO","SAN FRANCISCO",-122.4071044921875,37.760669708251953
9728894,2024,2024-09-13,3801,2024-07-10,2207,2445,MISSI,3,5,7,3801,0,0,0,,0,3D11E,"DOLORES ST","15TH ST",0.00,,Y,A,-,N,,,,,,,,,,N,4,0,1,2,A,-,12,21453,A,F,D,C,A,A,H,-,C,A,0,,,,,Y,,-,"- ",0,0,1,0,0,0,0,0,0,"- ","- ",,,"SAN FRANCISCO","SAN FRANCISCO",-122.42659759521484,37.766258239746094
9728895,2024,2024-08-30,3801,2024-07-05,1810,1046,TENDE,5,5,7,3801,0,0,0,,0,3J14D,"LARKIN ST","EDDY ST",0.00,,Y,A,-,N,,,,,,,,,,N,4,0,1,2,A,-,10,21950,A,N,G,B,B,A,H,-,A,-,0,Y,,,,Y,,A,01,0,0,1,0,1,0,0,0,0,"- ","- ",,,"SAN FRANCISCO","SAN FRANCISCO",-122.41751861572266,37.783294677734375
9728896,2024,2024-09-13,3801,2024-07-10,1415,2196,MISSI,3,5,7,3801,0,0,0,,0,3D5C,"MISSION ST","SYCAMORE ST",44.00,N,N,A,-,N,,,,,,,,,,N,3,0,1,2,A,-,11,21954,A,N,D,B,D,A,H,-,A,D,0,Y,,,,Y,,N,60,0,1,0,0,1,0,0,0,0,"- ","- ",,,"SAN FRANCISCO","SAN FRANCISCO",-122.41946411132812,37.762840270996094
9728897,2024,2024-09-11,3801,2024-07-08,2244,364,SOUTH,1,5,7,3801,0,0,0,,0,3B00,"5TH ST","BRYANT ST",0.00,,Y,A,-,N,,,,,,,,,,N,4,0,1,2,A,-,03,22350,,F,C,C,A,A,H,-,C,A,0,,,,,Y,,A,01,0,0,1,0,0,0,0,0,0,"- ","- ",,,"SAN FRANCISCO","SAN FRANCISCO",-122.40029144287109,37.777797698974609
9728898,2024,2024-10-09,3801,2024-07-08,2109,2391,NORTH,1,5,7,3801,0,0,0,,0,3E12E,"LOMBARD ST","FRANKLIN ST",0.00,,Y,A,-,Y,SF,4,101,-,-,6.806,I,5,S,Y,3,0,3,2,A,-,08,22101,D,N,D,C,A,A,H,-,C,A,0,,,,,Y,,A,01,0,2,1,0,0,0,0,0,0,"- ","- ",,,"SAN FRANCISCO","SAN FRANCISCO",-122.42620086669922,37.801074981689453
9728899,2024,2024-08-30,3801,2024-07-10,1830,4187,NORTH,3,5,7,3801,0,0,0,,0,3E61,"HAYES ST","FRANKLIN ST",188.00,W,N,A,-,N,,,,,,,,,,N,4,0,1,2,D,-,00,,,N,G,B,D,A,H,-,A,D,0,Y,,,,Y,,-,"- ",0,0,1,0,1,0,0,0,0,"- ","- ",,,"SAN FRANCISCO","SAN FRANCISCO",-122.42198181152344,37.777000427246094
9728900,2024,2024-09-11,3801,2024-07-09,1704,364,SOUTH,2,5,7,3801,0,0,0,,0,3B00,"TOWNSEND ST","CLARENCE PL",0.00,,Y,A,-,N,,,,,,,,,,N,4,0,1,2,A,-,"- ",,,F,C,G,A,A,H,-,B,A,0,,Y,,,Y,,A,01,0,0,1,0,0,0,1,0,0,"- ","- ",,,"SAN FRANCISCO","SAN FRANCISCO",-122.39221954345703,37.779289245605469
9728901,2024,2024-08-30,3801,2024-07-10,1450,2147,NORTH,3,5,7,3801,0,0,0,,0,2CAR,"WEBSTER ST","OFARRELL ST",7.00,S,N,A,-,N,,,,,,,,,,N,3,0,1,2,A,-,12,21453,A,N,D,C,A,A,H,-,A,A,0,,,,,Y,,M,94,0,1,0,0,0,0,0,0,0,"- ","- ",,,"SAN FRANCISCO","SAN FRANCISCO",-122.43104553222656,37.783481597900391
9728902,2024,2024-09-05,3801,2024-07-16,1835,1226,SOUTH,2,5,7,3801,0,0,0,,0,1500,"MARKET ST","VALENCIA ST",0.00,,Y,A,-,N,,,,,,,,,,N,3,0,1,2,A,-,08,22101,D,N,B,G,A,A,H,-,A,A,0,,Y,,,Y,,A,01,0,1,0,0,0,0,1,0,0,"- ","- ",,,"SAN FRANCISCO","SAN FRANCISCO",-122.42262268066406,37.772548675537109
9728903,2024,2024-08-30,3801,2024-07-16,"915 ",1944,INGLE,2,5,7,3801,0,0,0,,0,006,"BAYSHORE BL","ARLETA AV",100.00,S,N,B,-,N,,,,,,,,,,N,4,0,1,2,A,-,04,21703,,N,C,C,A,A,H,-,A,D,0,,,,,Y,,A,01,0,0,1,0,0,0,0,0,0,"- ","- ",,,"SAN FRANCISCO","SAN FRANCISCO",-122.40291595458984,37.712139129638672
9728904,2024,2024-08-30,3801,2024-07-16,"750 ",156,BAYVI,2,5,7,3801,0,0,0,,0,3C4A,"SAN BRUNO AV","WAYLAND ST",0.00,,Y,A,-,N,,,,,,,,,,N,4,0,1,2,A,-,09,21804,A,N,D,G,A,A,H,-,A,D,0,,Y,,,Y,,A,01,0,0,1,0,0,0,1,0,0,"- ","- ",,,"SAN FRANCISCO","SAN FRANCISCO",-122.40312194824219,37.726444244384766
9728905,2024,2024-08-30,3801,2024-07-16,"736 ",1297,PARK,2,5,7,3801,0,0,0,,0,3F1A,"NANCY PELOSI DR","BOWLING GREEN DR",0.00,,Y,A,-,N,,,,,,,,,,N,2,0,1,2,A,-,04,21703,,N,C,G,A,A,H,-,A,D,0,,Y,,,Y,,L,04,1,0,0,0,0,0,1,0,0,"- ","- ",,,"SAN FRANCISCO","SAN FRANCISCO",-122.46029663085938,37.770381927490234
9728906,2024,2024-08-30,3801,2024-07-15,2156,2237,TARAV,1,5,7,3801,0,0,0,,0,3I16E,"EUCALYPTUS DR","19TH AV",0.00,,Y,A,-,N,,,,,,,,,,N,4,0,1,2,D,-,00,,,N,G,B,B,A,H,-,C,A,0,Y,,,,Y,,-,"- ",0,0,1,0,1,0,0,0,0,"- ","- ",,,"SAN FRANCISCO","SAN FRANCISCO",-122.47486877441406,37.7310791015625
9728907,2024,2024-10-10,3801,2024-07-15,"920 ",2241,INGLE,1,5,7,3801,0,0,0,,0,3H12D,"17TH ST","VERMONT ST",0.00,,Y,A,-,N,,,,,,,,,,N,4,0,2,2,A,-,03,22350,,F,C,G,A,A,D,-,A,D,0,,Y,,,Y,,L,04,0,0,2,0,0,0,2,0,0,"- ","- ",,,"SAN FRANCISCO","SAN FRANCISCO",-122.40448760986328,37.764682769775391
9728908,2024,2024-08-30,3801,2024-07-14,1335,993,SOUTH,7,5,7,3801,0,0,0,,0,2CAR,"4TH ST","HARRISON ST",0.00,,Y,A,-,N,,,,,,,,,,,3,0,3,2,A,-,08,22107,,N,B,-,A,A,H,-,A,A,0,,,Y,,Y,,C,02,0,1,2,0,0,0,0,0,2,"- ","- ",,,"SAN FRANCISCO","SAN FRANCISCO",-122.39962768554688,37.780776977539062
9728909,2024,2024-09-11,3801,2024-07-14,"139 ",1182,INGLE,7,5,7,3801,0,0,0,,0,3H13E,"ALEMANY BL","SAN JUAN AV",136.00,S,N,A,-,N,,,,,,,,,,Y,4,0,2,3,A,-,07,21658,A,N,F,E,A,A,H,-,C,D,0,,,,,Y,Y,A,01,0,0,2,0,0,0,0,0,0,"- ","- ",,,"SAN FRANCISCO","SAN FRANCISCO",-122.43724822998047,37.7244873046875
9728910,2024,2024-08-30,3801,2024-07-13,1400,324,TENDE,6,5,7,3801,0,0,0,,0,3J16A,"MARKET ST","JONES ST",0.00,,Y,A,-,N,,,,,,,,,,N,4,0,1,2,D,-,00,,,N,H,B,B,A,C,-,A,A,0,Y,Y,,,Y,,-,"- ",0,0,1,0,1,0,0,0,0,"- ","- ",,,"SAN FRANCISCO","SAN FRANCISCO",-122.41197967529297,37.780910491943359
9728914,2024,2024-08-30,3801,2024-07-15,1513,4310,PARK,1,5,7,3801,0,0,0,,0,3F60,"ROOSEVELET WY","MUSEUM WY",30.00,N,N,A,-,N,,,,,,,,,,N,3,0,1,2,A,-,04,21703,,N,C,C,A,A,H,-,A,D,0,,,Y,,Y,,A,01,0,1,0,0,0,0,0,0,1,"- ","- ",,,"SAN FRANCISCO","SAN FRANCISCO",-122.44122314453125,37.765323638916016
9728915,2024,2024-08-30,3801,2024-07-14,1910,1544,CENTR,7,5,7,3801,0,0,0,,0,3A14D,COLUMBUS,"JACKSON ST",75.00,S,N,A,-,N,,,,,,,,,,N,3,0,1,2,A,-,03,22350,A,N,C,G,A,A,H,-,A,D,0,,Y,,,Y,,L,04,0,1,0,0,0,0,1,0,0,"- ","- ",,,"SAN FRANCISCO","SAN FRANCISCO",-122.40419006347656,37.796157836914062
9728916,2024,2024-08-30,3801,2024-07-13,2335,2420,NORTH,6,5,7,3801,0,0,0,,0,3E13E,"FILLMORE ST","OAK ST",0.00,,Y,A,-,N,,,,,,,,,,N,4,0,1,2,A,-,10,21950,A,N,G,B,B,A,H,-,C,A,0,Y,,,,Y,,A,01,0,0,1,0,1,0,0,0,0,"- ","- ",,,"SAN FRANCISCO","SAN FRANCISCO",-122.43080902099609,37.773971557617188
9728917,2024,2024-08-30,3801,2024-07-13,1859,1920,BAYVI,6,5,7,3801,0,0,0,,0,3C11D,"INDIANA ST","22ND ST",105.00,N,N,A,-,N,,,,,,,,,,Y,4,0,1,2,A,-,09,21804,A,N,D,C,A,A,H,-,A,D,0,,,,,Y,,A,01,0,0,1,0,0,0,0,0,0,"- ","- ",,,"SAN FRANCISCO","SAN FRANCISCO",-122.39121246337891,37.758056640625
9728918,2024,2024-09-13,3801,2024-07-13,1457,402,NORTH,6,5,7,3801,0,0,0,,0,3E11A,"PAGE ST","LAGUNA ST",0.00,,Y,A,-,N,,,,,,,,,,N,3,0,1,1,A,-,03,22350,,N,H,-,A,A,H,-,A,D,0,,Y,,,Y,,-,"- ",0,1,0,0,0,0,1,0,0,"- ","- ",,,"SAN FRANCISCO","SAN FRANCISCO",-122.42569732666016,37.773658752441406
9728919,2024,2024-09-10,3801,2024-07-13,1430,1304,NORTH,6,5,7,3801,0,0,0,,0,3E12A,"LAGUNA ST","MCALLISTER ST",0.00,,Y,A,-,N,,,,,,,,,,N,3,0,1,2,A,-,03,22350,,N,C,G,A,A,H,-,A,A,0,,Y,,,Y,,L,04,0,1,0,0,0,0,1,0,0,"- ","- ",,,"SAN FRANCISCO","SAN FRANCISCO",-122.42681884765625,37.779262542724609
9728920,2024,2024-09-10,3801,2024-07-13,2135,2153,TARAV,6,5,7,3801,0,0,0,,0,315E,"19TH AV","BANBURY DR",0.00,,Y,A,-,N,,,,,,,,,,Y,4,0,1,3,A,-,01,23153,A,F,C,C,A,A,H,-,C,A,0,,,,,Y,Y,A,01,0,0,1,0,0,0,0,0,0,"- ","- ",,,"SAN FRANCISCO","SAN FRANCISCO",-122.47471618652344,37.719593048095703
9728921,2024,2024-08-30,3801,2024-07-19,2157,2140,MISSI,5,5,7,3801,0,0,0,,0,3D15E,"17TH ST","SANCHEZ ST",100.00,W,N,A,-,N,,,,,,,,,,N,2,0,1,1,C,-,18,,,N,E,I,A,A,G,-,C,D,0,,,Y,,Y,,-,"- ",1,0,0,0,0,0,0,0,1,"- ","- ",,,"SAN FRANCISCO","SAN FRANCISCO",-122.43106842041016,37.762737274169922
9728922,2024,2024-09-10,3801,2024-07-19,2115,1679,SOUTH,5,5,7,3801,0,0,0,,0,3B12E,"5TH ST","CLARA ST",0.00,,Y,A,-,N,,,,,,,,,,N,4,0,1,2,A,-,08,22107,,N,B,G,A,A,H,-,C,A,0,,Y,,,Y,,A,01,0,0,1,0,0,0,1,0,0,"- ","- ",,,"SAN FRANCISCO","SAN FRANCISCO",-122.40238189697266,37.779453277587891
9728923,2024,2024-08-30,3801,2024-07-19,"846 ",10,SOUTH,5,5,7,3801,0,0,0,,0,0B2,"4TH ST","HARRISON ST",0.00,,Y,A,-,N,,,,,,,,,,N,4,0,2,2,A,-,08,22107,,N,D,C,A,A,H,-,A,A,0,,,,,Y,,A,01,0,0,2,0,0,0,0,0,0,"- ","- ",,,"SAN FRANCISCO","SAN FRANCISCO",-122.39962768554688,37.780776977539062
9728924,2024,2024-09-03,3801,2024-06-28,1500,200,TENDE,5,5,7,3801,0,0,0,,0,3J11D,"7TH ST","MARKET ST",0.00,,Y,A,-,N,,,,,,,,,,N,2,0,1,2,A,-,03,22350,,F,-,B,E,A,H,-,A,A,0,Y,,,,Y,,-,,1,0,0,0,1,0,0,0,0,"- ","- ",,,"SAN FRANCISCO","SAN FRANCISCO",-122.41251373291016,37.780479431152344
9728925,2024,2024-09-03,3801,2024-06-28,1652,1355,TARAV,5,5,7,3801,0,0,0,,0,311D,"JOHN MUIR DR","SKYLINE BL",1400.00,S,N,A,-,N,,,,,,,,,,N,4,0,1,2,A,-,05,21651,A,F,D,C,A,A,H,-,-,D,0,,,,,Y,,A,01,0,0,1,0,0,0,0,0,0,"- ","- ",,,"SAN FRANCISCO","SAN FRANCISCO",-122.49667358398438,37.716533660888672
9728926,2024,2024-09-03,3801,2024-06-07,1503,1355,TARAV,5,5,7,3801,0,0,0,,0,3115D,"SAN JOSE AV","DE LONG ST",0.00,,Y,A,-,N,,,,,,,,,,Y,4,0,2,2,A,-,03,22350,,N,D,C,A,A,H,-,A,D,0,,,,,Y,,A,01,0,0,2,0,0,0,0,0,0,"- ","- ",,,"SAN FRANCISCO","SAN FRANCISCO",-122.45767974853516,37.70953369140625