CASE_ID,ACCIDENT_YEAR,PROC_DATE,JURIS,COLLISION_DATE,COLLISION_TIME,OFFICER_ID,REPORTING_DISTRICT,DAY_OF_WEEK,CHP_SHIFT,POPULATION,CNTY_CITY_LOC,SPECIAL_COND,BEAT_TYPE,CHP_BEAT_TYPE,CITY_DIVISION_LAPD,CHP_BEAT_CLASS,BEAT_NUMBER,PRIMARY_RD,SECONDARY_RD,DISTANCE,DIRECTION,INTERSECTION,WEATHER_1,WEATHER_2,STATE_HWY_IND,CALTRANS_COUNTY,CALTRANS_DISTRICT,STATE_ROUTE,ROUTE_SUFFIX,POSTMILE_PREFIX,POSTMILE,LOCATION_TYPE,RAMP_INTERSECTION,SIDE_OF_HWY,TOW_AWAY,COLLISION_SEVERITY,NUMBER_KILLED,NUMBER_INJURED,PARTY_COUNT,PRIMARY_COLL_FACTOR,PCF_CODE_OF_VIOL,PCF_VIOL_CATEGORY,PCF_VIOLATION,PCF_VIOL_SUBSECTION,HIT_AND_RUN,TYPE_OF_COLLISION,MVIW,PED_ACTION,ROAD_SURFACE,ROAD_COND_1,ROAD_COND_2,LIGHTING,CONTROL_DEVICE,CHP_ROAD_TYPE,PEDESTRIAN_ACCIDENT,BICYCLE_ACCIDENT,MOTORCYCLE_ACCIDENT,TRUCK_ACCIDENT,NOT_PRIVATE_PROPERTY,ALCOHOL_INVOLVED,STWD_VEHTYPE_AT_FAULT,CHP_VEHTYPE_AT_FAULT,COUNT_SEVERE_INJ,COUNT_VISIBLE_INJ,COUNT_COMPLAINT_PAIN,COUNT_PED_KILLED,COUNT_PED_INJURED,COUNT_BICYCLIST_KILLED,COUNT_BICYCLIST_INJURED,COUNT_MC_KILLED,COUNT_MC_INJURED,PRIMARY_RAMP,SECONDARY_RAMP,LATITUDE,LONGITUDE,COUNTY,CITY,POINT_X,POINT_Y
9728927,2024,2024-09-12,3801,2024-06-27,1820,2401,MISSS,4,5,7,3801,0,0,0,,0,3D4D,"POTRERO AV","24TH ST",15.00,S,N,A,-,N,,,,,,,,,,N,4,0,3,3,A,-,04,21703,,N,C,C,A,A,H,-,A,A,0,,,,,Y,,A,01,0,0,3,0,0,0,0,0,0,"- ","- ",,,"SAN FRANCISCO","SAN FRANCISCO",-122.40631866455078,37.752948760986328
9728928,2024,2024-09-03,3801,2024-06-27,"745 ",1964,MISSI,4,5,7,3801,0,0,0,,0,,"16TH ST","CAPP ST",0.00,,Y,A,-,N,,,,,,,,,,N,4,0,1,2,A,-,08,22107,,F,H,J,A,A,H,-,A,A,0,,,,,Y,Y,A,01,0,0,1,0,0,0,0,0,0,"- ","- ",,,"SAN FRANCISCO","SAN FRANCISCO",-122.418701171875,37.765098571777344
9728930,2024,2024-09-03,3801,2024-06-28,"315 ",414,SOUTH,5,5,7,3801,0,0,0,,0,3B16E,"MACALLA RD","BRISTOL CT",298.00,S,N,A,-,N,,,,,,,,,,Y,4,0,1,2,A,-,03,22350,,N,C,C,A,A,H,-,C,D,0,,,,,Y,,A,01,0,0,1,0,0,0,0,0,0,"- ","- ",,,"SAN FRANCISCO","SAN FRANCISCO",,
9728931,2024,2024-09-10,3801,2024-06-26,1825,364,SOUTH,3,5,7,3801,0,0,0,,0,3B00,"MISSION ST","S VAN NESS ST",0.00,,Y,A,-,N,,,,,,,,,,N,4,0,1,2,A,-,"- ",,,N,D,G,A,A,H,-,A,A,0,,Y,,,Y,,A,07,0,0,1,0,0,0,1,0,0,"- ","- ",,,"SAN FRANCISCO","SAN FRANCISCO",-122.41863250732422,37.773109436035156
9728932,2024,2024-09-03,3801,2024-06-17,1135,1242,CENTR,1,5,7,3801,0,0,0,,0,3A5A,"BUSH ST","HYDE ST",0.00,,Y,A,-,N,,,,,,,,,,N,4,0,1,2,A,-,04,21703,,N,C,C,A,A,H,-,A,A,0,,,,,Y,,A,01,0,0,1,0,0,0,0,0,0,"- ","- ",,,"SAN FRANCISCO","SAN FRANCISCO",-122.41700744628906,37.789119720458984
9728933,2024,2024-08-30,3801,2024-06-30,1900,1452,MISSI,7,5,7,3801,0,0,0,,0,3D15D,"MISSION ST","26TH ST",0.00,,Y,A,-,N,,,,,,,,,,N,4,0,1,2,A,-,08,22107,,F,B,C,A,A,H,-,B,A,0,,,Y,,Y,,A,01,0,0,1,0,0,0,0,0,1,"- ","- ",,,"SAN FRANCISCO","SAN FRANCISCO",-122.41813659667969,37.749061584472656
9728934,2024,2024-09-06,3801,2024-06-30,1220,1964,MISSI,7,5,7,3801,0,0,0,,0,,"22ND ST","MISSION ST",48.00,N,N,A,-,N,,,,,,,,,,N,3,0,1,2,A,-,11,21955,,N,H,B,E,A,H,-,A,A,0,Y,,,,Y,,N,60,0,1,0,0,1,0,0,0,0,"- ","- ",,,"SAN FRANCISCO","SAN FRANCISCO",-122.41857147216797,37.755462646484375
9728935,2024,2024-08-30,3801,2024-06-28,1057,1316,RICHM,5,5,7,3801,0,0,0,,0,3G12D,"LOMBARD ST","WEBSTER ST",5.00,E,N,A,-,N,,,,,,,,,,N,4,0,1,2,A,-,10,21950,A,F,G,B,B,A,H,-,A,A,0,Y,,,,Y,,A,01,0,0,1,0,1,0,0,0,0,"- ","- ",,,"SAN FRANCISCO","SAN FRANCISCO",-122.43437194824219,37.800060272216797
9728936,2024,2024-08-30,3801,2024-06-30,1818,2407,MISSI,7,5,7,3801,0,0,0,,0,3D14D,"24TH ST","FLORIDA ST",0.00,,Y,A,-,N,,,,,,,,,,N,4,0,1,2,A,-,06,21755,A,F,C,B,B,A,H,-,A,A,0,Y,,Y,,Y,Y,C,02,0,0,1,0,1,0,0,0,0,"- ","- ",,,"SAN FRANCISCO","SAN FRANCISCO",-122.41004180908203,37.752758026123047
9728937,2024,2024-09-06,3801,2024-06-26,1629,2722,CENTR,3,5,7,3801,0,0,0,,0,3A2D,"CALIFORNIA ST","SPRING ST",73.00,E,N,A,-,N,,,,,,,,,,N,4,0,1,2,A,-,08,22107,,N,B,C,A,A,H,-,A,A,0,,,,,Y,,A,08,0,0,1,0,0,0,0,0,0,"- ","- ",,,"SAN FRANCISCO","SAN FRANCISCO",-122.40354919433594,37.792793273925781
9728938,2024,2024-08-30,3801,2024-06-30,2205,1602,BAYVI,7,5,7,3801,0,0,0,,0,3C13E,"3RD ST","FAIRFAX AV",0.00,,Y,A,-,N,,,,,,,,,,N,4,0,3,2,A,-,12,21453,A,F,D,C,A,A,H,-,C,A,0,,,,,Y,,A,01,0,0,3,0,0,0,0,0,0,"- ","- ",,,"SAN FRANCISCO","SAN FRANCISCO",-122.38829040527344,37.741966247558594
9728939,2024,2024-09-10,3801,2024-06-30,1822,4187,NORTH,7,5,7,3801,0,0,0,,0,3E11D,"HAYES ST","STEINER ST",189.00,E,N,A,-,N,,,,,,,,,,Y,4,0,1,2,A,-,03,22350,,N,C,C,A,A,H,-,A,D,0,,,,,Y,,A,01,0,0,1,0,0,0,0,0,0,"- ","- ",,,"SAN FRANCISCO","SAN FRANCISCO",-122.43218231201172,37.77569580078125
9728940,2024,2024-08-30,3801,2024-06-30,1811,2407,MISSI,7,5,7,3801,0,0,0,,0,3D14D,"24TH ST","BARTLETT ST",0.00,,Y,A,-,N,,,,,,,,,,Y,2,0,1,2,A,-,00,23103,A,N,A,C,A,A,H,-,A,A,0,,,Y,,Y,,C,02,1,0,0,0,0,0,0,0,1,"- ","- ",,,"SAN FRANCISCO","SAN FRANCISCO",-122.41954803466797,37.752182006835938
9728941,2024,2024-08-30,3801,2024-06-30,1530,986,TARAV,7,5,7,3801,0,0,0,,0,3115D,"JOHN MUIR DR","SKYLINE BL",465.00,E,N,A,-,N,,,,,,,,,,N,3,0,1,2,D,-,00,,,N,B,G,A,A,H,-,A,D,0,,Y,,,Y,,-,"- ",0,1,0,0,0,0,1,0,0,"- ","- ",,,"SAN FRANCISCO","SAN FRANCISCO",-122.499267578125,37.71795654296875
9728942,2024,2024-08-30,3801,2024-06-30,1430,2477,PARK,7,5,7,3801,0,0,0,,0,3F1C,"17TH ST","CLAYTON ST",0.00,,Y,A,-,N,,,,,,,,,,N,3,0,2,3,C,-,18,,,N,G,-,B,A,H,-,A,A,0,Y,,,,Y,,-,"- ",0,2,0,0,2,0,0,0,0,"- ","- ",,,"SAN FRANCISCO","SAN FRANCISCO",-122.44676971435547,37.761775970458984
9728943,2024,2024-08-30,3801,2024-06-29,1920,2420,NORTH,6,5,7,3801,0,0,0,,0,3E15D,"VAN NESS AV","ELLIS ST",0.00,,Y,A,-,N,,,,,,,,,,N,3,0,1,2,A,-,08,22107,,N,D,C,A,A,H,-,A,A,0,,,,,Y,,A,01,0,1,0,0,0,0,0,0,0,"- ","- ",,,"SAN FRANCISCO","SAN FRANCISCO",-122.42095184326172,37.783828735351562
9728944,2024,2024-08-30,3801,2024-06-28,1925,1452,MISSI,5,5,7,3801,0,0,0,,0,3D15D,"VALENCIA ST","SYCAMORE ST",0.00,,Y,A,-,N,,,,,,,,,,N,3,0,1,2,A,-,08,22101,D,N,D,G,A,A,H,-,B,D,0,,Y,,,Y,,A,01,0,1,0,0,0,0,1,0,0,"- ","- ",,,"SAN FRANCISCO","SAN FRANCISCO",-122.42164611816406,37.762550354003906
9728946,2024,2024-08-30,3801,2024-06-28,2206,1406,CENTR,5,5,7,3801,0,0,0,,0,3A4,"FRONT ST","JACKSON ST",12.00,N,N,A,-,N,,,,,,,,,,Y,4,0,2,3,A,-,10,21950,A,N,G,B,B,A,H,-,C,A,0,Y,,,,Y,,A,01,0,0,2,0,2,0,0,0,0,"- ","- ",,,"SAN FRANCISCO","SAN FRANCISCO",-122.39948272705078,37.796974182128906
9728947,2024,2024-08-30,3801,2024-06-28,1756,1857,SOUTH,5,5,7,3801,0,0,0,,0,001,"2ND ST","HARRISON ST",151.00,S,N,A,-,N,,,,,,,,,,N,4,0,1,2,A,-,08,22107,,N,B,C,A,A,H,-,A,D,0,,,,,Y,,A,01,0,0,1,0,0,0,0,0,0,"- ","- ",,,"SAN FRANCISCO","SAN FRANCISCO",-122.39482116699219,37.784030914306641
9728948,2024,2024-08-30,3801,2024-06-28,1830,2192,BAYVI,5,5,7,3801,0,0,0,,0,3C12D,"3RD ST","EVANS AVE",0.00,,Y,A,-,N,,,,,,,,,,Y,4,0,1,2,A,-,04,21703,,N,C,C,A,A,H,-,A,A,0,,,,,Y,,A,01,0,0,1,0,0,0,0,0,0,"- ","- ",,,"SAN FRANCISCO","SAN FRANCISCO",-122.38801574707031,37.742733001708984
9728949,2024,2024-08-30,3801,2024-06-28,1724,1857,SOUTH,5,5,7,3801,0,0,0,,0,004,"11TH ST","HARRISON ST",0.00,,Y,A,-,N,,,,,,,,,,N,4,0,1,1,A,-,"- ",,A,N,-,-,F,A,H,-,A,D,0,Y,,,,Y,,N,60,0,0,1,0,1,0,0,0,0,"- ","- ",,,"SAN FRANCISCO","SAN FRANCISCO",-122.41246795654297,37.770633697509766
9728950,2024,2024-08-30,3801,2024-06-28,1330,1857,SOUTH,5,5,7,3801,0,0,0,,0,003,"HOWARD ST","8TH ST",0.00,,Y,A,-,N,,,,,,,,,,N,4,0,5,2,D,-,00,,,N,D,D,A,A,H,-,A,A,0,,,,,Y,,-,"- ",0,0,5,0,0,0,0,0,0,"- ","- ",,,"SAN FRANCISCO","SAN FRANCISCO",-122.41159057617188,37.776229858398438
9728951,2024,2024-08-30,3801,2024-06-27,1821,1057,PARK,4,5,7,3801,0,0,0,,0,3F13D,"17TH ST","BELVEDERE ST",0.00,,Y,A,-,N,,,,,,,,,,N,4,0,1,2,A,-,01,23152,,N,C,C,A,A,H,-,A,A,0,,,,,Y,Y,A,08,0,0,1,0,0,0,0,0,0,"- ","- ",,,"SAN FRANCISCO","SAN FRANCISCO",-122.44776153564453,37.761722564697266
9728952,2024,2024-08-30,3801,2024-06-27,1702,1642,PARK,4,5,7,3801,0,0,0,,0,3F2D,"LAGUNA HONDA BL","PLAZA ST",0.00,,Y,A,-,N,,,,,,,,,,N,3,0,1,2,A,-,03,22350,,N,D,G,A,A,H,-,A,D,0,,Y,,,Y,,A,01,0,1,0,0,0,0,1,0,0,"- ","- ",,,"SAN FRANCISCO","SAN FRANCISCO",-122.45970916748047,37.748989105224609
9728953,2024,2024-08-30,3801,2024-06-26,1206,1513,RICHM,3,5,7,3801,0,0,0,,0,,"CLEMENT ST","15TH AVE",0.00,,Y,A,-,N,,,,,,,,,,N,4,0,2,3,A,-,03,22350,,N,A,E,A,A,H,-,A,D,0,,,,,Y,,A,01,0,0,2,0,0,0,0,0,0,"- ","- ",,,"SAN FRANCISCO","SAN FRANCISCO",-122.47412109375,37.782512664794922
9728954,2024,2024-08-30,3801,2024-06-23,1804,4286,RICHM,7,5,7,3801,0,0,0,,0,0G3,"CLEMENT ST","11TH AVE",0.00,,Y,A,-,N,,,,,,,,,,N,3,0,1,2,A,-,10,21950,A,N,G,B,B,A,H,-,A,D,0,Y,,,,Y,,A,01,0,1,0,0,1,0,0,0,0,"- ","- ",,,"SAN FRANCISCO","SAN FRANCISCO",-122.46977996826172,37.782665252685547
9728955,2024,2024-09-12,3801,2024-06-29,1600,2441,INGLE,6,5,7,3801,0,0,0,,0,3H13D,"VALMAR TER","ATHENS ST",0.00,,Y,A,-,N,,,,,,,,,,Y,3,0,2,3,A,-,08,22107,,N,H,E,A,A,H,-,A,D,0,,,,,Y,,A,01,0,1,1,0,0,0,0,0,0,"- ","- ",,,"SAN FRANCISCO","SAN FRANCISCO",-122.42555999755859,37.725326538085938
9728956,2024,2024-08-30,3801,2024-06-29,"722 ",432,MISSI,6,5,7,3801,0,0,0,,0,,"MARKET ST","COLLINGWOOD ST",0.00,,Y,A,-,N,,,,,,,,,,N,3,0,2,3,A,-,17,21753,,N,-,-,A,A,H,-,A,-,0,,Y,,,Y,,A,01,0,1,1,0,0,0,2,0,0,"- ","- ",,,"SAN FRANCISCO","SAN FRANCISCO",-122.43624114990234,37.762138366699219
9728957,2024,2024-09-23,3801,2024-06-29,"324 ",326,NORTH,6,5,7,3801,0,0,0,,0,3E13E,"GOUGH ST","BUSH ST",0.00,,Y,A,-,N,,,,,,,,,,N,3,0,1,2,A,-,10,21950,A,N,G,B,B,A,H,-,C,A,0,Y,,,,Y,,A,01,0,1,0,0,1,0,0,0,0,"- ","- ",,,"SAN FRANCISCO","SAN FRANCISCO",-122.42523956298828,37.788066864013672
9728958,2024,2024-09-13,3801,2024-06-29,"120 ",1622,NORTH,6,5,7,3801,0,0,0,,0,3E102,"FILLMORE ST","EDDY ST",0.00,,Y,A,-,N,,,,,,,,,,Y,4,0,3,2,A,-,12,21453,A,N,F,C,A,A,H,-,C,A,0,,,,,Y,,A,01,0,0,3,0,0,0,0,0,0,"- ","- ",,,"SAN FRANCISCO","SAN FRANCISCO",-122.43231964111328,37.781425476074219
9728992,2024,2024-09-03,3801,2024-05-29,"930 ",2310,BAYVI,3,5,7,3801,0,0,0,,0,3C11A,"MINNESOTA AV","26TH ST",0.00,,Y,A,-,N,,,,,,,,,,Y,4,0,1,2,A,-,12,22450,A,N,D,C,A,-,H,-,A,B,0,,,,,Y,,-,,0,0,1,0,0,0,0,0,0,"- ","- ",,,"SAN FRANCISCO","SAN FRANCISCO",-122.38959503173828,37.751434326171875
9729034,2024,2024-09-03,3801,2024-07-15,1731,1523,NORTH,1,5,7,3801,0,0,0,,0,4CAR,BROADWAY,"OCTAVIA ST",0.00,,Y,A,-,N,,,,,,,,,,Y,4,0,2,2,A,-,09,21802,A,N,D,C,A,A,H,-,A,A,0,,,,,Y,,A,01,0,0,2,0,0,0,0,0,0,"- ","- ",,,"SAN FRANCISCO","SAN FRANCISCO",-122.4283447265625,37.795112609863281
9729035,2024,2025-03-21,3801,2024-07-16,"45  ",2149,NORTH,2,5,7,3801,0,0,0,,0,3E13E,"VAN NESS AV","EDDY ST",0.00,,Y,A,-,N,,,,,,,,,,N,3,0,1,2,A,-,12,21453,A,N,D,G,A,A,H,-,C,A,0,,Y,,,Y,,L,04,0,1,0,0,0,0,1,0,0,"- ","- ",,,"SAN FRANCISCO","SAN FRANCISCO",-122.42076110839844,37.782890319824219
9729036,2024,2024-09-03,3801,2024-07-15,1545,438,NORTH,1,5,7,3801,0,0,0,,0,002,"GOLDEN GATE AV","STEINER ST",0.00,,Y,A,-,N,,,,,,,,,,Y,4,0,1,2,A,-,12,21453,A,N,D,C,A,A,H,-,A,A,0,,,Y,,Y,,-,"- ",0,0,1,0,0,0,0,0,1,"- ","- ",,,"SAN FRANCISCO","SAN FRANCISCO",-122.43357849121094,37.779354095458984
9729037,2024,2024-09-03,3801,2024-07-12,"828 ",2124,MISSI,5,5,7,3801,0,0,0,,0,3D11A,"383 CLIPPER ST","CASTRO ST",98.00,E,N,A,-,N,,,,,,,,,,N,4,0,1,2,A,-,08,22107,,N,A,-,A,A,H,-,A,D,0,,,,,Y,,A,01,0,0,1,0,0,0,0,0,0,"- ","- ",,,"SAN FRANCISCO","SAN FRANCISCO",-122.43350219726562,37.748920440673828
9729038,2024,2024-09-03,3801,2024-07-12,2008,1057,PARK,5,5,7,3801,0,0,0,,0,3F1D,"OAK ST","MASONIC AV",0.00,,Y,A,-,N,,,,,,,,,,N,4,0,2,3,A,-,10,21950,A,N,G,B,B,A,H,-,B,A,0,Y,,,,Y,,A,01,0,0,2,0,2,0,0,0,0,"- ","- ",,,"SAN FRANCISCO","SAN FRANCISCO",-122.44575500488281,37.772083282470703
9729039,2024,2024-09-03,3801,2024-07-04,1701,4178,TRAFF,4,5,7,3801,0,0,0,,0,4B3A,"HYDE ST","MCALLISTER ST",0.00,,Y,A,-,N,,,,,,,,,,Y,2,0,1,2,A,-,12,21453,A,N,D,-,A,A,H,-,A,A,0,,,,,Y,,M,94,1,0,0,0,0,0,0,0,0,"- ","- ",,,"SAN FRANCISCO","SAN FRANCISCO",-122.41532135009766,37.780738830566406
9729040,2024,2024-09-03,3801,2024-07-13,"100 ",2153,TARAV,6,5,7,3801,0,0,0,,0,31E,"19TH AV","CRESPI DR",0.00,,Y,A,-,N,,,,,,,,,,,4,0,1,2,A,-,08,22107,,N,D,E,A,A,H,-,C,A,0,,,,,Y,,-,,0,0,1,0,0,0,0,0,0,"- ","- ",,,"SAN FRANCISCO","SAN FRANCISCO",-122.47537231445312,37.720279693603516
9729042,2024,2024-09-03,3801,2024-07-01,1908,A23187,CENTR,1,5,7,3801,0,0,0,,0,2CAR,"PINE ST","SANSOME ST",0.00,,Y,A,-,N,,,,,,,,,,N,3,0,1,2,A,-,12,21453,A,N,D,C,A,A,H,-,A,A,0,,,Y,,Y,,C,03,0,1,0,0,0,0,0,0,1,"- ","- ",,,"SAN FRANCISCO","SAN FRANCISCO",-122.40091705322266,37.792098999023438
9729132,2024,2024-09-23,3801,2024-07-09,1834,2007,TARAV,2,5,7,3801,0,0,0,,0,3115D,"ALEMANY BL","ARCH ST",0.00,,Y,B,-,N,,,,,,,,,,Y,2,0,2,4,A,-,00,23153,F,N,D,C,A,A,H,-,A,A,0,,,,,Y,,A,07,2,0,0,0,0,0,0,0,0,"- ","- ",,,"SAN FRANCISCO","SAN FRANCISCO",-122.46704864501953,37.711612701416016
9729133,2024,2024-09-09,3801,2024-07-17,1755,2007,TARAV,3,5,7,3801,0,0,0,,0,3111D,"LINCOLN WY","17TH AV",0.00,,Y,A,-,N,,,,,,,,,,Y,4,0,1,2,A,-,09,21801,A,N,D,D,A,A,H,-,A,D,0,,,Y,,Y,,A,01,0,0,1,0,0,0,0,0,1,"- ","- ",,,"SAN FRANCISCO","SAN FRANCISCO",-122.47512054443359,37.765537261962891
9729134,2024,2024-09-09,3801,2024-07-15,1445,2007,TARAV,1,5,7,3801,0,0,0,,0,3115D,"25TH AV","NORIEGA ST",280.00,S,N,A,-,N,,,,,,,,,,Y,2,0,2,2,A,-,05,21650,,N,A,E,A,A,H,-,A,A,0,,,,,Y,,A,08,1,0,1,0,0,0,0,0,0,"- ","- ",,,"SAN FRANCISCO","SAN FRANCISCO",-122.48286437988281,37.753200531005859
9729163,2024,2024-09-09,3801,2024-07-01,1540,704,BAYVI,1,5,7,3801,0,0,0,,0,3C13D,"SAN BRUNO AV","BACON ST",0.00,,Y,A,-,N,,,,,,,,,,N,3,0,1,2,A,-,03,22350,,N,D,C,A,A,H,-,A,A,0,,,,,Y,,M,96,0,1,0,0,0,0,0,0,0,"- ","- ",,,"SAN FRANCISCO","SAN FRANCISCO",-122.40361022949219,37.727638244628906
9729164,2024,2024-09-09,3801,2024-07-26,1509,704,BAYVI,5,5,7,3801,0,0,0,,0,3C14A,"3RD ST","KIRKWOOD AV",115.00,N,N,A,-,N,,,,,,,,,,Y,2,0,1,2,A,-,03,22350,,F,B,C,A,A,H,-,A,D,0,,,Y,,Y,,A,01,1,0,0,0,0,0,0,0,1,"- ","- ",,,"SAN FRANCISCO","SAN FRANCISCO",-122.38955688476562,37.738300323486328
9729767,2024,2024-09-06,3801,2024-03-15,1526,2118,SOUTH,5,5,7,3801,0,0,0,,0,3B12D,"MISSION ST","5TH ST",100.00,E,N,A,-,N,,,,,,,,,,N,4,0,1,2,A,-,17,21663,,F,H,B,F,A,H,-,A,D,0,Y,Y,,,Y,,L,04,0,0,1,0,1,0,0,0,0,"- ","- ",,,"SAN FRANCISCO","SAN FRANCISCO",-122.40624237060547,37.782928466796875
9730200,2024,2024-09-17,3801,2024-07-28,1619,1620,RICHM,7,5,7,3801,0,0,0,,0,,"PARK PRESIDIO BL","CALIFORNIA ST",0.00,,Y,A,-,N,,,,,,,,,,Y,3,0,3,2,A,-,08,22100,A,N,C,C,A,A,H,-,A,A,0,,,,,Y,,A,01,0,1,2,0,0,0,0,0,0,"- ","- ",,,"SAN FRANCISCO","SAN FRANCISCO",-122.47259521484375,37.784458160400391
9730201,2024,2024-09-27,3801,2024-07-10,1023,2711,TENDE,3,5,7,3801,0,0,0,,0,3J14C,"ELLIS ST","CYRIL MAGNIN ST",0.00,,Y,A,-,N,,,,,,,,,,N,4,0,2,3,A,-,12,21453,A,N,D,D,A,A,H,-,A,A,0,,,,Y,Y,,F,26,0,0,2,0,0,0,0,0,0,"- ","- ",,,"SAN FRANCISCO","SAN FRANCISCO",-122.40866088867188,37.785427093505859
9730202,2024,2024-09-27,3801,2024-07-16,2019,4314,RICHM,2,5,7,3801,0,0,0,,0,0G1,"JOHN F KENNEDY DR","8TH AV",0.00,,Y,B,-,N,,,,,,,,,,N,4,0,1,2,A,-,12,22450,A,N,D,G,A,A,H,-,A,A,0,,Y,,,Y,,L,04,0,0,1,0,0,0,1,0,0,"- ","- ",,,"SAN FRANCISCO","SAN FRANCISCO",-122.46580505371094,37.772605895996094
9730203,2024,2024-09-18,3801,2024-06-27,"900 ",2263,TARAV,4,5,7,3801,0,0,0,,0,3I1A,"15TH AV","SANTIAGO ST",0.00,,Y,A,-,N,,,,,,,,,,N,4,0,1,2,A,-,10,21950,A,N,G,B,B,A,H,-,A,D,0,Y,,,,Y,,H,15,0,0,1,0,1,0,0,0,0,"- ","- ",,,"SAN FRANCISCO","SAN FRANCISCO",-122.47148132324219,37.745109558105469
9730204,2024,2024-09-17,3801,2024-07-02,"937 ",392,MISSI,2,5,7,3801,0,0,0,,0,0D2,"DIAMOND HEIGHTS BL","SAFIRA LN",51.00,S,N,A,-,N,,,,,,,,,,Y,2,0,1,4,A,-,08,22107,,N,B,E,F,A,H,-,A,D,0,Y,,,,Y,,I,19,1,0,0,0,1,0,0,0,0,"- ","- ",,,"SAN FRANCISCO","SAN FRANCISCO",,
9730206,2024,2024-09-23,3801,2024-05-24,1428,1994,TRAFF,5,5,7,3801,0,0,0,,0,,"44TH AV","BALBOA ST",0.00,,Y,A,-,N,,,,,,,,,,Y,2,0,1,2,A,-,12,22450,A,N,D,C,A,A,H,-,A,A,0,,,Y,,Y,,C,03,1,0,0,0,0,0,0,0,1,"- ","- ",,,"SAN FRANCISCO","SAN FRANCISCO",-122.50482940673828,37.775375366210938
9730469,2024,2024-09-24,3801,2024-08-20,1353,564,NORTH,2,5,7,3801,0,0,0,,0,3E15A,"BUCHANAN ST","LOMBARD ST",0.00,,Y,A,-,N,,,,,,,,,,N,4,0,2,2,A,-,09,21801,A,N,A,C,A,A,H,-,A,A,0,,,,,Y,,D,22,0,0,2,0,0,0,0,0,0,"- ","- ",,,"SAN FRANCISCO","SAN FRANCISCO",-122.43276214599609,37.800262451171875
9730470,2024,2024-09-24,3801,2024-08-10,1722,359,TARAV,6,5,7,3801,0,0,0,,0,3I1D,"LINCOLN WY","29TH AV",5.00,W,N,A,-,N,,,,,,,,,,Y,4,0,1,2,D,-,00,,,N,B,C,A,A,H,-,A,D,0,,,Y,,Y,,-,"- ",0,0,1,0,0,0,0,0,1,"- ","- ",,,"SAN FRANCISCO","SAN FRANCISCO",-122.48800659179688,37.764987945556641
9730471,2024,2024-10-02,3801,2024-07-29,1213,786,CENTR,1,5,7,3801,0,0,0,,0,,SUTTER,"LARKIN ST",0.00,,Y,B,-,N,,,,,,,,,,Y,4,0,2,2,A,-,12,21453,A,N,D,C,A,A,H,-,A,A,0,,,,,Y,,I,11,0,0,2,0,0,0,0,0,0,"- ","- ",,,"SAN FRANCISCO","SAN FRANCISCO",-122.41846466064453,37.787967681884766
9730473,2024,2024-09-24,3801,2024-08-21,"753 ",643,TARAV,3,5,7,3801,0,0,0,,0,3I15A,"VIDAL DR","HIGUERA AV",364.00,S,N,A,-,N,,,,,,,,,,Y,3,0,2,2,A,-,21,22106,,N,D,C,A,A,H,-,A,D,0,,,,,Y,,D,22,0,1,1,0,0,0,0,0,0,"- ","- ",,,"SAN FRANCISCO","SAN FRANCISCO",-122.48480224609375,37.717281341552734
9730474,2024,2024-09-24,3801,2024-08-22,"800 ",1540,TARAV,4,5,7,3801,0,0,0,,0,3I11A,"LINCOLN WY","CROSSOVER DR",28.00,W,N,B,-,N,,,,,,,,,,N,4,0,1,2,A,-,08,22107,,N,C,C,A,A,H,-,A,A,0,,,,,Y,,D,72,0,0,1,0,0,0,0,0,0,"- ","- ",,,"SAN FRANCISCO","SAN FRANCISCO",-122.47742462158203,37.765434265136719
9730976,2024,2024-10-31,3801,2024-08-12,1603,4115,TARAV,1,5,7,3801,0,0,0,,0,3I5D,"19TH AV","SLOAT BL",0.00,,Y,A,-,Y,SF,4,1,-,-,1.897,I,6,S,Y,4,0,1,7,A,-,08,22107,,N,C,C,A,A,H,-,A,A,0,,,,,Y,,A,01,0,0,1,0,0,0,0,0,0,"- ","- ",,,"SAN FRANCISCO","SAN FRANCISCO",-122.47520446777344,37.734645843505859
9730988,2024,2024-10-09,3801,2024-08-23,1515,1988,MISSI,5,5,7,3801,0,0,0,,0,3D13D,"GUERRERO ST","19TH ST",30.00,E,N,A,-,N,,,,,,,,,,N,3,0,1,2,A,-,08,22107,,N,C,G,A,A,H,-,B,-,0,,Y,,,Y,,L,04,0,1,0,0,0,0,1,0,0,"- ","- ",,,"SAN FRANCISCO","SAN FRANCISCO",-122.42362213134766,37.759899139404297
9731185,2024,2024-10-23,3801,2024-07-12,"817 ",412,MISSI,5,5,7,3801,0,0,0,,0,3D2A,"PORTOLA DR","BURNETT ST",0.00,,Y,A,-,N,,,,,,,,,,Y,3,0,2,2,A,-,09,21801,,N,D,C,A,A,H,-,A,A,0,,,,,Y,,A,01,0,1,1,0,0,0,0,0,0,"- ","- ",,,"SAN FRANCISCO","SAN FRANCISCO",-122.44486999511719,37.747016906738281
9731429,2024,2024-09-09,3801,2024-04-23,"835 ",2455,SOUTH,2,5,7,3801,0,0,0,,0,3B14A,11TH,"HOWARD ST",0.00,,Y,B,-,N,,,,,,,,,,N,4,0,1,2,D,-,00,,,N,B,G,A,A,H,-,A,A,0,,Y,,,Y,,-,"- ",0,0,1,0,0,0,1,0,0,"- ","- ",,,"SAN FRANCISCO","SAN FRANCISCO",-122.41557312011719,37.773117065429688
9731523,2024,2024-09-04,3801,2024-06-29,1220,1964,MISSI,6,5,7,3801,0,0,0,,0,,"VALENCIA ST","BROSNAN ST",0.00,,Y,A,-,N,,,,,,,,,,N,4,0,1,2,A,-,08,22107,,N,H,J,A,A,H,-,A,A,0,,,,,Y,Y,A,01,0,0,1,0,0,0,0,0,0,"- ","- ",,,"SAN FRANCISCO","SAN FRANCISCO",-122.42224884033203,37.768768310546875