CASE_ID,ACCIDENT_YEAR,PROC_DATE,JURIS,COLLISION_DATE,COLLISION_TIME,OFFICER_ID,REPORTING_DISTRICT,DAY_OF_WEEK,CHP_SHIFT,POPULATION,CNTY_CITY_LOC,SPECIAL_COND,BEAT_TYPE,CHP_BEAT_TYPE,CITY_DIVISION_LAPD,CHP_BEAT_CLASS,BEAT_NUMBER,PRIMARY_RD,SECONDARY_RD,DISTANCE,DIRECTION,INTERSECTION,WEATHER_1,WEATHER_2,STATE_HWY_IND,CALTRANS_COUNTY,CALTRANS_DISTRICT,STATE_ROUTE,ROUTE_SUFFIX,POSTMILE_PREFIX,POSTMILE,LOCATION_TYPE,RAMP_INTERSECTION,SIDE_OF_HWY,TOW_AWAY,COLLISION_SEVERITY,NUMBER_KILLED,NUMBER_INJURED,PARTY_COUNT,PRIMARY_COLL_FACTOR,PCF_CODE_OF_VIOL,PCF_VIOL_CATEGORY,PCF_VIOLATION,PCF_VIOL_SUBSECTION,HIT_AND_RUN,TYPE_OF_COLLISION,MVIW,PED_ACTION,ROAD_SURFACE,ROAD_COND_1,ROAD_COND_2,LIGHTING,CONTROL_DEVICE,CHP_ROAD_TYPE,PEDESTRIAN_ACCIDENT,BICYCLE_ACCIDENT,MOTORCYCLE_ACCIDENT,TRUCK_ACCIDENT,NOT_PRIVATE_PROPERTY,ALCOHOL_INVOLVED,STWD_VEHTYPE_AT_FAULT,CHP_VEHTYPE_AT_FAULT,COUNT_SEVERE_INJ,COUNT_VISIBLE_INJ,COUNT_COMPLAINT_PAIN,COUNT_PED_KILLED,COUNT_PED_INJURED,COUNT_BICYCLIST_KILLED,COUNT_BICYCLIST_INJURED,COUNT_MC_KILLED,COUNT_MC_INJURED,PRIMARY_RAMP,SECONDARY_RAMP,LATITUDE,LONGITUDE,COUNTY,CITY,POINT_X,POINT_Y
9732992,2024,2024-11-14,3801,2024-10-23,1403,307,NORTH,3,5,7,3801,0,0,0,,0,3E11D,"FRANKLIN ST","FULTON ST",62.00,S,N,A,-,N,,,,,,,,,,N,3,0,1,2,A,-,06,21755,A,N,B,C,A,A,H,-,A,A,0,,,Y,,Y,,C,03,0,1,0,0,0,0,0,0,1,"- ","- ",,,"SAN FRANCISCO","SAN FRANCISCO",-122.42168426513672,37.778774261474609
9732993,2024,2024-11-19,3801,2024-09-25,1832,413,MISSI,3,5,7,3801,0,0,0,,0,3D13E,"FOLSOM ST","21ST ST",87.00,,N,A,-,N,,,,,,,,,,N,4,0,1,2,A,-,04,21703,,N,C,-,A,A,H,-,A,D,0,,Y,,,Y,,A,01,0,0,1,0,0,0,1,0,0,"- ","- ",,,"SAN FRANCISCO","SAN FRANCISCO",-122.41452026367188,37.757305145263672
9733627,2024,2024-09-17,3801,2024-06-28,1848,1337,NORTH,5,5,7,3801,0,0,0,,0,0E1,"VAN NESS AV","FELL ST",0.00,,Y,A,-,N,,,,,,,,,,N,4,0,7,2,A,-,08,22107,,N,C,C,A,A,H,-,A,A,0,,,,,Y,,A,01,0,0,7,0,0,0,0,0,0,"- ","- ",,,"SAN FRANCISCO","SAN FRANCISCO",-122.41950225830078,37.776382446289062
9733789,2024,2024-10-02,3801,2024-08-05,"357 ",426,NORTH,1,5,7,3801,0,0,0,,0,3E16E,"CALIFORNIA ST","FRANKLIN ST",0.00,,Y,A,-,N,,,,,,,,,,,4,0,3,2,A,-,12,21453,A,F,D,C,A,A,H,-,C,A,0,,,,,Y,,D,22,0,0,3,0,0,0,0,0,0,"- ","- ",,,"SAN FRANCISCO","SAN FRANCISCO",-122.42397308349609,37.7901611328125
9733790,2024,2024-09-25,3801,2024-08-02,2149,488,INGLE,5,5,7,3801,0,0,0,,0,3H11E,"MISSION ST","29TH ST",0.00,,Y,A,-,N,,,,,,,,,,Y,4,0,1,2,A,-,05,21650,,N,D,C,A,A,H,-,C,A,0,,,,,Y,,A,01,0,0,1,0,0,0,0,0,0,"- ","- ",,,"SAN FRANCISCO","SAN FRANCISCO",-122.42092132568359,37.744083404541016
9733794,2024,2024-09-26,3801,2024-06-28,2300,2028,SOUTH,5,5,7,3801,0,0,0,,0,3B14E,"S VAN NESS AV","12TH ST",0.00,,Y,A,-,N,,,,,,,,,,N,4,0,1,2,A,-,09,21804,A,N,D,C,A,A,H,-,C,D,0,,,,,Y,,D,22,0,0,1,0,0,0,0,0,0,"- ","- ",,,"SAN FRANCISCO","SAN FRANCISCO",-122.41876983642578,37.773540496826172
9733797,2024,2024-10-01,3801,2024-08-15,1226,1605,NORTH,4,5,7,3801,0,0,0,,0,3E60,"GOLDENGATE AV","LAGUNA ST",0.00,,Y,A,-,N,,,,,,,,,,N,4,0,1,2,A,-,09,21801,A,N,D,C,A,A,H,-,A,A,0,,,Y,,Y,,D,22,0,0,1,0,0,0,0,0,1,"- ","- ",,,"SAN FRANCISCO","SAN FRANCISCO",-122.42701721191406,37.780200958251953
9733813,2024,2024-09-20,3801,2024-08-03,1300,2126,CENTR,6,5,7,3801,0,0,0,,0,3A54A,"TAYLOR ST","GEARY ST",190.00,N,N,A,-,N,,,,,,,,,,Y,3,0,1,1,A,-,"- ",,,N,C,I,A,A,H,-,A,D,0,,,,,Y,,A,07,0,1,0,0,0,0,0,0,0,"- ","- ",,,"SAN FRANCISCO","SAN FRANCISCO",-122.41162109375,37.787464141845703
9733814,2024,2024-09-20,3801,2024-08-02,1420,1590,PARK,5,5,7,3801,0,0,0,,0,3F00,MASONIC,"GOLDEN GATE AV",0.00,,Y,B,-,N,,,,,,,,,,N,3,0,1,2,A,-,08,22107,,N,B,G,A,A,H,-,A,A,0,,Y,,,Y,,A,01,0,1,0,0,0,0,1,0,0,"- ","- ",,,"SAN FRANCISCO","SAN FRANCISCO",-122.44683837890625,37.777671813964844
9733815,2024,2024-09-20,3801,2024-08-03,2224,1655,CENTR,6,5,7,3801,0,0,0,,0,NORTH,"BUSH ST","FILLMORE ST",0.00,,Y,A,-,N,,,,,,,,,,N,4,0,1,2,A,-,08,22100,B,N,D,C,A,A,H,-,C,A,0,,,,,Y,,-,,0,0,1,0,0,0,0,0,0,"- ","- ",,,"SAN FRANCISCO","SAN FRANCISCO",-122.43344879150391,37.787040710449219
9733816,2024,2024-09-26,3801,2024-08-01,1500,4020,NORTH,4,5,7,3801,0,0,0,,0,3E12D,"FILLMORE ST","GEARY BL",89.00,S,N,A,-,N,,,,,,,,,,N,3,0,1,2,A,-,09,21804,A,N,D,C,A,A,H,-,A,D,0,,,Y,,Y,,C,03,0,1,0,0,0,0,0,0,1,"- ","- ",,,"SAN FRANCISCO","SAN FRANCISCO",-122.43290710449219,37.784286499023438
9733817,2024,2024-09-20,3801,2024-08-02,1614,1442,NORTH,5,5,7,3801,0,0,0,,0,3E13D,"LARCH ST","FRANKLIN ST",0.00,,Y,A,-,N,,,,,,,,,,N,4,0,1,2,A,-,17,21235,G,N,D,C,A,A,H,-,A,D,0,,,,,Y,,M,94,0,0,1,0,0,0,0,0,0,"- ","- ",,,"SAN FRANCISCO","SAN FRANCISCO",-122.42234039306641,37.782188415527344
9733818,2024,2024-09-20,3801,2024-08-05,1444,310,SOUTH,1,5,7,3801,0,0,0,,0,3B49,"BURNS PL","11TH ST",5.00,W,N,A,-,N,,,,,,,,,,N,4,0,1,2,A,-,03,22350,,N,D,C,A,A,H,-,A,D,0,,,,,Y,,M,94,0,0,1,0,0,0,0,0,0,"- ","- ",,,"SAN FRANCISCO","SAN FRANCISCO",-122.41440582275391,37.772151947021484
9733819,2024,2024-09-20,3801,2024-08-05,1525,1057,SOUTH,1,5,7,3801,0,0,0,,0,,"8TH ST","MINNA ST",0.00,,Y,A,-,N,,,,,,,,,,N,4,0,1,2,A,-,08,22107,,N,D,G,A,A,H,-,A,D,0,,Y,,,Y,,A,01,0,0,1,0,0,0,1,0,0,"- ","- ",,,"SAN FRANCISCO","SAN FRANCISCO",-122.41259765625,37.777050018310547
9733820,2024,2024-09-20,3801,2024-08-06,2119,1466,SOUTH,2,5,7,3801,0,0,0,,0,SOUTH,"9TH ST","CLEMENTINA ST",0.00,,Y,A,-,N,,,,,,,,,,N,3,0,1,2,A,-,11,21954,A,N,G,B,D,A,H,-,C,A,0,Y,,,,Y,,N,60,0,1,0,0,1,0,0,0,0,"- ","- ",,,"SAN FRANCISCO","SAN FRANCISCO",-122.41216278076172,37.774188995361328
9733821,2024,2024-09-20,3801,2024-08-06,1524,2398,NORTH,2,5,7,3801,0,0,0,,0,03E,"MCALLISTER ST","FRANKLIN ST",0.00,,Y,A,-,N,,,,,,,,,,Y,4,0,1,2,A,-,08,22107,,N,D,G,A,A,H,-,A,A,0,,Y,,,Y,,A,01,0,0,1,0,0,0,1,0,0,"- ","- ",,,"SAN FRANCISCO","SAN FRANCISCO",-122.42189025878906,37.779876708984375
9733822,2024,2024-09-20,3801,2024-08-06,1900,1909,NORTH,2,5,7,3801,0,0,0,,0,NORTHE,"FULTON ST","FILLMORE ST",0.00,,Y,A,-,N,,,,,,,,,,N,2,0,1,2,A,-,06,21755,A,N,B,G,A,A,H,-,A,A,0,,Y,,,Y,,L,04,1,0,0,0,0,0,1,0,0,"- ","- ",,,"SAN FRANCISCO","SAN FRANCISCO",-122.43155670166016,37.777690887451172
9733823,2024,2024-09-26,3801,2024-08-16,1815,15342422,INGLE,5,5,7,3801,0,0,0,,0,3H16D,"MONTEREY BL","EDNA ST",0.00,,Y,A,-,N,,,,,,,,,,N,3,0,1,2,A,-,12,22450,A,N,G,B,B,A,H,-,A,D,0,Y,,,,Y,,A,01,0,1,0,0,1,0,0,0,0,"- ","- ",,,"SAN FRANCISCO","SAN FRANCISCO",-122.447265625,37.731563568115234
9733824,2024,2024-09-19,3801,2024-08-16,2324,740,MISSI,5,5,7,3801,0,0,0,,0,0D1,"MARKET ST","14TH ST",51.00,W,N,A,-,N,,,,,,,,,,N,4,0,1,2,A,-,17,22517,,N,B,C,A,A,H,-,C,D,0,,,,,Y,,A,01,0,0,1,0,0,0,0,0,0,"- ","- ",,,"SAN FRANCISCO","SAN FRANCISCO",-122.42894744873047,37.767604827880859
9733825,2024,2024-09-20,3801,2024-08-17,"819 ",2366,NORTH,6,5,7,3801,0,0,0,,0,2CAR,"LAGUNA ST","TURK ST",0.00,,Y,A,-,N,,,,,,,,,,Y,2,0,1,3,A,-,12,21453,A,N,D,C,A,A,H,-,A,A,0,,,,,Y,,A,01,1,0,0,0,0,0,0,0,0,"- ","- ",,,"SAN FRANCISCO","SAN FRANCISCO",-122.42720031738281,37.781116485595703
9733826,2024,2024-09-26,3801,2024-08-17,1445,4283,RICHM,6,5,7,3801,0,0,0,,0,003,"GEARY BL","15TH AV",0.00,,Y,B,-,N,,,,,,,,,,N,4,0,1,2,A,-,09,21801,A,N,D,C,A,A,H,-,A,A,0,,,Y,,Y,,A,01,0,0,1,0,0,0,0,0,1,"- ","- ",,,"SAN FRANCISCO","SAN FRANCISCO",-122.47399139404297,37.780632019042969
9733827,2024,2024-09-20,3801,2024-08-17,2340,326,TARAV,6,5,7,3801,0,0,0,,0,3115E,"LINCOLN AV","16TH AV",0.00,,Y,A,-,N,,,,,,,,,,Y,3,0,2,2,A,-,09,21801,,N,D,C,A,-,H,-,C,A,0,,,,,Y,,A,01,0,1,1,0,0,0,0,0,0,"- ","- ",,,"SAN FRANCISCO","SAN FRANCISCO",-122.47406768798828,37.765594482421875
9733828,2024,2024-09-18,3801,2024-08-18,"36  ",2405,SOUTH,7,5,7,3801,0,0,0,,0,003,"HOWARD ST","6TH ST",0.00,,Y,A,-,N,,,,,,,,,,N,3,0,1,2,A,-,10,21950,,F,G,B,B,A,H,-,C,A,0,Y,,,,Y,,-,,0,1,0,0,1,0,0,0,0,"- ","- ",,,"SAN FRANCISCO","SAN FRANCISCO",-122.40714263916016,37.779750823974609
9733829,2024,2024-09-19,3801,2024-08-18,"204 ",299,CENTR,7,5,7,3801,0,0,0,,0,SECTOR,"POST ST","STOCKTON ST",0.00,,Y,A,-,N,,,,,,,,,,Y,3,0,5,2,A,-,12,21453,A,F,D,I,A,A,H,-,C,A,0,,,,,Y,,A,07,0,3,2,0,0,0,0,0,0,"- ","- ",,,"SAN FRANCISCO","SAN FRANCISCO",-122.40676879882812,37.788505554199219
9733830,2024,2024-09-19,3801,2024-08-18,"800 ",1540,TARAV,7,5,7,3801,0,0,0,,0,3I11A,"LINCOLN WY","41ST ST",0.00,,Y,E,-,N,,,,,,,,,,N,3,0,1,2,A,-,09,21802,A,N,D,G,A,-,H,-,A,A,0,,Y,,,Y,,A,01,0,1,0,0,0,0,1,0,0,"- ","- ",,,"SAN FRANCISCO","SAN FRANCISCO",-122.50084686279297,37.764415740966797
9733831,2024,2024-09-19,3801,2024-08-18,2035,1427,TENDE,7,5,7,3801,0,0,0,,0,3J1D,"MARKET ST","JONES ST",0.00,,Y,A,-,N,,,,,,,,,,N,4,0,1,2,A,-,10,21950,,F,G,B,B,A,H,-,C,A,0,Y,,,,Y,,A,01,0,0,1,0,1,0,0,0,0,"- ","- ",,,"SAN FRANCISCO","SAN FRANCISCO",-122.41197967529297,37.780910491943359
9733832,2024,2024-09-19,3801,2024-08-19,"835 ",1796,RICHM,1,5,7,3801,0,0,0,,0,3G4A,"BALBOA ST","22ND AV",75.00,W,N,B,-,N,,,,,,,,,,Y,4,0,1,2,A,-,05,21651,,F,A,C,A,A,H,-,A,D,0,,,,,Y,,A,01,0,0,1,0,0,0,0,0,0,"- ","- ",,,"SAN FRANCISCO","SAN FRANCISCO",-122.48152160644531,37.776443481445312
9733921,2024,2024-09-27,3801,2024-08-10,"114 ",3D15E,MISSI,6,5,7,3801,0,0,0,,0,,"15TH AV","MISSION ST",0.00,,Y,A,-,N,,,,,,,,,,N,4,0,1,2,A,-,17,21461,A,N,D,G,A,A,H,-,C,A,0,,Y,,,Y,,A,01,0,0,1,0,0,0,1,0,0,"- ","- ",,,"SAN FRANCISCO","SAN FRANCISCO",-122.41981506347656,37.766674041748047
9733922,2024,2024-09-30,3801,2024-08-10,"4   ",2307,NORTH,6,5,7,3801,0,0,0,,0,3E13E,"POLK ST","CEDAR ST",0.00,,Y,A,-,N,,,,,,,,,,N,3,0,1,2,A,-,17,21229,A,N,D,C,A,A,H,-,C,D,0,,,,,Y,,M,94,0,1,0,0,0,0,0,0,0,"- ","- ",,,"SAN FRANCISCO","SAN FRANCISCO",-122.41983032226562,37.786373138427734
9733923,2024,2024-09-19,3801,2024-08-09,1334,964,NORTH,5,5,7,3801,0,0,0,,0,3E13D,"SUTTER ST","DIVISADERO ST",0.00,,Y,A,-,N,,,,,,,,,,N,4,0,1,2,A,-,06,21750,A,N,B,B,E,A,H,-,A,D,0,Y,,,,Y,,A,01,0,0,1,0,1,0,0,0,0,"- ","- ",,,"SAN FRANCISCO","SAN FRANCISCO",-122.43985748291016,37.785247802734375
9733924,2024,2024-09-30,3801,2024-08-10,"401 ",4040,NORTH,6,5,7,3801,0,0,0,,0,3E11E,"POLK ST","ELLIS ST",0.00,,Y,A,-,N,,,,,,,,,,N,4,0,1,2,A,-,12,21453,A,N,D,C,A,A,H,-,C,-,0,,,,,Y,,-,,0,0,1,0,0,0,0,0,0,"- ","- ",,,"SAN FRANCISCO","SAN FRANCISCO",-122.41934967041016,37.784042358398438
9733925,2024,2024-09-19,3801,2024-08-09,1051,1605,MISSI,5,5,7,3801,0,0,0,,0,3D15A,"16TH ST","MISSION ST",90.00,W,N,A,-,N,,,,,,,,,,N,3,0,1,2,A,-,"- ",,,F,G,B,D,A,H,-,A,D,0,Y,,,,Y,Y,A,07,0,1,0,0,1,0,0,0,0,"- ","- ",,,"SAN FRANCISCO","SAN FRANCISCO",-122.41998291015625,37.765029907226562
9733926,2024,2024-09-25,3801,2024-08-09,1002,1695,NORTH,5,5,7,3801,0,0,0,,0,,"FRANKLIN ST","HICKORY ST",0.00,,Y,A,-,N,,,,,,,,,,Y,4,0,2,2,A,-,09,21800,A,N,D,C,A,A,H,-,A,D,0,,,,,Y,,A,01,0,0,2,0,0,0,0,0,0,"- ","- ",,,"SAN FRANCISCO","SAN FRANCISCO",-122.42105102539062,37.775691986083984
9733927,2024,2024-09-19,3801,2024-08-07,2213,2420,NORTH,3,5,7,3801,0,0,0,,0,3E12E,"EDDY ST","VAN NESS AV",0.00,,N,A,-,N,,,,,,,,,,Y,4,0,1,2,A,-,09,21801,A,N,D,C,A,A,H,-,C,D,0,,,Y,,Y,,B,01,0,0,1,0,0,0,0,0,1,"- ","- ",,,"SAN FRANCISCO","SAN FRANCISCO",-122.42076110839844,37.782890319824219
9733928,2024,2024-09-18,3801,2024-08-22,1629,2166,MISSI,4,5,7,3801,0,0,0,,0,3D12D,"MARKET ST","DANVERS ST",194.00,W,N,A,-,N,,,,,,,,,,Y,4,0,1,2,A,-,03,22350,,N,B,E,A,A,H,-,A,D,0,,,,,Y,,A,01,0,0,1,0,0,0,0,0,0,"- ","- ",,,"SAN FRANCISCO","SAN FRANCISCO",-122.44403839111328,37.760162353515625
9733929,2024,2024-09-18,3801,2024-08-22,"230 ",1466,SOUTH,4,5,7,3801,0,0,0,,0,0B3,"HARRISON ST","6TH ST",0.00,,Y,A,-,N,,,,,,,,,,Y,4,0,3,2,A,-,09,21801,A,N,A,C,A,A,H,-,C,A,0,,,,,Y,,A,01,0,0,3,0,0,0,0,0,0,"- ","- ",,,"SAN FRANCISCO","SAN FRANCISCO",-122.40408325195312,37.777309417724609
9733930,2024,2024-09-18,3801,2024-08-22,2230,1308,SOUTH,4,5,7,3801,0,0,0,,0,3B5E,"3RD ST","MINNA ST",0.00,,N,-,-,N,,,,,,,,,,,4,0,1,2,D,-,00,,,N,B,C,A,A,H,-,A,A,0,,,Y,,Y,,-,"- ",0,0,1,0,0,0,0,0,1,"- ","- ",,,"SAN FRANCISCO","SAN FRANCISCO",-122.40148162841797,37.785842895507812
9733931,2024,2024-09-25,3801,2024-08-19,1730,1533,NORTH,1,5,7,3801,0,0,0,,0,3E14C,"PACIFIC ST","MASON ST",130.00,E,N,A,-,N,,,,,,,,,,N,2,0,1,2,A,-,06,21755,,N,D,G,A,A,H,-,A,A,0,,Y,,,Y,,L,04,1,0,0,0,0,0,1,0,0,"- ","- ",,,"SAN FRANCISCO","SAN FRANCISCO",-122.41126251220703,37.796363830566406
9733932,2024,2024-10-03,3801,2024-08-22,1246,1304,NORTH,4,5,7,3801,0,0,0,,0,,"MASON ST","YACHT RD",53.00,W,N,A,-,N,,,,,,,,,,,4,0,1,2,A,-,09,21801,A,N,A,-,A,A,H,-,A,A,0,,Y,,,Y,,M,94,0,0,1,0,0,0,1,0,0,"- ","- ",,,"SAN FRANCISCO","SAN FRANCISCO",-122.44851684570312,37.80499267578125
9733933,2024,2024-09-18,3801,2024-08-24,1440,302,NORTH,6,5,7,3801,0,0,0,,0,3E14D,"SUTTER ST","DIVISADERO ST",0.00,,Y,A,-,N,,,,,,,,,,N,3,0,2,2,A,-,09,21801,A,N,B,D,A,A,H,-,A,A,0,,,Y,,Y,,C,02,0,1,1,0,0,0,0,0,2,"- ","- ",,,"SAN FRANCISCO","SAN FRANCISCO",-122.43985748291016,37.785247802734375
9733934,2024,2024-09-18,3801,2024-08-23,2000,1337,NORTH,5,5,7,3801,0,0,0,,0,0E5,"SCOTT ST","CAPRA WY",0.00,,Y,A,-,N,,,,,,,,,,N,3,0,1,2,A,-,06,21755,A,N,B,D,A,A,H,-,B,A,0,,,Y,,Y,,C,03,0,1,0,0,0,0,0,0,1,"- ","- ",,,"SAN FRANCISCO","SAN FRANCISCO",-122.44165802001953,37.802501678466797
9733935,2024,2024-09-18,3801,2024-08-24,1940,2342,NORTH,6,5,7,3801,0,0,0,,0,3E16D,"SCOTT ST","CALIFORNIA ST",0.00,,Y,A,-,N,,,,,,,,,,N,4,0,1,2,A,-,09,21801,A,N,A,C,A,A,H,-,C,A,0,,,Y,,Y,,A,01,0,0,1,0,0,0,0,0,1,"- ","- ",,,"SAN FRANCISCO","SAN FRANCISCO",-122.43875885009766,37.788291931152344
9733936,2024,2024-09-18,3801,2024-08-24,2500,964,NORTH,6,5,7,3801,0,0,0,,0,3E13D,"GEARY BL","GOUGH ST",65.00,W,N,A,-,N,,,,,,,,,,N,4,0,1,2,A,-,06,21755,A,F,B,C,A,A,H,-,A,D,0,,,,,Y,,A,01,0,0,1,0,0,0,0,0,0,"- ","- ",,,"SAN FRANCISCO","SAN FRANCISCO",-122.42491149902344,37.785419464111328
9733937,2024,2024-10-01,3801,2024-08-24,2015,2212,MISSI,6,5,7,3801,0,0,0,,0,3CAR,"MISSION ST","23RD ST",260.00,N,N,A,-,N,,,,,,,,,,N,3,0,1,3,A,-,08,22107,,N,B,C,A,A,H,-,C,D,0,,,Y,,Y,,A,01,0,1,0,0,0,0,0,0,1,"- ","- ",,,"SAN FRANCISCO","SAN FRANCISCO",-122.41866302490234,37.754543304443359
9733938,2024,2024-09-18,3801,2024-08-24,2340,4020,NORTH,6,5,7,3801,0,0,0,,0,3E12E,"STEINER ST","PACIFIC AV",0.00,,Y,A,-,N,,,,,,,,,,N,4,0,1,2,A,-,05,21650,,N,A,C,A,A,H,-,C,A,0,,,,,Y,,A,01,0,0,1,0,0,0,0,0,0,"- ","- ",,,"SAN FRANCISCO","SAN FRANCISCO",-122.43637847900391,37.793140411376953
9733939,2024,2024-09-18,3801,2024-08-26,"653 ",610,MISSI,1,5,7,3801,0,0,0,,0,3D41A,"POTRERO AV","MARIPOSA ST",0.00,,Y,A,-,N,,,,,,,,,,N,4,0,1,2,A,-,12,21453,A,N,D,C,A,A,H,-,A,A,0,,,,,Y,,A,01,0,0,1,0,0,0,0,0,0,"- ","- ",,,"SAN FRANCISCO","SAN FRANCISCO",-122.40734100341797,37.763206481933594
9733940,2024,2024-09-18,3801,2024-08-11,1453,1394,MISSI,7,5,7,3801,0,0,0,,0,006,"13TH ST","ISIS ST",0.00,,Y,A,-,N,,,,,,,,,,N,4,0,1,2,A,-,10,21950,A,N,G,B,B,A,H,-,A,D,0,Y,,,,Y,,A,01,0,0,1,0,1,0,0,0,0,"- ","- ",,,"SAN FRANCISCO","SAN FRANCISCO",-122.41477966308594,37.769641876220703
9733941,2024,2024-09-25,3801,2024-08-10,"810 ",2706,MISSI,6,5,7,3801,0,0,0,,0,3D14A,"DIVISION ST","BRYANT ST",0.00,,Y,A,-,N,,,,,,,,,,N,4,0,1,2,A,-,10,21950,,F,G,B,B,A,H,-,A,A,0,Y,,,,Y,,-,,0,0,1,0,1,0,0,0,0,"- ","- ",,,"SAN FRANCISCO","SAN FRANCISCO",-122.41082000732422,37.769309997558594
9733942,2024,2024-09-18,3801,2024-08-19,1114,50,TENDE,1,5,7,3801,0,0,0,,0,003,"HYDE ST","TURK ST",0.00,,Y,A,-,N,,,,,,,,,,Y,4,0,1,3,A,-,12,21453,A,N,D,E,A,A,H,-,A,A,0,,,,,Y,,A,01,0,0,1,0,0,0,0,0,0,"- ","- ",,,"SAN FRANCISCO","SAN FRANCISCO",-122.41569519042969,37.782566070556641
9733943,2024,2024-09-18,3801,2024-08-26,1200,2390,PARK,1,5,7,3801,0,0,0,,0,3F13A,"FULTON ST","MASONIC AV",0.00,,Y,A,-,N,,,,,,,,,,Y,3,0,1,2,A,-,09,21801,A,N,D,C,A,A,H,-,A,A,0,,,Y,,Y,,A,01,0,1,0,0,0,0,0,0,1,"- ","- ",,,"SAN FRANCISCO","SAN FRANCISCO",-122.44647216796875,37.775791168212891
9733944,2024,2024-09-18,3801,2024-08-25,"858 ",2004,TARAV,7,5,7,3801,0,0,0,,0,313A,"LINCOLN WY","41ST AV",0.00,,Y,A,-,N,,,,,,,,,,Y,4,0,1,2,A,-,09,21802,A,N,D,C,A,A,H,-,-,A,0,,,,,Y,,A,07,0,0,1,0,0,0,0,0,0,"- ","- ",,,"SAN FRANCISCO","SAN FRANCISCO",-122.50084686279297,37.764415740966797
9733945,2024,2024-09-20,3801,2024-08-25,"27  ",614,TARAV,7,5,7,3801,0,0,0,,0,3I11E,"19TH AV","NORIEGA ST",36.00,N,N,A,-,N,,,,,,,,,,Y,4,0,1,2,A,-,00,23153,G,N,C,C,A,A,H,-,C,A,0,,,,,Y,Y,A,01,0,0,1,0,0,0,0,0,0,"- ","- ",,,"SAN FRANCISCO","SAN FRANCISCO",-122.47644805908203,37.754318237304688
9733946,2024,2024-09-26,3801,2024-08-07,1052,4275,TARAV,3,5,7,3801,0,0,0,,0,3I13A,"33RD AV","NORIEGA ST",30.00,S,N,A,-,N,,,,,,,,,,Y,4,0,1,2,A,-,03,22350,,N,D,C,A,A,H,-,A,D,0,,,,,Y,,-,,0,0,1,0,0,0,0,0,0,"- ","- ",,,"SAN FRANCISCO","SAN FRANCISCO",-122.49146270751953,37.753486633300781
9733947,2024,2024-09-20,3801,2024-08-09,2200,2407,MISSI,5,5,7,3801,0,0,0,,0,3D13D,"CAPP ST","21ST ST",20.00,N,N,F,-,N,,,,,,,,,,N,2,0,1,2,A,-,17,21663,,F,A,B,F,-,G,-,-,-,0,Y,,,,Y,,-,,1,0,0,0,1,0,0,0,0,"- ","- ",,,"SAN FRANCISCO","SAN FRANCISCO",-122.41781616210938,37.757133483886719
9733948,2024,2024-09-18,3801,2024-08-27,1503,4335,RICHM,2,5,7,3801,0,0,0,,0,901,"30TH AV","ANZA ST",0.00,,Y,A,-,N,,,,,,,,,,,2,0,2,2,D,-,00,,,N,D,C,A,A,H,-,A,A,0,,,,,Y,,-,"- ",1,0,1,0,0,0,0,0,0,"- ","- ",,,"SAN FRANCISCO","SAN FRANCISCO",-122.48994445800781,37.777931213378906
9733949,2024,2024-09-19,3801,2024-08-23,1000,4798,NORTH,5,5,7,3801,0,0,0,,0,3E00,"PAGE ST","OCTAVIA ST",0.00,,Y,A,-,N,,,,,,,,,,N,4,0,1,2,D,-,00,,,N,D,D,A,A,H,-,A,A,0,,Y,,,Y,,-,"- ",0,0,1,0,0,0,1,0,0,"- ","- ",,,"SAN FRANCISCO","SAN FRANCISCO",-122.42411041259766,37.773883819580078
9733950,2024,2024-09-19,3801,2024-08-25,2124,4341,BAYVI,7,5,7,3801,0,0,0,,0,901,"RICHLAND AV","MISSION ST",20.00,W,N,A,-,N,,,,,,,,,,N,4,0,1,2,A,-,04,21703,,F,C,C,A,A,H,-,C,A,0,,,,,Y,,A,01,0,0,1,0,0,0,0,0,0,"- ","- ",,,"SAN FRANCISCO","SAN FRANCISCO",-122.424560546875,37.735946655273438
9733952,2024,2024-09-19,3801,2024-08-24,2137,4817,NORTH,6,5,7,3801,0,0,0,,0,3E00,"FELL ST","LAGUNA ST",0.00,,Y,A,-,N,,,,,,,,,,Y,4,0,1,2,D,-,00,,,N,D,C,A,A,H,-,C,A,0,,,,,Y,,-,"- ",0,0,1,0,0,0,0,0,0,"- ","- ",,,"SAN FRANCISCO","SAN FRANCISCO",-122.42610168457031,37.775527954101562
9733953,2024,2024-09-19,3801,2024-08-11,"12  ",1260,CENTR,7,5,7,3801,0,0,0,,0,3A11D,"BAY ST","LEAVENWORTH ST",231.00,W,N,A,-,N,,,,,,,,,,Y,3,0,1,3,A,-,07,21658,A,N,F,E,A,A,H,-,C,D,0,,,,,Y,Y,A,01,0,1,0,0,0,0,0,0,0,"- ","- ",,,"SAN FRANCISCO","SAN FRANCISCO",-122.41934967041016,37.804912567138672
9733954,2024,2024-09-19,3801,2024-08-11,2243,4118,PARK,7,5,7,3801,0,0,0,,0,0F3,"MASONIC AV","FULTON ST",0.00,,Y,B,-,N,,,,,,,,,,N,4,0,1,2,A,-,08,22107,,N,B,G,A,B,H,-,C,A,0,,Y,,,Y,,A,01,0,0,1,0,0,0,1,0,0,"- ","- ",,,"SAN FRANCISCO","SAN FRANCISCO",-122.44647216796875,37.775791168212891