CASE_ID,ACCIDENT_YEAR,PROC_DATE,JURIS,COLLISION_DATE,COLLISION_TIME,OFFICER_ID,REPORTING_DISTRICT,DAY_OF_WEEK,CHP_SHIFT,POPULATION,CNTY_CITY_LOC,SPECIAL_COND,BEAT_TYPE,CHP_BEAT_TYPE,CITY_DIVISION_LAPD,CHP_BEAT_CLASS,BEAT_NUMBER,PRIMARY_RD,SECONDARY_RD,DISTANCE,DIRECTION,INTERSECTION,WEATHER_1,WEATHER_2,STATE_HWY_IND,CALTRANS_COUNTY,CALTRANS_DISTRICT,STATE_ROUTE,ROUTE_SUFFIX,POSTMILE_PREFIX,POSTMILE,LOCATION_TYPE,RAMP_INTERSECTION,SIDE_OF_HWY,TOW_AWAY,COLLISION_SEVERITY,NUMBER_KILLED,NUMBER_INJURED,PARTY_COUNT,PRIMARY_COLL_FACTOR,PCF_CODE_OF_VIOL,PCF_VIOL_CATEGORY,PCF_VIOLATION,PCF_VIOL_SUBSECTION,HIT_AND_RUN,TYPE_OF_COLLISION,MVIW,PED_ACTION,ROAD_SURFACE,ROAD_COND_1,ROAD_COND_2,LIGHTING,CONTROL_DEVICE,CHP_ROAD_TYPE,PEDESTRIAN_ACCIDENT,BICYCLE_ACCIDENT,MOTORCYCLE_ACCIDENT,TRUCK_ACCIDENT,NOT_PRIVATE_PROPERTY,ALCOHOL_INVOLVED,STWD_VEHTYPE_AT_FAULT,CHP_VEHTYPE_AT_FAULT,COUNT_SEVERE_INJ,COUNT_VISIBLE_INJ,COUNT_COMPLAINT_PAIN,COUNT_PED_KILLED,COUNT_PED_INJURED,COUNT_BICYCLIST_KILLED,COUNT_BICYCLIST_INJURED,COUNT_MC_KILLED,COUNT_MC_INJURED,PRIMARY_RAMP,SECONDARY_RAMP,LATITUDE,LONGITUDE,COUNTY,CITY,POINT_X,POINT_Y
9733955,2024,2024-09-30,3801,2024-08-25,1831,1857,SOUTH,7,5,7,3801,0,0,0,,0,001,"BRYANT ST","STERLING ST",32.00,W,N,A,-,N,,,,,,,,,,Y,4,0,1,2,A,-,07,21658,A,F,B,C,A,A,H,-,A,A,0,,,,,Y,,A,01,0,0,1,0,0,0,0,0,0,"- ","- ",,,"SAN FRANCISCO","SAN FRANCISCO",,
9733956,2024,2024-09-19,3801,2024-08-10,1919,246,TARAV,6,5,7,3801,0,0,0,,0,4CAR,"OCEAN AV","SAN FERNANDO WY",0.00,,Y,A,-,N,,,,,,,,,,Y,4,0,1,2,A,-,08,22107,,F,C,C,A,A,H,-,A,A,0,,,,,Y,,A,07,0,0,1,0,0,0,0,0,0,"- ","- ",,,"SAN FRANCISCO","SAN FRANCISCO",-122.47011566162109,37.730312347412109
9733957,2024,2024-09-19,3801,2024-08-25,"49  ",1448,CENTR,7,5,7,3801,0,0,0,,0,3A14E,"COLUMBUS AV",BROADWAY,200.00,S,N,A,-,N,,,,,,,,,,N,3,0,1,2,A,-,11,21955,,N,G,B,D,A,H,-,C,D,0,Y,,,,Y,Y,N,60,0,1,0,0,1,0,0,0,0,"- ","- ",,,"SAN FRANCISCO","SAN FRANCISCO",-122.4061279296875,37.797523498535156
9733958,2024,2024-09-19,3801,2024-08-25,1503,1333,CENTR,7,5,7,3801,0,0,0,,0,3A13C,"THE EMBARCADERO","SANSOME ST",183.00,S,N,A,-,N,,,,,,,,,,N,2,0,1,1,A,-,03,22350,,N,E,I,A,A,H,-,A,D,0,,,,,Y,,-,,1,0,0,0,0,0,0,0,0,"- ","- ",,,"SAN FRANCISCO","SAN FRANCISCO",-122.4029541015625,37.804702758789062
9733959,2024,2024-09-19,3801,2024-08-24,2010,2374,CENTR,6,5,7,3801,0,0,0,,0,0A1,"POST ST","MASON ST",0.00,,Y,A,-,N,,,,,,,,,,N,3,0,1,2,A,-,07,21658,A,N,B,C,A,A,H,-,C,A,0,,,,,Y,,A,01,0,1,0,0,0,0,0,0,0,"- ","- ",,,"SAN FRANCISCO","SAN FRANCISCO",-122.4100341796875,37.788047790527344
9733960,2024,2024-09-19,3801,2024-08-24,2026,2443,BAYVI,6,5,7,3801,0,0,0,,0,3C5D,"INGALLS ST","PALOU AV",7.00,S,N,A,-,N,,,,,,,,,,Y,4,0,2,2,A,-,05,21650,,N,B,C,A,A,H,-,D,A,0,,,,,Y,,A,01,0,0,2,0,0,0,0,0,0,"- ","- ",,,"SAN FRANCISCO","SAN FRANCISCO",-122.38345336914062,37.729732513427734
9733961,2024,2024-09-30,3801,2024-08-23,2320,1308,SOUTH,5,5,7,3801,0,0,0,,0,3B12E,"6TH ST","FOLSOM ST",0.00,,Y,A,-,N,,,,,,,,,,N,3,0,1,2,D,-,00,,,N,D,C,A,A,H,-,C,A,0,,,Y,,Y,,-,"- ",0,1,0,0,0,0,0,0,1,"- ","- ",,,"SAN FRANCISCO","SAN FRANCISCO",-122.40560150146484,37.778499603271484
9733962,2024,2024-09-19,3801,2024-08-24,1530,2118,SOUTH,6,5,7,3801,0,0,0,,0,3B12D,"7TH  ST","KING ST",5.00,N,N,A,-,N,,,,,,,,,,N,4,0,1,2,A,-,00,21658,C,F,B,C,A,A,H,-,A,D,0,,,,,Y,,A,01,0,0,1,0,0,0,0,0,0,"- ","- ",,,"SAN FRANCISCO","SAN FRANCISCO",-122.40082550048828,37.771148681640625
9733963,2024,2024-09-19,3801,2024-08-21,"900 ",2705,BAYVI,3,5,7,3801,0,0,0,,0,SOUTHE,"7TH ST","HARRISON ST",160.00,S,N,F,-,N,,,,,,,,,,N,4,0,1,2,A,-,08,22107,,F,D,G,A,-,G,-,A,D,0,,Y,,,Y,,-,,0,0,1,0,0,0,1,0,0,"- ","- ",,,"SAN FRANCISCO","SAN FRANCISCO",-122.40589141845703,37.775230407714844
9733964,2024,2024-09-19,3801,2024-08-23,"800 ",2722,CENTR,5,5,7,3801,0,0,0,,0,3A11D,"TAYLOR ST","POST ST",173.00,S,N,B,-,N,,,,,,,,,,N,4,0,1,2,A,-,17,21235,G,M,-,B,F,A,H,-,A,D,0,Y,,,,Y,,-,99,0,0,1,0,1,0,0,0,0,"- ","- ",,,"SAN FRANCISCO","SAN FRANCISCO",-122.41160583496094,37.787391662597656
9733965,2024,2024-09-19,3801,2024-08-23,1132,1513,RICHM,5,5,7,3801,0,0,0,,0,3G13A,"GEARY BL","15TH AV",0.00,,Y,A,-,N,,,,,,,,,,Y,4,0,2,3,A,-,03,22350,,N,C,D,A,A,H,-,A,A,0,,,,,Y,,A,01,0,0,2,0,0,0,0,0,0,"- ","- ",,,"SAN FRANCISCO","SAN FRANCISCO",-122.47399139404297,37.780632019042969
9733966,2024,2024-09-19,3801,2024-08-23,1522,2467,BAYVI,5,5,7,3801,0,0,0,,0,3C15D,"1106 INGERSON AVE","JENNINGS ST",40.00,W,N,B,-,N,,,,,,,,,,Y,4,0,2,2,A,-,07,21658,,N,A,C,A,A,H,-,A,A,0,,,,,Y,,A,08,0,0,2,0,0,0,0,0,0,"- ","- ",,,"SAN FRANCISCO","SAN FRANCISCO",-122.39498138427734,37.720241546630859
9733967,2024,2024-09-19,3801,2024-08-23,"639 ",2059,CENTR,5,5,7,3801,0,0,0,,0,3A4A,"GREENWICH ST","SANSOME ST",90.00,E,N,A,-,N,,,,,,,,,,N,4,0,1,2,A,-,17,22517,,N,H,G,A,A,H,-,A,A,0,,Y,,,Y,,A,01,0,0,1,0,0,0,1,0,0,"- ","- ",,,"SAN FRANCISCO","SAN FRANCISCO",-122.40283203125,37.803142547607422
9733968,2024,2024-09-30,3801,2024-08-23,"840 ",1279,TENDE,5,5,7,3801,0,0,0,,0,,"OFARRELL ST","TAYLOR ST",60.00,W,N,A,-,N,,,,,,,,,,N,4,0,1,2,A,-,00,21954,,N,A,B,E,A,H,-,B,D,0,Y,,,,Y,Y,N,60,0,0,1,0,1,0,0,0,0,"- ","- ",,,"SAN FRANCISCO","SAN FRANCISCO",-122.41152191162109,37.785991668701172
9733969,2024,2024-09-18,3801,2024-07-08,1145,993,SOUTH,1,5,7,3801,0,0,0,,0,3B00,"KEARNY ST","KEARNY ST 125",0.00,,N,F,-,N,,,,,,,,,,N,4,0,1,2,A,-,17,21235,G,N,G,B,F,-,H,-,A,-,0,Y,,,,Y,,-,,0,0,1,0,1,0,0,0,0,"- ","- ",,,"SAN FRANCISCO","SAN FRANCISCO",,
9733970,2024,2024-09-18,3801,2024-07-20,"611 ",1826,CENTR,6,5,7,3801,0,0,0,,0,001,"LEAVENWORTH ST","BUSH ST",0.00,,Y,A,-,N,,,,,,,,,,N,4,0,1,2,A,-,12,21453,A,N,G,B,B,A,H,-,A,A,0,Y,,,,Y,,A,01,0,0,1,0,1,0,0,0,0,"- ","- ",,,"SAN FRANCISCO","SAN FRANCISCO",-122.41538238525391,37.789344787597656
9733971,2024,2024-09-18,3801,2024-07-06,1040,2314,PARK,6,5,7,3801,0,0,0,,0,3F2A,"CLARENDON AV","CLARENDON WOODS AV",50.00,W,N,A,-,N,,,,,,,,,,N,3,0,1,2,A,-,09,21801,A,N,C,G,A,A,H,-,A,D,0,,Y,,,Y,,A,01,0,1,0,0,0,0,1,0,0,"- ","- ",,,"SAN FRANCISCO","SAN FRANCISCO",,
9733972,2024,2024-09-27,3801,2024-07-27,1536,2166,MISSI,6,5,7,3801,0,0,0,,0,002,"PORTOLA DR","CLIPPER ST",0.00,,Y,C,-,N,,,,,,,,,,N,4,0,1,2,A,-,09,21800,A,N,A,C,A,B,H,-,A,A,0,,,,,Y,,A,01,0,0,1,0,0,0,0,0,0,"- ","- ",,,"SAN FRANCISCO","SAN FRANCISCO",-122.44483947753906,37.746936798095703
9733973,2024,2024-09-18,3801,2024-07-24,2232,1280,SOUTH,3,5,7,3801,0,0,0,,0,3B13E,"4TH ST","HARRISON ST",0.00,,Y,A,-,N,,,,,,,,,,N,3,0,1,2,A,-,08,22107,,N,D,C,A,A,H,-,C,A,0,,,Y,,Y,,C,03,0,1,0,0,0,0,0,0,1,"- ","- ",,,"SAN FRANCISCO","SAN FRANCISCO",-122.39962768554688,37.780776977539062
9733974,2024,2024-09-18,3801,2024-07-08,"230 ",812,BAYVI,1,5,7,3801,0,0,0,,0,002,"8TH ST","MARKET ST",0.00,,Y,A,-,N,,,,,,,,,,N,3,0,1,2,A,-,08,22107,,F,B,C,A,A,H,-,C,D,0,,,Y,,Y,,A,07,0,1,0,0,0,0,0,0,1,"- ","- ",,,"SAN FRANCISCO","SAN FRANCISCO",-122.41475677490234,37.778705596923828
9733975,2024,2024-09-18,3801,2024-03-15,1343,82,MISSI,5,5,7,3801,0,0,0,,0,3D14D,"SAN BRUNO AV","23RD ST",133.00,S,N,A,-,N,,,,,,,,,,Y,4,0,2,2,A,-,09,21804,A,N,D,C,A,A,H,-,A,D,0,,,,,Y,,A,01,0,0,2,0,0,0,0,0,0,"- ","- ",,,"SAN FRANCISCO","SAN FRANCISCO",-122.40444946289062,37.754047393798828
9733976,2024,2024-09-27,3801,2024-07-07,2127,141,INGLE,7,5,7,3801,0,0,0,,0,3H15E,"MISSION ST","SAN JUAN AV",0.00,,Y,A,-,N,,,,,,,,,,N,3,0,1,2,A,-,03,22350,,M,B,E,A,A,H,-,C,-,0,,,,,Y,,-,,0,1,0,0,0,0,0,0,0,"- ","- ",,,"SAN FRANCISCO","SAN FRANCISCO",-122.43531799316406,37.724014282226562
9733980,2024,2024-09-18,3801,2024-07-21,1051,2366,NORTH,7,5,7,3801,0,0,0,,0,5CAR,RICHARDSON,FRANCISCO,0.00,,Y,A,-,N,,,,,,,,,,Y,4,0,3,2,A,-,09,21801,,F,D,C,A,A,H,-,A,A,0,,,,,Y,,A,01,0,0,3,0,0,0,0,0,0,"- ","- ",,,"SAN FRANCISCO","SAN FRANCISCO",-122.44715881347656,37.800388336181641
9733991,2024,2024-09-18,3801,2024-06-18,1850,1428,MISSI,2,5,7,3801,0,0,0,,0,3D12D,"DOLORES ST","20TH ST",17.00,S,N,A,-,N,,,,,,,,,,Y,4,0,2,3,A,-,03,22350,,N,C,C,A,A,H,-,A,A,0,,,,,Y,,A,01,0,0,2,0,0,0,0,0,0,"- ","- ",,,"SAN FRANCISCO","SAN FRANCISCO",-122.42582702636719,37.758163452148438
9734051,2024,2024-09-20,3801,2024-08-25,"723 ",2431,NORTH,7,5,7,3801,0,0,0,,0,3E13A,"TURK ST","VAN NESS AV",150.00,E,N,A,-,N,,,,,,,,,,N,4,0,1,2,A,-,21,22106,,N,A,B,-,A,H,-,A,D,0,Y,,,,Y,,A,01,0,0,1,0,1,0,0,0,0,"- ","- ",,,"SAN FRANCISCO","SAN FRANCISCO",-122.42006683349609,37.782012939453125
9734057,2024,2024-09-20,3801,2024-08-24,1605,1857,SOUTH,6,5,7,3801,0,0,0,,0,005,"7TH ST","HUBBELL ST",131.00,S,N,A,-,N,,,,,,,,,,Y,3,0,1,3,A,-,01,23152,A,M,C,E,A,A,H,-,A,D,0,,,,,Y,Y,A,01,0,1,0,0,0,0,0,0,0,"- ","- ",,,"SAN FRANCISCO","SAN FRANCISCO",-122.39638519287109,37.767578125
9734067,2024,2024-09-30,3801,2024-08-10,1738,4187,NORTH,6,5,7,3801,0,0,0,,0,0ED,"POLK ST","CALIFORNIA ST",65.00,S,N,A,-,N,,,,,,,,,,N,4,0,1,3,A,-,17,22517,,N,B,C,A,A,H,-,A,D,0,,,,,Y,,A,01,0,0,1,0,0,0,0,0,0,"- ","- ",,,"SAN FRANCISCO","SAN FRANCISCO",-122.42064666748047,37.790393829345703
9734070,2024,2024-09-19,3801,2024-08-14,"38  ",2497,BAYVI,3,5,7,3801,0,0,0,,0,3C12E,"BAYSHORE BL","HILTON ST",0.00,,Y,A,-,N,,,,,,,,,,N,2,0,1,2,A,-,08,22107,,F,B,G,A,A,H,-,C,D,0,,Y,,,Y,,-,,1,0,0,0,0,0,1,0,0,"- ","- ",,,"SAN FRANCISCO","SAN FRANCISCO",-122.40711212158203,37.738773345947266
9734071,2024,2024-09-27,3801,2024-08-14,2054,2214,SOUTH,3,5,7,3801,0,0,0,,0,3B15D,"GUERRERO ST","ROSA PARKS LN",0.00,,Y,A,-,N,,,,,,,,,,N,4,0,1,2,D,-,00,,,N,G,B,-,A,H,-,C,A,0,Y,,,,Y,,-,"- ",0,0,1,0,1,0,0,0,0,"- ","- ",,,"SAN FRANCISCO","SAN FRANCISCO",-122.42433929443359,37.767322540283203
9734072,2024,2024-09-19,3801,2024-08-24,"610 ",2728,TENDE,6,5,7,3801,0,0,0,,0,908,"LARKIN ST","TURK ST",0.00,,Y,A,-,N,,,,,,,,,,Y,4,0,1,2,A,-,05,21651,A,F,D,C,A,A,H,-,B,A,0,,,,,Y,,-,,0,0,1,0,0,0,0,0,0,"- ","- ",,,"SAN FRANCISCO","SAN FRANCISCO",-122.41733551025391,37.782379150390625
9734073,2024,2024-09-19,3801,2024-08-12,1954,4310,SOUTH,1,5,7,3801,0,0,0,,0,3B14E,"GOUGH ST","OTIS ST",0.00,,Y,A,-,N,,,,,,,,,,N,4,0,1,2,A,-,21,22106,,N,G,B,B,A,H,-,A,A,0,Y,,,,Y,,A,01,0,0,1,0,1,0,0,0,0,"- ","- ",,,"SAN FRANCISCO","SAN FRANCISCO",-122.42033386230469,37.771774291992188
9734074,2024,2024-09-19,3801,2024-08-12,2110,1530,BAYVI,1,5,7,3801,0,0,0,,0,3C12A,"OAKDALE AV","RANKIN ST",232.00,E,N,A,-,N,,,,,,,,,,N,3,0,1,2,A,-,07,21658,,F,C,G,A,A,H,-,C,A,0,,Y,,,Y,,-,,0,1,0,0,0,0,1,0,0,"- ","- ",,,"SAN FRANCISCO","SAN FRANCISCO",-122.39717864990234,37.738487243652344
9734075,2024,2024-09-19,3801,2024-08-13,1338,2407,MISSI,2,5,7,3801,0,0,0,,0,3D14D,"VALENCIA ST","23RD ST",25.00,N,N,A,-,N,,,,,,,,,,N,3,0,1,2,A,-,17,22517,,N,B,G,A,A,H,-,A,A,0,,Y,,,Y,,B,01,0,1,0,0,0,0,1,0,0,"- ","- ",,,"SAN FRANCISCO","SAN FRANCISCO",-122.42081451416016,37.753768920898438
9734076,2024,2024-09-19,3801,2024-08-13,1515,413,MISSI,2,5,7,3801,0,0,0,,0,3D45C,"18TH ST","MISSION ST",0.00,,Y,A,-,N,,,,,,,,,,Y,2,0,1,2,A,-,06,21755,,N,D,C,A,A,H,-,A,D,0,,,Y,,Y,,C,02,1,0,0,0,0,0,0,0,1,"- ","- ",,,"SAN FRANCISCO","SAN FRANCISCO",-122.41936492919922,37.7618408203125
9734077,2024,2024-09-19,3801,2024-08-11,2353,1741,TARAV,7,5,7,3801,0,0,0,,0,901,"19TH AV","19TH AV 3826",0.00,,N,F,-,N,,,,,,,,,,Y,4,0,1,2,A,-,03,22350,,N,B,E,A,B,H,-,C,A,0,,,,,Y,,A,01,0,0,1,0,0,0,0,0,0,"- ","- ",,,"SAN FRANCISCO","SAN FRANCISCO",-122.47480010986328,37.729907989501953
9734078,2024,2024-09-19,3801,2024-08-12,"742 ",1572,SOUTH,1,5,7,3801,0,0,0,,0,3B1A,"FOLSOM ST","FREMONT ST",0.00,,Y,A,-,N,,,,,,,,,,N,3,0,1,2,A,-,08,22101,D,N,B,G,A,A,H,-,A,A,0,,Y,,,Y,,A,01,0,1,0,0,0,0,1,0,0,"- ","- ",,,"SAN FRANCISCO","SAN FRANCISCO",-122.39360046386719,37.788002014160156
9734079,2024,2024-09-19,3801,2024-08-11,2051,158,NORTH,7,5,7,3801,0,0,0,,0,3E14D,"PINE ST","OCTAVIA ST",9.00,E,N,A,-,N,,,,,,,,,,N,4,0,1,2,A,-,04,21703,,N,C,C,A,A,H,-,C,A,0,,,,,Y,,A,07,0,0,1,0,0,0,0,0,0,"- ","- ",,,"SAN FRANCISCO","SAN FRANCISCO",-122.42703247070312,37.788803100585938
9734080,2024,2024-09-19,3801,2024-08-11,2120,2113,BAYVI,7,5,7,3801,0,0,0,,0,3C12E,"GILMAN AV","INGALLS ST",315.00,E,N,A,-,N,,,,,,,,,,Y,4,0,1,3,A,-,01,23152,A,N,C,E,A,A,H,-,C,D,0,,,,,Y,Y,A,01,0,0,1,0,0,0,0,0,0,"- ","- ",,,"SAN FRANCISCO","SAN FRANCISCO",-122.3909912109375,37.719841003417969
9734130,2024,2024-09-23,3801,2024-08-22,1646,1987,TENDE,4,5,7,3801,0,0,0,,0,311D,"MARKET ST","8TH ST",41.00,W,N,A,-,N,,,,,,,,,,N,4,0,1,2,A,-,08,22107,A,N,B,G,A,A,H,-,A,A,0,,Y,,,Y,,I,19,0,0,1,0,0,0,1,0,0,"- ","- ",,,"SAN FRANCISCO","SAN FRANCISCO",-122.41486358642578,37.778633117675781
9734187,2024,2024-09-20,3801,2024-05-27,2330,196,CENTR,1,5,7,3801,0,0,0,,0,3A2E,"MONTGOMERY ST","CLAY ST",0.00,,Y,A,-,N,,,,,,,,,,N,3,0,1,2,A,-,12,21453,A,N,D,J,A,A,H,-,C,A,0,,,,,Y,,M,95,0,1,0,0,0,0,0,0,0,"- ","- ",,,"SAN FRANCISCO","SAN FRANCISCO",-122.40312194824219,37.794681549072266
9734259,2024,2024-09-24,3801,2024-08-28,1552,4026,BAYVI,3,5,7,3801,0,0,0,,0,3C13D,"PALOU AV","3RD ST",36.00,E,N,A,-,N,,,,,,,,,,Y,4,0,2,2,A,-,13,22515,B,N,C,J,A,A,H,-,A,A,0,,,,,Y,,I,20,0,0,2,0,0,0,0,0,0,"- ","- ",,,"SAN FRANCISCO","SAN FRANCISCO",-122.39095306396484,37.733985900878906
9734519,2024,2024-09-23,3801,2024-08-08,"917 ",1916,NORTH,4,5,7,3801,0,0,0,,0,3E11A,"GOUGH ST","OAK ST",0.00,,Y,A,-,N,,,,,,,,,,Y,2,0,1,3,A,-,12,21453,A,N,D,C,A,A,H,-,A,A,0,,,Y,,Y,,A,01,1,0,0,0,0,0,0,0,1,"- ","- ",,,"SAN FRANCISCO","SAN FRANCISCO",-122.42259216308594,37.775016784667969
9734520,2024,2024-09-23,3801,2024-08-15,"905 ",1250,SOUTH,4,5,7,3801,0,0,0,,0,3B5A,"10TH ST","BRYANT ST",0.00,,Y,A,-,N,,,,,,,,,,N,4,0,2,2,A,-,08,22107,,F,B,-,A,A,H,-,A,A,0,,,,,Y,,-,,0,0,2,0,0,0,0,0,0,"- ","- ",,,"SAN FRANCISCO","SAN FRANCISCO",-122.40973663330078,37.770336151123047
9734521,2024,2024-09-23,3801,2024-08-15,"830 ",1385,MISSI,4,5,7,3801,0,0,0,,0,3D5A,"17TH ST","BRYANT ST",0.00,,Y,A,-,N,,,,,,,,,,N,3,0,1,2,A,-,09,21801,A,N,A,G,A,A,H,-,A,A,0,,Y,,,Y,,A,08,0,1,0,0,0,0,1,0,0,"- ","- ",,,"SAN FRANCISCO","SAN FRANCISCO",-122.41038513183594,37.764324188232422
9734522,2024,2024-09-23,3801,2024-08-14,2003,2718,BAYVI,3,5,7,3801,0,0,0,,0,3C11D,"RHODE ISLAND ST","18TH ST",168.00,N,N,A,-,N,,,,,,,,,,N,3,0,1,2,A,-,05,21650,,N,D,C,A,A,H,-,A,D,0,,,,,Y,,M,94,0,1,0,0,0,0,0,0,0,"- ","- ",,,"SAN FRANCISCO","SAN FRANCISCO",-122.40239715576172,37.762691497802734
9734523,2024,2024-09-23,3801,2024-08-14,1450,1333,CENTR,3,5,7,3801,0,0,0,,0,3A11C,"BATTERY ST","BROADWAY ST",0.00,,Y,A,-,N,,,,,,,,,,N,2,0,1,2,A,-,08,22107,,N,B,J,A,A,H,-,A,A,0,,,,,Y,,N,60,1,0,0,0,0,0,0,0,0,"- ","- ",,,"SAN FRANCISCO","SAN FRANCISCO",-122.40103912353516,37.798595428466797
9734524,2024,2024-09-23,3801,2024-08-13,2115,2210,NORTH,2,5,7,3801,0,0,0,,0,0E3,"POLK ST","BUSH ST",0.00,,Y,A,-,N,,,,,,,,,,N,4,0,1,2,A,-,08,22107,,N,D,G,A,A,H,-,C,A,0,,Y,,,Y,,A,08,0,0,1,0,0,0,1,0,0,"- ","- ",,,"SAN FRANCISCO","SAN FRANCISCO",-122.42029571533203,37.788688659667969
9734525,2024,2024-09-23,3801,2024-08-13,1823,1316,RICHM,2,5,7,3801,0,0,0,,0,3G15D,"CROSSOVER DR","TRANSVERSE DR",90.00,E,N,A,-,N,,,,,,,,,,N,2,0,1,2,A,-,10,21950,A,N,G,B,C,A,H,-,A,A,0,Y,,,,Y,,A,01,1,0,0,0,1,0,0,0,0,"- ","- ",,,"SAN FRANCISCO","SAN FRANCISCO",-122.48146057128906,37.771858215332031
9734526,2024,2024-09-23,3801,2024-08-13,1522,CHEUNG,INGLE,2,5,7,3801,0,0,0,,0,3H15D,"FRIDA KAHLO WY","FRIDA KAHLO WY 100 BLK",0.00,,-,A,-,N,,,,,,,,,,Y,4,0,2,2,A,-,09,21801,A,N,D,C,A,A,H,-,A,D,0,,,,,Y,,A,01,0,0,2,0,0,0,0,0,0,"- ","- ",,,"SAN FRANCISCO","SAN FRANCISCO",,
9734535,2024,2024-09-20,3801,2024-06-13,1812,1136,TENDE,4,5,7,3801,0,0,0,,0,3J5D,"ELLIS ST","LARKIN ST",0.00,,Y,B,-,N,,,,,,,,,,N,3,0,1,2,A,-,09,21801,A,N,D,C,A,A,H,-,A,-,0,,,Y,,Y,,A,01,0,1,0,0,0,0,0,0,1,"- ","- ",,,"SAN FRANCISCO","SAN FRANCISCO",-122.417724609375,37.784248352050781
9734536,2024,2024-09-20,3801,2024-06-06,1308,4262,RICHM,4,5,7,3801,0,0,0,,0,,"FULTON ST","42ND AV",0.00,,Y,A,-,N,,,,,,,,,,N,3,0,1,2,A,-,03,22350,,N,G,B,B,A,H,-,A,D,0,Y,,,,Y,,A,01,0,1,0,0,1,0,0,0,0,"- ","- ",,,"SAN FRANCISCO","SAN FRANCISCO",-122.50238800048828,37.771720886230469
9734537,2024,2024-09-20,3801,2024-06-08,"23  ",367,CENTR,6,5,7,3801,0,0,0,,0,3A13E,"CHESTNUT ST","MASON ST",0.00,,Y,A,-,N,,,,,,,,,,N,4,0,1,2,A,-,12,22450,A,F,D,C,A,A,H,-,C,A,0,,,,,Y,,-,,0,0,1,0,0,0,0,0,0,"- ","- ",,,"SAN FRANCISCO","SAN FRANCISCO",-122.41320037841797,37.803745269775391
9734567,2024,2024-09-26,3801,2024-06-25,1518,1286,SOUTH,2,5,7,3801,0,0,0,,0,3B5,"4TH ST","CHINA BASIN ST",0.00,,Y,A,-,N,,,,,,,,,,N,3,0,1,2,A,-,08,22107,,N,B,C,A,A,H,-,A,A,0,,,,,Y,,A,01,0,1,0,0,0,0,0,0,0,"- ","- ",,,"SAN FRANCISCO","SAN FRANCISCO",-122.39132690429688,37.771900177001953
9734917,2024,2024-10-15,3801,2024-09-19,1216,1330,INGLE,4,5,7,3801,0,0,0,,0,3H15A,"PRAGUE ST","DRAKE ST",0.00,,N,A,-,N,,,,,,,,,,N,4,0,1,2,A,-,17,21663,,N,C,C,A,A,H,-,A,D,0,,,,,Y,,A,01,0,0,1,0,0,0,0,0,0,"- ","- ",,,"SAN FRANCISCO","SAN FRANCISCO",-122.43669891357422,37.710018157958984
9734925,2024,2024-10-15,3801,2024-09-20,"525 ",1371,NORTH,5,5,7,3801,0,0,0,,0,001,"OAK ST","WEBSTER ST",0.00,,Y,A,-,N,,,,,,,,,,Y,4,0,1,5,A,-,12,21453,A,F,D,C,A,A,H,-,C,A,0,,,,,Y,,-,99,0,0,1,0,0,0,0,0,0,"- ","- ",,,"SAN FRANCISCO","SAN FRANCISCO",-122.42913055419922,37.774169921875
9734929,2024,2024-10-15,3801,2024-09-07,"650 ",4275,TARAV,6,5,7,3801,0,0,0,,0,3I3A,"LINCOLN WY","CHAIN OF LAKES DR",0.00,,Y,-,-,N,,,,,,,,,,Y,2,0,3,5,A,-,12,22450,A,N,A,C,A,A,-,-,B,A,0,,,,,Y,,A,08,1,0,2,0,0,0,0,0,0,"- ","- ",,,"SAN FRANCISCO","SAN FRANCISCO",-122.50084686279297,37.764415740966797
9734930,2024,2024-10-10,3801,2024-09-03,2018,307,NORTH,2,5,7,3801,0,0,0,,0,3E13D,"VAN NESS AV","TURK ST",0.00,,Y,A,-,N,,,,,,,,,,N,4,0,1,2,A,-,08,22107,,N,B,G,A,A,H,-,C,A,0,,Y,,,Y,,D,22,0,0,1,0,0,0,1,0,0,"- ","- ",,,"SAN FRANCISCO","SAN FRANCISCO",-122.42057800292969,37.781936645507812
9734933,2024,2024-10-15,3801,2024-09-11,"755 ",390,PARK,3,5,7,3801,0,0,0,,0,004,"16TH ST","CASTRO ST",0.00,,Y,A,-,N,,,,,,,,,,N,4,0,1,2,A,-,08,22107,,N,B,-,A,A,H,-,A,A,0,,,,,Y,,I,11,0,0,1,0,0,0,0,0,0,"- ","- ",37.764148712158203,-122.43520355224609,"SAN FRANCISCO","SAN FRANCISCO",-122.43533325195312,37.764106750488281
9734934,2024,2024-10-14,3801,2024-09-10,1633,1226,SOUTH,2,5,7,3801,0,0,0,,0,1500,"SOUTH VAN NESS AV","MARKET ST",102.00,S,N,A,-,N,,,,,,,,,,Y,4,0,1,4,A,-,08,22107,,N,B,-,A,A,H,-,A,A,0,,,,,Y,,M,50,0,0,1,0,0,0,0,0,0,"- ","- ",,,"SAN FRANCISCO","SAN FRANCISCO",-122.41917419433594,37.774898529052734
9734977,2024,2024-10-17,3801,2024-09-05,"636 ",A25838,MISSI,4,5,7,3801,0,0,0,,0,005,"VAN NESS AV","16TH ST",0.00,,Y,A,-,N,,,,,,,,,,N,3,0,1,2,A,-,00,38300,,N,D,J,A,A,H,-,A,A,0,,,,Y,Y,,M,94,0,1,0,0,0,0,0,0,0,"- ","- ",,,"SAN FRANCISCO","SAN FRANCISCO",-122.41748809814453,37.765178680419922
9734978,2024,2024-10-14,3801,2024-09-14,1635,4314,RICHM,6,5,7,3801,0,0,0,,0,0G2,"GEARY BL","MASONIC AV",133.00,E,N,B,-,N,,,,,,,,,,Y,2,0,1,2,C,-,18,,,N,G,B,E,A,H,-,A,D,0,Y,,,,Y,Y,-,"- ",1,0,0,0,1,0,0,0,0,"- ","- ",,,"SAN FRANCISCO","SAN FRANCISCO",-122.44741058349609,37.782249450683594