CASE_ID,ACCIDENT_YEAR,PROC_DATE,JURIS,COLLISION_DATE,COLLISION_TIME,OFFICER_ID,REPORTING_DISTRICT,DAY_OF_WEEK,CHP_SHIFT,POPULATION,CNTY_CITY_LOC,SPECIAL_COND,BEAT_TYPE,CHP_BEAT_TYPE,CITY_DIVISION_LAPD,CHP_BEAT_CLASS,BEAT_NUMBER,PRIMARY_RD,SECONDARY_RD,DISTANCE,DIRECTION,INTERSECTION,WEATHER_1,WEATHER_2,STATE_HWY_IND,CALTRANS_COUNTY,CALTRANS_DISTRICT,STATE_ROUTE,ROUTE_SUFFIX,POSTMILE_PREFIX,POSTMILE,LOCATION_TYPE,RAMP_INTERSECTION,SIDE_OF_HWY,TOW_AWAY,COLLISION_SEVERITY,NUMBER_KILLED,NUMBER_INJURED,PARTY_COUNT,PRIMARY_COLL_FACTOR,PCF_CODE_OF_VIOL,PCF_VIOL_CATEGORY,PCF_VIOLATION,PCF_VIOL_SUBSECTION,HIT_AND_RUN,TYPE_OF_COLLISION,MVIW,PED_ACTION,ROAD_SURFACE,ROAD_COND_1,ROAD_COND_2,LIGHTING,CONTROL_DEVICE,CHP_ROAD_TYPE,PEDESTRIAN_ACCIDENT,BICYCLE_ACCIDENT,MOTORCYCLE_ACCIDENT,TRUCK_ACCIDENT,NOT_PRIVATE_PROPERTY,ALCOHOL_INVOLVED,STWD_VEHTYPE_AT_FAULT,CHP_VEHTYPE_AT_FAULT,COUNT_SEVERE_INJ,COUNT_VISIBLE_INJ,COUNT_COMPLAINT_PAIN,COUNT_PED_KILLED,COUNT_PED_INJURED,COUNT_BICYCLIST_KILLED,COUNT_BICYCLIST_INJURED,COUNT_MC_KILLED,COUNT_MC_INJURED,PRIMARY_RAMP,SECONDARY_RAMP,LATITUDE,LONGITUDE,COUNTY,CITY,POINT_X,POINT_Y
9734979,2024,2024-10-18,3801,2024-09-26,"522 ",2722,CENTR,4,5,7,3801,0,0,0,,0,3A5E,"PINE ST","FRONT ST",0.00,,Y,B,-,N,,,,,,,,,,N,2,0,1,4,A,-,08,22107,,N,B,E,E,B,H,-,C,A,0,Y,,,Y,Y,,F,25,1,0,0,0,1,0,0,0,0,"- ","- ",,,"SAN FRANCISCO","SAN FRANCISCO",-122.39862060546875,37.792385101318359
9734980,2024,2024-10-14,3801,2024-09-24,"940 ",1580,SOUTH,2,5,7,3801,0,0,0,,0,3B5A,"16TH ST","7TH ST",0.00,,Y,A,-,N,,,,,,,,,,N,4,0,1,2,A,-,08,22107,,M,B,C,A,A,H,-,A,A,0,,,,,Y,,A,08,0,0,1,0,0,0,0,0,0,"- ","- ",,,"SAN FRANCISCO","SAN FRANCISCO",-122.39506530761719,37.766536712646484
9735029,2024,2024-10-24,3801,2024-09-13,"833 ",704,BAYVI,5,5,7,3801,0,0,0,,0,3C4A,"RT 101","SAN BRUNO AV",0.00,,N,A,-,N,,,,,,,,,,N,4,0,1,2,A,-,06,21750,,N,B,C,A,A,H,-,A,D,0,,,,,Y,,I,20,0,0,1,0,0,0,0,0,0,SF,"- ",,,"SAN FRANCISCO","SAN FRANCISCO",,
9735978,2024,2024-11-19,3801,2024-10-04,1320,301,INGLE,5,5,7,3801,0,0,0,,0,3H11D,"GENEVA AV","LONDON ST",0.00,,Y,A,-,N,,,,,,,,,,N,4,0,1,2,A,-,03,22350,,F,C,C,A,A,H,-,A,A,0,,,,,Y,,A,01,0,0,1,0,0,0,0,0,0,"- ","- ",,,"SAN FRANCISCO","SAN FRANCISCO",-122.44023895263672,37.716049194335938
9735979,2024,2025-04-10,3801,2024-10-04,1449,2105,CENTR,5,5,7,3801,0,0,0,,0,3A42C,"LEAVENWORTH ST","POST ST",0.00,,Y,A,-,N,,,,,,,,,,N,4,0,1,2,A,-,10,21950,A,N,G,B,B,A,H,-,A,A,0,Y,,Y,,Y,,C,03,0,0,1,0,1,0,0,0,0,"- ","- ",,,"SAN FRANCISCO","SAN FRANCISCO",-122.41499328613281,37.787452697753906
9735980,2024,2024-11-08,3801,2024-10-04,1201,2038,PARK,5,5,7,3801,0,0,0,,0,3F43,"HAIGHT ST","LYON ST",6.00,E,N,A,-,N,,,,,,,,,,N,3,0,1,1,D,-,00,,,N,H,A,A,A,H,-,A,D,0,,,Y,,Y,,-,"- ",0,1,0,0,0,0,0,0,1,"- ","- ",,,"SAN FRANCISCO","SAN FRANCISCO",-122.44198608398438,37.770641326904297
9736001,2024,2024-09-20,3801,2024-08-03,"519 ",709,BAYV,6,5,7,3801,0,0,0,,0,3C11E,"WISCONSIN ST","20TH ST",603.00,S,N,A,-,N,,,,,,,,,,Y,3,0,1,7,A,-,03,22350,,N,H,E,A,A,H,-,C,D,0,,,,,Y,,A,01,0,1,0,0,0,0,0,0,0,"- ","- ",,,"SAN FRANCISCO","SAN FRANCISCO",-122.3990478515625,37.758197784423828
9736002,2024,2024-09-20,3801,2024-08-02,2212,124,MISSI,5,5,7,3801,0,0,0,,0,3D6E,"POTRERO AV","18TH ST",100.00,S,N,A,-,N,,,,,,,,,,Y,4,0,1,2,A,-,05,21651,B,N,A,E,A,A,-,-,C,A,0,,,,,Y,,-,,0,0,1,0,0,0,0,0,0,"- ","- ",,,"SAN FRANCISCO","SAN FRANCISCO",-122.40719604492188,37.76165771484375
9736003,2024,2024-09-20,3801,2024-08-03,"118 ",2359,TARAV,6,5,7,3801,0,0,0,,0,015,"JUNIPERO SERRA BL","SLOAT BL",116.00,S,N,A,-,N,,,,,,,,,,Y,3,0,1,1,A,-,03,22350,,N,E,I,A,A,H,-,C,A,0,,,,,Y,,A,01,0,1,0,0,0,0,0,0,0,"- ","- ",,,"SAN FRANCISCO","SAN FRANCISCO",-122.47171020507812,37.734477996826172
9736004,2024,2024-09-20,3801,2024-08-02,1946,301,INGLE,5,5,7,3801,0,0,0,,0,3H11D,"EUGENIA AV","MOULTRIE ST",0.00,,Y,A,-,N,,,,,,,,,,N,4,0,3,2,A,-,03,22350,,N,D,C,A,A,H,-,A,A,0,,,,,Y,,A,01,0,0,3,0,0,0,0,0,0,"- ","- ",,,"SAN FRANCISCO","SAN FRANCISCO",-122.415771484375,37.740421295166016
9736005,2024,2024-09-26,3801,2024-08-02,1400,2088,INGLE,5,5,7,3801,0,0,0,,0,,"DOLORES ST","27TH ST",0.00,,Y,A,-,N,,,,,,,,,,N,4,0,1,2,A,-,03,22350,,F,C,C,A,A,H,-,A,A,0,,,,,Y,,A,01,0,0,1,0,0,0,0,0,0,"- ","- ",,,"SAN FRANCISCO","SAN FRANCISCO",-122.42474365234375,37.747024536132812
9736006,2024,2024-09-20,3801,2024-08-02,1204,1296,INGLE,5,5,7,3801,0,0,0,,0,3H16A,"BAYSHORE BL","BLANKEN AV",0.00,,Y,A,-,N,,,,,,,,,,N,3,0,1,2,A,-,12,21453,A,N,-,B,B,A,H,-,A,A,0,Y,,,,Y,,-,,0,1,0,0,1,0,0,0,0,"- ","- ",,,"SAN FRANCISCO","SAN FRANCISCO",-122.40158843994141,37.712539672851562
9736007,2024,2024-09-20,3801,2024-08-02,1020,2143,TARAV,5,5,7,3801,0,0,0,,0,315A,"BROTHERHOOD WY","THOMAS MORE WY",0.00,,Y,B,-,N,,,,,,,,,,Y,4,0,2,2,A,-,04,21703,,N,C,C,A,A,H,-,A,A,0,,,,,Y,,A,01,0,0,2,0,0,0,0,0,0,"- ","- ",,,"SAN FRANCISCO","SAN FRANCISCO",-122.47277069091797,37.712852478027344
9736008,2024,2024-09-26,3801,2024-08-01,1911,970,TENDE,4,5,7,3801,0,0,0,,0,3J14D,"MARKET ST","8TH ST",49.00,W,N,A,-,N,,,,,,,,,,N,3,0,1,3,A,-,17,22517,,N,H,C,F,A,D,-,A,D,0,Y,,,,Y,,N,60,0,1,0,0,0,0,0,0,0,"- ","- ",,,"SAN FRANCISCO","SAN FRANCISCO",-122.41488647460938,37.778617858886719
9736009,2024,2024-09-20,3801,2024-08-01,1643,484,SOUTH,4,5,7,3801,0,0,0,,0,,"9TH ST","DIVISION ST",0.00,,Y,A,-,N,,,,,,,,,,Y,3,0,2,2,A,-,09,21800,A,N,A,C,A,A,H,-,A,A,0,,,,,Y,,-,,0,1,1,0,0,0,0,0,0,"- ","- ",,,"SAN FRANCISCO","SAN FRANCISCO",-122.40620422363281,37.769454956054688
9736010,2024,2024-09-20,3801,2024-08-01,1155,1530,BAYVI,4,5,7,3801,0,0,0,,0,3C4A,"INGERSON AV","3RD ST",0.00,E,N,A,-,N,,,,,,,,,,N,3,0,1,2,A,-,03,22350,,N,G,B,F,A,H,-,A,D,0,Y,,,,Y,,A,01,0,1,0,0,1,0,0,0,0,"- ","- ",,,"SAN FRANCISCO","SAN FRANCISCO",-122.39636993408203,37.720989227294922
9736011,2024,2024-09-20,3801,2024-08-19,"909 ",643,TARAV,1,5,7,3801,0,0,0,,0,3I15A,"SKYLINE BL","JOHN MUIR DR",200.00,S,N,A,-,N,,,,,,,,,,Y,4,0,3,3,A,-,03,22350,,N,C,C,A,A,H,-,A,A,0,,,,,Y,,A,01,0,0,3,0,0,0,0,0,0,"- ","- ",,,"SAN FRANCISCO","SAN FRANCISCO",-122.5001220703125,37.718402862548828
9736012,2024,2024-09-20,3801,2024-08-20,1800,1226,SOUTH,2,5,7,3801,0,0,0,,0,1500,"CLEMENTINA ST","5TH ST",0.00,,Y,A,-,N,,,,,,,,,,N,4,0,1,2,A,-,08,22107,,F,D,C,A,A,H,-,B,A,0,,,,,Y,,A,01,0,0,1,0,0,0,0,0,0,"- ","- ",,,"SAN FRANCISCO","SAN FRANCISCO",-122.40390777587891,37.780712127685547
9736013,2024,2024-09-20,3801,2024-08-21,1443,1061,SOUTH,3,5,7,3801,0,0,0,,0,3B91,"HOWARD ST","MAIN ST",0.00,,Y,A,-,N,,,,,,,,,,N,3,0,1,2,A,-,12,21453,A,N,C,G,A,A,H,-,A,A,0,,Y,,,Y,,L,04,0,1,0,0,0,0,1,0,0,"- ","- ",,,"SAN FRANCISCO","SAN FRANCISCO",-122.39340209960938,37.790622711181641
9736015,2024,2024-09-20,3801,2024-08-16,1635,1249,CENTR,5,5,7,3801,0,0,0,,0,3A77,"KEARNY ST","SACRAMENTO ST",15.00,N,N,A,-,N,,,,,,,,,,N,3,0,1,2,A,-,03,22350,,N,D,C,A,A,H,-,A,A,0,,,Y,,Y,,C,02,0,1,0,0,0,0,0,0,1,"- ","- ",,,"SAN FRANCISCO","SAN FRANCISCO",-122.40460205078125,37.79364013671875
9736016,2024,2024-09-20,3801,2024-08-16,1617,1066,NORTH,5,5,7,3801,0,0,0,,0,3E4,"CALIFORNIA ST","OCTAVIA ST",50.00,E,N,A,-,N,,,,,,,,,,N,3,0,1,2,A,-,08,22107,,F,B,G,A,A,H,-,A,D,0,,Y,,,Y,,A,01,0,1,0,0,0,0,1,0,0,"- ","- ",,,"SAN FRANCISCO","SAN FRANCISCO",-122.42708587646484,37.789752960205078
9736017,2024,2024-09-20,3801,2024-08-16,1232,1917,TARAV,5,5,7,3801,0,0,0,,0,3I4A,"WAWONA ST","19TH AV",15.00,W,N,A,-,N,,,,,,,,,,N,4,0,1,2,A,-,04,21703,,N,C,C,A,A,H,-,A,A,0,,,Y,,Y,,A,07,0,0,1,0,0,0,0,0,1,"- ","- ",,,"SAN FRANCISCO","SAN FRANCISCO",-122.47534942626953,37.737457275390625
9736018,2024,2024-09-20,3801,2024-08-16,"728 ",1916,NORTH,5,5,7,3801,0,0,0,,0,3E12A,"POLK ST",OFARRELL,0.00,,Y,A,-,N,,,,,,,,,,Y,4,0,1,2,A,-,12,21453,A,N,D,C,A,A,H,-,A,A,0,,,,,Y,,A,01,0,0,1,0,0,0,0,0,0,"- ","- ",,,"SAN FRANCISCO","SAN FRANCISCO",-122.41954803466797,37.784969329833984
9736019,2024,2024-09-20,3801,2024-08-16,"605 ",4132,MISSI,5,5,7,3801,0,0,0,,0,4CAR,"LUCKY ST","25TH ST",0.00,,Y,A,-,N,,,,,,,,,,Y,4,0,1,3,A,-,09,21804,A,N,D,C,A,A,H,-,C,D,0,,,,,Y,,A,01,0,0,1,0,0,0,0,0,0,"- ","- ",,,"SAN FRANCISCO","SAN FRANCISCO",-122.41336059570312,37.750949859619141
9736020,2024,2024-09-20,3801,2024-08-16,2300,2028,SOUTH,5,5,7,3801,0,0,0,,0,3B12E,"MISSION ST","5TH ST",0.00,,Y,A,-,N,,,,,,,,,,N,4,0,1,2,A,-,10,21950,A,N,G,B,B,A,H,-,C,A,0,Y,,,,Y,,A,01,0,0,1,0,1,0,0,0,0,"- ","- ",,,"SAN FRANCISCO","SAN FRANCISCO",-122.40648651123047,37.782737731933594
9736029,2024,2024-09-18,3801,2024-08-03,2045,1061,SOUTH,6,5,7,3801,0,0,0,,0,3B14D,"9TH ST","HARRISON ST",0.00,,Y,A,-,N,,,,,,,,,,Y,4,0,1,2,D,-,00,,,N,F,E,A,A,H,-,C,A,0,,,,,Y,,-,"- ",0,0,1,0,0,0,0,0,0,"- ","- ",,,"SAN FRANCISCO","SAN FRANCISCO",-122.41004943847656,37.772533416748047
9736030,2024,2024-09-18,3801,2024-08-02,2035,1836,TARAV,5,5,7,3801,0,0,0,,0,3CAR,"NORIEGA ST","43RD AV",0.00,,Y,A,-,N,,,,,,,,,,N,4,0,2,2,A,-,09,21802,,N,D,C,A,A,H,-,C,A,0,,,,,Y,,A,01,0,0,2,0,0,0,0,0,0,"- ","- ",,,"SAN FRANCISCO","SAN FRANCISCO",-122.502197265625,37.753108978271484
9736054,2024,2024-09-18,3801,2024-07-24,1320,4307,NORTH,3,5,7,3801,0,0,0,,0,3E15A,"FRANKLIN ST","CALIFORNIA ST",0.00,,Y,A,-,N,,,,,,,,,,N,4,0,1,2,A,-,03,22350,,N,C,C,A,A,H,-,A,D,0,,,,,Y,,A,01,0,0,1,0,0,0,0,0,0,"- ","- ",,,"SAN FRANCISCO","SAN FRANCISCO",-122.42397308349609,37.7901611328125
9736055,2024,2024-09-18,3801,2024-07-10,2148,2143,MISSI,3,5,7,3801,0,0,0,,0,3D11E,"MARKET ST","DOLORES ST",0.00,,Y,A,-,N,,,,,,,,,,N,3,0,1,2,A,-,08,22107,,N,C,G,A,A,H,-,C,D,0,,Y,Y,,Y,Y,L,04,0,1,0,0,0,0,0,0,1,"- ","- ",,,"SAN FRANCISCO","SAN FRANCISCO",-122.42691040039062,37.769203186035156
9736056,2024,2024-09-18,3801,2024-07-26,1331,1823,MISSI,5,5,7,3801,0,0,0,,0,001,"16TH ST","SANCHEZ ST",0.00,,Y,A,-,N,,,,,,,,,,Y,4,0,1,2,A,-,17,21461,A,N,D,C,A,A,D,-,A,A,0,,,,,Y,,A,07,0,0,1,0,0,0,0,0,0,"- ","- ",,,"SAN FRANCISCO","SAN FRANCISCO",-122.43087768554688,37.764358520507812
9736057,2024,2024-09-18,3801,2024-07-05,1658,1994,TRAFF,5,5,7,3801,0,0,0,,0,4B3C,"S VAN NESS AV","14TH ST",0.00,,Y,A,-,N,,,,,,,,,,Y,2,0,6,2,A,-,12,21453,A,N,D,C,A,A,H,-,A,A,0,,,Y,,Y,,C,02,1,0,5,0,0,0,0,0,2,"- ","- ",,,"SAN FRANCISCO","SAN FRANCISCO",-122.41780090332031,37.768417358398438
9736058,2024,2024-09-18,3801,2024-07-30,"700 ",375,BAYVI,2,5,7,3801,0,0,0,,0,3C60,"3RD ST","JAMESTOWN AV",865.00,S,N,B,C,N,,,,,,,,,,Y,4,0,2,4,A,-,03,22350,,F,E,I,A,B,-,-,D,D,0,,,,,Y,Y,A,07,0,0,2,0,0,0,0,0,0,"- ","- ",37.719310760498047,-122.39952850341797,"SAN FRANCISCO","SAN FRANCISCO",-122.39816284179688,37.718208312988281
9736059,2024,2024-09-18,3801,2024-07-30,1853,1994,TRAFF,2,5,7,3801,0,0,0,,0,4B3C,"OAK ST","SHRADER ST",20.00,W,N,A,-,N,,,,,,,,,,N,4,0,1,2,D,-,00,,,F,C,C,A,A,H,-,A,A,0,,,Y,,Y,,-,"- ",0,0,1,0,0,0,0,0,0,"- ","- ",,,"SAN FRANCISCO","SAN FRANCISCO",-122.45228576660156,37.771221160888672
9736060,2024,2024-09-18,3801,2024-07-30,1605,4314,RICHM,2,5,7,3801,0,0,0,,0,0G2,"CALIFORNIA ST","PRESIDIO AV",63.00,W,N,A,-,N,,,,,,,,,,N,3,0,1,2,A,-,04,21703,,N,C,G,A,A,H,-,A,D,0,,Y,,,Y,,L,04,0,1,0,0,0,0,1,0,0,"- ","- ",,,"SAN FRANCISCO","SAN FRANCISCO",-122.44699859619141,37.787235260009766
9736061,2024,2024-09-18,3801,2024-07-05,1555,1166,INGLE,5,5,7,3801,0,0,0,,0,3H15D,"4967 MISSION ST",LIGHTPOLE,30.00,E,N,A,-,N,,,,,,,,,,N,4,0,1,2,A,-,09,21804,A,N,D,C,A,A,H,-,A,D,0,,,Y,,Y,,A,01,0,0,1,0,0,0,0,0,1,"- ","- ",,,"SAN FRANCISCO","SAN FRANCISCO",,
9736063,2024,2024-09-18,3801,2024-07-10,1619,1205,TENDE,3,5,7,3801,0,0,0,,0,3J15D,"LARKIN ST","OFARRELL ST",0.00,,Y,A,-,N,,,,,,,,,,N,3,0,1,2,A,-,11,21453,D,N,G,B,D,A,H,-,A,A,0,Y,,,,Y,,N,60,0,1,0,0,1,0,0,0,0,"- ","- ",,,"SAN FRANCISCO","SAN FRANCISCO",-122.41790008544922,37.785167694091797
9736064,2024,2025-04-10,3801,2024-07-04,1703,2305,TRAFF,4,5,7,3801,0,0,0,,0,4B3K,"OAK ST","PIERCE ST",0.00,,Y,A,-,N,,,,,,,,,,Y,4,0,4,5,A,-,12,21453,A,N,D,C,A,-,-,-,A,A,0,,,,,Y,,A,01,0,0,4,0,0,0,0,0,0,"- ","- ",,,"SAN FRANCISCO","SAN FRANCISCO",-122.43409729003906,37.773540496826172
9736110,2024,2024-09-23,3801,2024-08-15,1938,2195,NORTH,4,5,7,3801,0,0,0,,0,003,"FRANKLIN ST","GEARY BL",0.00,,Y,A,-,N,,,,,,,,,,N,4,0,1,2,A,-,12,21453,A,N,D,C,A,A,H,-,A,A,0,,,,,Y,,A,07,0,0,1,0,0,0,0,0,0,"- ","- ",,,"SAN FRANCISCO","SAN FRANCISCO",-122.42301940917969,37.785484313964844
9736111,2024,2024-09-30,3801,2024-08-05,1543,2711,TENDE,1,5,7,3801,0,0,0,,0,3J12D,"TURK ST","POLK ST",0.00,,Y,A,-,N,,,,,,,,,,N,3,0,1,2,A,-,00,21230,,N,D,C,A,A,H,-,A,D,0,,,Y,,Y,,C,03,0,1,0,0,0,0,0,0,1,"- ","- ",,,"SAN FRANCISCO","SAN FRANCISCO",-122.41899871826172,37.782169342041016
9736112,2024,2024-09-23,3801,2024-08-06,2152,2461,TENDE,2,5,7,3801,0,0,0,,0,0J2,"MARKET ST","STOCKTON ST",0.00,,Y,A,-,N,,,,,,,,,,N,4,0,1,2,A,-,12,21453,A,N,D,G,A,A,H,-,C,A,0,,Y,,,Y,,L,04,0,0,1,0,0,0,1,0,0,"- ","- ",,,"SAN FRANCISCO","SAN FRANCISCO",-122.40589141845703,37.785697937011719
9736113,2024,2024-09-23,3801,2024-08-02,1906,2195,NORTH,5,5,7,3801,0,0,0,,0,005,"LOMBARD ST","LAGUNA ST",0.00,,Y,A,-,N,,,,,,,,,,N,4,0,1,3,A,-,03,22350,,N,C,C,A,A,H,-,A,A,0,,,,,Y,,A,01,0,0,1,0,0,0,0,0,0,"- ","- ",,,"SAN FRANCISCO","SAN FRANCISCO",-122.43110656738281,37.80047607421875
9738420,2024,2024-09-26,3801,2024-06-23,2331,1769,BAYVI,7,5,7,3801,0,0,0,,0,,"ILLINOIS ST","MARIPOSA ST",85.00,S,N,A,-,N,,,,,,,,,,N,4,0,1,3,A,-,04,21703,,N,C,C,A,A,H,-,C,D,0,,,,,Y,,A,01,0,0,1,0,0,0,0,0,0,"- ","- ",,,"SAN FRANCISCO","SAN FRANCISCO",-122.38790130615234,37.764148712158203
9738756,2024,2024-12-06,3801,2024-08-27,"35  ",2460,SOUTH,2,5,7,3801,0,0,0,,0,3B13E,"VAN NESS AV","MARKET ST",15.00,N,N,A,-,Y,SF,4,101,-,T,4.860,I,5,S,Y,2,0,2,2,A,-,12,21453,A,N,D,G,A,A,H,-,C,A,0,,Y,Y,,Y,,L,04,2,0,0,0,0,0,1,0,1,"- ","- ",,,"SAN FRANCISCO","SAN FRANCISCO",-122.41934204101562,37.775142669677734
9738881,2024,2024-10-24,3801,2024-09-23,"855 ",4258,NORTH,1,5,7,3801,0,0,0,,0,005,"VAN NESS AV","PACIFIC ST",52.00,S,N,A,-,Y,SF,4,101,-,-,6.240,H,-,N,Y,4,0,1,1,A,-,04,21703,,N,E,I,A,A,H,-,A,A,0,,,,,Y,,A,01,0,0,1,0,0,0,0,0,0,"- ","- ",,,"SAN FRANCISCO","SAN FRANCISCO",-122.42311096191406,37.794692993164062
9738999,2024,2024-12-17,3801,2024-11-07,1816,1732,TENDE,4,5,7,3801,0,0,0,,0,1500,"LARKIN ST","GROVE ST",0.00,,Y,A,-,N,,,,,,,,,,N,3,0,1,2,A,-,10,21950,A,N,G,B,B,A,H,-,C,A,0,Y,,,,Y,,A,01,0,1,0,0,1,0,0,0,0,"- ","- ",,,"SAN FRANCISCO","SAN FRANCISCO",-122.41658782958984,37.778659820556641
9739000,2024,2024-12-17,3801,2024-11-08,1525,2004,TARAV,5,5,7,3801,0,0,0,,0,2CAR,"SANTIAGO ST","27TH AV",0.00,,Y,A,-,N,,,,,,,,,,N,4,0,2,2,A,-,12,22450,A,N,D,C,A,A,H,-,A,A,0,,,,,Y,,M,94,0,0,2,0,0,0,0,0,0,"- ","- ",,,"SAN FRANCISCO","SAN FRANCISCO",-122.48439025878906,37.744541168212891
9739003,2024,2024-12-17,3801,2024-11-15,"848 ",412,MISSI,5,5,7,3801,0,0,0,,0,0600,"24TH ST","NOE ST",0.00,,Y,A,-,N,,,,,,,,,,N,2,0,1,3,A,-,10,21950,A,N,G,B,B,A,H,-,A,D,0,Y,,,,Y,,A,01,1,0,0,0,1,0,0,0,0,"- ","- ",,,"SAN FRANCISCO","SAN FRANCISCO",-122.43186950683594,37.751426696777344
9739004,2024,2024-12-17,3801,2024-11-17,"23  ",1988,NORTH,7,5,7,3801,0,0,0,,0,3E12E,"MARKET ST","LARKIN ST",0.00,,Y,A,-,N,,,,,,,,,,Y,3,0,1,2,A,-,12,21453,,N,D,-,A,A,H,-,C,-,0,,Y,,,Y,,L,04,0,1,0,0,0,0,1,0,0,"- ","- ",,,"SAN FRANCISCO","SAN FRANCISCO",-122.41632843017578,37.777500152587891
9739106,2024,2025-02-26,3801,2024-12-27,"138 ",1196,SOUTH,5,5,7,3801,0,0,0,,0,3B14E,"05TH ST","HARRISON ST",0.00,,Y,C,-,N,,,,,,,,,,Y,3,0,1,1,A,-,00,23154,A,N,E,I,A,B,H,-,C,A,0,,,,,Y,Y,A,01,0,1,0,0,0,0,0,0,0,"- ","- ",,,"SAN FRANCISCO","SAN FRANCISCO",-122.401859,37.779035
9740302,2024,2024-10-14,3801,2024-08-28,1236,1605,NORTH,3,5,7,3801,0,0,0,,0,3E15A,"GOUGH ST","WASHINGTON ST",69.00,S,N,A,-,N,,,,,,,,,,Y,3,0,2,2,A,-,01,23153,A,N,B,E,A,A,H,-,A,D,0,,,,,Y,Y,A,01,0,1,1,0,0,0,0,0,0,"- ","- ",,,"SAN FRANCISCO","SAN FRANCISCO",-122.42611694335938,37.792461395263672
9740399,2024,2024-10-09,3801,2024-09-15,1704,1061,SOUTH,7,5,7,3801,0,0,0,,0,3B12D,"2ND ST","TOWNSEND ST",0.00,,Y,A,-,N,,,,,,,,,,N,4,0,2,2,A,-,12,21453,A,N,D,C,A,A,H,-,A,A,0,,,,,Y,,A,01,0,0,2,0,0,0,0,0,0,"- ","- ",,,"SAN FRANCISCO","SAN FRANCISCO",-122.39051818847656,37.780624389648438
9740400,2024,2024-10-09,3801,2024-09-22,2212,1246,BAYVI,7,5,7,3801,0,0,0,,0,3C4E,"SAN BRUNO AV","OLMSTEAD ST",0.00,,Y,A,-,N,,,,,,,,,,Y,4,0,1,2,A,-,09,21801,A,F,D,C,A,A,H,-,C,D,0,,,,,Y,,A,01,0,0,1,0,0,0,0,0,0,"- ","- ",,,"SAN FRANCISCO","SAN FRANCISCO",-122.40163421630859,37.722843170166016
9740401,2024,2024-10-09,3801,2024-09-23,2051,1350,BAYVI,1,5,7,3801,0,0,0,,0,3C13D,"INGALLS ST","INGERSON AV",0.00,,Y,A,-,N,,,,,,,,,,N,4,0,1,2,A,-,10,21950,A,N,G,B,B,A,H,-,C,A,0,Y,,,,Y,,A,07,0,0,1,0,1,0,0,0,0,"- ","- ",,,"SAN FRANCISCO","SAN FRANCISCO",-122.39299011230469,37.719097137451172
9740402,2024,2024-10-09,3801,2024-09-10,1340,DANG1350,BAYVI,2,5,7,3801,0,0,0,,0,3C1C,"MARIPOSA ST","MINNESOTA ST",0.00,,Y,A,-,N,,,,,,,,,,,4,0,1,2,A,-,12,21453,A,F,G,B,B,A,H,-,A,A,0,Y,,,,Y,,-,99,0,0,1,0,1,0,0,0,0,"- ","- ",,,"SAN FRANCISCO","SAN FRANCISCO",-122.39080810546875,37.764205932617188
9740403,2024,2024-10-09,3801,2024-09-24,1650,1350,BAYVI,2,5,7,3801,0,0,0,,0,3C13D,"EVANS AV","NEWHALL ST",0.00,,Y,A,-,N,,,,,,,,,,Y,4,0,2,4,A,-,12,22450,A,F,D,C,A,A,H,-,A,A,0,,,,,Y,,A,07,0,0,2,0,0,0,0,0,0,"- ","- ",,,"SAN FRANCISCO","SAN FRANCISCO",-122.38661956787109,37.741886138916016
9740405,2024,2024-10-09,3801,2024-09-24,"900 ",47,TARAV,2,5,7,3801,0,0,0,,0,012,"LINCOLN WY","21ST AV",0.00,,Y,A,-,N,,,,,,,,,,N,3,0,1,2,A,-,11,21950,B,N,G,B,B,A,H,-,A,A,0,Y,,,,Y,,N,60,0,1,0,0,1,0,0,0,0,"- ","- ",,,"SAN FRANCISCO","SAN FRANCISCO",-122.47942352294922,37.765357971191406
9740406,2024,2024-10-09,3801,2024-09-24,"922 ",1540,TARAV,2,5,7,3801,0,0,0,,0,311A,"TARAVAL ST","14TH AV",80.00,W,N,A,-,N,,,,,,,,,,Y,4,0,1,2,A,-,06,21750,A,N,B,C,A,A,H,-,A,A,0,,,,,Y,,A,01,0,0,1,0,0,0,0,0,0,"- ","- ",,,"SAN FRANCISCO","SAN FRANCISCO",-122.47050476074219,37.743278503417969
9740407,2024,2024-10-09,3801,2024-09-24,"522 ",2089,TENDE,2,5,7,3801,0,0,0,,0,COJ1CA,"MARKET ST","11TH ST",0.00,,Y,A,-,N,,,,,,,,,,N,3,0,1,2,A,-,08,22102,,N,D,G,A,A,H,-,C,A,0,,Y,,,Y,,A,01,0,1,0,0,0,0,1,0,0,"- ","- ",,,"SAN FRANCISCO","SAN FRANCISCO",-122.418701171875,37.775600433349609
9740408,2024,2024-10-09,3801,2024-09-24,1710,1740,CENTR,2,5,7,3801,0,0,0,,0,3A13D,"MASON ST","WASHINGTON ST",0.00,,Y,A,-,N,,,,,,,,,,N,4,0,1,2,A,-,12,21453,A,N,H,F,A,A,H,-,A,A,0,,,,,Y,,A,01,0,0,1,0,0,0,0,0,0,"- ","- ",,,"SAN FRANCISCO","SAN FRANCISCO",-122.41136932373047,37.794536590576172
9740409,2024,2024-10-09,3801,2024-09-23,1649,4026,BAYVI,1,5,7,3801,0,0,0,,0,3C13D,"3RD ST","CARGO WY",117.00,S,N,A,-,N,,,,,,,,,,N,3,0,1,2,A,-,04,21703,,F,C,G,A,A,H,-,A,A,0,,Y,,,Y,,A,01,0,1,0,0,0,0,1,0,0,"- ","- ",,,"SAN FRANCISCO","SAN FRANCISCO",-122.38707733154297,37.74578857421875
9740410,2024,2025-09-04,3801,2024-09-23,1740,54,TARAV,1,5,7,3801,0,0,0,,0,0B3,"8TH ST","HOWARD ST",0.00,,Y,A,-,N,,,,,,,,,,N,3,0,1,2,A,-,08,22107,,F,B,J,A,A,-,-,A,A,0,,,,,Y,,A,01,0,1,0,0,0,0,0,0,0,"- ","- ",,,"SAN FRANCISCO","SAN FRANCISCO",-122.41159057617188,37.776229858398438