CASE_ID,ACCIDENT_YEAR,PROC_DATE,JURIS,COLLISION_DATE,COLLISION_TIME,OFFICER_ID,REPORTING_DISTRICT,DAY_OF_WEEK,CHP_SHIFT,POPULATION,CNTY_CITY_LOC,SPECIAL_COND,BEAT_TYPE,CHP_BEAT_TYPE,CITY_DIVISION_LAPD,CHP_BEAT_CLASS,BEAT_NUMBER,PRIMARY_RD,SECONDARY_RD,DISTANCE,DIRECTION,INTERSECTION,WEATHER_1,WEATHER_2,STATE_HWY_IND,CALTRANS_COUNTY,CALTRANS_DISTRICT,STATE_ROUTE,ROUTE_SUFFIX,POSTMILE_PREFIX,POSTMILE,LOCATION_TYPE,RAMP_INTERSECTION,SIDE_OF_HWY,TOW_AWAY,COLLISION_SEVERITY,NUMBER_KILLED,NUMBER_INJURED,PARTY_COUNT,PRIMARY_COLL_FACTOR,PCF_CODE_OF_VIOL,PCF_VIOL_CATEGORY,PCF_VIOLATION,PCF_VIOL_SUBSECTION,HIT_AND_RUN,TYPE_OF_COLLISION,MVIW,PED_ACTION,ROAD_SURFACE,ROAD_COND_1,ROAD_COND_2,LIGHTING,CONTROL_DEVICE,CHP_ROAD_TYPE,PEDESTRIAN_ACCIDENT,BICYCLE_ACCIDENT,MOTORCYCLE_ACCIDENT,TRUCK_ACCIDENT,NOT_PRIVATE_PROPERTY,ALCOHOL_INVOLVED,STWD_VEHTYPE_AT_FAULT,CHP_VEHTYPE_AT_FAULT,COUNT_SEVERE_INJ,COUNT_VISIBLE_INJ,COUNT_COMPLAINT_PAIN,COUNT_PED_KILLED,COUNT_PED_INJURED,COUNT_BICYCLIST_KILLED,COUNT_BICYCLIST_INJURED,COUNT_MC_KILLED,COUNT_MC_INJURED,PRIMARY_RAMP,SECONDARY_RAMP,LATITUDE,LONGITUDE,COUNTY,CITY,POINT_X,POINT_Y
9740411,2024,2024-10-09,3801,2024-09-10,2020,4744,NORTH,2,5,7,3801,0,0,0,,0,3E00,"OAK ST","STEINER ST",0.00,,Y,A,-,N,,,,,,,,,,N,3,0,1,2,A,-,10,21950,A,N,G,B,B,A,H,-,C,A,0,Y,,,,Y,,A,01,0,1,0,0,1,0,0,0,0,"- ","- ",,,"SAN FRANCISCO","SAN FRANCISCO",-122.43245697021484,37.773746490478516
9740412,2024,2024-10-09,3801,2024-09-05,"119 ",2408,MISSI,4,5,7,3801,0,0,0,,0,3D12E,"SOUTH VAN NESS AV","18TH ST",171.00,S,N,A,-,N,,,,,,,,,,Y,4,0,1,3,A,-,03,22350,A,N,C,E,A,A,H,-,C,D,0,,,,,Y,Y,A,07,0,0,1,0,0,0,0,0,0,"- ","- ",,,"SAN FRANCISCO","SAN FRANCISCO",-122.41716003417969,37.761482238769531
9740413,2024,2024-10-09,3801,2024-09-03,1428,913,BAYVI,2,5,7,3801,0,0,0,,0,3C15A,"JENNINGS ST","FITZGERALD AV",35.00,S,N,A,-,N,,,,,,,,,,N,4,0,1,4,A,-,08,22107,,N,B,C,A,A,H,-,A,A,0,,,,,Y,,A,01,0,0,1,0,0,0,0,0,0,"- ","- ",,,"SAN FRANCISCO","SAN FRANCISCO",-122.39327239990234,37.721931457519531
9740414,2024,2024-10-09,3801,2024-09-02,1957,798,NORTH,1,5,7,3801,0,0,0,,0,3E12D,"GOLDEN GATE AV","DIVISADERO ST",146.00,E,N,-,-,N,,,,,,,,,,Y,4,0,2,3,A,-,05,21651,B,N,A,C,A,A,H,-,C,D,0,,,,,Y,,A,01,0,0,2,0,0,0,0,0,0,"- ","- ",,,"SAN FRANCISCO","SAN FRANCISCO",-122.43804168701172,37.778797149658203
9740415,2024,2024-10-09,3801,2024-09-04,1329,1371,NORTH,3,5,7,3801,0,0,0,,0,002,"MARKET ST","GOUGH ST",0.00,,Y,A,-,N,,,,,,,,,,N,4,0,1,1,A,-,17,21205,,N,F,J,A,A,H,-,A,A,0,,Y,,,Y,,L,04,0,0,1,0,0,0,1,0,0,"- ","- ",,,"SAN FRANCISCO","SAN FRANCISCO",-122.42221069335938,37.772872924804688
9740416,2024,2024-10-09,3801,2024-09-04,1800,4257,MISSI,3,5,7,3801,0,0,0,,0,005,"VALENCIA ST","SYCAMORE ST",0.00,,Y,A,-,N,,,,,,,,,,N,3,0,2,2,A,-,08,22101,D,N,D,G,A,A,H,-,A,A,0,,Y,,,Y,,A,01,0,1,1,0,0,0,2,0,0,"- ","- ",,,"SAN FRANCISCO","SAN FRANCISCO",-122.42164611816406,37.762550354003906
9740418,2024,2024-10-09,3801,2024-09-05,1926,2705,BAYVI,4,5,7,3801,0,0,0,,0,3C11D,"18TH ST","MINNESOTA ST",0.00,,Y,A,-,N,,,,,,,,,,N,3,0,1,2,A,-,09,21801,A,N,D,C,A,A,H,-,B,A,0,,,Y,,Y,,C,02,0,1,0,0,0,0,0,0,1,"- ","- ",,,"SAN FRANCISCO","SAN FRANCISCO",-122.39070892333984,37.762928009033203
9740419,2024,2024-10-15,3801,2024-09-05,2158,1017,NORTH,4,5,7,3801,0,0,0,,0,3E15E,"VAN NESS AV","GOLDEN GATE AV",0.00,,Y,A,-,N,,,,,,,,,,Y,4,0,1,2,A,-,12,21453,A,N,-,C,A,A,H,-,C,A,0,,,,,Y,,A,01,0,0,1,0,0,0,0,0,0,"- ","- ",,,"SAN FRANCISCO","SAN FRANCISCO",-122.42038726806641,37.781028747558594
9740420,2024,2024-10-09,3801,2024-09-03,"100 ",913,BAYVI,2,5,7,3801,0,0,0,,0,3C15A,"LANE ST","THOMAS AV",35.00,N,N,A,-,N,,,,,,,,,,N,4,0,2,2,A,-,09,21804,A,N,B,C,A,A,H,-,A,A,0,,,,,Y,,M,50,0,0,2,0,0,0,0,0,0,"- ","- ",,,"SAN FRANCISCO","SAN FRANCISCO",-122.39122009277344,37.730506896972656
9740421,2024,2024-10-09,3801,2024-09-03,2030,2390,PARK,2,5,7,3801,0,0,0,,0,3F60,"FELL ST","CENTRAL AV",228.00,E,N,A,-,N,,,,,,,,,,N,4,0,1,2,A,-,11,21955,,N,G,B,D,A,H,-,C,D,0,Y,,,,Y,,N,60,0,0,1,0,1,0,0,0,0,"- ","- ",,,"SAN FRANCISCO","SAN FRANCISCO",-122.44342041015625,37.773303985595703
9740422,2024,2024-10-09,3801,2024-09-03,2121,1871,INGLE,2,5,7,3801,0,0,0,,0,901,"MISSION ST","SILVER AV",111.00,S,N,A,-,N,,,,,,,,,,N,4,0,1,2,A,-,05,21650,,N,D,G,A,A,H,-,C,D,0,,Y,,,Y,,L,04,0,0,1,0,0,0,1,0,0,"- ","- ",,,"SAN FRANCISCO","SAN FRANCISCO",-122.4315185546875,37.728500366210938
9740423,2024,2024-10-09,3801,2024-09-04,"816 ",1015,PARK,3,5,7,3801,0,0,0,,0,3CAR,"BLAKE ST","ANZA ST",0.00,,Y,A,-,N,,,,,,,,,,N,3,0,1,2,A,-,21,22106,,N,-,B,D,A,H,-,A,D,0,Y,,,,Y,,A,01,0,1,0,0,1,0,0,0,0,"- ","- ",,,"SAN FRANCISCO","SAN FRANCISCO",-122.45082092285156,37.7806396484375
9740424,2024,2024-10-09,3801,2024-09-05,1835,2407,MISSI,4,5,7,3801,0,0,0,,0,3D4D,"22ND ST","HARRISON ST",2.00,E,N,A,-,N,,,,,,,,,,N,4,0,1,2,A,-,12,22450,A,N,D,B,B,A,H,-,A,A,0,Y,,,,Y,,A,01,0,0,1,0,1,0,0,0,0,"- ","- ",,,"SAN FRANCISCO","SAN FRANCISCO",-122.41221618652344,37.755840301513672
9740426,2024,2024-10-15,3801,2024-09-02,"845 ",1530,BAYVI,1,5,7,3801,0,0,0,,0,3C15A,"3RD ST","WALLACE AV",0.00,,Y,A,-,N,,,,,,,,,,N,4,0,1,2,A,-,12,21453,A,N,D,C,A,A,H,-,A,A,0,,,,,Y,,A,07,0,0,1,0,0,0,0,0,0,"- ","- ",,,"SAN FRANCISCO","SAN FRANCISCO",-122.39299774169922,37.728530883789062
9740427,2024,2024-10-10,3801,2024-09-02,1838,4115,TARAV,1,5,7,3801,0,0,0,,0,3I15D,"BUCKINGHAM WY","WINSTON DR",0.00,,-,A,-,N,,,,,,,,,,N,3,0,1,2,A,-,10,21950,A,N,G,B,B,A,H,-,A,A,0,Y,,,,Y,,A,01,0,1,0,0,1,0,0,0,0,"- ","- ",,,"SAN FRANCISCO","SAN FRANCISCO",-122.47597503662109,37.730087280273438
9740428,2024,2024-10-16,3801,2024-09-02,"155 ",469,MISSI,1,5,7,3801,0,0,0,,0,3D2D,"17TH ST","ALBION ST",0.00,,Y,A,-,N,,,,,,,,,,Y,3,0,5,2,A,-,08,22107,,N,D,C,A,A,H,-,C,D,0,,,,,Y,,A,01,0,1,4,0,0,0,0,0,0,"- ","- ",,,"SAN FRANCISCO","SAN FRANCISCO",-122.42271423339844,37.76324462890625
9740429,2024,2024-10-09,3801,2024-09-16,1740,2390,PARK,1,5,7,3801,0,0,0,,0,3F1D,"CLARENDON AV","OLYMPIA WY",34.00,N,N,A,-,N,,,,,,,,,,Y,3,0,2,2,A,-,03,22350,,N,A,E,A,A,H,-,A,D,0,,,,,Y,,-,,0,1,1,0,0,0,0,0,0,"- ","- ",,,"SAN FRANCISCO","SAN FRANCISCO",-122.45632934570312,37.751571655273438
9740431,2024,2024-10-10,3801,2024-09-01,"56  ",318,INGLE,7,5,7,3801,0,0,0,,0,003,"SILVER AV","VIENNA ST",118.00,E,N,A,-,N,,,,,,,,,,Y,4,0,2,2,A,-,03,22350,,N,C,C,A,A,H,-,C,D,0,,,,,Y,,A,01,0,0,2,0,0,0,0,0,0,"- ","- ",,,"SAN FRANCISCO","SAN FRANCISCO",-122.42378997802734,37.728763580322266
9740432,2024,2024-10-14,3801,2024-09-01,"818 ",A21169,PARK,7,5,7,3801,0,0,0,,0,PARK,"HAIGHT ST","BELVEDERE ST",101.00,E,N,A,-,N,,,,,,,,,,N,3,0,1,2,A,-,"- ",,A,F,G,B,E,A,H,-,A,A,0,Y,,,,Y,,A,01,0,1,0,0,1,0,0,0,0,"- ","- ",,,"SAN FRANCISCO","SAN FRANCISCO",-122.44932556152344,37.769691467285156
9740433,2024,2024-10-11,3801,2024-09-15,1055,2008,MISSI,7,5,7,3801,0,0,0,,0,3D13A,"22ND ST","TREAT AV",71.00,W,N,A,-,N,,,,,,,,,,,3,0,1,2,A,-,06,21750,A,N,B,C,-,A,H,-,A,D,0,Y,,,,Y,,N,60,0,1,0,0,1,0,0,0,0,"- ","- ",,,"SAN FRANCISCO","SAN FRANCISCO",-122.41353607177734,37.755767822265625
9740434,2024,2024-10-09,3801,2024-09-16,"830 ",1948,MISSI,1,5,7,3801,0,0,0,,0,001,"VALENCIA ST","SYCAMORE ST",0.00,,Y,A,-,N,,,,,,,,,,N,4,0,1,2,A,-,08,22107,,N,B,G,A,A,H,-,A,D,0,,Y,,,Y,,A,01,0,0,1,0,0,0,1,0,0,"- ","- ",,,"SAN FRANCISCO","SAN FRANCISCO",-122.42164611816406,37.762550354003906
9740436,2024,2024-10-15,3801,2024-09-16,1716,2192,MISSI,1,5,7,3801,0,0,0,,0,3D13D,"24TH ST","SHOTWELL ST",60.00,E,N,A,-,N,,,,,,,,,,Y,4,0,2,4,A,-,07,21658,,F,B,E,A,A,H,-,A,D,0,,,,,Y,,A,01,0,0,2,0,0,0,0,0,0,"- ","- ",,,"SAN FRANCISCO","SAN FRANCISCO",-122.41497039794922,37.752460479736328
9740437,2024,2024-10-11,3801,2024-09-12,2030,2186,INGLE,4,5,7,3801,0,0,0,,0,03H,"BOSWORTH ST","LIPPARD AV",0.00,,Y,F,-,N,,,,,,,,,,N,4,0,1,2,A,-,10,21950,A,F,G,B,B,-,G,-,-,A,0,Y,,,,Y,,A,01,0,0,1,0,1,0,0,0,0,"- ","- ",,,"SAN FRANCISCO","SAN FRANCISCO",-122.43581390380859,37.73388671875
9740438,2024,2024-10-09,3801,2024-09-14,1835,2168,MISSI,6,5,7,3801,0,0,0,,0,3D12D,"ALAMEDA ST","POTRERO AV",50.00,E,N,A,-,N,,,,,,,,,,N,4,0,1,2,A,-,04,21703,,N,C,G,A,A,H,-,B,A,0,,Y,,,Y,,A,01,0,0,1,0,0,0,1,0,0,"- ","- ",,,"SAN FRANCISCO","SAN FRANCISCO",-122.40761566162109,37.768394470214844
9740439,2024,2024-10-09,3801,2024-09-15,"227 ",709,BAYVI,7,5,7,3801,0,0,0,,0,0227,"18TH ST","MISSISSIPPI ST",0.00,,Y,A,-,N,,,,,,,,,,Y,4,0,1,2,A,-,12,22450,A,N,D,C,A,A,H,-,C,A,0,,,,,Y,,A,07,0,0,1,0,0,0,0,0,0,"- ","- ",,,"SAN FRANCISCO","SAN FRANCISCO",-122.39461517333984,37.762702941894531
9740440,2024,2024-10-09,3801,2024-09-15,1140,786,CENTR,7,5,7,3801,0,0,0,,0,3A13A,"JEFFERSON ST","JONES ST",160.00,E,N,A,-,N,,,,,,,,,,N,4,0,1,1,A,-,03,22350,,N,H,A,A,A,H,-,A,A,0,,,,,Y,,M,94,0,0,1,0,0,0,0,0,0,"- ","- ",,,"SAN FRANCISCO","SAN FRANCISCO",-122.4168701171875,37.808082580566406
9740441,2024,2024-10-09,3801,2024-09-13,"919 ",1917,TARAV,5,5,7,3801,0,0,0,,0,314A,"MONTEREY BL","SAN ALESO AV",0.00,,Y,A,-,N,,,,,,,,,,Y,4,0,1,2,A,-,09,21801,A,N,D,C,A,A,H,-,A,A,0,,,,,Y,,A,01,0,0,1,0,0,0,0,0,0,"- ","- ",,,"SAN FRANCISCO","SAN FRANCISCO",-122.46443176269531,37.732292175292969
9740442,2024,2024-10-10,3801,2024-09-13,1306,2144,PARK,5,5,7,3801,0,0,0,,0,3F13A,"BAKER ST","HAYES ST",0.00,,Y,A,-,N,,,,,,,,,,N,4,0,1,2,A,-,03,22350,,N,D,D,A,A,H,-,A,A,0,,,Y,,Y,,C,02,0,0,1,0,0,0,0,0,1,"- ","- ",,,"SAN FRANCISCO","SAN FRANCISCO",-122.44110870361328,37.774555206298828
9740443,2024,2024-10-09,3801,2024-09-14,1127,1188,INGLE,6,5,7,3801,0,0,0,,0,3H14A,"ALEMANY BL","SANTA ROSA AV",0.00,,Y,A,-,N,,,,,,,,,,N,4,0,1,2,A,-,08,22107,,F,B,C,A,A,H,-,A,D,0,,,,,Y,,A,07,0,0,1,0,0,0,0,0,0,"- ","- ",,,"SAN FRANCISCO","SAN FRANCISCO",-122.43605804443359,37.726757049560547
9740444,2024,2024-10-09,3801,2024-09-14,1500,4335,RICHM,6,5,7,3801,0,0,0,,0,901,"BALBOA ST","PARK PRESIDIO BL",0.00,,Y,B,-,N,,,,,,,,,,N,4,0,1,2,A,-,08,22107,,F,A,C,A,A,H,-,A,A,0,,,,,Y,,A,01,0,0,1,0,0,0,0,0,0,"- ","- ",,,"SAN FRANCISCO","SAN FRANCISCO",-122.47206115722656,37.776851654052734
9740445,2024,2024-10-09,3801,2024-09-18,1017,1524,INGLE,3,5,7,3801,0,0,0,,0,3H104,"SANTOS ST","GENEVA AV",0.00,,Y,A,-,N,,,,,,,,,,N,4,0,1,2,A,-,04,21703,,N,C,C,A,A,H,-,A,A,0,,,,,Y,,A,01,0,0,1,0,0,0,0,0,0,"- ","- ",,,"SAN FRANCISCO","SAN FRANCISCO",-122.42008209228516,37.708316802978516
9740446,2024,2024-10-09,3801,2024-09-18,1129,1519,BAYVI,3,5,7,3801,0,0,0,,0,3C60,"BAYSHORE BL","FLOWER ST",60.00,S,N,A,-,N,,,,,,,,,,Y,4,0,1,1,A,-,03,22350,A,N,F,-,A,A,H,-,A,D,0,,,Y,,Y,,C,03,0,0,1,0,0,0,0,0,1,"- ","- ",,,"SAN FRANCISCO","SAN FRANCISCO",-122.40576171875,37.742359161376953
9740447,2024,2025-10-07,3801,2024-09-01,"856 ",1422,TRAFF,7,5,7,3801,0,0,0,,0,,"VAN NESS AV","GOLDEN GATE AV",0.00,,Y,A,-,N,,,,,,,,,,N,2,0,1,2,A,-,10,21950,A,F,G,B,B,A,H,-,A,A,0,Y,,,,Y,Y,A,01,1,0,0,0,1,0,0,0,0,"- ","- ",,,"SAN FRANCISCO","SAN FRANCISCO",-122.42038726806641,37.781028747558594
9740448,2024,2024-10-11,3801,2024-09-13,"56  ",750,TENDE,5,5,7,3801,0,0,0,,0,3J12E,"FOLSOM ST","7TH ST",0.00,,Y,A,-,N,,,,,,,,,,Y,3,0,2,3,A,-,17,21657,,F,D,C,A,A,H,-,C,A,0,,,,,Y,,A,01,0,1,1,0,0,0,0,0,0,"- ","- ",,,"SAN FRANCISCO","SAN FRANCISCO",-122.40784454345703,37.776771545410156
9740449,2024,2024-10-09,3801,2024-09-21,2229,709,BAYVI,6,5,7,3801,0,0,0,,0,3C11E,"INDIANA ST","25TH ST",38.00,N,N,A,-,N,,,,,,,,,,N,4,0,1,2,A,-,00,21954,,N,G,B,D,A,H,-,C,A,0,Y,,,,Y,,N,60,0,0,1,0,1,0,0,0,0,"- ","- ",,,"SAN FRANCISCO","SAN FRANCISCO",-122.39071655273438,37.752780914306641
9740450,2024,2024-10-09,3801,2024-09-21,2350,2400,BAYVI,6,5,7,3801,0,0,0,,0,3C12E,"PALOU AV","SELBY ST",0.00,,Y,A,-,N,,,,,,,,,,N,4,0,1,2,A,-,12,22450,,N,D,C,A,A,H,-,A,A,0,,,,,Y,,A,01,0,0,1,0,0,0,0,0,0,"- ","- ",,,"SAN FRANCISCO","SAN FRANCISCO",-122.40026092529297,37.739284515380859
9740451,2024,2024-10-09,3801,2024-09-17,1040,156,BAYVI,2,5,7,3801,0,0,0,,0,3C60,"3RD ST","BANCROFT ST",0.00,,Y,A,-,N,,,,,,,,,,N,3,0,1,2,A,-,10,21950,A,N,G,B,B,A,H,-,A,A,0,Y,,,,Y,,A,01,0,1,0,0,1,0,0,0,0,"- ","- ",,,"SAN FRANCISCO","SAN FRANCISCO",-122.39400482177734,37.726272583007812
9740452,2024,2024-10-09,3801,2024-09-04,"948 ",863,PARK,3,5,7,3801,0,0,0,,0,,"OAK ST",DIVISADERO,246.00,W,N,A,-,N,,,,,,,,,,Y,4,0,2,3,A,-,04,21703,,N,C,C,A,A,H,-,A,-,0,,,,,Y,Y,A,01,0,0,2,0,0,0,0,0,0,"- ","- ",,,"SAN FRANCISCO","SAN FRANCISCO",-122.43827056884766,37.773021697998047
9740453,2024,2024-10-09,3801,2024-09-12,1930,1316,RICHM,4,5,7,3801,0,0,0,,0,3G12D,"MASONIC AV","GEARY BL",200.00,N,N,A,-,N,,,,,,,,,,N,4,0,1,2,A,-,08,22107,,N,B,C,A,A,H,-,B,A,0,,,,,Y,,A,01,0,0,1,0,0,0,0,0,0,"- ","- ",,,"SAN FRANCISCO","SAN FRANCISCO",-122.44786834716797,37.782279968261719
9740454,2024,2024-10-09,3801,2024-09-21,2043,2374,CENTR,6,5,7,3801,0,0,0,,0,0A4,"COLUMBUS AV",BROADWAY,0.00,,Y,A,-,N,,,,,,,,,,N,3,0,1,1,C,-,18,,,N,F,J,A,A,H,-,C,A,0,,Y,,,Y,,-,"- ",0,1,0,0,0,0,1,0,0,"- ","- ",,,"SAN FRANCISCO","SAN FRANCISCO",-122.40663909912109,37.797893524169922
9740455,2024,2024-10-16,3801,2024-09-24,1909,230,TENDE,2,5,7,3801,0,0,0,,0,COJ4CA,"MARKET ST","5TH ST",169.00,W,N,A,-,N,,,,,,,,,,,3,0,1,2,A,-,03,22350,,N,E,I,A,A,H,-,B,A,0,,,,,Y,,A,01,0,1,0,0,0,0,0,0,0,"- ","- ",,,"SAN FRANCISCO","SAN FRANCISCO",-122.40847778320312,37.783676147460938
9740456,2024,2024-10-09,3801,2024-09-17,1000,4258,NORTH,2,5,7,3801,0,0,0,,0,005,"LOMBARD ST","STEINER ST",0.00,,Y,A,-,N,,,,,,,,,,Y,4,0,1,2,A,-,08,22107,,N,D,C,A,A,H,-,A,A,0,,,Y,,Y,,A,01,0,0,1,0,0,0,0,0,1,"- ","- ",,,"SAN FRANCISCO","SAN FRANCISCO",-122.43769073486328,37.799640655517578
9740457,2024,2024-10-09,3801,2024-09-25,1952,1337,NORTH,3,5,7,3801,0,0,0,,0,0E4,"CALIFORNIA ST","BUCHANAN ST",0.00,,Y,A,-,N,,,,,,,,,,N,4,0,1,2,A,-,10,21950,A,N,G,B,B,A,H,-,C,A,0,Y,,,,Y,,A,01,0,0,1,0,1,0,0,0,0,"- ","- ",,,"SAN FRANCISCO","SAN FRANCISCO",-122.4305419921875,37.789306640625
9740458,2024,2024-10-09,3801,2024-09-23,1035,1114,RICHM,1,5,7,3801,0,0,0,,0,3G1A,FULTON,"PARK PRESIDIO",0.00,,Y,A,-,N,,,,,,,,,,N,4,0,1,2,A,-,05,21651,B,N,A,G,A,A,H,-,A,A,0,,Y,,,Y,,L,04,0,0,1,0,0,0,1,0,0,FR,"- ",,,"SAN FRANCISCO","SAN FRANCISCO",-122.47177886962891,37.773124694824219
9740459,2024,2024-10-11,3801,2024-09-06,1430,1911,RICHM,5,5,7,3801,0,0,0,,0,RICHMO,"MASONIC AV","GEARY BL",50.00,N,N,A,-,N,,,,,,,,,,N,4,0,1,2,A,-,"- ",,,N,C,C,A,A,H,-,A,A,0,,,,,Y,,A,01,0,0,1,0,0,0,0,0,0,"- ","- ",,,"SAN FRANCISCO","SAN FRANCISCO",-122.44786834716797,37.782279968261719
9740460,2024,2024-10-09,3801,2024-09-15,"910 ",17,INGLE,7,5,7,3801,0,0,0,,0,3H14A,"FOERSTER ST","MONTEREY BL",0.00,,Y,B,-,N,,,,,,,,,,Y,4,0,1,2,A,-,09,21801,,N,A,C,A,A,H,-,A,A,0,,,,,Y,,A,01,0,0,1,0,0,0,0,0,0,"- ","- ",,,"SAN FRANCISCO","SAN FRANCISCO",-122.44886779785156,37.731544494628906
9740461,2024,2024-10-09,3801,2024-09-03,1550,970,TENDE,2,5,7,3801,0,0,0,,0,3J15D,"HYDE ST","TURK ST",0.00,,Y,A,-,N,,,,,,,,,,N,4,0,1,3,A,-,04,21703,,N,-,C,A,A,H,-,A,A,0,,,,,Y,,A,01,0,0,1,0,0,0,0,0,0,"- ","- ",,,"SAN FRANCISCO","SAN FRANCISCO",-122.41569519042969,37.782566070556641
9740462,2024,2024-10-09,3801,2024-09-17,1210,1580,SOUTH,2,5,7,3801,0,0,0,,0,3B5A,"HARRISON ST","4TH ST",0.00,,Y,B,-,N,,,,,,,,,,N,4,0,1,2,A,-,10,21950,A,N,G,B,B,A,H,-,A,A,0,Y,,,,Y,,A,01,0,0,1,0,1,0,0,0,0,"- ","- ",,,"SAN FRANCISCO","SAN FRANCISCO",-122.39962768554688,37.780776977539062
9740463,2024,2024-10-09,3801,2024-09-17,1709,2228,CENTR,2,5,7,3801,0,0,0,,0,3A3D,"HYDE ST","PINE ST",0.00,,Y,B,-,N,,,,,,,,,,N,4,0,1,2,A,-,12,21453,A,N,D,C,A,A,H,-,A,A,0,,,,,Y,,A,01,0,0,1,0,0,0,0,0,0,"- ","- ",,,"SAN FRANCISCO","SAN FRANCISCO",-122.41719818115234,37.790035247802734
9740464,2024,2024-10-14,3801,2024-09-17,1813,385,CENTR,2,5,7,3801,0,0,0,,0,3A2D,"BUSH ST","MONTGOMERY ST",20.00,E,N,A,-,N,,,,,,,,,,N,3,0,1,2,A,-,08,22107,,N,C,C,A,A,H,-,A,A,0,,,,,Y,,A,01,0,1,0,0,0,0,0,0,0,"- ","- ",,,"SAN FRANCISCO","SAN FRANCISCO",-122.40229034423828,37.790981292724609
9740465,2024,2024-10-09,3801,2024-09-03,1745,2154,TARAV,2,5,7,3801,0,0,0,,0,002,"QUINTARA ST","28TH AV",0.00,,-,A,-,N,,,,,,,,,,N,3,0,1,2,A,-,11,21954,A,N,G,B,E,A,-,-,A,D,0,Y,,,,Y,Y,N,60,0,1,0,0,1,0,0,0,0,"- ","- ",,,"SAN FRANCISCO","SAN FRANCISCO",-122.48573303222656,37.748233795166016
9740466,2024,2024-10-14,3801,2024-09-24,1405,1533,NORTH,2,5,7,3801,0,0,0,,0,3E1C,"FELL ST","FRANKLIN ST",52.00,E,N,A,-,N,,,,,,,,,,N,3,0,1,1,A,-,03,22350,,N,F,A,A,A,H,-,A,A,0,,Y,,,Y,,L,04,0,1,0,0,0,0,1,0,0,"- ","- ",,,"SAN FRANCISCO","SAN FRANCISCO",-122.42095947265625,37.77618408203125
9740467,2024,2024-10-14,3801,2024-09-23,1113,624,NORTH,1,5,7,3801,0,0,0,,0,002,"GOLDEN GATE AV","LAGUNA ST",126.00,W,N,A,-,N,,,,,,,,,,N,4,0,1,2,A,-,08,22107,,N,D,G,A,A,D,-,A,D,0,,Y,,,Y,,M,91,0,0,1,0,0,0,1,0,0,"- ","- ",,,"SAN FRANCISCO","SAN FRANCISCO",-122.42745208740234,37.780139923095703
9740468,2024,2024-10-09,3801,2024-09-18,1940,2457,SOUTH,3,5,7,3801,0,0,0,,0,3B15E,"3RD ST","BERRY ST",0.00,,Y,A,-,N,,,,,,,,,,N,3,0,1,2,A,-,09,21801,A,N,D,-,A,A,-,-,C,D,0,,Y,,,Y,,L,04,0,1,0,0,0,0,1,0,0,"- ","- ",,,"SAN FRANCISCO","SAN FRANCISCO",-122.39110565185547,37.77752685546875
9740469,2024,2024-10-11,3801,2024-09-11,"807 ",1964,INGLE,3,5,7,3801,0,0,0,,0,,"PARK ST","PARK ST 156",0.00,,Y,A,-,N,,,,,,,,,,Y,3,0,1,2,A,-,00,22350,B,M,C,C,A,A,H,-,A,A,0,,,Y,,Y,,C,02,0,1,0,0,0,0,0,0,1,"- ","- ",,,"SAN FRANCISCO","SAN FRANCISCO",-119.58942413330078,35.245502471923828
9740470,2024,2024-11-12,3801,2024-09-01,"855 ",917,TRAFF,7,5,7,3801,0,0,0,,0,4B2E,"VAN NESS AV","MARKET ST",0.00,,Y,A,-,N,,,,,,,,,,N,2,0,1,2,A,-,10,21950,A,F,G,B,B,A,H,-,A,A,0,Y,,,,Y,,A,01,1,0,0,0,1,0,0,0,0,"- ","- ",,,"SAN FRANCISCO","SAN FRANCISCO",-122.41925811767578,37.775169372558594
9740471,2024,2024-10-14,3801,2024-09-11,1550,82,MISSI,3,5,7,3801,0,0,0,,0,3D14D,"MISSION ST","25TH ST",15.00,S,N,A,-,N,,,,,,,,,,N,4,0,1,2,A,-,17,21235,G,F,D,B,F,A,H,-,A,D,0,Y,,,,Y,,M,94,0,0,1,0,1,0,0,0,0,"- ","- ",,,"SAN FRANCISCO","SAN FRANCISCO",-122.41829681396484,37.750617980957031
9740472,2024,2024-10-09,3801,2024-09-11,1559,4187,NORTH,3,5,7,3801,0,0,0,,0,3E11D,"DIVISADERO ST","TURK ST",0.00,,Y,A,-,N,,,,,,,,,,N,3,0,3,2,A,-,00,23123,5,N,C,C,A,A,H,-,A,A,0,,,,,Y,,A,01,0,1,2,0,0,0,0,0,0,"- ","- ",,,"SAN FRANCISCO","SAN FRANCISCO",-122.43874359130859,37.779640197753906
9740474,2024,2024-10-10,3801,2024-09-23,1748,4848,SOUTH,1,5,7,3801,0,0,0,,0,3B3,"6TH ST","HARRISON ST",1.00,N,N,A,-,N,,,,,,,,,,N,4,0,1,2,A,-,04,21703,,F,C,C,A,A,H,-,A,A,0,,,,,Y,,-,,0,0,1,0,0,0,0,0,0,"- ","- ",,,"SAN FRANCISCO","SAN FRANCISCO",-122.40408325195312,37.777313232421875
9740479,2024,2024-10-10,3801,2024-09-02,1119,2323,BAYVI,1,5,7,3801,0,0,0,,0,,"PALOU AV","LANE ST",0.00,,Y,A,-,N,,,,,,,,,,Y,4,0,2,2,A,-,12,22450,A,N,D,C,A,A,H,-,A,A,0,,,,,Y,,A,01,0,0,2,0,0,0,0,0,0,"- ","- ",,,"SAN FRANCISCO","SAN FRANCISCO",-122.38903045654297,37.732933044433594