CASE_ID,ACCIDENT_YEAR,PROC_DATE,JURIS,COLLISION_DATE,COLLISION_TIME,OFFICER_ID,REPORTING_DISTRICT,DAY_OF_WEEK,CHP_SHIFT,POPULATION,CNTY_CITY_LOC,SPECIAL_COND,BEAT_TYPE,CHP_BEAT_TYPE,CITY_DIVISION_LAPD,CHP_BEAT_CLASS,BEAT_NUMBER,PRIMARY_RD,SECONDARY_RD,DISTANCE,DIRECTION,INTERSECTION,WEATHER_1,WEATHER_2,STATE_HWY_IND,CALTRANS_COUNTY,CALTRANS_DISTRICT,STATE_ROUTE,ROUTE_SUFFIX,POSTMILE_PREFIX,POSTMILE,LOCATION_TYPE,RAMP_INTERSECTION,SIDE_OF_HWY,TOW_AWAY,COLLISION_SEVERITY,NUMBER_KILLED,NUMBER_INJURED,PARTY_COUNT,PRIMARY_COLL_FACTOR,PCF_CODE_OF_VIOL,PCF_VIOL_CATEGORY,PCF_VIOLATION,PCF_VIOL_SUBSECTION,HIT_AND_RUN,TYPE_OF_COLLISION,MVIW,PED_ACTION,ROAD_SURFACE,ROAD_COND_1,ROAD_COND_2,LIGHTING,CONTROL_DEVICE,CHP_ROAD_TYPE,PEDESTRIAN_ACCIDENT,BICYCLE_ACCIDENT,MOTORCYCLE_ACCIDENT,TRUCK_ACCIDENT,NOT_PRIVATE_PROPERTY,ALCOHOL_INVOLVED,STWD_VEHTYPE_AT_FAULT,CHP_VEHTYPE_AT_FAULT,COUNT_SEVERE_INJ,COUNT_VISIBLE_INJ,COUNT_COMPLAINT_PAIN,COUNT_PED_KILLED,COUNT_PED_INJURED,COUNT_BICYCLIST_KILLED,COUNT_BICYCLIST_INJURED,COUNT_MC_KILLED,COUNT_MC_INJURED,PRIMARY_RAMP,SECONDARY_RAMP,LATITUDE,LONGITUDE,COUNTY,CITY,POINT_X,POINT_Y
9740485,2024,2024-10-10,3801,2024-09-23,"708 ",209,MISSI,1,5,7,3801,0,0,0,,0,3D15A,"SOUTH VAN NESS AV","14TH ST",0.00,,Y,A,-,N,,,,,,,,,,N,4,0,2,2,A,-,12,21453,A,N,D,C,A,A,H,-,A,A,0,,,,,Y,,A,01,0,0,2,0,0,0,0,0,0,"- ","- ",,,"SAN FRANCISCO","SAN FRANCISCO",-122.41780090332031,37.768417358398438
9740493,2024,2024-10-11,3801,2024-08-28,"720 ",8,NORTH,3,5,7,3801,0,0,0,,0,3E11A,"OAK ST","PIERCE ST",244.00,E,N,A,-,N,,,,,,,,,,N,4,0,1,2,A,-,03,22350,,N,C,C,A,B,H,-,A,D,0,,,,,Y,,A,01,0,0,1,0,0,0,0,0,0,"- ","- ",,,"SAN FRANCISCO","SAN FRANCISCO",-122.43326568603516,37.773647308349609
9740494,2024,2024-10-11,3801,2024-08-28,1153,2412,INGLE,3,5,7,3801,0,0,0,,0,3H12A,"ALEMANY BL","SICKES AVE",0.00,,Y,A,-,N,,,,,,,,,,N,3,0,1,2,A,-,10,21950,A,N,D,B,B,A,H,-,A,A,0,Y,,,,Y,,A,01,0,1,0,0,1,0,0,0,0,"- ","- ",,,"SAN FRANCISCO","SAN FRANCISCO",-122.45491790771484,37.710514068603516
9740495,2024,2024-10-11,3801,2024-08-28,1156,2202,INGLE,3,5,7,3801,0,0,0,,0,3H13A,"MISSION ST","TRUMBULL ST",0.00,,Y,A,-,N,,,,,,,,,,Y,3,0,1,2,A,-,09,21801,A,N,A,D,A,A,H,-,A,A,0,,,,,Y,,A,01,0,1,0,0,0,0,0,0,0,"- ","- ",,,"SAN FRANCISCO","SAN FRANCISCO",-122.42925262451172,37.730781555175781
9740496,2024,2024-10-09,3801,2024-08-27,1330,829,MISSI,2,5,7,3801,0,0,0,,0,3D00,"S VAN NESS AV","17TH ST",0.00,,Y,A,-,N,,,,,,,,,,N,3,0,1,2,A,-,"- ",,,N,D,C,A,A,H,-,A,A,0,,,,,Y,,A,01,0,1,0,0,0,0,0,0,0,"- ","- ",,,"SAN FRANCISCO","SAN FRANCISCO",-122.41733551025391,37.763557434082031
9740497,2024,2024-10-09,3801,2024-08-29,1552,4187,NORTH,4,5,7,3801,0,0,0,,0,3E11D,"HAYES ST","STEINER ST",0.00,,Y,A,-,N,,,,,,,,,,Y,4,0,1,2,D,-,00,,,N,D,C,A,A,H,-,A,A,0,,,,,Y,,-,"- ",0,0,1,0,0,0,0,0,0,"- ","- ",,,"SAN FRANCISCO","SAN FRANCISCO",-122.43283081054688,37.775611877441406
9740498,2024,2024-10-09,3801,2024-08-30,1149,1450,TENDE,5,5,7,3801,0,0,0,,0,3J13D,"EDDY ST","LEAVENWORTH ST",0.00,,Y,A,-,N,,,,,,,,,,N,4,0,1,2,A,-,04,21703,,F,C,C,A,A,H,-,C,A,0,,,Y,,Y,,A,01,0,0,1,0,0,0,0,0,1,"- ","- ",,,"SAN FRANCISCO","SAN FRANCISCO",-122.41423797607422,37.783729553222656
9740499,2024,2024-10-09,3801,2024-08-30,"809 ",2289,NORTH,5,5,7,3801,0,0,0,,0,004,"STEINER ST","BUSH ST",0.00,,Y,A,-,N,,,,,,,,,,N,3,0,1,2,A,-,10,21950,A,N,D,B,B,A,H,-,A,A,0,Y,,,,Y,,A,01,0,1,0,0,1,0,0,0,0,"- ","- ",,,"SAN FRANCISCO","SAN FRANCISCO",-122.43511199951172,37.786823272705078
9740500,2024,2024-10-09,3801,2024-08-26,"545 ",4744,NORTH,1,5,7,3801,0,0,0,,0,3E00,"POST ST","SCOTT ST",0.00,E,N,A,-,N,,,,,,,,,,,3,0,1,2,A,-,21,22106,,N,B,J,A,A,H,-,C,D,0,,,,,Y,,A,01,0,1,0,0,0,0,0,0,0,"- ","- ",,,"SAN FRANCISCO","SAN FRANCISCO",-122.43799591064453,37.784530639648438
9740501,2024,2024-10-09,3801,2024-08-28,1746,1916,NORTH,3,5,7,3801,0,0,0,,0,3E13D,"PINE ST","VAN NESS ST",0.00,,Y,A,-,N,,,,,,,,,,Y,4,0,1,2,A,-,08,22107,,N,D,C,A,A,H,-,A,A,0,,,,,Y,,A,01,0,0,1,0,0,0,0,0,0,"- ","- ",,,"SAN FRANCISCO","SAN FRANCISCO",-122.42209625244141,37.789417266845703
9740502,2024,2024-10-09,3801,2024-08-28,1400,1182,INGLE,3,5,7,3801,0,0,0,,0,3H14D,"ALEMANY BL","JUSTIN DR",0.00,,Y,A,-,N,,,,,,,,,,N,4,0,2,2,A,-,09,21801,,N,D,C,A,A,H,-,A,A,0,,,,,Y,,A,01,0,0,2,0,0,0,0,0,0,"- ","- ",,,"SAN FRANCISCO","SAN FRANCISCO",-122.42595672607422,37.731796264648438
9740503,2024,2024-10-09,3801,2024-08-28,1835,4187,NORTH,3,5,7,3801,0,0,0,,0,3E11D,"HAYES ST","GOUGH ST",125.00,E,N,A,-,N,,,,,,,,,,N,4,0,1,2,A,-,08,22107,,N,B,G,A,A,H,-,A,D,0,,Y,,,Y,,A,07,0,0,1,0,0,0,1,0,0,"- ","- ",,,"SAN FRANCISCO","SAN FRANCISCO",-122.42254638671875,37.776931762695312
9740505,2024,2024-10-09,3801,2024-08-20,"845 ",4833,NORTH,2,5,7,3801,0,0,0,,0,3E00,"WEBSTER ST","MAGNOLIA ST",50.00,N,N,A,-,N,,,,,,,,,,N,4,0,1,2,A,-,21,22106,,N,B,G,A,A,H,-,A,D,0,,Y,,,Y,,A,07,0,0,1,0,0,0,1,0,0,"- ","- ",,,"SAN FRANCISCO","SAN FRANCISCO",-122.43452453613281,37.800697326660156
9740511,2024,2024-10-09,3801,2024-08-22,1300,504,NORTH,4,5,7,3801,0,0,0,,0,3EI2A,"GROVE ST","STEINER ST",0.00,,Y,A,-,N,,,,,,,,,,N,4,0,1,2,A,-,09,21804,A,N,B,D,A,A,H,-,A,A,0,,,,,Y,,A,01,0,0,1,0,0,0,0,0,0,"- ","- ",,,"SAN FRANCISCO","SAN FRANCISCO",-122.43304443359375,37.776565551757812
9740513,2024,2024-10-09,3801,2024-08-31,1335,4305,NORTH,6,5,7,3801,0,0,0,,0,3CAR,"FULTON ST","GOUGH ST",0.00,,Y,A,-,N,,,,,,,,,,Y,4,0,1,2,A,-,17,22517,,N,B,J,A,A,H,-,A,D,0,,,,,Y,,A,01,0,0,1,0,0,0,0,0,0,"- ","- ",,,"SAN FRANCISCO","SAN FRANCISCO",-122.42334747314453,37.778751373291016
9740514,2024,2024-11-01,3801,2024-08-31,1614,1057,SOUTH,6,5,7,3801,0,0,0,,0,3B13D,"8TH ST","MISSION ST",0.00,,Y,A,-,N,,,,,,,,,,N,4,0,1,1,A,-,03,22350,,N,-,J,A,A,H,-,A,A,0,,,Y,,Y,,C,02,0,0,1,0,0,0,0,0,1,"- ","- ",,,"SAN FRANCISCO","SAN FRANCISCO",-122.41315460205078,37.7774658203125
9740515,2024,2024-10-09,3801,2024-08-31,2130,4310,SOUTH,6,5,7,3801,0,0,0,,0,3B11E,"BRYANT ST","2ND ST",0.00,,Y,A,-,N,,,,,,,,,,Y,4,0,2,3,A,-,01,23153,,N,C,C,A,A,H,-,C,D,0,,,,,Y,Y,A,01,0,0,2,0,0,0,0,0,0,"- ","- ",,,"SAN FRANCISCO","SAN FRANCISCO",-122.39363098144531,37.7830810546875
9740516,2024,2024-10-09,3801,2024-08-31,2155,A25839,SOUTH,6,5,7,3801,0,0,0,,0,004,"GOUGH ST","STEVENSON ST",0.00,,Y,A,-,N,,,,,,,,,,Y,4,0,1,1,D,-,00,,,N,E,I,A,A,H,-,C,D,0,,,,,Y,,-,"- ",0,0,1,0,0,0,0,0,0,"- ","- ",,,"SAN FRANCISCO","SAN FRANCISCO",-122.42143249511719,37.772659301757812
9740556,2024,2024-10-09,3801,2024-09-14,"424 ",2192,MISSI,6,5,7,3801,0,0,0,,0,0D4,"FOLSOM ST","26TH ST",290.00,N,N,A,-,N,,,,,,,,,,Y,4,0,1,2,A,-,07,21658,,N,F,E,A,A,H,-,C,D,0,,,,,Y,,A,07,0,0,1,0,0,0,0,0,0,"- ","- ",,,"SAN FRANCISCO","SAN FRANCISCO",-122.41386413574219,37.750114440917969
9740562,2024,2024-10-09,3801,2024-09-12,1445,1796,RICHM,4,5,7,3801,0,0,0,,0,3G4A,"JOHN F KENNEDY DR","HELLMAN HOLLOW",0.00,,Y,A,-,N,,,,,,,,,,Y,4,0,1,2,A,-,08,22107,,N,B,G,A,A,H,-,A,D,0,,Y,,,Y,,L,04,0,0,1,0,0,0,1,0,0,"- ","- ",,,"SAN FRANCISCO","SAN FRANCISCO",,
9740565,2024,2024-10-09,3801,2024-09-01,1715,A25839,SOUTH,7,5,7,3801,0,0,0,,0,002,"5TH ST","HARRISON ST",0.00,,N,A,-,N,,,,,,,,,,N,4,0,1,2,A,-,08,22107,,F,-,G,A,A,H,-,A,A,0,,Y,,,Y,,-,,0,0,1,0,0,0,1,0,0,"- ","- ",,,"SAN FRANCISCO","SAN FRANCISCO",-122.40187072753906,37.779056549072266
9741033,2024,2024-10-15,3801,2024-06-10,1723,4036,TRAFF,1,5,7,3801,0,0,0,,0,4B1B,"OFARRELL ST","POWELL ST",86.00,W,N,A,-,N,,,,,,,,,,N,4,0,1,3,A,-,17,22517,,N,H,G,A,A,H,-,A,D,0,,Y,,,Y,,A,01,0,0,1,0,0,0,1,0,0,"- ","- ",,,"SAN FRANCISCO","SAN FRANCISCO",-122.4083251953125,37.786399841308594
9741034,2024,2025-04-10,3801,2024-06-07,"44  ",4347,TARAV,5,5,7,3801,0,0,0,,0,3111E,"CRESTLAKE DR","CONSTANSO WY",156.00,W,N,A,-,N,,,,,,,,,,Y,4,0,1,2,A,-,08,22107,,N,F,E,A,A,H,-,C,D,0,,,,,Y,,A,01,0,0,1,0,0,0,0,0,0,"- ","- ",,,"SAN FRANCISCO","SAN FRANCISCO",-122.48896026611328,37.735218048095703
9741488,2024,2024-10-15,3801,2024-09-10,"710 ",2323,BAYVI,2,5,7,3801,0,0,0,,0,,"PALOU AV","INGALLS ST",0.00,,Y,A,-,N,,,,,,,,,,Y,4,0,1,2,A,-,00,22450,Q,N,D,C,A,A,H,-,A,-,0,,,,,Y,,A,01,0,0,1,0,0,0,0,0,0,"- ","- ",,,"SAN FRANCISCO","SAN FRANCISCO",-122.38343811035156,37.729747772216797
9741501,2024,2024-10-10,3801,2024-09-08,1728,2374,CENTR,7,5,7,3801,0,0,0,,0,0A4,"KEARNY ST",BROADWAY,0.00,,Y,A,-,N,,,,,,,,,,N,4,0,1,2,A,-,10,21950,A,N,G,B,B,A,H,-,A,A,0,Y,,,,Y,,A,01,0,0,1,0,1,0,0,0,0,"- ","- ",,,"SAN FRANCISCO","SAN FRANCISCO",-122.40548706054688,37.798019409179688
9741502,2024,2024-10-10,3801,2024-09-08,"253 ",2241,NORTH,7,5,7,3801,0,0,0,,0,0E5,"LOMBARD ST","STEINER ST",0.00,,Y,A,-,N,,,,,,,,,,Y,4,0,1,3,A,-,08,22107,,F,B,C,A,A,H,-,C,A,0,,,,,Y,,A,01,0,0,1,0,0,0,0,0,0,"- ","- ",,,"SAN FRANCISCO","SAN FRANCISCO",-122.43769073486328,37.799640655517578
9741503,2024,2024-10-10,3801,2024-09-07,1909,1916,NORTH,6,5,7,3801,0,0,0,,0,,"OAK ST","PIERCE ST",0.00,,Y,A,-,N,,,,,,,,,,N,3,0,1,1,A,-,03,22350,,N,-,A,A,A,H,-,A,A,0,,Y,,,Y,,L,04,0,1,0,0,0,0,1,0,0,"- ","- ",,,"SAN FRANCISCO","SAN FRANCISCO",-122.43409729003906,37.773540496826172
9741504,2024,2024-10-10,3801,2024-09-14,"638 ",1524,INGLE,6,5,7,3801,0,0,0,,0,3H12A,"SILVER AV","MISSION ST",0.00,,Y,B,-,N,,,,,,,,,,N,4,0,1,2,A,-,10,21950,,N,G,B,B,A,H,-,B,A,0,Y,,,,Y,Y,A,01,0,0,1,0,1,0,0,0,0,"- ","- ",,,"SAN FRANCISCO","SAN FRANCISCO",-122.43128204345703,37.728736877441406
9741505,2024,2024-10-10,3801,2024-09-13,2109,4020,NORTH,5,5,7,3801,0,0,0,,0,3E12E,"LAGUNA ST","FULTON ST",0.00,,Y,A,-,N,,,,,,,,,,N,3,0,1,2,A,-,08,22107,,N,B,G,A,A,D,-,A,A,0,,Y,,,Y,,L,04,0,1,0,0,0,0,1,0,0,"- ","- ",,,"SAN FRANCISCO","SAN FRANCISCO",-122.42664337158203,37.778327941894531
9741506,2024,2024-10-10,3801,2024-09-13,1754,2500,CENTR,5,5,7,3801,0,0,0,,0,3A13D,"PINE ST","GRANT AV",0.00,,Y,A,-,N,,,,,,,,,,N,2,0,2,3,A,-,12,21453,A,N,G,B,B,A,H,-,A,A,0,Y,,,,Y,,A,01,1,0,1,0,2,0,0,0,0,"- ","- ",,,"SAN FRANCISCO","SAN FRANCISCO",-122.40571594238281,37.791511535644531
9741507,2024,2024-10-10,3801,2024-09-13,1447,10,SOUTH,5,5,7,3801,0,0,0,,0,0B3,"8TH ST","HERNON ST",0.00,,Y,A,-,N,,,,,,,,,,N,4,0,2,2,A,-,09,21804,A,N,-,C,A,A,H,-,A,D,0,,,,,Y,,A,01,0,0,2,0,0,0,0,0,0,"- ","- ",,,"SAN FRANCISCO","SAN FRANCISCO",-122.4090576171875,37.774204254150391
9741508,2024,2024-10-10,3801,2024-09-13,"824 ",2412,INGLE,5,5,7,3801,0,0,0,,0,,"PLYMOUTH AV","OCEAN AV",0.00,,Y,A,-,N,,,,,,,,,,N,4,0,1,2,A,-,08,22107,,N,B,E,A,A,H,-,A,D,0,,,,,Y,,A,01,0,0,1,0,0,0,0,0,0,"- ","- ",,,"SAN FRANCISCO","SAN FRANCISCO",-122.45653533935547,37.723976135253906
9741509,2024,2024-10-15,3801,2024-09-13,"612 ",2124,MISSI,5,5,7,3801,0,0,0,,0,3D11A,"16TH ST","CHURCH ST",0.00,,Y,A,-,N,,,,,,,,,,Y,4,0,1,2,A,-,08,22107,,N,D,-,A,A,H,-,C,A,0,,,,,Y,,A,01,0,0,1,0,0,0,0,0,0,"- ","- ",,,"SAN FRANCISCO","SAN FRANCISCO",-122.42864990234375,37.764503479003906
9741510,2024,2024-10-10,3801,2024-09-13,1436,1892,BAYVI,5,5,7,3801,0,0,0,,0,3C60,"BAYSHORE BL","CORTLAND AV",100.00,N,N,A,-,N,,,,,,,,,,N,4,0,1,2,A,-,10,21954,B,N,A,B,E,A,H,-,A,D,0,Y,,,,Y,Y,N,60,0,0,1,0,1,0,0,0,0,"- ","- ",,,"SAN FRANCISCO","SAN FRANCISCO",-122.40695190429688,37.739852905273438
9741511,2024,2024-10-10,3801,2024-09-12,1253,2124,MISSI,4,5,7,3801,0,0,0,,0,3D11A,"SANCHEZ ST","16TH ST",0.00,,Y,A,-,N,,,,,,,,,,N,4,0,1,2,A,-,09,21804,,M,C,C,A,A,H,-,A,A,0,,,,,Y,,A,01,0,0,1,0,0,0,0,0,0,"- ","- ",,,"SAN FRANCISCO","SAN FRANCISCO",-122.43087768554688,37.764358520507812
9741512,2024,2024-10-10,3801,2024-09-12,1226,2196,MISSI,4,5,7,3801,0,0,0,,0,3D1C,"CHURCH ST","18TH ST",0.00,,Y,A,-,N,,,,,,,,,,N,3,0,1,1,A,-,03,22350,,N,E,I,A,A,G,-,A,D,0,,Y,,,Y,,L,04,0,1,0,0,0,0,1,0,0,"- ","- ",,,"SAN FRANCISCO","SAN FRANCISCO",-122.42838287353516,37.761299133300781
9741513,2024,2024-10-10,3801,2024-09-12,1145,801,SOUTH,4,5,7,3801,0,0,0,,0,0B4,"11TH ST","KISSLING ST",9.00,E,N,A,-,N,,,,,,,,,,N,4,0,1,2,A,-,08,22107,,N,D,C,A,A,H,-,A,D,0,,,,,Y,,A,01,0,0,1,0,0,0,0,0,0,"- ","- ",,,"SAN FRANCISCO","SAN FRANCISCO",-122.41497802734375,37.77264404296875
9741514,2024,2024-10-10,3801,2024-09-11,2000,A24568,PARK,3,5,7,3801,0,0,0,,0,3F90,"WILLARD ST","CARL ST",0.00,,Y,B,-,N,,,,,,,,,,N,4,0,1,2,A,-,03,22350,,N,D,C,A,B,H,-,C,A,0,,,,,Y,,A,01,0,0,1,0,0,0,0,0,0,"- ","- ",,,"SAN FRANCISCO","SAN FRANCISCO",-122.45439910888672,37.765232086181641
9741515,2024,2024-10-10,3801,2024-09-11,1824,2747,TARAV,3,5,7,3801,0,0,0,,0,001,"LINCOLN WY","17TH AV",0.00,,Y,A,-,N,,,,,,,,,,N,4,0,1,2,A,-,09,21801,A,N,-,C,A,A,H,-,A,D,0,,,Y,,Y,,A,01,0,0,1,0,0,0,0,0,1,"- ","- ",,,"SAN FRANCISCO","SAN FRANCISCO",-122.47512054443359,37.765537261962891
9741516,2024,2024-10-22,3801,2024-09-02,1830,A23187,CENTR,1,5,7,3801,0,0,0,,0,"4 CAR","COLUMBUS AV","GREEN ST",50.00,N,N,A,-,N,,,,,,,,,,N,3,0,1,2,A,-,11,21954,A,N,G,B,D,A,H,-,A,D,0,Y,,,,Y,,N,60,0,1,0,0,1,0,0,0,0,"- ","- ",,,"SAN FRANCISCO","SAN FRANCISCO",-122.40911102294922,37.799591064453125
9741519,2024,2024-10-28,3801,2024-09-11,"419 ",326,TARAV,3,5,7,3801,0,0,0,,0,3116E,"MONTEREY BL","NORTHGATE DR",0.00,,Y,B,-,N,,,,,,,,,,Y,2,0,1,2,A,-,12,22450,,F,F,C,A,A,H,-,C,A,0,,,,,Y,,A,01,1,0,0,0,0,0,0,0,0,"- ","- ",,,"SAN FRANCISCO","SAN FRANCISCO",-122.46172332763672,37.730014801025391
9741520,2024,2024-10-22,3801,2024-09-18,2000,158,NORTH,3,5,7,3801,0,0,0,,0,3E14D,"SUTTER ST","DIVISADERO ST",0.00,,Y,A,-,N,,,,,,,,,,N,4,0,2,2,A,-,09,21801,A,N,-,C,A,A,H,-,C,A,0,,,Y,,Y,,A,01,0,0,2,0,0,0,0,0,1,"- ","- ",,,"SAN FRANCISCO","SAN FRANCISCO",-122.43985748291016,37.785247802734375
9741521,2024,2024-11-12,3801,2024-09-18,1849,2471,CENTR,3,5,7,3801,0,0,0,,0,3A2D,"BUSH ST","KEARNY ST",43.00,W,N,A,-,N,,,,,,,,,,N,4,0,1,2,A,-,05,21650,,F,A,G,A,A,H,-,A,A,0,,Y,,,Y,,L,04,0,0,1,0,0,0,0,0,0,"- ","- ",,,"SAN FRANCISCO","SAN FRANCISCO",-122.4041748046875,37.790748596191406
9741522,2024,2024-10-22,3801,2024-09-18,1702,158,NORTH,3,5,7,3801,0,0,0,,0,3E14D,"POLK ST","WASHINGTON ST",133.00,S,N,A,-,N,,,,,,,,,,N,3,0,1,2,A,-,08,22102,,N,B,G,A,A,H,-,A,A,0,,Y,,,Y,,A,01,0,1,0,0,0,0,1,0,0,"- ","- ",,,"SAN FRANCISCO","SAN FRANCISCO",-122.42115020751953,37.792900085449219
9741523,2024,2024-10-22,3801,2024-09-18,1254,54,TARAV,3,5,7,3801,0,0,0,,0,3115A,"19TH AV","HOLLOWAY AV",0.00,,Y,A,-,N,,,,,,,,,,N,4,0,1,2,A,-,12,21453,A,F,G,B,B,A,H,-,A,A,0,Y,,,,Y,Y,A,01,0,0,1,0,1,0,0,0,0,"- ","- ",,,"SAN FRANCISCO","SAN FRANCISCO",-122.47537231445312,37.720954895019531
9741524,2024,2024-10-22,3801,2024-09-01,1406,2289,NORTH,7,5,7,3801,0,0,0,,0,3E6A,"LOMBARD ST","GOUGH ST",0.00,,Y,B,-,N,,,,,,,,,,Y,4,0,1,2,A,-,09,21801,A,N,D,C,A,A,H,-,A,A,0,,,Y,,Y,,A,01,0,0,1,0,0,0,0,0,1,"- ","- ",,,"SAN FRANCISCO","SAN FRANCISCO",-122.42781829833984,37.800899505615234
9741525,2024,2024-10-22,3801,2024-09-16,1440,1288,NORTH,1,5,7,3801,0,0,0,,0,3E13D,"VAN NESS AV","UNION ST",174240.00,S,N,A,-,N,,,,,,,,,,N,2,0,1,1,A,-,17,21235,G,N,F,A,A,A,H,-,A,A,0,,,,,Y,,M,94,1,0,0,0,0,0,0,0,0,"- ","- ",,,"SAN FRANCISCO","SAN FRANCISCO",-122.42661285400391,37.808040618896484
9741526,2024,2024-10-22,3801,2024-09-14,1750,1909,NORTH,6,5,7,3801,0,0,0,,0,NORTHE,"DIVISADERO ST","CHESTNUT ST",45.00,N,N,A,-,N,,,,,,,,,,N,3,0,1,2,A,-,21,22106,,N,D,C,A,A,H,-,A,D,0,,,Y,,Y,,A,01,0,1,0,0,0,0,0,0,1,"- ","- ",,,"SAN FRANCISCO","SAN FRANCISCO",-122.44286346435547,37.800102233886719
9741527,2024,2024-10-22,3801,2024-09-04,2144,2420,NORTH,3,5,7,3801,0,0,0,,0,3E12E,"MCALLISTER ST","DIVISADERO ST",0.00,,Y,A,-,N,,,,,,,,,,N,4,0,1,2,A,-,10,21950,A,N,G,B,B,A,H,-,C,A,0,Y,,,,Y,,A,01,0,0,1,0,1,0,0,0,0,"- ","- ",,,"SAN FRANCISCO","SAN FRANCISCO",-122.4383544921875,37.777786254882812
9741528,2024,2024-10-22,3801,2024-09-24,1637,1061,SOUTH,2,5,7,3801,0,0,0,,0,3B13D,"HOWARD ST","11TH ST",0.00,,Y,A,-,N,,,,,,,,,,N,3,0,1,2,A,-,10,21950,A,N,G,B,B,A,H,-,A,A,0,Y,,,,Y,,A,01,0,1,0,0,1,0,0,0,0,"- ","- ",,,"SAN FRANCISCO","SAN FRANCISCO",-122.41557312011719,37.773117065429688
9741529,2024,2024-10-22,3801,2024-09-04,1505,1622,INGLE,3,5,7,3801,0,0,0,,0,3H15D,"ALEMANY BL","SICKLES AV",0.00,,Y,A,-,N,,,,,,,,,,Y,3,0,2,2,A,-,09,21801,A,N,D,C,A,A,H,-,A,A,0,,,,,Y,,A,01,0,1,1,0,0,0,0,0,0,"- ","- ",,,"SAN FRANCISCO","SAN FRANCISCO",-122.45491790771484,37.710514068603516
9741530,2024,2024-10-22,3801,2024-09-10,1340,"DANG 135",BAYVI,2,5,7,3801,0,0,0,,0,3CIC,"MARIPOSA ST","MINNESOTA ST",0.00,,Y,A,-,N,,,,,,,,,,N,4,0,1,2,A,-,12,21453,A,F,G,B,B,A,H,-,A,A,0,Y,,,,Y,,-,99,0,0,1,0,1,0,0,0,0,"- ","- ",,,"SAN FRANCISCO","SAN FRANCISCO",-122.39080810546875,37.764205932617188
9741531,2024,2024-11-25,3801,2024-09-10,1332,1481,TENDE,2,5,7,3801,0,0,0,,0,,"06TH ST","STEVENSON ST",0.00,,Y,A,-,N,,,,,,,,,,N,4,0,1,2,A,-,17,21203,,N,H,G,A,A,H,-,A,A,0,,Y,,,Y,,L,04,0,0,1,0,0,0,1,0,0,"- ","- ",,,"SAN FRANCISCO","SAN FRANCISCO",-122.40970799999999,37.781759000000001
9741532,2024,2024-10-22,3801,2024-09-10,"652 ",1633,TENDE,2,5,7,3801,0,0,0,,0,3J15A,"MASON ST","ELLIS ST",0.00,,Y,A,-,N,,,,,,,,,,N,2,0,1,2,A,-,11,21954,A,F,G,B,D,A,H,-,C,A,0,Y,,,,Y,Y,N,60,1,0,0,0,1,0,0,0,0,"- ","- ",,,"SAN FRANCISCO","SAN FRANCISCO",-122.40946197509766,37.785331726074219
9741533,2024,2024-10-22,3801,2024-09-09,1700,746,INGLE,1,5,7,3801,0,0,0,,0,3H13D,"EXCELSIOR AV","LISBON ST",116.00,E,N,A,-,N,,,,,,,,,,N,4,0,1,2,A,-,00,21955,A,N,B,B,D,A,-,-,A,D,0,Y,,,,Y,,N,60,0,0,1,0,1,0,0,0,0,"- ","- ",,,"SAN FRANCISCO","SAN FRANCISCO",-122.43087768554688,37.724937438964844
9741534,2024,2024-10-22,3801,2024-09-09,1326,54,TARAV,1,5,7,3801,0,0,0,,0,3115A,"JUNIPERO SERRA BL","WINSTON DR",28.00,,N,A,-,N,,,,,,,,,,N,4,0,1,2,A,-,21,22106,,N,C,C,A,A,H,-,A,A,0,,,,,Y,,A,01,0,0,1,0,0,0,0,0,0,"- ","- ",,,"SAN FRANCISCO","SAN FRANCISCO",-122.47236633300781,37.726837158203125
9741535,2024,2024-10-22,3801,2024-09-08,1836,1952,CENTR,7,5,7,3801,0,0,0,,0,902,"TURK ST","FILLMORE ST",45.00,E,N,B,-,N,,,,,,,,,,N,4,0,1,2,A,-,07,21658,A,N,B,E,A,A,H,-,B,D,0,,,,,Y,,-,,0,0,1,0,0,0,0,0,0,"- ","- ",,,"SAN FRANCISCO","SAN FRANCISCO",-122.43197631835938,37.780509948730469
9741573,2024,2024-10-10,3801,2024-09-01,1414,2229,TENDE,7,5,7,3801,0,0,0,,0,00J,ELLIS,"POLK ST",0.00,,Y,A,-,N,,,,,,,,,,N,4,0,1,3,A,-,03,22350,,M,B,E,A,A,H,-,A,A,0,,,,,Y,,B,01,0,0,1,0,0,0,0,0,0,"- ","- ",,,"SAN FRANCISCO","SAN FRANCISCO",-122.41934967041016,37.784042358398438
9741651,2024,2024-10-09,3801,2024-08-31,"835 ",4265,INGLE,6,5,7,3801,0,0,0,,0,3H12A,"PORTOLA DR","OSHAUGHNESSY BL",0.00,,Y,A,-,N,,,,,,,,,,N,3,0,1,2,A,-,08,22107,,N,B,G,A,A,H,-,A,A,0,,Y,,,Y,,A,01,0,1,0,0,0,0,1,0,0,"- ","- ",,,"SAN FRANCISCO","SAN FRANCISCO",-122.45160675048828,37.745479583740234
9741652,2024,2024-10-11,3801,2024-08-21,1600,1524,INGLE,3,5,7,3801,0,0,0,,0,,"KING ST","TOWNSEND ST",0.00,,Y,A,-,N,,,,,,,,,,N,2,0,1,2,A,-,"- ",,,F,G,B,F,A,H,-,A,D,0,Y,Y,,,Y,Y,L,04,1,0,0,0,1,0,0,0,0,"- ","- ",,,"SAN FRANCISCO","SAN FRANCISCO",,
9741653,2024,2024-10-09,3801,2024-08-25,1413,2088,INGLE,7,5,7,3801,0,0,0,,0,3H12A,"GENEVA AV","PARQUE DR",30.00,W,N,-,-,N,,,,,,,,,,N,4,0,1,2,A,-,03,22350,,F,C,C,A,A,H,-,A,D,0,,,,,Y,,A,01,0,0,1,0,0,0,0,0,0,"- ","- ",,,"SAN FRANCISCO","SAN FRANCISCO",-122.42300415039062,37.709133148193359