CASE_ID,ACCIDENT_YEAR,PROC_DATE,JURIS,COLLISION_DATE,COLLISION_TIME,OFFICER_ID,REPORTING_DISTRICT,DAY_OF_WEEK,CHP_SHIFT,POPULATION,CNTY_CITY_LOC,SPECIAL_COND,BEAT_TYPE,CHP_BEAT_TYPE,CITY_DIVISION_LAPD,CHP_BEAT_CLASS,BEAT_NUMBER,PRIMARY_RD,SECONDARY_RD,DISTANCE,DIRECTION,INTERSECTION,WEATHER_1,WEATHER_2,STATE_HWY_IND,CALTRANS_COUNTY,CALTRANS_DISTRICT,STATE_ROUTE,ROUTE_SUFFIX,POSTMILE_PREFIX,POSTMILE,LOCATION_TYPE,RAMP_INTERSECTION,SIDE_OF_HWY,TOW_AWAY,COLLISION_SEVERITY,NUMBER_KILLED,NUMBER_INJURED,PARTY_COUNT,PRIMARY_COLL_FACTOR,PCF_CODE_OF_VIOL,PCF_VIOL_CATEGORY,PCF_VIOLATION,PCF_VIOL_SUBSECTION,HIT_AND_RUN,TYPE_OF_COLLISION,MVIW,PED_ACTION,ROAD_SURFACE,ROAD_COND_1,ROAD_COND_2,LIGHTING,CONTROL_DEVICE,CHP_ROAD_TYPE,PEDESTRIAN_ACCIDENT,BICYCLE_ACCIDENT,MOTORCYCLE_ACCIDENT,TRUCK_ACCIDENT,NOT_PRIVATE_PROPERTY,ALCOHOL_INVOLVED,STWD_VEHTYPE_AT_FAULT,CHP_VEHTYPE_AT_FAULT,COUNT_SEVERE_INJ,COUNT_VISIBLE_INJ,COUNT_COMPLAINT_PAIN,COUNT_PED_KILLED,COUNT_PED_INJURED,COUNT_BICYCLIST_KILLED,COUNT_BICYCLIST_INJURED,COUNT_MC_KILLED,COUNT_MC_INJURED,PRIMARY_RAMP,SECONDARY_RAMP,LATITUDE,LONGITUDE,COUNTY,CITY,POINT_X,POINT_Y
9741654,2024,2024-10-09,3801,2024-08-24,1535,2292,INGLE,6,5,7,3801,0,0,0,,0,3H4A,"BRANNAN ST","8TH ST",43.00,S,N,A,-,N,,,,,,,,,,N,4,0,2,2,A,-,08,22107,,F,C,C,A,A,H,-,A,A,0,,,,,Y,,A,07,0,0,2,0,0,0,0,0,0,"- ","- ",,,"SAN FRANCISCO","SAN FRANCISCO",-122.40553283691406,37.771205902099609
9741655,2024,2024-10-09,3801,2024-08-25,1127,4132,MISSI,7,5,7,3801,0,0,0,,0,4CAR,"VALENCIA ST","19TH ST",0.00,,Y,A,-,N,,,,,,,,,,N,3,0,1,2,A,-,08,22107,,F,A,B,D,A,G,-,-,D,0,Y,Y,,,Y,,L,04,0,1,0,0,1,0,0,0,0,"- ","- ",,,"SAN FRANCISCO","SAN FRANCISCO",-122.42140197753906,37.760112762451172
9741656,2024,2024-10-09,3801,2024-08-25,"208 ",1574,INGLE,7,5,7,3801,0,0,0,,0,3H11E,"MISSION ST","APPLETON AV",212.00,S,N,A,-,N,,,,,,,,,,Y,3,0,1,3,A,-,17,22109,,N,B,E,A,A,H,-,C,D,0,,,,,Y,,-,,0,1,0,0,0,0,0,0,0,"- ","- ",,,"SAN FRANCISCO","SAN FRANCISCO",-122.42398071289062,37.738288879394531
9741657,2024,2024-10-09,3801,2024-08-24,1420,2001,INGLE,6,5,7,3801,0,0,0,,0,0H5,"SICKLES AV",ALEMANY,0.00,,Y,A,-,N,,,,,,,,,,Y,4,0,1,2,A,-,12,21453,A,N,D,C,A,A,H,-,A,A,0,,,Y,,Y,,C,02,0,0,1,0,0,0,0,0,1,"- ","- ",,,"SAN FRANCISCO","SAN FRANCISCO",-122.45491790771484,37.710514068603516
9741658,2024,2024-10-11,3801,2024-08-24,"710 ",2412,INGLE,6,5,7,3801,0,0,0,,0,,"PORTOLA DR","TWIN PEAKS BL",0.00,,Y,A,-,N,,,,,,,,,,,4,0,2,2,A,-,12,21453,,N,D,C,A,A,H,-,A,A,0,,,,,Y,Y,-,"- ",0,0,2,0,0,0,0,0,0,"- ","- ",,,"SAN FRANCISCO","SAN FRANCISCO",-122.45082855224609,37.74591064453125
9741659,2024,2024-10-11,3801,2024-08-24,"500 ",2491,INGLE,6,5,7,3801,0,0,0,,0,,"OSHAUGHNESSY BL","BOSWORTH ST",318.00,W,N,C,-,N,,,,,,,,,,,3,0,2,2,A,-,05,21460,A,N,A,C,A,-,H,-,C,A,0,,,,,Y,,A,01,0,2,0,0,0,0,0,0,0,"- ","- ",,,"SAN FRANCISCO","SAN FRANCISCO",-122.44295501708984,37.7357177734375
9741660,2024,2024-10-09,3801,2024-08-23,1727,2268,INGLE,5,5,7,3801,0,0,0,,0,3H11D,"SAN JOSE AV","30TH ST",0.00,,Y,A,-,N,,,,,,,,,,N,4,0,1,2,A,-,08,22107,,N,H,J,A,A,H,-,A,A,0,,Y,,,Y,,B,01,0,0,1,0,0,0,1,0,0,"- ","- ",,,"SAN FRANCISCO","SAN FRANCISCO",-122.42333984375,37.742301940917969
9741661,2024,2024-10-11,3801,2024-08-22,"652 ",1188,INGLE,4,5,7,3801,0,0,0,,0,3H13A,"MISSION ST","NORTON ST",104.00,N,N,A,-,N,,,,,,,,,,N,4,0,1,2,A,-,07,21658,A,F,B,C,A,A,H,-,A,D,0,,,,,Y,,A,01,0,0,1,0,0,0,0,0,0,"- ","- ",,,"SAN FRANCISCO","SAN FRANCISCO",-122.43471527099609,37.724842071533203
9741662,2024,2024-10-10,3801,2024-08-20,1245,2372,INGLE,2,5,7,3801,0,0,0,,0,3H00,"MISSION ST","OCEAN AV",0.00,,Y,A,-,N,,,,,,,,,,N,3,0,1,2,A,-,17,22517,,M,H,J,A,A,H,-,A,D,0,,,,,Y,,A,01,0,1,0,0,0,0,0,0,0,"- ","- ",,,"SAN FRANCISCO","SAN FRANCISCO",-122.43540954589844,37.723888397216797
9741663,2024,2025-04-09,3801,2024-08-20,"915 ",2186,INGLE,2,5,7,3801,0,0,0,,0,3H15A,"LOWELL ST","LOWELL ST 131",0.00,,N,A,-,N,,,,,,,,,,N,4,0,1,2,A,-,11,21955,,N,G,B,A,A,H,-,A,D,0,,,,,Y,,-,,0,0,1,0,0,0,0,0,0,"- ","- ",,,"SAN FRANCISCO","SAN FRANCISCO",,
9741664,2024,2024-10-09,3801,2024-08-13,"421 ",2150,RICHM,2,5,7,3801,0,0,0,,0,,"FULTON ST","6TH AV",0.00,,Y,A,-,N,,,,,,,,,,N,2,0,1,2,A,-,09,21800,A,N,D,C,A,A,H,-,C,A,0,,,,,Y,,M,94,1,0,0,0,0,0,0,0,0,"- ","- ",,,"SAN FRANCISCO","SAN FRANCISCO",-122.46376037597656,37.773612976074219
9741665,2024,2024-10-09,3801,2024-08-30,2231,483,MISSI,5,5,7,3801,0,0,0,,0,,"FOLSOM ST","22ND ST",18.00,N,N,A,-,N,,,,,,,,,,Y,4,0,1,2,A,-,01,23153,A,N,C,C,A,A,H,-,D,A,0,,,,,Y,Y,A,07,0,0,1,0,0,0,0,0,0,"- ","- ",,,"SAN FRANCISCO","SAN FRANCISCO",-122.41439056396484,37.755767822265625
9741666,2024,2024-10-09,3801,2024-08-30,1810,1718,BAYVI,5,5,7,3801,0,0,0,,0,3C15D,"3RD ST","CARROLL AV",0.00,,Y,A,-,N,,,,,,,,,,Y,4,0,1,2,A,-,12,21453,A,F,D,C,A,A,H,-,A,A,0,,,,,Y,,A,01,0,0,1,0,0,0,0,0,0,"- ","- ",,,"SAN FRANCISCO","SAN FRANCISCO",-122.39433288574219,37.725551605224609
9741667,2024,2024-10-09,3801,2024-08-30,1515,1144,RICHM,5,5,7,3801,0,0,0,,0,3G14D,"FULTON ST","17TH AV",0.00,,Y,A,-,N,,,,,,,,,,N,2,0,1,2,A,-,10,21950,A,N,G,B,B,A,H,-,A,D,0,Y,,,,Y,,A,01,1,0,0,0,1,0,0,0,0,"- ","- ",,,"SAN FRANCISCO","SAN FRANCISCO",-122.47563171386719,37.772945404052734
9741668,2024,2024-10-09,3801,2024-08-30,1349,2459,SOUTH,5,5,7,3801,0,0,0,,0,3B12D,"MISSION ST","NEW MONTGOMERY",0.00,,Y,A,-,N,,,,,,,,,,Y,4,0,1,2,D,-,00,,,N,B,C,A,A,H,-,A,A,0,,,Y,,Y,,-,"- ",0,0,1,0,0,0,0,0,1,"- ","- ",,,"SAN FRANCISCO","SAN FRANCISCO",-122.40049743652344,37.787452697753906
9741669,2024,2024-10-23,3801,2024-08-30,1355,746,INGLE,5,5,7,3801,0,0,0,,0,,"GENEVA AV","RT 280",0.00,,Y,A,-,Y,SF,4,280,-,R,1.851,R,4,N,N,4,0,3,2,A,-,03,22350,,N,C,-,A,A,H,-,A,-,0,,,,,Y,,A,01,0,0,3,0,0,0,0,0,0,"- ",NO,,,"SAN FRANCISCO","SAN FRANCISCO",-122.44725799560547,37.724128723144531
9741670,2024,2024-10-09,3801,2024-08-27,1530,1061,SOUTH,2,5,7,3801,0,0,0,,0,3B14D,"FOLSOM ST","9TH ST",0.00,,Y,A,-,N,,,,,,,,,,N,4,0,1,2,A,-,08,22104,,M,B,C,A,A,H,-,A,A,0,,,,,Y,,A,01,0,0,1,0,0,0,0,0,0,"- ","- ",,,"SAN FRANCISCO","SAN FRANCISCO",-122.41161346435547,37.773773193359375
9741673,2024,2024-10-09,3801,2024-08-30,2034,2374,CENTR,5,5,7,3801,0,0,0,,0,3A15D,"BATTERY ST","PINE ST",0.00,,Y,A,-,N,,,,,,,,,,N,4,0,1,2,A,-,08,22107,,F,B,C,A,A,H,-,C,A,0,,,,,Y,Y,A,01,0,0,1,0,0,0,0,0,0,"- ","- ",,,"SAN FRANCISCO","SAN FRANCISCO",-122.39977264404297,37.792259216308594
9741674,2024,2024-10-09,3801,2024-08-29,1614,2747,TARAV,4,5,7,3801,0,0,0,,0,005,"SLOAT BL","21ST AV",0.00,,Y,A,-,N,,,,,,,,,,N,4,0,2,2,A,-,09,21801,A,N,D,C,A,A,H,-,A,A,0,,,,,Y,,A,01,0,0,2,0,0,0,0,0,0,"- ","- ",,,"SAN FRANCISCO","SAN FRANCISCO",-122.47707366943359,37.734561920166016
9741675,2024,2024-10-09,3801,2024-08-30,1612,171,CENTR,5,5,7,3801,0,0,0,,0,3CAR,COLUMBUS,"FRANCISCO ST",136.00,N,N,A,-,N,,,,,,,,,,N,2,0,1,2,A,-,00,21955,A,N,D,B,D,A,H,-,A,A,0,Y,,,,Y,,N,60,1,0,0,0,1,0,0,0,0,"- ","- ",,,"SAN FRANCISCO","SAN FRANCISCO",-122.41642761230469,37.804653167724609
9741676,2024,2024-10-09,3801,2024-08-29,1750,246,TARAV,4,5,7,3801,0,0,0,,0,4CAR,"PORTOLA DR","14TH AV",0.00,,Y,A,-,N,,,,,,,,,,N,4,0,1,2,A,-,09,21800,A,F,D,C,A,A,H,-,C,A,0,,,Y,,Y,,A,01,0,0,1,0,0,0,0,0,0,"- ","- ",,,"SAN FRANCISCO","SAN FRANCISCO",-122.46833038330078,37.737415313720703
9741677,2024,2024-10-09,3801,2024-08-19,2105,318,INGLE,1,5,7,3801,0,0,0,,0,005,"ALEMANY BL","FOOTE AV",0.00,,Y,A,-,N,,,,,,,,,,Y,4,0,1,2,A,-,01,23153,A,N,C,C,A,A,H,-,C,-,0,,,,,Y,Y,A,01,0,0,1,0,0,0,0,0,0,"- ","- ",,,"SAN FRANCISCO","SAN FRANCISCO",-122.44731903076172,37.714672088623047
9741678,2024,2024-10-14,3801,2024-08-13,1844,2038,PARK,2,5,7,3801,0,0,0,,0,3F13D,"CARL ST","STANYAN ST",93.00,W,N,A,-,N,,,,,,,,,,N,4,0,1,2,D,-,00,,,N,-,A,A,A,H,-,A,D,0,,,Y,,Y,,-,"- ",0,0,1,0,0,0,0,0,1,"- ","- ",,,"SAN FRANCISCO","SAN FRANCISCO",-122.45307159423828,37.765380859375
9741679,2024,2024-10-09,3801,2024-08-11,1638,1857,SOUTH,7,5,7,3801,0,0,0,,0,003,"MISSION ST","7TH ST",0.00,,Y,A,-,N,,,,,,,,,,Y,4,0,2,2,A,-,07,21658,A,N,B,C,A,A,H,-,A,A,0,,,,,Y,,A,01,0,0,2,0,0,0,0,0,0,"- ","- ",,,"SAN FRANCISCO","SAN FRANCISCO",-122.41089630126953,37.779209136962891
9741680,2024,2024-10-09,3801,2024-08-09,1849,1358,SOUTH,5,5,7,3801,0,0,0,,0,3B15D,"16TH ST","WISCONSIN ST",0.00,,Y,A,-,N,,,,,,,,,,Y,4,0,2,2,A,-,08,22107,,N,D,C,A,A,H,-,A,-,0,,,,,Y,,A,01,0,0,2,0,0,0,0,0,0,"- ","- ",,,"SAN FRANCISCO","SAN FRANCISCO",-122.39974975585938,37.766269683837891
9741681,2024,2024-10-09,3801,2024-08-06,2022,2080,CENTR,2,5,7,3801,0,0,0,,0,3A15D,"3RD ST","MARKET ST",0.00,,Y,A,-,N,,,,,,,,,,N,4,0,1,2,A,-,08,22107,,N,B,C,A,A,H,-,C,A,0,,,,,Y,,A,01,0,0,1,0,0,0,0,0,0,"- ","- ",,,"SAN FRANCISCO","SAN FRANCISCO",-122.40345764160156,37.787662506103516
9741682,2024,2024-10-09,3801,2024-08-03,"20  ",3821,SOUTH,6,5,7,3801,0,0,0,,0,3B5,"3RD ST","TERRY A FRANCOIS BL",0.00,,Y,A,-,N,,,,,,,,,,N,3,0,1,1,C,-,18,,,N,H,G,A,A,G,-,C,-,0,,Y,,,Y,,-,"- ",0,1,0,0,0,0,1,0,0,"- ","- ",,,"SAN FRANCISCO","SAN FRANCISCO",-122.39002227783203,37.776294708251953
9741693,2024,2024-10-15,3801,2024-08-06,1440,913,BAYVI,2,5,7,3801,0,0,0,,0,3C15A,"SHAFTER AV","HAWES ST",0.00,,Y,A,-,N,,,,,,,,,,N,3,0,1,2,A,-,12,22450,A,N,D,C,A,A,H,-,A,D,0,,,Y,,Y,,C,02,0,1,0,0,0,0,0,0,1,"- ","- ",,,"SAN FRANCISCO","SAN FRANCISCO",-122.38326263427734,37.726802825927734
9741852,2024,2024-10-16,3801,2024-07-13,1650,1198,MISSI,6,5,7,3801,0,0,0,,0,3D13D,"GUERRERO ST","23RD ST",0.00,,Y,A,-,N,,,,,,,,,,Y,4,0,2,2,A,-,04,21703,,N,C,C,A,A,H,-,A,A,0,,,,,Y,,A,01,0,0,2,0,0,0,0,0,0,"- ","- ",,,"SAN FRANCISCO","SAN FRANCISCO",-122.42303466796875,37.753559112548828
9741853,2024,2024-10-11,3801,2024-07-09,1715,2325,MISSI,2,5,7,3801,0,0,0,,0,PATROL,"MARKET ST","EUREKA ST",0.00,,Y,A,-,N,,,,,,,,,,N,3,0,1,2,A,-,17,21461,A,N,D,C,A,A,H,-,A,A,0,,,Y,,Y,,C,02,0,1,0,0,0,0,0,0,1,"- ","- ",,,"SAN FRANCISCO","SAN FRANCISCO",-122.43834686279297,37.761722564697266
9741885,2024,2024-10-11,3801,2024-07-17,1325,4307,NORTH,3,5,7,3801,0,0,0,,0,3E15A,"FILBERT ST","DIVISADERO ST",0.00,,Y,A,-,N,,,,,,,,,,Y,3,0,1,3,A,-,03,22350,,N,C,E,A,A,H,-,A,D,0,,,,,Y,,A,07,0,1,0,0,0,0,0,0,0,"- ","- ",,,"SAN FRANCISCO","SAN FRANCISCO",-122.44228363037109,37.797172546386719
9742044,2023,2024-11-01,3801,2023-10-11,1600,4798,NORTH,3,5,7,3801,0,0,0,,0,3E00,"FILLMORE ST","GREENWICH ST",50.00,N,N,A,-,N,,,,,,,,,,N,3,0,1,2,A,-,21,22106,,F,G,B,E,A,H,-,A,D,0,Y,,,,Y,,A,07,0,1,0,0,1,0,0,0,0,"- ","- ",,,"SAN FRANCISCO","SAN FRANCISCO",-122.43590545654297,37.799095153808594
9742544,2024,2024-10-30,3801,2024-08-19,1503,2498,TENDE,1,5,7,3801,0,0,0,,0,,"EDDY ST","MASON ST",0.00,,Y,A,-,N,,,,,,,,,,,4,0,1,2,A,-,08,22107,,N,-,E,A,A,H,-,A,D,0,,,,,Y,,A,01,0,0,1,0,0,0,0,0,0,"- ","- ",,,"SAN FRANCISCO","SAN FRANCISCO",-122.4093017578125,37.784374237060547
9742545,2024,2024-10-25,3801,2024-08-05,"304 ",2461,TENDE,1,5,7,3801,0,0,0,,0,0J3,"HYDE ST","MCALLISTER ST",0.00,,Y,A,-,N,,,,,,,,,,Y,4,0,8,2,A,-,12,21453,A,N,D,C,A,A,H,-,C,A,0,,,,,Y,,A,01,0,0,8,0,0,0,0,0,0,"- ","- ",,,"SAN FRANCISCO","SAN FRANCISCO",-122.41532135009766,37.780738830566406
9742640,2024,2025-03-24,3801,2024-09-09,2233,2149,NORTH,1,5,7,3801,0,0,0,,0,3E11E,"HAIGHT ST","OCTAVIA ST",0.00,,N,A,-,N,,,,,,,,,,N,3,0,1,2,A,-,00,38300,,N,B,-,A,A,H,-,C,A,0,,Y,,,Y,,M,91,0,1,0,0,0,0,1,0,0,"- ","- ",,,"SAN FRANCISCO","SAN FRANCISCO",-122.42392730712891,37.772964477539062
9742721,2024,2024-11-06,3801,2024-10-12,"235 ",2293,MISSI,6,5,7,3801,0,0,0,,0,0D1,"VALENCIA ST","16TH ST",20.00,S,N,A,-,N,,,,,,,,,,N,4,0,1,2,A,-,00,21967,,N,A,G,A,A,H,-,C,D,0,,Y,,,Y,,-,,0,0,1,0,0,0,1,0,0,"- ","- ",,,"SAN FRANCISCO","SAN FRANCISCO",-122.42188262939453,37.764854431152344
9742722,2024,2024-11-08,3801,2024-10-12,"222 ",4020,NORTH,6,5,7,3801,0,0,0,,0,3E13E,"OCTAVIA ST","OAK ST",0.00,,Y,A,-,N,,,,,,,,,,N,4,0,2,2,A,-,12,21453,A,N,D,C,A,A,H,-,C,A,0,,,,,Y,,-,"- ",0,0,2,0,0,0,0,0,0,"- ","- ",,,"SAN FRANCISCO","SAN FRANCISCO",-122.42430114746094,37.774799346923828
9742723,2024,2024-11-06,3801,2024-10-07,1754,34,TRAFF,1,5,7,3801,0,0,0,,0,4B4A,"BALBOA AV","7TH AV",0.00,,Y,A,-,N,,,,,,,,,,N,2,0,2,2,A,-,03,22350,,N,D,G,A,A,H,-,B,A,0,,Y,,,Y,,A,01,1,1,0,0,0,0,2,0,0,"- ","- ",,,"SAN FRANCISCO","SAN FRANCISCO",-122.46507263183594,37.777194976806641
9742724,2024,2024-11-06,3801,2024-10-12,1802,2196,MISSI,6,5,7,3801,0,0,0,,0,3D2C,"MARKET ST","16TH ST",0.00,,Y,A,-,N,,,,,,,,,,N,2,0,3,4,A,-,11,21453,D,F,B,B,B,A,H,-,A,A,0,Y,,,,Y,,N,60,3,0,0,0,3,0,0,0,0,"- ","- ",,,"SAN FRANCISCO","SAN FRANCISCO",-122.43313598632812,37.764244079589844
9742725,2024,2024-11-06,3801,2024-10-12,1635,1909,NORTH,6,5,7,3801,0,0,0,,0,NORTHE,"AVILA ST","CERVANTES BL",0.00,,Y,A,-,N,,,,,,,,,,N,4,0,1,2,A,-,09,21800,A,N,D,C,A,A,H,-,A,D,0,,,,,Y,,A,01,0,0,1,0,0,0,0,0,0,"- ","- ",,,"SAN FRANCISCO","SAN FRANCISCO",-122.44081878662109,37.804912567138672
9742726,2024,2024-11-06,3801,2024-10-17,1920,2452,CENTR,4,5,7,3801,0,0,0,,0,3A61,"WASHINGTON ST","DRUMM ST",0.00,,Y,A,-,N,,,,,,,,,,N,4,0,1,2,A,-,09,21804,A,N,D,G,A,A,H,-,C,D,0,,Y,,,Y,,L,04,0,0,1,0,0,0,1,0,0,"- ","- ",,,"SAN FRANCISCO","SAN FRANCISCO",-122.39698028564453,37.796371459960938
9742727,2024,2024-11-06,3801,2024-10-09,1539,1173,RICHM,3,5,7,3801,0,0,0,,0,901,"CALIFORNIA ST","24TH AV",0.00,,Y,B,-,N,,,,,,,,,,N,3,0,1,2,A,-,00,21294,C,N,G,B,B,A,H,-,A,-,0,Y,,,,Y,Y,N,60,0,1,0,0,1,0,0,0,0,"- ","- ",,,"SAN FRANCISCO","SAN FRANCISCO",-122.48391723632812,37.783924102783203
9742728,2024,2024-11-06,3801,2024-10-09,1530,4266,INGLE,3,5,7,3801,0,0,0,,0,0H5,"GENEVA AV","ATHENS ST",0.00,,Y,B,-,N,,,,,,,,,,N,4,0,1,2,A,-,03,22350,,N,C,C,A,A,H,-,A,A,0,,,Y,,Y,,C,03,0,0,1,0,0,0,0,0,1,"- ","- ",,,"SAN FRANCISCO","SAN FRANCISCO",-122.43453979492188,37.713474273681641
9742729,2024,2024-11-06,3801,2024-10-09,1227,961,MISSI,3,5,7,3801,0,0,0,,0,3D16C,"MISSION ST","16TH ST",174.00,S,N,A,-,N,,,,,,,,,,N,4,0,1,2,A,-,08,22102,,F,D,C,A,A,H,-,A,D,0,,,,,Y,,A,07,0,0,1,0,0,0,0,0,0,"- ","- ",,,"SAN FRANCISCO","SAN FRANCISCO",-122.41961669921875,37.764572143554688
9742730,2024,2024-11-06,3801,2024-10-09,1141,1389,BAYVI,3,5,7,3801,0,0,0,,0,3C12A,"BAYSHORE BL","OAKDALE AV",0.00,,Y,A,-,N,,,,,,,,,,Y,4,0,3,3,A,-,12,21453,A,N,D,E,A,A,H,-,A,A,0,,,,,Y,,A,01,0,0,3,0,0,0,0,0,0,"- ","- ",,,"SAN FRANCISCO","SAN FRANCISCO",-122.40522003173828,37.743038177490234
9742731,2024,2024-11-06,3801,2024-10-09,1128,2008,MISSI,3,5,7,3801,0,0,0,,0,3D13A,"NOE ST","19TH ST",0.00,,Y,A,-,N,,,,,,,,,,Y,3,0,1,1,D,-,00,,,N,E,J,A,A,H,-,A,D,0,,,,,Y,,-,"- ",0,1,0,0,0,0,0,0,0,"- ","- ",,,"SAN FRANCISCO","SAN FRANCISCO",-122.43264007568359,37.759426116943359
9742732,2024,2024-11-06,3801,2024-10-09,"715 ",4294,NORTH,3,5,7,3801,0,0,0,,0,0E3,"GROVE ST","VAN NESS AV",110.00,E,N,A,-,N,,,,,,,,,,N,4,0,1,2,A,-,17,22517,,N,H,G,A,A,H,-,A,D,0,,Y,,,Y,,A,01,0,0,1,0,0,0,1,0,0,"- ","- ",,,"SAN FRANCISCO","SAN FRANCISCO",-122.41944122314453,37.778308868408203
9742733,2024,2024-11-06,3801,2024-10-08,"900 ",4294,NORTH,2,5,7,3801,0,0,0,,0,0E3,"VAN NESS AV","MCALLISTER ST",0.00,,Y,A,-,N,,,,,,,,,,N,4,0,1,2,A,-,12,21453,,N,D,G,A,A,H,-,A,A,0,,Y,,,Y,,A,01,0,0,1,0,0,0,1,0,0,"- ","- ",,,"SAN FRANCISCO","SAN FRANCISCO",-122.42020416259766,37.780055999755859
9742734,2024,2024-11-06,3801,2024-10-06,2205,917,TRAFF,7,5,7,3801,0,0,0,,0,4B2E,"3RD ST","PAUL AV",10.00,S,N,A,-,N,,,,,,,,,,N,2,0,1,2,A,-,11,21456,A,F,G,B,B,A,H,-,C,A,0,Y,,,,Y,,N,60,1,0,0,0,1,0,0,0,0,"- ","- ",,,"SAN FRANCISCO","SAN FRANCISCO",-122.39575958251953,37.722385406494141
9742735,2024,2024-11-06,3801,2024-10-06,1746,334,RICHM,7,5,7,3801,0,0,0,,0,0G2,"GEARY BL","COMMONWEALTH AV",0.00,,Y,A,-,N,,,,,,,,,,Y,4,0,1,4,A,-,09,21801,A,N,D,C,A,A,H,-,A,A,0,,,,,Y,,A,01,0,0,1,0,0,0,0,0,0,"- ","- ",,,"SAN FRANCISCO","SAN FRANCISCO",-122.45553588867188,37.781486511230469
9742736,2024,2025-04-30,3801,2024-10-12,"7   ",1857,SOUTH,6,5,7,3801,0,0,0,,0,003,"RT 80","BRYANT ST",0.00,,N,A,-,Y,SF,4,80,-,-,4.360,H,-,E,Y,3,0,1,1,A,-,01,23152,A,N,E,I,A,A,H,-,C,D,0,,,Y,,Y,Y,C,02,0,1,0,0,0,0,0,0,1,"- ",EO,37.772998809814453,-122.40599822998047,"SAN FRANCISCO","SAN FRANCISCO",-122.40656280517578,37.773326873779297
9742737,2024,2024-11-06,3801,2024-10-11,1950,964,NORTH,5,5,7,3801,0,0,0,,0,3E13D,"POLK ST","POST ST",0.00,,Y,A,-,N,,,,,,,,,,Y,4,0,3,2,A,-,01,23152,A,F,C,C,A,A,H,-,C,A,0,,,,,Y,Y,A,01,0,0,3,0,0,0,0,0,0,"- ","- ",,,"SAN FRANCISCO","SAN FRANCISCO",-122.41989898681641,37.786834716796875
9742738,2024,2024-11-06,3801,2024-10-11,1850,1148,MISSI,5,5,7,3801,0,0,0,,0,3D5D,"MISSION ST","18TH ST",0.00,,Y,A,-,N,,,,,,,,,,N,3,0,1,2,A,-,12,21453,,N,D,C,A,A,H,-,C,A,0,,Y,,,Y,,L,04,0,1,0,0,0,0,1,0,0,"- ","- ",,,"SAN FRANCISCO","SAN FRANCISCO",-122.41936492919922,37.7618408203125
9742739,2024,2024-11-06,3801,2024-10-11,1633,4187,NORTH,5,5,7,3801,0,0,0,,0,3E11D,"OAK ST","SCOTT ST",104.00,W,N,A,-,N,,,,,,,,,,N,4,0,1,3,A,-,08,22107,,F,B,E,A,A,H,-,A,D,0,,,Y,,Y,,A,01,0,0,1,0,0,0,0,0,1,"- ","- ",,,"SAN FRANCISCO","SAN FRANCISCO",-122.43612670898438,37.773288726806641
9742740,2024,2024-11-06,3801,2024-10-11,1830,2748,SOUTH,5,5,7,3801,0,0,0,,0,3B12D,"THE EMBARCADERO","FOLSOM ST",0.00,,Y,A,-,N,,,,,,,,,,N,3,0,1,2,A,-,17,22517,,N,H,G,A,A,H,-,A,A,0,,Y,,,Y,,A,01,0,1,0,0,0,0,1,0,0,"- ","- ",,,"SAN FRANCISCO","SAN FRANCISCO",-122.39015960693359,37.790756225585938
9742741,2024,2024-11-06,3801,2024-10-11,"856 ",1297,PARK,5,5,7,3801,0,0,0,,0,3F2A,"LAGUNA HONDA BL","CLARENDON AV",0.00,,Y,A,-,N,,,,,,,,,,N,3,0,1,2,A,-,08,22107,,N,-,G,A,A,H,-,A,D,0,,Y,,,Y,,A,01,0,1,0,0,0,0,1,0,0,"- ","- ",,,"SAN FRANCISCO","SAN FRANCISCO",-122.46161651611328,37.751453399658203
9742742,2024,2024-11-06,3801,2024-10-10,1942,2147,NORTH,4,5,7,3801,0,0,0,,0,1CAR,"OCTAVIA ST","OAK ST",0.00,,Y,A,-,N,,,,,,,,,,N,4,0,1,2,A,-,12,21457,A,N,D,G,A,A,H,-,C,A,0,,Y,,,Y,,L,04,0,0,1,0,0,0,1,0,0,"- ","- ",,,"SAN FRANCISCO","SAN FRANCISCO",-122.42430114746094,37.774799346923828
9742743,2024,2024-11-06,3801,2024-10-10,1820,2212,MISSI,4,5,7,3801,0,0,0,,0,1CAR,"VALENCIA ST","16TH ST",0.00,,Y,A,-,N,,,,,,,,,,N,3,0,1,2,A,-,07,21658,A,N,B,C,A,A,-,-,B,A,0,,Y,,,Y,,A,01,0,1,0,0,0,0,1,0,0,"- ","- ",,,"SAN FRANCISCO","SAN FRANCISCO",-122.42189025878906,37.764907836914062
9742744,2024,2024-11-06,3801,2024-10-10,1550,956,BAYVI,4,5,7,3801,0,0,0,,0,3C15D,"LE CONTE AV","3RD ST",106.00,E,N,A,-,N,,,,,,,,,,Y,4,0,1,4,A,-,03,22350,,N,B,C,A,A,H,-,A,D,0,,,,,Y,Y,A,01,0,0,1,0,0,0,0,0,0,"- ","- ",,,"SAN FRANCISCO","SAN FRANCISCO",-122.39727783203125,37.718696594238281
9742745,2024,2024-11-06,3801,2024-10-10,1151,1133,MISSI,4,5,7,3801,0,0,0,,0,0D6,"BRYANT ST","ALAMEDA ST",0.00,,Y,A,-,N,,,,,,,,,,N,3,0,1,1,A,-,03,22350,,N,F,-,A,A,H,-,A,D,0,,Y,,,Y,,L,04,0,1,0,0,0,0,1,0,0,"- ","- ",,,"SAN FRANCISCO","SAN FRANCISCO",-122.41072082519531,37.768177032470703
9742746,2024,2024-11-08,3801,2024-10-10,1044,4275,TARAV,4,5,7,3801,0,0,0,,0,3I11A,"19TH AV","TARAVAL ST",25.00,N,N,A,-,N,,,,,,,,,,Y,4,0,1,2,A,-,04,21703,,N,C,C,A,A,H,-,A,A,0,,,,,Y,,A,01,0,0,1,0,0,0,0,0,0,"- ","- ",,,"SAN FRANCISCO","SAN FRANCISCO",-122.47566223144531,37.743049621582031