CASE_ID,ACCIDENT_YEAR,PROC_DATE,JURIS,COLLISION_DATE,COLLISION_TIME,OFFICER_ID,REPORTING_DISTRICT,DAY_OF_WEEK,CHP_SHIFT,POPULATION,CNTY_CITY_LOC,SPECIAL_COND,BEAT_TYPE,CHP_BEAT_TYPE,CITY_DIVISION_LAPD,CHP_BEAT_CLASS,BEAT_NUMBER,PRIMARY_RD,SECONDARY_RD,DISTANCE,DIRECTION,INTERSECTION,WEATHER_1,WEATHER_2,STATE_HWY_IND,CALTRANS_COUNTY,CALTRANS_DISTRICT,STATE_ROUTE,ROUTE_SUFFIX,POSTMILE_PREFIX,POSTMILE,LOCATION_TYPE,RAMP_INTERSECTION,SIDE_OF_HWY,TOW_AWAY,COLLISION_SEVERITY,NUMBER_KILLED,NUMBER_INJURED,PARTY_COUNT,PRIMARY_COLL_FACTOR,PCF_CODE_OF_VIOL,PCF_VIOL_CATEGORY,PCF_VIOLATION,PCF_VIOL_SUBSECTION,HIT_AND_RUN,TYPE_OF_COLLISION,MVIW,PED_ACTION,ROAD_SURFACE,ROAD_COND_1,ROAD_COND_2,LIGHTING,CONTROL_DEVICE,CHP_ROAD_TYPE,PEDESTRIAN_ACCIDENT,BICYCLE_ACCIDENT,MOTORCYCLE_ACCIDENT,TRUCK_ACCIDENT,NOT_PRIVATE_PROPERTY,ALCOHOL_INVOLVED,STWD_VEHTYPE_AT_FAULT,CHP_VEHTYPE_AT_FAULT,COUNT_SEVERE_INJ,COUNT_VISIBLE_INJ,COUNT_COMPLAINT_PAIN,COUNT_PED_KILLED,COUNT_PED_INJURED,COUNT_BICYCLIST_KILLED,COUNT_BICYCLIST_INJURED,COUNT_MC_KILLED,COUNT_MC_INJURED,PRIMARY_RAMP,SECONDARY_RAMP,LATITUDE,LONGITUDE,COUNTY,CITY,POINT_X,POINT_Y
9742747,2024,2024-11-06,3801,2024-10-09,1633,1358,SOUTH,3,5,7,3801,0,0,0,,0,005,"17TH ST","VERMONT ST",0.00,,Y,A,-,N,,,,,,,,,,N,4,0,1,2,A,-,09,21802,A,N,D,G,A,A,H,-,A,D,0,,Y,,,Y,,A,01,0,0,1,0,0,0,1,0,0,"- ","- ",,,"SAN FRANCISCO","SAN FRANCISCO",-122.40448760986328,37.764682769775391
9742748,2024,2024-11-06,3801,2024-10-02,1721,933,INGLE,3,5,7,3801,0,0,0,,0,0H5,"ALEMANY BL","SICKLES AV",0.00,,Y,A,-,N,,,,,,,,,,N,3,0,1,2,A,-,10,21950,C,N,-,B,B,A,H,-,A,A,0,Y,,,,Y,,A,01,0,1,0,0,1,0,0,0,0,"- ","- ",,,"SAN FRANCISCO","SAN FRANCISCO",-122.45491790771484,37.710514068603516
9742749,2024,2025-04-10,3801,2024-10-03,1840,2141,TARAV,4,5,7,3801,0,0,0,,0,3115D,"SKYLINE BL","SLOAT BL",0.00,,Y,A,-,N,,,,,,,,,,N,4,0,1,2,A,-,09,21802,A,N,D,G,A,A,H,-,B,A,0,,Y,,,Y,,A,01,0,0,1,0,0,0,1,0,0,"- ","- ",,,"SAN FRANCISCO","SAN FRANCISCO",-122.49598693847656,37.733707427978516
9742750,2024,2024-11-06,3801,2024-10-03,1739,359,TARAV,4,5,7,3801,0,0,0,,0,316D,"LINCOLN WY","11TH AV",0.00,,Y,A,-,N,,,,,,,,,,Y,3,0,1,2,A,-,09,21802,A,N,D,C,A,A,H,-,A,A,0,,,,,Y,,A,01,0,1,0,0,0,0,0,0,0,"- ","- ",,,"SAN FRANCISCO","SAN FRANCISCO",-122.46858215332031,37.765827178955078
9742751,2024,2024-11-06,3801,2024-10-03,1610,4041,TARAV,4,5,7,3801,0,0,0,,0,3112D,"SKYLINE BL","LAKE MERCED BL",0.00,,Y,A,-,N,,,,,,,,,,Y,4,0,4,2,A,-,09,21801,,N,D,C,A,A,H,-,A,D,0,,,,,Y,,A,01,0,0,4,0,0,0,0,0,0,"- ","- ",,,"SAN FRANCISCO","SAN FRANCISCO",-122.49894714355469,37.731536865234375
9742752,2024,2024-11-06,3801,2024-10-07,1239,1238,MISSI,1,5,7,3801,0,0,0,,0,3D13C,"VALENCIA ST","18TH ST",0.00,,Y,A,-,N,,,,,,,,,,N,3,0,1,2,A,-,12,21453,A,N,D,G,A,A,H,-,A,A,0,,Y,,,Y,,L,04,0,1,0,0,0,0,1,0,0,"- ","- ",,,"SAN FRANCISCO","SAN FRANCISCO",-122.42156219482422,37.761714935302734
9742753,2024,2024-11-06,3801,2024-10-07,"707 ",1580,SOUTH,1,5,7,3801,0,0,0,,0,,"7TH ST","HUBBELL ST",0.00,,Y,A,-,N,,,,,,,,,,N,2,0,1,2,A,-,08,22107,,N,A,C,A,A,H,-,A,D,0,,,,,Y,,A,01,1,0,0,0,0,0,0,0,0,"- ","- ",,,"SAN FRANCISCO","SAN FRANCISCO",-122.39671325683594,37.767833709716797
9742754,2024,2024-11-06,3801,2024-10-06,1720,1052,RICHM,7,5,7,3801,0,0,0,,0,,"6TH ST","MARKET ST",0.00,,Y,A,-,N,,,,,,,,,,N,4,0,1,3,A,-,08,22102,,F,C,C,A,-,H,-,A,A,0,,,,,Y,,A,01,0,0,1,0,0,0,0,0,0,"- ","- ",,,"SAN FRANCISCO","SAN FRANCISCO",-122.41030120849609,37.782241821289062
9742755,2024,2024-11-06,3801,2024-10-05,1753,1796,RICHM,6,5,7,3801,0,0,0,,0,3G14A,"CLEMENT ST","26TH ST",0.00,,Y,A,-,N,,,,,,,,,,Y,4,0,2,2,A,-,12,22450,,N,D,C,A,A,H,-,A,D,0,,,,,Y,,A,01,0,0,2,0,0,0,0,0,0,"- ","- ",,,"SAN FRANCISCO","SAN FRANCISCO",-122.48593902587891,37.781974792480469
9742756,2024,2024-11-08,3801,2024-10-04,"922 ",628,RICHM,5,5,7,3801,0,0,0,,0,03B,"13TH ST","HARRISON ST",0.00,,Y,F,-,N,,,,,,,,,,N,4,0,1,2,A,-,"- ",,,F,-,-,A,A,G,-,A,-,0,,,,,Y,,-,,0,0,1,0,0,0,0,0,0,"- ","- ",,,"SAN FRANCISCO","SAN FRANCISCO",-122.41340637207031,37.769454956054688
9742757,2024,2024-11-06,3801,2024-10-04,1920,1148,MISSI,5,5,7,3801,0,0,0,,0,3D15D,"FOLSOM ST","13TH ST",2.00,S,N,A,-,N,,,,,,,,,,N,3,0,1,2,A,-,05,21650,,N,A,G,A,A,H,-,C,A,0,,Y,,,Y,,L,04,0,1,0,0,0,0,1,0,0,"- ","- ",,,"SAN FRANCISCO","SAN FRANCISCO",-122.41558837890625,37.769515991210938
9742758,2024,2024-11-06,3801,2024-10-04,1447,830,MISSI,5,5,7,3801,0,0,0,,0,3D14A,"GUERRERO ST","17TH ST",235.00,N,N,A,-,N,,,,,,,,,,N,3,0,1,1,A,-,03,22350,,N,H,A,A,A,H,-,A,D,0,,Y,,,Y,,L,04,0,1,0,0,0,0,1,0,0,"- ","- ",,,"SAN FRANCISCO","SAN FRANCISCO",-122.42400360107422,37.763813018798828
9742759,2024,2024-11-06,3801,2024-10-03,1730,1173,RICHM,4,5,7,3801,0,0,0,,0,901,"26TH AV","GEARY BL",168.00,S,N,A,-,N,,,,,,,,,,N,3,0,2,2,A,-,08,22107,,N,A,G,A,A,H,-,A,D,0,,Y,,,Y,,A,01,0,2,0,0,0,0,2,0,0,"- ","- ",,,"SAN FRANCISCO","SAN FRANCISCO",-122.48577880859375,37.779640197753906
9742760,2024,2024-11-06,3801,2024-10-03,1611,2342,NORTH,4,5,7,3801,0,0,0,,0,3E14D,"SUTTER ST","WEBSTER ST",0.00,,Y,A,-,N,,,,,,,,,,N,3,0,1,2,A,-,10,21950,A,N,D,B,B,A,H,-,A,B,0,Y,,,,Y,,A,01,0,1,0,0,1,0,0,0,0,"- ","- ",,,"SAN FRANCISCO","SAN FRANCISCO",-122.43168640136719,37.786293029785156
9742761,2024,2024-11-07,3801,2024-10-03,1411,649,INGLE,4,5,7,3801,0,0,0,,0,3H14A,"VALENCIA ST","DUNCAN ST",210.00,N,N,A,-,N,,,,,,,,,,N,4,0,1,2,A,-,03,22350,,N,D,E,A,A,H,-,A,D,0,,,Y,,Y,,C,02,0,0,1,0,0,0,0,0,1,"- ","- ",,,"SAN FRANCISCO","SAN FRANCISCO",-122.42026519775391,37.746513366699219
9742762,2024,2024-11-07,3801,2024-10-06,1930,1952,CENTR,7,5,7,3801,0,0,0,,0,902,"16TH ST","DOLORES ST",0.00,,Y,A,-,N,,,,,,,,,,N,4,0,1,2,D,-,00,,,N,B,G,A,A,G,-,A,A,0,,Y,,,Y,,-,"- ",0,0,1,0,0,0,1,0,0,"- ","- ",,,"SAN FRANCISCO","SAN FRANCISCO",-122.42644500732422,37.764640808105469
9742763,2024,2024-11-07,3801,2024-10-06,1540,2417,BAYVE,7,5,7,3801,0,0,0,,0,3C2D,"SILVER AV","REVERE AV",40.00,N,N,A,-,N,,,,,,,,,,N,4,0,2,2,A,-,08,22107,,N,A,C,A,A,H,-,A,D,0,,,,,Y,,A,01,0,0,2,0,0,0,0,0,0,"- ","- ",,,"SAN FRANCISCO","SAN FRANCISCO",-122.39846038818359,37.736495971679688
9742764,2024,2024-11-07,3801,2024-10-06,"24  ",2722,CENTR,7,5,7,3801,0,0,0,,0,NORTHE,"LOMBARD ST","FILLMORE ST",0.00,,Y,A,-,N,,,,,,,,,,N,4,0,1,2,A,-,21,22106,,F,C,E,A,A,H,-,C,A,0,,,,,Y,Y,A,01,0,0,1,0,0,0,0,0,0,"- ","- ",,,"SAN FRANCISCO","SAN FRANCISCO",-122.43605041503906,37.799846649169922
9742765,2024,2024-11-07,3801,2024-10-05,1707,1857,SOUTH,6,5,7,3801,0,0,0,,0,004,"OTIS ST","GOUGH ST",0.00,,Y,A,-,N,,,,,,,,,,N,3,0,1,2,A,-,08,22107,,N,G,B,B,A,H,-,A,A,0,Y,,,,Y,,A,01,0,1,0,0,1,0,0,0,0,"- ","- ",,,"SAN FRANCISCO","SAN FRANCISCO",-122.42033386230469,37.771774291992188
9742766,2024,2024-11-07,3801,2024-10-05,1130,1133,MISSI,6,5,7,3801,0,0,0,,0,0D3,"VALENCIA ST","20TH ST",0.00,,Y,A,-,N,,,,,,,,,,N,3,0,2,2,A,-,17,21209,A,N,D,G,A,A,H,-,A,D,0,,Y,,,Y,,A,01,0,2,0,0,0,0,2,0,0,"- ","- ",,,"SAN FRANCISCO","SAN FRANCISCO",-122.42125701904297,37.758510589599609
9742767,2024,2024-11-07,3801,2024-10-05,1110,268,MISSI,6,5,7,3801,0,0,0,,0,3D41A,"GUERRERO ST","19TH ST",0.00,,Y,A,-,N,,,,,,,,,,Y,3,0,1,3,A,-,09,21801,,N,D,C,A,A,H,-,A,A,0,,,,,Y,,A,01,0,1,0,0,0,0,0,0,0,"- ","- ",,,"SAN FRANCISCO","SAN FRANCISCO",-122.42362976074219,37.759975433349609
9742768,2024,2024-11-07,3801,2024-10-01,"219 ",2497,BAYVI,2,5,7,3801,0,0,0,,0,3C12E,"SILVER AV","BAYSHORE BL",0.00,,Y,A,-,N,,,,,,,,,,Y,4,0,1,2,D,-,00,,,N,D,C,A,A,H,-,C,A,0,,,,,Y,,-,"- ",0,0,1,0,0,0,0,0,0,"- ","- ",,,"SAN FRANCISCO","SAN FRANCISCO",-122.40464782714844,37.732959747314453
9742769,2024,2025-04-10,3801,2024-10-01,1843,2188,TARAV,2,5,7,3801,0,0,0,,0,,"SLOAT BL","21ST AV",0.00,,Y,A,-,N,,,,,,,,,,N,4,0,2,2,A,-,08,22107,,N,D,C,A,A,H,-,A,D,0,,,,,Y,,A,01,0,0,2,0,0,0,0,0,0,"- ","- ",,,"SAN FRANCISCO","SAN FRANCISCO",-122.47707366943359,37.734561920166016
9742770,2024,2024-11-07,3801,2024-10-18,1507,4020,NORTH,5,5,7,3801,0,0,0,,0,3E12D,"WEBSTER ST","GROVE ST",0.00,,Y,A,-,N,,,,,,,,,,Y,4,0,1,2,A,-,08,22100,A,N,D,C,A,A,H,-,A,A,0,,,Y,,Y,,A,01,0,0,1,0,0,0,0,0,1,"- ","- ",,,"SAN FRANCISCO","SAN FRANCISCO",-122.42974853515625,37.776969909667969
9742771,2024,2024-11-07,3801,2024-10-27,"149 ",4347,TARAV,7,5,7,3801,0,0,0,,0,3111E,"19TH AV","TARAVAL ST",0.00,,Y,E,-,N,,,,,,,,,,N,4,0,1,2,D,-,00,,,N,C,C,A,B,H,-,C,A,0,,,,,Y,,-,"- ",0,0,1,0,0,0,0,0,0,"- ","- ",,,"SAN FRANCISCO","SAN FRANCISCO",-122.47566223144531,37.742977142333984
9742772,2024,2024-11-07,3801,2024-10-26,2238,2412,TARAV,6,5,7,3801,0,0,0,,0,3115E,"LAKE MERCED BL","LAKE MERCED HILL",0.00,,Y,A,-,N,,,,,,,,,,Y,3,0,2,3,A,-,05,21651,B,N,A,D,A,A,H,-,D,D,0,,,,,Y,,A,01,0,1,1,0,0,0,0,0,0,"- ","- ",,,"SAN FRANCISCO","SAN FRANCISCO",-122.48545837402344,37.711277008056641
9742773,2024,2024-11-07,3801,2024-10-26,1800,189,NORTH,6,5,7,3801,0,0,0,,0,001,"DIVISADERO ST","OAK ST",21.00,E,N,A,-,N,,,,,,,,,,N,4,0,2,2,A,-,03,22350,,N,C,C,A,A,H,-,B,A,0,,,,,Y,,A,01,0,0,2,0,0,0,0,0,0,"- ","- ",,,"SAN FRANCISCO","SAN FRANCISCO",-122.43741607666016,37.773082733154297
9742774,2024,2024-11-07,3801,2024-10-26,1700,469,MISSI,6,5,7,3801,0,0,0,,0,3D12D,"CASELLI ST","CLOVER LN",35.00,E,N,A,-,N,,,,,,,,,,Y,3,0,1,4,A,-,03,22350,,M,B,E,A,A,H,-,A,D,0,,,,,Y,Y,A,01,0,1,0,0,0,0,0,0,0,"- ","- ",,,"SAN FRANCISCO","SAN FRANCISCO",-122.44092559814453,37.759708404541016
9742775,2024,2024-11-07,3801,2024-10-26,1610,4314,RICHM,6,5,7,3801,0,0,0,,0,0G3,"FULTON ST","11TH AV",0.00,,Y,B,-,N,,,,,,,,,,N,3,0,3,2,A,-,09,21802,A,N,D,-,A,A,H,-,A,A,0,,,,,Y,,A,07,0,1,2,0,0,0,0,0,0,"- ","- ",,,"SAN FRANCISCO","SAN FRANCISCO",-122.46910858154297,37.773250579833984
9742776,2024,2024-11-18,3801,2024-10-26,1125,2039,TARAV,6,5,7,3801,0,0,0,,0,003,"45TH AV","SANTIAGO ST",0.00,,Y,A,-,N,,,,,,,,,,N,3,0,1,2,A,-,03,22350,,N,D,G,A,A,H,-,A,A,0,,Y,,,Y,,A,01,0,1,0,0,0,0,1,0,0,"- ","- ",,,"SAN FRANCISCO","SAN FRANCISCO",-122.50366973876953,37.743686676025391
9742777,2024,2024-11-07,3801,2024-10-26,1024,2747,TARAV,6,5,7,3801,0,0,0,,0,002,"LINCOLN WY","20TH AV",0.00,,Y,A,-,N,,,,,,,,,,N,3,0,1,2,A,-,08,22107,,N,-,A,A,A,H,-,A,A,0,,,Y,,Y,,-,,0,1,0,0,0,0,0,0,1,"- ","- ",,,"SAN FRANCISCO","SAN FRANCISCO",-122.47833251953125,37.765403747558594
9742778,2024,2024-11-07,3801,2024-10-26,"248 ",1021,BAYVE,6,5,7,3801,0,0,0,,0,3C13E,"20TH ST","SAN BRUNO AV",0.00,,Y,A,-,N,,,,,,,,,,Y,3,0,1,1,A,-,03,22350,,N,E,I,A,A,H,-,C,D,0,,,,,Y,,A,01,0,1,0,0,0,0,0,0,0,"- ","- ",,,"SAN FRANCISCO","SAN FRANCISCO",-122.40496826171875,37.759525299072266
9742779,2024,2024-11-07,3801,2024-10-26,"50  ",1452,CENTR,6,5,7,3801,0,0,0,,0,3A14E,"COLUMBUS AV","VALLEJO ST",0.00,,Y,A,-,N,,,,,,,,,,N,3,0,1,2,A,-,11,21453,D,N,G,B,B,A,H,-,C,A,0,Y,,,,Y,,N,60,0,1,0,0,1,0,0,0,0,"- ","- ",,,"SAN FRANCISCO","SAN FRANCISCO",-122.40789031982422,37.798721313476562
9742780,2024,2024-11-07,3801,2024-10-25,1334,875,CENTR,5,5,7,3801,0,0,0,,0,3A44C,EMBARCADERO,"BAY ST",357.00,S,N,A,-,N,,,,,,,,,,N,3,0,2,2,A,-,00,21955,A,N,A,-,D,A,H,-,A,-,0,Y,Y,,,Y,,N,60,0,2,0,0,1,0,1,0,0,"- ","- ",,,"SAN FRANCISCO","SAN FRANCISCO",-122.40493774414062,37.80609130859375
9742781,2024,2024-11-07,3801,2024-10-25,1057,905,PARK,5,5,7,3801,0,0,0,,0,3F13A,"COLLINS ST","ANZA ST",0.00,,Y,A,-,N,,,,,,,,,,N,3,0,1,2,A,-,00,21590,A,N,G,B,B,A,H,-,A,A,0,Y,,,,Y,,A,01,0,1,0,0,1,0,0,0,0,"- ","- ",,,"SAN FRANCISCO","SAN FRANCISCO",-122.44981384277344,37.780757904052734
9742782,2024,2024-11-07,3801,2024-10-25,"233 ",499,PARK,5,5,7,3801,0,0,0,,0,3F13E,"PAGE ST","ASHBURY ST",0.00,,Y,A,-,N,,,,,,,,,,N,3,0,1,1,A,-,03,22350,,N,H,J,A,A,H,-,C,D,0,,,Y,,Y,,C,03,0,1,0,0,0,0,0,0,1,"- ","- ",,,"SAN FRANCISCO","SAN FRANCISCO",-122.44711303710938,37.770919799804688
9742783,2024,2024-11-07,3801,2024-10-24,1834,4178,TRAFF,4,5,7,3801,0,0,0,,0,4B3A,"BEACH ST","TAYLOR ST",0.00,,Y,A,-,N,,,,,,,,,,Y,3,0,1,2,A,-,12,21453,A,F,D,G,A,A,H,-,C,A,0,,Y,,,Y,,L,04,0,1,0,0,0,0,1,0,0,"- ","- ",,,"SAN FRANCISCO","SAN FRANCISCO",-122.41561889648438,37.807289123535156
9742784,2024,2024-11-13,3801,2024-10-24,1706,2711,TENDE,4,5,7,3801,0,0,0,,0,3J12D,"TAYLOR ST","ELLIS ST",0.00,,Y,A,-,N,,,,,,,,,,,2,0,1,2,A,-,10,21950,A,N,G,B,B,A,H,-,A,A,0,Y,,,,Y,,A,01,1,0,0,0,1,0,0,0,0,"- ","- ",,,"SAN FRANCISCO","SAN FRANCISCO",-122.41112518310547,37.78509521484375
9742785,2024,2024-11-07,3801,2024-10-24,1520,4140,TENDE,4,5,7,3801,0,0,0,,0,3J11D,"8TH ST","MARKET ST",0.00,,Y,A,-,N,,,,,,,,,,N,4,0,1,2,A,-,17,22517,,N,H,C,A,A,H,-,A,D,0,,,,,Y,,A,01,0,0,1,0,0,0,0,0,0,"- ","- ",,,"SAN FRANCISCO","SAN FRANCISCO",-122.41475677490234,37.778705596923828
9742786,2024,2024-11-07,3801,2024-10-24,"845 ",917,RICHM,4,5,7,3801,0,0,0,,0,3G1A,"30TH AV","CALIFORNIA ST",0.00,,Y,A,-,N,,,,,,,,,,N,4,0,1,2,A,-,10,21950,A,N,G,B,B,A,H,-,A,D,0,Y,,,,Y,,A,01,0,0,1,0,1,0,0,0,0,"- ","- ",,,"SAN FRANCISCO","SAN FRANCISCO",-122.4903564453125,37.783638000488281
9742787,2024,2024-11-07,3801,2024-10-24,1838,1333,CENTR,4,5,7,3801,0,0,0,,0,3A12D,EMBARCADERO,"BAY ST",244.00,S,N,A,-,N,,,,,,,,,,Y,4,0,1,1,A,-,03,22350,,M,E,I,A,A,H,-,A,D,0,,,,,Y,,A,01,0,0,1,0,0,0,0,0,0,"- ","- ",,,"SAN FRANCISCO","SAN FRANCISCO",-122.40525817871094,37.806270599365234
9742788,2024,2024-11-07,3801,2024-10-24,"902 ",1825,SOUTH,4,5,7,3801,0,0,0,,0,3B4A,"11TH ST","MISSION ST",49.00,N,N,A,-,N,,,,,,,,,,N,4,0,1,2,A,-,08,22107,,N,D,G,A,A,H,-,A,A,0,,Y,,,Y,,A,01,0,0,1,0,0,0,1,0,0,"- ","- ",,,"SAN FRANCISCO","SAN FRANCISCO",-122.41722106933594,37.774421691894531
9742789,2024,2024-11-13,3801,2024-10-23,1919,226,BAYVI,3,5,7,3801,0,0,0,,0,3C12D,"BAYSHORE BL","SILVER AV",330.00,S,N,A,-,N,,,,,,,,,,Y,4,0,1,2,A,-,04,21703,,N,C,C,A,A,H,-,C,A,0,,,,,Y,,A,01,0,0,1,0,0,0,0,0,0,"- ","- ",,,"SAN FRANCISCO","SAN FRANCISCO",-122.40421295166016,37.732124328613281
9742790,2024,2024-11-12,3801,2024-10-23,1628,2711,TENDE,3,5,7,3801,0,0,0,,0,3J14D,"MARKET ST","STOCKTON ST",0.00,,Y,A,-,N,,,,,,,,,,N,2,0,1,2,A,-,12,21453,A,N,G,-,B,A,H,-,A,A,0,Y,Y,,,Y,,L,04,1,0,0,0,1,0,0,0,0,"- ","- ",,,"SAN FRANCISCO","SAN FRANCISCO",-122.40589141845703,37.785697937011719
9742791,2024,2024-11-13,3801,2024-10-23,"932 ",1633,TENDE,3,5,7,3801,0,0,0,,0,3J11A,"MARKET ST","MCALLISTER ST",0.00,,Y,A,-,N,,,,,,,,,,N,2,0,1,1,A,-,17,21367,C,N,E,I,A,A,C,-,A,D,0,,Y,,,Y,,L,04,1,0,0,0,0,0,1,0,0,"- ","- ",,,"SAN FRANCISCO","SAN FRANCISCO",-122.41164398193359,37.781181335449219
9742792,2024,2024-11-07,3801,2024-10-23,"731 ",1297,PARK,3,5,7,3801,0,0,0,,0,3F12A,"LAGUNA HONDA BL","WOODSIDE AV",0.00,,Y,A,-,N,,,,,,,,,,N,3,0,1,2,A,-,08,22107,,N,B,G,A,A,H,-,A,A,0,,Y,,,Y,,A,01,0,1,0,0,0,0,1,0,0,"- ","- ",,,"SAN FRANCISCO","SAN FRANCISCO",-122.45873260498047,37.746818542480469
9742793,2024,2024-11-07,3801,2024-10-16,1540,826,INGLE,3,5,7,3801,0,0,0,,0,0H1,"MISSION ST","30TH ST",137.00,S,N,A,-,N,,,,,,,,,,N,4,0,1,2,A,-,21,22106,,N,C,C,A,A,H,-,A,D,0,,,,,Y,,A,01,0,0,1,0,0,0,0,0,0,"- ","- ",,,"SAN FRANCISCO","SAN FRANCISCO",-122.42218017578125,37.742057800292969
9742795,2024,2024-11-07,3801,2024-10-15,1730,2288,INGLE,2,5,7,3801,0,0,0,,0,3H13D,"DIAMOND HEIGHTS BL","DIAMOND ST",121.00,W,N,A,-,N,,,,,,,,,,Y,3,0,1,2,A,-,08,22107,,N,C,E,A,A,H,-,A,A,0,,,,,Y,,A,01,0,1,0,0,0,0,0,0,0,"- ","- ",,,"SAN FRANCISCO","SAN FRANCISCO",-122.43776702880859,37.738327026367188
9742797,2024,2024-11-07,3801,2024-10-22,2001,2435,BAYVI,2,5,7,3801,0,0,0,,0,002,"NEWHALL ST","BAYVIEW CIR",0.00,,Y,A,-,N,,,,,,,,,,N,4,0,1,2,A,-,09,21801,A,N,D,G,A,A,H,-,C,A,0,,Y,,,Y,,A,01,0,0,1,0,0,0,1,0,0,"- ","- ",,,"SAN FRANCISCO","SAN FRANCISCO",-122.39464569091797,37.732940673828125
9742798,2024,2024-11-13,3801,2024-10-22,1933,2192,MISSI,2,5,7,3801,0,0,0,,0,3D14D,"BAYSHORE BL","POTRERO AV",0.00,,N,A,-,N,,,,,,,,,,N,4,0,1,2,A,-,04,21703,,N,C,C,A,A,H,-,C,A,0,,,,,Y,,A,01,0,0,1,0,0,0,0,0,0,"- ","- ",37.749000549316406,-122.40399932861328,"SAN FRANCISCO","SAN FRANCISCO",-122.40602111816406,37.75067138671875
9742799,2024,2025-04-10,3801,2024-10-22,1520,1810,MISSI,2,5,7,3801,0,0,0,,0,3D13D,"SOUTH VAN NESS AV","19TH ST",0.00,,Y,A,-,N,,,,,,,,,,N,4,0,1,2,A,-,06,21755,A,N,B,D,A,A,H,-,A,A,0,,,Y,,Y,,C,02,0,0,1,0,0,0,0,0,1,"- ","- ",,,"SAN FRANCISCO","SAN FRANCISCO",-122.41706085205078,37.760364532470703
9742800,2024,2024-11-07,3801,2024-10-21,1604,1288,NORTH,1,5,7,3801,0,0,0,,0,3E13D,"GROVE ST","POLK ST",8.00,E,N,A,-,N,,,,,,,,,,N,4,0,1,2,A,-,10,21950,,F,G,B,B,A,H,-,A,A,0,Y,,,,Y,,A,01,0,0,1,0,1,0,0,0,0,"- ","- ",,,"SAN FRANCISCO","SAN FRANCISCO",-122.41819000244141,37.778480529785156
9742801,2024,2024-11-06,3801,2024-10-21,"800 ",1796,RICHM,1,5,7,3801,0,0,0,,0,3G14A,"CALIFORNIA ST","25TH AV",0.00,,Y,A,-,N,,,,,,,,,,N,4,0,1,2,A,-,10,21950,,N,G,B,B,A,H,-,A,A,0,Y,,,,Y,,A,01,0,0,1,0,1,0,0,0,0,"- ","- ",,,"SAN FRANCISCO","SAN FRANCISCO",-122.48500061035156,37.783882141113281
9742802,2024,2024-11-06,3801,2024-10-21,"116 ",2149,NORTH,1,5,7,3801,0,0,0,,0,3E13E,"GOUGH ST","CLAY ST",0.00,,Y,A,-,N,,,,,,,,,,N,2,0,1,2,A,-,03,22350,,F,C,C,A,A,H,-,C,D,0,,,,,Y,,A,01,1,0,0,0,0,0,0,0,0,"- ","- ",,,"SAN FRANCISCO","SAN FRANCISCO",-122.42597961425781,37.791774749755859
9742803,2024,2024-11-06,3801,2024-10-19,1545,964,NORTH,6,5,7,3801,0,0,0,,0,313D,"CALIFORNIA ST","OCTAVIA ST",115.00,E,N,A,-,N,,,,,,,,,,N,3,0,1,2,A,-,03,22350,,N,C,C,A,A,H,-,A,D,0,,,Y,,Y,,C,02,0,1,0,0,0,0,0,0,1,"- ","- ",,,"SAN FRANCISCO","SAN FRANCISCO",-122.42686462402344,37.789779663085938
9742804,2024,2024-11-06,3801,2024-10-19,1340,1371,NORTH,6,5,7,3801,0,0,0,,0,1340,"OFARRELL ST","DIVISADERO ST",110.00,W,N,A,-,N,,,,,,,,,,N,4,0,1,2,A,-,17,22517,,N,B,E,A,A,H,-,A,A,0,,,,,Y,,A,01,0,0,1,0,0,0,0,0,0,"- ","- ",,,"SAN FRANCISCO","SAN FRANCISCO",-122.43967437744141,37.782390594482422
9742805,2024,2024-11-06,3801,2024-10-18,1720,964,NORTH,5,5,7,3801,0,0,0,,0,,"BAY ST","FRANKLIN ST",19.00,E,N,A,-,N,,,,,,,,,,Y,3,0,2,2,A,-,09,21801,A,N,A,C,A,A,H,-,A,A,0,,,,,Y,,A,07,0,1,1,0,0,0,0,0,0,"- ","- ",,,"SAN FRANCISCO","SAN FRANCISCO",-122.42667388916016,37.803958892822266
9742806,2024,2024-11-06,3801,2024-10-29,1140,1533,NORTH,2,5,7,3801,0,0,0,,0,3E16C,"LAGUNA ST","IVY ST",1.00,S,N,A,-,N,,,,,,,,,,N,4,0,1,2,A,-,10,21950,A,N,G,B,B,A,H,-,A,A,0,Y,,,,Y,,A,01,0,0,1,0,1,0,0,0,0,"- ","- ",,,"SAN FRANCISCO","SAN FRANCISCO",-122.42636108398438,37.776927947998047
9742807,2024,2024-11-06,3801,2024-10-29,"550 ",4294,NORTH,2,5,7,3801,0,0,0,,0,0E3,"POLK ST","OFARRELL ST",0.00,,Y,A,-,N,,,,,,,,,,N,3,0,1,2,A,-,09,21801,,F,D,J,A,A,H,-,C,A,0,,,,,Y,Y,A,01,0,1,0,0,0,0,0,0,0,"- ","- ",,,"SAN FRANCISCO","SAN FRANCISCO",-122.41954803466797,37.784969329833984
9742808,2024,2024-11-06,3801,2024-10-28,1537,2390,PARK,1,5,7,3801,0,0,0,,0,3F60,"HAYES ST","BAKER ST",252.00,E,N,A,-,N,,,,,,,,,,N,2,0,1,2,A,-,03,22350,,N,C,G,A,A,H,-,A,D,0,,Y,,,Y,,L,04,1,0,0,0,0,0,1,0,0,"- ","- ",,,"SAN FRANCISCO","SAN FRANCISCO",-122.44024658203125,37.774665832519531