CASE_ID,ACCIDENT_YEAR,PROC_DATE,JURIS,COLLISION_DATE,COLLISION_TIME,OFFICER_ID,REPORTING_DISTRICT,DAY_OF_WEEK,CHP_SHIFT,POPULATION,CNTY_CITY_LOC,SPECIAL_COND,BEAT_TYPE,CHP_BEAT_TYPE,CITY_DIVISION_LAPD,CHP_BEAT_CLASS,BEAT_NUMBER,PRIMARY_RD,SECONDARY_RD,DISTANCE,DIRECTION,INTERSECTION,WEATHER_1,WEATHER_2,STATE_HWY_IND,CALTRANS_COUNTY,CALTRANS_DISTRICT,STATE_ROUTE,ROUTE_SUFFIX,POSTMILE_PREFIX,POSTMILE,LOCATION_TYPE,RAMP_INTERSECTION,SIDE_OF_HWY,TOW_AWAY,COLLISION_SEVERITY,NUMBER_KILLED,NUMBER_INJURED,PARTY_COUNT,PRIMARY_COLL_FACTOR,PCF_CODE_OF_VIOL,PCF_VIOL_CATEGORY,PCF_VIOLATION,PCF_VIOL_SUBSECTION,HIT_AND_RUN,TYPE_OF_COLLISION,MVIW,PED_ACTION,ROAD_SURFACE,ROAD_COND_1,ROAD_COND_2,LIGHTING,CONTROL_DEVICE,CHP_ROAD_TYPE,PEDESTRIAN_ACCIDENT,BICYCLE_ACCIDENT,MOTORCYCLE_ACCIDENT,TRUCK_ACCIDENT,NOT_PRIVATE_PROPERTY,ALCOHOL_INVOLVED,STWD_VEHTYPE_AT_FAULT,CHP_VEHTYPE_AT_FAULT,COUNT_SEVERE_INJ,COUNT_VISIBLE_INJ,COUNT_COMPLAINT_PAIN,COUNT_PED_KILLED,COUNT_PED_INJURED,COUNT_BICYCLIST_KILLED,COUNT_BICYCLIST_INJURED,COUNT_MC_KILLED,COUNT_MC_INJURED,PRIMARY_RAMP,SECONDARY_RAMP,LATITUDE,LONGITUDE,COUNTY,CITY,POINT_X,POINT_Y
9742809,2024,2024-11-06,3801,2024-10-28,1233,1242,CENTR,1,5,7,3801,0,0,0,,0,3A15A,"BUST ST","JONES ST",0.00,,Y,A,-,N,,,,,,,,,,Y,2,0,2,2,A,-,12,21453,A,N,D,C,A,A,H,-,A,A,0,,,,,Y,Y,A,01,1,0,1,0,0,0,0,0,0,"- ","- ",,,"SAN FRANCISCO","SAN FRANCISCO",,
9742810,2024,2024-11-06,3801,2024-10-28,"923 ",179,NORTH,1,5,7,3801,0,0,0,,0,3E12A,"FELL ST","FRANKLIN ST",68.00,W,N,A,-,N,,,,,,,,,,Y,4,0,1,3,A,-,05,21460,A,N,B,C,A,A,H,-,A,D,0,,,,,Y,,A,01,0,0,1,0,0,0,0,0,0,"- ","- ",,,"SAN FRANCISCO","SAN FRANCISCO",-122.42137145996094,37.776130676269531
9742811,2024,2024-11-06,3801,2024-10-28,"850 ",1426,SOUTH,1,5,7,3801,0,0,0,,0,3B12A,"6TH ST","TEHAMA ST",0.00,,Y,A,-,N,,,,,,,,,,N,4,0,1,2,A,-,08,22107,,N,D,C,A,A,H,-,A,D,0,,,,,Y,,A,01,0,0,1,0,0,0,0,0,0,"- ","- ",,,"SAN FRANCISCO","SAN FRANCISCO",-122.40658569335938,37.779308319091797
9742812,2024,2024-11-06,3801,2024-10-27,1915,2395,SOUTH,7,5,7,3801,0,0,0,,0,3B15D,"HARRISON ST","8TH ST",0.00,,Y,A,-,N,,,,,,,,,,Y,4,0,1,2,A,-,12,21453,A,N,G,D,A,A,H,-,C,A,0,,,,,Y,,A,01,0,0,1,0,0,0,0,0,0,"- ","- ",37.773769378662109,-122.40850067138672,"SAN FRANCISCO","SAN FRANCISCO",-122.40853118896484,37.773754119873047
9742813,2024,2024-11-06,3801,2024-10-27,1729,1061,RICHM,7,5,7,3801,0,0,0,,0,3G12D,"WILLARD NORTH ST","GOLDEN GATE AV",0.00,,Y,A,-,N,,,,,,,,,,N,4,0,1,2,A,-,10,21950,C,N,G,B,D,A,H,-,A,D,0,Y,,,,Y,,A,01,0,0,1,0,1,0,0,0,0,"- ","- ",,,"SAN FRANCISCO","SAN FRANCISCO",-122.45674133300781,37.776805877685547
9742814,2024,2024-11-06,3801,2024-10-27,1322,1796,RICHM,7,5,7,3801,0,0,0,,0,3G14A,"BALBOA ST","30TH AV",0.00,,Y,A,-,N,,,,,,,,,,N,3,0,1,2,C,-,18,,,N,A,E,A,A,H,-,A,D,0,,,,,Y,,-,"- ",0,1,0,0,0,0,0,0,0,"- ","- ",,,"SAN FRANCISCO","SAN FRANCISCO",-122.48985290527344,37.776058197021484
9742815,2024,2024-11-06,3801,2024-10-27,1314,643,TARAV,7,5,7,3801,0,0,0,,0,3115A,"SKYLINE BL","GREAT HWY",470.00,S,N,A,-,N,,,,,,,,,,N,2,0,1,2,A,-,03,22350,,N,C,G,A,A,H,-,A,D,0,,Y,,,Y,,A,07,1,0,0,0,0,0,1,0,0,"- ","- ",,,"SAN FRANCISCO","SAN FRANCISCO",-122.50290679931641,37.723991394042969
9742816,2024,2024-11-06,3801,2024-10-26,2213,2110,NORTH,6,5,7,3801,0,0,0,,0,2CAR,"MCALLISTER ST","WEBSTER ST",60.00,W,N,A,-,N,,,,,,,,,,Y,3,0,2,4,A,-,03,22350,,N,B,E,A,A,H,-,C,A,0,,,,,Y,,A,01,0,2,0,0,0,0,0,0,0,"- ","- ",,,"SAN FRANCISCO","SAN FRANCISCO",-122.43031311035156,37.778812408447266
9742817,2024,2024-11-06,3801,2024-10-26,"150 ",1454,NORTH,6,5,7,3801,0,0,0,,0,3E14E,"SACRAMENTO ST","VAN NESS AV",0.00,,Y,A,-,N,,,,,,,,,,Y,2,0,3,3,A,-,03,22350,,F,D,I,A,A,H,-,C,A,0,,,,,Y,,A,01,3,0,0,0,0,0,0,0,0,"- ","- ",,,"SAN FRANCISCO","SAN FRANCISCO",-122.42243957519531,37.791297912597656
9742818,2024,2024-11-06,3801,2024-10-11,1555,1620,RICHM,5,5,7,3801,0,0,0,,0,3G3D,"LAKE ST","17TH AV",0.00,,Y,A,-,N,,,,,,,,,,N,3,0,1,2,A,-,12,22450,A,N,A,G,A,A,H,-,A,A,0,,Y,Y,,Y,,L,04,0,1,0,0,0,0,1,0,0,"- ","- ",,,"SAN FRANCISCO","SAN FRANCISCO",-122.47657012939453,37.786140441894531
9742819,2024,2024-11-06,3801,2024-10-13,1312,2366,NORTH,7,5,7,3801,0,0,0,,0,6CAR,"BAY ST","GOUGH ST",0.00,,Y,A,-,N,,,,,,,,,,Y,2,0,2,3,A,-,03,22350,,N,D,C,A,A,H,-,A,A,0,,,Y,,Y,,C,02,2,0,0,0,0,0,0,0,2,"- ","- ",,,"SAN FRANCISCO","SAN FRANCISCO",-122.42839813232422,37.803752899169922
9742820,2024,2024-11-06,3801,2024-10-13,"658 ",54,TARAV,7,5,7,3801,0,0,0,,0,3I5A,"WINSTON DR","20TH AV",0.00,,Y,E,-,N,,,,,,,,,,Y,4,0,2,2,A,-,09,21801,A,N,D,C,A,B,H,-,A,A,0,,,,,Y,,A,01,0,0,2,0,0,0,0,0,0,"- ","- ",,,"SAN FRANCISCO","SAN FRANCISCO",-122.47597503662109,37.730087280273438
9742821,2024,2024-11-07,3801,2024-10-12,1829,2390,PARK,6,5,7,3801,0,0,0,,0,3F60,"DUBOCE AV","SANCHEZ ST",97.00,E,N,B,F,N,,,,,,,,,,N,4,0,1,2,A,-,17,22517,,N,B,G,A,A,H,-,C,D,0,,Y,,,Y,,A,07,0,0,1,0,0,0,1,0,0,"- ","- ",,,"SAN FRANCISCO","SAN FRANCISCO",-122.43100738525391,37.76934814453125
9742822,2024,2024-11-07,3801,2024-10-12,"945 ",4305,NORTH,6,5,7,3801,0,0,0,,0,,"VAN NESS AV","SUTTER ST",0.00,,Y,A,-,N,,,,,,,,,,Y,4,0,1,2,A,-,08,22101,D,N,B,C,A,A,H,-,A,A,0,,,,,Y,,A,01,0,0,1,0,0,0,0,0,0,"- ","- ",,,"SAN FRANCISCO","SAN FRANCISCO",-122.42173767089844,37.787551879882812
9742823,2024,2024-11-07,3801,2024-10-18,1238,1876,NORTH,5,5,7,3801,0,0,0,,0,3E11A,"BUCHANAN ST","OAK ST",0.00,,Y,A,-,N,,,,,,,,,,Y,4,0,1,2,A,-,09,21801,A,F,D,A,A,A,H,-,A,A,0,,,,,Y,,A,01,0,0,1,0,0,0,0,0,0,"- ","- ",,,"SAN FRANCISCO","SAN FRANCISCO",-122.42754364013672,37.774402618408203
9742824,2024,2024-11-07,3801,2024-10-15,2041,276,NORTH,2,5,7,3801,0,0,0,,0,3E15E,"VAN NESS AV","BROADWAY ST",0.00,,Y,A,-,N,,,,,,,,,,N,2,0,1,2,A,-,09,21801,A,N,A,C,A,A,H,-,C,A,0,,,Y,,Y,,A,07,1,0,0,0,0,0,0,0,1,"- ","- ",,,"SAN FRANCISCO","SAN FRANCISCO",-122.42332458496094,37.795753479003906
9742825,2024,2024-11-07,3801,2024-10-08,"902 ",575,CENTR,2,5,7,3801,0,0,0,,0,4CAR,"UNION ST","BATTERY ST",0.00,,Y,A,-,N,,,,,,,,,,N,3,0,1,2,A,-,09,21804,A,N,A,G,A,A,H,-,A,D,0,,Y,,,Y,,A,01,0,1,0,0,0,0,1,0,0,"- ","- ",,,"SAN FRANCISCO","SAN FRANCISCO",-122.40160369873047,37.801414489746094
9742826,2024,2024-11-07,3801,2024-10-26,"233 ",2400,BAYVI,6,5,7,3801,0,0,0,,0,2CAR,"INDUSTRIAL ST","LOOMIS ST",310.00,E,N,A,-,N,,,,,,,,,,Y,2,0,2,1,A,-,03,22350,,N,E,I,A,A,H,-,C,D,0,,,,,Y,,A,01,1,0,1,0,0,0,0,0,0,"- ","- ",,,"SAN FRANCISCO","SAN FRANCISCO",-122.40463256835938,37.738651275634766
9742827,2024,2024-11-07,3801,2024-10-21,"840 ",2395,SOUTH,1,5,7,3801,0,0,0,,0,3B11E,"HARRISON ST","ESSEX ST",0.00,,Y,-,-,N,,,,,,,,,,N,4,0,1,2,A,-,11,21954,A,F,G,B,D,A,H,-,A,A,0,Y,,,,Y,,N,60,0,0,1,0,1,0,0,0,0,"- ","- ",37.784679412841797,-122.39456939697266,"SAN FRANCISCO","SAN FRANCISCO",-122.39405822753906,37.785213470458984
9742828,2024,2024-11-07,3801,2024-10-25,1927,956,BAYVI,5,5,7,3801,0,0,0,,0,3C15D,"LANE ST","VAN DYKE AV",36.00,N,N,A,-,N,,,,,,,,,,Y,4,0,1,3,C,-,18,,,N,B,E,A,A,H,-,C,D,0,,,Y,,Y,,-,"- ",0,0,1,0,0,0,0,0,0,"- ","- ",,,"SAN FRANCISCO","SAN FRANCISCO",-122.39235687255859,37.729221343994141
9742829,2024,2024-11-15,3801,2024-10-25,1400,307,NORTH,5,5,7,3801,0,0,0,,0,3E13D,"VAN NESS AV","TURK ST",0.00,,Y,A,-,N,,,,,,,,,,N,2,0,1,1,A,-,03,22350,,N,H,A,A,A,B,-,A,A,0,,,,,Y,,M,94,1,0,0,0,0,0,0,0,0,"- ","- ",,,"SAN FRANCISCO","SAN FRANCISCO",-122.42057800292969,37.781936645507812
9742830,2024,2024-11-15,3801,2024-10-24,1626,1857,SOUTH,4,5,7,3801,0,0,0,,0,004,"HOWARD ST","9TH ST",196.00,E,N,A,-,N,,,,,,,,,,N,3,0,1,2,A,-,07,21658,A,N,C,-,A,A,H,-,A,D,0,,Y,,,Y,,A,01,0,1,0,0,0,0,1,0,0,"- ","- ",,,"SAN FRANCISCO","SAN FRANCISCO",-122.41268157958984,37.775382995605469
9742831,2024,2024-11-07,3801,2024-10-24,"200 ",1021,BAYVI,4,5,7,3801,0,0,0,,0,3C13E,"HUDSON AV","REUEL CT",0.00,,Y,A,-,N,,,,,,,,,,Y,4,0,1,1,A,-,03,22350,,N,E,I,A,A,H,-,C,D,0,,,,,Y,,A,01,0,0,1,0,0,0,0,0,0,"- ","- ",,,"SAN FRANCISCO","SAN FRANCISCO",-122.38363647460938,37.736648559570312
9742832,2024,2024-11-07,3801,2024-10-23,2335,2307,NORTH,3,5,7,3801,0,0,0,,0,3E13E,"POLK ST","FERN ST",0.00,,Y,A,-,N,,,,,,,,,,N,3,0,2,2,A,-,08,22107,,F,D,C,A,A,H,-,C,D,0,,,,,Y,,A,01,0,2,0,0,0,0,0,0,0,"- ","- ",,,"SAN FRANCISCO","SAN FRANCISCO",-122.42018890380859,37.788211822509766
9742833,2024,2024-11-07,3801,2024-10-23,2040,2147,NORTH,3,5,7,3801,0,0,0,,0,4CAR,"STEINER ST","BUSH ST",0.00,,Y,A,-,N,,,,,,,,,,Y,2,0,1,2,A,-,09,21801,A,N,A,C,A,A,H,-,C,A,0,,,Y,,Y,,A,07,1,0,0,0,0,0,0,0,1,"- ","- ",,,"SAN FRANCISCO","SAN FRANCISCO",-122.43511199951172,37.786823272705078
9742834,2024,2024-11-12,3801,2024-10-23,1934,2443,BAYVI,3,5,7,3801,0,0,0,,0,3C11D,"CESAR CHAVEZ ST","EVANS AV",0.00,,Y,A,-,N,,,,,,,,,,Y,4,0,2,2,D,-,00,,,N,D,C,A,A,H,-,C,A,0,,,,,Y,,-,"- ",0,0,2,0,0,0,0,0,0,"- ","- ",,,"SAN FRANCISCO","SAN FRANCISCO",-122.39731597900391,37.749691009521484
9742835,2024,2024-11-07,3801,2024-10-23,1709,2725,RICHM,3,5,7,3801,0,0,0,,0,,"CLEMENT ST","12TH AV",85.00,W,N,A,-,N,,,,,,,,,,N,4,0,5,2,A,-,04,21703,,N,C,C,A,A,H,-,A,D,0,,,,,Y,,A,01,0,0,5,0,0,0,0,0,0,"- ","- ",,,"SAN FRANCISCO","SAN FRANCISCO",-122.47114562988281,37.782623291015625
9742836,2024,2024-11-07,3801,2024-10-23,"854 ",4269,INGLE,3,5,7,3801,0,0,0,,0,3H15A,"GENEVA AV","CARRIZAL ST",0.00,,Y,A,-,N,,,,,,,,,,N,4,0,2,2,A,-,03,22350,,F,C,D,A,A,H,-,A,D,0,,,,,Y,,A,01,0,0,2,0,0,0,0,0,0,"- ","- ",,,"SAN FRANCISCO","SAN FRANCISCO",-122.42091369628906,37.708549499511719
9742837,2024,2024-11-07,3801,2024-10-23,"639 ",1188,INGLE,3,5,7,3801,0,0,0,,0,3H13A,"NAPLES ST","AVALON ST",0.00,,Y,A,-,N,,,,,,,,,,N,4,0,1,2,A,-,12,22450,,F,G,B,B,A,H,-,B,A,0,Y,,,,Y,,A,01,0,0,1,0,1,0,0,0,0,"- ","- ",,,"SAN FRANCISCO","SAN FRANCISCO",-122.42768096923828,37.725532531738281
9742838,2024,2024-11-07,3801,2024-10-19,1356,A20952,INGLE,6,5,7,3801,0,0,0,,0,,"BAYSHORE BL","LELAND AV",0.00,,Y,A,-,N,,,,,,,,,,N,4,0,1,2,A,-,12,21453,A,N,D,G,A,A,H,-,A,A,0,,Y,,,Y,,L,04,0,0,1,0,0,0,1,0,0,"- ","- ",,,"SAN FRANCISCO","SAN FRANCISCO",-122.40377044677734,37.711204528808594
9742839,2024,2024-11-07,3801,2024-10-17,1009,2412,INGLE,4,5,7,3801,0,0,0,,0,3H15A,"OCEAN AV","PERSIA AV",0.00,,Y,A,-,N,,,,,,,,,,N,4,0,1,2,A,-,21,22106,,N,-,B,E,A,H,-,A,A,0,Y,,,,Y,,A,01,0,0,1,0,1,0,0,0,0,"- ","- ",,,"SAN FRANCISCO","SAN FRANCISCO",-122.4364013671875,37.723796844482422
9742840,2024,2024-11-07,3801,2024-10-29,1844,1741,TARAV,2,5,7,3801,0,0,0,,0,901,"ALEMANY BL","BROTHERHOOD WY",0.00,,Y,A,-,N,,,,,,,,,,Y,4,0,1,3,A,-,03,22350,,N,C,C,A,A,H,-,C,A,0,,,,,Y,,A,01,0,0,1,0,0,0,0,0,0,"- ","- ",,,"SAN FRANCISCO","SAN FRANCISCO",-122.46389770507812,37.711612701416016
9742841,2024,2024-11-06,3801,2024-10-28,1528,4200,TARAV,1,5,7,3801,0,0,0,,0,3I13D,"TARAVAL ST","26TH AV",0.00,,Y,A,-,N,,,,,,,,,,N,3,0,1,2,A,-,09,21804,A,N,D,C,A,A,H,-,A,D,0,,,Y,,Y,,A,01,0,1,0,0,0,0,0,0,1,"- ","- ",,,"SAN FRANCISCO","SAN FRANCISCO",-122.48319244384766,37.742706298828125
9742842,2024,2024-11-06,3801,2024-10-18,"107 ",2279,CENTR,5,5,7,3801,0,0,0,,0,3A11E,"KEARNY ST","COLUMBUS ST",0.00,,Y,A,-,N,,,,,,,,,,Y,4,0,1,2,A,-,03,22350,,N,B,E,A,A,H,-,C,A,0,,,,,Y,Y,A,01,0,0,1,0,0,0,0,0,0,"- ","- ",,,"SAN FRANCISCO","SAN FRANCISCO",-122.40538787841797,37.79705810546875
9742843,2024,2024-11-06,3801,2024-10-18,1600,1680,MISSI,5,5,7,3801,0,0,0,,0,3D00,"HARRISON ST","16TH ST",0.00,,Y,A,-,N,,,,,,,,,,N,4,0,1,2,A,-,10,21950,A,N,A,B,B,A,H,-,A,A,0,Y,,,,Y,,A,01,0,0,1,0,1,0,0,0,0,"- ","- ",,,"SAN FRANCISCO","SAN FRANCISCO",-122.41314697265625,37.765449523925781
9742844,2024,2024-11-06,3801,2024-10-19,"930 ",1680,MISSI,6,5,7,3801,0,0,0,,0,3D00,"GUERRERO ST","26TH ST",0.00,,Y,A,-,N,,,,,,,,,,N,3,0,1,2,A,-,17,21235,G,N,H,C,A,A,H,-,A,A,0,,,Y,,Y,,C,03,0,1,0,0,0,0,0,0,1,"- ","- ",,,"SAN FRANCISCO","SAN FRANCISCO",-122.42256927490234,37.748790740966797
9742845,2024,2024-11-06,3801,2024-10-20,"0   ",715,MISSI,7,5,7,3801,0,0,0,,0,3D14E,"HARRISON ST","24TH ST",0.00,,Y,A,-,N,,,,,,,,,,N,2,0,1,2,A,-,03,22350,,F,H,G,A,A,H,-,C,A,0,,Y,,,Y,,A,01,1,0,0,0,0,0,1,0,0,"- ","- ",,,"SAN FRANCISCO","SAN FRANCISCO",-122.41188812255859,37.752651214599609
9742846,2024,2024-11-06,3801,2024-10-19,1544,2705,BAYVI,6,5,7,3801,0,0,0,,0,1CAR,"MISSISSIPPI ST","MARIPOSA ST",0.00,,Y,A,-,N,,,,,,,,,,N,3,0,1,2,A,-,12,22450,A,N,D,G,A,A,H,-,A,A,0,,Y,,,Y,,L,04,0,1,0,0,0,0,1,0,0,"- ","- ",,,"SAN FRANCISCO","SAN FRANCISCO",-122.39473724365234,37.763980865478516
9742847,2024,2024-11-06,3801,2024-10-19,1412,323,CENTR,6,5,7,3801,0,0,0,,0,3A13A,"LEAVENWORTH ST","JEFFERSON ST",27.00,N,N,A,-,N,,,,,,,,,,N,4,0,1,2,A,-,21,22106,,N,C,G,A,A,H,-,A,A,0,,Y,,,Y,,A,01,0,0,1,0,0,0,1,0,0,"- ","- ",,,"SAN FRANCISCO","SAN FRANCISCO",-122.41909027099609,37.80780029296875
9742848,2024,2024-11-07,3801,2024-10-19,"823 ",2495,BAYVI,6,5,7,3801,0,0,0,,0,3C12A,"WATERVILLE ST","AUGUSTA ST",33.00,S,N,A,-,N,,,,,,,,,,N,4,0,1,2,A,-,12,22450,A,N,D,C,A,A,H,-,A,A,0,,,,,Y,,A,01,0,0,1,0,0,0,0,0,0,"- ","- ",,,"SAN FRANCISCO","SAN FRANCISCO",-122.40267944335938,37.734378814697266
9742849,2024,2024-11-06,3801,2024-10-19,"323 ",2150,RICHM,6,5,7,3801,0,0,0,,0,3G3E,"PARK PRESIDIO BYPASS DR","FULTON ST",130.00,S,N,A,-,N,,,,,,,,,,,3,0,1,1,A,-,03,22350,,N,E,I,A,A,H,-,C,D,0,,,,,Y,,A,01,0,1,0,0,0,0,0,0,0,"- ","- ",,,"SAN FRANCISCO","SAN FRANCISCO",-122.47181701660156,37.772777557373047
9742850,2024,2024-11-07,3801,2024-10-18,2211,1252,RICHM,5,5,7,3801,0,0,0,,0,0G4,"20TH AV","CLEMENT ST",200.00,S,N,A,-,N,,,,,,,,,,N,3,0,1,4,A,-,03,22350,,N,C,E,A,A,H,-,C,B,0,,,,,Y,,A,01,0,1,0,0,0,0,0,0,0,"- ","- ",,,"SAN FRANCISCO","SAN FRANCISCO",-122.47948455810547,37.781692504882812
9742852,2024,2024-11-08,3801,2024-10-18,1708,3801,MISSI,5,5,7,3801,0,0,0,,0,3D16D,"16TH ST","POTRERO AV",0.00,,Y,A,-,N,,,,,,,,,,Y,2,0,1,2,A,-,09,21804,A,N,A,-,A,A,H,-,A,A,0,,,Y,,Y,,A,01,1,0,0,0,0,0,0,0,1,"- ","- ",,,"SAN FRANCISCO","SAN FRANCISCO",-122.40756225585938,37.765773773193359
9742853,2024,2024-11-06,3801,2024-10-18,1533,2150,RICHM,5,5,7,3801,0,0,0,,0,3G3D,"ANZA ST","FUNSTON AV",0.00,,Y,A,-,N,,,,,,,,,,Y,4,0,1,2,A,-,09,21802,A,N,D,C,A,A,H,-,A,A,0,,,,,Y,,A,01,0,0,1,0,0,0,0,0,0,"- ","- ",,,"SAN FRANCISCO","SAN FRANCISCO",-122.47164154052734,37.778743743896484
9742854,2024,2024-11-06,3801,2024-10-18,"857 ",1825,SOUTH,5,5,7,3801,0,0,0,,0,3B2A,"MISSION ST","JESSIE EAST ST",0.00,,Y,A,-,N,,,,,,,,,,N,4,0,1,2,A,-,08,22107,,N,D,G,A,A,H,-,A,D,0,,Y,,,Y,,L,04,0,0,1,0,0,0,1,0,0,"- ","- ",,,"SAN FRANCISCO","SAN FRANCISCO",-122.40483093261719,37.784053802490234
9742855,2024,2024-11-08,3801,2024-10-18,"923 ",4275,TARAV,5,5,7,3801,0,0,0,,0,3I11A,"GREAT HWY","RIVERA ST",0.00,,Y,A,-,N,,,,,,,,,,N,4,0,1,2,A,-,12,22450,A,N,G,B,B,A,H,-,A,A,0,Y,,,,Y,,A,01,0,0,1,0,1,0,0,0,0,"- ","- ",,,"SAN FRANCISCO","SAN FRANCISCO",-122.50746917724609,37.745407104492188
9742856,2024,2024-11-06,3801,2024-10-17,2155,2028,SOUTH,4,5,7,3801,0,0,0,,0,,"9TH ST","MISSION ST",0.00,,Y,A,-,N,,,,,,,,,,N,4,0,1,2,A,-,10,21950,A,N,D,B,A,A,H,-,C,A,0,,,,,Y,,A,01,0,0,1,0,0,0,0,0,0,"- ","- ",,,"SAN FRANCISCO","SAN FRANCISCO",-122.41471862792969,37.776241302490234
9742857,2024,2024-11-06,3801,2024-10-17,2115,1246,BAYVI,4,5,7,3801,0,0,0,,0,3C4E,"EVANS AV","KEITH ST",105.00,E,N,A,-,N,,,,,,,,,,Y,4,0,1,1,A,-,08,22107,,N,F,I,A,A,H,-,C,D,0,,,,,Y,,A,01,0,0,1,0,0,0,0,0,0,"- ","- ",,,"SAN FRANCISCO","SAN FRANCISCO",-122.3807373046875,37.738567352294922
9742858,2024,2024-11-06,3801,2024-10-17,1934,2401,MISSI,4,5,7,3801,0,0,0,,0,3D16D,"16TH ST","FOLSOM ST",173.00,E,N,A,-,N,,,,,,,,,,N,4,0,1,2,A,-,03,22350,,F,B,C,A,A,H,-,C,A,0,,,,,Y,,A,01,0,0,1,0,0,0,0,0,0,"- ","- ",,,"SAN FRANCISCO","SAN FRANCISCO",-122.41470336914062,37.765350341796875
9742859,2024,2024-11-06,3801,2024-10-12,1017,1826,CENTR,6,5,7,3801,0,0,0,,0,002,"KEARNY ST","PINE ST",0.00,,Y,A,-,N,,,,,,,,,,N,4,0,1,2,A,-,08,22107,,N,B,C,A,A,H,-,A,A,0,,,Y,,Y,,A,01,0,0,1,0,0,0,0,0,1,"- ","- ",,,"SAN FRANCISCO","SAN FRANCISCO",-122.40421295166016,37.791694641113281
9742860,2024,2024-11-06,3801,2024-10-10,1528,4104,PARK,4,5,7,3801,0,0,0,,0,3F13D,"PAGE ST","STANYAN ST",0.00,,Y,A,-,N,,,,,,,,,,N,3,0,1,2,A,-,06,21750,A,N,B,G,A,A,H,-,A,D,0,,Y,,,Y,,A,01,0,1,0,0,0,0,1,0,0,"- ","- ",,,"SAN FRANCISCO","SAN FRANCISCO",-122.45372009277344,37.770103454589844
9742861,2024,2024-11-06,3801,2024-10-22,"15  ",A25839,SOUTH,2,5,7,3801,0,0,0,,0,002,"HARRISON ST","HARRISON ST 800",0.00,,Y,A,-,N,,,,,,,,,,N,3,0,1,2,D,-,00,,,F,C,G,A,A,H,-,C,D,0,,Y,,,Y,,-,"- ",0,1,0,0,0,0,1,0,0,"- ","- ",,,"SAN FRANCISCO","SAN FRANCISCO",,
9742862,2024,2024-11-08,3801,2024-10-21,"25  ",2425,TENDE,1,5,7,3801,0,0,0,,0,3J13E,"HYDE ST","MCALLISTER ST",20.00,N,N,A,-,N,,,,,,,,,,N,4,0,1,3,A,-,00,23123,5,N,C,C,A,A,H,-,C,A,0,,,,,Y,Y,A,01,0,0,1,0,0,0,0,0,0,"- ","- ",,,"SAN FRANCISCO","SAN FRANCISCO",-122.41532897949219,37.780796051025391
9742863,2024,2024-11-06,3801,2024-10-20,1535,1474,BAYVI,7,5,7,3801,0,0,0,,0,901,"OAKDALE AV","PHELPS ST",240.00,E,N,A,-,N,,,,,,,,,,Y,3,0,1,2,A,-,08,22107,,N,A,C,A,A,H,-,A,D,0,,,,,Y,,A,01,0,1,0,0,0,0,0,0,0,"- ","- ",,,"SAN FRANCISCO","SAN FRANCISCO",-122.39340972900391,37.736347198486328
9742864,2024,2024-11-06,3801,2024-10-20,"202 ",1688,BAYVI,7,5,7,3801,0,0,0,,0,3C11E,"MARIPOSA ST","MISSOURI ST",0.00,,Y,A,-,N,,,,,,,,,,Y,4,0,1,2,A,-,12,22450,,F,D,C,A,A,H,-,C,A,0,,,,,Y,,A,01,0,0,1,0,0,0,0,0,0,"- ","- ",,,"SAN FRANCISCO","SAN FRANCISCO",-122.39665985107422,37.763847351074219
9742865,2024,2024-11-06,3801,2024-10-19,2018,2705,BAYVI,6,5,7,3801,0,0,0,,0,1CAR,"MARIN ST","BAYSHORE BL",0.00,,Y,A,-,N,,,,,,,,,,N,4,0,1,2,A,-,10,21950,A,N,G,B,B,A,H,-,C,D,0,Y,,,,Y,,A,08,0,0,1,0,1,0,0,0,0,"- ","- ",,,"SAN FRANCISCO","SAN FRANCISCO",-122.40351867675781,37.748123168945312
9742866,2024,2024-11-06,3801,2024-10-19,1923,2705,BAYVI,6,5,7,3801,0,0,0,,0,1CAR,"ILLINOIS ST","22ND ST",174.00,S,N,A,-,N,,,,,,,,,,N,4,0,1,2,A,-,07,21658,A,F,B,G,A,A,H,-,C,D,0,,Y,,,Y,,-,,0,0,1,0,0,0,1,0,0,"- ","- ",,,"SAN FRANCISCO","SAN FRANCISCO",-122.38729858398438,37.757503509521484
9742867,2024,2024-11-06,3801,2024-10-17,1650,1148,MISSI,4,5,7,3801,0,0,0,,0,3D15D,"SAN BRUNO AV","DIVISION ST",25.00,S,N,A,-,N,,,,,,,,,,N,4,0,1,2,A,-,08,22107,,F,D,C,A,A,H,-,A,A,0,,,Y,,Y,Y,M,47,0,0,1,0,0,0,0,0,1,"- ","- ",,,"SAN FRANCISCO","SAN FRANCISCO",-122.40615081787109,37.769393920898438
9742868,2024,2024-11-06,3801,2024-10-17,1249,1695,NORTH,4,5,7,3801,0,0,0,,0,004,"BUCHANAN ST","SACRAMENTO ST",0.00,,Y,A,-,N,,,,,,,,,,N,4,0,1,2,A,-,10,21950,A,N,G,B,B,A,H,-,A,A,0,Y,,,,Y,,A,01,0,0,1,0,1,0,0,0,0,"- ","- ",,,"SAN FRANCISCO","SAN FRANCISCO",-122.43073272705078,37.790252685546875
9742869,2024,2024-11-06,3801,2024-10-17,"923 ",2431,3E13A,4,5,7,3801,0,0,0,,0,3E13A,"GEARY BL","LAGUNA ST",0.00,,Y,A,-,N,,,,,,,,,,N,4,0,1,2,A,-,08,22107,,N,G,B,B,A,H,-,A,A,0,Y,,,,Y,,A,01,0,0,1,0,1,0,0,0,0,"- ","- ",,,"SAN FRANCISCO","SAN FRANCISCO",-122.42800140380859,37.785041809082031