CASE_ID,ACCIDENT_YEAR,PROC_DATE,JURIS,COLLISION_DATE,COLLISION_TIME,OFFICER_ID,REPORTING_DISTRICT,DAY_OF_WEEK,CHP_SHIFT,POPULATION,CNTY_CITY_LOC,SPECIAL_COND,BEAT_TYPE,CHP_BEAT_TYPE,CITY_DIVISION_LAPD,CHP_BEAT_CLASS,BEAT_NUMBER,PRIMARY_RD,SECONDARY_RD,DISTANCE,DIRECTION,INTERSECTION,WEATHER_1,WEATHER_2,STATE_HWY_IND,CALTRANS_COUNTY,CALTRANS_DISTRICT,STATE_ROUTE,ROUTE_SUFFIX,POSTMILE_PREFIX,POSTMILE,LOCATION_TYPE,RAMP_INTERSECTION,SIDE_OF_HWY,TOW_AWAY,COLLISION_SEVERITY,NUMBER_KILLED,NUMBER_INJURED,PARTY_COUNT,PRIMARY_COLL_FACTOR,PCF_CODE_OF_VIOL,PCF_VIOL_CATEGORY,PCF_VIOLATION,PCF_VIOL_SUBSECTION,HIT_AND_RUN,TYPE_OF_COLLISION,MVIW,PED_ACTION,ROAD_SURFACE,ROAD_COND_1,ROAD_COND_2,LIGHTING,CONTROL_DEVICE,CHP_ROAD_TYPE,PEDESTRIAN_ACCIDENT,BICYCLE_ACCIDENT,MOTORCYCLE_ACCIDENT,TRUCK_ACCIDENT,NOT_PRIVATE_PROPERTY,ALCOHOL_INVOLVED,STWD_VEHTYPE_AT_FAULT,CHP_VEHTYPE_AT_FAULT,COUNT_SEVERE_INJ,COUNT_VISIBLE_INJ,COUNT_COMPLAINT_PAIN,COUNT_PED_KILLED,COUNT_PED_INJURED,COUNT_BICYCLIST_KILLED,COUNT_BICYCLIST_INJURED,COUNT_MC_KILLED,COUNT_MC_INJURED,PRIMARY_RAMP,SECONDARY_RAMP,LATITUDE,LONGITUDE,COUNTY,CITY,POINT_X,POINT_Y
9742870,2024,2024-11-06,3801,2024-10-11,1354,307,NORTH,5,5,7,3801,0,0,0,,0,3E5D,"FELL ST","WEBSTER ST",0.00,,Y,A,-,N,,,,,,,,,,N,3,0,1,2,A,-,10,21950,A,N,G,B,B,A,H,-,A,A,0,Y,,,,Y,,A,08,0,1,0,0,1,0,0,0,0,"- ","- ",,,"SAN FRANCISCO","SAN FRANCISCO",-122.42932891845703,37.775123596191406
9742871,2024,2024-11-06,3801,2024-10-11,"902 ",2091,NORTH,5,5,7,3801,0,0,0,,0,3E15A,"UNION ST","PIERCE ST",110.00,E,N,A,-,N,,,,,,,,,,N,3,0,1,2,D,-,00,,,N,E,I,A,A,H,-,A,D,0,,,,,Y,,-,"- ",0,1,0,0,0,0,0,0,0,"- ","- ",,,"SAN FRANCISCO","SAN FRANCISCO",-122.43839263916016,37.796718597412109
9742872,2024,2024-11-06,3801,2024-10-07,1717,1796,RICHM,1,5,7,3801,0,0,0,,0,3G14A,"CABRILLO ST","24TH AV",0.00,,Y,A,-,N,,,,,,,,,,N,4,0,1,2,A,-,10,21950,,N,G,B,B,A,H,-,A,D,0,Y,,,,Y,,A,01,0,0,1,0,1,0,0,0,0,"- ","- ",,,"SAN FRANCISCO","SAN FRANCISCO",-122.48323822021484,37.774494171142578
9742873,2024,2024-11-06,3801,2024-10-21,1509,2704,SOUTH,1,5,7,3801,0,0,0,,0,0B4,"10TH ST","HOWARD ST",100.00,S,N,A,-,N,,,,,,,,,,N,4,0,1,3,A,-,17,22517,,N,D,G,A,A,H,-,A,D,0,,Y,,,Y,,-,,0,0,1,0,0,0,1,0,0,"- ","- ",,,"SAN FRANCISCO","SAN FRANCISCO",-122.41412353515625,37.773838043212891
9742874,2024,2024-11-06,3801,2024-10-23,1009,209,MISSI,3,5,7,3801,0,0,0,,0,3D15A,"VALENCIA ST","17TH ST",40.00,S,N,A,-,N,,,,,,,,,,N,3,0,1,2,A,-,06,21755,A,N,B,C,A,A,H,-,A,D,0,,,,,Y,,M,94,0,1,0,0,0,0,0,0,0,"- ","- ",,,"SAN FRANCISCO","SAN FRANCISCO",-122.42173004150391,37.763191223144531
9742875,2024,2024-11-06,3801,2024-10-15,"805 ",624,NORTH,2,5,7,3801,0,0,0,,0,002,"MCALLISTER ST","WEBSTER ST",0.00,,Y,A,-,N,,,,,,,,,,N,4,0,1,2,A,-,09,21801,A,N,D,G,A,A,H,-,A,A,0,,Y,,,Y,,A,01,0,0,1,0,0,0,1,0,0,"- ","- ",,,"SAN FRANCISCO","SAN FRANCISCO",-122.43010711669922,37.778839111328125
9742876,2024,2024-11-06,3801,2024-10-13,1630,226,BAYVI,7,5,7,3801,0,0,0,,0,3C13D,"SAN BRUNO AV","SILVER AV",147.00,S,N,A,-,N,,,,,,,,,,N,4,0,1,3,A,-,09,21804,A,N,B,C,A,A,H,-,A,D,0,,,,,Y,,A,01,0,0,1,0,0,0,0,0,0,"- ","- ",,,"SAN FRANCISCO","SAN FRANCISCO",-122.40546417236328,37.732067108154297
9742877,2024,2024-11-06,3801,2024-10-12,"848 ",2412,INGLE,6,5,7,3801,0,0,0,,0,3H16A,"GENEVA AV","GENEVA AV 1677",0.00,,Y,A,-,N,,,,,,,,,,Y,3,0,1,3,A,-,01,23153,A,N,D,C,A,A,H,-,A,D,0,,,,,Y,Y,A,01,0,1,0,0,0,0,0,0,0,"- ","- ",,,"SAN FRANCISCO","SAN FRANCISCO",,
9742878,2024,2024-11-06,3801,2024-10-18,1650,1857,SOUTH,5,5,7,3801,0,0,0,,0,001,"1ST ST","HARRISON ST",200.00,S,N,A,-,N,,,,,,,,,,Y,3,0,1,1,D,-,00,,,N,E,I,A,A,H,-,A,D,0,,,,,Y,,-,"- ",0,1,0,0,0,0,0,0,0,"- ","- ",,,"SAN FRANCISCO","SAN FRANCISCO",-122.39263153076172,37.785900115966797
9742880,2024,2024-11-06,3801,2024-10-16,1845,2126,CENTR,3,5,7,3801,0,0,0,,0,3A00,"CHESTNUT ST","MALLORCA WY",0.00,,Y,A,-,N,,,,,,,,,,N,4,0,1,2,D,-,00,,,N,D,C,A,A,H,-,A,D,0,,,,,Y,,-,"- ",0,0,1,0,0,0,0,0,0,"- ","- ",,,"SAN FRANCISCO","SAN FRANCISCO",-122.43730163574219,37.800693511962891
9742881,2024,2024-11-06,3801,2024-10-16,1902,375,BAYVI,3,5,7,3801,0,0,0,,0,3C13D,"NEW MONTGOMERY","INNES AV",0.00,,Y,A,-,N,,,,,,,,,,N,4,0,1,2,A,-,09,21804,A,N,D,G,A,A,-,-,C,A,0,,Y,,,Y,,L,04,0,0,1,0,0,0,1,0,0,"- ","- ",,,"SAN FRANCISCO","SAN FRANCISCO",,
9742882,2024,2024-11-07,3801,2024-10-16,1550,1221,INGLE,3,5,7,3801,0,0,0,,0,3H61,"MISSION ST","BOSWORTH ST",25.00,E,N,A,-,N,,,,,,,,,,N,3,0,1,2,A,-,08,22107,,M,G,B,B,A,H,-,A,A,0,Y,,,,Y,Y,A,07,0,1,0,0,1,0,0,0,0,"- ","- ",,,"SAN FRANCISCO","SAN FRANCISCO",-122.42638397216797,37.733722686767578
9742883,2024,2024-11-06,3801,2024-10-16,1524,877,CENTR,3,5,7,3801,0,0,0,,0,3A44C,"BAY ST","MASON ST",0.00,,Y,A,-,N,,,,,,,,,,N,4,0,3,2,A,-,09,21801,A,N,A,D,A,A,H,-,A,A,0,,,,,Y,Y,A,07,0,0,3,0,0,0,0,0,0,"- ","- ",,,"SAN FRANCISCO","SAN FRANCISCO",-122.41358947753906,37.805633544921875
9742884,2024,2024-11-06,3801,2024-10-16,1125,209,MISSI,3,5,7,3801,0,0,0,,0,3D16A,"BRYANT ST","20TH ST",0.00,,Y,A,-,N,,,,,,,,,,N,4,0,1,2,A,-,04,21703,,N,C,C,A,A,H,-,A,D,0,,,Y,,Y,,C,03,0,0,1,0,0,0,0,0,1,"- ","- ",,,"SAN FRANCISCO","SAN FRANCISCO",-122.40977478027344,37.759212493896484
9742885,2024,2024-11-07,3801,2024-10-18,1240,1680,MISSI,5,5,7,3801,0,0,0,,0,3D00,"21ST ST","SHOTWELL ST",60.00,W,N,A,-,N,,,,,,,,,,N,4,0,1,2,A,-,05,21752,D,F,B,C,A,A,H,-,A,D,0,,,Y,,Y,,C,03,0,0,1,0,0,0,0,0,0,"- ","- ",,,"SAN FRANCISCO","SAN FRANCISCO",-122.41584014892578,37.757232666015625
9742886,2024,2024-11-06,3801,2024-10-15,1620,4314,RICHM,2,5,7,3801,0,0,0,,0,,"GEARY BL","12TH AV",0.00,,Y,A,-,N,,,,,,,,,,N,3,0,1,2,A,-,09,21801,A,N,D,C,A,A,H,-,A,A,0,,,Y,,Y,,A,07,0,1,0,0,0,0,0,0,1,"- ","- ",,,"SAN FRANCISCO","SAN FRANCISCO",-122.470703125,37.780792236328125
9742887,2024,2024-11-06,3801,2024-10-01,1706,226,BAYVI,2,5,7,3801,0,0,0,,0,3C12D,"OAKDALE AV","LOOMIS ST",0.00,,Y,A,-,N,,,,,,,,,,Y,4,0,1,2,A,-,12,22450,A,N,D,C,A,A,H,-,A,A,0,,,,,Y,Y,A,01,0,0,1,0,0,0,0,0,0,"- ","- ",,,"SAN FRANCISCO","SAN FRANCISCO",-122.40431213378906,37.742527008056641
9742888,2024,2024-11-07,3801,2024-10-16,"36  ",2735,PARK,3,5,7,3801,0,0,0,,0,3F13E,"HAYES ST","BAKER ST",0.00,,Y,A,-,N,,,,,,,,,,N,3,0,1,1,A,-,03,22350,,N,H,A,A,A,H,-,C,A,0,,,,,Y,,M,94,0,1,0,0,0,0,0,0,0,"- ","- ",,,"SAN FRANCISCO","SAN FRANCISCO",-122.44110870361328,37.774555206298828
9742889,2024,2024-11-07,3801,2024-10-15,1710,226,BAYVI,2,5,7,3801,0,0,0,,0,3C13D,"PAUL AV","SAN BRUNO AV",0.00,,Y,A,-,N,,,,,,,,,,N,3,0,1,2,A,-,10,21950,A,N,G,B,B,A,H,-,A,A,0,Y,,,,Y,,A,01,0,1,0,0,1,0,0,0,0,"- ","- ",,,"SAN FRANCISCO","SAN FRANCISCO",-122.40205383300781,37.723922729492188
9742890,2024,2024-11-06,3801,2024-10-15,1329,310,SOUTH,2,5,7,3801,0,0,0,,0,3B49,"1ST ST","TEHAMA ST",0.00,,Y,A,-,N,,,,,,,,,,N,3,0,1,2,A,-,09,21800,A,N,D,C,A,A,G,-,A,D,0,,,,,Y,,M,94,0,1,0,0,0,0,0,0,0,"- ","- ",,,"SAN FRANCISCO","SAN FRANCISCO",-122.39549255371094,37.788127899169922
9742891,2024,2025-04-10,3801,2024-10-14,2038,1436,PARK,1,5,7,3801,0,0,0,,0,,MASONIC,"OAK ST",0.00,,Y,A,-,N,,,,,,,,,,N,2,0,2,2,A,-,09,21801,A,N,A,C,A,A,H,-,C,A,0,,,Y,,Y,,A,01,1,1,0,0,0,0,0,0,2,"- ","- ",,,"SAN FRANCISCO","SAN FRANCISCO",-122.44575500488281,37.772083282470703
9742892,2024,2024-11-06,3801,2024-10-14,1630,A25839,SOUTH,1,5,7,3801,0,0,0,,0,003,"7TH ST","HARRISON ST",0.00,,Y,A,-,N,,,,,,,,,,N,4,0,1,2,A,-,03,22350,,N,G,B,B,A,H,-,A,A,0,Y,,,,Y,,A,01,0,0,1,0,1,0,0,0,0,"- ","- ",,,"SAN FRANCISCO","SAN FRANCISCO",-122.40628051757812,37.775539398193359
9742893,2024,2024-11-07,3801,2024-10-14,1340,1396,SOUTH,1,5,7,3801,0,0,0,,0,3B13A,"6TH ST","MINNA ST",4.00,S,N,A,-,N,,,,,,,,,,N,4,0,1,2,A,-,10,21950,A,N,D,B,B,A,H,-,A,A,0,Y,,,,Y,,A,01,0,0,1,0,1,0,0,0,0,"- ","- ",,,"SAN FRANCISCO","SAN FRANCISCO",-122.40811920166016,37.780540466308594
9742894,2024,2025-06-19,3801,2024-10-14,2500,1951,SOUTH,1,5,7,3801,0,0,0,,0,,"4TH ST","LONG BRIDGE",0.00,,-,A,-,N,,,,,,,,,,,3,0,1,1,D,-,00,,,N,H,-,A,A,H,-,A,D,0,,Y,,,Y,,-,"- ",0,1,0,0,0,0,1,0,0,"- ","- ",,,"SAN FRANCISCO","SAN FRANCISCO",-122.3914794921875,37.773639678955078
9742895,2024,2024-11-06,3801,2024-10-13,1839,5,NORTH,7,5,7,3801,0,0,0,,0,5CAR,"UNION ST","LAGUNA ST",62.00,E,N,A,-,N,,,,,,,,,,N,4,0,1,2,A,-,21,22106,,N,D,C,A,A,H,-,C,D,0,,,Y,,Y,,A,01,0,0,1,0,0,0,0,0,1,"- ","- ",,,"SAN FRANCISCO","SAN FRANCISCO",-122.43032836914062,37.797737121582031
9742896,2024,2024-11-07,3801,2024-10-13,1811,2228,CENTR,7,5,7,3801,0,0,0,,0,3A14D,KEARNY,"PACIFIC AV",0.00,,Y,A,-,N,,,,,,,,,,N,3,0,1,2,A,-,00,21463,A,F,D,C,A,A,H,-,A,A,0,,,,,Y,,A,01,0,1,0,0,0,0,0,0,0,"- ","- ",,,"SAN FRANCISCO","SAN FRANCISCO",-122.40538787841797,37.79705810546875
9742897,2024,2024-11-07,3801,2024-10-13,1450,2143,TARAV,7,5,7,3801,0,0,0,,0,316B,"ORTEGA ST","31ST AV",0.00,,Y,A,-,N,,,,,,,,,,N,3,0,2,2,A,-,12,22450,A,N,D,C,A,A,H,-,A,D,0,,,,,Y,,A,01,0,1,1,0,0,0,0,0,0,"- ","- ",,,"SAN FRANCISCO","SAN FRANCISCO",-122.48918914794922,37.751823425292969
9742898,2024,2024-11-07,3801,2024-10-08,"619 ",47,TARAV,2,5,7,3801,0,0,0,,0,006,"BROAD ST","CAPITOL AV",17.00,E,N,A,-,N,,,,,,,,,,,3,0,1,2,A,-,11,21954,A,N,G,B,D,A,H,-,C,A,0,Y,,,,Y,,N,60,0,1,0,0,1,0,0,0,0,"- ","- ",,,"SAN FRANCISCO","SAN FRANCISCO",-122.458984375,37.713188171386719
9742899,2024,2024-11-07,3801,2024-10-07,2228,2097,MISSI,1,5,7,3801,0,0,0,,0,0D3,"SHOTWELL ST","19TH ST",10.00,S,N,A,-,N,,,,,,,,,,N,4,0,1,2,A,-,07,21658,A,M,B,G,A,A,H,-,C,D,0,,Y,,,Y,,A,01,0,0,1,0,0,0,1,0,0,"- ","- ",,,"SAN FRANCISCO","SAN FRANCISCO",-122.41590118408203,37.760391235351562
9742900,2024,2024-11-07,3801,2024-10-07,2014,221,RICHM,1,5,7,3801,0,0,0,,0,3G12D,"TURK ST","WILLARD ST NORTH",0.00,,-,A,-,N,,,,,,,,,,,4,0,1,2,A,-,10,21950,A,N,G,B,B,A,H,-,C,D,0,Y,,,,Y,,-,,0,0,1,0,1,0,0,0,0,"- ","- ",,,"SAN FRANCISCO","SAN FRANCISCO",-122.45686340332031,37.777381896972656
9742901,2024,2024-11-07,3801,2024-10-07,1815,180,MISSI,1,5,7,3801,0,0,0,,0,3D13D,VALENCIA,"20TH ST",0.00,,Y,A,-,N,,,,,,,,,,N,4,0,1,2,A,-,06,21750,,F,D,-,A,A,H,-,A,A,0,,Y,,,Y,Y,-,"- ",0,0,1,0,0,0,1,0,0,"- ","- ",,,"SAN FRANCISCO","SAN FRANCISCO",-122.42125701904297,37.758510589599609
9742902,2024,2024-11-06,3801,2024-10-07,1543,2725,RICHM,1,5,7,3801,0,0,0,,0,,"CROSSOVER DR","TRANSVERSE DR",0.00,,Y,A,-,N,,,,,,,,,,N,3,0,1,2,A,-,17,21235,G,N,D,C,A,-,H,-,A,D,0,,,,,Y,,M,94,0,1,0,0,0,0,0,0,0,"- ","- ",,,"SAN FRANCISCO","SAN FRANCISCO",-122.48176574707031,37.771884918212891
9742903,2024,2024-11-12,3801,2024-10-07,1508,1288,NORTH,1,5,7,3801,0,0,0,,0,3E13D,"GOUGH ST","AUSTIN ST",21.00,S,N,A,-,N,,,,,,,,,,N,4,0,1,2,A,-,08,22107,,N,B,C,A,A,H,-,A,A,0,,,Y,,Y,,A,01,0,0,1,0,0,0,0,0,1,"- ","- ",,,"SAN FRANCISCO","SAN FRANCISCO",-122.42530822753906,37.788482666015625
9742904,2024,2024-11-07,3801,2024-10-07,1152,1819,NORTH,1,5,7,3801,0,0,0,,0,,"POLK ST","EDDY ST",84.00,N,N,A,-,N,,,,,,,,,,N,4,0,1,2,A,-,03,22350,,N,C,C,A,A,H,-,A,A,0,,,,,Y,,A,01,0,0,1,0,0,0,0,0,0,"- ","- ",,,"SAN FRANCISCO","SAN FRANCISCO",-122.41921997070312,37.783309936523438
9742905,2024,2024-11-12,3801,2024-10-05,"243 ",3E13E,NORTH,6,5,7,3801,0,0,0,,0,003,"FRANKLIN ST","TURK ST",0.00,,Y,A,-,N,,,,,,,,,,Y,4,0,1,2,A,-,12,21453,A,N,D,D,A,A,H,-,C,A,0,,,,,Y,Y,A,01,0,0,1,0,0,0,0,0,0,"- ","- ",,,"SAN FRANCISCO","SAN FRANCISCO",-122.42224884033203,37.781730651855469
9742906,2024,2024-11-07,3801,2024-10-03,2330,1078,NORTH,4,5,7,3801,0,0,0,,0,3E13E,FRANKLIN,"HAYES ST",0.00,,Y,A,-,N,,,,,,,,,,N,4,0,1,2,A,-,08,22100,B,F,D,C,A,A,H,-,C,A,0,,,Y,,Y,,A,07,0,0,1,0,0,0,0,0,1,"- ","- ",,,"SAN FRANCISCO","SAN FRANCISCO",-122.42134094238281,37.777076721191406
9742907,2024,2024-11-06,3801,2024-10-03,1744,307,NORTH,4,5,7,3801,0,0,0,,0,3E15D,"LOMBARD ST","DIVISADERO ST",0.00,,Y,A,-,N,,,,,,,,,,Y,3,0,1,2,A,-,12,21453,A,F,C,C,A,A,H,-,A,A,0,,,Y,,Y,Y,C,02,0,1,0,0,0,0,0,0,1,"- ","- ",,,"SAN FRANCISCO","SAN FRANCISCO",-122.44264984130859,37.79901123046875
9742908,2024,2024-11-07,3801,2024-10-09,1450,2718,BAYVI,3,5,7,3801,0,0,0,,0,3C11D,"3RD ST","25TH ST",155.00,N,N,A,-,N,,,,,,,,,,N,3,0,1,2,A,-,04,21703,,N,C,C,A,A,H,-,A,D,0,,,Y,,Y,,C,02,0,1,0,0,0,0,0,0,1,"- ","- ",,,"SAN FRANCISCO","SAN FRANCISCO",-122.38791656494141,37.753265380859375
9742909,2024,2024-11-06,3801,2024-10-09,1231,1633,TENDE,3,5,7,3801,0,0,0,,0,3J11A,"MARKET ST","8TH ST",0.00,,Y,B,-,N,,,,,,,,,,N,3,0,1,1,A,-,03,22350,,N,E,G,A,A,H,-,A,D,0,,Y,,,Y,,L,04,0,1,0,0,0,0,1,0,0,"- ","- ",,,"SAN FRANCISCO","SAN FRANCISCO",-122.41475677490234,37.778705596923828
9742910,2024,2024-11-07,3801,2024-10-09,1205,2495,BAYVI,3,5,7,3801,0,0,0,,0,3C15A,"PHELPS ST","BANCROFT AV",5.00,N,N,A,-,N,,,,,,,,,,Y,4,0,3,2,A,-,08,22107,,N,D,C,A,A,H,-,A,A,0,,,,,Y,,A,01,0,0,3,0,0,0,0,0,0,"- ","- ",,,"SAN FRANCISCO","SAN FRANCISCO",-122.40027618408203,37.729869842529297
9742911,2024,2025-04-10,3801,2024-10-08,2055,2460,SOUTH,2,5,7,3801,0,0,0,,0,004,"9TH ST","HOWARD ST",150.00,N,N,A,-,N,,,,,,,,,,Y,4,0,2,4,A,-,03,22350,,N,A,E,A,A,H,-,C,A,0,,,,,Y,,A,01,0,0,2,0,0,0,0,0,0,"- ","- ",,,"SAN FRANCISCO","SAN FRANCISCO",-122.41352844238281,37.775287628173828
9742912,2024,2024-11-07,3801,2024-10-08,1959,1696,NORTH,2,5,7,3801,0,0,0,,0,3E14D,"CALIFORNIA ST","WEBSTER ST",5.00,E,N,A,-,N,,,,,,,,,,N,4,0,1,2,A,-,10,21950,A,N,G,B,B,A,H,-,C,A,0,Y,,,,Y,,A,01,0,0,1,0,1,0,0,0,0,"- ","- ",,,"SAN FRANCISCO","SAN FRANCISCO",-122.43217468261719,37.789100646972656
9742913,2024,2024-11-06,3801,2024-10-08,"952 ",1500,CENTR,2,5,7,3801,0,0,0,,0,3A14A,"UNION ST","KEARNY ST",0.00,,Y,A,-,N,,,,,,,,,,N,3,0,1,2,A,-,11,21954,A,N,D,B,D,A,H,-,A,D,0,Y,,,,Y,,N,60,0,1,0,0,1,0,0,0,0,"- ","- ",,,"SAN FRANCISCO","SAN FRANCISCO",-122.40599060058594,37.800838470458984
9742914,2024,2024-11-07,3801,2024-10-10,"852 ",1304,NORTH,4,5,7,3801,0,0,0,,0,3E12C,"STEINER ST","MCALLISTER ST",0.00,,Y,A,-,N,,,,,,,,,,N,2,0,1,2,A,-,12,22450,A,N,D,G,A,A,H,-,A,A,0,,Y,,,Y,,L,04,1,0,0,0,0,0,1,0,0,"- ","- ",,,"SAN FRANCISCO","SAN FRANCISCO",-122.43339538574219,37.778419494628906
9742915,2024,2025-04-10,3801,2024-10-10,"356 ",2400,BAYVI,4,5,7,3801,0,0,0,,0,3CAR,"3RD ST","LA SALLE AV",0.00,,Y,A,-,N,,,,,,,,,,Y,2,0,3,2,A,-,12,21453,A,N,D,C,A,A,H,-,C,A,0,,,,,Y,,A,01,1,0,2,0,0,0,0,0,0,"- ","- ",,,"SAN FRANCISCO","SAN FRANCISCO",-122.38993835449219,37.737216949462891
9742916,2024,2024-11-07,3801,2024-10-10,2313,2722,CENTR,4,5,7,3801,0,0,0,,0,3A62,"LARKIN ST","CALIFORNIA ST",0.00,,Y,A,-,N,,,,,,,,,,Y,4,0,1,2,A,-,03,22350,,N,D,C,A,A,H,-,C,A,0,,,,,Y,,A,01,0,0,1,0,0,0,0,0,0,"- ","- ",,,"SAN FRANCISCO","SAN FRANCISCO",-122.41903686523438,37.790794372558594
9742917,2024,2024-11-07,3801,2024-10-09,2033,2374,CENTR,3,5,7,3801,0,0,0,,0,0A5,"SANSOME ST","BUSH ST",0.00,,Y,A,-,N,,,,,,,,,,,3,0,1,2,A,-,10,21950,A,N,G,B,B,A,H,-,C,A,0,Y,,,,Y,,A,01,0,1,0,0,1,0,0,0,0,"- ","- ",,,"SAN FRANCISCO","SAN FRANCISCO",-122.40071105957031,37.79119873046875
9742918,2024,2024-11-07,3801,2024-10-10,"744 ",1438,INGLE,4,5,7,3801,0,0,0,,0,4CAR,"MONTEREY BL","COLON AV",0.00,,Y,A,-,N,,,,,,,,,,Y,4,0,2,2,A,-,09,21802,A,N,D,C,A,A,H,-,A,A,0,,,,,Y,,A,01,0,0,2,0,0,0,0,0,0,"- ","- ",,,"SAN FRANCISCO","SAN FRANCISCO",-122.45661163330078,37.731185913085938
9742919,2024,2024-11-07,3801,2024-10-09,1831,1949,BAYVI,3,5,7,3801,0,0,0,,0,3C5D,"3RD ST","WILLIAMS AV",0.00,,Y,A,-,N,,,,,,,,,,Y,4,0,1,2,A,-,03,22350,,M,C,C,A,A,H,-,A,A,0,,,,,Y,,A,01,0,0,1,0,0,0,0,0,0,"- ","- ",,,"SAN FRANCISCO","SAN FRANCISCO",-122.39273071289062,37.729267120361328
9742920,2024,2024-11-06,3801,2024-10-04,2305,2722,CENTR,5,5,7,3801,0,0,0,,0,3A62,"MONTGOMERY ST","WASHINGTON ST",93.00,N,N,A,-,N,,,,,,,,,,N,3,0,1,3,A,-,05,21651,B,F,A,B,E,A,H,-,C,A,0,Y,,,,Y,Y,-,,0,1,0,0,1,0,0,0,0,"- ","- ",,,"SAN FRANCISCO","SAN FRANCISCO",-122.40335845947266,37.795780181884766
9742921,2024,2024-11-06,3801,2024-09-24,1940,385,CENTR,2,5,7,3801,0,0,0,,0,3A2D,"KEARNY ST",SACRAMENTO,70.00,S,N,A,-,N,,,,,,,,,,N,4,0,1,2,A,-,17,22517,,N,B,G,A,A,H,-,C,A,0,,Y,,,Y,,A,01,0,0,1,0,0,0,1,0,0,"- ","- ",,,"SAN FRANCISCO","SAN FRANCISCO",-122.40454864501953,37.793411254882812
9742922,2024,2025-04-10,3801,2024-09-23,"919 ",415,PARK,1,5,7,3801,0,0,0,,0,3F13A,"FULTON ST","CLAYTON ST",0.00,,Y,A,-,N,,,,,,,,,,N,4,0,2,3,A,-,10,21950,A,N,G,B,B,A,H,-,A,D,0,Y,,,,Y,,A,01,0,0,2,0,2,0,0,0,0,"- ","- ",,,"SAN FRANCISCO","SAN FRANCISCO",-122.44972229003906,37.775394439697266
9742923,2024,2024-11-06,3801,2024-09-25,1857,1039,MISSI,3,5,7,3801,0,0,0,,0,003,"19TH ST","LINDA LN",0.00,,Y,A,-,N,,,,,,,,,,N,4,0,2,2,A,-,09,21802,A,N,D,C,A,A,H,-,A,D,0,,,,,Y,,A,01,0,0,2,0,0,0,0,0,0,"- ","- ",,,"SAN FRANCISCO","SAN FRANCISCO",-122.42285919189453,37.760021209716797
9742924,2024,2024-11-06,3801,2024-09-22,1119,1796,RICHM,7,5,7,3801,0,0,0,,0,,"FULTON ST","29TH AV",0.00,,Y,B,-,N,,,,,,,,,,Y,2,0,1,2,D,-,00,,,N,C,E,A,-,H,-,A,D,0,,,,,Y,,-,"- ",1,0,0,0,0,0,0,0,0,"- ","- ",,,"SAN FRANCISCO","SAN FRANCISCO",-122.48847198486328,37.772380828857422
9742925,2024,2024-11-06,3801,2024-09-30,"802 ",2412,INGLE,1,5,7,3801,0,0,0,,0,3H14A,"MONTEREY BL","RIDGEWOOD AV",0.00,,Y,A,-,N,,,,,,,,,,N,3,0,1,2,A,-,10,21950,,N,G,B,B,A,-,-,A,A,0,Y,,,,Y,,A,01,0,1,0,0,1,0,0,0,0,"- ","- ",,,"SAN FRANCISCO","SAN FRANCISCO",-122.45339965820312,37.731517791748047
9742926,2024,2024-11-06,3801,2024-09-29,1610,4335,RICHM,7,5,7,3801,0,0,0,,0,901,"FULTON ST","8TH AV",0.00,,Y,A,-,N,,,,,,,,,,N,3,0,1,2,A,-,07,21658,A,N,B,C,A,A,H,-,A,A,0,,,Y,,Y,,A,01,0,1,0,0,0,0,0,0,1,"- ","- ",,,"SAN FRANCISCO","SAN FRANCISCO",-122.46588134765625,37.77337646484375
9742927,2024,2024-11-08,3801,2024-09-29,1156,1524,INGLE,7,5,7,3801,0,0,0,,0,,"EDINBURGH ST","ITALY ST",0.00,,Y,A,-,N,,,,,,,,,,N,3,0,1,2,A,-,12,22450,A,N,A,C,A,A,H,-,A,D,0,,,Y,,Y,,C,02,0,1,0,0,0,0,0,0,1,"- ","- ",,,"SAN FRANCISCO","SAN FRANCISCO",-122.435546875,37.716560363769531
9742928,2024,2024-11-06,3801,2024-09-29,"450 ",1527,NORTH,7,5,7,3801,0,0,0,,0,0E3,"POLK ST","ELLIS ST",0.00,,Y,B,-,N,,,,,,,,,,N,3,0,1,2,A,-,12,21453,A,N,D,-,A,A,H,-,C,A,0,,Y,,,Y,,L,04,0,1,0,0,0,0,1,0,0,"- ","- ",,,"SAN FRANCISCO","SAN FRANCISCO",-122.41934967041016,37.784042358398438
9742929,2024,2024-11-06,3801,2024-09-28,2135,1803,RICHM,6,5,7,3801,0,0,0,,0,3G15E,"FULTON ST","ARGUELLO BL",0.00,,Y,A,-,N,,,,,,,,,,Y,4,0,1,2,A,-,12,21453,A,N,D,C,A,A,H,-,C,A,0,,,,,Y,Y,A,01,0,0,1,0,0,0,0,0,0,"- ","- ",,,"SAN FRANCISCO","SAN FRANCISCO",-122.45835113525391,37.774288177490234
9742930,2024,2024-11-06,3801,2024-09-26,2249,2305,TRAFF,4,5,7,3801,0,0,0,,0,4B3F,"CESAR CHAVEZ ST","HAMPSHIRE ST",362.00,E,N,A,-,N,,,,,,,,,,Y,4,0,2,3,C,-,18,,,N,G,B,E,A,H,-,C,D,0,Y,,,,Y,,-,"- ",0,0,2,0,2,0,0,0,0,"- ","- ",,,"SAN FRANCISCO","SAN FRANCISCO",-122.40554809570312,37.749008178710938
9742931,2024,2024-11-06,3801,2024-09-26,2000,986,TARAV,4,5,7,3801,0,0,0,,0,3I13D,"18TH AV","LINCOLN WY",0.00,,Y,A,-,N,,,,,,,,,,N,4,0,1,2,A,-,09,21801,A,N,G,B,B,A,H,-,C,D,0,Y,,,,Y,,A,01,0,0,1,0,1,0,0,0,0,"- ","- ",,,"SAN FRANCISCO","SAN FRANCISCO",-122.47618865966797,37.765495300292969