CASE_ID,ACCIDENT_YEAR,PROC_DATE,JURIS,COLLISION_DATE,COLLISION_TIME,OFFICER_ID,REPORTING_DISTRICT,DAY_OF_WEEK,CHP_SHIFT,POPULATION,CNTY_CITY_LOC,SPECIAL_COND,BEAT_TYPE,CHP_BEAT_TYPE,CITY_DIVISION_LAPD,CHP_BEAT_CLASS,BEAT_NUMBER,PRIMARY_RD,SECONDARY_RD,DISTANCE,DIRECTION,INTERSECTION,WEATHER_1,WEATHER_2,STATE_HWY_IND,CALTRANS_COUNTY,CALTRANS_DISTRICT,STATE_ROUTE,ROUTE_SUFFIX,POSTMILE_PREFIX,POSTMILE,LOCATION_TYPE,RAMP_INTERSECTION,SIDE_OF_HWY,TOW_AWAY,COLLISION_SEVERITY,NUMBER_KILLED,NUMBER_INJURED,PARTY_COUNT,PRIMARY_COLL_FACTOR,PCF_CODE_OF_VIOL,PCF_VIOL_CATEGORY,PCF_VIOLATION,PCF_VIOL_SUBSECTION,HIT_AND_RUN,TYPE_OF_COLLISION,MVIW,PED_ACTION,ROAD_SURFACE,ROAD_COND_1,ROAD_COND_2,LIGHTING,CONTROL_DEVICE,CHP_ROAD_TYPE,PEDESTRIAN_ACCIDENT,BICYCLE_ACCIDENT,MOTORCYCLE_ACCIDENT,TRUCK_ACCIDENT,NOT_PRIVATE_PROPERTY,ALCOHOL_INVOLVED,STWD_VEHTYPE_AT_FAULT,CHP_VEHTYPE_AT_FAULT,COUNT_SEVERE_INJ,COUNT_VISIBLE_INJ,COUNT_COMPLAINT_PAIN,COUNT_PED_KILLED,COUNT_PED_INJURED,COUNT_BICYCLIST_KILLED,COUNT_BICYCLIST_INJURED,COUNT_MC_KILLED,COUNT_MC_INJURED,PRIMARY_RAMP,SECONDARY_RAMP,LATITUDE,LONGITUDE,COUNTY,CITY,POINT_X,POINT_Y
9742932,2024,2024-11-08,3801,2024-09-29,2311,1499,MISSI,7,5,7,3801,0,0,0,,0,3D12E,"VALENCIA ST","CLINTON PARK ST",0.00,,Y,A,-,N,,,,,,,,,,N,3,0,1,2,A,-,03,22350,,N,D,G,A,A,H,-,C,D,0,,Y,,,Y,,M,91,0,1,0,0,0,0,1,0,0,"- ","- ",,,"SAN FRANCISCO","SAN FRANCISCO",-122.42230987548828,37.769283294677734
9742933,2024,2024-11-08,3801,2024-09-29,"629 ",2008,MISSI,7,5,7,3801,0,0,0,,0,3D13A,"GUERRERO ST","22ND ST",0.00,,Y,A,-,N,,,,,,,,,,Y,3,0,4,2,A,-,12,21453,A,N,D,C,A,A,H,-,C,A,0,,,,,Y,,A,07,0,2,2,0,0,0,0,0,0,"- ","- ",,,"SAN FRANCISCO","SAN FRANCISCO",-122.42317962646484,37.755180358886719
9742934,2024,2024-11-08,3801,2024-09-28,1724,1845,TARAV,6,5,7,3801,0,0,0,,0,3I15D,"WINSTON DR","19TH AV",0.00,,Y,B,-,N,,,,,,,,,,Y,3,0,1,2,A,-,09,21800,A,N,D,C,A,A,H,-,A,A,0,,,Y,,Y,,C,02,0,1,0,0,0,0,0,0,1,"- ","- ",,,"SAN FRANCISCO","SAN FRANCISCO",-122.47492218017578,37.728935241699219
9742935,2024,2024-11-06,3801,2024-09-28,1415,1580,SOUTH,6,5,7,3801,0,0,0,,0,3B5A,"KING ST","3RD ST",0.00,,Y,A,-,N,,,,,,,,,,N,3,0,1,2,A,-,05,21651,B,N,A,C,A,A,H,-,A,A,0,,,,,Y,,M,94,0,1,0,0,0,0,0,0,0,"- ","- ",,,"SAN FRANCISCO","SAN FRANCISCO",-122.39195251464844,37.778202056884766
9742936,2024,2024-11-06,3801,2024-09-28,1139,2038,PARK,6,5,7,3801,0,0,0,,0,,FULTON,CENTRAL,13.00,E,N,A,-,N,,,,,,,,,,N,4,0,1,2,A,-,21,22106,,N,D,C,A,A,H,-,A,D,0,,,,,Y,,A,01,0,0,1,0,0,0,0,0,0,"- ","- ",,,"SAN FRANCISCO","SAN FRANCISCO",-122.44474792480469,37.776004791259766
9742937,2024,2024-11-06,3801,2024-09-28,"29  ",1741,TARAV,6,5,7,3801,0,0,0,,0,901,"JUDAH ST","47TH AV",52.00,E,N,A,-,N,,,,,,,,,,N,2,0,1,1,A,-,01,21221,5,N,A,I,A,A,H,-,E,D,0,,,,,Y,Y,M,95,1,0,0,0,0,0,0,0,0,"- ","- ",,,"SAN FRANCISCO","SAN FRANCISCO",-122.50684356689453,37.760387420654297
9742938,2024,2024-11-06,3801,2024-09-15,2058,A25839,SOUTH,7,5,7,3801,0,0,0,,0,002,"6TH ST","HARRISON ST",51.00,S,N,G,-,N,,,,,,,,,,Y,4,0,1,4,A,-,08,22107,,F,D,C,A,A,H,-,C,A,0,,,,,Y,,A,07,0,0,1,0,0,0,0,0,0,"- ","- ",,,"SAN FRANCISCO","SAN FRANCISCO",-122.40395355224609,37.777214050292969
9742939,2024,2024-11-06,3801,2024-09-26,1553,1355,TARAV,4,5,7,3801,0,0,0,,0,3I13D,"BEVERLY ST","HOLLOWAY AV",15.00,S,N,A,-,N,,,,,,,,,,N,4,0,1,2,D,-,00,,,N,G,B,D,A,H,-,-,D,0,Y,,,,Y,,-,"- ",0,0,1,0,1,0,0,0,0,"- ","- ",,,"SAN FRANCISCO","SAN FRANCISCO",-122.4716796875,37.721588134765625
9742940,2024,2024-11-06,3801,2024-09-25,2119,1480,MISSI,3,5,7,3801,0,0,0,,0,,"17TH ST","MISSION ST",102.00,E,N,A,-,N,,,,,,,,,,N,3,0,2,2,A,-,09,21801,,N,D,C,A,A,H,-,C,D,0,,,,,Y,Y,A,01,0,1,1,0,0,0,0,0,0,"- ","- ",,,"SAN FRANCISCO","SAN FRANCISCO",-122.41915130615234,37.763439178466797
9742941,2024,2024-11-06,3801,2024-09-26,1712,2374,CENTR,4,5,7,3801,0,0,0,,0,0A5,"MARKET ST","3RD ST",62.00,E,N,A,-,N,,,,,,,,,,N,2,0,1,1,A,-,08,22107,,N,H,J,A,A,H,-,A,A,0,,Y,,,Y,,L,04,1,0,0,0,0,0,1,0,0,"- ","- ",,,"SAN FRANCISCO","SAN FRANCISCO",-122.40330505371094,37.787776947021484
9742942,2024,2024-11-06,3801,2024-09-22,1155,1671,CENTR,7,5,7,3801,0,0,0,,0,3A14A,"LEAVENWORTH ST","WASHINGTON ST",0.00,,Y,A,-,N,,,,,,,,,,N,4,0,2,2,A,-,04,21703,,F,C,C,A,A,H,-,A,A,0,,,Y,,Y,,A,01,0,0,2,0,0,0,0,0,2,"- ","- ",,,"SAN FRANCISCO","SAN FRANCISCO",-122.41628265380859,37.793899536132812
9742943,2024,2024-11-06,3801,2024-09-24,1845,826,INGLE,2,5,7,3801,0,0,0,,0,3H15D,"VALENCIA ST","VALENCIA ST 1384",0.00,,N,F,-,N,,,,,,,,,,N,2,0,1,2,A,-,17,22517,,N,H,G,A,-,G,-,-,D,0,,Y,,,Y,,A,01,1,0,0,0,0,0,1,0,0,"- ","- ",,,"SAN FRANCISCO","SAN FRANCISCO",,
9742944,2024,2024-11-06,3801,2024-09-28,2100,2750,BAYVI,6,5,7,3801,0,0,0,,0,5CAR,"3RD ST","BANCROFT ST",0.00,,Y,A,-,N,,,,,,,,,,N,4,0,1,2,A,-,17,21200,,N,D,G,A,A,H,-,C,A,0,,Y,,,Y,,L,04,0,0,1,0,0,0,1,0,0,"- ","- ",,,"SAN FRANCISCO","SAN FRANCISCO",-122.39400482177734,37.726272583007812
9742945,2024,2024-11-06,3801,2024-09-28,2021,746,INGLE,6,5,7,3801,0,0,0,,0,3H13D,"WOODSIDE AV","LAGUNA HONDA BL",0.00,,Y,A,-,N,,,,,,,,,,,4,0,1,2,A,-,12,21453,,N,D,C,A,A,H,-,C,-,0,,,,,Y,,A,01,0,0,1,0,0,0,0,0,0,"- ","- ",,,"SAN FRANCISCO","SAN FRANCISCO",-122.45873260498047,37.746818542480469
9742946,2024,2024-11-07,3801,2024-09-22,"45  ",1452,CENTR,7,5,7,3801,0,0,0,,0,3A11E,"FRONT ST","PINE ST",0.00,,Y,A,-,N,,,,,,,,,,N,4,0,2,2,A,-,08,22107,,F,D,C,A,A,H,-,C,A,0,,,,,Y,,-,,0,0,2,0,0,0,0,0,0,"- ","- ",,,"SAN FRANCISCO","SAN FRANCISCO",-122.39862060546875,37.792385101318359
9742947,2024,2025-01-24,3801,2024-09-30,"810 ",1422,TRAFF,1,5,7,3801,0,0,0,,0,,"ANZA ST","6TH AV",0.00,,Y,A,-,N,,,,,,,,,,N,1,1,0,2,A,-,00,21955,A,N,G,B,D,A,H,-,A,A,0,Y,,,,Y,,N,60,0,0,0,1,0,0,0,0,0,"- ","- ",,,"SAN FRANCISCO","SAN FRANCISCO",-122.46414947509766,37.779102325439453
9742948,2024,2024-11-07,3801,2024-09-22,"328 ",2708,SOUTH,7,5,7,3801,0,0,0,,0,3B13E,"MISSION ST","9TH ST",0.00,,Y,A,-,N,,,,,,,,,,Y,4,0,1,2,A,-,01,23152,A,N,C,A,A,A,H,-,A,B,0,,,,,Y,Y,A,01,0,0,1,0,0,0,0,0,0,"- ","- ",,,"SAN FRANCISCO","SAN FRANCISCO",-122.41471862792969,37.776241302490234
9742950,2024,2024-11-07,3801,2024-09-30,"834 ",2473,BAYVI,1,5,7,3801,0,0,0,,0,3C12A,"PALOU AV","INDUSTRIAL ST",0.00,,Y,A,-,N,,,,,,,,,,N,4,0,2,3,A,-,09,21800,A,N,H,D,F,A,H,-,A,A,0,Y,,,,Y,,A,01,0,0,2,0,1,0,0,0,0,"- ","- ",,,"SAN FRANCISCO","SAN FRANCISCO",-122.40091705322266,37.739692687988281
9742951,2024,2024-11-07,3801,2024-09-29,1944,1061,SOUTH,7,5,7,3801,0,0,0,,0,3B15D,"BRYANT ST","8TH ST",0.00,,Y,A,-,N,,,,,,,,,,Y,3,0,1,2,A,-,08,22107,,N,B,C,A,A,H,-,C,A,0,,,,,Y,,A,01,0,1,0,0,0,0,0,0,0,"- ","- ",,,"SAN FRANCISCO","SAN FRANCISCO",-122.406982421875,37.772514343261719
9742952,2024,2024-11-07,3801,2024-09-29,"910 ",2473,BAYVI,7,5,7,3801,0,0,0,,0,3C13A,"3RD ST","EVANS AV",0.00,,Y,A,-,N,,,,,,,,,,N,4,0,3,2,A,-,12,21453,A,N,D,C,A,A,H,-,A,A,0,,,,,Y,,A,01,0,0,3,0,0,0,0,0,0,"- ","- ",,,"SAN FRANCISCO","SAN FRANCISCO",-122.38801574707031,37.742733001708984
9742953,2024,2024-11-07,3801,2024-09-28,1417,890,BAYVI,6,5,7,3801,0,0,0,,0,BAYVIE,"SAN BRUNO AV","GAVEN ST",0.00,,Y,A,B,N,,,,,,,,,,N,4,0,1,2,A,-,03,22350,,F,C,C,A,A,H,-,A,D,0,,,,,Y,Y,A,01,0,0,1,0,0,0,0,0,0,"- ","- ",,,"SAN FRANCISCO","SAN FRANCISCO",-122.40653991699219,37.734058380126953
9742954,2024,2024-11-07,3801,2024-09-26,1804,2718,BAYVI,4,5,7,3801,0,0,0,,0,3C11D,"3RD ST","EVANS AV",20.00,N,N,A,-,N,,,,,,,,,,Y,4,0,3,3,A,-,03,22350,,N,B,C,A,A,H,-,A,A,0,,,,,Y,,A,01,0,0,3,0,0,0,0,0,0,"- ","- ",,,"SAN FRANCISCO","SAN FRANCISCO",-122.38799285888672,37.742782592773438
9742955,2024,2024-11-12,3801,2024-09-17,1600,2325,MISSI,2,5,7,3801,0,0,0,,0,3D4D,"SOUTH VAN NESS AV","14TH ST",5.00,N,N,A,-,N,,,,,,,,,,N,4,0,1,2,D,-,00,,,N,C,C,A,A,G,-,A,A,0,,,,,Y,,-,"- ",0,0,1,0,0,0,0,0,0,"- ","- ",,,"SAN FRANCISCO","SAN FRANCISCO",-122.41780090332031,37.7684326171875
9742956,2024,2024-11-12,3801,2024-09-17,1400,2743,SOUTH,2,5,7,3801,0,0,0,,0,3B1,"BEALE ST","FOLSOM ST",130.00,N,N,A,-,N,,,,,,,,,,N,4,0,1,2,A,-,"- ",,,N,D,G,A,A,H,-,A,D,0,,Y,,,Y,,L,04,0,0,1,0,0,0,1,0,0,"- ","- ",,,"SAN FRANCISCO","SAN FRANCISCO",-122.39304351806641,37.788955688476562
9742957,2024,2024-11-13,3801,2024-09-12,2018,4239,PARK,4,5,7,3801,0,0,0,,0,3F12D,"OAK ST","STANYAN ST",15.00,E,N,B,-,N,,,,,,,,,,N,3,0,1,2,D,-,00,,,N,D,D,A,A,H,-,C,A,0,,,,,Y,,-,"- ",0,1,0,0,0,0,0,0,0,"- ","- ",,,"SAN FRANCISCO","SAN FRANCISCO",-122.45391082763672,37.771369934082031
9742958,2024,2024-11-07,3801,2024-09-30,1147,189,NORTH,1,5,7,3801,0,0,0,,0,004,"JACKSON ST","FILLMORE ST",0.00,,Y,A,-,N,,,,,,,,,,N,4,0,1,2,A,-,10,21950,A,N,G,B,B,A,H,-,A,D,0,Y,,,,Y,,A,01,0,0,1,0,1,0,0,0,0,"- ","- ",,,"SAN FRANCISCO","SAN FRANCISCO",-122.43454742431641,37.792465209960938
9742959,2024,2024-11-07,3801,2024-09-27,2139,866,BAYVI,5,5,7,3801,0,0,0,,0,002,"BAY SHORE BL","CORTLAND AV",0.00,,Y,A,-,N,,,,,,,,,,Y,4,0,1,2,A,-,09,21453,C,F,A,C,A,A,H,-,C,A,0,,,,,Y,Y,A,01,0,0,1,0,0,0,0,0,0,"- ","- ",,,"SAN FRANCISCO","SAN FRANCISCO",-122.40699005126953,37.739582061767578
9742960,2024,2024-11-07,3801,2024-09-27,1700,1496,INGLE,5,5,7,3801,0,0,0,,0,0H5,"ALEMANY BL","OCEAN AV",0.00,,Y,A,-,N,,,,,,,,,,N,3,0,1,2,A,-,08,22107,,F,D,C,A,A,H,-,A,A,0,,,Y,,Y,,A,01,0,1,0,0,0,0,0,0,1,"- ","- ",,,"SAN FRANCISCO","SAN FRANCISCO",-122.43753814697266,37.723697662353516
9742975,2024,2024-11-14,3801,2024-10-11,"755 ",719,CENTR,5,5,7,3801,0,0,0,,0,3A11A,"PINE ST","MASON ST",180.00,E,N,A,-,N,,,,,,,,,,N,3,0,1,2,A,-,21,22106,,N,G,B,F,A,H,-,A,D,0,Y,,,,Y,,A,01,0,1,0,0,1,0,0,0,0,"- ","- ",,,"SAN FRANCISCO","SAN FRANCISCO",-122.41000366210938,37.790958404541016
9742976,2024,2024-11-19,3801,2024-10-10,1115,2477,PARK,4,5,7,3801,0,0,0,,0,3F1A,"KEZAR DR","LINCOLN WY",0.00,,Y,A,-,N,,,,,,,,,,Y,4,0,1,2,A,-,21,22106,,N,D,D,A,A,H,-,A,D,0,,,,,Y,,A,01,0,0,1,0,0,0,0,0,0,"- ","- ",37.768028259277344,-122.45590972900391,"SAN FRANCISCO","SAN FRANCISCO",-122.4605712890625,37.766178131103516
9742982,2024,2024-11-08,3801,2024-10-01,2300,2094,TENDE,2,5,7,3801,0,0,0,,0,0J4,"MASON ST","EDDY ST",93.00,S,N,-,-,N,,,,,,,,,,N,4,0,1,3,A,-,08,22107,,N,B,C,A,A,H,-,C,A,0,,,,,Y,,A,01,0,0,1,0,0,0,0,0,0,"- ","- ",,,"SAN FRANCISCO","SAN FRANCISCO",-122.40924835205078,37.784126281738281
9742993,2024,2024-11-08,3801,2024-10-04,1650,964,NORTH,5,5,7,3801,0,0,0,,0,3E13D,"MCALLISTER ST","HYDE ST",0.00,,Y,A,-,N,,,,,,,,,,N,3,0,1,2,A,-,04,21703,,F,C,G,A,A,H,-,A,D,0,,Y,,,Y,,A,01,0,1,0,0,0,0,1,0,0,"- ","- ",,,"SAN FRANCISCO","SAN FRANCISCO",-122.41532135009766,37.780738830566406
9742999,2024,2024-11-08,3801,2024-10-05,1702,654,PARK,6,5,7,3801,0,0,0,,0,3F14D,"16TH ST","MARKET ST",22.00,E,N,A,-,N,,,,,,,,,,N,4,0,1,2,A,-,08,22107,,F,D,C,A,A,H,-,A,A,0,,,,,Y,,A,07,0,0,1,0,0,0,0,0,0,"- ","- ",,,"SAN FRANCISCO","SAN FRANCISCO",-122.43306732177734,37.764240264892578
9743007,2024,2024-11-07,3801,2024-09-28,2005,504,NORTH,6,5,7,3801,0,0,0,,0,3E4D,"LAGUNA ST","MCALLISTER ST",0.00,,Y,A,-,N,,,,,,,,,,N,4,0,1,2,A,-,10,21950,A,F,G,B,B,A,H,-,C,A,0,Y,,,,Y,,A,01,0,0,1,0,1,0,0,0,0,"- ","- ",,,"SAN FRANCISCO","SAN FRANCISCO",-122.42681884765625,37.779262542724609
9743010,2024,2024-11-07,3801,2024-09-26,1014,1796,RICH,4,5,7,3801,0,0,0,,0,,"GEARY BL","25TH AV",0.00,,Y,B,-,N,,,,,,,,,,N,3,0,1,2,A,-,11,21950,B,N,G,B,B,A,-,-,A,A,0,Y,,,,Y,,N,60,0,1,0,0,1,0,0,0,0,"- ","- ",,,"SAN FRANCISCO","SAN FRANCISCO",-122.4847412109375,37.780162811279297
9743029,2024,2024-11-12,3801,2024-09-27,1730,1680,MISSI,5,5,7,3801,0,0,0,,0,3D00,"17TH ST","FLORIDA ST",0.00,,Y,A,-,N,,,,,,,,,,N,4,0,1,2,A,-,09,21801,A,N,-,G,A,A,H,-,A,A,0,,Y,,,Y,,A,01,0,0,1,0,0,0,1,0,0,"- ","- ",,,"SAN FRANCISCO","SAN FRANCISCO",-122.41130828857422,37.764244079589844
9743030,2024,2024-11-12,3801,2024-09-27,1830,24271297,MISSI,5,5,7,3801,0,0,0,,0,3D15D,"GUERRERO ST","20TH ST",10.00,N,N,A,-,N,,,,,,,,,,Y,3,0,1,2,A,-,09,21801,A,N,D,C,A,A,H,-,A,A,0,,,Y,,Y,,A,01,0,1,0,0,0,0,0,0,1,"- ","- ",,,"SAN FRANCISCO","SAN FRANCISCO",-122.42346954345703,37.758388519287109
9743031,2024,2024-11-12,3801,2024-09-27,1700,1680,MISSI,5,5,7,3801,0,0,0,,0,3D00,"22ND ST","CAPP ST",108.00,E,N,A,-,N,,,,,,,,,,N,4,0,1,2,A,-,04,21703,,F,C,C,A,A,H,-,A,A,0,,,,,Y,,A,01,0,0,1,0,0,0,0,0,0,"- ","- ",,,"SAN FRANCISCO","SAN FRANCISCO",-122.41728973388672,37.755542755126953
9743032,2024,2024-11-12,3801,2024-09-27,1559,1173,RICHM,5,5,7,3801,0,0,0,,0,901,"30TH AV","FULTON ST",0.00,,Y,A,-,N,,,,,,,,,,N,3,0,1,2,A,-,03,22350,,N,C,B,E,A,H,-,A,A,0,Y,,,,Y,,N,60,0,1,0,0,1,0,0,0,0,"- ","- ",,,"SAN FRANCISCO","SAN FRANCISCO",-122.48954010009766,37.772335052490234
9743033,2024,2024-11-12,3801,2024-09-27,1530,1286,SOUTH,5,5,7,3801,0,0,0,,0,3A91A,"POST ST","POWELL ST",0.00,,N,A,-,N,,,,,,,,,,N,4,0,1,2,A,-,03,22350,,N,D,J,A,A,H,-,A,A,0,,,,,Y,,M,94,0,0,1,0,0,0,0,0,0,"- ","- ",,,"SAN FRANCISCO","SAN FRANCISCO",-122.40840148925781,37.788291931152344
9743034,2024,2024-11-12,3801,2024-09-27,1525,2465,TENDE,5,5,7,3801,0,0,0,,0,3J13D,"LEAVENWORTH ST","EDDY ST",0.00,,Y,A,-,N,,,,,,,,,,N,3,0,1,2,A,-,11,21954,A,F,D,G,A,A,H,-,A,A,0,,Y,,,Y,,L,04,0,1,0,0,0,0,1,0,0,"- ","- ",,,"SAN FRANCISCO","SAN FRANCISCO",-122.41423797607422,37.783729553222656
9743035,2024,2024-11-12,3801,2024-09-27,1254,719,CENTR,5,5,7,3801,0,0,0,,0,3A13A,"COLUMBUS AV","FRANCISCO ST",20.00,N,N,A,-,N,,,,,,,,,,N,3,0,1,2,A,-,17,21235,G,N,A,B,F,A,H,-,A,D,0,Y,Y,,,Y,,L,04,0,1,0,0,1,0,0,0,0,"- ","- ",,,"SAN FRANCISCO","SAN FRANCISCO",-122.41612243652344,37.804447174072266
9743036,2024,2024-11-12,3801,2024-09-27,1000,1948,MISSI,5,5,7,3801,0,0,0,,0,001,"18TH ST","CHURCH ST",45.00,W,N,A,-,N,,,,,,,,,,N,4,0,1,2,A,-,03,22350,,N,C,C,A,A,H,-,A,A,0,,,,,Y,,A,01,0,0,1,0,0,0,0,0,0,"- ","- ",,,"SAN FRANCISCO","SAN FRANCISCO",-122.42853546142578,37.761287689208984
9743037,2024,2024-11-12,3801,2024-09-26,"945 ",1796,RICHM,4,5,7,3801,0,0,0,,0,3G14A,"BALBOA ST","29TH AV",0.00,,Y,B,-,N,,,,,,,,,,Y,4,0,1,2,A,-,09,21804,,N,D,C,A,A,H,-,A,D,0,,,,,Y,,A,01,0,0,1,0,0,0,0,0,0,"- ","- ",,,"SAN FRANCISCO","SAN FRANCISCO",-122.48876953125,37.776115417480469
9743038,2024,2024-11-12,3801,2024-09-26,"217 ",4222,INGLE,4,5,7,3801,0,0,0,,0,3H11E,"MISSION ST","30TH ST",33.00,N,N,F,-,N,,,,,,,,,,Y,4,0,3,2,A,-,07,21658,A,N,C,C,A,B,H,-,C,A,0,,,,,Y,,A,01,0,0,3,0,0,0,0,0,0,"- ","- ",,,"SAN FRANCISCO","SAN FRANCISCO",-122.42191314697266,37.742473602294922
9743079,2024,2024-11-15,3801,2024-10-03,1827,2407,MISSI,4,5,7,3801,0,0,0,,0,3D14D,"25TH ST","BRYANT ST",0.00,,Y,A,-,N,,,,,,,,,,Y,4,0,1,4,A,-,01,23153,A,F,C,C,A,A,H,-,B,A,0,,,,,Y,Y,A,01,0,0,1,0,0,0,0,0,0,"- ","- ",,,"SAN FRANCISCO","SAN FRANCISCO",-122.40899658203125,37.751194000244141
9743080,2024,2024-11-15,3801,2024-10-03,1302,3C12A,BAYVI,4,5,7,3801,0,0,0,,0,3C12A,"03RD ST","FAIRFAX AV",0.00,,Y,A,-,N,,,,,,,,,,Y,4,0,1,2,A,-,03,22350,,N,D,C,A,A,H,-,A,A,0,,,,,Y,Y,A,01,0,0,1,0,0,0,0,0,0,"- ","- ",,,"SAN FRANCISCO","SAN FRANCISCO",-122.38813500000001,37.741939000000002
9744233,2024,2024-10-17,3801,2024-04-26,1800,1003,INGLE,5,5,7,3801,0,0,0,,0,3CAR,"NAPLES ST","NAPLES ST 54",0.00,,N,B,-,N,,,,,,,,,,N,4,0,1,3,A,-,08,22107,,F,B,C,-,A,H,-,A,D,0,Y,,,,Y,,A,01,0,0,1,0,1,0,0,0,0,"- ","- ",,,"SAN FRANCISCO","SAN FRANCISCO",,
9745132,2024,2025-04-09,3801,2024-03-24,2003,1198,MISSI,7,5,7,3801,0,0,0,,0,,"16TH ST","FOLSOM ST",0.00,,Y,A,-,N,,,,,,,,,,N,4,0,1,2,A,-,11,21453,D,N,G,B,B,A,H,-,C,A,0,Y,,,,Y,,N,60,0,0,1,0,1,0,0,0,0,"- ","- ",,,"SAN FRANCISCO","SAN FRANCISCO",-122.41529846191406,37.765312194824219
9745141,2024,2024-10-18,3801,2024-02-25,"109 ",2035,MISSI,7,5,7,3801,0,0,0,,0,3D15E,"POTRERO AV","ALAMEDA ST",0.00,,Y,A,-,N,,,,,,,,,,Y,4,0,1,2,A,-,12,21453,A,F,D,C,A,A,H,-,C,A,0,,,,,Y,,A,01,0,0,1,0,0,0,0,0,0,"- ","- ",,,"SAN FRANCISCO","SAN FRANCISCO",-122.40779113769531,37.768383026123047
9747549,2024,2025-02-11,3801,2024-12-27,1840,595,TENDE,5,5,7,3801,0,0,0,,0,3J12D,"MARKET ST","MARKET ST 1145",0.00,,N,A,-,N,,,,,,,,,,N,2,0,1,2,A,-,03,22350,,N,E,E,A,B,H,-,C,A,0,,,,,Y,,M,94,1,0,0,0,0,0,0,0,0,"- ","- ",,,"SAN FRANCISCO","SAN FRANCISCO",,
9747585,2024,2024-10-29,3801,2024-09-25,1113,205,,3,5,7,3801,0,0,0,,0,,"SOUTH ST","LAKE MERCED",34.00,E,N,A,-,N,,,,,,,,,,N,3,0,1,2,A,-,03,22350,,N,C,C,A,A,H,-,A,A,0,,,,,Y,,M,94,0,1,0,0,0,0,0,0,0,"- ","- ",,,"SAN FRANCISCO","SAN FRANCISCO",,
9747646,2024,2025-03-21,3801,2024-12-09,1013,788,SOUTH,1,5,7,3801,0,0,0,,0,3B12A,"BRYANT ST","OAK GROVE ST",0.00,,Y,A,-,N,,,,,,,,,,N,4,0,1,2,A,-,08,22107,,N,D,C,A,A,H,-,A,D,0,,,Y,,Y,,A,01,0,0,1,0,0,0,0,0,1,"- ","- ",,,"SAN FRANCISCO","SAN FRANCISCO",-122.40140533447266,37.776931762695312
9747821,2024,2024-12-19,3801,2024-11-22,1457,1666,PARK,5,5,7,3801,0,0,0,,0,3-CAR,"HAIGHT ST","BAKER ST",0.00,,Y,C,-,N,,,,,,,,,,N,3,0,1,2,A,-,11,21954,A,N,G,B,D,B,H,-,A,A,0,Y,,Y,,Y,,N,60,0,1,0,0,1,0,0,0,0,"- ","- ",,,"SAN FRANCISCO","SAN FRANCISCO",-122.44032287597656,37.770847320556641
9748024,2024,2024-11-01,3801,2024-09-17,1536,2487,BAYVI,2,5,7,3801,0,0,0,,0,3C11,"3RD ST","25TH ST",0.00,,Y,A,-,N,,,,,,,,,,Y,3,0,1,3,A,-,09,21453,C,N,D,C,A,A,H,-,A,A,0,,,,,Y,,-,,0,1,0,0,0,0,0,0,0,"- ","- ",,,"SAN FRANCISCO","SAN FRANCISCO",-122.38787841796875,37.752838134765625
9748115,2024,2024-11-08,3801,2024-09-10,1415,877,CENTR,2,5,7,3801,0,0,0,,0,3A44C,"SACRAMENTO ST","STOCKTON ST",20.00,E,N,A,-,N,,,,,,,,,,Y,4,0,1,2,D,-,00,,,N,B,C,A,A,H,-,A,-,0,,,,,Y,,-,"- ",0,0,1,0,0,0,0,0,0,"- ","- ",,,"SAN FRANCISCO","SAN FRANCISCO",-122.40763092041016,37.793201446533203
9748120,2024,2024-11-07,3801,2024-10-01,"946 ",1580,SOUTH,2,5,7,3801,0,0,0,,0,3B1A,"MISSION ST","NEW MONTGOMERY ST",0.00,,Y,A,-,N,,,,,,,,,,N,4,0,1,2,A,-,10,21950,A,N,G,B,B,A,H,-,A,A,0,Y,,,,Y,,D,22,0,0,1,0,1,0,0,0,0,"- ","- ",,,"SAN FRANCISCO","SAN FRANCISCO",-122.40049743652344,37.787452697753906
9748123,2024,2024-11-08,3801,2024-10-21,1154,961,MISSI,1,5,7,3801,0,0,0,,0,3D14C,"24TH ST","NOE ST",223.00,E,N,A,-,N,,,,,,,,,,Y,2,0,1,4,A,-,03,22350,,N,D,C,A,A,H,-,A,D,0,,,,,Y,,A,01,1,0,0,0,0,0,0,0,0,"- ","- ",,,"SAN FRANCISCO","SAN FRANCISCO",-122.43109893798828,37.751476287841797
9748127,2024,2024-11-08,3801,2024-10-15,1555,826,INGLE,2,5,7,3801,0,0,0,,0,3H14D,"GENEVA AV","HOWTH ST",121.00,W,N,B,-,N,,,,,,,,,,N,4,0,1,2,A,-,03,22350,,N,C,C,A,A,H,-,A,D,0,,,,,Y,,I,20,0,0,1,0,0,0,0,0,0,"- ","- ",,,"SAN FRANCISCO","SAN FRANCISCO",-122.45046234130859,37.722267150878906
9748131,2024,2024-11-08,3801,2024-10-06,1738,4140,TENDE,7,5,7,3801,0,0,0,,0,3J12D,"MARKET ST","5TH ST",0.00,,Y,A,-,N,,,,,,,,,,N,4,0,1,2,A,-,09,21800,A,N,D,-,A,A,H,-,C,A,0,,Y,,Y,Y,,M,91,0,0,1,0,0,0,1,0,0,"- ","- ",,,"SAN FRANCISCO","SAN FRANCISCO",-122.40805816650391,37.78399658203125
9748132,2024,2024-11-08,3801,2024-10-16,1619,226,BAYVI,3,5,7,3801,0,0,0,,0,3C12D,"EVANS AV","QUINT AV",0.00,,Y,A,-,N,,,,,,,,,,N,4,0,1,2,A,-,09,21800,A,N,D,C,A,A,H,-,A,D,0,,,,Y,Y,,G,25,0,0,1,0,0,0,0,0,0,"- ","- ",,,"SAN FRANCISCO","SAN FRANCISCO",-122.39031219482422,37.744037628173828
9748136,2024,2024-11-08,3801,2024-10-19,1944,1402,SOUTH,6,5,7,3801,0,0,0,,0,3B14D,"HOWARD ST","4TH ST",0.00,,Y,A,-,N,,,,,,,,,,N,4,0,1,2,A,-,08,22107,,N,B,C,A,A,H,-,C,A,0,,,,,Y,,I,10,0,0,1,0,0,0,0,0,0,"- ","- ",,,"SAN FRANCISCO","SAN FRANCISCO",-122.40270233154297,37.783267974853516