CASE_ID,ACCIDENT_YEAR,PROC_DATE,JURIS,COLLISION_DATE,COLLISION_TIME,OFFICER_ID,REPORTING_DISTRICT,DAY_OF_WEEK,CHP_SHIFT,POPULATION,CNTY_CITY_LOC,SPECIAL_COND,BEAT_TYPE,CHP_BEAT_TYPE,CITY_DIVISION_LAPD,CHP_BEAT_CLASS,BEAT_NUMBER,PRIMARY_RD,SECONDARY_RD,DISTANCE,DIRECTION,INTERSECTION,WEATHER_1,WEATHER_2,STATE_HWY_IND,CALTRANS_COUNTY,CALTRANS_DISTRICT,STATE_ROUTE,ROUTE_SUFFIX,POSTMILE_PREFIX,POSTMILE,LOCATION_TYPE,RAMP_INTERSECTION,SIDE_OF_HWY,TOW_AWAY,COLLISION_SEVERITY,NUMBER_KILLED,NUMBER_INJURED,PARTY_COUNT,PRIMARY_COLL_FACTOR,PCF_CODE_OF_VIOL,PCF_VIOL_CATEGORY,PCF_VIOLATION,PCF_VIOL_SUBSECTION,HIT_AND_RUN,TYPE_OF_COLLISION,MVIW,PED_ACTION,ROAD_SURFACE,ROAD_COND_1,ROAD_COND_2,LIGHTING,CONTROL_DEVICE,CHP_ROAD_TYPE,PEDESTRIAN_ACCIDENT,BICYCLE_ACCIDENT,MOTORCYCLE_ACCIDENT,TRUCK_ACCIDENT,NOT_PRIVATE_PROPERTY,ALCOHOL_INVOLVED,STWD_VEHTYPE_AT_FAULT,CHP_VEHTYPE_AT_FAULT,COUNT_SEVERE_INJ,COUNT_VISIBLE_INJ,COUNT_COMPLAINT_PAIN,COUNT_PED_KILLED,COUNT_PED_INJURED,COUNT_BICYCLIST_KILLED,COUNT_BICYCLIST_INJURED,COUNT_MC_KILLED,COUNT_MC_INJURED,PRIMARY_RAMP,SECONDARY_RAMP,LATITUDE,LONGITUDE,COUNTY,CITY,POINT_X,POINT_Y
9748273,2024,2024-11-06,3801,2024-10-09,1536,704,BAYVI,3,5,7,3801,0,0,0,,0,3C90D,"ALEMANY BL","SENECA AV",0.00,,Y,A,-,N,,,,,,,,,,Y,3,0,1,2,A,-,09,21806,A,N,-,-,A,A,H,-,A,A,0,,,,,Y,,A,01,0,1,0,0,0,0,0,0,0,"- ","- ",,,"SAN FRANCISCO","SAN FRANCISCO",-122.44136047363281,37.718658447265625
9748394,2024,2024-11-06,3801,2024-08-19,1847,34,TRAFF,1,5,7,3801,0,0,0,,0,4B4A,"3RD ST","FOLSOM ST",0.00,,Y,A,-,N,,,,,,,,,,Y,3,0,2,3,A,-,12,21453,A,M,D,C,A,A,H,-,A,A,0,,,,,Y,,-,,0,2,0,0,0,0,0,0,0,"- ","- ",,,"SAN FRANCISCO","SAN FRANCISCO",-122.39896392822266,37.783782958984375
9748397,2024,2024-11-06,3801,2024-10-19,"46  ",1207,TENDE,6,5,7,3801,0,0,0,,0,0J1,"09TH ST","MARKET ST",303.00,S,N,A,-,N,,,,,,,,,,Y,4,0,1,2,A,-,04,21703,,F,C,C,A,A,H,-,C,D,0,,,,,Y,Y,A,01,0,0,1,0,0,0,0,0,0,"- ","- ",,,"SAN FRANCISCO","SAN FRANCISCO",,
9748399,2024,2024-11-06,3801,2024-10-01,1700,A25839,SOUTH,2,5,7,3801,0,0,0,,0,001,"BRANNAN ST","STANFORD ST",0.00,,Y,A,-,N,,,,,,,,,,N,4,0,1,2,A,-,03,22350,,N,D,G,A,A,H,-,A,D,0,,,,,Y,,M,94,0,0,1,0,0,0,0,0,0,"- ","- ",,,"SAN FRANCISCO","SAN FRANCISCO",-122.39260864257812,37.781387329101562
9748528,2024,2024-11-14,3801,2024-08-21,1450,017331,,3,5,7,3801,0,0,0,,0,,"BRYANT ST","5TH ST",50.00,W,N,A,-,N,,,,,,,,,,N,4,0,1,4,A,-,03,22350,,M,C,C,A,A,H,-,A,D,0,,,,,Y,,A,07,0,0,1,0,0,0,0,0,0,"- ","- ",37.777629852294922,-122.40048980712891,"SAN FRANCISCO","SAN FRANCISCO",-122.40041351318359,37.777702331542969
9748538,2024,2024-11-08,3801,2024-09-30,1422,1653,INGLE,1,5,7,3801,0,0,0,,0,3H11A,"HARRISON ST","CESAR CHAVEZ ST",87.00,S,N,A,-,N,,,,,,,,,,N,4,0,1,2,A,-,05,21460,,N,D,-,A,A,H,-,A,D,0,,,,,Y,,A,01,0,0,1,0,0,0,0,0,0,"- ","- ",,,"SAN FRANCISCO","SAN FRANCISCO",-122.41147613525391,37.748123168945312
9748540,2024,2024-11-08,3801,2024-10-07,1840,1666,MISSI,1,5,7,3801,0,0,0,,0,1-CAR,"DOLORES ST","CHULA LN",84.00,S,N,A,-,N,,,,,,,,,,N,4,0,1,2,A,-,21,22106,,N,D,G,A,A,H,-,B,A,0,,Y,,,Y,,A,01,0,0,1,0,0,0,1,0,0,"- ","- ",,,"SAN FRANCISCO","SAN FRANCISCO",-122.42636108398438,37.763710021972656
9748545,2024,2024-12-20,3801,2024-10-11,"219 ",1988,NORTH,5,5,7,3801,0,0,0,,0,3E12E,"OAK ST","STEINER ST",0.00,,Y,A,-,N,,,,,,,,,,Y,4,0,2,2,A,-,12,21453,A,N,D,C,A,B,H,-,C,A,0,,,,,Y,,-,"- ",0,0,2,0,0,0,0,0,0,"- ","- ",,,"SAN FRANCISCO","SAN FRANCISCO",-122.43245697021484,37.773746490478516
9748549,2024,2024-11-08,3801,2024-10-18,1202,1,NORTH,5,5,7,3801,0,0,0,,0,006,"POLK ST","SACRAMENTO ST",0.00,,Y,A,-,N,,,,,,,,,,N,4,0,1,2,A,-,10,21950,A,N,G,B,D,A,H,-,A,A,0,Y,,,,Y,,-,99,0,0,1,0,1,0,0,0,0,"- ","- ",,,"SAN FRANCISCO","SAN FRANCISCO",-122.42086791992188,37.79150390625
9748553,2024,2024-11-08,3801,2024-10-10,1514,312,TARAV,4,5,7,3801,0,0,0,,0,5-CAR,"JUNIPERO SERRA BL","OCEAN AV",290.00,N,N,A,-,N,,,,,,,,,,N,4,0,2,2,A,-,04,21703,,N,C,C,A,A,H,-,A,D,0,,,,,Y,,A,08,0,0,2,0,0,0,0,0,0,"- ","- ",,,"SAN FRANCISCO","SAN FRANCISCO",-122.47210693359375,37.73199462890625
9748555,2024,2024-11-08,3801,2024-10-08,1418,2323,BAYVI,2,5,7,3801,0,0,0,,0,,"3RD ST","LA SALLE AV",0.00,,Y,A,-,N,,,,,,,,,,N,4,0,1,2,A,-,10,21950,A,N,G,B,B,A,H,-,A,A,0,Y,,,,Y,,A,01,0,0,1,0,1,0,0,0,0,"- ","- ",,,"SAN FRANCISCO","SAN FRANCISCO",-122.38993835449219,37.737216949462891
9748557,2024,2024-11-08,3801,2024-10-14,1829,1489,TENDE,1,5,7,3801,0,0,0,,0,3JI3D,"HARRISON ST","13TH ST",78.00,S,N,A,-,N,,,,,,,,,,Y,4,0,1,3,A,-,03,22350,,F,C,C,A,A,H,-,A,A,0,,,,,Y,,A,07,0,0,1,0,0,0,0,0,0,"- ","- ",,,"SAN FRANCISCO","SAN FRANCISCO",-122.41345977783203,37.769237518310547
9748899,2024,2024-12-13,3801,2024-11-20,"540 ",A23189,TENDE,3,5,7,3801,0,0,0,,0,3J60,"3RD ST","TOWNSEND ST",101.00,N,N,A,-,N,,,,,,,,,,Y,4,0,2,2,A,-,07,21658,A,N,C,C,A,A,H,-,C,A,0,,,,,Y,,J,48,0,0,2,0,0,0,0,0,0,"- ","- ",,,"SAN FRANCISCO","SAN FRANCISCO",-122.39299774169922,37.779056549072266
9748931,2024,2024-12-13,3801,2024-11-15,1132,4275,TARAV,5,5,7,3801,0,0,0,,0,313A,"SANTIAGO ST","35TH AV",0.00,,Y,A,-,N,,,,,,,,,,Y,4,0,1,2,A,-,09,21804,A,N,D,C,A,A,-,-,A,A,0,,,,,Y,,A,01,0,0,1,0,0,0,0,0,0,"- ","- ",,,"SAN FRANCISCO","SAN FRANCISCO",-122.49295043945312,37.744171142578125
9750291,2024,2024-11-07,3801,2024-10-12,1205,1457,TARAV,6,5,7,3801,0,0,0,,0,3113A,"PACHECO ST","23RD AV",0.00,,Y,A,-,N,,,,,,,,,,Y,4,0,1,2,A,-,09,21802,A,N,D,C,A,A,H,-,A,A,0,,,,,Y,,D,22,0,0,1,0,0,0,0,0,0,"- ","- ",,,"SAN FRANCISCO","SAN FRANCISCO",-122.48052215576172,37.750301361083984
9750293,2024,2024-11-07,3801,2024-10-09,1958,936,CENTR,3,5,7,3801,0,0,0,,0,3A11D,"POST ST",LEAVENWORTH,0.00,,Y,A,-,N,,,,,,,,,,N,4,0,1,2,A,-,17,23114,A,N,G,B,F,A,H,-,C,A,0,Y,,,,Y,,D,22,0,0,1,0,1,0,0,0,0,"- ","- ",,,"SAN FRANCISCO","SAN FRANCISCO",-122.41499328613281,37.787452697753906
9750294,2024,2024-12-05,3801,2024-10-01,1055,1944,INGLE,2,5,7,3801,0,0,0,,0,0H6,"BAYSHORE BL","VISITACION AV",0.00,,Y,A,-,N,,,,,,,,,,Y,4,0,2,2,A,-,12,21453,A,N,D,C,A,A,H,-,A,A,0,,,,,Y,,A,01,0,0,2,0,0,0,0,0,0,"- ","- ",,,"SAN FRANCISCO","SAN FRANCISCO",-122.40432739257812,37.710441589355469
9750297,2024,2024-11-15,3801,2024-10-03,1520,1096,CENTR,4,5,7,3801,0,0,0,,0,3A14D,"THE EMBARCADERO","PIER 17",0.00,,Y,A,B,N,,,,,,,,,,N,4,0,1,2,A,-,09,21804,,N,D,G,A,A,H,-,A,D,0,,Y,,,Y,,I,11,0,0,1,0,0,0,1,0,0,"- ","- ",,,"SAN FRANCISCO","SAN FRANCISCO",-122.39942932128906,37.801403045654297
9750298,2024,2024-11-08,3801,2024-09-28,1553,2725,RICHM,6,5,7,3801,0,0,0,,0,,"JOHN F KENNEDY DR","36TH AV",0.00,,Y,A,-,N,,,,,,,,,,N,4,0,1,2,A,-,11,21954,A,N,D,B,E,A,H,-,A,D,0,Y,,,,Y,,N,60,0,0,1,0,1,0,0,0,0,"- ","- ",,,"SAN FRANCISCO","SAN FRANCISCO",-122.49529266357422,37.769931793212891
9750301,2024,2024-11-08,3801,2024-10-21,"51  ",1871,INGLE,1,5,7,3801,0,0,0,,0,901,"MISSION ST","RICHLAND AV",0.00,,Y,A,-,N,,,,,,,,,,Y,4,0,1,4,A,-,08,22107,,F,B,E,A,A,H,-,C,D,0,,,,,Y,,D,22,0,0,1,0,0,0,0,0,0,"- ","- ",,,"SAN FRANCISCO","SAN FRANCISCO",-122.42449188232422,37.735939025878906
9750303,2024,2024-11-08,3801,2024-10-10,1520,1994,TRAFF,4,5,7,3801,0,0,0,,0,4B3C,"3RD ST","JAMESTOWN AV",0.00,,Y,A,-,N,,,,,,,,,,Y,4,0,1,2,A,-,12,21453,A,F,D,C,A,A,H,-,A,A,0,,,,,Y,,D,22,0,0,1,0,0,0,0,0,0,"- ","- ",,,"SAN FRANCISCO","SAN FRANCISCO",-122.39671325683594,37.720260620117188
9750304,2024,2024-11-08,3801,2024-10-17,1054,937,BATVI,4,5,7,3801,0,0,0,,0,3C12A,"ALEMANY BL","BAYSHORE BL",0.00,,Y,A,-,N,,,,,,,,,,Y,4,0,2,2,A,-,03,22350,,N,D,C,A,A,H,-,A,A,0,,,,,Y,,A,01,0,0,2,0,0,0,0,0,0,"- ","- ",,,"SAN FRANCISCO","SAN FRANCISCO",-122.40695953369141,37.737998962402344
9750305,2024,2024-11-08,3801,2024-10-16,1435,2384,TARAV,3,5,7,3801,0,0,0,,0,TARAVA,"41ST AV","LINCOLN WY",0.00,,Y,A,-,N,,,,,,,,,,N,4,0,1,2,A,-,10,21950,A,N,G,B,B,A,H,-,A,A,0,Y,,,,Y,,D,22,0,0,1,0,1,0,0,0,0,"- ","- ",,,"SAN FRANCISCO","SAN FRANCISCO",-122.50084686279297,37.764415740966797
9750306,2024,2024-11-15,3801,2024-10-16,1124,937,BAYVI,3,5,7,3801,0,0,0,,0,3C11A,"CESAR CHAVEZ ST","CONNECTICUT ST",0.00,,Y,A,-,N,,,,,,,,,,Y,4,0,3,3,A,-,09,21801,A,N,D,C,A,A,H,-,A,A,0,,,,,Y,,A,01,0,0,3,0,0,0,0,0,0,"- ","- ",,,"SAN FRANCISCO","SAN FRANCISCO",-122.39627075195312,37.749752044677734
9750308,2024,2024-11-07,3801,2024-10-07,2114,916,BAYVI,1,5,7,3801,0,0,0,,0,3C4E,"BACON ST","SAN BURNO AVE",0.00,,Y,A,-,N,,,,,,,,,,N,3,0,1,2,A,-,10,21950,A,F,G,B,B,A,H,-,C,A,0,Y,,,,Y,,-,"- ",0,1,0,0,1,0,0,0,0,"- ","- ",,,"SAN FRANCISCO","SAN FRANCISCO",-122.40361022949219,37.727638244628906
9750310,2024,2024-12-04,3801,2024-10-08,1225,2732,CENTR,2,5,7,3801,0,0,0,,0,3A41C,"GEARY ST","JONES ST",0.00,,Y,A,-,N,,,,,,,,,,N,3,0,1,2,A,-,10,21950,C,N,G,B,B,A,H,-,A,A,0,Y,,,,Y,,I,11,0,1,0,0,1,0,0,0,0,"- ","- ",,,"SAN FRANCISCO","SAN FRANCISCO",-122.41314697265625,37.786750793457031
9750311,2024,2024-11-08,3801,2024-10-01,1515,A25839,SOUTH,2,5,7,3801,0,0,0,,0,002,"MINNA ST","4TH ST",0.00,,N,A,-,N,,,,,,,,,,N,3,0,1,2,D,-,00,,,N,B,B,E,A,H,-,A,D,0,Y,,,Y,Y,,-,"- ",0,1,0,0,1,0,0,0,0,"- ","- ",,,"SAN FRANCISCO","SAN FRANCISCO",-122.40373229980469,37.784069061279297
9750348,2024,2024-11-13,3801,2024-10-03,"927 ",748,CENTR,4,5,7,3801,0,0,0,,0,0A1,"CALIFORNIA ST","LARKIN ST",0.00,,Y,A,-,N,,,,,,,,,,Y,4,0,3,2,A,-,12,21453,A,N,D,C,A,A,H,-,A,A,0,,,,,Y,,A,01,0,0,3,0,0,0,0,0,0,"- ","- ",,,"SAN FRANCISCO","SAN FRANCISCO",-122.41903686523438,37.790794372558594
9750349,2024,2024-11-13,3801,2024-10-06,1721,359,TARAV,7,5,7,3801,0,0,0,,0,311D,"18TH AV","JUDAH ST",100.00,S,N,A,-,N,,,,,,,,,,Y,4,0,3,3,A,-,01,23153,A,N,C,C,A,A,H,-,A,A,0,,,,,Y,,A,01,0,0,3,0,0,0,0,0,0,"- ","- ",,,"SAN FRANCISCO","SAN FRANCISCO",-122.47592926025391,37.76153564453125
9750350,2024,2024-11-13,3801,2024-10-06,1335,2089,TENDE,7,5,7,3801,0,0,0,,0,COJ4CA,"EDDY ST","TAYLOR ST",400.00,E,N,A,-,N,,,,,,,,,,N,3,0,2,3,A,-,05,21650,,F,G,B,D,A,H,-,A,A,0,Y,Y,,,Y,,L,04,0,1,1,0,1,0,1,0,0,"- ","- ",,,"SAN FRANCISCO","SAN FRANCISCO",-122.40958404541016,37.784339904785156
9750351,2024,2024-11-13,3801,2024-10-05,2015,4104,PARK,6,5,7,3801,0,0,0,,0,3F13D,"HAIGHT ST","SHRADER ST",0.00,,Y,A,-,N,,,,,,,,,,N,4,0,1,2,A,-,00,21954,,N,G,B,E,A,H,-,C,D,0,Y,,,,Y,,N,60,0,0,1,0,1,0,0,0,0,"- ","- ",,,"SAN FRANCISCO","SAN FRANCISCO",-122.45185852050781,37.769374847412109
9750352,2024,2024-11-19,3801,2024-10-05,"145 ",2425,TENDE,6,5,7,3801,0,0,0,,0,3J15E,"OFARRELL ST","JONES ST",0.00,,Y,A,-,N,,,,,,,,,,N,3,0,1,2,A,-,12,21453,A,N,D,C,A,A,H,-,C,A,0,,,,,Y,,M,94,0,1,0,0,0,0,0,0,0,"- ","- ",,,"SAN FRANCISCO","SAN FRANCISCO",-122.41297149658203,37.785797119140625
9750353,2024,2024-11-13,3801,2024-10-01,1748,246,TARAV,2,5,7,3801,0,0,0,,0,5CAR,"EUCALYPTUS DR","19TH AV",0.00,,Y,F,-,N,,,,,,,,,,N,4,0,1,2,A,-,04,21703,,N,C,C,A,-,G,-,-,A,0,,,,,Y,,A,01,0,0,1,0,0,0,0,0,0,"- ","- ",,,"SAN FRANCISCO","SAN FRANCISCO",-122.47486877441406,37.7310791015625
9750354,2024,2024-11-22,3801,2024-10-01,1729,118,PARK,2,5,7,3801,0,0,0,,0,3F1D,"STANYAN ST","STANYAN ST 755",0.00,,N,A,-,N,,,,,,,,,,Y,3,0,5,2,A,-,00,12500,A,N,H,C,A,A,H,-,A,D,0,,,Y,,Y,,C,06,0,1,4,0,0,0,0,0,0,"- ","- ",,,"SAN FRANCISCO","SAN FRANCISCO",,
9750355,2024,2024-11-13,3801,2024-10-01,"853 ",963,SOUTH,2,5,7,3801,0,0,0,,0,3B52B,"773 MARKET ST","4TH ST",420.00,E,N,A,-,N,,,,,,,,,,N,4,0,1,1,A,-,03,22350,,N,F,A,A,A,H,-,A,D,0,,,Y,,Y,,O,05,0,0,1,0,0,0,0,0,1,"- ","- ",,,"SAN FRANCISCO","SAN FRANCISCO",-122.40487670898438,37.786529541015625
9750356,2024,2024-11-13,3801,2024-10-01,"737 ",1580,SOUTH,2,5,7,3801,0,0,0,,0,3B1A,"FOLSOM ST","6TH ST",0.00,,Y,A,-,N,,,,,,,,,,N,2,0,1,1,C,-,18,,,N,E,J,A,A,B,-,A,A,0,,Y,,,Y,,-,"- ",1,0,0,0,0,0,1,0,0,"- ","- ",,,"SAN FRANCISCO","SAN FRANCISCO",-122.40560150146484,37.778499603271484
9750357,2024,2024-11-13,3801,2024-10-01,1600,2499,TARAV,2,5,7,3801,0,0,0,,0,3111D,"19TH AVENUE","LINCOLN WY",0.00,,N,A,-,N,,,,,,,,,,N,4,0,1,2,A,-,03,22350,,N,C,C,A,A,H,-,A,A,0,,,,,Y,,A,01,0,0,1,0,0,0,0,0,0,"- ","- ",,,"SAN FRANCISCO","SAN FRANCISCO",-122.47732543945312,37.76544189453125
9750358,2024,2024-11-22,3801,2024-10-01,1600,2192,MISSI,2,5,7,3801,0,0,0,,0,3D12D,"DOLORES ST","CUMBERLAND ST",35.00,N,N,A,-,N,,,,,,,,,,Y,4,0,3,3,A,-,07,21658,A,N,B,E,A,A,H,-,A,D,0,,,,,Y,,A,01,0,0,3,0,0,0,0,0,0,"- ","- ",,,"SAN FRANCISCO","SAN FRANCISCO",-122.42592620849609,37.759124755859375
9750361,2024,2024-11-12,3801,2024-08-28,"808 ",830,MISSI,3,5,7,3801,0,0,0,,0,3D16A,"HARRISON ST","MARIPOSA ST",0.00,,Y,A,-,N,,,,,,,,,,N,4,0,1,2,A,-,09,21801,A,N,D,G,A,A,H,-,A,D,0,,Y,,,Y,,A,01,0,0,1,0,0,0,1,0,0,"- ","- ",,,"SAN FRANCISCO","SAN FRANCISCO",-122.41291046142578,37.762901306152344
9750371,2024,2025-04-10,3801,2024-05-28,1204,1422,TRAFF,2,5,7,3801,0,0,0,,0,,"MISSION ST","ADMIRAL AV",0.00,,Y,A,G,N,,,,,,,,,,Y,2,0,1,3,A,-,03,22350,,N,C,C,A,A,H,-,A,D,0,,,Y,,Y,,C,02,1,0,0,0,0,0,0,0,1,"- ","- ",,,"SAN FRANCISCO","SAN FRANCISCO",-122.43015289306641,37.729862213134766
9750374,2024,2024-11-14,3801,2024-07-16,"936 ",1339,TRAFF,2,5,7,3801,0,0,0,,0,,"SUTTER ST","LAGUNA ST",9.00,E,N,A,-,N,,,,,,,,,,Y,4,0,1,2,A,-,09,21801,A,N,D,C,A,A,H,-,A,A,0,,,Y,,Y,,A,01,0,0,1,0,0,0,0,0,1,"- ","- ",,,"SAN FRANCISCO","SAN FRANCISCO",-122.42829895019531,37.786724090576172
9751111,2024,2024-12-11,3801,2024-10-21,1400,1119,SOUTH,1,5,7,3801,0,0,0,,0,3B3,"MISSION ST","JULIA ST",0.00,,Y,A,-,N,,,,,,,,,,N,4,0,1,2,A,-,04,21703,,N,C,C,A,A,H,-,A,D,0,,,,,Y,,A,01,0,0,1,0,0,0,0,0,0,"- ","- ",,,"SAN FRANCISCO","SAN FRANCISCO",-122.41241455078125,37.778049468994141
9751112,2024,2024-12-11,3801,2024-11-06,"115 ",1216,NORTH,3,5,7,3801,0,0,0,,0,3E16E,"VAN NESS AVE","PACIFIC AV",0.00,,Y,A,-,N,,,,,,,,,,Y,4,0,2,3,A,-,03,22350,,N,C,C,A,A,H,-,C,A,0,,,,,Y,,A,01,0,0,2,0,0,0,0,0,0,"- ","- ",,,"SAN FRANCISCO","SAN FRANCISCO",-122.42314147949219,37.794841766357422
9751113,2024,2024-12-12,3801,2024-11-16,"504 ",524,INGLE,6,5,7,3801,0,0,0,,0,3H13E,"SILVER AV","CAMBRIDGE ST",0.00,,Y,A,-,N,,,,,,,,,,N,4,0,1,2,A,-,05,21651,A,N,A,C,A,A,H,-,C,A,0,,,,,Y,,D,22,0,0,1,0,0,0,0,0,0,"- ","- ",,,"SAN FRANCISCO","SAN FRANCISCO",-122.41951751708984,37.729045867919922
9751114,2024,2024-12-11,3801,2024-10-12,1032,1238,MISSI,6,5,7,3801,0,0,0,,0,3D15A,"13TH ST","MISSION ST",0.00,,Y,A,-,N,,,,,,,,,,Y,4,0,1,2,A,-,12,21453,A,N,D,C,A,A,-,-,A,A,0,,,,,Y,,D,22,0,0,1,0,0,0,0,0,0,"- ","- ",,,"SAN FRANCISCO","SAN FRANCISCO",-122.419921875,37.769977569580078
9751116,2024,2024-12-13,3801,2024-08-27,1433,4119,BAYVI,2,5,7,3801,0,0,0,,0,4B103,"3RD ST","25TH ST",0.00,,Y,A,-,N,,,,,,,,,,N,2,0,1,2,A,-,05,21651,B,N,D,C,A,A,H,-,A,-,0,,,Y,,Y,,C,03,1,0,0,0,0,0,0,0,1,"- ","- ",,,"SAN FRANCISCO","SAN FRANCISCO",-122.38787841796875,37.752838134765625
9751117,2024,2024-12-11,3801,2024-11-17,2200,1480,MISSI,7,5,7,3801,0,0,0,,0,3D15E,"ALAMEDA ST","BRYANT ST",245.00,E,N,F,-,N,,,,,,,,,,N,4,0,1,2,A,-,21,22106,,N,G,-,F,A,-,-,C,D,0,Y,,,,Y,,D,22,0,0,1,0,1,0,0,0,0,"- ","- ",,,"SAN FRANCISCO","SAN FRANCISCO",-122.40987396240234,37.768222808837891
9751119,2024,2024-12-11,3801,2024-11-04,"737 ",2202,INGLE,1,5,7,3801,0,0,0,,0,3H12A,"GENEVA AV","MOSCOW ST",26.00,W,N,A,-,N,,,,,,,,,,Y,4,0,1,2,A,-,03,22350,,N,C,C,A,A,H,-,A,A,0,,,,,Y,Y,A,01,0,0,1,0,0,0,0,0,0,"- ","- ",,,"SAN FRANCISCO","SAN FRANCISCO",-122.43383026123047,37.713165283203125
9751121,2024,2024-12-12,3801,2024-11-07,1833,2473,BAYV,4,5,7,3801,0,0,0,,0,3C12D,"OAKDALE AV","LOOMIS ST",0.00,,Y,A,-,N,,,,,,,,,,N,2,0,1,2,A,-,10,21950,A,F,G,B,B,A,H,-,C,A,0,Y,,,,Y,,A,01,1,0,0,0,1,0,0,0,0,"- ","- ",,,"SAN FRANCISCO","SAN FRANCISCO",-122.40431213378906,37.742527008056641
9751122,2024,2024-12-12,3801,2024-11-07,1630,1066,NORTH,4,5,7,3801,0,0,0,,0,3E3,"OFARRELL ST","VAN NESS AV",30.00,W,N,A,-,N,,,,,,,,,,N,4,0,2,2,A,-,03,22350,,F,C,C,A,A,H,-,A,D,0,,,,,Y,,A,01,0,0,2,0,0,0,0,0,0,"- ","- ",,,"SAN FRANCISCO","SAN FRANCISCO",-122.42121887207031,37.784744262695312
9751123,2024,2024-12-12,3801,2024-11-07,1237,2384,TARAV,4,5,7,3801,0,0,0,,0,3141,"19TH AV","TARAVAL ST",0.00,,Y,A,-,N,,,,,,,,,,Y,4,0,1,2,A,-,09,21804,A,N,D,C,A,A,H,-,A,A,0,,,,,Y,,A,01,0,0,1,0,0,0,0,0,0,"- ","- ",,,"SAN FRANCISCO","SAN FRANCISCO",-122.47566223144531,37.742977142333984
9751124,2024,2024-12-16,3801,2024-11-07,1115,359,SOUTH,4,5,7,3801,0,0,0,,0,3B61,"FOLSOM ST","9TH ST",14.00,E,N,A,-,N,,,,,,,,,,N,4,0,1,2,A,-,17,21235,G,F,G,B,F,-,H,-,A,A,0,Y,,,,Y,,M,94,0,0,1,0,1,0,0,0,0,"- ","- ",,,"SAN FRANCISCO","SAN FRANCISCO",-122.41157531738281,37.773796081542969
9751125,2024,2024-12-16,3801,2024-11-07,1000,359,SOUTH,4,5,7,3801,0,0,0,,0,3B61,"MISSION BAY DR","BERRY ST",0.00,,Y,A,-,N,,,,,,,,,,N,3,0,1,2,A,-,08,22107,,F,D,C,A,A,H,-,A,A,0,,,,,Y,,A,01,0,1,0,0,0,0,0,0,0,"- ","- ",,,"SAN FRANCISCO","SAN FRANCISCO",-122.39833831787109,37.769733428955078
9751126,2024,2024-12-12,3801,2024-11-07,"915 ",2402,TARAV,4,5,7,3801,0,0,0,,0,3I15A,"JUNIPERO SERRA BL","BROTHERHOOD WY",0.00,,Y,A,-,N,,,,,,,,,,N,4,0,1,2,A,-,10,21950,,N,G,B,B,A,H,-,A,D,0,Y,,,,Y,,A,01,0,0,1,0,1,0,0,0,0,SO,"- ",,,"SAN FRANCISCO","SAN FRANCISCO",-122.47118377685547,37.712699890136719
9751127,2024,2024-12-12,3801,2024-11-06,"923 ",826,INGLE,3,5,7,3801,0,0,0,,0,0H5,"RUSSIA AV","ATHENS ST",0.00,,Y,A,-,N,,,,,,,,,,Y,3,0,1,2,A,-,09,21804,A,N,D,C,A,A,H,-,A,D,0,,,,,Y,,A,01,0,1,0,0,0,0,0,0,0,"- ","- ",,,"SAN FRANCISCO","SAN FRANCISCO",-122.43077087402344,37.718540191650391
9751128,2024,2024-12-12,3801,2024-11-06,"915 ",4356,INGLE,3,5,7,3801,0,0,0,,0,3H14A,"GENEVA AV","HOWTH ST",0.00,,Y,A,-,N,,,,,,,,,,Y,4,0,1,3,A,-,04,21703,,N,C,C,A,A,-,-,A,A,0,,,,,Y,,A,01,0,0,1,0,0,0,0,0,0,"- ","- ",,,"SAN FRANCISCO","SAN FRANCISCO",-122.45011901855469,37.722076416015625
9751129,2024,2024-12-12,3801,2024-11-06,"430 ",341,NORTH,3,5,7,3801,0,0,0,,0,,"VAN NESS AV",BROADWAY,0.00,,Y,A,-,N,,,,,,,,,,Y,4,0,1,2,A,-,12,21453,A,N,D,C,A,A,H,-,C,-,0,,,,,Y,,A,01,0,0,1,0,0,0,0,0,0,"- ","- ",,,"SAN FRANCISCO","SAN FRANCISCO",-122.42332458496094,37.795753479003906
9751130,2024,2024-12-12,3801,2024-11-05,"735 ",524,INGLE,2,5,7,3801,0,0,0,,0,3H4A,"PORTOL.A DR","REX AV",0.00,,Y,A,-,N,,,,,,,,,,N,4,0,1,2,A,-,11,21950,B,N,G,B,B,A,H,-,A,A,0,Y,,,,Y,,N,60,0,0,1,0,1,0,0,0,0,"- ","- ",,,"SAN FRANCISCO","SAN FRANCISCO",-122.45748138427734,37.740978240966797
9751131,2024,2024-12-12,3801,2024-11-04,1551,4371,INGLE,1,5,7,3801,0,0,0,,0,3H13D,"SAN JOSE AV","SANTA ROSA AV",0.00,,Y,A,-,N,,,,,,,,,,N,4,0,1,2,A,-,04,21703,,F,C,C,A,A,H,-,A,A,0,,,,,Y,,A,01,0,0,1,0,0,0,0,0,0,"- ","- ",,,"SAN FRANCISCO","SAN FRANCISCO",-122.44010162353516,37.728954315185547
9751132,2024,2024-12-16,3801,2024-11-02,1344,2431,NORTH,6,5,7,3801,0,0,0,,0,3E13A,"SUTTER ST","WEBSTER ST",0.00,,Y,A,-,N,,,,,,,,,,N,3,0,1,2,A,-,08,22107,,M,B,C,A,A,H,-,A,A,0,,,,,Y,,A,01,0,1,0,0,0,0,0,0,0,"- ","- ",,,"SAN FRANCISCO","SAN FRANCISCO",-122.43168640136719,37.786293029785156