CASE_ID,ACCIDENT_YEAR,PROC_DATE,JURIS,COLLISION_DATE,COLLISION_TIME,OFFICER_ID,REPORTING_DISTRICT,DAY_OF_WEEK,CHP_SHIFT,POPULATION,CNTY_CITY_LOC,SPECIAL_COND,BEAT_TYPE,CHP_BEAT_TYPE,CITY_DIVISION_LAPD,CHP_BEAT_CLASS,BEAT_NUMBER,PRIMARY_RD,SECONDARY_RD,DISTANCE,DIRECTION,INTERSECTION,WEATHER_1,WEATHER_2,STATE_HWY_IND,CALTRANS_COUNTY,CALTRANS_DISTRICT,STATE_ROUTE,ROUTE_SUFFIX,POSTMILE_PREFIX,POSTMILE,LOCATION_TYPE,RAMP_INTERSECTION,SIDE_OF_HWY,TOW_AWAY,COLLISION_SEVERITY,NUMBER_KILLED,NUMBER_INJURED,PARTY_COUNT,PRIMARY_COLL_FACTOR,PCF_CODE_OF_VIOL,PCF_VIOL_CATEGORY,PCF_VIOLATION,PCF_VIOL_SUBSECTION,HIT_AND_RUN,TYPE_OF_COLLISION,MVIW,PED_ACTION,ROAD_SURFACE,ROAD_COND_1,ROAD_COND_2,LIGHTING,CONTROL_DEVICE,CHP_ROAD_TYPE,PEDESTRIAN_ACCIDENT,BICYCLE_ACCIDENT,MOTORCYCLE_ACCIDENT,TRUCK_ACCIDENT,NOT_PRIVATE_PROPERTY,ALCOHOL_INVOLVED,STWD_VEHTYPE_AT_FAULT,CHP_VEHTYPE_AT_FAULT,COUNT_SEVERE_INJ,COUNT_VISIBLE_INJ,COUNT_COMPLAINT_PAIN,COUNT_PED_KILLED,COUNT_PED_INJURED,COUNT_BICYCLIST_KILLED,COUNT_BICYCLIST_INJURED,COUNT_MC_KILLED,COUNT_MC_INJURED,PRIMARY_RAMP,SECONDARY_RAMP,LATITUDE,LONGITUDE,COUNTY,CITY,POINT_X,POINT_Y
9751133,2024,2024-12-12,3801,2024-11-06,1445,786,SOUTH,3,5,7,3801,0,0,0,,0,,"3RD ST","HARRISON ST",0.00,,Y,-,-,N,,,,,,,,,,N,2,0,1,2,A,-,10,21950,,N,G,B,B,A,H,-,A,A,0,Y,,,,Y,,-,,1,0,0,0,1,0,0,0,0,"- ","- ",,,"SAN FRANCISCO","SAN FRANCISCO",-122.39739227294922,37.782550811767578
9751134,2024,2024-12-12,3801,2024-11-09,"130 ",2130,RICHM,6,5,7,3801,0,0,0,,0,3G15E,STANYAN,"WALLER ST",37.00,W,N,A,-,N,,,,,,,,,,Y,4,0,2,1,A,-,03,22350,,N,E,I,A,A,H,-,C,A,0,,,,,Y,,A,01,0,0,2,0,0,0,0,0,0,"- ","- ",,,"SAN FRANCISCO","SAN FRANCISCO",-122.453369140625,37.768348693847656
9751135,2024,2024-12-12,3801,2024-11-08,1928,A25730,CENTR,5,5,7,3801,0,0,0,,0,3A13D,"BUSH ST","POWELL ST",40.00,W,N,A,-,N,,,,,,,,,,N,3,0,1,3,A,-,03,22350,,N,B,E,A,A,H,-,C,D,0,,,Y,,Y,,C,02,0,1,0,0,0,0,0,0,1,"- ","- ",,,"SAN FRANCISCO","SAN FRANCISCO",-122.40892791748047,37.790153503417969
9751136,2024,2024-12-12,3801,2024-11-08,1900,2748,INGLE,5,5,7,3801,0,0,0,,0,3H16D,"ALEMANY BL","ONONDAGA AV",0.00,,Y,A,-,N,,,,,,,,,,,3,0,1,2,A,-,10,21950,A,N,D,G,A,A,H,-,C,A,0,,Y,,,Y,,A,07,0,1,0,0,0,0,1,0,0,"- ","- ",,,"SAN FRANCISCO","SAN FRANCISCO",-122.43870544433594,37.721645355224609
9751137,2024,2024-12-12,3801,2024-11-08,1619,1316,RICHM,5,5,7,3801,0,0,0,,0,3G14D,"FULTON ST","30TH AV",140.00,W,N,A,-,N,,,,,,,,,,Y,3,0,1,4,A,-,03,22350,,N,C,C,A,A,H,-,A,A,0,,,Y,,Y,,C,02,0,1,0,0,0,0,0,0,1,"- ","- ",,,"SAN FRANCISCO","SAN FRANCISCO",-122.49002075195312,37.772308349609375
9751138,2024,2024-12-12,3801,2024-11-08,1346,2384,TARAV,5,5,7,3801,0,0,0,,0,3I41,"IRVING ST","22ND AV",0.00,,Y,A,-,N,,,,,,,,,,N,4,0,3,3,A,-,07,21658,A,F,B,E,A,A,H,-,A,A,0,,,,,Y,,A,01,0,0,3,0,0,0,0,0,0,"- ","- ",,,"SAN FRANCISCO","SAN FRANCISCO",-122.48035430908203,37.763423919677734
9751139,2024,2024-12-12,3801,2024-11-09,1728,2487,BAYVI,6,5,7,3801,0,0,0,,0,3C11,"ILLINOIS ST","AMADOR ST",0.00,,Y,A,-,N,,,,,,,,,,N,3,0,1,1,C,-,18,,,N,H,I,A,A,H,-,C,A,0,,Y,,,Y,,-,"- ",0,1,0,0,0,0,1,0,0,"- ","- ",,,"SAN FRANCISCO","SAN FRANCISCO",-122.38603973388672,37.745765686035156
9751140,2024,2024-12-12,3801,2024-11-09,1008,1457,TARAV,6,5,7,3801,0,0,0,,0,311A,"RIVERA ST","21ST AV",0.00,,Y,A,-,N,,,,,,,,,,N,4,0,2,2,A,-,09,21802,A,N,D,C,A,A,H,-,A,A,0,,,,,Y,,A,01,0,0,2,0,0,0,0,0,0,"- ","- ",,,"SAN FRANCISCO","SAN FRANCISCO",-122.47810363769531,37.746665954589844
9751141,2024,2024-12-13,3801,2024-11-09,"150 ",1389,MISSI,6,5,7,3801,0,0,0,,0,3D14E,"CESAR CHAVEZ ST","FOLSOM ST",0.00,,Y,A,-,N,,,,,,,,,,Y,4,0,2,2,D,-,00,,,N,D,C,A,A,H,-,C,A,0,,,,,Y,,-,"- ",0,0,2,0,0,0,0,0,0,"- ",FR,,,"SAN FRANCISCO","SAN FRANCISCO",-122.41368103027344,37.748313903808594
9751142,2024,2024-12-13,3801,2024-11-09,"205 ",2307,NORTH,6,5,7,3801,0,0,0,,0,3E13E,"POLK ST","BUSH ST",0.00,,Y,A,-,N,,,,,,,,,,Y,2,0,2,4,A,-,12,21453,A,F,D,C,B,A,H,-,C,A,0,Y,,,,Y,,A,01,1,0,1,0,2,0,0,0,0,"- ","- ",,,"SAN FRANCISCO","SAN FRANCISCO",-122.42029571533203,37.788688659667969
9751143,2024,2024-12-13,3801,2024-11-08,"16  ",1136,SOUTH,5,5,7,3801,0,0,0,,0,3B11E,"1ST ST","MINNA ST",0.00,,Y,A,-,N,,,,,,,,,,N,2,0,1,2,A,-,17,21657,,N,A,J,A,A,H,-,C,A,0,,,,,Y,Y,-,,1,0,0,0,0,0,0,0,0,"- ","- ",,,"SAN FRANCISCO","SAN FRANCISCO",-122.39703369140625,37.789371490478516
9751144,2024,2024-12-13,3801,2024-11-04,"224 ",1078,NORTH,1,5,7,3801,0,0,0,,0,3E13E,"SUTTER ST","POLK ST",198.00,E,N,A,-,N,,,,,,,,,,Y,4,0,2,3,A,-,08,22107,,N,C,E,A,A,H,-,C,D,0,,,,,Y,,A,01,0,0,2,0,0,0,0,0,0,"- ","- ",,,"SAN FRANCISCO","SAN FRANCISCO",-122.41942596435547,37.787841796875
9751145,2024,2024-12-13,3801,2024-11-03,2152,1078,NORTH,7,5,7,3801,0,0,0,,0,3E13E,"VAN NESS AV","ELLIS ST",0.00,,Y,A,-,N,,,,,,,,,,N,3,0,1,2,A,-,11,21456,A,N,D,B,B,A,-,-,C,A,0,Y,,,,Y,,N,60,0,1,0,0,1,0,0,0,0,"- ","- ",,,"SAN FRANCISCO","SAN FRANCISCO",-122.42095184326172,37.783828735351562
9751146,2024,2024-12-13,3801,2024-11-02,1225,1591,PARK,6,5,7,3801,0,0,0,,0,3F13A,"OAK ST","BAKER ST",0.00,,Y,A,-,N,,,,,,,,,,N,2,0,1,2,A,-,09,21801,A,N,E,G,A,B,H,-,A,A,0,,Y,,,Y,,A,01,1,0,0,0,0,0,1,0,0,"- ","- ",37.772830963134766,-122.44078826904297,"SAN FRANCISCO","SAN FRANCISCO",-122.44075775146484,37.772701263427734
9751147,2024,2024-12-13,3801,2024-11-01,1903,158,NORTH,5,5,7,3801,0,0,0,,0,3E14D,"SCOTT ST","SACRAMENTO ST",0.00,,Y,A,-,N,,,,,,,,,,N,4,0,1,2,A,-,10,21950,A,N,G,B,B,A,H,-,C,A,0,Y,,,,Y,,A,01,0,0,1,0,1,0,0,0,0,"- ","- ",,,"SAN FRANCISCO","SAN FRANCISCO",-122.43895721435547,37.789199829101562
9751148,2024,2024-12-13,3801,2024-11-04,1033,1438,INGLE,1,5,7,3801,0,0,0,,0,4CAR,"PERSIA AV","MISSION ST",0.00,,Y,A,-,N,,,,,,,,,,N,4,0,1,2,A,-,10,21950,A,N,A,A,B,A,H,-,A,A,0,Y,,,,Y,,A,01,0,0,1,0,1,0,0,0,0,"- ","- ",,,"SAN FRANCISCO","SAN FRANCISCO",-122.43596649169922,37.723140716552734
9751149,2024,2024-12-13,3801,2024-11-03,2022,AIELLO,MISSI,7,5,7,3801,0,0,0,,0,1CAR,"DOLORES ST","16TH ST",0.00,,Y,A,-,N,,,,,,,,,,N,4,0,1,2,A,-,09,21801,A,N,D,C,A,A,H,-,C,A,0,,,,,Y,,B,01,0,0,1,0,0,0,0,0,0,"- ","- ",,,"SAN FRANCISCO","SAN FRANCISCO",-122.42644500732422,37.764640808105469
9751150,2024,2024-12-13,3801,2024-11-03,1230,826,INGLE,7,5,7,3801,0,0,0,,0,,"OCEAN AV","SAN JOSE AV",0.00,,Y,A,-,N,,,,,,,,,,N,2,0,1,2,A,-,08,22107,,N,G,B,D,A,H,-,A,A,0,Y,,,,Y,,A,01,1,0,0,0,1,0,0,0,0,"- ","- ",,,"SAN FRANCISCO","SAN FRANCISCO",-122.44480895996094,37.722934722900391
9751151,2024,2024-12-13,3801,2024-11-02,"400 ",1352,MISSI,6,5,7,3801,0,0,0,,0,3D14C,"15TH ST","JULIAN AV",0.00,,Y,F,-,N,,,,,,,,,,N,4,0,1,2,A,-,05,21650,1,F,-,-,A,A,H,-,C,A,0,,Y,,,Y,,L,04,0,0,1,0,0,0,1,0,0,"- ","- ",,,"SAN FRANCISCO","SAN FRANCISCO",-122.4210205078125,37.766609191894531
9751152,2024,2024-12-13,3801,2024-11-02,"25  ",230,SOUTH,6,5,7,3801,0,0,0,,0,3B90,"NATOMA ST","7TH ST",2.00,W,N,C,-,N,,,,,,,,,,N,4,0,1,2,A,-,17,21657,,N,A,G,A,B,H,-,C,A,0,,Y,,,Y,,L,04,0,0,1,0,0,0,1,0,0,"- ","- ",,,"SAN FRANCISCO","SAN FRANCISCO",-122.40990447998047,37.778396606445312
9751153,2024,2024-12-13,3801,2024-11-01,"709 ",826,INGLE,5,5,7,3801,0,0,0,,0,0H5,"GENEVA AV","PRAGUE ST",0.00,,Y,B,-,N,,,,,,,,,,N,3,0,1,2,A,-,10,21950,A,N,G,B,B,A,H,-,B,A,0,Y,,,,Y,,A,01,0,1,0,0,1,0,0,0,0,"- ","- ",,,"SAN FRANCISCO","SAN FRANCISCO",-122.43196105957031,37.712779998779297
9751154,2024,2024-12-13,3801,2024-11-06,2317,2722,CENTR,3,5,7,3801,0,0,0,,0,3A60,BROADWAY,"POWELL ST",119.00,E,N,A,-,N,,,,,,,,,,Y,4,0,2,2,A,-,03,22350,,N,C,C,A,A,H,-,C,A,0,,,,,Y,,A,01,0,0,2,0,0,0,0,0,0,"- ","- ",,,"SAN FRANCISCO","SAN FRANCISCO",-122.40984344482422,37.797492980957031
9751155,2024,2024-12-13,3801,2024-11-06,1805,2473,BAYVI,3,5,7,3801,0,0,0,,0,,"BAY SHORE BL","CORTLAND AV",500.00,N,N,A,-,N,,,,,,,,,,Y,4,0,3,2,A,-,04,21703,,N,C,C,A,A,H,-,C,D,0,,,,,Y,,A,01,0,0,3,0,0,0,0,0,0,"- ","- ",,,"SAN FRANCISCO","SAN FRANCISCO",-122.40673828125,37.740932464599609
9751156,2024,2024-12-13,3801,2024-11-06,1609,2419,RICHM,3,5,7,3801,0,0,0,,0,908,"BLUE HERON LAKE DR","JOHN F KENNEDY DR",192.00,S,N,A,-,N,,,,,,,,,,N,4,0,1,1,A,-,03,22350,,N,F,A,A,A,H,-,A,D,0,,Y,,,Y,Y,L,04,0,0,1,0,0,0,1,0,0,"- ","- ",,,"SAN FRANCISCO","SAN FRANCISCO",,
9751157,2024,2024-12-13,3801,2024-11-03,2052,1920,BAYVI,7,5,7,3801,0,0,0,,0,3C12E,"OAKDALE AV","3RD ST",68.00,W,N,A,-,N,,,,,,,,,,Y,2,0,1,4,A,-,03,22350,,F,G,B,E,A,H,-,C,D,0,Y,,,,Y,,B,01,1,0,0,0,1,0,0,0,0,"- ","- ",,,"SAN FRANCISCO","SAN FRANCISCO",-122.39096069335938,37.734939575195312
9751158,2024,2024-12-13,3801,2024-11-02,1544,246,TARAV,6,5,7,3801,0,0,0,,0,5CAR,"SLOAT BL","SKYLINE BL",0.00,,Y,A,-,N,,,,,,,,,,Y,4,0,3,3,A,-,01,23152,A,N,D,C,A,A,H,-,A,A,0,,,,,Y,Y,A,01,0,0,3,0,0,0,0,0,0,"- ","- ",,,"SAN FRANCISCO","SAN FRANCISCO",-122.49598693847656,37.733707427978516
9751159,2024,2024-12-13,3801,2024-11-02,1202,618,TARAV,6,5,7,3801,0,0,0,,0,3I11A,"15TH AV","TARAVAL ST",0.00,,Y,A,-,N,,,,,,,,,,N,4,0,1,2,A,-,11,21954,A,N,G,B,D,A,H,-,A,D,0,Y,,,,Y,,N,60,0,0,1,0,1,0,0,0,0,"- ","- ",,,"SAN FRANCISCO","SAN FRANCISCO",-122.47135925292969,37.743236541748047
9751160,2024,2024-12-13,3801,2024-11-01,2310,2330,TARAV,5,5,7,3801,0,0,0,,0,3I11E,"LINCOLN WY","16TH AV",0.00,,Y,A,-,N,,,,,,,,,,N,3,0,1,3,A,-,09,21801,,N,B,C,A,B,H,-,C,A,0,,,,,Y,,A,01,0,1,0,0,0,0,0,0,0,"- ","- ",,,"SAN FRANCISCO","SAN FRANCISCO",-122.47406768798828,37.765594482421875
9751161,2024,2024-12-13,3801,2024-11-01,"648 ",226,BAYVI,5,5,7,3801,0,0,0,,0,3C13A,"3RD ST","MCKINNON AV",0.00,,Y,A,-,N,,,,,,,,,,N,4,0,2,2,A,-,12,21453,A,N,B,C,A,A,H,-,B,A,0,,,,,Y,,A,01,0,0,2,0,0,0,0,0,0,"- ","- ",,,"SAN FRANCISCO","SAN FRANCISCO",-122.39020538330078,37.736423492431641
9751162,2024,2024-12-13,3801,2024-11-01,"305 ",2237,TARAV,5,5,7,3801,0,0,0,,0,001,"19TH AV","HOLLOWAY AV",0.00,,Y,A,-,N,,,,,,,,,,N,3,0,1,2,A,-,10,21950,,F,G,B,B,A,H,-,C,A,0,Y,,,,Y,Y,-,,0,1,0,0,1,0,0,0,0,"- ","- ",,,"SAN FRANCISCO","SAN FRANCISCO",-122.47537231445312,37.720954895019531
9751163,2024,2024-12-13,3801,2024-11-16,1710,2706,MISSI,6,5,7,3801,0,0,0,,0,3D16D,"VALENCIA ST","SPARROW ST",0.00,,Y,-,-,N,,,,,,,,,,N,4,0,2,2,A,-,07,21658,,N,B,G,A,A,H,-,B,-,0,,Y,,,Y,Y,A,01,0,0,2,0,0,0,2,0,0,"- ","- ",,,"SAN FRANCISCO","SAN FRANCISCO",-122.42195129394531,37.765727996826172
9751164,2024,2024-12-13,3801,2024-11-16,1330,2310,BAYVI,6,5,7,3801,0,0,0,,0,3C13A,"PALOU AV","KEITH ST",0.00,,Y,A,-,N,,,,,,,,,,N,4,0,2,2,A,-,12,22450,A,N,D,C,A,A,H,-,A,A,0,,,,,Y,,A,01,0,0,2,0,0,0,0,0,0,"- ","- ",,,"SAN FRANCISCO","SAN FRANCISCO",-122.38714599609375,37.731868743896484
9751165,2024,2024-12-13,3801,2024-11-16,"452 ",1688,BAYVI,6,5,7,3801,0,0,0,,0,JC15E,"CARROLL AV","INGALLS ST",500.00,E,N,A,-,N,,,,,,,,,,Y,4,0,2,2,A,-,03,22350,,N,A,E,A,A,H,-,C,D,0,,,,,Y,,A,01,0,0,2,0,0,0,0,0,0,"- ","- ",,,"SAN FRANCISCO","SAN FRANCISCO",-122.38821411132812,37.722068786621094
9751166,2024,2024-12-13,3801,2024-11-16,"103 ",4039,CENTR,6,5,7,3801,0,0,0,,0,3A3,"BROADWAY TUNNEL","LARKIN ST",0.00,E,N,A,-,N,,,,,,,,,,Y,2,0,1,1,D,-,00,,,N,H,-,A,A,H,-,C,D,0,,,Y,,Y,,-,"- ",1,0,0,0,0,0,0,0,1,"- ","- ",,,"SAN FRANCISCO","SAN FRANCISCO",-122.42012023925781,37.796077728271484
9751167,2024,2024-12-13,3801,2024-11-15,1923,2471,CENTR,5,5,7,3801,0,0,0,,0,3A13D,"PACIFIC AV","MASON ST",0.00,,Y,A,-,N,,,,,,,,,,Y,3,0,2,2,A,-,09,21801,A,N,A,C,A,A,H,-,C,A,0,,,,,Y,,A,01,0,1,1,0,0,0,0,0,0,"- ","- ",,,"SAN FRANCISCO","SAN FRANCISCO",-122.41171264648438,37.796310424804688
9751168,2024,2024-12-13,3801,2024-11-15,1825,1857,SOUTH,5,5,7,3801,0,0,0,,0,002,"5TH ST","SHIPLEY ST",0.00,,Y,A,-,N,,,,,,,,,,Y,3,0,1,2,A,-,09,21804,A,N,D,D,A,A,H,-,C,D,0,,,,,Y,,A,01,0,1,0,0,0,0,0,0,0,"- ","- ",,,"SAN FRANCISCO","SAN FRANCISCO",-122.40283966064453,37.779823303222656
9751169,2024,2024-12-13,3801,2024-11-15,1535,326,TARAV,5,5,7,3801,0,0,0,,0,3115D,"MERCEDES WY","LUNADO WY",0.00,,Y,A,-,N,,,,,,,,,,N,4,0,1,2,A,-,09,21801,,N,D,G,A,A,H,-,A,D,0,,Y,,,Y,,A,01,0,0,1,0,0,0,1,0,0,"- ","- ",,,"SAN FRANCISCO","SAN FRANCISCO",-122.47113800048828,37.726795196533203
9751170,2024,2025-07-24,3801,2024-11-15,1509,1057,SOUTH,5,5,7,3801,0,0,0,,0,3B13D,"MISSION ST","ANGELOS ALLEY",0.00,,Y,A,-,N,,,,,,,,,,Y,4,0,2,2,A,-,05,21460,A,N,B,C,A,A,H,-,A,A,0,,,Y,,Y,,A,01,0,0,2,0,0,0,0,0,1,"- ","- ",,,"SAN FRANCISCO","SAN FRANCISCO",-122.41226959228516,37.778156280517578
9751171,2024,2024-12-13,3801,2024-11-15,2500,1066,NORTH,5,5,7,3801,0,0,0,,0,3E2,"DIVISADERO ST","GROVE ST",0.00,,Y,A,-,N,,,,,,,,,,N,3,0,1,2,A,-,08,22107,,F,B,C,A,A,H,-,A,A,0,,Y,,,Y,,A,01,0,1,0,0,0,0,1,0,0,"- ","- ",,,"SAN FRANCISCO","SAN FRANCISCO",-122.43798065185547,37.775932312011719
9751172,2024,2024-12-13,3801,2024-11-15,1300,891,SOUTH,5,5,7,3801,0,0,0,,0,,"BEALE ST","BEALE ST 400",0.00,,N,A,-,N,,,,,,,,,,N,4,0,1,2,A,-,00,20001,A,F,D,G,A,A,H,-,A,D,0,,Y,,,Y,,B,01,0,0,1,0,0,0,1,0,0,"- ","- ",,,"SAN FRANCISCO","SAN FRANCISCO",-122.390936,37.787253
9751173,2024,2024-12-13,3801,2024-11-15,1139,1669,TENDE,5,5,7,3801,0,0,0,,0,3J11A,"10TH ST","MARKET ST",50.00,S,N,A,-,N,,,,,,,,,,N,4,0,1,2,A,-,03,22350,,N,C,C,A,A,H,-,A,D,0,,,Y,,Y,,C,02,0,0,1,0,0,0,0,0,1,"- ","- ",,,"SAN FRANCISCO","SAN FRANCISCO",-122.41741180419922,37.776432037353516
9751174,2024,2024-12-13,3801,2024-11-15,"854 ",2240,MISSI,5,5,7,3801,0,0,0,,0,3D14A,"20TH ST","LEXINGTON ST",0.00,,Y,A,-,N,,,,,,,,,,N,4,0,1,2,A,-,17,22517,,N,G,G,A,A,H,-,A,D,0,,Y,Y,,Y,,C,06,0,0,1,0,0,0,1,0,0,"- ","- ",,,"SAN FRANCISCO","SAN FRANCISCO",-122.42048645019531,37.758537292480469
9751175,2024,2024-12-13,3801,2024-11-12,1150,380,CENTR,2,5,7,3801,0,0,0,,0,,"VAN NESS AV","NORTH POINT DR",60.00,S,N,A,-,N,,,,,,,,,,N,4,0,1,2,A,-,00,21954,G,F,B,B,E,A,H,-,A,D,0,Y,,,,Y,,N,60,0,0,1,0,1,0,0,0,0,"- ","- ",,,"SAN FRANCISCO","SAN FRANCISCO",-122.42531585693359,37.804897308349609
9751176,2024,2024-12-13,3801,2024-11-18,1614,2390,PARK,1,5,7,3801,0,0,0,,0,3F60,"17TH ST","TEMPLE ST",108.00,E,N,A,-,N,,,,,,,,,,N,3,0,1,2,A,-,09,21804,A,N,D,G,A,A,H,-,A,D,0,,Y,,,Y,,A,01,0,1,0,0,0,0,1,0,0,"- ","- ",,,"SAN FRANCISCO","SAN FRANCISCO",-122.44297027587891,37.76202392578125
9751177,2024,2024-12-13,3801,2024-11-18,"833 ",1759,SOUTH,1,5,7,3801,0,0,0,,0,002,"5TH ST","BRANNAN ST",96.00,S,N,A,-,N,,,,,,,,,,N,2,0,1,1,A,-,03,22350,,N,E,I,A,A,H,-,A,A,0,,,,,Y,,-,,1,0,0,0,0,0,0,0,0,"- ","- ",,,"SAN FRANCISCO","SAN FRANCISCO",-122.39852905273438,37.776382446289062
9751178,2024,2024-12-13,3801,2024-11-17,1613,A25730,CENTR,7,5,7,3801,0,0,0,,0,3A13D,"LOMBARD ST","MASON ST",130.00,E,N,A,-,N,,,,,,,,,,N,4,0,1,2,A,-,05,21650,1,N,C,G,A,A,H,-,A,D,0,,Y,,,Y,,L,04,0,0,1,0,0,0,1,0,0,"- ","- ",,,"SAN FRANCISCO","SAN FRANCISCO",-122.41256713867188,37.802875518798828
9751179,2024,2024-12-13,3801,2024-11-19,1632,2168,MISSI,2,5,7,3801,0,0,0,,0,3D11D,"VALENCIA ST","ROSA PARKS LN",0.00,,Y,A,-,N,,,,,,,,,,N,4,0,1,1,A,-,04,21703,,N,H,A,A,A,H,-,B,D,0,,,Y,,Y,,O,05,0,0,1,0,0,0,0,0,1,"- ","- ",,,"SAN FRANCISCO","SAN FRANCISCO",-122.42211151123047,37.767448425292969
9751180,2024,2024-12-13,3801,2024-11-18,1840,1251,BAYVI,1,5,7,3801,0,0,0,,0,3C12D,"BAY SHORE BL","MARIN ST",24.00,W,N,A,-,N,,,,,,,,,,N,4,0,2,2,A,-,08,22107,,N,B,J,A,A,H,-,C,D,0,,,Y,,Y,,C,03,0,0,2,0,0,0,0,0,2,"- ","- ",,,"SAN FRANCISCO","SAN FRANCISCO",-122.40351867675781,37.748119354248047
9751181,2024,2024-12-13,3801,2024-11-17,1123,1926,NORTH,7,5,7,3801,0,0,0,,0,3E11A,"WEBSTER ST","HAYES ST",0.00,,Y,A,-,N,,,,,,,,,,Y,4,0,1,2,A,-,05,21752,,N,D,C,A,A,H,-,A,A,0,,,Y,,Y,,C,02,0,0,1,0,0,0,0,0,1,"- ","- ",,,"SAN FRANCISCO","SAN FRANCISCO",-122.42953491210938,37.776042938232422
9751182,2024,2024-12-13,3801,2024-11-16,2115,1357,NORTH,6,5,7,3801,0,0,0,,0,3E14E,"GOUGH ST","FULTON ST",30.00,S,N,A,-,N,,,,,,,,,,Y,3,0,4,4,A,-,04,21703,,N,C,C,A,A,H,-,C,A,0,,,,,Y,,A,01,0,1,3,0,0,0,0,0,0,"- ","- ",,,"SAN FRANCISCO","SAN FRANCISCO",-122.42333221435547,37.778667449951172
9751183,2024,2024-12-13,3801,2024-11-15,1423,276,NORTH,5,5,7,3801,0,0,0,,0,3E12D,"POLK ST","GOLDEN GATE AV",42.00,N,N,A,-,N,,,,,,,,,,,3,0,1,2,A,-,06,21758,,N,B,C,A,A,H,-,A,D,0,,,Y,,Y,,C,02,0,1,0,0,0,0,0,0,1,"- ","- ",,,"SAN FRANCISCO","SAN FRANCISCO",-122.4188232421875,37.781341552734375
9751184,2024,2024-12-13,3801,2024-11-12,1824,A23187,CENTR,2,5,7,3801,0,0,0,,0,CENTRA,"PINE ST","KEARNY ST",100.00,E,N,A,-,N,,,,,,,,,,N,4,0,1,2,A,-,08,22107,,N,B,-,A,A,H,-,C,D,0,,,,,Y,,A,01,0,0,1,0,0,0,0,0,0,"- ","- ",,,"SAN FRANCISCO","SAN FRANCISCO",-122.40386962890625,37.791744232177734
9751185,2024,2025-07-24,3801,2024-11-12,1139,2008,MISSI,2,5,7,3801,0,0,0,,0,3D13A,"FOLSOM ST","21ST ST",0.00,,Y,A,-,N,,,,,,,,,,Y,3,0,1,2,A,-,12,21453,A,N,D,-,A,A,H,-,A,A,0,,,,,Y,,A,01,0,1,0,0,0,0,0,0,0,"- ","- ",,,"SAN FRANCISCO","SAN FRANCISCO",-122.41452026367188,37.757305145263672
9751186,2024,2024-12-17,3801,2024-11-12,"640 ",2144,PARK,2,5,7,3801,0,0,0,,0,3F13A,"STANYAN ST","OAK ST",0.00,,Y,A,-,N,,,,,,,,,,N,3,0,1,2,A,-,10,21950,A,N,D,B,B,A,H,-,C,A,0,Y,,Y,,Y,Y,C,06,0,1,0,0,1,0,0,0,0,"- ","- ",,,"SAN FRANCISCO","SAN FRANCISCO",-122.45395660400391,37.771354675292969
9751187,2024,2024-12-13,3801,2024-11-11,1950,2192,MISSI,1,5,7,3801,0,0,0,,0,3D13D,"S VAN NESS AV","21ST ST",82.00,N,N,A,-,N,,,,,,,,,,Y,4,0,1,2,A,-,04,21703,,N,C,C,A,A,H,-,C,A,0,,,,,Y,,A,01,0,0,1,0,0,0,0,0,0,"- ","- ",,,"SAN FRANCISCO","SAN FRANCISCO",-122.41677093505859,37.75738525390625
9751188,2024,2024-12-13,3801,2024-11-10,"518 ",788,SOUTH,7,5,7,3801,0,0,0,,0,3B14A,"3RD ST","FOLSOM ST",0.00,,Y,A,-,N,,,,,,,,,,N,4,0,1,2,A,-,12,21453,A,F,D,C,A,A,H,-,C,A,0,,,,,Y,,A,01,0,0,1,0,0,0,0,0,0,"- ","- ",,,"SAN FRANCISCO","SAN FRANCISCO",-122.39896392822266,37.783782958984375
9751189,2024,2024-12-13,3801,2024-11-09,2046,1718,BAYVI,6,5,7,3801,0,0,0,,0,3C15D,"QUESADA AV","JENNINGS ST",325.00,W,N,A,-,N,,,,,,,,,,N,4,0,1,2,A,-,06,21750,A,N,D,G,A,A,H,-,C,D,0,,Y,,,Y,,L,04,0,0,1,0,0,0,1,0,0,"- ","- ",,,"SAN FRANCISCO","SAN FRANCISCO",-122.38677215576172,37.730690002441406
9751190,2024,2024-12-13,3801,2024-11-09,1855,2228,CENTR,6,5,7,3801,0,0,0,,0,3A13D,"MASON ST","SUTTER ST",0.00,,Y,A,-,N,,,,,,,,,,N,3,0,1,2,A,-,12,21453,A,N,B,-,A,A,H,-,C,A,0,,,,,Y,,M,95,0,1,0,0,0,0,0,0,0,"- ","- ",,,"SAN FRANCISCO","SAN FRANCISCO",-122.41021728515625,37.789009094238281
9751191,2024,2024-12-13,3801,2024-11-14,1619,1857,SOUTH,4,5,7,3801,0,0,0,,0,005,"TERRY A FRANCOIS BL","MISSION ROCK ST",306.00,N,N,A,-,N,,,,,,,,,,N,3,0,1,1,A,-,"- ",,,N,H,A,A,A,H,-,A,D,0,,Y,,,Y,,L,04,0,1,0,0,0,0,1,0,0,"- ","- ",,,"SAN FRANCISCO","SAN FRANCISCO",-122.38734436035156,37.77392578125
9751192,2024,2024-12-13,3801,2024-11-11,1134,1540,TARAV,1,5,7,3801,0,0,0,,0,3I11A,"17TH AV","LINCOLN WY",1.00,S,N,B,-,N,,,,,,,,,,N,4,0,1,2,A,-,05,21650,,N,D,J,A,B,H,-,A,A,0,,Y,,,Y,,L,04,0,0,1,0,0,0,1,0,0,"- ","- ",,,"SAN FRANCISCO","SAN FRANCISCO",-122.47512054443359,37.765537261962891
9751193,2024,2024-12-13,3801,2024-11-12,2113,2157,RICHM,2,5,7,3801,0,0,0,,0,003,"FULTON ST","10TH AV",1.00,E,N,A,-,N,,,,,,,,,,N,3,0,1,2,A,-,03,22350,,N,C,G,A,-,H,-,C,A,0,,Y,,,Y,,A,01,0,1,0,0,0,0,0,0,0,"- ","- ",,,"SAN FRANCISCO","SAN FRANCISCO",-122.46803283691406,37.773288726806641