CASE_ID,ACCIDENT_YEAR,PROC_DATE,JURIS,COLLISION_DATE,COLLISION_TIME,OFFICER_ID,REPORTING_DISTRICT,DAY_OF_WEEK,CHP_SHIFT,POPULATION,CNTY_CITY_LOC,SPECIAL_COND,BEAT_TYPE,CHP_BEAT_TYPE,CITY_DIVISION_LAPD,CHP_BEAT_CLASS,BEAT_NUMBER,PRIMARY_RD,SECONDARY_RD,DISTANCE,DIRECTION,INTERSECTION,WEATHER_1,WEATHER_2,STATE_HWY_IND,CALTRANS_COUNTY,CALTRANS_DISTRICT,STATE_ROUTE,ROUTE_SUFFIX,POSTMILE_PREFIX,POSTMILE,LOCATION_TYPE,RAMP_INTERSECTION,SIDE_OF_HWY,TOW_AWAY,COLLISION_SEVERITY,NUMBER_KILLED,NUMBER_INJURED,PARTY_COUNT,PRIMARY_COLL_FACTOR,PCF_CODE_OF_VIOL,PCF_VIOL_CATEGORY,PCF_VIOLATION,PCF_VIOL_SUBSECTION,HIT_AND_RUN,TYPE_OF_COLLISION,MVIW,PED_ACTION,ROAD_SURFACE,ROAD_COND_1,ROAD_COND_2,LIGHTING,CONTROL_DEVICE,CHP_ROAD_TYPE,PEDESTRIAN_ACCIDENT,BICYCLE_ACCIDENT,MOTORCYCLE_ACCIDENT,TRUCK_ACCIDENT,NOT_PRIVATE_PROPERTY,ALCOHOL_INVOLVED,STWD_VEHTYPE_AT_FAULT,CHP_VEHTYPE_AT_FAULT,COUNT_SEVERE_INJ,COUNT_VISIBLE_INJ,COUNT_COMPLAINT_PAIN,COUNT_PED_KILLED,COUNT_PED_INJURED,COUNT_BICYCLIST_KILLED,COUNT_BICYCLIST_INJURED,COUNT_MC_KILLED,COUNT_MC_INJURED,PRIMARY_RAMP,SECONDARY_RAMP,LATITUDE,LONGITUDE,COUNTY,CITY,POINT_X,POINT_Y
9751194,2024,2024-12-13,3801,2024-11-01,1813,933,INGLE,5,5,7,3801,0,0,0,,0,0H1,"MISSION ST","VIRGINIA AV",0.00,,Y,A,-,N,,,,,,,,,,N,3,0,1,2,A,-,09,21801,A,N,-,C,A,A,H,-,C,A,0,,,Y,,Y,,A,01,0,1,0,0,0,0,0,0,1,"- ","- ",,,"SAN FRANCISCO","SAN FRANCISCO",-122.42150115966797,37.743148803710938
9751195,2024,2024-12-13,3801,2024-11-07,1816,1358,SOUTH,4,5,7,3801,0,0,0,,0,004,"12TH ST","VAN NESS AV",0.00,,Y,A,-,N,,,,,,,,,,N,3,0,1,2,A,-,11,21954,A,N,G,B,E,A,H,-,C,D,0,Y,,,,Y,,N,60,0,1,0,0,1,0,0,0,0,"- ","- ",,,"SAN FRANCISCO","SAN FRANCISCO",-122.41876983642578,37.773540496826172
9751196,2024,2024-12-13,3801,2024-11-14,1330,282,TARAV,4,5,7,3801,0,0,0,,0,315A,"BROTHERHOOD WY","CHURCH PARKING LOT",0.00,,Y,A,-,N,,,,,,,,,,Y,4,0,1,2,A,-,04,21703,,F,C,C,A,A,H,-,A,A,0,,,,,Y,,-,,0,0,1,0,0,0,0,0,0,"- ","- ",,,"SAN FRANCISCO","SAN FRANCISCO",,
9751197,2024,2024-12-13,3801,2024-11-14,2500,1394,MISSI,4,5,7,3801,0,0,0,,0,005,"14TH ST","STEVENSON ST",0.00,,Y,A,-,N,,,,,,,,,,N,4,0,1,2,A,-,06,21755,A,N,C,C,A,A,H,-,A,D,0,,,,,Y,,A,01,0,0,1,0,0,0,0,0,0,"- ","- ",,,"SAN FRANCISCO","SAN FRANCISCO",-122.42137145996094,37.768203735351562
9751198,2024,2024-12-13,3801,2024-11-13,1647,1523,NORTH,3,5,7,3801,0,0,0,,0,4CAR,"BUSH ST","WEBSTER ST",0.00,,Y,A,-,N,,,,,,,,,,Y,4,0,1,2,A,-,12,21453,A,N,D,C,A,A,H,-,A,A,0,,,,,Y,,A,07,0,0,1,0,0,0,0,0,0,"- ","- ",,,"SAN FRANCISCO","SAN FRANCISCO",-122.43186187744141,37.787220001220703
9751199,2024,2024-12-13,3801,2024-11-12,2000,255,INGLE,2,5,7,3801,0,0,0,,0,3H11D,"CHURCH ST","CESAR CHAVEZ ST",0.00,,Y,A,-,N,,,,,,,,,,Y,2,0,1,3,A,-,12,22450,A,N,D,C,A,A,H,-,C,A,0,,,Y,,Y,,C,03,1,0,0,0,0,0,0,0,1,"- ","- ",,,"SAN FRANCISCO","SAN FRANCISCO",-122.42704010009766,37.747737884521484
9751200,2024,2024-12-26,3801,2024-11-12,1757,2748,INGLE,2,5,7,3801,0,0,0,,0,3H15D,"GENEVA AV","RT 280",0.00,,Y,A,-,Y,SF,4,280,-,R,1.557,R,3,S,N,3,0,1,2,A,-,10,21950,,N,G,B,B,A,H,-,C,A,0,Y,,,,Y,,A,01,0,1,0,0,1,0,0,0,0,"- ",SO,,,"SAN FRANCISCO","SAN FRANCISCO",-122.44840240478516,37.719928741455078
9751201,2024,2024-12-16,3801,2024-11-12,1415,424,NORTH,2,5,7,3801,0,0,0,,0,3E12A,"FULTON ST","FILLMORE ST",0.00,,Y,A,-,N,,,,,,,,,,,2,0,1,1,C,-,18,,,N,F,-,A,A,D,-,A,A,0,,Y,,,Y,,-,"- ",1,0,0,0,0,0,1,0,0,"- ","- ",,,"SAN FRANCISCO","SAN FRANCISCO",-122.43155670166016,37.777690887451172
9751202,2024,2024-12-16,3801,2024-11-12,"236 ",4222,INGLE,2,5,7,3801,0,0,0,,0,3H11E,"MISSION ST","29TH ST",0.00,,Y,A,-,N,,,,,,,,,,Y,4,0,1,2,A,-,07,21658,A,F,B,C,A,A,H,-,C,A,0,,,Y,,Y,,A,01,0,0,1,0,0,0,0,0,1,"- ","- ",,,"SAN FRANCISCO","SAN FRANCISCO",-122.42092132568359,37.744083404541016
9751203,2024,2024-12-16,3801,2024-11-11,"535 ",4305,NORTH,1,5,7,3801,0,0,0,,0,,"LOMBARD ST","FRANKLIN ST",0.00,,Y,C,-,N,,,,,,,,,,N,4,0,1,2,A,-,08,22107,,F,B,C,A,B,H,-,C,-,0,,,,,Y,,A,01,0,0,1,0,0,0,0,0,0,"- ","- ",,,"SAN FRANCISCO","SAN FRANCISCO",-122.42620086669922,37.801105499267578
9751204,2024,2024-12-16,3801,2024-11-10,1238,1533,NORTH,7,5,7,3801,0,0,0,,0,3E14C,"WEBSTER ST","GOLDEN GATE AV",5.00,S,N,A,-,N,,,,,,,,,,N,4,0,1,2,A,-,08,22107,,F,B,G,A,A,H,-,A,A,0,,Y,,,Y,,A,01,0,0,1,0,0,0,1,0,0,"- ","- ",,,"SAN FRANCISCO","SAN FRANCISCO",-122.4302978515625,37.779747009277344
9751205,2024,2024-12-16,3801,2024-11-08,1040,4276,NORTH,5,5,7,3801,0,0,0,,0,3E15A,"VALLEJO ST","WEBSTER ST",0.00,,Y,A,-,N,,,,,,,,,,,4,0,1,2,D,-,00,,,N,D,C,A,A,H,-,A,A,0,,,,,Y,,-,"- ",0,0,1,0,0,0,0,0,0,"- ","- ",,,"SAN FRANCISCO","SAN FRANCISCO",-122.43344116210938,37.795444488525391
9751206,2024,2025-07-24,3801,2024-11-05,2134,2163,TENDE,2,5,7,3801,0,0,0,,0,3J11E,"MARKET ST","10TH ST",0.00,,N,A,-,N,,,,,,,,,,N,2,0,1,1,A,-,03,22350,,N,H,I,A,A,H,-,C,A,0,,,,,Y,,M,94,1,0,0,0,0,0,0,0,0,"- ","- ",,,"SAN FRANCISCO","SAN FRANCISCO",-122.41753387451172,37.776527404785156
9751207,2024,2024-12-16,3801,2024-11-04,2107,1300,PARK,1,5,7,3801,0,0,0,,0,3F13E,"OAK ST","LYON ST",0.00,,Y,A,-,N,,,,,,,,,,N,2,0,1,1,A,-,03,22350,,N,H,A,A,A,H,-,C,A,0,,Y,,,Y,,L,04,1,0,0,0,0,0,1,0,0,"- ","- ",,,"SAN FRANCISCO","SAN FRANCISCO",-122.44235992431641,37.772495269775391
9751208,2024,2024-12-16,3801,2024-11-04,1910,2395,SOUTH,1,5,7,3801,0,0,0,,0,3B14D,"BRYANT ST","9TH ST",0.00,,Y,A,-,N,,,,,,,,,,Y,4,0,1,2,A,-,08,22107,,N,B,C,A,A,H,-,C,A,0,,,,,Y,,A,01,0,0,1,0,0,0,0,0,0,"- ","- ",37.770999908447266,-122.40799713134766,"SAN FRANCISCO","SAN FRANCISCO",-122.40853118896484,37.771289825439453
9751209,2024,2024-12-16,3801,2024-11-04,"801 ",1759,SOUTH,1,5,7,3801,0,0,0,,0,3B12A,"7TH ST","TOWNSEND ST",210.00,N,N,A,-,N,,,,,,,,,,N,4,0,1,2,A,-,21,22106,,N,G,B,E,A,H,-,A,D,0,Y,,,,Y,,A,01,0,0,1,0,1,0,0,0,0,"- ","- ",,,"SAN FRANCISCO","SAN FRANCISCO",-122.40217590332031,37.772239685058594
9751210,2024,2024-12-16,3801,2024-11-06,2322,2110,NORTH,3,5,7,3801,0,0,0,,0,003,"GEARY ST","LARKIN ST",19.00,W,N,A,-,N,,,,,,,,,,N,4,0,1,2,A,-,04,21703,,N,C,C,A,A,H,-,C,A,0,,,Y,,Y,,A,01,0,0,1,0,0,0,0,0,1,"- ","- ",,,"SAN FRANCISCO","SAN FRANCISCO",-122.41817474365234,37.786102294921875
9751211,2024,2024-12-16,3801,2024-11-06,1750,375,BAYVI,3,5,7,3801,0,0,0,,0,3C15A,"TUNNEL AV","VISITACION AV",60.00,S,N,A,-,N,,,,,,,,,,N,4,0,1,2,A,-,09,21801,A,N,D,G,A,A,H,-,C,D,0,,Y,,,Y,,A,01,0,0,1,0,0,0,1,0,0,"- ","- ",,,"SAN FRANCISCO","SAN FRANCISCO",-122.40132141113281,37.709514617919922
9751212,2024,2024-12-16,3801,2024-11-06,"46  ",2451,TARAV,3,5,7,3801,0,0,0,,0,3I13E,"TARAVAL ST","45TH AV",0.00,,Y,A,-,N,,,,,,,,,,Y,3,0,1,1,A,-,03,22350,,N,F,I,A,A,H,-,C,A,0,,,,,Y,,A,01,0,1,0,0,0,0,0,0,0,"- ","- ",,,"SAN FRANCISCO","SAN FRANCISCO",-122.50354766845703,37.741825103759766
9751213,2024,2024-12-16,3801,2024-11-05,1530,2354,TARAV,2,5,7,3801,0,0,0,,0,6CAR,"RANDOLPH ST","ARCH ST",47.00,W,N,A,-,N,,,,,,,,,,N,2,0,1,2,A,-,17,21461,A,F,G,B,D,A,H,-,A,A,0,Y,,,,Y,,A,01,1,0,0,0,1,0,0,0,0,"- ","- ",,,"SAN FRANCISCO","SAN FRANCISCO",-122.46726226806641,37.714271545410156
9751214,2024,2024-12-16,3801,2024-11-05,"920 ",82,RICHM,2,5,7,3801,0,0,0,,0,3G12D,"LILY ST","OCTAVIA BL",5.00,E,N,A,-,N,,,,,,,,,,N,4,0,1,2,A,-,03,22350,,N,D,G,A,A,H,-,A,D,0,,Y,,,Y,,L,04,0,0,1,0,0,0,1,0,0,"- ","- ",,,"SAN FRANCISCO","SAN FRANCISCO",-122.42420959472656,37.774360656738281
9751215,2024,2024-12-16,3801,2024-11-18,1058,1147,TENDE,1,5,7,3801,0,0,0,,0,3J13D,"LARKIN ST","EDDY ST",20.00,S,N,F,-,N,,,,,,,,,,,4,0,1,2,A,-,17,21235,G,N,G,B,F,-,G,-,A,D,0,Y,,Y,,Y,,C,03,0,0,1,0,1,0,0,0,0,"- ","- ",,,"SAN FRANCISCO","SAN FRANCISCO",-122.41751098632812,37.783245086669922
9751216,2024,2024-12-19,3801,2024-11-20,2029,4020,NORTH,3,5,7,3801,0,0,0,,0,3E13D,"VAN NESS AV","GEARY ST",0.00,,Y,C,-,N,,,,,,,,,,N,4,0,1,2,A,-,10,21950,A,N,G,B,B,B,H,-,C,A,0,Y,,,,Y,,A,01,0,0,1,0,1,0,0,0,0,"- ","- ",,,"SAN FRANCISCO","SAN FRANCISCO",-122.42131805419922,37.785697937011719
9751218,2024,2024-12-18,3801,2024-11-19,1704,2435,BAYVI,2,5,7,3801,0,0,0,,0,1706,"PHELPS ST","INNES AV",0.00,,Y,A,-,N,,,,,,,,,,N,4,0,1,2,A,-,10,21950,A,N,G,B,B,A,H,-,C,D,0,Y,,,,Y,,A,01,0,0,1,0,1,0,0,0,0,"- ","- ",,,"SAN FRANCISCO","SAN FRANCISCO",-122.39068603515625,37.740482330322266
9751219,2024,2024-12-23,3801,2024-11-05,"615 ",1242,CENTR,2,5,7,3801,0,0,0,,0,3A12A,"KEARNY ST","BUSH ST",0.00,,Y,A,-,N,,,,,,,,,,Y,4,0,2,2,A,-,12,21453,A,N,D,C,A,A,H,-,A,A,0,,,,,Y,,A,01,0,0,2,0,0,0,0,0,0,"- ","- ",,,"SAN FRANCISCO","SAN FRANCISCO",-122.40402984619141,37.790767669677734
9751220,2024,2024-12-18,3801,2024-11-21,1114,282,TARAV,4,5,7,3801,0,0,0,,0,315A,"BROTHERHOOD WY","LAKE MERCED BL",0.00,,Y,B,C,N,,,,,,,,,,Y,4,0,1,2,A,-,03,22350,,N,D,C,A,B,H,-,A,D,0,,,,,Y,,A,01,0,0,1,0,0,0,0,0,0,"- ","- ",,,"SAN FRANCISCO","SAN FRANCISCO",-122.48523712158203,37.714717864990234
9751221,2024,2024-12-13,3801,2024-11-23,1911,4124,INGLE,6,5,7,3801,0,0,0,,0,3H11D,"ALEMANY BL","SENECA AV",0.00,,Y,A,-,N,,,,,,,,,,Y,3,0,2,3,A,-,10,21950,A,F,G,B,C,A,H,-,C,A,0,Y,,,,Y,,A,01,0,1,1,0,2,0,0,0,0,"- ","- ",,,"SAN FRANCISCO","SAN FRANCISCO",-122.44136047363281,37.718658447265625
9751222,2024,2024-12-13,3801,2024-11-22,2009,2441,INGLE,5,5,7,3801,0,0,0,,0,3H13D,"MONTEREY BL","FOERSTER ST",0.00,,Y,C,G,N,,,,,,,,,,N,2,0,1,2,A,-,10,21950,A,F,G,B,B,B,H,-,C,A,0,Y,,,,Y,,-,99,1,0,0,0,1,0,0,0,0,"- ","- ",,,"SAN FRANCISCO","SAN FRANCISCO",-122.44886779785156,37.731544494628906
9751223,2024,2024-12-13,3801,2024-11-22,1732,3J13D,TENDE,5,5,7,3801,0,0,0,,0,3J13D,"EDDY ST","LEAVENWORTH ST",0.00,,Y,B,C,N,,,,,,,,,,Y,4,0,1,2,A,-,08,22107,,N,A,C,A,B,-,-,B,A,0,,,Y,,Y,,A,01,0,0,1,0,0,0,0,0,1,"- ","- ",,,"SAN FRANCISCO","SAN FRANCISCO",-122.41423797607422,37.783729553222656
9751224,2024,2024-12-13,3801,2024-11-21,2120,899,NORTH,4,5,7,3801,0,0,0,,0,,"LAGUNA ST","CHESTNUT ST",5.00,N,N,A,-,N,,,,,,,,,,N,4,0,1,2,A,-,10,21950,A,N,A,B,B,B,H,-,C,A,0,Y,,,,Y,,A,01,0,0,1,0,1,0,0,0,0,"- ","- ",,,"SAN FRANCISCO","SAN FRANCISCO",-122.43130493164062,37.80145263671875
9751225,2024,2024-12-13,3801,2024-11-20,1536,1330,INGLE,3,5,7,3801,0,0,0,,0,3H16D,"WILDE AV","BRUSSELS ST",0.00,,Y,B,-,N,,,,,,,,,,N,4,0,1,2,A,-,03,22350,,F,D,-,A,B,H,-,A,A,0,,,,,Y,,A,01,0,0,1,0,0,0,0,0,0,"- ","- ",,,"SAN FRANCISCO","SAN FRANCISCO",-122.40110015869141,37.71630859375
9751226,2024,2024-12-13,3801,2024-11-20,1240,4269,INGLE,3,5,7,3801,0,0,0,,0,3H13A,"MISSION ST","MISSION ST 4621",0.00,,-,B,C,N,,,,,,,,,,N,4,0,1,2,A,-,21,22106,,F,G,B,E,B,H,-,A,D,0,Y,,,,Y,,A,07,0,0,1,0,1,0,0,0,0,"- ","- ",,,"SAN FRANCISCO","SAN FRANCISCO",-122.41979217529297,37.7705078125
9751227,2024,2024-12-12,3801,2024-11-16,"1   ",1438,INGLE,6,5,7,3801,0,0,0,,0,1CAR,"FOLSOM ST","BESSIE ST",0.00,,Y,A,-,N,,,,,,,,,,N,4,0,1,2,A,-,06,21750,A,M,B,C,A,A,H,-,C,A,0,,,,,Y,,-,,0,0,1,0,0,0,0,0,0,"- ","- ",,,"SAN FRANCISCO","SAN FRANCISCO",-122.41355133056641,37.746799468994141
9751228,2024,2024-12-12,3801,2024-11-15,"940 ",1562,INGLE,5,5,7,3801,0,0,0,,0,3H12A,"28TH ST","28TH ST 12",0.00,,-,A,-,N,,,,,,,,,,N,4,0,1,2,A,-,03,22350,,F,B,B,E,A,H,-,A,D,0,Y,,,,Y,,A,07,0,0,1,0,1,0,0,0,0,"- ","- ",,,"SAN FRANCISCO","SAN FRANCISCO",-122.42290800000001,37.745538000000003
9751229,2024,2024-12-12,3801,2024-11-25,2030,1039,MISSI,1,5,7,3801,0,0,0,,0,003,"FOLSOM ST","23RD ST",264.00,N,N,C,-,N,,,,,,,,,,,3,0,2,2,A,-,05,21651,B,N,A,C,A,B,H,-,C,D,0,,,,,Y,,A,01,0,2,0,0,0,0,0,0,0,"- ","- ",,,"SAN FRANCISCO","SAN FRANCISCO",-122.41431427001953,37.754844665527344
9751230,2024,2024-12-12,3801,2024-11-13,2000,2305,TRAFF,3,5,7,3801,0,0,0,,0,4B3F,"MARKET ST","LAGUNA ST",170.00,W,N,A,-,N,,,,,,,,,,N,2,0,1,1,A,-,03,22350,,N,H,J,A,A,G,-,C,A,0,,,Y,,Y,,C,02,1,0,0,0,0,0,0,0,1,"- ","- ",,,"SAN FRANCISCO","SAN FRANCISCO",-122.42517852783203,37.770378112792969
9751231,2024,2024-12-16,3801,2024-11-25,1553,905,PARK,1,5,7,3801,0,0,0,,0,3F1C,"KIRKHAM ST","KIRKHAM ST 95",67.00,E,N,A,-,N,,,,,,,,,,N,4,0,2,1,A,-,"- ",,,N,E,I,A,A,H,-,A,A,0,,,,,Y,,A,01,0,0,2,0,0,0,0,0,0,"- ","- ",,,"SAN FRANCISCO","SAN FRANCISCO",,
9751232,2024,2024-12-12,3801,2024-11-24,1818,2190,CENTR,7,5,7,3801,0,0,0,,0,3A11D,"JONES ST","SUTTER ST",0.00,,Y,A,-,N,,,,,,,,,,N,4,0,1,2,A,-,10,21950,A,N,G,B,B,A,H,-,C,A,0,Y,,,,Y,,A,01,0,0,1,0,1,0,0,0,0,"- ","- ",,,"SAN FRANCISCO","SAN FRANCISCO",-122.41352081298828,37.788597106933594
9751233,2024,2024-12-12,3801,2024-11-24,"845 ",2419,RICHM,7,5,7,3801,0,0,0,,0,908,"FULTON ST","25TH AV",0.00,,Y,A,-,N,,,,,,,,,,Y,3,0,1,2,A,-,12,21453,A,N,D,C,A,A,H,-,A,A,0,,,,,Y,,A,01,0,1,0,0,0,0,0,0,0,"- ","- ",,,"SAN FRANCISCO","SAN FRANCISCO",-122.48418426513672,37.772567749023438
9751234,2024,2024-12-12,3801,2024-11-22,1750,1540,TARAV,5,5,7,3801,0,0,0,,0,,"18TH AV","TARAVAL ST",0.00,,Y,C,-,N,,,,,,,,,,N,3,0,1,2,A,-,10,21950,A,F,-,B,B,B,H,-,B,A,0,Y,,,,Y,Y,A,01,0,1,0,0,1,0,0,0,0,"- ","- ",,,"SAN FRANCISCO","SAN FRANCISCO",-122.47462463378906,37.74310302734375
9751235,2024,2024-12-12,3801,2024-11-22,1904,2473,BAYVI,5,5,7,3801,0,0,0,,0,901,"BRUSSELS ST","FELTON ST",0.00,,Y,C,-,N,,,,,,,,,,Y,4,0,1,2,A,-,12,22450,A,N,D,D,A,B,H,-,C,A,0,,,,,Y,,A,01,0,0,1,0,0,0,0,0,0,"- ","- ",,,"SAN FRANCISCO","SAN FRANCISCO",-122.40657043457031,37.729530334472656
9751236,2024,2024-12-12,3801,2024-11-22,"958 ",1591,PARK,5,5,7,3801,0,0,0,,0,3F13A,"MASONIC AV","ANZA ST",0.00,,Y,C,-,N,,,,,,,,,,Y,4,0,1,2,A,-,09,21801,A,N,D,C,A,B,-,-,A,-,0,,,,,Y,,A,01,0,0,1,0,0,0,0,0,0,"- ","- ",,,"SAN FRANCISCO","SAN FRANCISCO",-122.44754028320312,37.781036376953125
9751237,2024,2024-12-12,3801,2024-11-21,1530,1333,TARAV,4,5,7,3801,0,0,0,,0,3I15D,"18TH AV","VICENTE ST",0.00,,Y,B,C,N,,,,,,,,,,Y,4,0,2,2,A,-,09,21804,B,N,D,C,A,B,H,-,A,D,0,,,,,Y,,A,01,0,0,2,0,0,0,0,0,0,"- ","- ",,,"SAN FRANCISCO","SAN FRANCISCO",-122.47434997558594,37.739356994628906
9751238,2024,2025-07-24,3801,2024-11-20,"910 ",574,MISSI,3,5,7,3801,0,0,0,,0,3D6A,"17TH ST","SAN BRUNO AV",0.00,,Y,C,-,N,,,,,,,,,,Y,4,0,1,2,A,-,09,21800,,N,D,-,A,B,H,-,A,A,0,,,,,Y,,A,07,0,0,1,0,0,0,0,0,0,"- ","- ",,,"SAN FRANCISCO","SAN FRANCISCO",-122.40545654296875,37.764621734619141
9751239,2024,2024-12-12,3801,2024-11-20,"352 ",1902,MISSI,3,5,7,3801,0,0,0,,0,3D16E,"17TH ST","POTRERO AV",135.00,W,N,A,-,N,,,,,,,,,,Y,3,0,1,1,A,-,08,22107,,N,A,I,A,A,H,-,C,A,0,,,,,Y,,A,01,0,1,0,0,0,0,0,0,0,"- ","- ",,,"SAN FRANCISCO","SAN FRANCISCO",-122.40789794921875,37.764461517333984
9751240,2024,2024-12-12,3801,2024-11-17,1405,1994,TRAFF,7,5,7,3801,0,0,0,,0,4B3C,"MARKET ST","SANCHEZ ST",0.00,,Y,B,-,N,,,,,,,,,,N,2,0,2,2,A,-,06,21755,A,N,B,C,A,A,H,-,A,A,0,,,Y,,Y,,C,02,1,0,1,0,0,0,0,0,2,"- ","- ",,,"SAN FRANCISCO","SAN FRANCISCO",-122.43100738525391,37.765979766845703
9751241,2024,2025-01-27,3801,2024-10-25,1705,917,TRAFF,5,5,7,3801,0,0,0,,0,3160,"QUINTARA ST","25TH AV",60.00,W,N,F,-,N,,,,,,,,,,Y,4,0,1,2,C,-,18,,,N,B,C,A,A,H,-,A,D,0,,,,,Y,,-,"- ",0,0,1,0,0,0,0,0,0,"- ","- ",,,"SAN FRANCISCO","SAN FRANCISCO",-122.48273468017578,37.748340606689453
9751242,2024,2025-01-22,3801,2024-10-10,1639,722,INGLE,4,5,7,3801,0,0,0,,0,3H2D,"GUERRERO ST","27TH ST",0.00,,Y,A,-,N,,,,,,,,,,N,4,0,1,2,A,-,08,22107,,N,D,D,A,A,H,-,A,A,0,,,Y,,Y,,A,01,0,0,1,0,0,0,0,0,1,"- ","- ",,,"SAN FRANCISCO","SAN FRANCISCO",-122.42247009277344,37.747169494628906
9751243,2024,2025-01-22,3801,2024-10-30,2029,4020,NORTH,3,5,7,3801,0,0,0,,0,,"FULTON ST","STEINER ST",0.00,,Y,A,-,N,,,,,,,,,,N,4,0,1,2,A,-,08,22107,,N,D,G,A,A,H,-,C,A,0,,Y,,,Y,,A,01,0,0,1,0,0,0,1,0,0,"- ","- ",,,"SAN FRANCISCO","SAN FRANCISCO",-122.43321228027344,37.777492523193359
9751244,2024,2025-01-22,3801,2024-10-26,2045,2366,NORTH,6,5,7,3801,0,0,0,,0,"2 CAR","SUTTER ST","HYDE ST",65.00,E,N,A,B,N,,,,,,,,,,N,4,0,1,2,A,-,07,21658,,N,E,C,A,A,H,-,C,D,0,,,,,Y,,A,01,0,0,1,0,0,0,0,0,0,"- ","- ",,,"SAN FRANCISCO","SAN FRANCISCO",-122.41658782958984,37.7882080078125
9751245,2024,2024-12-17,3801,2024-10-23,1734,438,NORTH,3,5,7,3801,0,0,0,,0,3E12D,"GEARY BL","FILLMORE ST",10.00,W,N,A,-,N,,,,,,,,,,Y,4,0,2,2,A,-,04,21703,,N,C,C,A,A,H,-,A,A,0,,,,,Y,,A,01,0,0,2,0,0,0,0,0,0,"- ","- ",,,"SAN FRANCISCO","SAN FRANCISCO",-122.4329833984375,37.784526824951172
9751246,2024,2024-12-17,3801,2024-10-17,1741,956,BAYVI,4,5,7,3801,0,0,0,,0,3C15D,"TUNNEL AV","LATHROP AV",0.00,,Y,A,-,N,,,,,,,,,,Y,4,0,2,2,A,-,03,22350,,N,D,C,A,A,H,-,A,D,0,,,,,Y,,A,01,0,0,2,0,0,0,0,0,0,"- ","- ",,,"SAN FRANCISCO","SAN FRANCISCO",-122.40106201171875,37.711044311523438
9751247,2024,2025-01-31,3801,2024-10-02,1015,2118,SOUTH,3,5,7,3801,0,0,0,,0,3B12A,"MISSION ST","4TH ST",5.00,W,N,A,-,N,,,,,,,,,,N,3,0,3,3,A,-,13,22515,B,N,C,C,A,A,H,-,A,D,0,,,,,Y,,A,01,0,1,2,0,0,0,0,0,0,"- ","- ",,,"SAN FRANCISCO","SAN FRANCISCO",-122.40427398681641,37.784511566162109
9751248,2024,2025-01-22,3801,2024-10-03,"931 ",1605,NORTH,4,5,7,3801,0,0,0,,0,3E12A,"STEINER ST","FULTON ST",0.00,,Y,A,-,N,,,,,,,,,,Y,4,0,2,2,D,-,00,,,N,A,C,A,A,H,-,A,A,0,,,,,Y,,-,"- ",0,0,2,0,0,0,0,0,0,"- ","- ",,,"SAN FRANCISCO","SAN FRANCISCO",-122.43321228027344,37.777492523193359
9751249,2024,2024-12-17,3801,2024-10-31,2200,2474,BAYVI,4,5,7,3801,0,0,0,,0,901,"NEWCOMB AV","3RD ST",34.00,E,N,A,-,N,,,,,,,,,,N,3,0,1,2,A,-,08,22103,,N,D,G,A,A,H,-,C,D,0,,Y,,,Y,,A,01,0,1,0,0,0,0,1,0,0,"- ","- ",,,"SAN FRANCISCO","SAN FRANCISCO",-122.39039611816406,37.735576629638672
9751250,2024,2025-01-22,3801,2024-10-31,2045,1474,BAYVI,4,5,7,3801,0,0,0,,0,901,"MENDELL ST","HUDSON AV",0.00,,Y,A,-,N,,,,,,,,,,Y,4,0,1,2,A,-,12,22450,A,N,D,C,A,A,H,-,C,A,0,,,,,Y,,A,01,0,0,1,0,0,0,0,0,0,"- ","- ",,,"SAN FRANCISCO","SAN FRANCISCO",-122.38639831542969,37.738971710205078
9751251,2024,2025-01-22,3801,2024-10-31,1840,326,TARAV,4,5,7,3801,0,0,0,,0,3I91E,"LAKE MERCED BL","BROTHERHOOD WY",592.00,N,N,A,-,N,,,,,,,,,,Y,4,0,1,3,A,-,04,21703,,N,C,C,A,A,H,-,B,A,0,,,Y,,Y,,A,01,0,0,1,0,0,0,0,0,1,"- ","- ",,,"SAN FRANCISCO","SAN FRANCISCO",-122.48517608642578,37.716346740722656
9751252,2024,2025-01-22,3801,2024-10-31,1708,1333,TARAV,4,5,7,3801,0,0,0,,0,3I11D,"DEWEY BL","PACHECO ST",310.00,N,N,A,-,N,,,,,,,,,,N,4,0,1,2,A,-,08,22107,,N,D,G,A,A,H,-,A,D,0,,Y,,,Y,,A,01,0,0,1,0,0,0,1,0,0,"- ","- ",,,"SAN FRANCISCO","SAN FRANCISCO",-122.46062469482422,37.74615478515625
9751253,2024,2025-01-22,3801,2024-10-31,1510,2141,TARAV,4,5,7,3801,0,0,0,,0,3I11D,"18TH AV","18TH AV 1579",0.00,,Y,A,-,N,,,,,,,,,,N,4,0,1,4,A,-,05,21650,,N,B,C,A,A,H,-,A,D,0,,,,,Y,,A,07,0,0,1,0,0,0,0,0,0,"- ","- ",,,"SAN FRANCISCO","SAN FRANCISCO",-122.475756,37.758431999999999
9751254,2024,2024-12-17,3801,2024-10-31,"641 ",2240,MISSI,4,5,7,3801,0,0,0,,0,3D15A,"17TH ST","FOLSOM ST",0.00,,Y,A,-,N,,,,,,,,,,N,4,0,1,2,A,-,10,21950,A,N,G,B,B,B,H,-,B,A,0,Y,,Y,,Y,,C,06,0,0,1,0,1,0,0,0,0,"- ","- ",,,"SAN FRANCISCO","SAN FRANCISCO",-122.41515350341797,37.763694763183594