CASE_ID,ACCIDENT_YEAR,PROC_DATE,JURIS,COLLISION_DATE,COLLISION_TIME,OFFICER_ID,REPORTING_DISTRICT,DAY_OF_WEEK,CHP_SHIFT,POPULATION,CNTY_CITY_LOC,SPECIAL_COND,BEAT_TYPE,CHP_BEAT_TYPE,CITY_DIVISION_LAPD,CHP_BEAT_CLASS,BEAT_NUMBER,PRIMARY_RD,SECONDARY_RD,DISTANCE,DIRECTION,INTERSECTION,WEATHER_1,WEATHER_2,STATE_HWY_IND,CALTRANS_COUNTY,CALTRANS_DISTRICT,STATE_ROUTE,ROUTE_SUFFIX,POSTMILE_PREFIX,POSTMILE,LOCATION_TYPE,RAMP_INTERSECTION,SIDE_OF_HWY,TOW_AWAY,COLLISION_SEVERITY,NUMBER_KILLED,NUMBER_INJURED,PARTY_COUNT,PRIMARY_COLL_FACTOR,PCF_CODE_OF_VIOL,PCF_VIOL_CATEGORY,PCF_VIOLATION,PCF_VIOL_SUBSECTION,HIT_AND_RUN,TYPE_OF_COLLISION,MVIW,PED_ACTION,ROAD_SURFACE,ROAD_COND_1,ROAD_COND_2,LIGHTING,CONTROL_DEVICE,CHP_ROAD_TYPE,PEDESTRIAN_ACCIDENT,BICYCLE_ACCIDENT,MOTORCYCLE_ACCIDENT,TRUCK_ACCIDENT,NOT_PRIVATE_PROPERTY,ALCOHOL_INVOLVED,STWD_VEHTYPE_AT_FAULT,CHP_VEHTYPE_AT_FAULT,COUNT_SEVERE_INJ,COUNT_VISIBLE_INJ,COUNT_COMPLAINT_PAIN,COUNT_PED_KILLED,COUNT_PED_INJURED,COUNT_BICYCLIST_KILLED,COUNT_BICYCLIST_INJURED,COUNT_MC_KILLED,COUNT_MC_INJURED,PRIMARY_RAMP,SECONDARY_RAMP,LATITUDE,LONGITUDE,COUNTY,CITY,POINT_X,POINT_Y
9751255,2024,2024-12-17,3801,2024-10-30,1529,10,BAY,3,5,7,3801,0,0,0,,0,0C3,"3RD ST","DAVIDSON AV",0.00,,Y,A,-,N,,,,,,,,,,N,4,0,1,2,A,-,12,21453,A,N,D,C,A,A,H,-,A,A,0,,,,,Y,,A,01,0,0,1,0,0,0,0,0,0,"- ","- ",,,"SAN FRANCISCO","SAN FRANCISCO",-122.38775634765625,37.743507385253906
9751256,2024,2024-12-17,3801,2024-10-29,1816,1316,RICHM,2,5,7,3801,0,0,0,,0,3G15D,"PARK PRESIDIO BL","CALIFORNIA ST",10.00,N,N,A,-,N,,,,,,,,,,N,3,0,1,2,A,-,08,22107,,N,B,C,A,A,H,-,B,A,0,,,Y,,Y,,A,01,0,1,0,0,0,0,0,0,1,"- ","- ",,,"SAN FRANCISCO","SAN FRANCISCO",-122.47260284423828,37.784488677978516
9751257,2024,2025-01-22,3801,2024-10-20,2015,2305,TRAFF,7,5,7,3801,0,0,0,,0,4B3F,"POLK ST","GOLDEN GATE",0.00,,Y,A,-,N,,,,,,,,,,Y,2,0,1,3,C,-,18,,,N,B,E,A,A,H,-,C,A,0,,,,,Y,,-,"- ",1,0,0,0,0,0,0,0,0,"- ","- ",,,"SAN FRANCISCO","SAN FRANCISCO",-122.41880035400391,37.781227111816406
9751259,2024,2024-12-17,3801,2024-10-15,1458,1119,SOUTH,2,5,7,3801,0,0,0,,0,3B2,"BLUXOME ST","4TH ST",0.00,,Y,A,-,N,,,,,,,,,,N,4,0,1,2,A,-,10,21950,A,N,G,B,B,A,H,-,A,D,0,Y,,,,Y,,A,07,0,0,1,0,1,0,0,0,0,"- ","- ",,,"SAN FRANCISCO","SAN FRANCISCO",-122.39578247070312,37.777717590332031
9751260,2024,2024-12-17,3801,2024-10-10,"959 ",1825,SOUTH,4,5,7,3801,0,0,0,,0,3B12A,"HARRISON ST","6TH ST",0.00,,Y,A,-,N,,,,,,,,,,N,4,0,1,2,A,-,17,21461,A,N,D,C,A,A,H,-,A,A,0,,,,,Y,,A,01,0,0,1,0,0,0,0,0,0,"- ","- ",,,"SAN FRANCISCO","SAN FRANCISCO",-122.40408325195312,37.777309417724609
9751273,2024,2024-12-23,3801,2024-10-28,1620,2498,TENDE,1,5,7,3801,0,0,0,,0,3J14D,"EDDY ST","TAYLOR ST",0.00,,Y,A,-,N,,,,,,,,,,N,4,0,1,2,A,-,17,21200,,N,A,G,A,A,H,-,A,D,0,,Y,,,Y,,L,04,0,0,1,0,0,0,1,0,0,"- ","- ",,,"SAN FRANCISCO","SAN FRANCISCO",-122.41094970703125,37.784160614013672
9751345,2024,2025-01-16,3801,2024-09-12,"550 ",262,TRAFF,4,5,7,3801,0,0,0,,0,4B1E,"LOMBARD ST","LAGUNA ST",5.00,E,N,A,-,Y,,,,,,,,,,N,1,1,0,2,A,-,17,21451,A,N,G,B,B,A,H,-,C,A,0,Y,,,,Y,,D,22,0,0,0,1,0,0,0,0,0,"- ","- ",,,"SAN FRANCISCO","SAN FRANCISCO",-122.43109130859375,37.800483703613281
9751353,2024,2025-01-28,3801,2024-03-08,1520,1994,TRAFF,5,5,7,3801,0,0,0,,0,4B3G,"MARTIN LUTHER KING JR DR","MUSIC CONCOURSE DR",11.00,W,N,A,-,N,,,,,,,,,,Y,1,1,0,2,A,-,03,22350,,N,-,I,A,A,H,-,A,D,0,,,Y,,Y,,C,02,0,0,0,0,0,0,0,1,0,"- ","- ",,,"SAN FRANCISCO","SAN FRANCISCO",-122.46840667724609,37.768802642822266
9751354,2024,2025-01-28,3801,2024-03-16,1213,1339,TRAFF,6,5,7,3801,0,0,0,,0,4B2A,"ULLOA ST","WEST PORTAL AV",184.00,W,N,A,-,N,,,,,,,,,,Y,1,4,1,5,A,-,03,22350,,N,E,I,F,A,H,-,A,D,0,Y,,,,Y,,A,07,1,0,0,4,0,0,0,0,0,"- ","- ",,,"SAN FRANCISCO","SAN FRANCISCO",-122.46633911132812,37.741165161132812
9751357,2024,2025-01-28,3801,2024-07-11,"40  ",917,TRAFF,4,5,7,3801,0,0,0,,0,4B2E,"GENEVA AV","CAYUGA AV",124.00,W,N,A,-,N,,,,,,,,,,Y,1,1,0,2,A,-,11,21954,A,N,G,B,E,A,H,-,C,D,0,Y,,,,Y,Y,N,60,0,0,0,1,0,0,0,0,0,"- ","- ",,,"SAN FRANCISCO","SAN FRANCISCO",-122.44397735595703,37.719161987304688
9751359,2024,2025-01-28,3801,2024-09-03,1639,34,TRAFF,2,5,7,3801,0,0,0,,0,4B4A,"POINT LOBOS AV","48TH AV",1137.00,W,N,A,-,N,,,,,,,,,,Y,1,1,1,2,A,-,03,22350,,N,C,E,A,A,H,-,A,D,0,,,,,Y,,A,07,0,0,1,0,0,0,0,0,0,"- ","- ",,,"SAN FRANCISCO","SAN FRANCISCO",-122.51312255859375,37.779037475585938
9751401,2024,2025-02-07,3801,2024-06-30,1648,1994,TRAFF,7,5,7,3801,0,0,0,,0,4B3C,"HARRISON ST","6TH ST",79.00,E,N,A,-,N,,,,,,,,,,Y,1,1,0,2,A,-,11,21954,A,N,G,B,D,A,H,-,A,A,0,Y,,,,Y,Y,N,60,0,0,0,1,0,0,0,0,0,"- ","- ",,,"SAN FRANCISCO","SAN FRANCISCO",-122.40387725830078,37.777454376220703
9751406,2024,2025-01-14,3801,2024-10-02,"57  ",1422,TRAFF,3,5,7,3801,0,0,0,,0,4B2F,"GEARY BL","25TH AV",3.00,W,N,A,-,N,,,,,,,,,,Y,1,1,0,2,A,-,11,21456,A,N,G,B,B,A,H,-,C,A,0,Y,,,,Y,,N,60,0,0,0,1,0,0,0,0,0,"- ","- ",,,"SAN FRANCISCO","SAN FRANCISCO",-122.48474884033203,37.780158996582031
9751423,2024,2024-12-12,3801,2024-09-21,2332,917,TRAFF,6,5,7,3801,0,0,0,,0,4B2E,"LOMBARD ST (US101)","GOUGH ST",8.00,W,N,A,-,Y,SF,4,101,-,-,6.896,I,5,N,N,1,1,0,2,A,-,11,21456,A,F,G,B,B,A,H,-,C,A,0,Y,,,,Y,,N,60,0,0,0,1,0,0,0,0,0,"- ","- ",,,"SAN FRANCISCO","SAN FRANCISCO",-122.4278564453125,37.800952911376953
9751424,2024,2024-12-06,3801,2024-10-06,"111 ",202,TRAFF,7,5,7,3801,0,0,0,,0,4B2C,"TREASURE ISLAND RD","MACALLA RD",435.00,N,N,A,-,N,,,,,,,,,,Y,1,1,1,1,A,-,08,22107,,N,E,I,A,A,H,-,C,D,0,,,,,Y,,A,01,1,0,0,0,0,0,0,0,0,"- ","- ",,,"SAN FRANCISCO","SAN FRANCISCO",-122.37088775634766,37.8135986328125
9751484,2024,2025-02-14,3801,2024-10-15,"29  ",262,TRAFF,2,5,7,3801,0,0,0,,0,4B1E,"BUSH ST","STOCKTON ST",82.00,E,N,A,-,N,,,,,,,,,,Y,1,1,0,1,D,-,00,,,N,E,I,A,A,H,-,C,A,0,,,Y,,Y,,-,"- ",0,0,0,0,0,0,0,1,0,"- ","- ",,,"SAN FRANCISCO","SAN FRANCISCO",-122.40686798095703,37.790409088134766
9753483,2024,2024-12-11,3801,2024-11-24,1503,4286,RICHM,7,5,7,3801,0,0,0,,0,0G5,"BALBOA ST","45TH AV",0.00,,Y,A,-,N,,,,,,,,,,N,3,0,1,2,A,-,12,22450,A,N,D,C,A,A,H,-,A,D,0,,,Y,,Y,,A,01,0,1,0,0,0,0,0,0,1,"- ","- ",,,"SAN FRANCISCO","SAN FRANCISCO",-122.50592041015625,37.775321960449219
9753487,2024,2024-12-11,3801,2024-11-22,1928,2141,TARAV,5,5,7,3801,0,0,0,,0,3I4D,"19TH AV","ULLOA ST",0.00,,Y,C,-,N,,,,,,,,,,N,3,0,1,2,A,-,10,21950,A,N,G,B,B,B,H,-,C,A,0,Y,,,,Y,,A,01,0,1,0,0,1,0,0,0,0,"- ","- ",,,"SAN FRANCISCO","SAN FRANCISCO",-122.47557067871094,37.741195678710938
9753491,2024,2025-02-10,3801,2024-11-11,2238,2110,NORTH,1,5,7,3801,0,0,0,,0,3E13E,"VAN NESS AV","OFARRELL ST",0.00,,Y,A,-,Y,SF,4,101,-,-,5.550,I,5,N,Y,4,0,1,2,A,-,12,21453,A,F,D,C,A,A,H,-,C,A,0,,,Y,,Y,,A,01,0,0,1,0,0,0,0,0,1,"- ","- ",,,"SAN FRANCISCO","SAN FRANCISCO",-122.42112731933594,37.784759521484375
9758527,2024,2024-12-12,3801,2024-11-11,"200 ",400,SOUTH,1,5,7,3801,0,0,0,,0,3B2E,"5TH AV","HARRISTON ST",0.00,,Y,A,-,N,,,,,,,,,,Y,4,0,1,2,A,-,03,22350,,N,A,C,A,A,H,-,C,A,0,,,,,Y,,A,01,0,0,1,0,0,0,0,0,0,"- ","- ",,,"SAN FRANCISCO","SAN FRANCISCO",-122.40187072753906,37.779056549072266
9758528,2024,2024-12-17,3801,2024-11-12,"553 ",788,SOUTH,2,5,7,3801,0,0,0,,0,3B14A,"5 LUSK ST","CLYDE ST",0.00,,-,A,-,N,,,,,,,,,,N,4,0,1,2,A,-,11,21954,A,N,G,B,E,A,C,-,D,D,0,Y,,,Y,Y,,N,60,0,0,1,0,1,0,0,0,0,"- ","- ",,,"SAN FRANCISCO","SAN FRANCISCO",-122.39447784423828,37.778732299804688
9758529,2024,2024-12-17,3801,2024-11-11,1245,863,MISSI,1,5,7,3801,0,0,0,,0,3D16C,"VALENCIA ST","20TH ST",177.00,S,N,A,-,N,,,,,,,,,,N,4,0,1,2,A,-,21,22106,,N,H,C,A,A,-,-,A,D,0,,,Y,Y,Y,,G,25,0,0,1,0,0,0,0,0,1,"- ","- ",,,"SAN FRANCISCO","SAN FRANCISCO",-122.42120361328125,37.758026123046875
9758530,2024,2024-12-18,3801,2024-11-05,1151,1540,TARAV,2,5,7,3801,0,0,0,,0,311A,"IRVING ST","20TH AV",12.00,E,N,A,-,N,,,,,,,,,,N,3,0,1,2,A,-,10,21950,A,N,-,B,B,A,H,-,A,A,0,Y,,,,Y,,D,22,0,1,0,0,1,0,0,0,0,"- ","- ",,,"SAN FRANCISCO","SAN FRANCISCO",-122.47817230224609,37.763511657714844
9758531,2024,2024-12-20,3801,2024-10-29,1832,504,NORTH,2,5,7,3801,0,0,0,,0,240326,"POLK ST","SUTTER ST",0.00,,Y,A,-,N,,,,,,,,,,N,4,0,2,2,A,-,08,22107,,N,B,C,A,A,H,-,C,A,0,,,,Y,Y,,A,01,0,0,2,0,0,0,0,0,0,"- ","- ",,,"SAN FRANCISCO","SAN FRANCISCO",-122.42010498046875,37.787761688232422
9758532,2024,2024-12-11,3801,2024-10-27,2250,A22887,CENTR,7,5,7,3801,0,0,0,,0,3A5E,"GEARY ST","MASON ST",146.00,W,N,A,-,N,,,,,,,,,,Y,4,0,1,3,A,-,21,22106,,F,B,E,A,A,H,-,C,D,0,,,,,Y,,D,22,0,0,1,0,0,0,0,0,0,"- ","- ",,,"SAN FRANCISCO","SAN FRANCISCO",-122.41035461425781,37.787101745605469
9758534,2024,2024-12-12,3801,2024-11-20,1535,4266,INGLE,3,5,7,3801,0,0,0,,0,3H15D,"POPE ST","MISSION ST",0.00,,Y,C,-,N,,,,,,,,,,N,4,0,1,2,A,-,11,21950,B,N,G,B,B,B,H,-,A,A,0,Y,,,,Y,Y,-,"- ",0,0,1,0,1,0,0,0,0,"- ","- ",,,"SAN FRANCISCO","SAN FRANCISCO",-122.44183349609375,37.715427398681641
9758589,2024,2024-12-16,3801,2024-11-08,1904,1857,SOUTH,5,5,7,3801,0,0,0,,0,002,"3RD ST","TOWNSEND ST",334.00,N,N,A,-,N,,,,,,,,,,Y,4,0,1,2,A,-,01,23152,A,N,A,E,A,A,H,-,C,-,0,,,,,Y,,A,01,0,0,1,0,0,0,0,0,0,"- ","- ",,,"SAN FRANCISCO","SAN FRANCISCO",-122.39356994628906,37.779506683349609
9758607,2024,2024-12-16,3801,2024-11-19,"818 ",52,SOUTH,2,5,7,3801,0,0,0,,0,0B5,"16TH ST","VERMONT ST",60.00,E,N,A,-,N,,,,,,,,,,N,4,0,1,2,A,-,03,22350,,N,C,C,A,A,H,-,A,A,0,,,Y,,Y,,C,03,0,0,1,0,0,0,0,0,1,"- ","- ",,,"SAN FRANCISCO","SAN FRANCISCO",-122.40442657470703,37.765972137451172
9758634,2024,2024-12-12,3801,2024-11-23,2335,,SOUTH,6,5,7,3801,0,0,0,,0,3B13E,"HARRISON ST","11TH ST",0.00,,Y,A,-,N,,,,,,,,,,N,4,0,1,2,A,-,17,21451,A,F,A,C,A,-,H,-,C,A,0,,,Y,,Y,,-,,0,0,1,0,0,0,0,0,1,"- ","- ",,,"SAN FRANCISCO","SAN FRANCISCO",-122.41246795654297,37.770633697509766
9758680,2024,2024-12-16,3801,2024-11-20,1800,1374,TARAV,3,5,7,3801,0,0,0,,0,3I16D,"BUCKINGHAM WY","20TH AV",5.00,W,N,B,C,N,,,,,,,,,,N,2,0,1,2,A,-,00,21955,A,N,G,B,D,B,H,-,C,A,0,Y,,,,Y,,N,60,1,0,0,0,1,0,0,0,0,"- ","- ",,,"SAN FRANCISCO","SAN FRANCISCO",-122.47599792480469,37.730091094970703
9758696,2024,2024-12-13,3801,2024-10-31,1920,276,NORTH,4,5,7,3801,0,0,0,,0,3E12D,"LAGUNA ST","GROVE ST",3.00,N,N,A,-,N,,,,,,,,,,N,3,0,1,2,A,-,12,22450,A,F,G,B,B,A,H,-,C,A,0,Y,,,,Y,,A,07,0,1,0,0,1,0,0,0,0,"- ","- ",,,"SAN FRANCISCO","SAN FRANCISCO",-122.42645263671875,37.777420043945312
9758697,2024,2024-12-13,3801,2024-10-29,1845,1075,TARAV,2,5,7,3801,0,0,0,,0,3I15D,"JUNIPERO SERRA","GARFIELD ST",164.00,N,N,A,-,N,,,,,,,,,,Y,4,0,1,2,A,-,03,22350,,N,C,C,A,A,H,-,C,A,0,,,,,Y,,A,01,0,0,1,0,0,0,0,0,0,"- ","- ",,,"SAN FRANCISCO","SAN FRANCISCO",-122.47235870361328,37.720050811767578
9758698,2024,2024-12-13,3801,2024-10-08,1616,2707,TARAV,2,5,7,3801,0,0,0,,0,4CAR,"SANTA CLARA AV","SANTA MONICA WY",29.00,N,N,A,-,N,,,,,,,,,,Y,3,0,1,3,A,-,03,22350,A,N,B,E,A,A,H,-,A,D,0,,,,,Y,,A,01,0,1,0,0,0,0,0,0,0,"- ","- ",,,"SAN FRANCISCO","SAN FRANCISCO",-122.46588897705078,37.738605499267578
9758699,2024,2024-12-18,3801,2024-10-28,"907 ",575,CENTR,1,5,7,3801,0,0,0,,0,3A11A,"BUSH ST","LEAVENWORTH ST",0.00,,Y,A,-,N,,,,,,,,,,,4,0,1,2,A,-,10,21950,A,N,G,B,B,A,-,-,A,A,0,Y,,,,Y,,A,01,0,0,1,0,1,0,0,0,0,"- ","- ",,,"SAN FRANCISCO","SAN FRANCISCO",-122.41538238525391,37.789344787597656
9758700,2024,2024-12-13,3801,2024-10-31,1150,1857,SOUTH,4,5,7,3801,0,0,0,,0,005,"WISCONSIN ST","16TH ST",0.00,,Y,A,-,N,,,,,,,,,,N,4,0,1,2,A,-,08,22107,,N,G,B,B,A,H,-,A,A,0,Y,,,,Y,,A,01,0,0,1,0,1,0,0,0,0,"- ","- ",,,"SAN FRANCISCO","SAN FRANCISCO",-122.39974975585938,37.766269683837891
9758766,2024,2024-12-18,3801,2024-11-20,"950 ",2231,SOUTH,3,5,7,3801,0,0,0,,0,3B12A,"5TH ST","CLEMENTINA ST",0.00,,Y,C,-,N,,,,,,,,,,N,4,0,1,2,A,-,08,22107,,N,A,G,A,B,H,-,A,D,0,,Y,,,Y,,A,01,0,0,1,0,0,0,1,0,0,"- ","- ",,,"SAN FRANCISCO","SAN FRANCISCO",-122.40390777587891,37.780712127685547
9758767,2024,2024-12-18,3801,2024-11-20,"550 ",1325,TENDE,3,5,7,3801,0,0,0,,0,3J66,"EDDY ST","LEAVENWORTH ST",0.00,,Y,A,-,N,,,,,,,,,,N,4,0,1,2,A,-,08,22100,,N,-,J,A,A,H,-,C,A,0,,,,,Y,,B,01,0,0,1,0,0,0,0,0,0,"- ","- ",,,"SAN FRANCISCO","SAN FRANCISCO",-122.41423797607422,37.783729553222656
9758768,2024,2024-12-18,3801,2024-11-20,"328 ",1689,SOUTH,3,5,7,3801,0,0,0,,0,3B12E,"2ND ST","STILLMAN ST",0.00,,Y,A,-,N,,,,,,,,,,N,3,0,1,2,A,-,10,21950,,F,G,B,B,A,H,-,C,A,0,Y,,,,Y,Y,A,07,0,1,0,0,1,0,0,0,0,"- ","- ",,,"SAN FRANCISCO","SAN FRANCISCO",-122.39418029785156,37.783512115478516
9758769,2024,2024-12-18,3801,2024-11-19,1725,2499,TARAV,2,5,7,3801,0,0,0,,0,3I1D,"JUDAH ST","9TH AV",88.00,E,N,A,-,N,,,,,,,,,,N,4,0,2,2,A,-,08,22107,,N,C,C,A,A,H,-,C,A,0,,,,,Y,,A,01,0,0,2,0,0,0,0,0,0,"- ","- ",,,"SAN FRANCISCO","SAN FRANCISCO",-122.46587371826172,37.762199401855469
9758770,2024,2024-12-24,3801,2024-11-19,1700,2395,SOUTH,2,5,7,3801,0,0,0,,0,3B14D,"MARKET ST","VALENCIA ST",0.00,,Y,A,-,N,,,,,,,,,,N,4,0,1,2,A,-,08,22107,,N,B,G,A,A,H,-,C,A,0,,Y,,,Y,,L,04,0,0,1,0,0,0,1,0,0,"- ","- ",37.727989196777344,-122.42281341552734,"SAN FRANCISCO","SAN FRANCISCO",-122.42262268066406,37.772548675537109
9758771,2024,2024-12-18,3801,2024-11-19,1321,1580,SOUTH,2,5,7,3801,0,0,0,,0,3B5A,"8TH ST","HARRISON ST",0.00,,Y,A,-,N,,,,,,,,,,N,4,0,1,2,A,-,03,22350,,N,D,C,A,A,H,-,A,A,0,,,,,Y,,M,94,0,0,1,0,0,0,0,0,0,"- ","- ",,,"SAN FRANCISCO","SAN FRANCISCO",-122.40853118896484,37.773754119873047
9758772,2024,2024-12-18,3801,2024-11-14,1815,1252,RICHM,4,5,7,3801,0,0,0,,0,0G5,"FULTON AV","36TH AV",100.00,E,N,A,-,N,,,,,,,,,,N,3,0,1,2,A,-,03,22350,,N,C,C,A,A,H,-,C,A,0,,,Y,,Y,,C,02,0,1,0,0,0,0,0,0,1,"- ","- ",,,"SAN FRANCISCO","SAN FRANCISCO",-122.49562835693359,37.772048950195312
9758773,2024,2024-12-18,3801,2024-11-11,1102,1422,TRAFF,1,5,7,3801,0,0,0,,0,,"ALABAMA ST","25TH ST",204.00,S,N,C,-,N,,,,,,,,,,Y,2,0,1,2,C,-,18,,,N,C,E,A,B,H,-,A,D,0,,,,,Y,,-,"- ",1,0,0,0,0,0,0,0,0,"- ","- ",,,"SAN FRANCISCO","SAN FRANCISCO",-122.41073608398438,37.750522613525391
9758774,2024,2024-12-18,3801,2024-11-08,1050,1166,TENDE,5,5,7,3801,0,0,0,,0,3J13A,"MCALLISTER ST","CHARLES J BRENHAM",0.00,,Y,A,-,N,,,,,,,,,,N,3,0,1,2,A,-,08,22101,D,N,D,G,A,A,H,-,A,A,0,,Y,,,Y,,A,01,0,1,0,0,0,0,1,0,0,"- ","- ",,,"SAN FRANCISCO","SAN FRANCISCO",-122.41309356689453,37.781002044677734
9758796,2024,2024-12-20,3801,2024-10-19,1323,801,SOUTH,6,5,7,3801,0,0,0,,0,0B3,"7TH ST","BRANNAN ST",0.00,,Y,A,-,N,,,,,,,,,,N,4,0,1,2,A,-,07,21658,A,N,B,G,A,A,H,-,A,A,0,,Y,,,Y,,A,01,0,0,1,0,0,0,1,0,0,"- ","- ",,,"SAN FRANCISCO","SAN FRANCISCO",-122.40320587158203,37.773052215576172
9758797,2024,2024-12-17,3801,2024-10-29,"748 ",1759,SOUTH,2,5,7,3801,0,0,0,,0,3B13A,"BRYANT ST","3RD ST",10.00,W,N,A,-,N,,,,,,,,,,N,4,0,1,2,A,-,04,21703,,N,C,C,A,A,H,-,A,A,0,,,,,Y,,B,01,0,0,1,0,0,0,0,0,0,"- ","- ",,,"SAN FRANCISCO","SAN FRANCISCO",-122.3958740234375,37.781291961669922
9758806,2024,2024-12-17,3801,2024-09-19,2320,413,MISSI,4,5,7,3801,0,0,0,,0,3D13E,"CESAR CHAVEZ","FOLSOM ST",0.00,,Y,A,-,N,,,,,,,,,,Y,3,0,1,2,A,-,09,21801,A,N,D,C,A,A,H,-,C,A,0,,,,,Y,,A,01,0,1,0,0,0,0,0,0,0,"- ","- ",,,"SAN FRANCISCO","SAN FRANCISCO",-122.41368103027344,37.748313903808594
9758808,2024,2024-12-17,3801,2024-09-29,1757,1642,BAYVI,7,5,7,3801,0,0,0,,0,9X90E,"ILLINOIS ST","MARIN ST",0.00,,Y,A,-,N,,,,,,,,,,N,3,0,1,1,A,-,03,22350,,N,F,A,A,A,H,-,A,D,0,,Y,,,Y,,L,04,0,1,0,0,0,0,1,0,0,"- ","- ",,,"SAN FRANCISCO","SAN FRANCISCO",-122.38648223876953,37.749076843261719
9758810,2024,2024-12-17,3801,2024-08-15,1310,1796,RICHM,4,5,7,3801,0,0,0,,0,3G14A,"CALIFORNIA ST","28TH AV",0.00,,Y,A,-,N,,,,,,,,,,N,4,0,1,2,A,-,10,21950,,N,G,B,B,A,H,-,A,D,0,Y,,,,Y,Y,B,01,0,0,1,0,1,0,0,0,0,"- ","- ",,,"SAN FRANCISCO","SAN FRANCISCO",-122.48821258544922,37.783729553222656
9758818,2024,2025-07-24,3801,2024-05-21,"850 ",2452,CENTR,2,5,7,3801,0,0,0,,0,3A11A,"KEARNY ST","COMMERCIAL ST",0.00,,Y,A,-,N,,,,,,,,,,N,4,0,1,3,A,-,17,22517,,N,H,G,A,A,H,-,A,D,0,,Y,,,Y,,A,01,0,0,1,0,0,0,1,0,0,"- ","- ",,,"SAN FRANCISCO","SAN FRANCISCO",-122.40470123291016,37.794025421142578
9758839,2024,2024-12-18,3801,2024-11-19,1244,1900,TARAV,2,5,7,3801,0,0,0,,0,3116A,"SANTIAGO ST","SUNSET BL",0.00,,Y,A,-,N,,,,,,,,,,Y,4,0,1,2,A,-,12,21453,A,N,D,C,A,A,H,-,A,A,0,,,,,Y,,A,07,0,0,1,0,0,0,0,0,0,"- ","- ",,,"SAN FRANCISCO","SAN FRANCISCO",-122.49465179443359,37.744102478027344
9759416,2024,2025-01-16,3801,2024-12-23,"852 ",1540,TARAV,1,5,7,3801,0,0,0,,0,,"PACHECO ST","18TH AV",12.00,W,N,B,-,N,,,,,,,,,,N,4,0,1,2,A,-,10,21950,,N,G,B,B,B,H,-,A,A,0,Y,,,,Y,,A,01,0,0,1,0,1,0,0,0,0,"- ","- ",,,"SAN FRANCISCO","SAN FRANCISCO",-122.47517395019531,37.75054931640625
9759422,2024,2025-01-21,3801,2024-12-24,2002,1830,MISSI,2,5,7,3801,0,0,0,,0,3D15E,"18TH ST","SOUTH VAN NESS AV",116.00,W,N,A,-,N,,,,,,,,,,Y,4,0,2,2,A,-,09,21804,,N,D,C,A,A,H,-,C,D,0,,,,,Y,Y,A,01,0,0,2,0,0,0,0,0,0,"- ","- ",,,"SAN FRANCISCO","SAN FRANCISCO",-122.4176025390625,37.761924743652344
9759440,2024,2025-01-21,3801,2024-12-16,1946,2097,MISSI,1,5,7,3801,0,0,0,,0,3D16D,"14TH ST","FOLSOM ST",25.00,E,N,C,-,N,,,,,,,,,,N,4,0,1,2,A,-,04,21703,,M,C,C,A,B,H,-,C,A,0,,,,,Y,,A,01,0,0,1,0,0,0,0,0,0,"- ","- ",,,"SAN FRANCISCO","SAN FRANCISCO",-122.41552734375,37.768543243408203
9759446,2024,2025-01-10,3801,2024-11-30,1910,382,NORTH,6,5,7,3801,0,0,0,,0,3E11E,"DIVISADERO ST","OAK ST",58.00,N,N,A,-,N,,,,,,,,,,N,4,0,1,2,A,-,04,21703,,N,C,C,A,A,H,-,C,A,0,,,Y,,Y,,C,06,0,0,1,0,0,0,0,0,0,"- ","- ",,,"SAN FRANCISCO","SAN FRANCISCO",-122.43746185302734,37.773296356201172
9759461,2024,2025-02-03,3801,2024-11-04,"830 ",424,NORTH,1,5,7,3801,0,0,0,,0,3E12A,"WEBSTER ST","EDDY ST",0.00,,Y,A,-,N,,,,,,,,,,Y,4,0,1,3,A,-,12,21453,A,N,D,E,A,A,H,-,A,A,0,,,,,Y,,A,01,0,0,1,0,0,0,0,0,0,"- ","- ",,,"SAN FRANCISCO","SAN FRANCISCO",-122.43067169189453,37.781623840332031
9759462,2024,2025-01-10,3801,2024-11-23,1959,10,BAYVI,6,5,7,3801,0,0,0,,0,0C1,"MARIPOSA ST","TENNESSEE ST",0.00,,Y,A,-,N,,,,,,,,,,Y,4,0,1,3,A,-,12,22450,A,N,D,C,A,A,H,-,C,D,0,,,,,Y,,A,01,0,0,1,0,0,0,0,0,0,"- ","- ",,,"SAN FRANCISCO","SAN FRANCISCO",-122.38986968994141,37.764270782470703
9759463,2024,2025-01-10,3801,2024-11-21,1413,1723,MISSI,4,5,7,3801,0,0,0,,0,004,"VALENCIA ST","CESAR CHAVEZ ST",0.00,,Y,C,-,N,,,,,,,,,,Y,2,0,2,2,A,-,09,21801,A,N,A,C,A,B,H,-,A,A,0,,,Y,,Y,,A,01,1,0,1,0,0,0,0,0,1,"- ","- ",,,"SAN FRANCISCO","SAN FRANCISCO",-122.42025756835938,37.748161315917969
9759464,2024,2025-01-29,3801,2024-11-02,"705 ",184,TENDE,6,5,7,3801,0,0,0,,0,3J12A,"6TH ST","STEVENSON ST",0.00,,Y,A,-,N,,,,,,,,,,Y,2,0,1,2,A,-,11,21456,A,N,B,B,B,B,D,-,C,A,0,Y,,,,Y,Y,N,60,1,0,0,0,1,0,0,0,0,"- ","- ",,,"SAN FRANCISCO","SAN FRANCISCO",-122.40966796875,37.781764984130859
9759465,2024,2025-01-10,3801,2024-11-25,1430,2212,MISSI,1,5,7,3801,0,0,0,,0,4CAR,"SOUTH VAN NESS AV","26TH ST",0.00,,Y,B,-,N,,,,,,,,,,Y,3,0,2,2,A,-,09,21801,,N,A,C,A,B,H,-,A,A,0,,,,,Y,,A,01,0,1,1,0,0,0,0,0,0,"- ","- ",,,"SAN FRANCISCO","SAN FRANCISCO",-122.41600036621094,37.749168395996094