CASE_ID,ACCIDENT_YEAR,PROC_DATE,JURIS,COLLISION_DATE,COLLISION_TIME,OFFICER_ID,REPORTING_DISTRICT,DAY_OF_WEEK,CHP_SHIFT,POPULATION,CNTY_CITY_LOC,SPECIAL_COND,BEAT_TYPE,CHP_BEAT_TYPE,CITY_DIVISION_LAPD,CHP_BEAT_CLASS,BEAT_NUMBER,PRIMARY_RD,SECONDARY_RD,DISTANCE,DIRECTION,INTERSECTION,WEATHER_1,WEATHER_2,STATE_HWY_IND,CALTRANS_COUNTY,CALTRANS_DISTRICT,STATE_ROUTE,ROUTE_SUFFIX,POSTMILE_PREFIX,POSTMILE,LOCATION_TYPE,RAMP_INTERSECTION,SIDE_OF_HWY,TOW_AWAY,COLLISION_SEVERITY,NUMBER_KILLED,NUMBER_INJURED,PARTY_COUNT,PRIMARY_COLL_FACTOR,PCF_CODE_OF_VIOL,PCF_VIOL_CATEGORY,PCF_VIOLATION,PCF_VIOL_SUBSECTION,HIT_AND_RUN,TYPE_OF_COLLISION,MVIW,PED_ACTION,ROAD_SURFACE,ROAD_COND_1,ROAD_COND_2,LIGHTING,CONTROL_DEVICE,CHP_ROAD_TYPE,PEDESTRIAN_ACCIDENT,BICYCLE_ACCIDENT,MOTORCYCLE_ACCIDENT,TRUCK_ACCIDENT,NOT_PRIVATE_PROPERTY,ALCOHOL_INVOLVED,STWD_VEHTYPE_AT_FAULT,CHP_VEHTYPE_AT_FAULT,COUNT_SEVERE_INJ,COUNT_VISIBLE_INJ,COUNT_COMPLAINT_PAIN,COUNT_PED_KILLED,COUNT_PED_INJURED,COUNT_BICYCLIST_KILLED,COUNT_BICYCLIST_INJURED,COUNT_MC_KILLED,COUNT_MC_INJURED,PRIMARY_RAMP,SECONDARY_RAMP,LATITUDE,LONGITUDE,COUNTY,CITY,POINT_X,POINT_Y
9759466,2024,2025-01-13,3801,2024-11-17,2321,2142,CENTR,7,5,7,3801,0,0,0,,0,3A11E,"LEAVENWORTH ST","POST ST",0.00,,Y,A,-,N,,,,,,,,,,N,4,0,1,2,A,-,10,21950,,N,G,B,B,B,H,-,C,A,0,Y,,,,Y,,A,01,0,0,1,0,1,0,0,0,0,"- ","- ",,,"SAN FRANCISCO","SAN FRANCISCO",-122.41499328613281,37.787452697753906
9759467,2024,2025-01-13,3801,2024-11-07,1858,2186,INGLE,4,5,7,3801,0,0,0,,0,,"ALEMANY BL","FOOTE AV",0.00,,Y,A,-,N,,,,,,,,,,Y,4,0,2,2,A,-,03,22350,,N,C,C,A,A,H,-,C,A,0,,,,,Y,,A,01,0,0,2,0,0,0,0,0,0,"- ","- ",,,"SAN FRANCISCO","SAN FRANCISCO",-122.44731903076172,37.714672088623047
9759468,2024,2025-01-13,3801,2024-11-25,2000,4744,NORTH,1,5,7,3801,0,0,0,,0,3E00,"DIVISADERO ST","CALIFORNIA ST",0.00,,Y,E,-,N,,,,,,,,,,N,3,0,1,1,A,-,03,22350,,N,F,A,A,B,G,-,C,D,0,,Y,,,Y,,L,04,0,1,0,0,0,0,1,0,0,"- ","- ",,,"SAN FRANCISCO","SAN FRANCISCO",-122.44045257568359,37.788082122802734
9759470,2024,2025-01-13,3801,2024-11-25,1553,246,TARAV,1,5,7,3801,0,0,0,,0,4CAR,"JUNIPERO SERRA BL","OCEAN AV",0.00,,Y,A,-,N,,,,,,,,,,N,2,0,1,2,A,-,10,21950,A,N,A,B,B,A,H,-,A,A,0,Y,,,,Y,,A,01,1,0,0,0,1,0,0,0,0,"- ","- ",,,"SAN FRANCISCO","SAN FRANCISCO",-122.47213745117188,37.731204986572266
9759471,2024,2025-01-13,3801,2024-11-22,"848 ",381,NORTH,5,5,7,3801,0,0,0,,0,03E,"BRYANT ST","STERLING ST",0.00,,Y,C,-,N,,,,,,,,,,N,4,0,1,2,A,-,08,22107,,F,D,C,A,B,-,-,C,A,0,,,,,Y,Y,A,07,0,0,1,0,0,0,0,0,0,"- ","- ",,,"SAN FRANCISCO","SAN FRANCISCO",,
9759472,2024,2025-01-13,3801,2024-11-23,1659,1926,NORTH,6,5,7,3801,0,0,0,,0,3E16D,"FRANKLIN ST","SACRAMENTO ST",0.00,,Y,C,-,N,,,,,,,,,,N,2,0,1,2,A,-,10,21950,A,N,G,B,B,B,H,-,A,A,0,Y,,,,Y,,A,01,1,0,0,0,1,0,0,0,0,"- ","- ",,,"SAN FRANCISCO","SAN FRANCISCO",-122.42416381835938,37.791088104248047
9759473,2024,2025-01-13,3801,2024-11-22,1819,1057,SOUTH,5,5,7,3801,0,0,0,,0,3B12D,"BRYANT ST","EMBARCADERO SOUTH",0.00,,Y,C,-,N,,,,,,,,,,N,4,0,1,2,A,-,17,21235,G,N,D,D,A,B,H,-,C,A,0,,Y,,,Y,,M,91,0,0,1,0,0,0,1,0,0,"- ","- ",,,"SAN FRANCISCO","SAN FRANCISCO",-122.38801574707031,37.787094116210938
9759474,2024,2025-01-13,3801,2024-11-30,"30  ",2486,TARAV,6,5,7,3801,0,0,0,,0,3I15E,"JUNIPERO SERRA BL","HOLLOWAY AV",0.00,,Y,A,-,N,,,,,,,,,,Y,4,0,2,2,A,-,01,23153,A,F,C,C,A,A,H,-,C,A,0,,,,,Y,Y,A,01,0,0,2,0,0,0,0,0,0,"- ","- ",,,"SAN FRANCISCO","SAN FRANCISCO",-122.47267150878906,37.721572875976562
9759475,2024,2025-01-13,3801,2024-11-28,1809,158,NORTH,4,5,7,3801,0,0,0,,0,3E14D,"LAGUNA ST","UNION ST",0.00,,Y,A,-,N,,,,,,,,,,N,4,0,2,2,A,-,04,21703,,N,C,C,A,A,H,-,C,A,0,,,,,Y,,A,01,0,0,2,0,0,0,0,0,0,"- ","- ",,,"SAN FRANCISCO","SAN FRANCISCO",-122.4305419921875,37.797714233398438
9759476,2024,2025-01-13,3801,2024-11-25,1850,1288,NORTH,1,5,7,3801,0,0,0,,0,3E13D,"POLK ST","POST ST",0.00,,Y,C,-,N,,,,,,,,,,N,4,0,1,2,A,-,12,21453,A,N,G,B,E,B,H,-,C,A,0,Y,,,,Y,,N,60,0,0,1,0,1,0,0,0,0,"- ","- ",,,"SAN FRANCISCO","SAN FRANCISCO",-122.41989898681641,37.786834716796875
9759477,2024,2025-01-13,3801,2024-11-11,2252,2143,MISSI,1,5,7,3801,0,0,0,,0,3D11E,"MARKET ST","CASTRO ST",0.00,,N,A,-,N,,,,,,,,,,Y,4,0,1,2,A,-,08,22103,,N,D,C,A,A,H,-,C,D,0,,,Y,,Y,Y,A,01,0,0,1,0,0,0,0,0,1,"- ","- ",,,"SAN FRANCISCO","SAN FRANCISCO",-122.43515777587891,37.762641906738281
9759479,2024,2025-01-13,3801,2024-11-07,1832,2398,NORTH,4,5,7,3801,0,0,0,,0,03E,"MCALLISTER ST","VAN NESS AV",210.00,W,N,A,-,N,,,,,,,,,,N,4,0,1,2,A,-,03,22350,,N,D,C,A,A,H,-,C,A,0,,,Y,,Y,,C,02,0,0,1,0,0,0,0,0,1,"- ","- ",,,"SAN FRANCISCO","SAN FRANCISCO",-122.42092132568359,37.779983520507812
9759480,2024,2025-01-13,3801,2024-11-30,1530,964,NORTH,6,5,7,3801,0,0,0,,0,3E13D,"GOUGH ST","GROVE ST",0.00,,Y,A,-,N,,,,,,,,,,N,4,0,1,2,A,-,08,22107,,N,B,G,A,A,H,-,A,D,0,,Y,,,Y,,A,01,0,0,1,0,0,0,1,0,0,"- ","- ",,,"SAN FRANCISCO","SAN FRANCISCO",-122.42316436767578,37.777805328369141
9759483,2024,2025-01-10,3801,2024-11-20,1930,1198,MISSI,3,5,7,3801,0,0,0,,0,1CAR,"DOLORES ST","17TH ST",0.00,,Y,C,-,N,,,,,,,,,,Y,4,0,1,4,A,-,12,21453,A,N,A,C,A,B,H,-,C,A,0,,,,,Y,,A,01,0,0,1,0,0,0,0,0,0,"- ","- ",,,"SAN FRANCISCO","SAN FRANCISCO",-122.42630004882812,37.763008117675781
9759484,2024,2025-01-13,3801,2024-11-06,1729,2706,MISSI,3,5,7,3801,0,0,0,,0,3D16D,"POTRERO AV","16TH ST",0.00,,Y,A,-,N,,,,,,,,,,N,4,0,1,2,D,-,00,,,N,D,-,A,A,H,-,C,-,0,,,,,Y,,-,"- ",0,0,1,0,0,0,0,0,0,"- ","- ",,,"SAN FRANCISCO","SAN FRANCISCO",-122.40756225585938,37.765773773193359
9759485,2024,2025-01-10,3801,2024-11-14,1418,1857,SOUTH,4,5,7,3801,0,0,0,,0,005,"KING ST","2ND ST",140.00,W,N,A,-,N,,,,,,,,,,N,4,0,2,2,A,-,21,22106,,N,C,C,A,A,H,-,A,A,0,,,,,Y,,A,01,0,0,2,0,0,0,0,0,0,"- ","- ",,,"SAN FRANCISCO","SAN FRANCISCO",-122.39004516601562,37.779689788818359
9759486,2024,2025-01-10,3801,2024-11-27,1446,1330,INGLE,3,5,7,3801,0,0,0,,0,3H13D,"SILVER AV","CAMBRIDGE ST",0.00,,Y,A,-,N,,,,,,,,,,Y,4,0,1,2,A,-,01,23153,A,F,C,C,A,A,H,-,A,A,0,,,,,Y,Y,A,01,0,0,1,0,0,0,0,0,0,"- ","- ",,,"SAN FRANCISCO","SAN FRANCISCO",-122.41951751708984,37.729045867919922
9759487,2024,2025-01-10,3801,2024-11-27,1038,A20952,INGLE,3,5,7,3801,0,0,0,,0,4CAR,"ALEMANY BL","ADMIRAL AV",0.00,,Y,A,-,N,,,,,,,,,,N,3,0,2,2,A,-,12,21453,A,N,B,C,A,A,H,-,A,A,0,,,Y,,Y,,C,02,0,1,1,0,0,0,0,0,1,"- ","- ",,,"SAN FRANCISCO","SAN FRANCISCO",-122.43096160888672,37.730617523193359
9759488,2024,2025-01-10,3801,2024-11-27,"106 ",1902,MISSI,3,5,7,3801,0,0,0,,0,3D16E,"16TH ST","POTRERO AV",29.00,W,N,A,-,N,,,,,,,,,,Y,4,0,2,1,A,-,17,21663,,N,A,I,A,A,H,-,C,A,0,,,,,Y,,A,07,0,0,2,0,0,0,0,0,0,"- ","- ",,,"SAN FRANCISCO","SAN FRANCISCO",-122.40766143798828,37.765762329101562
9759489,2024,2025-01-10,3801,2024-11-27,"355 ",1806,INGLE,3,5,7,3801,0,0,0,,0,3H2D,"GUERRERO ST","DUNCAN ST",126.00,N,N,A,-,N,,,,,,,,,,Y,4,0,1,4,A,-,01,23152,G,N,D,E,A,A,H,-,C,A,0,,,,,Y,Y,A,01,0,0,1,0,0,0,0,0,0,"- ","- ",37.746738433837891,-122.42250823974609,"SAN FRANCISCO","SAN FRANCISCO",-122.42243194580078,37.746723175048828
9759490,2024,2025-01-10,3801,2024-11-26,1729,1291,TENDE,2,5,7,3801,0,0,0,,0,3J12D,"MARKET ST","GRANT ST",25.00,N,N,B,-,N,,,,,,,,,,N,3,0,1,2,A,-,08,22107,,N,D,F,A,A,H,-,C,D,0,,Y,,,Y,,L,04,0,1,0,0,0,0,1,0,0,"- ","- ",,,"SAN FRANCISCO","SAN FRANCISCO",-122.40479278564453,37.786750793457031
9759491,2024,2025-01-10,3801,2024-11-26,1040,1653,INGLE,2,5,7,3801,0,0,0,,0,,"SAN JOSE AV","30TH ST",230.00,N,N,B,-,N,,,,,,,,,,N,4,0,1,2,A,-,08,22108,,F,B,C,A,A,H,-,A,D,0,,,,,Y,,M,94,0,0,1,0,0,0,0,0,0,"- ","- ",,,"SAN FRANCISCO","SAN FRANCISCO",-122.42312622070312,37.742908477783203
9759492,2024,2025-01-31,3801,2024-11-24,1950,746,INGLE,7,5,7,3801,0,0,0,,0,3H13D,"GENEVA AV","RT 280",0.00,,Y,A,-,Y,SF,4,280,-,R,1.834,R,4,S,Y,4,0,4,2,A,-,12,21453,A,N,D,C,A,A,-,-,C,A,0,,,,,Y,,A,01,0,0,4,0,0,0,0,0,0,"- ",SF,,,"SAN FRANCISCO","SAN FRANCISCO",-122.44756317138672,37.723918914794922
9759493,2024,2025-01-13,3801,2024-11-23,"712 ",1944,INGLE,6,5,7,3801,0,0,0,,0,0H6,"BAYSHORE BL","LOIS LN",380.00,N,N,B,C,N,,,,,,,,,,Y,4,0,1,1,A,-,03,22350,,N,E,I,A,B,H,-,A,A,0,,,,,Y,,A,07,0,0,1,0,0,0,0,0,0,"- ","- ",,,"SAN FRANCISCO","SAN FRANCISCO",-122.39911651611328,37.714771270751953
9759494,2024,2025-01-10,3801,2024-11-02,2340,1496,INGLE,6,5,7,3801,0,0,0,,0,0H5,"ALEMANY BL","ONONDAGA AV",0.00,,Y,A,-,N,,,,,,,,,,Y,2,0,2,4,A,-,03,22350,,N,D,E,A,A,H,-,C,D,0,,,,,Y,,A,01,1,0,1,0,0,0,0,0,0,"- ","- ",,,"SAN FRANCISCO","SAN FRANCISCO",-122.43870544433594,37.721645355224609
9759496,2024,2025-01-10,3801,2024-11-26,1319,4286,RICHM,2,5,7,3801,0,0,0,,0,0G3,"CABRILLO ST","7TH AV",0.00,W,N,A,-,N,,,,,,,,,,N,3,0,1,2,A,-,04,21703,,N,C,G,A,A,H,-,A,D,0,,Y,,,Y,,A,01,0,1,0,0,0,0,1,0,0,"- ","- ",,,"SAN FRANCISCO","SAN FRANCISCO",-122.46495819091797,37.775321960449219
9759497,2024,2025-01-10,3801,2024-11-26,1050,392,MISSI,2,5,7,3801,0,0,0,,0,0D6,"POTRERO AV","18TH ST",171.00,S,N,B,-,N,,,,,,,,,,Y,2,0,2,2,A,-,08,22107,,N,B,C,A,B,H,-,A,A,0,,,,,Y,,A,01,1,0,1,0,0,0,0,0,0,"- ","- ",,,"SAN FRANCISCO","SAN FRANCISCO",-122.40718078613281,37.761463165283203
9759498,2024,2025-01-10,3801,2024-11-26,"935 ",1614,MISSI,2,5,7,3801,0,0,0,,0,0D6,"13TH ST","SOUTH VAN NESS AV",0.00,,Y,C,-,N,,,,,,,,,,N,3,0,1,2,A,-,10,21950,A,N,D,B,B,B,H,-,A,A,0,Y,,,,Y,,A,01,0,1,0,0,1,0,0,0,0,"- ","- ",,,"SAN FRANCISCO","SAN FRANCISCO",-122.41777801513672,37.7696533203125
9759499,2024,2025-01-10,3801,2024-11-26,"800 ",156,BAYVI,2,5,7,3801,0,0,0,,0,3C14A,"SAN BRUNO AV","MANSELL ST",0.00,,-,C,-,N,,,,,,,,,,N,4,0,1,2,-,-,"- ",,,N,H,J,A,B,H,-,A,D,0,,,,,Y,,A,08,0,0,1,0,0,0,0,0,0,"- ","- ",,,"SAN FRANCISCO","SAN FRANCISCO",-122.401123046875,37.721637725830078
9759500,2024,2025-01-10,3801,2024-11-26,"811 ",1511,BAYVI,2,5,7,3801,0,0,0,,0,3C11A,"3RD ST","26TH ST",0.00,,Y,C,-,N,,,,,,,,,,Y,4,0,1,2,A,-,00,21206,,N,C,G,A,B,H,-,A,A,0,,Y,,,Y,,L,04,0,0,1,0,0,0,1,0,0,"- ","- ",,,"SAN FRANCISCO","SAN FRANCISCO",-122.38774871826172,37.751552581787109
9759504,2024,2025-01-15,3801,2024-11-27,1755,1333,TARAV,3,5,7,3801,0,0,0,,0,3113D,"NORIEGA ST","31ST AV",70.00,E,N,A,-,N,,,,,,,,,,N,3,0,1,2,A,-,11,21954,A,N,G,B,D,A,H,-,C,D,0,Y,,,,Y,,N,60,0,1,0,0,1,0,0,0,0,"- ","- ",,,"SAN FRANCISCO","SAN FRANCISCO",-122.48908996582031,37.753684997558594
9759505,2024,2025-01-22,3801,2024-11-25,"800 ",4798,NORTH,1,5,7,3801,0,0,0,,0,3E00,"LINCOLN WY","5TH AV",0.00,,Y,B,-,N,,,,,,,,,,N,2,0,1,2,A,-,"- ",,,N,-,C,A,B,H,-,A,-,0,,,,,Y,,A,01,1,0,0,0,0,0,0,0,0,"- ","- ",,,"SAN FRANCISCO","SAN FRANCISCO",-122.462158203125,37.766105651855469
9759506,2024,2025-01-15,3801,2024-11-27,1407,2473,BAYVI,3,5,7,3801,0,0,0,,0,3C12D,"LOOMIS ST","FLOWER ST",315.00,S,N,A,-,N,,,,,,,,,,Y,4,0,1,2,A,-,08,22107,,N,D,C,A,A,H,-,A,D,0,,,,,Y,,A,01,0,0,1,0,0,0,0,0,0,"- ","- ",,,"SAN FRANCISCO","SAN FRANCISCO",-122.40498352050781,37.741302490234375
9759507,2024,2025-01-15,3801,2024-11-27,1300,937,BAYVI,3,5,7,3801,0,0,0,,0,3C60,"EVANS AV","PHELPS ST",0.00,,Y,A,-,N,,,,,,,,,,Y,4,0,3,2,A,-,09,21801,,N,D,C,A,A,H,-,A,A,0,,,,,Y,,A,01,0,0,3,0,0,0,0,0,0,"- ","- ",,,"SAN FRANCISCO","SAN FRANCISCO",-122.38845062255859,37.742977142333984
9759508,2024,2025-01-15,3801,2024-11-27,"745 ",643,TARAV,3,5,7,3801,0,0,0,,0,016,"RANDOLPH ST","CHESTER AV",50.00,E,N,A,-,N,,,,,,,,,,N,3,0,1,2,A,-,11,21955,,N,G,B,D,A,H,-,A,A,0,Y,,,,Y,,N,60,0,1,0,0,1,0,0,0,0,"- ","- ",,,"SAN FRANCISCO","SAN FRANCISCO",-122.47031402587891,37.714244842529297
9759510,2024,2025-01-23,3801,2024-11-25,2350,2110,NORTH,1,5,7,3801,0,0,0,,0,003,"MCALLISTER ST","VAN NESS AV",0.00,,Y,B,-,N,,,,,,,,,,N,4,0,1,2,A,-,08,22107,,N,B,C,A,B,H,-,C,A,0,,,,,Y,,A,01,0,0,1,0,0,0,0,0,0,"- ","- ",,,"SAN FRANCISCO","SAN FRANCISCO",-122.42020416259766,37.780055999755859
9759511,2024,2025-01-15,3801,2024-11-25,1625,1427,TENDE,1,5,7,3801,0,0,0,,0,3JID,"MARKET ST","7TH ST",0.00,,Y,C,-,N,,,,,,,,,,N,4,0,1,1,A,-,03,22350,,N,H,I,A,B,H,-,B,D,0,,Y,,,Y,,L,04,0,0,1,0,0,0,1,0,0,"- ","- ",,,"SAN FRANCISCO","SAN FRANCISCO",-122.41251373291016,37.780479431152344
9759512,2024,2025-01-15,3801,2024-11-25,1658,812,BAYVI,1,5,7,3801,0,0,0,,0,002,"EVANS AV","SELBY ST",103.00,W,N,C,-,N,,,,,,,,,,N,4,0,2,2,A,-,03,22350,,N,-,C,A,B,H,-,C,A,0,,,,,Y,,A,01,0,0,2,0,0,0,0,0,0,"- ","- ",,,"SAN FRANCISCO","SAN FRANCISCO",-122.39434814453125,37.746334075927734
9759514,2024,2025-01-15,3801,2024-11-07,1000,2707,TARAV,4,5,7,3801,0,0,0,,0,5CAR,"ARMORY DR","SKYLINE BL",0.00,,Y,-,-,N,,,,,,,,,,N,4,0,1,2,A,-,08,22107,,F,B,C,A,-,G,-,A,D,0,,,,,Y,Y,A,01,0,0,1,0,0,0,0,0,0,"- ","- ",,,"SAN FRANCISCO","SAN FRANCISCO",,
9759515,2024,2025-01-15,3801,2024-11-27,1516,34,TRAFF,3,5,7,3801,0,0,0,,0,4B4A,"FELL ST","CLAYTON ST",150.00,W,N,A,-,N,,,,,,,,,,N,3,0,1,2,A,-,10,21954,B,N,G,B,E,A,H,-,A,D,0,Y,,,,Y,,A,07,0,1,0,0,1,0,0,0,0,"- ","- ",,,"SAN FRANCISCO","SAN FRANCISCO",-122.44968414306641,37.772510528564453
9759516,2024,2025-01-21,3801,2024-11-14,1857,4140,TENDE,4,5,7,3801,0,0,0,,0,3J12D,"5TH ST","STEVENSON ST",0.00,,Y,A,-,N,,,,,,,,,,N,2,0,1,2,A,-,10,21950,A,N,G,B,D,A,H,-,C,D,0,Y,,,,Y,,A,01,1,0,0,0,1,0,0,0,0,"- ","- ",,,"SAN FRANCISCO","SAN FRANCISCO",-122.40746307373047,37.783512115478516
9759517,2024,2025-01-15,3801,2024-11-24,1233,1994,TRAFF,7,5,7,3801,0,0,0,,0,4B3C,"POWELL ST","SUTTER ST",80.00,S,N,A,-,N,,,,,,,,,,N,3,0,1,2,A,-,11,21950,B,N,G,B,E,A,H,-,A,D,0,Y,,,,Y,,N,60,0,1,0,0,1,0,0,0,0,"- ","- ",,,"SAN FRANCISCO","SAN FRANCISCO",-122.40856170654297,37.789012908935547
9759518,2024,2025-01-15,3801,2024-11-09,"829 ",455,SOUTH,6,5,7,3801,0,0,0,,0,3B11A,"2ND ST","BRANNAN ST",0.00,,Y,A,-,N,,,,,,,,,,N,4,0,1,2,A,-,08,22101,D,N,D,C,A,A,H,-,A,A,0,,,Y,,Y,,A,01,0,0,1,0,0,0,0,0,1,"- ","- ",,,"SAN FRANCISCO","SAN FRANCISCO",-122.39205932617188,37.781837463378906
9759519,2024,2025-01-15,3801,2024-11-19,1535,A25839,MISSI,2,5,7,3801,0,0,0,,0,002,"CLIPPER ST","NOE ST",292.00,W,N,B,-,N,,,,,,,,,,Y,4,0,1,2,A,-,03,22350,,N,C,E,A,A,H,-,A,D,0,,,,,Y,,A,01,0,0,1,0,0,0,0,0,0,"- ","- ",,,"SAN FRANCISCO","SAN FRANCISCO",-122.43264770507812,37.748970031738281
9759520,2024,2025-01-15,3801,2024-11-18,1410,707,TRAFF,1,5,7,3801,0,0,0,,0,4B4C,"SILVER AV","SAN BRUNO AV",0.00,,N,A,-,N,,,,,,,,,,N,2,0,1,2,A,-,11,21955,,N,G,B,D,A,H,-,A,D,0,Y,,,,Y,,N,60,1,0,0,0,1,0,0,0,0,"- ","- ",,,"SAN FRANCISCO","SAN FRANCISCO",-122.40561676025391,37.732444763183594
9759521,2024,2025-01-10,3801,2024-11-06,"954 ",1467,SOUTH,3,5,7,3801,0,0,0,,0,5CAR,"3RD ST","TONI STONE CROSSING",0.00,,Y,A,-,N,,,,,,,,,,N,3,0,1,2,A,-,12,21453,A,N,A,G,A,A,H,-,A,A,0,,Y,,,Y,,A,01,0,1,0,0,0,0,1,0,0,"- ","- ",,,"SAN FRANCISCO","SAN FRANCISCO",-122.389957,37.775388999999997
9759525,2024,2025-01-14,3801,2024-11-25,1232,1372,INGLE,1,5,7,3801,0,0,0,,0,3H11A,"MISSION ST","APPLETON AV",30.00,S,N,C,-,N,,,,,,,,,,Y,4,0,2,2,A,-,03,22350,,N,C,C,A,B,H,-,A,A,0,,,,,Y,,A,01,0,0,2,0,0,0,0,0,0,"- ","- ",,,"SAN FRANCISCO","SAN FRANCISCO",-122.42395782470703,37.738788604736328
9759533,2024,2025-01-10,3801,2024-11-27,1306,209,MISSI,3,5,7,3801,0,0,0,,0,3D11C,"DOUGLASS ST","JERSEY ST",20.00,S,N,A,-,N,,,,,,,,,,Y,4,0,1,2,A,-,03,22350,,N,D,C,A,A,H,-,A,D,0,,,Y,,Y,,C,02,0,0,1,0,0,0,0,0,1,"- ","- ",,,"SAN FRANCISCO","SAN FRANCISCO",-122.43838500976562,37.750164031982422
9759534,2024,2025-01-10,3801,2024-11-28,"820 ",4132,MISSI,4,5,7,3801,0,0,0,,0,4CAR,"CESAR CHAVEZ ST","FOLSOM ST",0.00,,Y,A,-,N,,,,,,,,,,Y,4,0,2,2,A,-,12,21457,A,N,D,C,A,A,H,-,A,A,0,,,,,Y,,A,01,0,0,2,0,0,0,0,0,0,"- ","- ",,,"SAN FRANCISCO","SAN FRANCISCO",-122.41368103027344,37.748313903808594
9759535,2024,2025-01-10,3801,2024-11-29,1409,1352,MISSI,5,5,7,3801,0,0,0,,0,3D14C,"PORTOLA DR","MARKET ST",0.00,,Y,A,-,N,,,,,,,,,,Y,2,0,1,1,A,-,03,22350,,N,E,A,A,A,H,-,A,A,0,,,Y,,Y,,C,02,1,0,0,0,0,0,0,0,1,"- ","- ",,,"SAN FRANCISCO","SAN FRANCISCO",-122.44338226318359,37.750057220458984
9759536,2024,2025-01-10,3801,2024-11-29,1751,2017,MISSI,5,5,7,3801,0,0,0,,0,3D2D,"CLIPPER ST","PORTOLA DR",0.00,,Y,A,-,N,,,,,,,,,,N,4,0,1,2,A,-,10,21950,A,N,G,B,B,A,H,-,C,A,0,Y,,,,Y,,A,01,0,0,1,0,1,0,0,0,0,"- ","- ",,,"SAN FRANCISCO","SAN FRANCISCO",-122.44483947753906,37.746936798095703
9759537,2024,2025-01-17,3801,2024-11-29,2500,17,INGLE,5,5,7,3801,0,0,0,,0,3H14A,"ALEMANY BL","TINGLEY ST",0.00,,Y,A,-,N,,,,,,,,,,Y,4,0,2,3,A,-,09,21804,A,N,D,C,A,A,H,-,A,D,0,,,,,Y,,A,07,0,0,2,0,0,0,0,0,0,"- ","- ",,,"SAN FRANCISCO","SAN FRANCISCO",-122.43402099609375,37.729358673095703
9759541,2024,2025-01-15,3801,2024-12-16,1610,1909,NORTH,1,5,7,3801,0,0,0,,0,NORTHE,"CERVANTES BL","PRADO ST",0.00,,Y,C,-,N,,,,,,,,,,N,4,0,1,2,A,-,10,21950,A,N,G,B,B,B,H,-,B,D,0,Y,,,,Y,,A,07,0,0,1,0,1,0,0,0,0,"- ","- ",,,"SAN FRANCISCO","SAN FRANCISCO",-122.44046020507812,37.804714202880859
9759542,2024,2025-01-15,3801,2024-12-14,2030,2147,NORTH,6,5,7,3801,0,0,0,,0,3E15E,"DIVISADERO ST","GREENWICH ST",0.00,,Y,B,-,N,,,,,,,,,,Y,4,0,2,2,A,-,12,22450,A,N,D,C,A,B,H,-,C,A,0,,,,,Y,,A,01,0,0,2,0,0,0,0,0,0,"- ","- ",,,"SAN FRANCISCO","SAN FRANCISCO",-122.44245910644531,37.798110961914062
9759543,2024,2025-01-15,3801,2024-12-19,1631,2419,RICHM,4,5,7,3801,0,0,0,,0,908,"EL CAMINO DEL MAR","27TH ST",0.00,,Y,A,-,N,,,,,,,,,,N,4,0,1,3,A,-,08,22107,,N,D,C,A,A,H,-,B,A,0,,,Y,,Y,,A,01,0,0,1,0,0,0,0,0,1,"- ","- ",,,"SAN FRANCISCO","SAN FRANCISCO",-122.48741912841797,37.787506103515625
9759544,2024,2025-01-15,3801,2024-12-18,2015,1185,TENDE,3,5,7,3801,0,0,0,,0,3J15D,"SAN BRUNO AV","GAVIN ST",0.00,,Y,-,-,N,,,,,,,,,,N,4,0,1,2,A,-,10,21950,,N,G,B,B,-,-,-,-,-,0,Y,,,,Y,,-,99,0,0,1,0,1,0,0,0,0,"- ","- ",,,"SAN FRANCISCO","SAN FRANCISCO",-122.40653991699219,37.734058380126953
9759545,2024,2025-01-16,3801,2024-12-19,"820 ",1424,SOUTH,4,5,7,3801,0,0,0,,0,03B,"POTRERO AV","16TH ST",230.00,N,N,A,-,N,,,,,,,,,,N,4,0,1,2,A,-,08,22107,,M,B,C,A,A,H,-,A,D,0,,,,,Y,,A,01,0,0,1,0,0,0,0,0,0,"- ","- ",,,"SAN FRANCISCO","SAN FRANCISCO",-122.40761566162109,37.766399383544922
9759546,2024,2025-01-15,3801,2024-12-18,2340,1538,TENDE,3,5,7,3801,0,0,0,,0,,"MISSION ST","ANGELOS ALY",0.00,,Y,A,-,N,,,,,,,,,,N,4,0,1,2,A,-,09,21804,A,N,D,G,A,D,H,-,C,D,0,,Y,,,Y,,A,01,0,0,1,0,0,0,1,0,0,"- ","- ",,,"SAN FRANCISCO","SAN FRANCISCO",-122.41226959228516,37.778156280517578
9759547,2024,2025-01-15,3801,2024-12-16,1744,1702,RICHM,1,5,7,3801,0,0,0,,0,3G3D,"12TH AV","CALIFORNIA ST",0.00,,Y,A,-,N,,,,,,,,,,N,3,0,1,2,A,-,12,21453,A,N,G,B,B,B,H,-,C,A,0,Y,,,,Y,,-,99,0,1,0,0,1,0,0,0,0,"- ","- ",,,"SAN FRANCISCO","SAN FRANCISCO",-122.47097778320312,37.784519195556641
9759548,2024,2025-01-15,3801,2024-12-14,1951,1066,NORTH,6,5,7,3801,0,0,0,,0,3E2,"DIVISADERO ST","FULTON ST",0.00,,Y,B,-,N,,,,,,,,,,N,4,0,1,2,A,-,09,21801,A,N,D,C,A,B,H,-,A,A,0,,,Y,,Y,,A,01,0,0,1,0,0,0,0,0,1,"- ","- ",,,"SAN FRANCISCO","SAN FRANCISCO",-122.43816375732422,37.776859283447266
9759549,2024,2025-01-16,3801,2024-12-12,1651,2459,SOUTH,4,5,7,3801,0,0,0,,0,3B15D,"16TH ST","VERMONT ST",0.00,,Y,B,-,N,,,,,,,,,,N,4,0,1,2,D,-,00,,,N,D,C,A,B,H,-,B,A,0,,,,,Y,,-,"- ",0,0,1,0,0,0,0,0,0,"- ","- ",,,"SAN FRANCISCO","SAN FRANCISCO",-122.40463256835938,37.765960693359375