CASE_ID,ACCIDENT_YEAR,PROC_DATE,JURIS,COLLISION_DATE,COLLISION_TIME,OFFICER_ID,REPORTING_DISTRICT,DAY_OF_WEEK,CHP_SHIFT,POPULATION,CNTY_CITY_LOC,SPECIAL_COND,BEAT_TYPE,CHP_BEAT_TYPE,CITY_DIVISION_LAPD,CHP_BEAT_CLASS,BEAT_NUMBER,PRIMARY_RD,SECONDARY_RD,DISTANCE,DIRECTION,INTERSECTION,WEATHER_1,WEATHER_2,STATE_HWY_IND,CALTRANS_COUNTY,CALTRANS_DISTRICT,STATE_ROUTE,ROUTE_SUFFIX,POSTMILE_PREFIX,POSTMILE,LOCATION_TYPE,RAMP_INTERSECTION,SIDE_OF_HWY,TOW_AWAY,COLLISION_SEVERITY,NUMBER_KILLED,NUMBER_INJURED,PARTY_COUNT,PRIMARY_COLL_FACTOR,PCF_CODE_OF_VIOL,PCF_VIOL_CATEGORY,PCF_VIOLATION,PCF_VIOL_SUBSECTION,HIT_AND_RUN,TYPE_OF_COLLISION,MVIW,PED_ACTION,ROAD_SURFACE,ROAD_COND_1,ROAD_COND_2,LIGHTING,CONTROL_DEVICE,CHP_ROAD_TYPE,PEDESTRIAN_ACCIDENT,BICYCLE_ACCIDENT,MOTORCYCLE_ACCIDENT,TRUCK_ACCIDENT,NOT_PRIVATE_PROPERTY,ALCOHOL_INVOLVED,STWD_VEHTYPE_AT_FAULT,CHP_VEHTYPE_AT_FAULT,COUNT_SEVERE_INJ,COUNT_VISIBLE_INJ,COUNT_COMPLAINT_PAIN,COUNT_PED_KILLED,COUNT_PED_INJURED,COUNT_BICYCLIST_KILLED,COUNT_BICYCLIST_INJURED,COUNT_MC_KILLED,COUNT_MC_INJURED,PRIMARY_RAMP,SECONDARY_RAMP,LATITUDE,LONGITUDE,COUNTY,CITY,POINT_X,POINT_Y
9759550,2024,2025-01-15,3801,2024-12-22,"442 ",784,SOUTH,7,5,7,3801,0,0,0,,0,3B16E,"VALENCIA ST","DUBOCE ST",0.00,,Y,C,-,N,,,,,,,,,,Y,4,0,1,3,A,-,01,23152,A,N,B,E,F,B,H,-,C,D,0,Y,,,,Y,Y,A,01,0,0,1,0,1,0,0,0,0,"- ","- ",,,"SAN FRANCISCO","SAN FRANCISCO",-122.42236328125,37.769866943359375
9759551,2024,2025-01-15,3801,2024-12-21,1955,359,SOUTH,6,5,7,3801,0,0,0,,0,3E6D,"VAN NESS AV","HICKORY ST",0.00,,Y,C,-,N,,,,,,,,,,N,3,0,1,2,A,-,17,21235,G,F,A,B,B,B,H,-,C,A,0,Y,,,,Y,,-,99,0,1,0,0,1,0,0,0,0,"- ","- ",,,"SAN FRANCISCO","SAN FRANCISCO",-122.41940307617188,37.775905609130859
9759552,2024,2025-01-15,3801,2024-12-21,1820,2470,CENTR,6,5,7,3801,0,0,0,,0,3A11D,"SUTTER ST","JONES ST",0.00,,Y,C,-,N,,,,,,,,,,N,4,0,1,2,A,-,10,21950,A,N,G,B,B,B,H,-,C,A,0,Y,,,,Y,,A,07,0,0,1,0,1,0,0,0,0,"- ","- ",,,"SAN FRANCISCO","SAN FRANCISCO",-122.41352081298828,37.788597106933594
9759553,2024,2025-01-15,3801,2024-12-21,1747,230,TENDE,6,5,7,3801,0,0,0,,0,3J11D,"OFARRELL ST","LARKIN ST",0.00,,Y,C,-,N,,,,,,,,,,N,3,0,1,2,A,-,10,21950,A,N,G,B,B,B,H,-,C,A,0,Y,,,,Y,,A,01,0,1,0,0,1,0,0,0,0,"- ","- ",,,"SAN FRANCISCO","SAN FRANCISCO",-122.41790008544922,37.785167694091797
9759554,2024,2025-01-16,3801,2024-12-21,1717,1368,CENTR,6,5,7,3801,0,0,0,,0,3A12D,"KEARNY ST","SUTTER ST",0.00,,Y,C,-,N,,,,,,,,,,N,4,0,1,2,A,-,10,21950,A,F,G,B,B,B,H,-,C,A,0,Y,,,,Y,,-,99,0,0,1,0,1,0,0,0,0,"- ","- ",,,"SAN FRANCISCO","SAN FRANCISCO",-122.40383911132812,37.789829254150391
9759555,2024,2025-01-15,3801,2024-12-21,1300,798,NORTH,6,5,7,3801,0,0,0,,0,3E12D,"MASONIC AV","FULTON ST",0.00,,Y,B,C,N,,,,,,,,,,N,2,0,1,2,A,-,08,22107,,N,D,G,A,B,H,-,A,A,0,,Y,,,Y,,A,07,1,0,0,0,0,0,1,0,0,"- ","- ",,,"SAN FRANCISCO","SAN FRANCISCO",-122.44647216796875,37.775791168212891
9759556,2024,2025-01-15,3801,2024-12-20,1750,1371,NORTH,5,5,7,3801,0,0,0,,0,001,"FELL ST","OCTAVIA ST",19.00,W,N,A,-,N,,,,,,,,,,Y,3,0,1,2,A,-,08,22107,,N,D,C,A,A,H,-,C,A,0,,,Y,,Y,,A,01,0,1,0,0,0,0,0,0,1,"- ","- ",,,"SAN FRANCISCO","SAN FRANCISCO",-122.42454528808594,37.775711059570312
9759557,2024,2025-01-15,3801,2024-12-20,1717,964,NORTH,5,5,7,3801,0,0,0,,0,3E13D,"TURK ST","GOUGH ST",0.00,,Y,A,-,N,,,,,,,,,,N,4,0,1,2,A,-,08,22107,,F,B,C,A,A,H,-,C,A,0,,,Y,,Y,,A,01,0,0,1,0,0,0,0,0,1,"- ","- ",,,"SAN FRANCISCO","SAN FRANCISCO",-122.42391967773438,37.781532287597656
9759558,2024,2025-01-15,3801,2024-12-20,"856 ",2395,SOUTH,5,5,7,3801,0,0,0,,0,3B14A,"8TH ST","HARRISON ST",50.00,S,N,A,-,N,,,,,,,,,,N,3,0,1,2,A,-,08,22107,,N,D,G,A,A,H,-,A,A,0,,Y,,,Y,,D,22,0,1,0,0,0,0,1,0,0,"- ","- ",37.773769378662109,-122.40850067138672,"SAN FRANCISCO","SAN FRANCISCO",-122.40840911865234,37.773662567138672
9759559,2024,2025-01-16,3801,2024-12-20,"807 ",1304,NORTH,5,5,7,3801,0,0,0,,0,,"POLK ST","POST ST",0.00,,Y,A,-,N,,,,,,,,,,N,2,0,1,2,A,-,12,21453,A,N,D,J,A,A,H,-,A,A,0,,,,,Y,,M,94,1,0,0,0,0,0,0,0,0,"- ","- ",,,"SAN FRANCISCO","SAN FRANCISCO",-122.41989898681641,37.786834716796875
9759560,2024,2025-01-15,3801,2024-12-19,2000,2342,NORTH,4,5,7,3801,0,0,0,,0,3E14D,"DIVISADERO ST","PINE ST",0.00,,Y,A,-,N,,,,,,,,,,Y,4,0,1,2,A,-,08,22100,A,N,E,I,A,A,H,-,C,A,0,,,,,Y,Y,-,99,0,0,1,0,0,0,0,0,0,"- ","- ",,,"SAN FRANCISCO","SAN FRANCISCO",-122.44023895263672,37.787120819091797
9759561,2024,2025-01-16,3801,2024-12-05,1833,326,TARAV,4,5,7,3801,0,0,0,,0,3111D,"19TH AV","KIRKHAM ST",0.00,,Y,A,-,N,,,,,,,,,,N,4,0,1,2,A,-,09,21801,,N,A,G,A,A,H,-,C,A,0,,Y,,,Y,,-,,0,0,1,0,0,0,1,0,0,"- ","- ",,,"SAN FRANCISCO","SAN FRANCISCO",-122.47682952880859,37.759834289550781
9759562,2024,2025-01-16,3801,2024-12-05,1819,2237,TARAV,4,5,7,3801,0,0,0,,0,00I,"JUNIPERO SERRA BL","BROTHERHOOD WY",0.00,,Y,A,-,N,,,,,,,,,,N,4,0,1,2,A,-,04,21703,,N,C,C,A,A,H,-,C,A,0,,,,,Y,,A,01,0,0,1,0,0,0,0,0,0,"- ","- ",,,"SAN FRANCISCO","SAN FRANCISCO",-122.47118377685547,37.712699890136719
9759563,2024,2025-01-16,3801,2024-12-05,1707,2222,TARAV,4,5,7,3801,0,0,0,,0,312D,"SKYLINE BL","LAKE MERCED BL",0.00,,Y,A,-,N,,,,,,,,,,N,2,0,1,2,A,-,08,22107,,N,A,C,A,A,H,-,B,A,0,,,,,Y,,A,01,1,0,0,0,0,0,0,0,0,"- ","- ",,,"SAN FRANCISCO","SAN FRANCISCO",-122.49894714355469,37.731536865234375
9759564,2024,2025-01-16,3801,2024-12-05,"912 ",2747,TARAV,4,5,7,3801,0,0,0,,0,006,"ALEMANY BL","SAGAMORE ST",0.00,,Y,A,-,N,,,,,,,,,,N,2,0,1,2,A,-,10,21950,A,N,G,B,C,A,H,-,A,D,0,Y,,,,Y,,A,01,1,0,0,0,1,0,0,0,0,"- ","- ",,,"SAN FRANCISCO","SAN FRANCISCO",-122.46316528320312,37.711448669433594
9759565,2024,2025-01-16,3801,2024-12-05,"814 ",961,MISSI,4,5,7,3801,0,0,0,,0,3D15A,"POTRERO AV","23RD ST",0.00,,Y,A,-,N,,,,,,,,,,N,4,0,1,2,A,-,12,21453,A,N,D,C,A,A,H,-,A,A,0,,,,,Y,,A,07,0,0,1,0,0,0,0,0,0,"- ","- ",,,"SAN FRANCISCO","SAN FRANCISCO",-122.40647125244141,37.75457763671875
9759566,2024,2025-01-16,3801,2024-12-12,"416 ",1051,BAYVI,4,5,7,3801,0,0,0,,0,3C12E,"EVANS ST","SELBY ST",150.00,W,N,C,-,N,,,,,,,,,,N,4,0,1,2,A,-,00,20001,,F,G,B,E,B,H,-,D,D,0,Y,,,,Y,Y,A,01,0,0,1,0,1,0,0,0,0,"- ","- ",,,"SAN FRANCISCO","SAN FRANCISCO",-122.39448547363281,37.746406555175781
9759567,2024,2025-01-16,3801,2024-12-11,1625,1350,BAYVI,3,5,7,3801,0,0,0,,0,3C13D,"INGALLS ST","HUDSON AV",0.00,,Y,A,-,N,,,,,,,,,,N,4,0,1,2,A,-,09,21801,A,N,D,C,A,A,H,-,B,A,0,,,Y,,Y,,A,01,0,0,1,0,0,0,0,0,1,"- ","- ",,,"SAN FRANCISCO","SAN FRANCISCO",-122.37961578369141,37.73248291015625
9759568,2024,2025-01-23,3801,2024-12-10,1730,1940,SOUTH,2,5,7,3801,0,0,0,,0,3B13D,"77 CONNECTICUT ST","17TH ST",0.00,N,N,A,-,N,,,,,,,,,,N,4,0,1,2,A,-,08,22107,,N,G,G,A,A,H,-,B,D,0,,Y,,,Y,,A,01,0,0,1,0,0,0,1,0,0,"- ","- ",,,"SAN FRANCISCO","SAN FRANCISCO",-122.39775085449219,37.765071868896484
9759569,2024,2025-01-16,3801,2024-12-10,1731,230,TENDE,2,5,7,3801,0,0,0,,0,3J12D,"TURK ST","MASON ST",120.00,W,N,A,-,N,,,,,,,,,,N,4,0,1,2,A,-,17,21657,,N,A,G,A,A,H,-,C,D,0,,Y,,,Y,,L,04,0,0,1,0,0,0,1,0,0,"- ","- ",,,"SAN FRANCISCO","SAN FRANCISCO",-122.40952301025391,37.783359527587891
9759570,2024,2025-01-16,3801,2024-12-10,1415,2750,TRAFF,2,5,7,3801,0,0,0,,0,3C13A,"MENDELL ST","LA SALLE AV",0.00,,Y,A,-,N,,,,,,,,,,Y,4,0,1,2,A,-,12,22450,,F,B,C,A,A,H,-,A,D,0,,,,,Y,,A,01,0,0,1,0,0,0,0,0,0,"- ","- ",,,"SAN FRANCISCO","SAN FRANCISCO",-122.38870239257812,37.736431121826172
9759571,2024,2025-01-27,3801,2024-12-06,1440,4275,TARAV,5,5,7,3801,0,0,0,,0,3116A,"LAKE MERCED BL","STATE DR",261.00,N,N,A,-,N,,,,,,,,,,Y,4,0,2,2,A,-,04,21703,,N,C,B,A,A,H,-,A,D,0,,,,,Y,,A,01,0,0,2,0,0,0,0,0,0,"- ","- ",,,"SAN FRANCISCO","SAN FRANCISCO",-122.48443603515625,37.725589752197266
9759572,2024,2025-01-23,3801,2024-12-02,1535,2325,MISSI,1,5,7,3801,0,0,0,,0,PATROL,"POTRERO AV","19TH ST",12.00,S,N,A,-,N,,,,,,,,,,N,4,0,1,2,A,-,05,21651,A,N,D,C,A,A,H,-,A,A,0,,,,,Y,,-,,0,0,1,0,0,0,0,0,0,"- ","- ",,,"SAN FRANCISCO","SAN FRANCISCO",-122.40708923339844,37.760635375976562
9759573,2024,2025-01-16,3801,2024-12-11,1557,2107,NORTH,3,5,7,3801,0,0,0,,0,3E16E,"POLK ST","VALLEJO ST",438.00,S,N,A,-,N,,,,,,,,,,N,4,0,1,2,A,-,17,22517,,N,B,G,A,A,H,-,A,D,0,,Y,,,Y,,A,01,0,0,1,0,0,0,1,0,0,"- ","- ",,,"SAN FRANCISCO","SAN FRANCISCO",-122.42171478271484,37.795703887939453
9759574,2024,2025-01-16,3801,2024-12-11,"36  ",1527,NORTH,3,5,7,3801,0,0,0,,0,0E1,"OCATAVIO ST","OAK ST",0.00,,Y,A,-,N,,,,,,,,,,Y,4,0,1,2,A,-,12,21453,A,N,D,C,A,A,H,-,C,A,0,,,,,Y,,A,01,0,0,1,0,0,0,0,0,0,"- ","- ",,,"SAN FRANCISCO","SAN FRANCISCO",,
9759575,2024,2025-01-16,3801,2024-12-10,"902 ",2202,INGLE,2,5,7,3801,0,0,0,,0,3H12A,"ONEIDA AV","SAN JOSE AV",0.00,,Y,A,-,N,,,,,,,,,,N,4,0,1,2,A,-,10,21950,A,N,G,B,B,A,-,-,A,D,0,Y,,,,Y,,A,01,0,0,1,0,1,0,0,0,0,"- ","- ",,,"SAN FRANCISCO","SAN FRANCISCO",-122.44499206542969,37.722690582275391
9759576,2024,2025-01-16,3801,2024-12-09,2126,4833,NORTH,1,5,7,3801,0,0,0,,0,3E00,"GOUGH ST",BROADWAY,0.00,,Y,A,-,N,,,,,,,,,,N,4,0,1,2,D,-,00,,,M,C,C,A,A,H,-,C,A,0,,,,,Y,,-,"- ",0,0,1,0,0,0,0,0,0,"- ","- ",,,"SAN FRANCISCO","SAN FRANCISCO",-122.42669677734375,37.795318603515625
9759577,2024,2025-01-16,3801,2024-12-08,"214 ",382,NORTH,7,5,7,3801,0,0,0,,0,3E15E,"FILLMORE ST","CHESTNUT ST",5.00,N,N,A,-,N,,,,,,,,,,N,3,0,1,1,A,-,03,22350,,N,F,J,A,A,H,-,C,A,0,,,Y,,Y,,C,02,0,1,0,0,0,0,0,0,1,"- ","- ",,,"SAN FRANCISCO","SAN FRANCISCO",-122.43627166748047,37.80084228515625
9759578,2024,2025-01-16,3801,2024-12-07,2006,5,NORTH,6,5,7,3801,0,0,0,,0,3E11D,"GEARY BL","STEINER ST",0.00,,Y,A,-,N,,,,,,,,,,Y,4,0,1,2,A,-,08,22101,D,N,D,C,A,A,H,-,C,A,0,,,,,Y,,A,01,0,0,1,0,0,0,0,0,0,"- ","- ",,,"SAN FRANCISCO","SAN FRANCISCO",-122.43457794189453,37.784320831298828
9759579,2024,2025-01-16,3801,2024-12-02,1345,2439,CENTR,1,5,7,3801,0,0,0,,0,3A60,"KEARNY ST","GEARY ST",0.00,,Y,A,-,N,,,,,,,,,,N,3,0,1,2,A,-,"- ",,,N,G,B,F,A,H,-,A,D,0,Y,Y,,,Y,,L,04,0,1,0,0,1,0,0,0,0,"- ","- ",,,"SAN FRANCISCO","SAN FRANCISCO",-122.40351104736328,37.787948608398438
9759580,2024,2025-01-16,3801,2024-12-02,1335,1500,CENTR,1,5,7,3801,0,0,0,,0,3A14A,"THE EMBARCADERO",BROADWAY,28.00,N,N,A,-,N,,,,,,,,,,N,4,0,1,2,A,-,08,22107,,N,B,J,A,A,H,-,A,D,0,,,,,Y,,A,07,0,0,1,0,0,0,0,0,0,"- ","- ",,,"SAN FRANCISCO","SAN FRANCISCO",-122.39781951904297,37.799243927001953
9759581,2024,2025-01-14,3801,2024-12-02,"818 ",1396,SOUTH,1,5,7,3801,0,0,0,,0,3B14A,"ROSE ST","MARKET ST",127.00,W,N,A,-,N,,,,,,,,,,N,3,0,1,2,A,-,11,21954,A,N,G,B,E,A,H,-,A,D,0,Y,,,,Y,,N,60,0,1,0,0,1,0,0,0,0,"- ","- ",,,"SAN FRANCISCO","SAN FRANCISCO",-122.42157745361328,37.773693084716797
9759582,2024,2025-01-14,3801,2024-12-02,"630 ",2362,PARK,1,5,7,3801,0,0,0,,0,3F4A,"14TH ST","CASTRO ST",0.00,,Y,A,-,N,,,,,,,,,,N,4,0,1,2,A,-,10,21950,A,N,G,B,B,A,H,-,B,A,0,Y,,,,Y,,A,01,0,0,1,0,1,0,0,0,0,"- ","- ",,,"SAN FRANCISCO","SAN FRANCISCO",-122.43562316894531,37.767330169677734
9759583,2024,2025-01-14,3801,2024-12-01,1907,1637,SOUTH,7,5,7,3801,0,0,0,,0,3B2D,"4TH ST","CLARA ST",0.00,,Y,A,-,N,,,,,,,,,,N,3,0,1,2,A,-,12,21453,,N,B,C,A,A,H,-,C,A,0,,,Y,,Y,Y,C,03,0,1,0,0,0,0,0,0,1,"- ","- ",,,"SAN FRANCISCO","SAN FRANCISCO",-122.400146484375,37.781200408935547
9759584,2024,2025-01-14,3801,2024-12-04,1003,424,NORTH,3,5,7,3801,0,0,0,,0,3E11A,"OAK ST","FILLMORE ST",0.00,,Y,A,-,N,,,,,,,,,,N,4,0,1,2,A,-,08,22107,,N,B,G,A,A,H,-,A,A,0,,Y,,,Y,,A,01,0,0,1,0,0,0,1,0,0,"- ","- ",,,"SAN FRANCISCO","SAN FRANCISCO",-122.43080902099609,37.773971557617188
9759585,2024,2025-01-14,3801,2024-12-04,"559 ",2369,TENDE,3,5,7,3801,0,0,0,,0,3J13A,"EDDY ST","HYDE ST",0.00,,Y,A,-,N,,,,,,,,,,Y,4,0,1,2,A,-,09,21804,A,F,D,G,A,A,H,-,C,A,0,,Y,,,Y,,A,01,0,0,1,0,0,0,1,0,0,"- ","- ",,,"SAN FRANCISCO","SAN FRANCISCO",-122.41588592529297,37.783512115478516
9759586,2024,2025-01-14,3801,2024-12-03,1748,1909,NORTH,2,5,7,3801,0,0,0,,0,NORTHE,"WEBSTER ST","GREENWICH ST",38.00,S,N,A,-,N,,,,,,,,,,N,4,0,1,2,A,-,21,22106,,N,D,C,A,A,H,-,C,D,0,,,,,Y,,A,01,0,0,1,0,0,0,0,0,0,"- ","- ",,,"SAN FRANCISCO","SAN FRANCISCO",-122.43418884277344,37.799057006835938
9759587,2024,2025-01-14,3801,2024-12-03,1227,2038,PARK,2,5,7,3801,0,0,0,,0,3F1C,"IRVING ST","5TH AV",0.00,,Y,A,-,N,,,,,,,,,,N,4,0,2,2,A,-,09,21802,A,N,D,C,A,A,H,-,A,A,0,,,,,Y,,A,01,0,0,2,0,0,0,0,0,0,"- ","- ",,,"SAN FRANCISCO","SAN FRANCISCO",-122.46204376220703,37.764232635498047
9759588,2024,2025-01-14,3801,2024-12-03,"903 ",2008,MISSI,2,5,7,3801,0,0,0,,0,3D13A,"VALENCIA ST","23RD ST",0.00,,Y,A,-,N,,,,,,,,,,N,3,0,2,2,A,-,12,21453,A,N,D,C,A,A,H,-,A,A,0,,,,,Y,,M,94,0,2,0,0,0,0,0,0,0,"- ","- ",,,"SAN FRANCISCO","SAN FRANCISCO",-122.42080688476562,37.753704071044922
9759589,2024,2025-01-14,3801,2024-12-02,2013,255,INGLE,1,5,7,3801,0,0,0,,0,3H61,"SAN JOSE AV","30TH ST",0.00,,Y,A,-,N,,,,,,,,,,Y,3,0,3,2,A,-,09,21801,A,N,D,C,A,A,H,-,C,A,0,,,,,Y,,A,01,0,3,0,0,0,0,0,0,0,"- ","- ",,,"SAN FRANCISCO","SAN FRANCISCO",-122.42333984375,37.742301940917969
9759590,2024,2025-01-14,3801,2024-12-02,"135 ",1078,NORTH,1,5,7,3801,0,0,0,,0,3E13E,"GOUGH ST","BUSH ST",0.00,,Y,A,-,N,,,,,,,,,,N,3,0,1,2,A,-,12,21453,A,N,D,C,A,A,H,-,C,A,0,,,,,Y,,A,01,0,1,0,0,0,0,0,0,0,"- ","- ",,,"SAN FRANCISCO","SAN FRANCISCO",-122.42523956298828,37.788066864013672
9759591,2024,2025-01-14,3801,2024-12-03,"950 ",2467,BAYVI,2,5,7,3801,0,0,0,,0,5CAR,"THOMAS AV","KEITH ST",0.00,,Y,A,-,N,,,,,,,,,,N,4,0,1,2,A,-,12,22450,,N,D,C,A,A,H,-,A,A,0,,,,,Y,,A,01,0,0,1,0,0,0,0,0,0,"- ","- ",,,"SAN FRANCISCO","SAN FRANCISCO",-122.38941955566406,37.729351043701172
9759592,2024,2025-01-22,3801,2024-12-05,"815 ",2310,BAYVI,4,5,7,3801,0,0,0,,0,3C2A,"POMONA ST","POMONA ST 50",0.00,,-,A,-,N,,,,,,,,,,Y,4,0,1,3,A,-,09,21804,A,N,D,C,A,A,H,-,A,A,0,,,,,Y,,A,01,0,0,1,0,0,0,0,0,0,"- ","- ",,,"SAN FRANCISCO","SAN FRANCISCO",,
9759593,2024,2025-01-14,3801,2024-12-04,1845,226,BAYVI,3,5,7,3801,0,0,0,,0,3C13D,"3RD ST","EVANS AV",33.00,N,N,A,-,N,,,,,,,,,,N,4,0,1,2,A,-,04,21703,,N,C,C,A,A,H,-,C,A,0,,,,,Y,,A,01,0,0,1,0,0,0,0,0,0,"- ","- ",,,"SAN FRANCISCO","SAN FRANCISCO",-122.38798522949219,37.742816925048828
9759594,2024,2025-01-14,3801,2024-12-01,1415,2088,INGLE,7,5,7,3801,0,0,0,,0,3H2A,"MORSE ST","CURTIS ST",0.00,,Y,A,-,N,,,,,,,,,,N,3,0,1,2,A,-,10,21950,A,N,-,B,B,A,H,-,A,A,0,Y,,,,Y,,A,01,0,1,0,0,1,0,0,0,0,"- ","- ",,,"SAN FRANCISCO","SAN FRANCISCO",-122.43958282470703,37.712917327880859
9759596,2024,2025-07-03,3801,2024-12-06,1150,2395,SOUTH,5,5,7,3801,0,0,0,,0,3B14A,"4TH ST","LONG BRIDGE ST",0.00,,Y,A,-,N,,,,,,,,,,N,4,0,1,2,A,-,10,21950,A,N,G,B,B,A,H,-,A,D,0,Y,,,,Y,,A,01,0,0,1,0,1,0,0,0,0,"- ","- ",37.773448944091797,-122.39145660400391,"SAN FRANCISCO","SAN FRANCISCO",-122.3914794921875,37.773639678955078
9759597,2024,2025-01-14,3801,2024-12-06,"208 ",2028,SOUTH,5,5,7,3801,0,0,0,,0,3B15E,"FRANCE AV","MOSCOW ST",110.00,E,N,A,-,N,,,,,,,,,,Y,4,0,1,2,A,-,03,22350,,M,D,C,A,A,H,-,C,D,0,,,,,Y,,A,01,0,0,1,0,0,0,0,0,0,"- ","- ",,,"SAN FRANCISCO","SAN FRANCISCO",-122.43080902099609,37.716484069824219
9759598,2024,2025-01-14,3801,2024-12-06,"133 ",1207,TENDE,5,5,7,3801,0,0,0,,0,,"MARKET ST","9TH ST",0.00,,Y,A,-,N,,,,,,,,,,Y,2,0,1,2,A,-,10,21950,A,N,G,B,B,A,H,-,C,A,0,Y,,,,Y,,A,01,1,0,0,0,1,0,0,0,0,"- ","- ",,,"SAN FRANCISCO","SAN FRANCISCO",-122.41632843017578,37.777500152587891
9759599,2024,2025-01-14,3801,2024-12-05,2012,359,NORTH,4,5,7,3801,0,0,0,,0,3E12D,"WEBSTER ST","FULTON ST",0.00,,Y,A,-,N,,,,,,,,,,N,2,0,1,2,A,-,10,21950,A,N,G,B,B,A,H,-,C,A,0,Y,,,,Y,,A,07,1,0,0,0,1,0,0,0,0,"- ","- ",,,"SAN FRANCISCO","SAN FRANCISCO",-122.42990875244141,37.777912139892578
9759600,2024,2025-01-14,3801,2024-12-05,1445,1304,NORTH,4,5,7,3801,0,0,0,,0,3E12A,"BAY ST","BUCHANAN ST",0.00,,Y,A,-,N,,,,,,,,,,N,4,0,1,2,A,-,12,22450,A,N,D,J,A,A,H,-,A,A,0,,,,,Y,,A,01,0,0,1,0,0,0,0,0,0,"- ","- ",,,"SAN FRANCISCO","SAN FRANCISCO",-122.43333435058594,37.803070068359375
9759613,2024,2025-01-28,3801,2024-12-05,1251,1273,CENTR,4,5,7,3801,0,0,0,,0,,"KEARNY ST","PINE ST",0.00,,Y,A,-,N,,,,,,,,,,N,4,0,1,2,A,-,08,22100,B,N,G,B,B,A,H,-,A,A,0,Y,,,,Y,,A,01,0,0,1,0,1,0,0,0,0,"- ","- ",,,"SAN FRANCISCO","SAN FRANCISCO",-122.40421295166016,37.791694641113281
9759614,2024,2025-07-03,3801,2024-12-05,1236,719,CENTR,4,5,7,3801,0,0,0,,0,3A11A,"FREMONT ST","MARKET ST",45.00,S,N,A,-,N,,,,,,,,,,N,4,0,1,2,A,-,03,22350,,F,C,C,A,A,H,-,A,D,0,,,,,Y,Y,A,01,0,0,1,0,0,0,0,0,0,"- ","- ",,,"SAN FRANCISCO","SAN FRANCISCO",-122.39822387695312,37.791606903076172
9759615,2024,2025-01-28,3801,2024-12-05,1222,1489,TENDE,4,5,7,3801,0,0,0,,0,3J14A,"JONES ST","MCALLISTER ST",103.00,N,N,A,-,N,,,,,,,,,,N,4,0,1,2,A,-,03,22350,,N,B,E,A,A,C,-,A,D,0,,,Y,,Y,,C,06,0,0,1,0,0,0,0,0,0,"- ","- ",,,"SAN FRANCISCO","SAN FRANCISCO",-122.41208648681641,37.781410217285156
9759617,2024,2025-01-28,3801,2024-12-05,1110,1003,INGLE,4,5,7,3801,0,0,0,,0,3CAR,"BRAZIL AV","MOSCOW ST",0.00,,Y,A,-,N,,,,,,,,,,Y,4,0,1,2,A,-,00,22016,,N,E,J,A,A,H,-,A,D,0,,,,,Y,,A,01,0,0,1,0,0,0,0,0,0,"- ","- ",,,"SAN FRANCISCO","SAN FRANCISCO",-122.42761993408203,37.721248626708984
9759618,2024,2025-01-28,3801,2024-12-04,1838,1355,TARAV,3,5,7,3801,0,0,0,,0,3115D,"HOLLOWAY AV","19TH AV",0.00,,Y,A,-,N,,,,,,,,,,Y,4,0,1,2,A,-,08,22107,,N,D,C,A,A,H,-,C,D,0,,,Y,,Y,,C,02,0,0,1,0,0,0,0,0,1,"- ","- ",,,"SAN FRANCISCO","SAN FRANCISCO",-122.47537231445312,37.720954895019531
9759619,2024,2025-01-28,3801,2024-12-04,1814,158,NORTH,3,5,7,3801,0,0,0,,0,3E14D,"DIVISADERO ST",BROADWAY,0.00,,Y,A,-,N,,,,,,,,,,Y,4,0,3,2,A,-,09,21800,A,N,-,C,A,A,H,-,C,A,0,,,,,Y,,A,07,0,0,3,0,0,0,0,0,0,"- ","- ",,,"SAN FRANCISCO","SAN FRANCISCO",-122.4415283203125,37.793430328369141
9759620,2024,2025-01-28,3801,2024-12-04,1658,359,SOUTH,3,5,7,3801,0,0,0,,0,3B61,"11TH ST","DIVISION ST",153.00,N,N,A,-,N,,,,,,,,,,N,4,0,1,2,A,-,08,22107,,N,D,C,A,A,H,-,C,D,0,,,,,Y,,A,01,0,0,1,0,0,0,0,0,0,"- ","- ",,,"SAN FRANCISCO","SAN FRANCISCO",-122.41136169433594,37.769752502441406
9759621,2024,2025-01-22,3801,2024-12-04,"928 ",748,CENTR,3,5,7,3801,0,0,0,,0,0A1,"GEARY ST","JONES ST",85.00,W,N,A,-,N,,,,,,,,,,N,3,0,1,2,A,-,04,21703,,N,C,C,A,A,H,-,A,D,0,,,Y,,Y,,C,03,0,1,0,0,0,0,0,0,1,"- ","- ",,,"SAN FRANCISCO","SAN FRANCISCO",-122.41344451904297,37.786712646484375
9759622,2024,2025-01-22,3801,2024-12-03,1120,4305,NORTH,2,5,7,3801,0,0,0,,0,,"FRANKLIN AV","FULTON ST",0.00,,Y,A,-,N,,,,,,,,,,Y,4,0,2,2,A,-,00,22801,A,N,B,C,A,A,H,-,A,A,0,,,,,Y,,A,01,0,0,2,0,0,0,0,0,0,"- ","- ",,,"SAN FRANCISCO","SAN FRANCISCO",-122.42172241210938,37.778938293457031
9759630,2024,2025-01-22,3801,2024-12-24,"939 ",1450,BAYVI,2,5,7,3801,0,0,0,,0,3C13A,"3RD ST","PALOU AV",0.00,,Y,B,-,N,,,,,,,,,,N,3,0,1,2,A,-,08,22101,D,N,B,C,A,B,H,-,A,A,0,,,,,Y,,A,01,0,1,0,0,0,0,0,0,0,"- ","- ",,,"SAN FRANCISCO","SAN FRANCISCO",-122.39105987548828,37.734039306640625