CASE_ID,ACCIDENT_YEAR,PROC_DATE,JURIS,COLLISION_DATE,COLLISION_TIME,OFFICER_ID,REPORTING_DISTRICT,DAY_OF_WEEK,CHP_SHIFT,POPULATION,CNTY_CITY_LOC,SPECIAL_COND,BEAT_TYPE,CHP_BEAT_TYPE,CITY_DIVISION_LAPD,CHP_BEAT_CLASS,BEAT_NUMBER,PRIMARY_RD,SECONDARY_RD,DISTANCE,DIRECTION,INTERSECTION,WEATHER_1,WEATHER_2,STATE_HWY_IND,CALTRANS_COUNTY,CALTRANS_DISTRICT,STATE_ROUTE,ROUTE_SUFFIX,POSTMILE_PREFIX,POSTMILE,LOCATION_TYPE,RAMP_INTERSECTION,SIDE_OF_HWY,TOW_AWAY,COLLISION_SEVERITY,NUMBER_KILLED,NUMBER_INJURED,PARTY_COUNT,PRIMARY_COLL_FACTOR,PCF_CODE_OF_VIOL,PCF_VIOL_CATEGORY,PCF_VIOLATION,PCF_VIOL_SUBSECTION,HIT_AND_RUN,TYPE_OF_COLLISION,MVIW,PED_ACTION,ROAD_SURFACE,ROAD_COND_1,ROAD_COND_2,LIGHTING,CONTROL_DEVICE,CHP_ROAD_TYPE,PEDESTRIAN_ACCIDENT,BICYCLE_ACCIDENT,MOTORCYCLE_ACCIDENT,TRUCK_ACCIDENT,NOT_PRIVATE_PROPERTY,ALCOHOL_INVOLVED,STWD_VEHTYPE_AT_FAULT,CHP_VEHTYPE_AT_FAULT,COUNT_SEVERE_INJ,COUNT_VISIBLE_INJ,COUNT_COMPLAINT_PAIN,COUNT_PED_KILLED,COUNT_PED_INJURED,COUNT_BICYCLIST_KILLED,COUNT_BICYCLIST_INJURED,COUNT_MC_KILLED,COUNT_MC_INJURED,PRIMARY_RAMP,SECONDARY_RAMP,LATITUDE,LONGITUDE,COUNTY,CITY,POINT_X,POINT_Y
9759631,2024,2025-01-30,3801,2024-12-16,1440,2467,BAYVI,1,5,7,3801,0,0,0,,0,3C11A,"25TH ST","CONNECTICUT ST",0.00,,Y,C,-,N,,,,,,,,,,N,4,0,2,2,A,-,12,22450,A,F,D,C,A,B,H,-,A,A,0,,,,,Y,,-,"- ",0,0,2,0,0,0,0,0,0,"- ","- ",,,"SAN FRANCISCO","SAN FRANCISCO",-122.39650726318359,37.7523193359375
9759632,2024,2025-01-22,3801,2024-12-22,2247,1300,PARK,7,5,7,3801,0,0,0,,0,3F13E,"STANYAN ST","OAK ST",0.00,,Y,C,-,N,,,,,,,,,,Y,4,0,1,3,A,-,09,21801,A,N,H,C,A,B,H,-,C,A,0,,,,,Y,,A,07,0,0,1,0,0,0,0,0,0,"- ","- ",,,"SAN FRANCISCO","SAN FRANCISCO",-122.45395660400391,37.771354675292969
9759633,2024,2025-02-03,3801,2024-12-22,1130,863,MISSI,7,5,7,3801,0,0,0,,0,3D11C,"24TH ST","FOLSOM ST",0.00,,Y,A,-,N,,,,,,,,,,Y,2,0,1,3,A,-,10,21950,A,F,G,B,B,A,H,-,A,A,0,Y,,,,Y,,A,01,1,0,0,0,1,0,0,0,0,"- ","- ",,,"SAN FRANCISCO","SAN FRANCISCO",-122.41409301757812,37.752506256103516
9759634,2024,2025-01-24,3801,2024-12-21,2030,469,MISSI,6,5,7,3801,0,0,0,,0,3D12D,"24TH ST",DIAMOND,0.00,,Y,C,-,N,,,,,,,,,,Y,4,0,2,2,A,-,12,22450,,N,D,C,A,B,F,-,C,D,0,,,,,Y,,A,01,0,0,2,0,0,0,0,0,0,"- ","- ",,,"SAN FRANCISCO","SAN FRANCISCO",-122.43630218505859,37.751155853271484
9759635,2024,2025-01-24,3801,2024-12-21,1839,2421,PARK,6,5,7,3801,0,0,0,,0,3F13,"OAK ST","STANYAN ST",0.00,,Y,C,-,N,,,,,,,,,,N,2,0,1,2,D,-,00,,,N,G,B,B,-,H,-,C,A,0,Y,,,,Y,,-,"- ",1,0,0,0,1,0,0,0,0,"- ","- ",,,"SAN FRANCISCO","SAN FRANCISCO",-122.45395660400391,37.771354675292969
9759636,2024,2025-07-03,3801,2024-12-21,1750,746,INGLE,6,5,7,3801,0,0,0,,0,3H13D,"GENEVA AV","NAPLES ST",0.00,,Y,C,-,N,,,,,,,,,,N,3,0,1,2,A,-,09,21453,B,N,D,B,B,B,-,-,C,A,0,Y,,,,Y,Y,N,60,0,1,0,0,1,0,0,0,0,"- ","- ",,,"SAN FRANCISCO","SAN FRANCISCO",-122.43618774414062,37.714210510253906
9759637,2024,2025-01-24,3801,2024-12-21,"7   ",1857,SOUTH,6,5,7,3801,0,0,0,,0,3B14E,"10TH ST","BRYANT ST",0.00,,Y,A,-,N,,,,,,,,,,Y,3,0,2,2,A,-,08,22100,B,N,B,C,A,A,H,-,C,A,0,,,,,Y,,A,01,0,1,1,0,0,0,0,0,0,"- ","- ",,,"SAN FRANCISCO","SAN FRANCISCO",-122.40973663330078,37.770336151123047
9759638,2024,2025-01-24,3801,2024-12-20,1017,1561,MISSI,5,5,7,3801,0,0,0,,0,3CAR,"HARRISON ST","21ST ST",0.00,,Y,A,-,N,,,,,,,,,,N,4,0,1,2,A,-,10,21950,,N,B,B,B,A,-,-,A,D,0,Y,,,,Y,,A,01,0,0,1,0,1,0,0,0,0,"- ","- ",,,"SAN FRANCISCO","SAN FRANCISCO",-122.41237640380859,37.7574462890625
9759639,2024,2025-01-24,3801,2024-12-19,1844,1149,MISSI,4,5,7,3801,0,0,0,,0,3D11D,"ALBION ST","16TH ST",58.00,W,N,A,-,N,,,,,,,,,,N,4,0,1,2,A,-,08,22107,,N,D,C,A,A,H,-,C,A,0,,,,,Y,,A,01,0,0,1,0,0,0,0,0,0,"- ","- ",,,"SAN FRANCISCO","SAN FRANCISCO",-122.42310333251953,37.764839172363281
9759640,2024,2025-01-30,3801,2024-12-19,1136,412,MISSI,4,5,7,3801,0,0,0,,0,3D2A,"24TH ST","DOLORES ST",93.00,W,N,A,-,N,,,,,,,,,,N,3,0,1,2,A,-,17,22517,,N,E,G,A,A,H,-,A,D,0,,Y,,,Y,,-,,0,1,0,0,0,0,1,0,0,"- ","- ",,,"SAN FRANCISCO","SAN FRANCISCO",-122.42555236816406,37.751823425292969
9759641,2024,2025-01-23,3801,2024-12-25,2008,1857,SOUTH,3,5,7,3801,0,0,0,,0,3B15D,"TERRY A FRANCOIS BL","MISSION ROCK ST",897.00,N,N,A,-,N,,,,,,,,,,Y,3,0,1,1,A,-,01,23152,A,N,E,I,A,A,H,-,C,D,0,,,,,Y,Y,A,01,0,1,0,0,0,0,0,0,0,"- ","- ",,,"SAN FRANCISCO","SAN FRANCISCO",-122.387451171875,37.775501251220703
9759642,2024,2025-07-10,3801,2024-12-25,1357,1352,MISSI,3,5,7,3801,0,0,0,,0,3D14C,"PORTOLA ST","MARKET ST",0.00,,Y,A,-,N,,,,,,,,,,Y,1,1,1,2,A,-,09,21800,A,N,D,C,A,A,H,-,A,A,0,,,,,Y,,A,01,0,1,0,0,0,0,0,0,0,"- ","- ",,,"SAN FRANCISCO","SAN FRANCISCO",-122.44338226318359,37.750057220458984
9759643,2024,2025-01-23,3801,2024-12-25,1100,4267,TARAV,3,5,7,3801,0,0,0,,0,3I41,"TARAVAL ST","19TH AV",0.00,,Y,A,-,N,,,,,,,,,,N,4,0,1,2,A,-,17,21461,A,N,D,F,A,A,H,-,A,A,0,,,,,Y,,A,07,0,0,1,0,0,0,0,0,0,"- ","- ",,,"SAN FRANCISCO","SAN FRANCISCO",-122.47566223144531,37.742977142333984
9759644,2024,2025-01-28,3801,2024-12-25,"805 ",2164,MISSI,3,5,7,3801,0,0,0,,0,"6 CAR","16TH ST","POTRERO AV",50.00,E,N,B,-,N,,,,,,,,,,N,4,0,1,2,A,-,21,22106,,N,H,C,A,A,H,-,A,A,0,,,,,Y,,A,01,0,0,1,0,0,0,0,0,0,"- ","- ",,,"SAN FRANCISCO","SAN FRANCISCO",-122.40738677978516,37.765781402587891
9759645,2024,2025-01-23,3801,2024-12-11,1437,1463,SOUTH,3,5,7,3801,0,0,0,,0,0B5,"MISSION BAY BL","OWENS ST",45.00,E,N,A,-,N,,,,,,,,,,N,3,0,1,2,A,-,10,21950,A,N,D,B,C,A,H,-,A,D,0,Y,,,,Y,,A,01,0,1,0,0,1,0,0,0,0,"- ","- ",,,"SAN FRANCISCO","SAN FRANCISCO",-122.39591217041016,37.770370483398438
9759646,2024,2025-01-23,3801,2024-12-21,"534 ",788,SOUTH,6,5,7,3801,0,0,0,,0,3B4A,"HARRISON ST","HARRIET ST",0.00,,Y,A,-,N,,,,,,,,,,Y,3,0,1,2,A,-,03,22350,,N,C,E,A,A,H,-,C,D,0,,,,,Y,,A,01,0,1,0,0,0,0,0,0,0,"- ","- ",,,"SAN FRANCISCO","SAN FRANCISCO",-122.40464019775391,37.776859283447266
9759647,2024,2025-01-23,3801,2024-12-08,2207,A23187,CENTR,7,5,7,3801,0,0,0,,0,"1 CAR","CALIFORNIA ST","LEAVENWORTH ST",0.00,,Y,A,-,N,,,,,,,,,,N,4,0,1,2,A,-,10,21950,A,N,G,B,B,A,H,-,C,A,0,Y,,,,Y,,A,01,0,0,1,0,1,0,0,0,0,"- ","- ",,,"SAN FRANCISCO","SAN FRANCISCO",-122.41574859619141,37.791206359863281
9759648,2024,2025-01-28,3801,2024-12-27,"630 ",2231,SOUTH,5,5,7,3801,0,0,0,,0,3B12A,"3RD ST","HARRISON ST",0.00,,Y,C,-,N,,,,,,,,,,N,4,0,1,2,A,-,10,21950,A,N,G,B,B,B,H,-,C,A,0,Y,,,,Y,,A,01,0,0,1,0,1,0,0,0,0,"- ","- ",,,"SAN FRANCISCO","SAN FRANCISCO",-122.39739227294922,37.782550811767578
9759649,2024,2025-01-23,3801,2024-12-26,2242,1078,NORTH,4,5,7,3801,0,0,0,,0,3E13E,"GOUGH ST",BROADWAY,110.00,N,N,C,-,N,,,,,,,,,,Y,4,0,3,4,A,-,01,23153,A,N,C,C,A,B,H,-,C,A,0,,,,,Y,Y,A,01,0,0,3,0,0,0,0,0,0,"- ","- ",,,"SAN FRANCISCO","SAN FRANCISCO",-122.4267578125,37.795619964599609
9759650,2024,2025-01-23,3801,2024-12-26,2117,2307,NORTH,4,5,7,3801,0,0,0,,0,3E13E,"GROVE ST","VAN NESS AV",0.00,,Y,C,-,N,,,,,,,,,,N,4,0,1,2,A,-,10,21950,A,N,G,B,B,B,H,-,C,A,0,Y,,,,Y,,A,01,0,0,1,0,1,0,0,0,0,"- ","- ",,,"SAN FRANCISCO","SAN FRANCISCO",-122.41981506347656,37.778255462646484
9759651,2024,2025-01-23,3801,2024-12-26,"824 ",2412,INGLE,4,5,7,3801,0,0,0,,0,3H1A,"PAULDING ST","RALEIGH AV",0.00,,Y,A,-,N,,,,,,,,,,N,3,0,2,4,A,-,09,21804,A,N,D,D,A,A,H,-,A,D,0,,,,,Y,,A,01,0,1,1,0,0,0,0,0,0,"- ","- ",,,"SAN FRANCISCO","SAN FRANCISCO",-122.44194030761719,37.727794647216797
9759652,2024,2025-01-23,3801,2024-12-26,"642 ",2110,NORTH,4,5,7,3801,0,0,0,,0,003,"GEARY BL","WEBSTER ST",10.00,W,N,C,-,N,,,,,,,,,,N,4,0,1,2,A,-,10,21950,A,N,G,B,B,B,H,-,C,A,0,Y,,,,Y,,A,01,0,0,1,0,1,0,0,0,0,"- ","- ",,,"SAN FRANCISCO","SAN FRANCISCO",-122.43133544921875,37.784725189208984
9759655,2024,2025-01-28,3801,2024-12-24,2140,2437,BAYVI,2,5,7,3801,0,0,0,,0,3C15E,"EVANS AV","NAPOLEON ST",30.00,S,N,A,-,N,,,,,,,,,,Y,4,0,1,2,A,-,03,22350,,F,B,B,B,A,H,-,C,A,0,Y,,,,Y,,A,08,0,0,1,0,1,0,0,0,0,"- ","- ",,,"SAN FRANCISCO","SAN FRANCISCO",-122.39586639404297,37.747180938720703
9759656,2024,2025-01-23,3801,2024-12-24,1630,1421,RICHM,2,5,7,3801,0,0,0,,0,3G5D,"BALBOA ST","45TH AV",0.00,,Y,A,-,N,,,,,,,,,,N,4,0,2,3,A,-,12,22450,A,N,D,C,A,A,H,-,A,A,0,,,,,Y,,A,07,0,0,2,0,0,0,0,0,0,"- ",FR,,,"SAN FRANCISCO","SAN FRANCISCO",-122.50592041015625,37.775321960449219
9759657,2024,2025-01-23,3801,2024-12-20,2230,1806,INGLE,5,5,7,3801,0,0,0,,0,3H11E,"CRESCENT AV","FOLSOM ST",0.00,,Y,A,-,N,,,,,,,,,,N,4,0,1,2,A,-,12,22450,A,F,H,E,A,A,H,-,C,A,0,,,,,Y,,A,01,0,0,1,0,0,0,0,0,0,"- ","- ",37.734771728515625,-122.41371917724609,"SAN FRANCISCO","SAN FRANCISCO",-122.41371917724609,37.734748840332031
9759658,2024,2025-01-23,3801,2024-12-23,1324,2202,INGLE,1,5,7,3801,0,0,0,,0,3H14A,"SAN JOSE AV","SENECA AV",0.00,,Y,C,-,N,,,,,,,,,,Y,3,0,1,1,A,-,03,22350,,N,E,I,A,B,H,-,A,D,0,,,,,Y,,A,01,0,1,0,0,0,0,0,0,0,"- ","- ",,,"SAN FRANCISCO","SAN FRANCISCO",-122.44585418701172,37.721637725830078
9759659,2024,2025-01-28,3801,2024-12-22,2233,2391,NORTH,7,5,7,3801,0,0,0,,0,3E12E,"FRANKLIN ST","TURK ST",80.00,S,N,B,C,N,,,,,,,,,,Y,3,0,2,3,A,-,03,22350,,F,B,C,A,B,-,-,C,A,0,,,,,Y,,A,07,0,1,1,0,0,0,0,0,0,"- ","- ",,,"SAN FRANCISCO","SAN FRANCISCO",-122.42221832275391,37.781513214111328
9759660,2024,2025-01-23,3801,2024-12-20,1735,1870,RICHM,5,5,7,3801,0,0,0,,0,0G4,"25TH AV","CABRILLO ST",0.00,,Y,A,-,N,,,,,,,,,,Y,4,0,2,2,A,-,09,21801,A,N,A,C,A,A,H,-,B,A,0,,,,,Y,,A,01,0,0,2,0,0,0,0,0,0,"- ","- ",,,"SAN FRANCISCO","SAN FRANCISCO",-122.48432159423828,37.774448394775391
9759662,2024,2025-01-22,3801,2024-12-29,2049,2147,NORTH,7,5,7,3801,0,0,0,,0,3E14D,"POST ST","FILLMORE ST",0.00,,Y,A,-,N,,,,,,,,,,N,4,0,1,2,A,-,06,21750,A,N,D,C,A,A,H,-,C,A,0,,,Y,,Y,,C,02,0,0,1,0,0,0,0,0,1,"- ","- ",,,"SAN FRANCISCO","SAN FRANCISCO",-122.43308258056641,37.785160064697266
9759663,2024,2025-01-22,3801,2024-12-29,"104 ",1389,MISSI,7,5,7,3801,0,0,0,,0,3D11E,"MISSION ST","16TH ST",0.00,,Y,A,-,N,,,,,,,,,,N,3,0,1,2,A,-,17,21461,A,N,G,B,B,A,H,-,C,A,0,Y,,,,Y,,A,01,0,1,0,0,1,0,0,0,0,"- ","- ",,,"SAN FRANCISCO","SAN FRANCISCO",-122.41967010498047,37.765052795410156
9759664,2024,2025-01-22,3801,2024-12-28,2113,2711,MISSI,6,5,7,3801,0,0,0,,0,3D11E,"CESAR CHAVEZ ST","MISSION ST",0.00,,Y,A,-,N,,,,,,,,,,Y,4,0,1,2,A,-,12,21453,A,N,D,C,A,A,H,-,C,A,0,,,,,Y,Y,-,"- ",0,0,1,0,0,0,0,0,0,"- ","- ",,,"SAN FRANCISCO","SAN FRANCISCO",-122.41819763183594,37.748222351074219
9759665,2024,2025-01-22,3801,2024-12-28,1915,2046,NORTH,6,5,7,3801,0,0,0,,0,,"VAN NESS BL","BROADWAY ST",0.00,,Y,A,-,N,,,,,,,,,,,4,0,3,2,A,-,08,22107,,N,A,C,A,A,H,-,C,A,0,,,,,Y,,A,01,0,0,3,0,0,0,0,0,0,"- ","- ",,,"SAN FRANCISCO","SAN FRANCISCO",-122.42332458496094,37.795753479003906
9759666,2024,2025-01-22,3801,2024-12-28,1744,1337,NORTH,6,5,7,3801,0,0,0,,0,0E6,"BROADWAY ST","VAN NESS AV",0.00,,Y,A,-,N,,,,,,,,,,Y,4,0,1,2,A,-,03,22350,,N,D,C,A,A,H,-,C,-,0,,,,,Y,,A,01,0,0,1,0,0,0,0,0,0,"- ","- ",,,"SAN FRANCISCO","SAN FRANCISCO",-122.42332458496094,37.795753479003906
9759667,2024,2025-01-22,3801,2024-12-28,1448,1352,MISSI,6,5,7,3801,0,0,0,,0,3D14C,"MARKET ST","CHURCH ST",0.00,,Y,B,F,N,,,,,,,,,,N,3,0,1,1,A,-,03,22350,,N,H,A,A,B,H,-,A,D,0,,,Y,,Y,,C,02,0,1,0,0,0,0,0,0,1,"- ","- ",,,"SAN FRANCISCO","SAN FRANCISCO",-122.42893981933594,37.767608642578125
9759668,2024,2025-01-22,3801,2024-12-25,1508,1534,INGLE,3,5,7,3801,0,0,0,,0,3H15D,"SICKLES AV","SEARS ST",40.00,W,N,A,-,N,,,,,,,,,,N,4,0,2,2,A,-,21,22106,,N,B,C,A,A,H,-,A,D,0,,,,,Y,,A,01,0,0,2,0,0,0,0,0,0,"- ","- ",,,"SAN FRANCISCO","SAN FRANCISCO",-122.45395660400391,37.709754943847656
9759669,2024,2025-01-22,3801,2024-12-13,1724,221,RICHM,5,5,7,3801,0,0,0,,0,3G14D,"18TH AV","GEARY BL",50.00,N,N,B,C,N,,,,,,,,,,N,4,0,1,2,A,-,21,22106,,N,C,C,A,B,H,-,C,D,0,,,,,Y,,A,01,0,0,1,0,0,0,0,0,0,"- ","- ",,,"SAN FRANCISCO","SAN FRANCISCO",-122.47725677490234,37.780628204345703
9759670,2024,2025-01-22,3801,2024-12-13,1729,158,NORTH,5,5,7,3801,0,0,0,,0,0E5,"STEINER ST","VALLEJO ST",0.00,,Y,A,-,N,,,,,,,,,,N,4,0,2,3,A,-,10,21950,A,N,G,B,B,A,H,-,C,A,0,Y,,,,Y,,A,01,0,0,2,0,2,0,0,0,0,"- ","- ",,,"SAN FRANCISCO","SAN FRANCISCO",-122.43675231933594,37.795032501220703
9759671,2024,2025-01-22,3801,2024-12-13,"813 ",2110,NORTH,5,5,7,3801,0,0,0,,0,003,"WEBSTER ST","TURK ST",0.00,,Y,C,-,N,,,,,,,,,,Y,4,0,1,2,A,-,09,21801,A,F,D,C,A,B,H,-,A,A,0,,,,,Y,,A,01,0,0,1,0,0,0,0,0,0,"- ","- ",,,"SAN FRANCISCO","SAN FRANCISCO",-122.43048858642578,37.780685424804688
9759673,2024,2025-01-22,3801,2024-12-12,1750,964,NORTH,4,5,7,3801,0,0,0,,0,3E13D,"SUTTER ST","POLK ST",24.00,W,N,B,-,N,,,,,,,,,,N,4,0,1,2,A,-,08,22107,,F,B,C,A,B,H,-,C,D,0,,,Y,,Y,,A,01,0,0,1,0,0,0,0,0,1,"- ","- ",,,"SAN FRANCISCO","SAN FRANCISCO",-122.42018127441406,37.787750244140625
9759674,2024,2025-01-22,3801,2024-12-12,1426,2059,CENTR,4,5,7,3801,0,0,0,,0,3A14A,"BROADWAY ST","ROWLAND ST",33.00,N,N,C,-,N,,,,,,,,,,Y,3,0,1,2,A,-,08,22107,,N,H,A,A,B,H,-,A,A,0,,,Y,,Y,,A,01,0,1,0,0,0,0,0,0,1,"- ","- ",,,"SAN FRANCISCO","SAN FRANCISCO",-122.40454864501953,37.798145294189453
9759675,2024,2025-01-22,3801,2024-12-12,1218,891,SOUTH,4,5,7,3801,0,0,0,,0,3B90,"HOWARD ST","HOWARD ST 1015",0.00,,N,A,-,N,,,,,,,,,,N,4,0,1,2,A,-,21,22106,,N,C,E,A,B,H,-,A,D,0,,,,,Y,,A,01,0,0,1,0,0,0,0,0,0,"- ","- ",,,"SAN FRANCISCO","SAN FRANCISCO",-117.68926239013672,34.052200317382812
9759676,2024,2025-01-22,3801,2024-12-11,1929,1534,INGLE,3,5,7,3801,0,0,0,,0,3H60,"GENEVA AV","ALEMANY BL",0.00,,Y,A,-,N,,,,,,,,,,,4,0,1,2,A,-,03,22350,,N,C,C,A,A,H,-,C,A,0,,,,,Y,,A,01,0,0,1,0,0,0,0,0,0,"- ","- ",,,"SAN FRANCISCO","SAN FRANCISCO",-122.43374633789062,37.713130950927734
9759677,2024,2025-01-22,3801,2024-12-11,1650,2419,RICHM,3,5,7,3801,0,0,0,,0,908,"21ST AV","GEARY BL",100.00,N,N,A,-,N,,,,,,,,,,N,3,0,1,2,A,-,09,21804,A,N,B,G,A,A,H,-,B,D,0,,Y,,,Y,,A,01,0,1,0,0,0,0,1,0,0,"- ","- ",,,"SAN FRANCISCO","SAN FRANCISCO",-122.48047637939453,37.780612945556641
9759678,2024,2025-01-22,3801,2024-12-05,"830 ",4262,RICHM,4,5,7,3801,0,0,0,,0,3G14A,"ARGUELLO BL","WASHINGTON ST",0.00,,Y,A,-,N,,,,,,,,,,N,4,0,1,2,A,-,12,22450,,N,D,-,A,A,H,-,A,A,0,,Y,,,Y,,L,04,0,0,1,0,0,0,1,0,0,"- ","- ",,,"SAN FRANCISCO","SAN FRANCISCO",-122.45938873291016,37.788364410400391
9759679,2024,2025-01-22,3801,2024-12-14,1400,830,MISSI,6,5,7,3801,0,0,0,,0,3D15A,"MISSION ST","18TH ST",0.00,,Y,B,-,N,,,,,,,,,,N,4,0,1,2,A,-,10,21950,,N,G,B,B,B,H,-,A,A,0,Y,,,,Y,,A,01,0,0,1,0,1,0,0,0,0,"- ","- ",,,"SAN FRANCISCO","SAN FRANCISCO",-122.41936492919922,37.7618408203125
9759680,2024,2025-01-22,3801,2024-12-14,"113 ",2237,TARAV,6,5,7,3801,0,0,0,,0,001,"19TH AVE","BUCKINGHAM WY",450.00,S,N,C,-,N,,,,,,,,,,Y,4,0,2,2,A,-,03,22350,,N,C,E,A,B,H,-,C,A,0,,,,,Y,,A,01,0,0,2,0,0,0,0,0,0,"- ","- ",,,"SAN FRANCISCO","SAN FRANCISCO",-122.47516632080078,37.724475860595703
9759681,2024,2025-01-22,3801,2024-12-13,1808,2357,TARAV,5,5,7,3801,0,0,0,,0,3I16D,"OCEAN AV","JULES AV",62.00,E,N,A,-,N,,,,,,,,,,N,3,0,1,2,A,-,05,21202,A,N,B,G,A,B,H,-,C,D,0,,Y,,,Y,,L,04,0,1,0,0,0,0,1,0,0,"- ","- ",,,"SAN FRANCISCO","SAN FRANCISCO",-122.46102142333984,37.724910736083984
9759682,2024,2025-01-14,3801,2024-12-13,"919 ",282,TARAV,5,5,7,3801,0,0,0,,0,315A,"BROTHERHOOD WY","LAKE MERCED",0.00,,N,B,-,N,,,,,,,,,,Y,4,0,3,2,A,-,04,21703,,N,C,C,A,B,H,-,A,D,0,,,,,Y,,A,01,0,0,3,0,0,0,0,0,0,"- ","- ",,,"SAN FRANCISCO","SAN FRANCISCO",-122.48523712158203,37.714717864990234
9759683,2024,2025-01-14,3801,2024-12-13,"910 ",432,MISSI,5,5,7,3801,0,0,0,,0,3D41A,"DOLORES ST","14TH ST",0.00,,Y,B,-,N,,,,,,,,,,N,3,0,1,2,A,-,09,21801,A,N,-,-,A,B,H,-,A,-,0,,Y,,,Y,,B,01,0,1,0,0,0,0,1,0,0,"- ","- ",,,"SAN FRANCISCO","SAN FRANCISCO",-122.42677307128906,37.767879486083984
9759684,2024,2025-01-14,3801,2024-12-16,"746 ",1580,SOUTH,1,5,7,3801,0,0,0,,0,3B5A,"9TH ST","MISSION ST",0.00,,N,C,-,N,,,,,,,,,,N,2,0,1,1,C,-,18,,,N,F,J,A,B,G,-,B,A,0,,,,,Y,,-,"- ",1,0,0,0,0,0,0,0,0,"- ","- ",,,"SAN FRANCISCO","SAN FRANCISCO",-122.41471862792969,37.776241302490234
9759685,2024,2025-01-14,3801,2024-12-15,1915,1045,MISSI,7,5,7,3801,0,0,0,,0,3D13D,"MISSION ST","20TH ST",43.00,N,N,A,-,N,,,,,,,,,,N,4,0,1,2,A,-,04,21703,,N,C,C,A,A,H,-,C,A,0,,,,,Y,,A,07,0,0,1,0,0,0,0,0,0,"- ","- ",,,"SAN FRANCISCO","SAN FRANCISCO",-122.41905212402344,37.758747100830078
9759686,2024,2025-01-14,3801,2024-12-15,1748,2465,TENDE,7,5,7,3801,0,0,0,,0,3J13D,"JONES ST","GOLDEN GATE AV",28.00,N,N,A,-,N,,,,,,,,,,N,4,0,1,2,A,-,21,22106,,F,G,B,E,A,H,-,C,D,0,Y,,,,Y,,A,01,0,0,1,0,1,0,0,0,0,"- ","- ",,,"SAN FRANCISCO","SAN FRANCISCO",-122.41224670410156,37.782157897949219
9759687,2024,2025-01-14,3801,2024-12-15,"944 ",618,TARAV,7,5,7,3801,0,0,0,,0,3I11A,"SLOAT BL","47TH AV",0.00,,Y,A,-,N,,,,,,,,,,N,4,0,1,2,A,-,10,21950,A,N,G,B,B,A,H,-,A,A,0,Y,,,,Y,,-,,0,0,1,0,1,0,0,0,0,"- ","- ",,,"SAN FRANCISCO","SAN FRANCISCO",-122.50525665283203,37.735561370849609
9759688,2024,2025-01-14,3801,2024-12-14,1822,424,NORTH,6,5,7,3801,0,0,0,,0,3E11C,"HAYES ST","FRANKLIN ST",215.00,W,N,A,-,N,,,,,,,,,,Y,2,0,1,3,A,-,17,21663,,N,C,B,F,B,H,-,C,A,0,Y,,,,Y,,A,01,1,0,0,0,1,0,0,0,0,"- ","- ",,,"SAN FRANCISCO","SAN FRANCISCO",-122.42207336425781,37.776988983154297
9759689,2024,2025-01-14,3801,2024-12-13,1639,1057,SOUTH,5,5,7,3801,0,0,0,,0,150001,"HARRISON ST","FREMONT ST",0.00,,Y,A,-,N,,,,,,,,,,Y,4,0,3,2,A,-,09,21801,A,N,D,C,A,A,H,-,A,A,0,,,,,Y,,A,01,0,0,3,0,0,0,0,0,0,"- ","- ",,,"SAN FRANCISCO","SAN FRANCISCO",-122.39205932617188,37.786788940429688
9759690,2024,2025-01-14,3801,2024-12-17,1310,863,MISSI,2,5,7,3801,0,0,0,,0,0D4,"24TH ST","CAPP ST",0.00,,Y,A,-,N,,,,,,,,,,N,4,0,1,2,A,-,10,21950,A,N,G,B,B,A,H,-,A,A,0,Y,,,,Y,,A,01,0,0,1,0,1,0,0,0,0,"- ","- ",,,"SAN FRANCISCO","SAN FRANCISCO",-122.41733551025391,37.752307891845703
9759691,2024,2025-01-14,3801,2024-12-17,1028,2724,SOUTH,2,5,7,3801,0,0,0,,0,3B45,"THE EMBARCADERO SOUTH","BRYANT ST",0.00,,Y,A,-,N,,,,,,,,,,N,3,0,1,2,D,-,00,,,N,D,G,A,A,H,-,A,A,0,,Y,,,Y,,-,"- ",0,1,0,0,0,0,1,0,0,"- ","- ",,,"SAN FRANCISCO","SAN FRANCISCO",-122.38801574707031,37.787094116210938
9759692,2024,2025-01-14,3801,2024-12-17,"530 ",1480,MISSI,2,5,7,3801,0,0,0,,0,3D15E,"HARRISON ST","17TH ST",34.00,S,N,A,-,N,,,,,,,,,,N,3,0,1,2,A,-,11,21954,A,N,D,B,D,B,-,-,C,D,0,Y,,,,Y,,N,60,0,1,0,0,1,0,0,0,0,"- ","- ",,,"SAN FRANCISCO","SAN FRANCISCO",-122.41300964355469,37.763999938964844
9759693,2024,2025-01-14,3801,2024-12-16,1545,2139,TARAV,1,5,7,3801,0,0,0,,0,901,"PORTOLA DR","SAN PABLO AV",8.00,W,N,B,-,N,,,,,,,,,,Y,4,0,1,2,A,-,09,21800,A,N,D,C,A,B,H,-,A,D,0,,,,,Y,,A,01,0,0,1,0,0,0,0,0,0,"- ","- ",,,"SAN FRANCISCO","SAN FRANCISCO",-122.46113586425781,37.740348815917969
9759694,2024,2025-01-14,3801,2024-12-16,1531,1845,TARAV,1,5,7,3801,0,0,0,,0,2CAR,"22ND AV","QUINTARA ST",16.00,,N,A,-,N,,,,,,,,,,N,4,0,1,2,A,-,09,21800,A,N,D,G,A,B,H,-,A,A,0,,Y,,,Y,,L,04,0,0,1,0,0,0,1,0,0,"- ","- ",,,"SAN FRANCISCO","SAN FRANCISCO",-122.47930145263672,37.748493194580078