CASE_ID,ACCIDENT_YEAR,PROC_DATE,JURIS,COLLISION_DATE,COLLISION_TIME,OFFICER_ID,REPORTING_DISTRICT,DAY_OF_WEEK,CHP_SHIFT,POPULATION,CNTY_CITY_LOC,SPECIAL_COND,BEAT_TYPE,CHP_BEAT_TYPE,CITY_DIVISION_LAPD,CHP_BEAT_CLASS,BEAT_NUMBER,PRIMARY_RD,SECONDARY_RD,DISTANCE,DIRECTION,INTERSECTION,WEATHER_1,WEATHER_2,STATE_HWY_IND,CALTRANS_COUNTY,CALTRANS_DISTRICT,STATE_ROUTE,ROUTE_SUFFIX,POSTMILE_PREFIX,POSTMILE,LOCATION_TYPE,RAMP_INTERSECTION,SIDE_OF_HWY,TOW_AWAY,COLLISION_SEVERITY,NUMBER_KILLED,NUMBER_INJURED,PARTY_COUNT,PRIMARY_COLL_FACTOR,PCF_CODE_OF_VIOL,PCF_VIOL_CATEGORY,PCF_VIOLATION,PCF_VIOL_SUBSECTION,HIT_AND_RUN,TYPE_OF_COLLISION,MVIW,PED_ACTION,ROAD_SURFACE,ROAD_COND_1,ROAD_COND_2,LIGHTING,CONTROL_DEVICE,CHP_ROAD_TYPE,PEDESTRIAN_ACCIDENT,BICYCLE_ACCIDENT,MOTORCYCLE_ACCIDENT,TRUCK_ACCIDENT,NOT_PRIVATE_PROPERTY,ALCOHOL_INVOLVED,STWD_VEHTYPE_AT_FAULT,CHP_VEHTYPE_AT_FAULT,COUNT_SEVERE_INJ,COUNT_VISIBLE_INJ,COUNT_COMPLAINT_PAIN,COUNT_PED_KILLED,COUNT_PED_INJURED,COUNT_BICYCLIST_KILLED,COUNT_BICYCLIST_INJURED,COUNT_MC_KILLED,COUNT_MC_INJURED,PRIMARY_RAMP,SECONDARY_RAMP,LATITUDE,LONGITUDE,COUNTY,CITY,POINT_X,POINT_Y
9759695,2024,2025-01-14,3801,2024-12-16,"837 ",2747,TARAV,1,5,7,3801,0,0,0,,0,005,"SLOAT BL","21ST AV",0.00,,Y,C,-,N,,,,,,,,,,Y,4,0,3,2,A,-,09,21801,A,N,D,C,A,B,H,-,A,D,0,,,,,Y,,A,01,0,0,3,0,0,0,0,0,0,"- ","- ",,,"SAN FRANCISCO","SAN FRANCISCO",-122.47707366943359,37.734561920166016
9759696,2024,2025-01-14,3801,2024-12-14,1910,891,SOUTH,6,5,7,3801,0,0,0,,0,,"HARRISON ST","HARRISON ST 1247",0.00,,N,C,-,N,,,,,,,,,,N,4,0,1,2,A,-,00,20001,A,F,H,J,F,B,H,-,C,D,0,Y,Y,,,Y,,L,04,0,0,1,0,1,0,0,0,0,"- ","- ",,,"SAN FRANCISCO","SAN FRANCISCO",,
9759697,2024,2025-01-14,3801,2024-12-18,1832,359,SOUTH,3,5,7,3801,0,0,0,,0,3B61,"6TH ST","HARRISON ST",87.00,N,N,A,-,N,,,,,,,,,,Y,4,0,1,2,A,-,08,22107,,N,A,A,A,A,-,-,C,B,0,,,Y,,Y,,A,07,0,0,1,0,0,0,0,0,1,"- ","- ",,,"SAN FRANCISCO","SAN FRANCISCO",-122.404296875,37.777477264404297
9759698,2024,2025-01-31,3801,2024-12-18,1749,1421,RICHM,3,5,7,3801,0,0,0,,0,3G15D,"POST ST","BRODERICK ST",35.00,W,N,A,-,N,,,,,,,,,,N,3,0,1,3,A,-,17,21209,,F,B,G,A,A,H,-,C,D,0,,Y,,,Y,,-,,0,1,0,0,0,0,1,0,0,"- ","- ",,,"SAN FRANCISCO","SAN FRANCISCO",-122.44146728515625,37.784076690673828
9759699,2024,2025-01-14,3801,2024-12-18,1702,359,SOUTH,3,5,7,3801,0,0,0,,0,3B61,"11TH ST","DIVISION ST",113.00,N,N,A,-,N,,,,,,,,,,N,4,0,1,2,A,-,10,21952,,N,G,B,F,A,H,-,C,-,0,Y,,,,Y,,A,01,0,0,1,0,1,0,0,0,0,"- ","- ",,,"SAN FRANCISCO","SAN FRANCISCO",-122.41126251220703,37.769676208496094
9759700,2024,2025-01-14,3801,2024-12-10,1330,2166,INGLE,2,5,7,3801,0,0,0,,0,005,"GENEVA AV","HOWTH ST",0.00,,Y,A,-,N,,,,,,,,,,N,4,0,1,2,A,-,10,21950,A,N,G,B,B,A,H,-,A,A,0,Y,,,,Y,,A,01,0,0,1,0,1,0,0,0,0,"- ","- ",,,"SAN FRANCISCO","SAN FRANCISCO",-122.45011901855469,37.722076416015625
9759702,2024,2025-01-15,3801,2024-12-18,"954 ",2395,SOUTH,3,5,7,3801,0,0,0,,0,3B13A,"MISSION ST","8TH ST",0.00,,Y,A,-,N,,,,,,,,,,N,3,0,1,1,C,-,18,,,N,H,A,A,A,A,-,A,A,0,,,,,Y,,-,"- ",0,1,0,0,0,0,0,0,0,"- ","- ",37.793701171875,-122.39260101318359,"SAN FRANCISCO","SAN FRANCISCO",-122.41315460205078,37.7774658203125
9759703,2024,2025-01-15,3801,2024-12-17,1657,905,PARK,2,5,7,3801,0,0,0,,0,3F1C,"7TH AV","LAWTON ST",600.00,S,N,A,-,N,,,,,,,,,,N,3,0,1,2,A,-,06,21755,A,N,D,D,A,A,H,-,C,D,0,,,Y,,Y,,C,02,0,1,0,0,0,0,0,0,1,"- ","- ",,,"SAN FRANCISCO","SAN FRANCISCO",-122.46369171142578,37.75689697265625
9759705,2024,2025-01-15,3801,2024-12-19,1514,4104,SOUTH,4,5,7,3801,0,0,0,,0,3B13D,"HARRISON ST","8TH ST",0.00,,Y,A,-,N,,,,,,,,,,Y,4,0,4,4,A,-,12,21453,A,N,C,C,A,A,H,-,A,A,0,,,,,Y,,A,01,0,0,4,0,0,0,0,0,0,"- ","- ",,,"SAN FRANCISCO","SAN FRANCISCO",-122.40853118896484,37.773754119873047
9759706,2024,2025-01-15,3801,2024-12-18,"620 ",1591,PARK,3,5,7,3801,0,0,0,,0,3F13A,"STANYAN ST","OAK ST",0.00,,Y,A,-,N,,,,,,,,,,Y,4,0,2,2,A,-,09,21801,,N,G,C,A,A,H,-,C,A,0,,,,,Y,,A,01,0,0,2,0,0,0,0,0,0,"- ","- ",,,"SAN FRANCISCO","SAN FRANCISCO",-122.45395660400391,37.771354675292969
9759707,2024,2025-01-17,3801,2024-12-16,1717,1796,RICHM,1,5,7,3801,0,0,0,,0,3G14D,"PRESIDIO AV","BUSH ST",0.00,,Y,B,C,N,,,,,,,,,,N,4,0,1,2,A,-,10,21950,,N,G,B,B,B,H,-,C,A,0,Y,,,,Y,,A,01,0,0,1,0,1,0,0,0,0,"- ","- ",,,"SAN FRANCISCO","SAN FRANCISCO",-122.44641876220703,37.785366058349609
9759708,2024,2025-01-17,3801,2024-12-17,1810,1039,MISSI,2,5,7,3801,0,0,0,,0,003,"22ND ST","ALABAMA ST",0.00,,Y,A,-,N,,,,,,,,,,N,3,0,1,2,A,-,12,22450,,N,D,G,A,A,H,-,C,A,0,,Y,,,Y,,-,"- ",0,1,0,0,0,0,1,0,0,"- ","- ",,,"SAN FRANCISCO","SAN FRANCISCO",-122.41127014160156,37.755901336669922
9759709,2024,2025-01-15,3801,2024-12-12,1135,2088,INGLE,4,5,7,3801,0,0,0,,0,3H12A,"SUNNYDALE AV","HAHN ST",0.00,,Y,A,-,N,,,,,,,,,,N,4,0,1,2,A,-,10,21950,,F,D,B,B,A,H,-,A,A,0,Y,,,,Y,,A,01,0,0,1,0,1,0,0,0,0,"- ","- ",,,"SAN FRANCISCO","SAN FRANCISCO",-122.41603088378906,37.711925506591797
9759710,2024,2025-01-17,3801,2024-12-01,1942,2465,TENDE,7,5,7,3801,0,0,0,,0,3J13D,"EDDY ST","LARKIN ST",78.00,W,N,A,-,N,,,,,,,,,,N,3,0,1,2,D,-,00,,,N,G,B,E,A,H,-,C,D,0,Y,,,,Y,,-,"- ",0,1,0,0,1,0,0,0,0,"- ","- ",,,"SAN FRANCISCO","SAN FRANCISCO",-122.41778564453125,37.783260345458984
9759711,2024,2025-01-15,3801,2024-12-01,1122,200,TENDE,7,5,7,3801,0,0,0,,0,005,"OFARRELL ST","JONES ST",0.00,,Y,A,-,N,,,,,,,,,,N,4,0,1,2,A,-,17,21657,,N,A,G,A,A,H,-,A,A,0,,Y,,,Y,,L,04,0,0,1,0,0,0,1,0,0,"- ","- ",,,"SAN FRANCISCO","SAN FRANCISCO",-122.41297149658203,37.785797119140625
9759712,2024,2025-01-15,3801,2024-12-02,1719,1940,SOUTH,1,5,7,3801,0,0,0,,0,3B14D,"9TH ST","HOWARD ST",0.00,,Y,A,-,N,,,,,,,,,,N,3,0,1,2,A,-,12,22450,,F,G,B,B,A,-,-,B,A,0,Y,Y,,,Y,,L,04,0,1,0,0,1,0,0,0,0,"- ","- ",,,"SAN FRANCISCO","SAN FRANCISCO",-122.41315460205078,37.774997711181641
9759713,2024,2025-01-15,3801,2024-12-03,"123 ",2214,SOUTH,2,5,7,3801,0,0,0,,0,3B12E,"6TH ST","FOLSOM ST",0.00,,Y,A,-,N,,,,,,,,,,Y,4,0,1,6,A,-,12,21453,A,F,D,C,A,A,H,-,C,A,0,,,,,Y,,A,01,0,0,1,0,0,0,0,0,0,"- ","- ",,,"SAN FRANCISCO","SAN FRANCISCO",-122.40560150146484,37.778499603271484
9759715,2024,2025-01-30,3801,2024-12-02,1254,4023,MISSI,1,5,7,3801,0,0,0,,0,3D11C,"QUANE ST","24TH ST",87.00,N,N,A,-,N,,,,,,,,,,Y,4,0,2,1,A,-,03,22350,,N,F,I,A,A,H,-,A,D,0,,,,,Y,,A,01,0,0,2,0,0,0,0,0,0,"- ","- ",,,"SAN FRANCISCO","SAN FRANCISCO",-122.42452239990234,37.752128601074219
9759724,2024,2025-01-15,3801,2024-10-28,"820 ",4132,MISSI,1,5,7,3801,0,0,0,,0,4CAR,"CESAR CHAVEZ ST","FOLSOM ST",0.00,,Y,A,-,N,,,,,,,,,,Y,4,0,2,2,A,-,12,21457,A,N,D,C,A,A,H,-,A,A,0,,,,,Y,,A,01,0,0,2,0,0,0,0,0,0,"- ","- ",,,"SAN FRANCISCO","SAN FRANCISCO",-122.41368103027344,37.748313903808594
9759740,2024,2025-01-14,3801,2024-10-21,"936 ",1075,SOUTH,1,5,7,3801,0,0,0,,0,3B3A,"6TH ST","HOWARD ST",0.00,,Y,A,-,N,,,,,,,,,,Y,4,0,1,2,A,-,09,21801,A,N,D,C,A,A,H,-,A,A,0,,,,,Y,,A,01,0,0,1,0,0,0,0,0,0,"- ","- ",,,"SAN FRANCISCO","SAN FRANCISCO",-122.40714263916016,37.779750823974609
9759742,2024,2025-01-14,3801,2024-10-31,2200,1198,MISSI,4,5,7,3801,0,0,0,,0,03D,"CESAR CHAVEZ ST","BRYANT ST",0.00,,Y,A,-,N,,,,,,,,,,N,4,0,1,2,A,-,03,22350,,F,C,C,A,A,H,-,C,A,0,,,,,Y,,-,,0,0,1,0,0,0,0,0,0,"- ","- ",,,"SAN FRANCISCO","SAN FRANCISCO",-122.40872192382812,37.748401641845703
9759743,2024,2025-01-14,3801,2024-10-31,"730 ",SIM,RICHM,4,5,7,3801,0,0,0,,0,3G00,"BALBOA ST","29TH AV",0.00,,Y,A,-,N,,,,,,,,,,N,4,0,1,2,A,-,03,22350,,F,C,G,A,A,H,-,A,D,0,,Y,,,Y,,B,07,0,0,1,0,0,0,1,0,0,"- ","- ",,,"SAN FRANCISCO","SAN FRANCISCO",-122.48876953125,37.776115417480469
9759744,2024,2025-01-14,3801,2024-10-31,1141,1538,TENDE,4,5,7,3801,0,0,0,,0,,"MARKET ST","TAYLOR ST",70.00,E,N,A,-,N,,,,,,,,,,N,3,0,1,2,A,-,03,22350,,F,G,B,B,A,D,-,A,A,0,Y,,,,Y,,M,94,0,1,0,0,1,0,0,0,0,"- ","- ",,,"SAN FRANCISCO","SAN FRANCISCO",-122.41012573242188,37.782375335693359
9759745,2024,2025-01-14,3801,2024-10-31,"10  ",2496,TENDE,4,5,7,3801,0,0,0,,0,004,"TURK ST","JONES ST",0.00,,Y,C,-,N,,,,,,,,,,N,2,0,1,2,A,-,00,28101,A,F,D,C,A,B,H,-,C,A,0,,,,,Y,,-,,1,0,0,0,0,0,0,0,0,"- ","- ",,,"SAN FRANCISCO","SAN FRANCISCO",-122.41241455078125,37.782997131347656
9759747,2024,2025-01-14,3801,2024-10-25,"9   ",2279,CENTR,5,5,7,3801,0,0,0,,0,3A14E,"COLUMBUS AV","FILBERT ST",0.00,,Y,A,-,N,,,,,,,,,,Y,2,0,1,2,A,-,03,22350,,F,G,J,E,A,H,-,C,A,0,Y,,,,Y,,A,01,1,0,0,0,1,0,0,0,0,"- ","- ",,,"SAN FRANCISCO","SAN FRANCISCO",-122.41136169433594,37.801116943359375
9759748,2024,2025-01-14,3801,2024-10-20,2229,1496,INGLE,7,5,7,3801,0,0,0,,0,005,"MISSION ST","NIAGRA ST",0.00,,Y,A,-,N,,,,,,,,,,Y,3,0,1,3,A,-,07,21658,A,N,B,E,A,A,H,-,C,A,0,,,,,Y,,-,,0,1,0,0,0,0,0,0,0,"- ","- ",,,"SAN FRANCISCO","SAN FRANCISCO",-122.44171905517578,37.715579986572266
9759749,2024,2025-01-14,3801,2024-10-19,1800,245,PARK,6,5,7,3801,0,0,0,,0,4CAR,"CASTRO ST","14TH ST",0.00,,Y,A,-,N,,,,,,,,,,N,4,0,1,2,A,-,08,22107,,N,A,C,A,A,H,-,A,A,0,,,Y,,Y,,A,01,0,0,1,0,0,0,0,0,1,"- ","- ",,,"SAN FRANCISCO","SAN FRANCISCO",-122.43562316894531,37.767330169677734
9759750,2024,2025-01-14,3801,2024-10-16,1945,82,MISSI,3,5,7,3801,0,0,0,,0,3D14D,"POTRERO AV","25TH ST",198.00,S,N,A,-,N,,,,,,,,,,Y,3,0,1,2,A,-,01,23152,A,N,B,E,A,A,H,-,C,D,0,,,,,Y,Y,A,01,0,1,0,0,0,0,0,0,0,"- ","- ",,,"SAN FRANCISCO","SAN FRANCISCO",-122.40615081787109,37.751197814941406
9759751,2024,2025-01-14,3801,2024-10-16,1922,230,TENDE,3,5,7,3801,0,0,0,,0,3J12D,"6TH ST","JESSIE ST",58.00,S,N,A,-,N,,,,,,,,,,Y,4,0,1,2,A,-,04,21703,,N,C,C,A,A,H,-,B,A,0,,,,,Y,,A,08,0,0,1,0,0,0,0,0,0,"- ","- ",,,"SAN FRANCISCO","SAN FRANCISCO",-122.40907287597656,37.781288146972656
9759752,2024,2025-01-14,3801,2024-10-16,"650 ",621,CENTR,3,5,7,3801,0,0,0,,0,3A13A,"OFARRELL ST","STOCKTON ST",0.00,,Y,A,-,N,,,,,,,,,,N,3,0,1,2,A,-,12,21453,A,N,D,C,A,A,H,-,C,A,0,,,,,Y,,M,94,0,1,0,0,0,0,0,0,0,"- ","- ",,,"SAN FRANCISCO","SAN FRANCISCO",-122.40638732910156,37.786624908447266
9759753,2024,2025-01-14,3801,2024-10-12,2012,2228,CENTR,6,5,7,3801,0,0,0,,0,3A14D,"DRUMM ST","WASHINGTON ST",198.00,N,N,A,-,N,,,,,,,,,,N,4,0,1,2,A,-,00,21495,A,N,G,B,D,A,H,-,C,A,0,Y,,,,Y,,N,60,0,0,1,0,1,0,0,0,0,"- ","- ",,,"SAN FRANCISCO","SAN FRANCISCO",-122.39710235595703,37.796905517578125
9759754,2024,2025-01-14,3801,2024-10-11,1221,2059,CENTR,5,5,7,3801,0,0,0,,0,3A14A,EMBARCADERO,"BROADWAY ST",512.00,S,N,A,-,N,,,,,,,,,,N,3,0,1,1,A,-,03,22350,,N,H,-,A,A,H,-,A,A,0,,,Y,,Y,,C,03,0,1,0,0,0,0,0,0,1,"- ","- ",,,"SAN FRANCISCO","SAN FRANCISCO",-122.39739227294922,37.798141479492188
9759755,2024,2025-01-14,3801,2024-10-10,1140,938,TENDE,4,5,7,3801,0,0,0,,0,3X77,"LEAVENWORTH ST","MCALLISTER ST",0.00,,Y,A,-,N,,,,,,,,,,N,4,0,1,2,A,-,03,22350,,F,C,C,A,A,H,-,A,A,0,,,,,Y,,A,01,0,0,1,0,0,0,0,0,0,"- ","- ",,,"SAN FRANCISCO","SAN FRANCISCO",-122.41368865966797,37.780929565429688
9759756,2024,2025-01-14,3801,2024-10-10,"950 ",608,PARK,4,5,7,3801,0,0,0,,0,3F13A,"GROVE ST","COLE ST",0.00,,Y,A,-,N,,,,,,,,,,N,4,0,1,2,A,-,12,22450,A,N,D,C,A,A,H,-,A,A,0,,,Y,,Y,,C,03,0,0,1,0,0,0,0,0,1,"- ","- ",,,"SAN FRANCISCO","SAN FRANCISCO",-122.45112609863281,37.774261474609375
9759758,2024,2025-01-14,3801,2024-10-09,1234,905,PARK,3,5,7,3801,0,0,0,,0,3F60,"6TH AV","HUGO ST",55.00,S,N,A,-,N,,,,,,,,,,N,4,0,1,1,A,-,03,22350,,N,E,A,A,A,C,-,A,A,0,,,Y,,Y,,C,03,0,0,1,0,0,0,0,0,1,"- ","- ",,,"SAN FRANCISCO","SAN FRANCISCO",-122.46315765380859,37.764949798583984
9761944,2024,2024-12-20,3801,2024-11-02,1400,2263,TARAV,6,5,7,3801,0,0,0,,0,3I3A,"TARAVAL ST","22ND AV",77.00,E,N,A,-,N,,,,,,,,,,N,4,0,1,2,A,-,03,22350,,N,G,B,F,A,H,-,A,A,0,Y,,,,Y,,I,11,0,0,1,0,1,0,0,0,0,"- ","- ",,,"SAN FRANCISCO","SAN FRANCISCO",-122.47864532470703,37.742919921875
9761945,2024,2024-12-18,3801,2024-11-05,1449,359,SOUTH,2,5,7,3801,0,0,0,,0,3B61,"MISSION ST","8TH ST",0.00,,Y,A,-,N,,,,,,,,,,N,4,0,1,2,A,-,03,22350,,N,B,C,A,A,H,-,A,A,0,,,,,Y,,A,07,0,0,1,0,0,0,0,0,0,"- ","- ",,,"SAN FRANCISCO","SAN FRANCISCO",-122.41315460205078,37.7774658203125
9761947,2024,2024-12-23,3801,2024-10-05,1954,1857,SOUTH,6,5,7,3801,0,0,0,,0,005,"MISSION BAY N","4TH ST",156.00,E,N,A,-,N,,,,,,,,,,N,4,0,1,2,A,-,21,22106,,N,C,C,A,A,H,-,C,B,0,,,Y,Y,Y,,F,26,0,0,1,0,0,0,0,0,1,NO,"- ",,,"SAN FRANCISCO","SAN FRANCISCO",-122.39073181152344,37.771003723144531
9761948,2024,2025-01-09,3801,2024-11-22,1650,964,NORTH,5,5,7,3801,0,0,0,,0,3E13D,"VAN NESS AV","ELLIS ST",0.00,,Y,C,-,N,,,,,,,,,,N,4,0,3,2,A,-,07,21658,A,N,B,C,A,B,H,-,C,A,0,,,,Y,Y,,F,26,0,0,3,0,0,0,0,0,0,"- ","- ",,,"SAN FRANCISCO","SAN FRANCISCO",-122.42095184326172,37.783828735351562
9761949,2024,2024-12-23,3801,2024-10-28,1921,34,TRAFF,1,5,7,3801,0,0,0,,0,4B4A,"SUNNYDALE AV","SANTOS ST",1238.00,W,N,A,-,N,,,,,,,,,,Y,2,0,1,2,A,-,05,21651,A,N,A,C,A,A,H,-,D,D,0,,,,,Y,,A,01,1,0,0,0,0,0,0,0,0,"- ","- ",37.713691711425781,-124.22324371337891,"SAN FRANCISCO","SAN FRANCISCO",-122.42220306396484,37.713611602783203
9761950,2024,2024-12-27,3801,2024-11-16,1345,4276,NORTH,6,5,7,3801,0,0,0,,0,3E15A,"LOMBARD ST","LAGUNA ST",0.00,,Y,A,-,N,,,,,,,,,,N,3,0,4,2,D,-,00,,,N,C,C,A,A,H,-,A,D,0,,,,,Y,,-,"- ",0,1,3,0,0,0,0,0,0,"- ","- ",,,"SAN FRANCISCO","SAN FRANCISCO",-122.43110656738281,37.80047607421875
9761952,2024,2024-12-18,3801,2024-11-05,1533,392,MISSI,2,5,7,3801,0,0,0,,0,0D3,"MISSION ST","22ND ST",0.00,,Y,A,-,N,,,,,,,,,,Y,4,0,3,3,A,-,12,21453,A,F,D,C,A,A,H,-,A,A,0,,,,,Y,,-,99,0,0,3,0,0,0,0,0,0,"- ","- ",,,"SAN FRANCISCO","SAN FRANCISCO",-122.41873931884766,37.755451202392578
9767437,2024,2024-12-12,3800,2024-10-30,1340,2429,SOUTH,3,5,7,3801,0,0,0,,0,1V22C,"11TH ST","13TH ST",62.00,N,N,A,-,N,,,,,,,,,,N,4,0,1,2,A,-,17,21461,A,N,D,C,A,A,H,-,A,D,0,,,,,Y,,A,01,0,0,1,0,0,0,0,0,0,"- ","- ",,,"SAN FRANCISCO","SAN FRANCISCO",,
9768582,2024,2025-01-13,3801,2024-12-03,1839,2325,MISSI,2,5,7,3801,0,0,0,,0,PATROL,"25TH ST","VALENCIA ST",24.00,W,N,A,-,N,,,,,,,,,,Y,3,0,1,3,A,-,01,23152,A,N,B,E,A,A,H,-,C,A,0,,,,,Y,Y,D,22,0,1,0,0,0,0,0,0,0,"- ","- ",,,"SAN FRANCISCO","SAN FRANCISCO",-122.42058563232422,37.750507354736328
9768584,2024,2025-01-13,3801,2024-12-19,1847,826,INGLE,4,5,7,3801,0,0,0,,0,005,"NIAGARA AV","CAYUGA AV",63.00,W,N,C,-,N,,,,,,,,,,Y,3,0,2,3,A,-,13,22515,A,N,A,E,F,A,H,-,A,D,0,Y,,,,Y,,A,01,0,1,1,0,1,0,0,0,0,"- ","- ",,,"SAN FRANCISCO","SAN FRANCISCO",-122.44487762451172,37.718093872070312
9768587,2024,2025-01-16,3801,2024-11-25,1450,207,CENTR,1,5,7,3801,0,0,0,,0,3A12D,"BUSH ST","SANSOME ST",111.00,W,N,C,-,N,,,,,,,,,,N,4,0,1,2,A,-,08,22107,,N,B,C,A,B,H,-,A,D,0,,,,,Y,,A,01,0,0,1,0,0,0,0,0,0,"- ","- ",,,"SAN FRANCISCO","SAN FRANCISCO",-122.40108489990234,37.791145324707031
9768592,2024,2025-01-16,3801,2024-11-18,1406,1119,SOUTH,1,5,7,3801,0,0,0,,0,3B3,"MISSION ST","6TH ST",30.00,,N,A,-,N,,,,,,,,,,N,4,0,1,2,A,-,09,21804,A,N,B,G,A,A,H,-,A,D,0,,Y,,,Y,,L,04,0,0,1,0,0,0,1,0,0,"- ","- ",,,"SAN FRANCISCO","SAN FRANCISCO",-122.40869140625,37.780982971191406
9768595,2024,2025-01-28,3801,2024-11-28,2247,1920,BAYVI,4,5,7,3801,0,0,0,,0,3C12E,"GILMAN AV","GILMAN AV 650",0.00,,Y,A,-,N,,,,,,,,,,Y,2,0,2,3,A,-,01,23152,A,F,C,C,A,A,H,-,C,D,0,,,,,Y,Y,A,01,2,0,0,0,0,0,0,0,0,"- ","- ",,,"SAN FRANCISCO","SAN FRANCISCO",,
9768602,2024,2025-01-27,3801,2024-12-18,1830,2424,SOUTH,3,5,7,3801,0,0,0,,0,3B94,"BRYANT ST","MAIN ST",132.00,W,N,A,-,N,,,,,,,,,,Y,4,0,1,2,A,-,02,22400,A,N,B,C,A,A,H,-,C,A,0,,,,,Y,,A,01,0,0,1,0,0,0,0,0,0,"- ","- ",,,"SAN FRANCISCO","SAN FRANCISCO",-122.38908386230469,37.786689758300781
9768604,2024,2025-01-13,3801,2024-12-11,1617,2459,SOUTH,3,5,7,3801,0,0,0,,0,3B15D,"3RD ST","MISSION ST",0.00,,Y,A,-,N,,,,,,,,,,N,4,0,1,2,A,-,11,21954,A,N,H,B,E,A,H,-,A,A,0,Y,,,,Y,,N,60,0,0,1,0,1,0,0,0,0,"- ","- ",,,"SAN FRANCISCO","SAN FRANCISCO",-122.40200042724609,37.786266326904297
9768608,2024,2025-01-13,3801,2024-12-11,1621,2748,INGLE,3,5,7,3801,0,0,0,,0,,"ALEMANY BLVD","OCEAN AVE",0.00,,Y,A,-,N,,,,,,,,,,Y,4,0,1,2,A,-,09,21801,A,N,D,C,A,-,H,-,A,A,0,,,Y,,Y,,D,22,0,0,1,0,0,0,0,0,1,"- ","- ",,,"SAN FRANCISCO","SAN FRANCISCO",-122.43753814697266,37.723697662353516
9768611,2024,2025-01-13,3801,2024-12-16,"900 ",17,INGLE,1,5,7,3801,0,0,0,,0,3H13D,"PERSIA AV","LONDON ST",0.00,,Y,C,-,N,,,,,,,,,,N,4,0,1,2,A,-,12,22450,A,F,B,C,A,B,H,-,A,D,0,,,,,Y,,D,22,0,0,1,0,0,0,0,0,0,"- ","- ",,,"SAN FRANCISCO","SAN FRANCISCO",-122.4351806640625,37.722763061523438
9768616,2024,2025-01-15,3801,2024-12-09,1225,1580,SOUTH,1,5,7,3801,0,0,0,,0,3B90,"HARRIET ST","HARRISON ST",0.00,,Y,A,-,N,,,,,,,,,,N,4,0,1,2,A,-,21,22106,,F,G,B,E,A,H,-,A,D,0,Y,,,,Y,,A,01,0,0,1,0,1,0,0,0,0,"- ","- ",,,"SAN FRANCISCO","SAN FRANCISCO",-122.40464019775391,37.776859283447266
9768617,2024,2025-01-15,3801,2024-12-02,"825 ",1501,INGEL,1,5,7,3801,0,0,0,,0,3H12A,"29TH ST","29TH ST IFO 280",0.00,,N,A,-,N,,,,,,,,,,N,3,0,1,2,A,-,11,21955,,N,G,B,D,A,H,-,A,D,0,Y,,,,Y,,N,60,0,1,0,0,1,0,0,0,0,"- ","- ",,,"SAN FRANCISCO","SAN FRANCISCO",-122.426106,37.743737000000003
9768618,2024,2025-01-15,3801,2024-12-08,1201,2196,MISSI,7,5,7,3801,0,0,0,,0,3D11C,"GUERRERO ST","17TH ST",0.00,,Y,A,-,N,,,,,,,,,,Y,3,0,1,2,A,-,09,21801,A,N,D,C,A,A,H,-,A,A,0,,,Y,,Y,Y,A,01,0,1,0,0,0,0,0,0,1,"- ","- ",,,"SAN FRANCISCO","SAN FRANCISCO",-122.42392730712891,37.763172149658203
9768619,2024,2025-01-15,3801,2024-12-08,"400 ",2229,TENDE,7,5,7,3801,0,0,0,,0,,"4TH ST","MISSION ST",0.00,,Y,A,-,N,,,,,,,,,,N,4,0,1,2,D,-,00,,,F,G,B,B,A,H,-,B,-,0,Y,,,,Y,,-,"- ",0,0,1,0,1,0,0,0,0,"- ","- ",,,"SAN FRANCISCO","SAN FRANCISCO",-122.40425872802734,37.784519195556641
9768620,2024,2025-01-15,3801,2024-12-07,1643,2325,CENTR,6,5,7,3801,0,0,0,,0,PATROL,"COLUMBUS AV","LOMBARD ST",0.00,,Y,A,-,N,,,,,,,,,,N,4,0,1,2,A,-,06,21750,A,N,B,C,A,A,H,-,C,A,0,,,,,Y,,A,01,0,0,1,0,0,0,0,0,0,"- ","- ",,,"SAN FRANCISCO","SAN FRANCISCO",-122.41367340087891,37.802734375
9768621,2024,2025-01-15,3801,2024-12-07,"825 ",1580,SOUTH,6,5,7,3801,0,0,0,,0,3B1A,"FREMONT ST","FOLSOM ST",0.00,,Y,A,-,N,,,,,,,,,,N,4,0,1,2,A,-,08,22107,,N,B,C,A,A,H,-,A,A,0,,,,,Y,,A,01,0,0,1,0,0,0,0,0,0,"- ","- ",,,"SAN FRANCISCO","SAN FRANCISCO",-122.39360046386719,37.788002014160156
9768622,2024,2025-01-15,3801,2024-12-06,2219,1024,TENDE,5,5,7,3801,0,0,0,,0,3J3E,"222 MASON ST","OFARRELL ST",135.00,S,N,A,-,N,,,,,,,,,,N,3,0,1,2,A,-,00,21954,,N,G,B,E,A,H,-,C,A,0,Y,,,,Y,Y,N,60,0,1,0,0,1,0,0,0,0,"- ","- ",,,"SAN FRANCISCO","SAN FRANCISCO",-122.40957641601562,37.785854339599609
9768623,2024,2025-01-15,3801,2024-12-06,2500,2500,SOUTH,5,5,7,3801,0,0,0,,0,0B2,"5TH ST","BRANNAN ST",0.00,,Y,A,-,N,,,,,,,,,,N,4,0,1,2,A,-,08,22107,,N,D,C,A,A,H,-,C,A,0,,,,,Y,,A,01,0,0,1,0,0,0,0,0,0,"- ","- ",,,"SAN FRANCISCO","SAN FRANCISCO",-122.39875793457031,37.776573181152344
9768624,2024,2025-01-15,3801,2024-12-02,1805,1251,BAYVI,1,5,7,3801,0,0,0,,0,3C12D,"BAY SHORE BL","OAKDALE AV",40.00,S,N,A,-,N,,,,,,,,,,N,2,0,1,2,A,-,00,21955,A,F,A,B,D,A,H,-,C,D,0,Y,,,,Y,,N,60,1,0,0,0,1,0,0,0,0,"- ","- ",,,"SAN FRANCISCO","SAN FRANCISCO",-122.40529632568359,37.742946624755859