CASE_ID,ACCIDENT_YEAR,PROC_DATE,JURIS,COLLISION_DATE,COLLISION_TIME,OFFICER_ID,REPORTING_DISTRICT,DAY_OF_WEEK,CHP_SHIFT,POPULATION,CNTY_CITY_LOC,SPECIAL_COND,BEAT_TYPE,CHP_BEAT_TYPE,CITY_DIVISION_LAPD,CHP_BEAT_CLASS,BEAT_NUMBER,PRIMARY_RD,SECONDARY_RD,DISTANCE,DIRECTION,INTERSECTION,WEATHER_1,WEATHER_2,STATE_HWY_IND,CALTRANS_COUNTY,CALTRANS_DISTRICT,STATE_ROUTE,ROUTE_SUFFIX,POSTMILE_PREFIX,POSTMILE,LOCATION_TYPE,RAMP_INTERSECTION,SIDE_OF_HWY,TOW_AWAY,COLLISION_SEVERITY,NUMBER_KILLED,NUMBER_INJURED,PARTY_COUNT,PRIMARY_COLL_FACTOR,PCF_CODE_OF_VIOL,PCF_VIOL_CATEGORY,PCF_VIOLATION,PCF_VIOL_SUBSECTION,HIT_AND_RUN,TYPE_OF_COLLISION,MVIW,PED_ACTION,ROAD_SURFACE,ROAD_COND_1,ROAD_COND_2,LIGHTING,CONTROL_DEVICE,CHP_ROAD_TYPE,PEDESTRIAN_ACCIDENT,BICYCLE_ACCIDENT,MOTORCYCLE_ACCIDENT,TRUCK_ACCIDENT,NOT_PRIVATE_PROPERTY,ALCOHOL_INVOLVED,STWD_VEHTYPE_AT_FAULT,CHP_VEHTYPE_AT_FAULT,COUNT_SEVERE_INJ,COUNT_VISIBLE_INJ,COUNT_COMPLAINT_PAIN,COUNT_PED_KILLED,COUNT_PED_INJURED,COUNT_BICYCLIST_KILLED,COUNT_BICYCLIST_INJURED,COUNT_MC_KILLED,COUNT_MC_INJURED,PRIMARY_RAMP,SECONDARY_RAMP,LATITUDE,LONGITUDE,COUNTY,CITY,POINT_X,POINT_Y
9768625,2024,2025-01-15,3801,2024-12-10,1325,2196,MISSI,2,5,7,3801,0,0,0,,0,3801,"14TH ST","S VAN NESS AV",0.00,,Y,A,-,N,,,,,,,,,,N,4,0,1,2,A,-,08,22100,B,N,B,C,A,A,H,-,A,A,0,,,,,Y,,A,01,0,0,1,0,0,0,0,0,0,"- ","- ",,,"SAN FRANCISCO","SAN FRANCISCO",-122.41780090332031,37.768417358398438
9768626,2024,2025-01-15,3801,2024-12-10,1138,863,MISSI,2,5,7,3801,0,0,0,,0,3801,"VALENCIA ST","21ST ST",0.00,,Y,A,-,N,,,,,,,,,,N,4,0,1,2,A,-,08,22101,D,N,D,G,A,A,H,-,A,A,0,,Y,,,Y,,A,01,0,0,1,0,0,0,1,0,0,"- ","- ",,,"SAN FRANCISCO","SAN FRANCISCO",-122.42109680175781,37.756908416748047
9768627,2024,2025-01-15,3801,2024-12-10,1028,1580,SOUTH,2,5,7,3801,0,0,0,,0,3B5A,"MISSION ST","NEW MONTGOMERY ST",0.00,,Y,A,-,N,,,,,,,,,,N,3,0,1,2,A,-,12,21453,A,N,D,G,A,A,H,-,A,A,0,,Y,,,Y,,L,04,0,1,0,0,0,0,1,0,0,"- ","- ",,,"SAN FRANCISCO","SAN FRANCISCO",-122.40049743652344,37.787452697753906
9768628,2024,2025-02-13,3801,2024-12-11,1312,1190,SOUTH,3,5,7,3801,0,0,0,,0,0B4,"OTIS ST","BRADY ST",0.00,,Y,A,-,N,,,,,,,,,,N,4,0,1,2,A,-,09,21804,A,F,D,-,A,A,H,-,A,D,0,,,Y,,Y,,A,01,0,0,1,0,0,0,0,0,1,"- ","- ",,,"SAN FRANCISCO","SAN FRANCISCO",-122.41970062255859,37.772308349609375
9768629,2024,2025-01-15,3801,2024-12-11,1241,2395,SOUTH,3,5,7,3801,0,0,0,,0,3B14A,"MISSION ST","S VAN NESS ST",0.00,,Y,A,-,N,,,,,,,,,,N,4,0,1,2,A,-,08,22107,,F,D,G,A,A,H,-,A,A,0,,Y,,,Y,,-,,0,0,1,0,0,0,1,0,0,"- ","- ",37.773159027099609,-122.41858673095703,"SAN FRANCISCO","SAN FRANCISCO",-122.41863250732422,37.773109436035156
9768630,2024,2025-01-15,3801,2024-12-11,"901 ",2008,MISSI,3,5,7,3801,0,0,0,,0,3D13A,"HARRISON ST","19TH ST",0.00,,Y,A,-,N,,,,,,,,,,N,3,0,1,2,A,-,05,21460,A,N,D,C,A,A,H,-,A,D,0,,,,,Y,,A,07,0,1,0,0,0,0,0,0,0,"- ","- ",,,"SAN FRANCISCO","SAN FRANCISCO",-122.41269683837891,37.760650634765625
9768631,2024,2025-01-22,3801,2024-12-09,1622,2743,SOUTH,1,5,7,3801,0,0,0,,0,3B1,"BRANNAN ST","JACK LONDON ALY",25.00,W,N,A,-,N,,,,,,,,,,N,3,0,1,2,D,-,00,,,N,H,G,A,A,H,-,A,D,0,,Y,,,Y,,-,"- ",0,1,0,0,0,0,1,0,0,"- ","- ",,,"SAN FRANCISCO","SAN FRANCISCO",-122.39324951171875,37.780891418457031
9768632,2024,2025-01-15,3801,2024-12-07,1807,2748,INGLE,6,5,7,3801,0,0,0,,0,3H13D,"GENEVA AV","DELANO AV",0.00,,Y,A,-,N,,,,,,,,,,Y,4,0,1,2,A,-,08,22107,,N,D,C,A,A,H,-,C,-,0,,,,,Y,,A,01,0,0,1,0,0,0,0,0,0,"- ","- ",,,"SAN FRANCISCO","SAN FRANCISCO",-122.44512939453125,37.720096588134766
9768633,2024,2025-01-27,3801,2024-12-15,1536,1355,TARAV,7,5,7,3801,0,0,0,,0,0I6,"ARCH ST","ALEMANY BL",68.00,N,N,A,-,N,,,,,,,,,,N,4,0,1,2,D,-,00,,,N,B,C,A,A,H,-,A,D,0,,,,,Y,,-,"- ",0,0,1,0,0,0,0,0,0,"- ","- ",,,"SAN FRANCISCO","SAN FRANCISCO",-122.46705627441406,37.711795806884766
9768658,2024,2025-01-13,3801,2024-10-07,1759,936,CENTR,1,5,7,3801,0,0,0,,0,150001,"BEACH ST","COLUMBUS AV",0.00,,Y,A,-,N,,,,,,,,,,N,4,0,1,2,A,-,10,21950,A,N,G,B,B,A,H,-,B,D,0,Y,,,,Y,,A,01,0,0,1,0,1,0,0,0,0,"- ","- ",,,"SAN FRANCISCO","SAN FRANCISCO",-122.41956329345703,37.806766510009766
9768659,2024,2025-01-13,3801,2024-10-03,1108,1249,CENTR,4,5,7,3801,0,0,0,,0,3A50C,"MONTGOMERY ST","JACKSON ST",97.00,N,N,A,-,N,,,,,,,,,,N,3,0,1,2,A,-,08,22107,,N,G,B,E,A,H,-,A,D,0,Y,,,,Y,,A,01,0,1,0,0,1,0,0,0,0,"- ","- ",,,"SAN FRANCISCO","SAN FRANCISCO",-122.40353393554688,37.79669189453125
9768661,2024,2025-01-13,3801,2024-10-10,1725,664,MISSI,4,5,7,3801,0,0,0,,0,3D16D,"17TH ST","TREAT AV",0.00,,Y,A,-,N,,,,,,,,,,N,4,0,1,2,A,-,09,21801,,N,D,G,A,A,H,-,A,D,0,,Y,,,Y,,B,01,0,0,1,0,0,0,1,0,0,"- ","- ",,,"SAN FRANCISCO","SAN FRANCISCO",-122.41359710693359,37.7637939453125
9768662,2024,2025-01-13,3801,2024-10-10,"642 ",323,CENTR,4,5,7,3801,0,0,0,,0,3A11A,"SUTTER ST","LEAVENWORTH ST",187.00,W,N,A,-,N,,,,,,,,,,N,4,0,1,2,A,-,11,21950,B,N,G,B,D,A,H,-,A,A,0,Y,,,,Y,,N,60,0,0,1,0,1,0,0,0,0,"- ","- ",,,"SAN FRANCISCO","SAN FRANCISCO",-122.41581726074219,37.788303375244141
9768663,2024,2025-01-13,3801,2024-10-06,1424,2151,PARK,7,5,7,3801,0,0,0,,0,3F13A,"STANYAN ST","ANZA AV",0.00,,Y,A,-,N,,,,,,,,,,N,4,0,1,2,A,-,11,21954,A,N,D,B,E,A,H,-,A,A,0,Y,,,,Y,Y,N,60,0,0,1,0,1,0,0,0,0,"- ","- ",,,"SAN FRANCISCO","SAN FRANCISCO",-122.45619201660156,37.779811859130859
9768674,2024,2025-01-13,3801,2024-09-08,1447,4833,NORTH,7,5,7,3801,0,0,0,,0,3E00,"CALIFORNIA ST","KEARNY ST",5.00,W,N,B,-,N,,,,,,,,,,N,3,0,1,2,A,-,10,21950,A,F,G,B,B,A,H,-,A,A,0,Y,,,,Y,,-,99,0,1,0,0,1,0,0,0,0,"- ","- ",,,"SAN FRANCISCO","SAN FRANCISCO",-122.40439605712891,37.792678833007812
9768749,2024,2025-02-03,3801,2024-12-19,"731 ",2395,SOUTH,4,5,7,3801,0,0,0,,0,3B12A,"FOLSOM ST","5TH ST",5.00,E,N,A,-,N,,,,,,,,,,Y,4,0,1,2,A,-,03,22350,,F,C,C,A,A,H,-,B,A,0,,,,,Y,,-,99,0,0,1,0,0,0,0,0,0,"- ","- ",37.780269622802734,-122.40339660644531,"SAN FRANCISCO","SAN FRANCISCO",-122.40338897705078,37.780281066894531
9768753,2024,2025-01-31,3801,2024-12-14,"618 ",2240,MISSI,6,5,7,3801,0,0,0,,0,3D13A,"CARGO WAY","ILLINOIS ST",0.00,,Y,C,-,N,,,,,,,,,,Y,4,0,1,2,A,-,08,22107,,F,B,C,A,B,H,-,C,A,0,,,,Y,Y,Y,F,25,0,0,1,0,0,0,0,0,0,"- ","- ",37.746120452880859,-122.3861083984375,"SAN FRANCISCO","SAN FRANCISCO",-122.3861083984375,37.745704650878906
9768755,2024,2025-01-21,3801,2024-12-06,"18  ",4039,CENTR,5,5,7,3801,0,0,0,,0,3A1E,"DERBY ST","MASON ST",42.00,W,N,A,-,N,,,,,,,,,,N,2,0,1,2,A,-,11,21954,A,N,G,B,E,A,H,-,C,D,0,Y,,,Y,Y,,N,60,1,0,0,0,1,0,0,0,0,"- ","- ",,,"SAN FRANCISCO","SAN FRANCISCO",-122.41005706787109,37.787410736083984
9768757,2024,2025-02-18,3801,2024-12-26,1220,412,MISSI,4,5,7,3801,0,0,0,,0,3D2A,"MISSION ST","19TH ST",0.00,,Y,A,-,N,,,,,,,,,,Y,4,0,1,2,A,-,12,21453,A,N,B,D,A,B,-,-,A,A,0,,,,,Y,,A,01,0,0,1,0,0,0,0,0,0,"- ","- ",,,"SAN FRANCISCO","SAN FRANCISCO",-122.41921997070312,37.760219573974609
9768758,2024,2025-02-28,3801,2024-12-22,"256 ",539,NORTH,7,5,7,3801,0,0,0,,0,,"RT 80","TREASURE ISLAND RD",0.00,,N,C,-,Y,SF,4,80," "," ",7.541,H,-,R,Y,4,0,1,7,A,-,08,22107,,M,B,C,A,B,H,-,C,D,0,,,,Y,Y,,A,01,0,0,1,0,0,0,0,0,0,"- ","- ",37.807071685791016,-122.36849975585938,"SAN FRANCISCO","SAN FRANCISCO",-122.36829376220703,37.806930541992188
9768759,2024,2025-01-24,3801,2024-12-02,"150 ",821,SOUTH,1,5,7,3801,0,0,0,,0,3B4,"MISSION ST","9TH ST",0.00,,Y,A,-,N,,,,,,,,,,,4,0,6,2,A,-,12,21453,A,F,D,C,A,A,H,-,C,A,0,,,,,Y,Y,A,07,0,0,6,0,0,0,0,0,0,"- ","- ",,,"SAN FRANCISCO","SAN FRANCISCO",-122.41471862792969,37.776241302490234
9768761,2024,2025-01-21,3801,2024-12-10,1625,1263,BAYVI,2,5,7,3801,0,0,0,,0,03C,"MENDELL ST","EVANS AV",0.00,,Y,A,-,N,,,,,,,,,,Y,4,0,2,2,A,-,03,22350,,N,C,C,A,A,H,-,A,A,0,,,,,Y,,A,01,0,0,2,0,0,0,0,0,0,"- ","- ",,,"SAN FRANCISCO","SAN FRANCISCO",-122.38475799560547,37.740852355957031
9768799,2024,2025-01-31,3801,2024-12-03,1808,890,BAYVI,2,5,7,3801,0,0,0,,0,BAYVIE,"HAWES ST","SHAFTER AV",95.00,N,N,A,-,N,,,,,,,,,,N,4,0,1,2,A,-,03,22350,A,N,B,C,A,A,H,-,C,A,0,,,,,Y,Y,D,22,0,0,1,0,0,0,0,0,0,"- ","- ",,,"SAN FRANCISCO","SAN FRANCISCO",-122.38306427001953,37.727008819580078
9769403,2024,2025-02-12,3801,2024-01-20,1052,1450,BAYVI,6,5,7,3801,0,0,0,,0,3C13A,"HUDSON AV","NEWHALL ST",0.00,,Y,A,-,N,,,,,,,,,,N,4,0,1,2,A,-,09,21800,C,N,D,C,A,A,H,-,A,D,0,,,,,Y,,A,01,0,0,1,0,0,0,0,0,0,"- ","- ",,,"SAN FRANCISCO","SAN FRANCISCO",-122.38828277587891,37.74005126953125
9769808,2024,2025-01-27,3801,2024-11-28,2057,2141,TARAV,4,5,7,3801,0,0,0,,0,3115D,"19TH AV","WAWONA ST",75.00,S,N,A,-,Y,SF,4,1,-,-,2.070,H,-,N,Y,4,0,2,2,A,-,04,21703,,N,C,C,A,A,D,-,C,A,0,,,,,Y,,A,01,0,0,2,0,0,0,0,0,0,"- ","- ",,,"SAN FRANCISCO","SAN FRANCISCO",-122.47525024414062,37.737224578857422
9769840,2024,2025-01-14,3801,2024-12-05,1800,1316,RICHM,4,5,7,3801,0,0,0,,0,3G15D,"GREAT HWY","FULTON ST",500.00,N,N,B,-,N,,,,,,,,,,N,3,0,1,2,A,-,03,22350,,N,G,B,C,A,H,-,C,A,0,Y,,,,Y,,A,01,0,1,0,0,1,0,0,0,0,"- ","- ",,,"SAN FRANCISCO","SAN FRANCISCO",-122.51132965087891,37.772655487060547
9771561,2024,2025-01-23,3801,2024-12-09,1230,1540,TARAV,1,5,7,3801,0,0,0,,0,3I1A,"19TH AV","ULLOA ST",0.00,,Y,A,-,N,,,,,,,,,,Y,4,0,4,3,A,-,12,21453,A,N,D,C,A,A,H,-,A,A,0,,,,,Y,,A,01,0,0,4,0,0,0,0,0,0,"- ","- ",,,"SAN FRANCISCO","SAN FRANCISCO",-122.47557067871094,37.741195678710938
9771562,2024,2025-01-23,3801,2024-12-26,1700,1198,MISSI,4,5,7,3801,0,0,0,,0,,"16TH ST","FOLSOM ST",0.00,,Y,C,-,N,,,,,,,,,,Y,3,0,1,2,A,-,00,21451,,F,A,C,A,B,H,-,C,A,0,,,Y,,Y,,A,01,0,1,0,0,0,0,0,0,1,"- ","- ",,,"SAN FRANCISCO","SAN FRANCISCO",-122.41529846191406,37.765312194824219
9771563,2024,2025-01-23,3801,2024-12-06,1744,1933,TARAV,5,5,7,3801,0,0,0,,0,3I15D,"SKYLINE BL","LAKE MERCED BL",0.00,,Y,A,-,N,,,,,,,,,,Y,3,0,3,2,A,-,09,21801,A,N,A,C,A,A,H,-,C,D,0,,,,,Y,,A,01,0,2,1,0,0,0,0,0,0,"- ","- ",,,"SAN FRANCISCO","SAN FRANCISCO",-122.49894714355469,37.731536865234375
9771565,2024,2025-02-12,3801,2024-12-18,"655 ",1513,RICHM,3,5,7,3801,0,0,0,,0,RICHMO,"PARK PRESIDIO","BALBOA ST",0.00,,Y,A,-,N,,,,,,,,,,N,4,0,1,2,A,-,08,22107,,N,G,B,B,A,H,-,B,A,0,Y,,,,Y,,A,01,0,0,1,0,1,0,0,0,0,"- ","- ",,,"SAN FRANCISCO","SAN FRANCISCO",-122.47206115722656,37.776851654052734
9771566,2024,2025-01-23,3801,2024-12-11,"533 ",1,NORTH,3,5,7,3801,0,0,0,,0,3E16A,"GOUGH ST","BUSH ST",0.00,,Y,A,-,N,,,,,,,,,,,4,0,2,2,A,-,12,21453,A,N,D,C,A,A,H,-,C,A,0,,,,,Y,,A,01,0,0,2,0,0,0,0,0,0,"- ","- ",,,"SAN FRANCISCO","SAN FRANCISCO",-122.42523956298828,37.788066864013672
9771567,2024,2025-01-23,3801,2024-12-20,1730,1666,PARK,5,5,7,3801,0,0,0,,0,4CAR,"SANCHEZ ST","MARKET ST",162.00,N,N,A,-,N,,,,,,,,,,N,3,0,1,2,A,-,09,21804,A,N,D,G,A,A,H,-,B,A,0,,Y,,,Y,,A,01,0,1,0,0,0,0,1,0,0,"- ","- ",,,"SAN FRANCISCO","SAN FRANCISCO",-122.43105316162109,37.766422271728516
9771568,2024,2025-01-23,3801,2024-12-07,"903 ",2144,TARAV,6,5,7,3801,0,0,0,,0,3I13A,"GREAT HWY","ORTEGA ST",0.00,,Y,A,-,N,,,,,,,,,,N,4,0,1,2,A,-,09,21804,A,N,D,G,A,A,H,-,A,A,0,,Y,,,Y,,-,,0,0,1,0,0,0,1,0,0,"- ","- ",,,"SAN FRANCISCO","SAN FRANCISCO",-122.50820922851562,37.750957489013672
9771571,2024,2025-01-23,3801,2024-12-17,1415,2323,BAYVI,2,5,7,3801,0,0,0,,0,,"LA SALLE AV","3RD ST",0.00,,Y,A,-,N,,,,,,,,,,,4,0,1,2,A,-,12,21453,,N,G,B,B,A,H,-,A,A,0,Y,,,,Y,Y,A,01,0,0,1,0,1,0,0,0,0,"- ","- ",,,"SAN FRANCISCO","SAN FRANCISCO",-122.38993835449219,37.737216949462891
9771572,2024,2025-01-23,3801,2024-12-12,1620,1933,TENDE,4,5,7,3801,0,0,0,,0,3J11D,"TURK ST","JONES ST",0.00,,Y,C,-,N,,,,,,,,,,N,3,0,1,2,A,-,05,21202,A,F,D,-,B,B,H,-,B,A,0,Y,Y,,,Y,,L,04,0,1,0,0,1,0,0,0,0,"- ","- ",,,"SAN FRANCISCO","SAN FRANCISCO",-122.41241455078125,37.782997131347656
9771681,2024,2025-01-13,3801,2024-11-24,2100,2412,TARAV,7,5,7,3801,0,0,0,,0,3116E,"SAN JOSE AV","ALEMANY BL",0.00,,Y,A,-,N,,,,,,,,,,Y,4,0,2,2,A,-,05,21651,B,N,A,C,A,A,H,-,C,A,0,,,,,Y,,B,08,0,0,2,0,0,0,0,0,0,"- ","- ",,,"SAN FRANCISCO","SAN FRANCISCO",-122.45709991455078,37.710071563720703
9771688,2024,2025-01-13,3801,2024-11-02,1502,2007,TARAV,6,5,7,3801,0,0,0,,0,3116D,"BUCKINGHAM WY","WINSTON DR",120.00,N,N,A,-,N,,,,,,,,,,Y,2,0,4,4,A,-,03,22350,,N,E,E,A,A,H,-,A,D,0,,,,,Y,,A,07,1,0,3,0,0,0,0,0,0,"- ","- ",,,"SAN FRANCISCO","SAN FRANCISCO",-122.47598266601562,37.730091094970703
9774108,2024,2025-01-22,3801,2024-11-29,"812 ",4036,TRAFF,5,5,7,3801,0,0,0,,0,4B1B,"BRYANT ST","5TH ST",0.00,,Y,A,-,N,,,,,,,,,,Y,4,0,3,3,A,-,12,21453,A,N,D,C,A,A,H,-,A,A,0,,,,,Y,,A,01,0,0,3,0,0,0,0,0,0,"- ","- ",,,"SAN FRANCISCO","SAN FRANCISCO",-122.40029144287109,37.777797698974609
9774114,2024,2025-01-22,3801,2024-12-03,"138 ",147,SOUTH,2,5,7,3801,0,0,0,,0,004,"MARKET ST","VAN NESS AVE",0.00,,Y,A,-,N,,,,,,,,,,N,4,0,1,2,A,-,00,38300,,N,D,-,A,A,H,-,C,A,0,,,,,Y,,J,41,0,0,1,0,0,0,0,0,0,"- ","- ",,,"SAN FRANCISCO","SAN FRANCISCO",-122.41925811767578,37.775169372558594
9774118,2024,2025-01-21,3801,2024-12-08,"516 ",2188,BAYVI,7,5,7,3801,0,0,0,,0,3C11E,"3RD ST","LANE ST",0.00,,Y,A,-,N,,,,,,,,,,N,4,0,1,2,A,-,00,21056,,N,D,C,A,A,H,-,C,A,0,,,,,Y,,J,48,0,0,1,0,0,0,0,0,0,"- ","- ",,,"SAN FRANCISCO","SAN FRANCISCO",-122.39306640625,37.728370666503906
9774355,2024,2025-01-17,3801,2024-10-02,1711,1123,RICHM,3,5,7,3801,0,0,0,,0,3G14D,"PARK PRESIDIO BL","CALIFORNIA ST",76.00,N,N,A,-,N,,,,,,,,,,Y,4,0,1,3,A,-,07,21658,A,N,B,C,A,A,H,-,A,A,0,,,,,Y,,-,"- ",0,0,1,0,0,0,0,0,0,"- ","- ",,,"SAN FRANCISCO","SAN FRANCISCO",-122.47261047363281,37.78466796875
9774510,2024,2025-01-17,3801,2024-09-13,"227 ",1308,SOUTH,5,5,7,3801,0,0,0,,0,3B11E,"EMBARCADERO SOUTH","BRYANT ST",0.00,,Y,A,-,N,,,,,,,,,,N,2,0,1,2,A,-,11,21954,A,N,D,B,D,A,H,-,C,A,0,Y,,,,Y,,N,60,1,0,0,0,1,0,0,0,0,"- ","- ",,,"SAN FRANCISCO","SAN FRANCISCO",-122.38801574707031,37.787094116210938
9775404,2024,2025-01-29,3801,2024-11-29,1353,1513,RICHM,5,5,7,3801,0,0,0,,0,3G13A,"6TH AV","CLEMENT ST",0.00,,Y,A,-,N,,,,,,,,,,Y,4,0,1,3,A,-,09,21804,A,N,D,C,A,A,H,-,A,D,0,,,,,Y,,A,01,0,0,1,0,0,0,0,0,0,"- ","- ",,,"SAN FRANCISCO","SAN FRANCISCO",-122.46442413330078,37.782955169677734
9776753,2025,2025-02-11,3801,2025-01-01,2116,1389,MISSI,3,5,7,3801,0,0,0,,0,3D12E,"CLIPPER ST","DOUGLASS ST",198.00,E,N,A,-,N,,,,,,,,,,Y,3,0,1,2,A,-,07,21658,A,N,D,E,A,A,H,-,C,D,0,,,,,Y,Y,A,01,0,1,0,0,0,0,0,0,0,"- ","- ",,,"SAN FRANCISCO","SAN FRANCISCO",-122.43756866455078,37.748699188232422
9776754,2025,2025-02-11,3801,2025-01-01,1749,1857,SOUTH,3,5,7,3801,0,0,0,,0,3B61,"KING ST","3RD ST",30.00,E,N,A,-,N,,,,,,,,,,Y,4,0,3,2,A,-,01,23153,,F,B,C,A,A,H,-,C,A,0,,,,,Y,Y,A,01,0,0,3,0,0,0,0,0,0,"- ","- ",,,"SAN FRANCISCO","SAN FRANCISCO",-122.39187622070312,37.77825927734375
9776755,2025,2025-02-11,3801,2025-01-01,1018,737,NORTH,3,5,7,3801,0,0,0,,0,3E12A,"GEARY BL","STEINER ST",0.00,,Y,A,-,N,,,,,,,,,,Y,4,0,1,2,A,-,08,22107,,N,B,C,A,A,H,-,A,A,0,,,,,Y,,A,01,0,0,1,0,0,0,0,0,0,"- ","- ",,,"SAN FRANCISCO","SAN FRANCISCO",-122.43457794189453,37.784320831298828
9776760,2025,2025-02-11,3801,2025-01-01,"30  ",230,TENDE,3,5,7,3801,0,0,0,,0,3J14D,"THE EMBARCADERO","FERRY PLAZA",100.00,N,N,A,-,N,,,,,,,,,,N,2,0,1,2,A,-,08,22107,,N,B,C,A,A,H,-,C,A,0,,,Y,,Y,,A,01,1,0,0,0,0,0,0,0,1,"- ","- ",,,"SAN FRANCISCO","SAN FRANCISCO",-122.39324951171875,37.794612884521484
9776784,2025,2025-02-07,3801,2025-01-01,"142 ",979,TENDE,3,5,7,3801,0,0,0,,0,3J12E,"HYDE ST",FULTON,0.00,,Y,A,-,N,,,,,,,,,,Y,4,0,1,3,A,-,08,22107,,N,C,C,A,A,H,-,A,A,0,,,,,Y,,A,01,0,0,1,0,0,0,0,0,0,"- ","- ",,,"SAN FRANCISCO","SAN FRANCISCO",-122.41513061523438,37.779811859130859
9776790,2025,2025-02-07,3801,2025-01-01,2130,1078,NORTH,3,5,7,3801,0,0,0,,0,,"DIVISADERO ST","FELL ST",0.00,,Y,A,-,N,,,,,,,,,,N,4,0,1,2,A,-,09,21801,A,F,D,D,A,A,H,-,C,A,0,,,,,Y,,A,07,0,0,1,0,0,0,0,0,0,"- ","- ",,,"SAN FRANCISCO","SAN FRANCISCO",-122.43759918212891,37.774063110351562
9776791,2025,2025-02-07,3801,2025-01-01,"430 ",1871,INGLE,3,5,7,3801,0,0,0,,0,901,"GENEVA AV","SAN JOSE AV",0.00,,Y,A,-,N,,,,,,,,,,Y,4,0,1,2,A,-,12,21453,A,F,D,C,A,A,H,-,C,A,0,,,,,Y,,A,07,0,0,1,0,0,0,0,0,0,"- ","- ",,,"SAN FRANCISCO","SAN FRANCISCO",-122.44663238525391,37.720729827880859
9776792,2025,2025-02-07,3801,2025-01-01,"154 ",1750,NORTH,3,5,7,3801,0,0,0,,0,0E3,"FERN ST","POLK ST",176.00,W,N,A,-,N,,,,,,,,,,Y,4,0,1,5,A,-,01,23152,A,N,C,-,A,A,H,-,C,A,0,,,,,Y,Y,A,07,0,0,1,0,0,0,0,0,0,"- ","- ",,,"SAN FRANCISCO","SAN FRANCISCO",-122.42079162597656,37.788139343261719
9776799,2024,2025-02-07,3801,2024-01-05,1200,1540,TARAV,5,5,7,3801,0,0,0,,0,3I1A,"JUNIPERO SERRA BL","19TH AV",340.00,S,N,A,-,N,,,,,,,,,,N,4,0,1,2,A,-,04,21703,,N,-,C,A,A,H,-,A,B,0,,,,,Y,,A,01,0,0,1,0,0,0,0,0,0,"- ","- ",,,"SAN FRANCISCO","SAN FRANCISCO",-122.47245025634766,37.716274261474609
9776802,2024,2025-02-10,3801,2024-01-03,1300,1489,TENDE,3,5,7,3801,0,0,0,,0,3J116,"GOLDEN GATE AV","JONES ST",145.00,E,N,A,-,N,,,,,,,,,,N,4,0,1,2,A,-,03,22350,,F,G,B,D,A,-,-,A,-,0,Y,,,,Y,,A,07,0,0,1,0,1,0,0,0,0,"- ","- ",,,"SAN FRANCISCO","SAN FRANCISCO",-122.41173553466797,37.782146453857422
9776803,2025,2025-02-10,3801,2025-01-01,1813,4335,RICHM,3,5,7,3801,0,0,0,,0,901,"BALBOA ST","39TH AV",0.00,,Y,A,-,N,,,,,,,,,,N,2,0,1,2,A,-,12,22450,A,N,D,G,A,A,H,-,C,A,0,,Y,,,Y,,L,04,1,0,0,0,0,0,1,0,0,"- ","- ",,,"SAN FRANCISCO","SAN FRANCISCO",-122.49948883056641,37.775619506835938
9776888,2024,2025-02-12,3801,2024-12-26,2340,2140,MISSI,4,5,7,3801,0,0,0,,0,3D11E,"MARKET ST","15TH ST",0.00,,Y,C,-,N,,,,,,,,,,N,2,0,1,2,A,-,11,21453,D,N,G,B,B,B,H,-,C,A,0,Y,,,,Y,,N,60,1,0,0,0,1,0,0,0,0,"- ","- ",,,"SAN FRANCISCO","SAN FRANCISCO",-122.43100738525391,37.765979766845703
9776889,2024,2025-02-13,3801,2024-12-15,1757,2222,TARAV,7,5,7,3801,0,0,0,,0,313D,"LINCOLN WY","23RD AV",139.00,E,N,A,-,N,,,,,,,,,,N,4,0,1,2,A,-,07,21658,A,N,F,-,A,A,H,-,C,A,0,,,,,Y,,A,01,0,0,1,0,0,0,0,0,0,"- ","- ",,,"SAN FRANCISCO","SAN FRANCISCO",-122.4810791015625,37.765274047851562
9776891,2024,2025-02-13,3801,2024-12-12,1306,2091,NORTH,4,5,7,3801,0,0,0,,0,3E11A,"LAGUNA ST","HAYES ST",0.00,,Y,A,-,N,,,,,,,,,,N,4,0,1,2,A,-,12,22450,,N,D,C,A,A,H,-,A,A,0,,,,,Y,,M,94,0,0,1,0,0,0,0,0,0,"- ","- ",,,"SAN FRANCISCO","SAN FRANCISCO",-122.42626190185547,37.776473999023438
9776892,2024,2025-02-13,3801,2024-12-21,1850,1288,NORTH,6,5,7,3801,0,0,0,,0,3E13D,"VAN NESS AV","BUSH ST",12.00,S,N,C,-,N,,,,,,,,,,N,4,0,1,2,-,-,"- ",,,N,C,C,A,B,H,-,C,A,0,,,,,Y,,A,01,0,0,1,0,0,0,0,0,0,"- ","- ",,,"SAN FRANCISCO","SAN FRANCISCO",-122.42190551757812,37.788455963134766
9776894,2024,2025-02-13,3801,2024-12-15,"711 ",1385,MISSI,7,5,7,3801,0,0,0,,0,3D5A,"16TH ST","HARRISON ST",0.00,,Y,A,-,N,,,,,,,,,,N,4,0,1,2,A,-,12,21453,A,N,D,C,A,A,H,-,A,A,0,,,,,Y,Y,A,01,0,0,1,0,0,0,0,0,0,"- ","- ",,,"SAN FRANCISCO","SAN FRANCISCO",-122.41314697265625,37.765449523925781
9776895,2024,2025-02-13,3801,2024-12-12,"925 ",917,TRAFF,4,5,7,3801,0,0,0,,0,4B2E,"TURK BL","ARGUELLO BL",0.00,,Y,A,-,N,,,,,,,,,,Y,4,0,1,2,A,-,09,21801,A,N,D,C,A,B,H,-,A,A,0,,,,,Y,,A,01,0,0,1,0,0,0,0,0,0,"- ","- ",,,"SAN FRANCISCO","SAN FRANCISCO",-122.45858764648438,37.777248382568359