CASE_ID,ACCIDENT_YEAR,PROC_DATE,JURIS,COLLISION_DATE,COLLISION_TIME,OFFICER_ID,REPORTING_DISTRICT,DAY_OF_WEEK,CHP_SHIFT,POPULATION,CNTY_CITY_LOC,SPECIAL_COND,BEAT_TYPE,CHP_BEAT_TYPE,CITY_DIVISION_LAPD,CHP_BEAT_CLASS,BEAT_NUMBER,PRIMARY_RD,SECONDARY_RD,DISTANCE,DIRECTION,INTERSECTION,WEATHER_1,WEATHER_2,STATE_HWY_IND,CALTRANS_COUNTY,CALTRANS_DISTRICT,STATE_ROUTE,ROUTE_SUFFIX,POSTMILE_PREFIX,POSTMILE,LOCATION_TYPE,RAMP_INTERSECTION,SIDE_OF_HWY,TOW_AWAY,COLLISION_SEVERITY,NUMBER_KILLED,NUMBER_INJURED,PARTY_COUNT,PRIMARY_COLL_FACTOR,PCF_CODE_OF_VIOL,PCF_VIOL_CATEGORY,PCF_VIOLATION,PCF_VIOL_SUBSECTION,HIT_AND_RUN,TYPE_OF_COLLISION,MVIW,PED_ACTION,ROAD_SURFACE,ROAD_COND_1,ROAD_COND_2,LIGHTING,CONTROL_DEVICE,CHP_ROAD_TYPE,PEDESTRIAN_ACCIDENT,BICYCLE_ACCIDENT,MOTORCYCLE_ACCIDENT,TRUCK_ACCIDENT,NOT_PRIVATE_PROPERTY,ALCOHOL_INVOLVED,STWD_VEHTYPE_AT_FAULT,CHP_VEHTYPE_AT_FAULT,COUNT_SEVERE_INJ,COUNT_VISIBLE_INJ,COUNT_COMPLAINT_PAIN,COUNT_PED_KILLED,COUNT_PED_INJURED,COUNT_BICYCLIST_KILLED,COUNT_BICYCLIST_INJURED,COUNT_MC_KILLED,COUNT_MC_INJURED,PRIMARY_RAMP,SECONDARY_RAMP,LATITUDE,LONGITUDE,COUNTY,CITY,POINT_X,POINT_Y
9776897,2024,2025-02-13,3801,2024-12-07,2330,1426,SOUTH,6,5,7,3801,0,0,0,,0,,"THE EMBARCADERO","MISSION ST",0.00,,Y,A,-,N,,,,,,,,,,Y,4,0,2,2,A,-,04,21703,,N,C,C,A,A,H,-,C,A,0,,,,,Y,,A,01,0,0,2,0,0,0,0,0,0,"- ","- ",,,"SAN FRANCISCO","SAN FRANCISCO",-122.39263153076172,37.793708801269531
9776899,2024,2025-02-13,3801,2024-12-30,1100,1917,TARAV,1,5,7,3801,0,0,0,,0,3100,"MISSION ST","SENECA AV",0.00,,Y,A,-,N,,,,,,,,,,N,3,0,2,3,A,-,10,21950,A,N,G,B,B,A,H,-,A,A,0,Y,,,,Y,,A,01,0,2,0,0,2,0,0,0,0,"- ","- ",,,"SAN FRANCISCO","SAN FRANCISCO",-122.44013214111328,37.717658996582031
9776900,2024,2025-02-13,3801,2024-12-31,"930 ",1956,TARAV,2,5,7,3801,0,0,0,,0,"6 CAR","BROAD ST","PLYMOUTH AV",26.00,W,N,A,-,N,,,,,,,,,,N,4,0,1,2,A,-,11,21950,B,N,-,B,F,A,H,-,A,D,0,Y,,,,Y,,N,60,0,0,1,0,1,0,0,0,0,"- ","- ",,,"SAN FRANCISCO","SAN FRANCISCO",-122.45616912841797,37.713180541992188
9776901,2024,2025-02-11,3801,2024-12-27,2210,1857,SOUTH,5,5,7,3801,0,0,0,,0,901,"GUERRERO ST","18TH ST",0.00,,Y,B,C,N,,,,,,,,,,Y,3,0,5,2,D,-,00,,,N,D,D,A,B,H,-,C,A,0,,,,,Y,,-,"- ",0,2,3,0,0,0,0,0,0,"- ","- ",,,"SAN FRANCISCO","SAN FRANCISCO",-122.42379760742188,37.761577606201172
9776902,2024,2025-02-11,3801,2024-12-29,1555,2374,CENTR,7,5,7,3801,0,0,0,,0,3A11E,"CALIFORNIA ST","MASON ST",0.00,,Y,A,-,N,,,,,,,,,,N,4,0,1,3,A,-,21,22106,,N,-,C,A,A,H,-,A,A,0,,,,,Y,,A,01,0,0,1,0,0,0,0,0,0,"- ","- ",,,"SAN FRANCISCO","SAN FRANCISCO",-122.41078948974609,37.791828155517578
9776903,2024,2025-02-11,3801,2024-12-28,2110,2708,SOUTH,6,5,7,3801,0,0,0,,0,3B15E,"3RD ST","BRANNAN ST",0.00,,Y,A,-,N,,,,,,,,,,N,4,0,1,2,A,-,04,21703,,N,C,C,A,A,H,-,C,D,0,,,Y,,Y,,C,02,0,0,1,0,0,0,0,0,1,"- ","- ",,,"SAN FRANCISCO","SAN FRANCISCO",-122.39429473876953,37.780101776123047
9776905,2024,2025-02-11,3801,2024-12-31,2040,1221,INGLE,2,5,7,3801,0,0,0,,0,005,"GENEVA AV","CARRIZAL ST",18.00,S,N,A,-,N,,,,,,,,,,N,3,0,2,2,A,-,09,21801,A,N,-,J,A,A,H,-,C,A,0,,,Y,,Y,Y,A,01,0,2,0,0,0,0,0,0,2,"- ","- ",,,"SAN FRANCISCO","SAN FRANCISCO",-122.42085266113281,37.708534240722656
9776906,2024,2025-02-11,3801,2024-12-30,2100,460,INGLE,1,5,7,3801,0,0,0,,0,3H13E,"ROUSSEAU ST","SAN JOSE AV",0.00,,Y,A,-,N,,,,,,,,,,N,4,0,1,2,A,-,03,22350,,F,C,C,A,A,H,-,C,D,0,,,,,Y,,A,01,0,0,1,0,0,0,0,0,0,"- ","- ",,,"SAN FRANCISCO","SAN FRANCISCO",-122.43045043945312,37.733905792236328
9776907,2024,2025-02-11,3801,2024-12-22,"114 ",299,CENTR,7,5,7,3801,0,0,0,,0,3A1E,"CALIFORNIA ST","TAYLOR ST",0.00,,Y,C,E,N,,,,,,,,,,Y,3,0,2,2,A,-,03,22350,A,N,D,C,A,B,-,-,C,A,0,,,,,Y,,A,01,0,1,1,0,0,0,0,0,0,"- ","- ",,,"SAN FRANCISCO","SAN FRANCISCO",-122.41246032714844,37.791610717773438
9776908,2024,2025-03-07,3801,2024-12-31,1610,2435,BAYVI,2,5,7,3801,0,0,0,,0,002,"ALEMANY BL","RT 101",13.00,W,N,A,-,Y,SF,4,101,-,-,1.991,R,1,N,N,4,0,1,2,A,-,04,21703,,N,C,D,A,-,H,-,A,A,0,,,,,Y,,A,01,0,0,1,0,0,0,0,0,0,"- ",SF,,,"SAN FRANCISCO","SAN FRANCISCO",-122.40690612792969,37.735599517822266
9776909,2024,2025-02-11,3801,2024-12-18,1727,1185,TENDE,3,5,7,3801,0,0,0,,0,3J15D,"TURK ST","LEAVENWORTH ST",0.00,,Y,A,-,N,,,,,,,,,,N,4,0,1,2,A,-,17,21200,,N,D,-,A,A,-,-,B,A,0,,Y,,,Y,,L,04,0,0,1,0,0,0,1,0,0,"- ","- ",,,"SAN FRANCISCO","SAN FRANCISCO",-122.41403961181641,37.782802581787109
9776910,2024,2025-02-11,3801,2024-12-31,2041,1358,SOUTH,2,5,7,3801,0,0,0,,0,044,"13TH ST","BRYANT ST",0.00,,Y,A,-,N,,,,,,,,,,Y,4,0,1,2,A,-,09,21453,C,N,D,C,A,A,H,-,C,A,0,,,,,Y,,A,01,0,0,1,0,0,0,0,0,0,"- ","- ",,,"SAN FRANCISCO","SAN FRANCISCO",-122.410928,37.769399999999997
9776911,2024,2025-02-11,3801,2024-12-31,1720,2192,MISSI,2,5,7,3801,0,0,0,,0,3D14D,"MISSION ST","21ST ST",0.00,,Y,A,-,N,,,,,,,,,,Y,4,0,1,3,A,-,01,23152,,N,G,B,D,A,H,-,D,A,0,Y,,,,Y,Y,A,01,0,0,1,0,0,0,0,0,0,"- ","- ",,,"SAN FRANCISCO","SAN FRANCISCO",-122.41891479492188,37.757015228271484
9776912,2024,2025-02-11,3801,2024-12-29,1929,1144,RICHA,7,5,7,3801,0,0,0,,0,3G13D,"CLEMENT ST","PARK PRESIDIO BL",0.00,,Y,A,-,N,,,,,,,,,,Y,2,0,1,2,A,-,09,21801,A,N,D,C,A,A,H,-,C,A,0,,,Y,,Y,,A,01,1,0,0,0,0,0,0,0,1,"- ","- ",,,"SAN FRANCISCO","SAN FRANCISCO",-122.47246551513672,37.782577514648438
9776913,2024,2025-02-11,3801,2024-12-27,1006,412,MISSI,5,5,7,3801,0,0,0,,0,,"GUERRERO ST","26TH ST",0.00,,Y,A,-,N,,,,,,,,,,Y,4,0,1,2,A,-,09,21801,A,N,D,C,A,B,H,-,A,A,0,,,,,Y,,A,01,0,0,1,0,0,0,0,0,0,"- ","- ",,,"SAN FRANCISCO","SAN FRANCISCO",-122.42256927490234,37.748790740966797
9776914,2024,2025-02-11,3801,2024-12-20,1610,2139,TARAV,5,5,7,3801,0,0,0,,0,901,"JUDAH ST","23RD AV",0.00,,Y,B,-,N,,,,,,,,,,N,4,0,1,2,A,-,11,21950,B,N,G,B,B,A,H,-,A,A,0,Y,,,,Y,,N,60,0,0,1,0,1,0,0,0,0,"- ","- ",,,"SAN FRANCISCO","SAN FRANCISCO",-122.48126983642578,37.761516571044922
9776915,2024,2025-02-11,3801,2024-12-16,2009,A23187,CENTR,1,5,7,3801,0,0,0,,0,"2 CAR","GEARY ST","KEARNY ST",12.00,W,N,A,-,N,,,,,,,,,,N,4,0,1,2,A,-,10,21950,A,N,G,B,D,B,H,-,C,A,0,Y,,,,Y,,A,01,0,0,1,0,1,0,0,0,0,"- ","- ",,,"SAN FRANCISCO","SAN FRANCISCO",-122.40354919433594,37.787944793701172
9776916,2024,2025-02-11,3801,2024-12-31,2345,773,CENTR,2,5,7,3801,0,0,0,,0,3A13E,BROADWAY,"MASON ST",0.00,,Y,A,-,N,,,,,,,,,,N,4,0,1,2,A,-,06,21750,A,N,B,C,A,A,H,-,C,D,0,,,,,Y,,A,01,0,0,1,0,0,0,0,0,0,"- ","- ",,,"SAN FRANCISCO","SAN FRANCISCO",-122.41191864013672,37.797264099121094
9776917,2024,2025-02-11,3801,2024-12-09,1212,415,PARK,1,5,7,3801,0,0,0,,0,3F13A,"STANYAN ST","OAK ST",0.00,N,-,A,-,N,,,,,,,,,,Y,3,0,1,4,A,-,08,22107,,N,D,C,A,A,H,-,A,A,0,,,,,Y,,A,01,0,1,0,0,0,0,0,0,0,"- ","- ",,,"SAN FRANCISCO","SAN FRANCISCO",-122.45395660400391,37.771354675292969
9776918,2024,2025-02-11,3801,2024-12-18,1255,621,CENTR,3,5,7,3801,0,0,0,,0,3A3A,"VAN NESS AV","NORTH POINT ST",0.00,,Y,A,-,N,,,,,,,,,,N,3,0,1,2,A,-,17,21235,G,N,G,-,F,A,-,-,A,D,0,Y,,,,Y,,M,94,0,1,0,0,1,0,0,0,0,"- ","- ",,,"SAN FRANCISCO","SAN FRANCISCO",-122.42534637451172,37.805057525634766
9776919,2024,2025-02-11,3801,2024-12-13,1737,1857,SOUTH,5,5,7,3801,0,0,0,,0,001,"TOWNSEND ST","THE EMBARCADERO",149.00,W,N,A,-,N,,,,,,,,,,N,4,0,1,2,D,-,00,,,N,B,-,A,-,A,-,C,D,0,,Y,,,Y,,-,"- ",0,0,1,0,0,0,1,0,0,"- ","- ",,,"SAN FRANCISCO","SAN FRANCISCO",-122.388916015625,37.78173828125
9776920,2024,2025-02-11,3801,2024-12-06,2028,2279,CENTR,5,5,7,3801,0,0,0,,0,3A11D,"HYDE ST","PINE ST",0.00,,Y,A,-,N,,,,,,,,,,N,4,0,1,2,A,-,10,21950,A,F,G,B,B,A,H,-,C,A,0,Y,,,,Y,,A,01,0,0,1,0,1,0,0,0,0,"- ","- ",,,"SAN FRANCISCO","SAN FRANCISCO",-122.41719818115234,37.790035247802734
9776922,2024,2025-02-11,3801,2024-12-01,"122 ",4118,PARK,7,5,7,3801,0,0,0,,0,003,"MASONIC AV","WALLER ST",335.00,S,N,A,-,N,,,,,,,,,,Y,3,0,1,2,A,-,08,22107,,N,B,E,A,A,H,-,C,D,0,,,,,Y,,A,01,0,1,0,0,0,0,0,0,0,"- ","- ",,,"SAN FRANCISCO","SAN FRANCISCO",-122.44493103027344,37.76837158203125
9776923,2024,2025-02-11,3801,2024-12-14,1822,4200,TARAV,6,5,7,3801,0,0,0,,0,311D,"17TH AV","ULLOA ST",0.00,,Y,A,-,N,,,,,,,,,,N,4,0,1,2,A,-,10,21950,A,N,G,B,-,A,H,-,C,A,0,Y,,,,Y,,A,01,0,0,1,0,1,0,0,0,0,"- ","- ",,,"SAN FRANCISCO","SAN FRANCISCO",-122.47344207763672,37.741283416748047
9776924,2024,2025-02-11,3801,2024-12-17,1730,A25839,MISSI,2,5,7,3801,0,0,0,,0,006,"16TH ST","ALABAMA ST",0.00,,Y,A,-,N,,,,,,,,,,Y,4,0,2,2,A,-,09,21804,A,N,D,C,A,A,H,-,C,A,0,,,,,Y,Y,A,01,0,0,2,0,0,0,0,0,0,"- ","- ",,,"SAN FRANCISCO","SAN FRANCISCO",-122.41239929199219,37.765495300292969
9776925,2024,2025-02-11,3801,2024-12-30,1332,713,CENTR,1,5,7,3801,0,0,0,,0,3A2A,"JONES ST","EDDY ST",0.00,,Y,A,-,N,,,,,,,,,,N,2,0,1,2,A,-,12,21453,A,M,G,B,B,A,H,-,A,A,0,Y,Y,,,Y,,L,04,1,0,0,0,0,0,1,0,0,"- ","- ",,,"SAN FRANCISCO","SAN FRANCISCO",-122.41259002685547,37.783943176269531
9776926,2024,2025-02-11,3801,2024-12-30,"732 ",2166,INGLE,1,5,7,3801,0,0,0,,0,005,"PARIS ST","PERSIA AV",0.00,,Y,A,-,N,,,,,,,,,,N,4,0,1,2,A,-,10,21950,A,N,G,B,B,A,H,-,A,D,0,Y,,,,Y,,A,07,0,0,1,0,1,0,0,0,0,"- ","- ",,,"SAN FRANCISCO","SAN FRANCISCO",-122.43437957763672,37.722393035888672
9776927,2024,2025-02-11,3801,2024-12-29,2358,2711,MISSI,7,5,7,3801,0,0,0,,0,ED11E,"17TH ST","CHURCH ST",0.00,,Y,A,-,N,,,,,,,,,,Y,3,0,1,2,A,-,09,21801,B,F,A,C,A,A,-,-,C,A,0,,,,,Y,,A,01,0,1,0,0,0,0,0,0,0,"- ","- ",,,"SAN FRANCISCO","SAN FRANCISCO",-122.42851257324219,37.762882232666016
9776928,2024,2025-02-11,3801,2024-12-29,1830,826,INGLE,7,5,7,3801,0,0,0,,0,0H5,"MISSION ST","WHIPPLE AV",25.00,N,N,A,-,N,,,,,,,,,,Y,3,0,1,2,A,-,01,23152,A,N,C,C,A,A,H,-,C,D,0,,,Y,,Y,Y,C,03,0,1,0,0,0,0,0,0,1,"- ","- ",,,"SAN FRANCISCO","SAN FRANCISCO",-122.44760894775391,37.710838317871094
9776929,2024,2025-02-11,3801,2024-12-29,"25  ",1897,INGLE,7,5,7,3801,0,0,0,,0,3H13E,"MISSION ST","EXCELSIOR AV",0.00,,Y,A,-,N,,,,,,,,,,Y,4,0,1,2,A,-,09,21801,,F,A,C,A,A,H,-,C,A,0,,,Y,,Y,,A,01,0,0,1,0,0,0,0,0,1,"- ","- ",,,"SAN FRANCISCO","SAN FRANCISCO",-122.43363952636719,37.726234436035156
9776930,2024,2025-02-11,3801,2024-12-28,2316,2433,INGLE,6,5,7,3801,0,0,0,,0,3H16E,"BAYSHORE BL","BLANKEN AV",0.00,,Y,A,-,N,,,,,,,,,,Y,4,0,1,2,A,-,12,21453,A,N,D,C,A,A,H,-,C,A,0,,,,,Y,,A,01,0,0,1,0,0,0,0,0,0,"- ","- ",,,"SAN FRANCISCO","SAN FRANCISCO",-122.40158843994141,37.712539672851562
9776931,2024,2025-02-11,3801,2024-12-28,1309,1333,TARAV,6,5,7,3801,0,0,0,,0,3190,"19TH AV","EUCALYPTUS DR",13.00,S,N,C,-,N,,,,,,,,,,Y,3,0,1,2,A,-,07,21658,A,N,B,C,A,B,H,-,A,A,0,,,,,Y,,A,01,0,1,0,0,0,0,0,0,0,"- ","- ",,,"SAN FRANCISCO","SAN FRANCISCO",-122.47486877441406,37.731044769287109
9776932,2024,2025-02-18,3801,2024-12-18,1248,2707,TARAV,3,5,7,3801,0,0,0,,0,6CAR,"OCEAN AV","CAPITOL AV",0.00,,Y,B,-,N,,,,,,,,,,N,4,0,1,2,A,-,10,21950,,N,G,B,B,B,H,-,A,A,0,Y,,,,Y,,A,01,0,0,1,0,1,0,0,0,0,"- ","- ",,,"SAN FRANCISCO","SAN FRANCISCO",-122.45925140380859,37.724525451660156
9776933,2024,2025-02-12,3801,2024-12-28,1046,1796,RICHM,6,5,7,3801,0,0,0,,0,3G14A,"CLEMENT ST","24TH AV",0.00,,Y,C,-,N,,,,,,,,,,N,4,0,1,2,A,-,10,21950,,N,G,B,B,B,H,-,A,D,0,Y,,,,Y,,A,01,0,0,1,0,1,0,0,0,0,"- ","- ",,,"SAN FRANCISCO","SAN FRANCISCO",-122.48380279541016,37.782070159912109
9776934,2024,2025-02-12,3801,2024-12-26,2130,1333,TARAV,4,5,7,3801,0,0,0,,0,3I15D,"LAGUNA ST","NORTH POINT ST",9.00,W,N,C,-,N,,,,,,,,,,N,2,0,1,2,A,-,10,21950,A,F,G,B,B,B,H,-,C,D,0,Y,,,,Y,Y,A,01,1,0,0,0,1,0,0,0,0,"- ","- ",,,"SAN FRANCISCO","SAN FRANCISCO",-122.43187713623047,37.804283142089844
9776935,2024,2025-02-12,3801,2024-12-26,2331,2237,TARAV,4,5,7,3801,0,0,0,,0,00I,"JUNIPERO SERRA BL","OCEAN AV",0.00,,Y,C,-,N,,,,,,,,,,Y,4,0,1,1,A,-,03,22350,,N,E,I,A,B,H,-,C,A,0,,,,,Y,,A,01,0,0,1,0,0,0,0,0,0,"- ","- ",,,"SAN FRANCISCO","SAN FRANCISCO",-122.47213745117188,37.731204986572266
9776936,2024,2025-02-12,3801,2024-12-26,2320,2330,TARAV,4,5,7,3801,0,0,0,,0,3I11E,"MORAGA ST","18TH AV",0.00,,Y,C,-,N,,,,,,,,,,N,4,0,1,2,A,-,10,21950,,F,A,B,B,B,H,-,C,A,0,Y,,,,Y,Y,A,01,0,0,1,0,1,0,0,0,0,"- ","- ",,,"SAN FRANCISCO","SAN FRANCISCO",-122.47554016113281,37.756153106689453
9776937,2024,2025-02-12,3801,2024-12-26,2044,226,BAYVI,4,5,7,3801,0,0,0,,0,3C13D,"EVANS AV","MIDDLE POINT RD",0.00,,Y,C,-,N,,,,,,,,,,N,4,0,1,2,A,-,12,22450,A,N,D,C,A,B,H,-,C,A,0,,,,,Y,,A,01,0,0,1,0,0,0,0,0,0,"- ","- ",,,"SAN FRANCISCO","SAN FRANCISCO",-122.37911987304688,37.737693786621094
9776938,2024,2025-02-12,3801,2024-12-26,"934 ",2707,TARAV,4,5,7,3801,0,0,0,,0,3CAR,"LINCOLN WAY","41ST AV",0.00,,Y,B,-,N,,,,,,,,,,Y,3,0,2,2,A,-,12,22450,A,F,D,C,A,B,H,-,A,A,0,,,,,Y,,A,07,0,1,1,0,0,0,0,0,0,"- ","- ",,,"SAN FRANCISCO","SAN FRANCISCO",-122.50084686279297,37.764415740966797
9776939,2024,2025-02-12,3801,2024-12-30,1707,1244,SOUTH,1,5,7,3801,0,0,0,,0,3B1,"HARRISON ST","MAIN ST",130.00,W,N,A,-,N,,,,,,,,,,N,4,0,1,2,A,-,17,22517,,N,B,C,A,A,H,-,C,A,0,,,,,Y,,A,07,0,0,1,0,0,0,0,0,0,"- ","- ",,,"SAN FRANCISCO","SAN FRANCISCO",-122.39064025878906,37.787899017333984
9776940,2024,2025-02-12,3801,2024-12-30,1616,375,BAYVI,1,5,7,3801,0,0,0,,0,3C13D,"PALOU AV","3RD ST",0.00,,Y,A,-,N,,,,,,,,,,N,4,0,1,3,A,-,03,22350,,F,C,C,A,A,H,-,A,A,0,,,,,Y,,A,01,0,0,1,0,0,0,0,0,0,"- ","- ",,,"SAN FRANCISCO","SAN FRANCISCO",-122.39105987548828,37.734039306640625
9776941,2024,2025-02-12,3801,2024-12-27,1601,1669,TENDE,5,5,7,3801,0,0,0,,0,3J94D,"GEARY BL","HYDE ST",70.00,E,N,A,-,N,,,,,,,,,,Y,4,0,1,2,A,-,03,22350,,F,C,C,A,A,H,-,C,A,0,,,,,Y,,-,"- ",0,0,1,0,0,0,0,0,0,"- ","- ",,,"SAN FRANCISCO","SAN FRANCISCO",-122.41621398925781,37.786346435546875
9776942,2024,2025-02-12,3801,2024-12-30,"934 ",1540,TARAV,1,5,7,3801,0,0,0,,0,3I1A,"NORIEGA ST","30TH AV",3.00,E,N,A,-,N,,,,,,,,,,N,4,0,1,2,A,-,10,21950,A,N,G,B,B,A,H,-,A,A,0,Y,,,,Y,,A,01,0,0,1,0,1,0,0,0,0,"- ","- ",,,"SAN FRANCISCO","SAN FRANCISCO",-122.48825073242188,37.753719329833984
9776943,2024,2025-02-12,3801,2024-12-30,"115 ",1024,TENDE,1,5,7,3801,0,0,0,,0,3J13E,LARKIN,"FULTON ST",0.00,,Y,A,-,N,,,,,,,,,,N,2,0,1,2,A,-,00,21954,,N,G,B,D,A,H,-,C,A,0,Y,,,,Y,,N,60,1,0,0,0,1,0,0,0,0,"- ","- ",,,"SAN FRANCISCO","SAN FRANCISCO",-122.41675567626953,37.779586791992188
9776944,2024,2025-02-12,3801,2024-12-29,2152,1136,SOUTH,7,5,7,3801,0,0,0,,0,3B12E,"4TH ST","FOLSOM ST",0.00,,Y,A,-,N,,,,,,,,,,N,4,0,1,2,A,-,09,21801,A,M,B,C,A,A,-,-,C,-,0,,,,,Y,,-,99,0,0,1,0,0,0,0,0,0,"- ","- ",,,"SAN FRANCISCO","SAN FRANCISCO",-122.40116119384766,37.782035827636719
9776945,2024,2025-02-12,3801,2024-12-27,1918,1113,PARK,5,5,7,3801,0,0,0,,0,3F13D,"CLAYTON ST","WALLER ST",50.00,S,N,A,-,N,,,,,,,,,,,2,0,1,1,A,-,03,22350,,N,E,I,A,A,H,-,C,A,0,,,,,Y,Y,A,01,1,0,0,0,0,0,0,0,0,"- ","- ",,,"SAN FRANCISCO","SAN FRANCISCO",-122.4483642578125,37.768714904785156
9776946,2024,2025-02-12,3801,2024-12-31,1838,2064,MISSI,2,5,7,3801,0,0,0,,0,3515D,"MISSION ST","MISSION ST 1875",0.00,,N,A,-,N,,,,,,,,,,N,3,0,1,2,A,-,11,21954,A,N,G,B,D,A,H,-,C,D,0,Y,,,,Y,,N,60,0,1,0,0,1,0,0,0,0,"- ","- ",,,"SAN FRANCISCO","SAN FRANCISCO",-122.41979217529297,37.7705078125
9776947,2024,2025-02-18,3801,2024-12-31,1341,1689,SOUTH,2,5,7,3801,0,0,0,,0,3B13A,"SHERMAN ST","CLEVELAND ST",0.00,,Y,A,-,N,,,,,,,,,,N,3,0,1,2,A,-,11,21950,B,F,G,B,-,A,H,-,C,D,0,Y,,,,Y,Y,A,01,0,1,0,0,1,0,0,0,0,"- ","- ",,,"SAN FRANCISCO","SAN FRANCISCO",-122.40646362304688,37.776958465576172
9776948,2024,2025-02-12,3801,2024-12-31,"855 ",1342,NORTH,2,5,7,3801,0,0,0,,0,3E4A,"CALIFORNIA ST","STEINER ST",0.00,,Y,A,-,N,,,,,,,,,,N,4,0,1,2,A,-,10,21950,A,N,G,B,B,A,H,-,A,A,0,Y,,,,Y,,A,01,0,0,1,0,1,0,0,0,0,"- ","- ",,,"SAN FRANCISCO","SAN FRANCISCO",-122.43549346923828,37.788715362548828
9776949,2024,2025-02-12,3801,2024-12-30,2014,1288,NORTH,1,5,7,3801,0,0,0,,0,3E13D,"GEARY BL","DIVISADERO ST",8.00,W,N,A,-,N,,,,,,,,,,N,4,0,1,2,A,-,10,21950,A,N,G,B,B,A,H,-,C,A,0,Y,,,,Y,,A,01,0,0,1,0,1,0,0,0,0,"- ","- ",,,"SAN FRANCISCO","SAN FRANCISCO",-122.43950653076172,37.783355712890625
9776950,2024,2025-02-12,3801,2024-12-30,1935,1523,NORTH,1,5,7,3801,0,0,0,,0,4CAR,"CALIFORNIA ST","PIERCE ST",0.00,,Y,A,-,N,,,,,,,,,,N,4,0,1,2,A,-,12,21453,A,N,D,C,A,A,H,-,C,A,0,,,,,Y,,A,01,0,0,1,0,0,0,0,0,0,"- ","- ",,,"SAN FRANCISCO","SAN FRANCISCO",-122.43712615966797,37.788497924804688
9776951,2024,2025-02-12,3801,2024-12-27,2132,1827,MISSI,5,5,7,3801,0,0,0,,0,3D15E,"ALAMEDA ST","POTRERO AV",0.00,,Y,A,B,N,,,,,,,,,,N,4,0,1,2,A,-,09,21801,A,N,A,G,A,A,H,-,C,A,0,,Y,,,Y,,A,01,0,0,1,0,0,0,1,0,0,"- ","- ",,,"SAN FRANCISCO","SAN FRANCISCO",-122.40779113769531,37.768383026123047
9776974,2024,2025-02-13,3801,2024-12-21,1720,917,TRAFF,6,5,7,3801,0,0,0,,0,4B2E,"EDDY ST","VAN NESS AV",0.00,,Y,A,-,N,,,,,,,,,,N,4,0,1,2,A,-,10,21950,A,F,G,B,B,A,H,-,C,A,0,Y,,,,Y,,A,01,0,0,1,0,1,0,0,0,0,"- ","- ",,,"SAN FRANCISCO","SAN FRANCISCO",-122.42076110839844,37.782890319824219
9777991,2025,2025-03-12,3801,2025-01-01,"219 ",1466,SOUTH,3,5,7,3801,0,0,0,,0,04B,"9TH ST","MARKET ST",0.00,,Y,A,-,N,,,,,,,,,,N,4,0,2,2,A,-,03,22350,,N,C,C,A,A,H,-,C,A,0,,,,,Y,,A,01,0,0,2,0,0,0,0,0,0,"- ","- ",,,"SAN FRANCISCO","SAN FRANCISCO",-122.41632843017578,37.777500152587891
9778351,2023,2025-01-22,3801,2023-07-03,1600,1741,SOUTH,1,5,7,3801,0,0,0,,0,901,"8TH ST","HARRISON ST",0.00,,Y,F,-,N,,,,,,,,,,N,4,0,1,2,A,-,03,22350,,F,C,C,A,A,G,-,A,D,0,,,,,Y,,-,99,0,0,1,0,0,0,0,0,0,"- ","- ",,,"SAN FRANCISCO","SAN FRANCISCO",-122.40853118896484,37.773754119873047
9778393,2024,2025-01-22,3801,2024-08-19,1338,,,1,5,7,3801,0,0,0,,0,,"B ST","16TH ST",4.00,N,N,A,-,N,,,,,,,,,,N,3,0,2,1,A,-,03,22350,,N,E,I,A,A,H,-,A,D,0,,,,,Y,,A,01,0,1,1,0,0,0,0,0,0,"- ","- ",37.766750335693359,-122.39437866210938,"SAN FRANCISCO","SAN FRANCISCO",-121.39518737792969,39.114097595214844
9779223,2024,2025-02-19,3801,2024-12-20,"2   ",1759,SOUTH,5,5,7,3801,0,0,0,,0,3B4,"11TH ST","BRYANT ST",0.00,,Y,A,-,N,,,,,,,,,,Y,4,0,2,2,D,-,00,,,N,D,C,A,A,H,-,C,A,0,,,,,Y,,-,"- ",0,0,2,0,0,0,0,0,0,"- ","- ",,,"SAN FRANCISCO","SAN FRANCISCO",-122.41082000732422,37.769309997558594
9779229,2024,2025-02-10,3801,2024-11-26,1516,2437,BAYVI,2,5,7,3801,0,0,0,,0,3C60,"3RD ST","LA SALLE AV",55.00,S,N,A,-,N,,,,,,,,,,N,4,0,1,2,A,-,17,22517,,N,B,E,A,A,H,-,A,A,0,,,,Y,Y,,A,07,0,0,1,0,0,0,0,0,0,"- ","- ",,,"SAN FRANCISCO","SAN FRANCISCO",-122.38999176025391,37.737075805664062
9779231,2024,2025-02-11,3801,2024-12-03,1137,788,SOUTH,2,5,7,3801,0,0,0,,0,"3 CAR","BRYANT ST","7TH ST",0.00,,Y,A,-,N,,,,,,,,,,N,4,0,1,2,D,-,00,,,N,B,-,A,A,H,-,A,A,0,,Y,,Y,Y,,-,"- ",0,0,1,0,0,0,1,0,0,"- ","- ",,,"SAN FRANCISCO","SAN FRANCISCO",-122.40485382080078,37.774375915527344
9779232,2024,2025-02-19,3801,2024-12-14,1237,2707,TARAV,6,5,7,3801,0,0,0,,0,4CAR,"PICO AVE","URBANO DR",0.00,,Y,B,C,N,,,,,,,,,,N,4,0,1,2,A,-,08,22107,,N,G,B,D,B,H,-,A,D,0,Y,,,,Y,,D,22,0,0,1,0,1,0,0,0,0,"- ","- ",,,"SAN FRANCISCO","SAN FRANCISCO",-122.46318817138672,37.724273681640625
9779266,2024,2025-02-13,3801,2024-11-06,1438,1190,SOUTH,3,5,7,3801,0,0,0,,0,001,"MARKET ST","1ST ST",0.00,,Y,A,-,N,,,,,,,,,,N,3,0,1,1,B,-,22,,,N,F,A,A,A,G,-,A,D,0,,Y,,,Y,,L,04,0,1,0,0,0,0,1,0,0,"- ","- ",,,"SAN FRANCISCO","SAN FRANCISCO",-122.39913940429688,37.791053771972656