CASE_ID,ACCIDENT_YEAR,PROC_DATE,JURIS,COLLISION_DATE,COLLISION_TIME,OFFICER_ID,REPORTING_DISTRICT,DAY_OF_WEEK,CHP_SHIFT,POPULATION,CNTY_CITY_LOC,SPECIAL_COND,BEAT_TYPE,CHP_BEAT_TYPE,CITY_DIVISION_LAPD,CHP_BEAT_CLASS,BEAT_NUMBER,PRIMARY_RD,SECONDARY_RD,DISTANCE,DIRECTION,INTERSECTION,WEATHER_1,WEATHER_2,STATE_HWY_IND,CALTRANS_COUNTY,CALTRANS_DISTRICT,STATE_ROUTE,ROUTE_SUFFIX,POSTMILE_PREFIX,POSTMILE,LOCATION_TYPE,RAMP_INTERSECTION,SIDE_OF_HWY,TOW_AWAY,COLLISION_SEVERITY,NUMBER_KILLED,NUMBER_INJURED,PARTY_COUNT,PRIMARY_COLL_FACTOR,PCF_CODE_OF_VIOL,PCF_VIOL_CATEGORY,PCF_VIOLATION,PCF_VIOL_SUBSECTION,HIT_AND_RUN,TYPE_OF_COLLISION,MVIW,PED_ACTION,ROAD_SURFACE,ROAD_COND_1,ROAD_COND_2,LIGHTING,CONTROL_DEVICE,CHP_ROAD_TYPE,PEDESTRIAN_ACCIDENT,BICYCLE_ACCIDENT,MOTORCYCLE_ACCIDENT,TRUCK_ACCIDENT,NOT_PRIVATE_PROPERTY,ALCOHOL_INVOLVED,STWD_VEHTYPE_AT_FAULT,CHP_VEHTYPE_AT_FAULT,COUNT_SEVERE_INJ,COUNT_VISIBLE_INJ,COUNT_COMPLAINT_PAIN,COUNT_PED_KILLED,COUNT_PED_INJURED,COUNT_BICYCLIST_KILLED,COUNT_BICYCLIST_INJURED,COUNT_MC_KILLED,COUNT_MC_INJURED,PRIMARY_RAMP,SECONDARY_RAMP,LATITUDE,LONGITUDE,COUNTY,CITY,POINT_X,POINT_Y
9779267,2024,2025-02-10,3801,2024-11-05,2134,4005,PARK,2,5,7,3801,0,0,0,,0,3F14E,"STANYAN ST","FULTON ST",80.00,S,N,A,-,N,,,,,,,,,,N,4,0,3,2,A,-,04,21703,,N,C,C,A,A,H,-,C,D,0,,,,,Y,,A,01,0,0,3,0,0,0,0,0,0,"- ","- ",,,"SAN FRANCISCO","SAN FRANCISCO",-122.45462036132812,37.774532318115234
9779268,2024,2025-02-10,3801,2024-11-03,1155,1825,SOUTH,7,5,7,3801,0,0,0,,0,3B15A,"LARKIN ST","SUTTER ST",0.00,,Y,-,-,N,,,,,,,,,,N,3,0,1,2,A,-,10,21950,A,F,D,B,B,A,G,-,A,A,0,Y,,,,Y,,A,01,0,1,0,0,1,0,0,0,0,"- ","- ",,,"SAN FRANCISCO","SAN FRANCISCO",-122.41846466064453,37.787967681884766
9779269,2024,2025-02-10,3801,2024-11-21,"910 ",830,MISSI,4,5,7,3801,0,0,0,,0,3D15A,"JULIAN ST","14TH ST",0.00,,Y,C,-,N,,,,,,,,,,N,4,0,1,2,A,-,03,22350,,N,C,G,A,B,H,-,A,D,0,,Y,,,Y,,L,04,0,0,1,0,0,0,1,0,0,"- ","- ",,,"SAN FRANCISCO","SAN FRANCISCO",-122.42121124267578,37.768211364746094
9779281,2024,2025-02-11,3801,2024-10-01,1840,438,NORTH,2,5,7,3801,0,0,0,,0,3E12D,"HAYES ST","GOUGH ST",0.00,,Y,A,-,N,,,,,,,,,,N,4,0,1,2,A,-,12,21453,A,N,D,G,A,A,H,-,A,A,0,,Y,,,Y,,L,04,0,0,1,0,0,0,1,0,0,"- ","- ",,,"SAN FRANCISCO","SAN FRANCISCO",-122.42296600341797,37.776878356933594
9779283,2024,2025-02-11,3801,2024-10-04,"905 ",359,SOUTH,5,5,7,3801,0,0,0,,0,3B5A,"3RD ST","CLEMENTINA ST",73.00,N,N,A,-,N,,,,,,,,,,N,3,0,1,2,A,-,06,21750,A,N,D,C,A,A,H,-,A,D,0,,,Y,,Y,,C,03,0,1,0,0,0,0,0,0,1,"- ","- ",,,"SAN FRANCISCO","SAN FRANCISCO",-122.39967346191406,37.784347534179688
9779311,2024,2025-02-11,3801,2024-08-12,2044,2437,BAYVI,1,5,7,3801,0,0,0,,0,3C15E,"SILVER AVE","AMHERST ST",40.00,W,N,A,-,N,,,,,,,,,,Y,4,0,1,2,A,-,03,22350,,F,A,C,A,A,H,-,C,D,0,,,,,Y,,A,01,0,0,1,0,0,0,0,0,0,"- ","- ",,,"SAN FRANCISCO","SAN FRANCISCO",-122.41731262207031,37.728862762451172
9779325,2024,2025-02-26,3801,2024-04-08,"607 ",2750,BAYVI,1,5,7,3801,0,0,0,,0,"1 CAR","CESAR CHAVEZ ST","VERMONT ST",0.00,,Y,A,-,N,,,,,,,,,,N,4,0,1,2,A,-,08,22100,A,F,G,C,E,A,H,-,A,D,0,Y,,,,Y,,A,01,0,0,1,0,1,0,0,0,0,"- ","- ",,,"SAN FRANCISCO","SAN FRANCISCO",-122.40283966064453,37.749393463134766
9779328,2024,2025-02-20,3801,2024-12-31,"30  ",469,MISSI,2,5,7,3801,0,0,0,,0,3D12D,"20TH ST",DIAMOND,33.00,E,N,A,-,N,,,,,,,,,,Y,4,0,1,3,A,-,03,22350,,N,C,E,A,A,H,-,C,D,0,,,,,Y,,A,01,0,0,1,0,0,0,0,0,0,"- ","- ",,,"SAN FRANCISCO","SAN FRANCISCO",-122.43677520751953,37.757564544677734
9779353,2024,2025-02-11,3801,2024-05-08,1730,2724,SOUTH,3,5,7,3801,0,0,0,,0,3B00,"HOWARD ST","1ST ST",0.00,,Y,A,-,N,,,,,,,,,,N,4,0,1,2,D,-,00,,,N,D,G,A,A,H,-,A,A,0,,Y,,,Y,,-,"- ",0,0,1,0,0,0,1,0,0,"- ","- ",,,"SAN FRANCISCO","SAN FRANCISCO",-122.39604187011719,37.788551330566406
9780161,2024,2025-03-18,3801,2024-11-08,1514,2164,MISSI,5,5,7,3801,0,0,0,,0,4CAR,"CESAR CHAVEZ ST","ALABAMA ST",25.00,W,N,A,-,N,,,,,,,,,,,4,0,1,2,A,-,03,22350,,F,C,C,A,A,H,-,A,A,0,,,,Y,Y,,F,21,0,0,1,0,0,0,0,0,0,"- ","- ",,,"SAN FRANCISCO","SAN FRANCISCO",-122.41063690185547,37.748378753662109
9780761,2024,2025-03-18,3801,2024-11-24,"820 ",1242,CENTR,7,5,7,3801,0,0,0,,0,3A15A,"KEARNY ST","CLAY ST",0.00,,Y,A,-,N,,,,,,,,,,N,4,0,1,2,A,-,12,21453,,N,B,A,A,A,H,-,A,A,0,,,,,Y,,-,"- ",0,0,1,0,0,0,0,0,0,"- ","- ",,,"SAN FRANCISCO","SAN FRANCISCO",-122.40477752685547,37.794448852539062
9780762,2024,2025-03-18,3801,2024-11-21,"725 ",2001,,4,5,7,3801,0,0,0,,0,0H4,"CONGO ST","MONTEREY BL",0.00,,Y,B,C,N,,,,,,,,,,N,4,0,1,2,A,-,12,22450,A,N,D,C,A,B,H,-,A,B,0,,,,,Y,,A,01,0,0,1,0,0,0,0,0,0,"- ","- ",,,"SAN FRANCISCO","SAN FRANCISCO",-122.44203186035156,37.731590270996094
9780763,2024,2025-03-18,3801,2024-11-07,"900 ",801,SOUTH,4,5,7,3801,0,0,0,,0,0B3,"7TH ST","HARRISON ST",0.00,,Y,A,-,N,,,,,,,,,,N,4,0,1,2,A,-,10,21950,,F,G,B,B,A,H,-,A,A,0,Y,,,,Y,,A,01,0,0,1,0,1,0,0,0,0,"- ","- ",,,"SAN FRANCISCO","SAN FRANCISCO",-122.40628051757812,37.775539398193359
9780771,2024,2025-03-25,3801,2024-12-31,1800,2143,MISSI,2,5,7,3801,0,0,0,,0,3D59,"GUERRERO ST","14TH ST",0.00,,Y,A,-,N,,,,,,,,,,N,4,0,1,2,A,-,07,21658,A,F,B,C,A,A,H,-,D,A,0,,,,,Y,,-,,0,0,1,0,0,0,0,0,0,"- ","- ",,,"SAN FRANCISCO","SAN FRANCISCO",-122.42440795898438,37.768024444580078
9780773,2024,2025-03-25,3801,2024-12-19,1215,1273,CENTR,4,5,7,3801,0,0,0,,0,,"HYDE ST","PACIFIC AV",0.00,,Y,A,-,N,,,,,,,,,,N,4,0,1,2,A,-,03,22350,,N,C,E,A,A,H,-,A,A,0,,,,,Y,,A,01,0,0,1,0,0,0,0,0,0,"- ","- ",,,"SAN FRANCISCO","SAN FRANCISCO",-122.41831207275391,37.795463562011719
9780776,2024,2025-04-03,3801,2024-12-23,1915,A25839,MISSI,1,5,7,3801,0,0,0,,0,006,"S VAN NESS AV","15TH ST",0.00,,Y,A,-,N,,,,,,,,,,N,4,0,1,2,A,-,10,21950,A,N,A,B,B,A,H,-,C,A,0,Y,,,,Y,,A,07,0,0,1,0,1,0,0,0,0,"- ","- ",,,"SAN FRANCISCO","SAN FRANCISCO",-122.41764068603516,37.766799926757812
9780778,2024,2025-04-03,3801,2024-12-06,1421,2402,TARAV,5,5,7,3801,0,0,0,,0,311A,"PACHECO ST","36TH AV",0.00,,Y,A,-,N,,,,,,,,,,Y,4,0,1,2,A,-,09,21802,A,N,D,C,A,A,H,-,A,A,0,,,,,Y,,A,07,0,0,1,0,0,0,0,0,0,"- ","- ",,,"SAN FRANCISCO","SAN FRANCISCO",-122.49441528320312,37.749717712402344
9786076,2024,2025-03-24,3801,2024-10-25,"652 ",1936,TRAFF,5,5,7,3801,0,0,0,,0,4B1D,"GEARY BL","BRODERICK ST",51.00,W,N,A,-,N,,,,,,,,,,Y,1,1,0,2,A,-,11,21955,,N,G,B,D,A,H,-,C,D,0,Y,,,,Y,,N,60,0,0,0,1,0,0,0,0,0,"- ","- ",,,"SAN FRANCISCO","SAN FRANCISCO",-122.44130706787109,37.783130645751953
9786091,2024,2025-04-29,3801,2024-10-22,"844 ",202,TRAFF,2,5,7,3801,0,0,0,,0,4B2C,"PARNASSUS AV","STANYAN ST",10.00,W,N,A,-,N,,,,,,,,,,Y,1,1,0,2,A,-,11,21950,B,N,G,B,B,A,H,-,A,A,0,Y,,,Y,Y,,N,60,0,0,0,1,0,0,0,0,0,"- ","- ",,,"SAN FRANCISCO","SAN FRANCISCO",-122.45260620117188,37.764488220214844
9786127,2024,2025-04-25,3801,2024-12-12,"619 ",262,TRAFF,4,5,7,3801,0,0,0,,0,4B1E,"BAYSHORE BL","INDUSTRIAL ST",43.00,N,N,C,-,N,,,,,,,,,,Y,1,1,0,2,A,-,11,21954,A,N,G,B,E,B,H,-,C,D,0,Y,,,,Y,,N,60,0,0,0,1,0,0,0,0,0,"- ","- ",,,"SAN FRANCISCO","SAN FRANCISCO",-122.40697479248047,37.738117218017578
9786253,2024,2025-05-07,3801,2024-12-25,1550,4320,TRAFF,3,5,7,3801,0,0,0,,0,4B4E,"PARK PRESIDIO BL","CROSSOVER DR",207.00,N,N,B,-,Y,SF,4,1,-,-,4.550,H,-,S,Y,1,1,0,1,A,-,03,22350,,N,E,I,A,A,H,-,A,D,0,,,,,Y,,A,01,0,0,0,0,0,0,0,0,0,"- ","- ",,,"SAN FRANCISCO","SAN FRANCISCO",-122.47920989990234,37.772125244140625
9786254,2024,2025-06-10,3801,2024-11-25,"121 ",917,TRAFF,1,5,7,3801,0,0,0,,0,4B2E,"JULES AV","GRAFTON AV",0.00,,Y,A,-,N,,,,,,,,,,Y,1,2,3,5,A,-,01,23152,A,N,D,C,A,A,H,-,C,A,0,,,,,Y,Y,A,01,1,1,1,0,0,0,0,0,0,"- ","- ",,,"SAN FRANCISCO","SAN FRANCISCO",-122.46124267578125,37.719997406005859
9786262,2024,2025-06-25,3801,2024-12-03,1727,4375,TRAFF,2,5,7,3801,0,0,0,,0,4B1F,"JUNIPERO SERRA BL","LYNDHURST DR",88.00,S,N,A,-,N,,,,,,,,,,Y,1,1,0,1,D,-,00,,,N,E,I,A,A,H,-,A,B,0,,Y,,,Y,,-,"- ",0,0,0,0,0,1,0,0,0,"- ","- ",,,"SAN FRANCISCO","SAN FRANCISCO",-122.47257995605469,37.724586486816406
9786283,2024,2025-07-09,3801,2024-11-23,"210 ",917,TRAFF,6,5,7,3801,0,0,0,,0,4B2E,"POTRERO AV","24TH ST",116.00,N,N,B,-,N,,,,,,,,,,Y,1,1,1,1,A,-,01,23152,A,N,E,I,A,B,H,-,C,D,0,,,,,Y,,A,01,1,0,0,0,0,0,0,0,0,"- ","- ",,,"SAN FRANCISCO","SAN FRANCISCO",-122.40635681152344,37.753307342529297
9786285,2024,2025-05-20,3801,2024-11-24,"240 ",917,TRAFF,7,5,7,3801,0,0,0,,0,4B2E,"16TH ST","RONDEL PL",10.00,W,N,A,-,N,,,,,,,,,,Y,1,1,0,2,A,-,11,21954,A,N,G,B,E,A,H,-,C,D,0,Y,,,,Y,,N,60,0,0,0,1,0,0,0,0,0,"- ","- ",,,"SAN FRANCISCO","SAN FRANCISCO",-122.42127227783203,37.764945983886719
9786326,2024,2025-07-10,3801,2024-12-27,"540 ",917,TRAFF,5,5,7,3801,0,0,0,,0,4B2E,"GREAT HWY","ULLOA ST",29.00,N,N,B,-,N,,,,,,,,,,Y,1,1,0,2,A,-,11,21955,,N,G,B,E,B,H,-,D,D,0,Y,,,,Y,,N,60,0,0,0,1,0,0,0,0,0,"- ","- ",,,"SAN FRANCISCO","SAN FRANCISCO",-122.50672149658203,37.739910125732422
9786422,2024,2025-07-18,3801,2024-11-29,1347,4178,TRAFF,5,5,7,3801,0,0,0,,0,4B3A,"MISSION ST","PERSIA AV",0.00,,Y,A,-,N,,,,,,,,,,Y,1,1,0,2,A,-,12,21453,A,N,D,C,A,A,H,-,A,A,0,,,Y,,Y,,A,07,0,0,0,0,0,0,0,1,0,"- ","- ",,,"SAN FRANCISCO","SAN FRANCISCO",-122.43596649169922,37.723140716552734
9789236,2024,2025-03-18,3801,2024-10-01,1535,4320,NORTH,2,5,7,3801,0,0,0,,0,4B4E,"PINE ST","POLK ST",0.00,,Y,A,-,N,,,,,,,,,,Y,3,0,1,2,A,-,12,21453,A,N,G,G,A,A,H,-,A,A,0,,Y,,,Y,,L,04,0,1,0,0,0,0,1,0,0,"- ","- ",,,"SAN FRANCISCO","SAN FRANCISCO",-122.42050170898438,37.789642333984375
9796715,2024,2025-04-10,3801,2024-11-12,"850 ",1426,SOUTH,2,5,7,3801,0,0,0,,0,3B13A,"HOWARD ST","RUSS ST",0.00,,Y,A,-,N,,,,,,,,,,N,3,0,1,2,A,-,10,21950,A,F,G,B,B,A,H,-,A,A,0,Y,,,,Y,,D,22,0,1,0,0,1,0,0,0,0,"- ","- ",,,"SAN FRANCISCO","SAN FRANCISCO",-122.40824890136719,37.77886962890625
9796907,2024,2025-05-21,3801,2024-09-01,"958 ",1424,MISSI,7,5,7,3801,0,0,0,,0,"3B14A ","MISSION ST","15TH ST",15.00,W,N,A,-,N,,,,,,,,,,N,3,0,1,2,A,-,11,21955,,N,G,B,D,A,H,-,A,A,0,Y,,,,Y,,N,60,0,1,0,0,1,0,0,0,0,"- ","- ",,,"SAN FRANCISCO","SAN FRANCISCO",-122.41982269287109,37.766670227050781
9796927,2024,2025-04-25,3801,2024-11-02,1944,375,BAYVI,6,5,7,3801,0,0,0,,0,3C15A,"SHAFTER AV","INGALLS ST",0.00,,Y,A,-,N,,,,,,,,,,Y,4,0,1,2,A,-,08,22107,,N,B,C,A,A,H,-,C,D,0,,,,Y,Y,,F,26,0,0,1,0,0,0,0,0,0,"- ","- ",,,"SAN FRANCISCO","SAN FRANCISCO",-122.3851318359375,37.727874755859375
9801541,2024,2025-04-10,3801,2024-11-10,1339,1279,TENDE,7,5,7,3801,0,0,0,,0,3J93C,"LARKIN ST","EDDY ST",0.00,,Y,A,-,N,,,,,,,,,,N,3,0,1,2,A,-,10,21950,A,F,G,B,B,A,H,-,A,A,0,Y,,,,Y,,A,01,0,1,0,0,1,0,0,0,0,"- ","- ",,,"SAN FRANCISCO","SAN FRANCISCO",-122.41751861572266,37.783294677734375
9801545,2024,2025-04-10,3801,2024-11-16,1712,1358,SOUTH,6,5,7,3801,0,0,0,,0,001,"BRYANT ST","THE EMBARCADERO",0.00,,Y,A,-,N,,,,,,,,,,N,4,0,1,2,A,-,21,22106,,N,C,C,A,A,H,-,A,A,0,,,,,Y,,A,01,0,0,1,0,0,0,0,0,0,"- ","- ",,,"SAN FRANCISCO","SAN FRANCISCO",-122.38801574707031,37.787094116210938
9801546,2024,2025-04-10,3801,2024-11-14,1054,801,SOUTH,4,5,7,3801,0,0,0,,0,0B5,"3RD ST","975 3RD ST",0.00,,N,A,C,N,,,,,,,,,,N,4,0,1,1,A,-,03,22350,,N,H,J,A,B,H,-,A,D,0,,,,,Y,,-,,0,0,1,0,0,0,0,0,0,"- ","- ",,,"SAN FRANCISCO","SAN FRANCISCO",-122.39085388183594,37.777347564697266
9801547,2024,2025-04-10,3801,2024-11-13,1434,1857,SOUTH,3,5,7,3801,0,0,0,,0,004,"MARKET ST","VAN NESS AV",0.00,,Y,A,-,N,,,,,,,,,,N,4,0,1,2,A,-,00,23104,A,F,D,G,A,A,H,-,A,A,0,,Y,,,Y,,A,01,0,0,1,0,0,0,1,0,0,"- ","- ",,,"SAN FRANCISCO","SAN FRANCISCO",-122.41925811767578,37.775169372558594
9801548,2024,2025-04-10,3801,2024-11-13,"202 ",230,TENDE,3,5,7,3801,0,0,0,,0,3J101,"EDDY ST","HYDE ST",178.00,E,N,A,-,N,,,,,,,,,,N,4,0,1,2,A,-,09,21801,A,N,D,G,A,A,H,-,C,A,0,,Y,,,Y,,A,01,0,0,1,0,0,0,1,0,0,"- ","- ",,,"SAN FRANCISCO","SAN FRANCISCO",-122.415283203125,37.783592224121094
9801549,2024,2025-04-10,3801,2024-11-22,2246,1857,SOUTH,5,5,7,3801,0,0,0,,0,002,"5TH ST","BRANNAN ST",0.00,,Y,C,-,N,,,,,,,,,,Y,4,0,1,2,A,-,12,21453,A,N,D,D,A,B,H,-,C,A,0,,,,,Y,,A,01,0,0,1,0,0,0,0,0,0,"- ","- ",,,"SAN FRANCISCO","SAN FRANCISCO",-122.39875793457031,37.776573181152344
9801550,2024,2025-04-10,3801,2024-11-20,"845 ",913,BAYVI,3,5,7,3801,0,0,0,,0,3C15A,"3RD ST","HOLLISTER AV",35.00,N,N,C,-,N,,,,,,,,,,N,4,0,1,2,A,-,04,21703,,F,C,C,A,B,H,-,A,A,0,,,,,Y,,-,,0,0,1,0,0,0,0,0,0,"- ","- ",,,"SAN FRANCISCO","SAN FRANCISCO",-122.39601135253906,37.721820831298828
9801551,2024,2025-04-10,3801,2024-11-17,"430 ",1653,INGLE,7,5,7,3801,0,0,0,,0,3H11A,"3RD ST","PALOU AV",0.00,,Y,A,-,N,,,,,,,,,,Y,4,0,1,2,A,-,12,21453,A,F,D,C,A,A,H,-,C,A,0,,,,,Y,,A,01,0,0,1,0,0,0,0,0,0,"- ","- ",,,"SAN FRANCISCO","SAN FRANCISCO",-122.39105987548828,37.734039306640625
9801552,2024,2025-04-10,3801,2024-11-17,"29  ",1024,TENDE,7,5,7,3801,0,0,0,,0,3J13E,"ELLIS ST","CYRIL MAGNIN ST",0.00,,Y,A,-,N,,,,,,,,,,N,3,0,1,2,A,-,05,21650,,N,A,C,A,A,H,-,C,A,0,,Y,,,Y,,L,04,0,1,0,0,0,0,1,0,0,"- ","- ",,,"SAN FRANCISCO","SAN FRANCISCO",-122.40866088867188,37.785427093505859
9801554,2024,2025-04-11,3801,2024-11-02,2012,1857,SOUTH,6,5,7,3801,0,0,0,,0,001,"FREMONT ST","HOWARD ST",0.00,,Y,A,-,N,,,,,,,,,,N,3,0,1,2,A,-,17,21657,,F,A,D,A,A,H,-,C,A,0,,Y,,,Y,,L,04,0,1,0,0,0,0,1,0,0,"- ","- ",,,"SAN FRANCISCO","SAN FRANCISCO",-122.3951416015625,37.789226531982422
9801555,2024,2025-04-11,3801,2024-11-02,1445,1463,SOUTH,6,5,7,3801,0,0,0,,0,,"HOWARD ST","4TH ST",135.00,E,N,A,-,N,,,,,,,,,,N,3,0,1,1,A,-,03,22350,,N,E,I,A,A,H,-,A,D,0,,,Y,,Y,,C,03,0,1,0,0,0,0,0,0,1,"- ","- ",,,"SAN FRANCISCO","SAN FRANCISCO",-122.40236663818359,37.783531188964844
9801556,2024,2025-04-11,3801,2024-11-30,1743,1057,SOUTH,6,5,7,3801,0,0,0,,0,3B13D,"6TH ST","MINNA ST",0.00,,Y,A,-,N,,,,,,,,,,N,4,0,1,2,A,-,08,22107,,M,H,-,A,A,H,-,C,A,0,,,,,Y,,A,07,0,0,1,0,0,0,0,0,0,"- ","- ",,,"SAN FRANCISCO","SAN FRANCISCO",-122.40813446044922,37.780551910400391
9801562,2024,2025-04-10,3801,2024-12-02,"633 ",1339,TRAFF,1,5,7,3801,0,0,0,,0,,"BAYSHORE BL","PAUL AV",0.00,,Y,A,-,N,,,,,,,,,,N,2,0,1,2,A,-,11,21456,A,N,G,-,B,A,H,-,C,A,0,Y,,,,Y,,N,60,1,0,0,0,1,0,0,0,0,"- ","- ",,,"SAN FRANCISCO","SAN FRANCISCO",-122.40079498291016,37.723606109619141
9801563,2024,2025-04-11,3801,2024-12-21,"958 ",788,MISSI,6,5,7,3801,0,0,0,,0,3B4A,"DUBOCE ST","MISSION ST",0.00,,Y,C,-,N,,,,,,,,,,N,2,0,1,1,A,-,12,21453,A,N,-,A,A,B,H,-,A,A,0,,Y,,,Y,,L,04,1,0,0,0,0,0,1,0,0,"- ","- ",,,"SAN FRANCISCO","SAN FRANCISCO",-122.42018127441406,37.769992828369141
9810171,2024,2025-05-19,3801,2024-12-23,1715,2413,CENTR,1,5,7,3801,0,0,0,,0,,"MARKET ST","MARKET ST 660",0.00,,-,C,-,N,,,,,,,,,,N,4,0,1,1,A,-,03,22350,,N,E,I,A,B,G,-,C,A,0,,Y,,,Y,,L,04,0,0,1,0,0,0,1,0,0,"- ","- ",,,"SAN FRANCISCO","SAN FRANCISCO",,
9810172,2024,2025-05-19,3801,2024-12-12,1728,4040,CENTR,4,5,7,3801,0,0,0,,0,,"MARKET ST","STEUART ST",0.00,,Y,B,C,N,,,,,,,,,,,2,0,1,1,C,-,18,,,N,H,A,A,B,G,-,C,D,0,,,,,Y,,-,"- ",1,0,0,0,0,0,0,0,0,"- ","- ",,,"SAN FRANCISCO","SAN FRANCISCO",-122.39479064941406,37.794502258300781
9810173,2024,2025-05-19,3801,2024-12-20,1652,2279,CENTR,5,5,7,3801,0,0,0,,0,3A14D,"STOCKTON ST","COLUMBUS AV",0.00,,Y,A,-,N,,,,,,,,,,Y,4,0,1,2,A,-,04,21703,,N,C,D,A,A,H,-,B,A,0,,,,,Y,,A,01,0,0,1,0,0,0,0,0,0,"- ","- ",,,"SAN FRANCISCO","SAN FRANCISCO",-122.40898132324219,37.799495697021484
9810174,2024,2025-05-19,3801,2024-12-23,1946,2325,MISSI,1,5,7,3801,0,0,0,,0,PATRO,"FOLSOM ST","14TH ST",0.00,,Y,B,-,N,,,,,,,,,,N,3,0,1,2,A,-,10,21950,A,N,G,B,B,A,H,-,D,A,0,Y,,,,Y,,A,01,0,1,0,0,1,0,0,0,0,"- ","- ",,,"SAN FRANCISCO","SAN FRANCISCO",-122.41561126708984,37.768535614013672
9810175,2024,2025-05-19,3801,2024-12-03,"108 ",1179,TENDE,2,5,7,3801,0,0,0,,0,3J2E,"MARKET ST","3RD ST",0.00,,Y,A,-,N,,,,,,,,,,N,3,0,1,1,A,-,03,22350,,N,H,I,A,-,H,-,C,A,0,,,,,Y,,M,94,0,1,0,0,0,0,0,0,0,"- ","- ",,,"SAN FRANCISCO","SAN FRANCISCO",-122.40345764160156,37.787662506103516
9810176,2024,2025-05-19,3801,2024-12-06,1131,2384,TARAV,5,5,7,3801,0,0,0,,0,3I41,"36TH AV","MORAGA ST",0.00,,Y,A,-,N,,,,,,,,,,Y,3,0,1,2,A,-,09,21802,A,N,D,C,A,A,H,-,A,A,0,,,,,Y,,A,01,0,1,0,0,0,0,0,0,0,"- ","- ",,,"SAN FRANCISCO","SAN FRANCISCO",-122.49481201171875,37.755306243896484
9810177,2024,2025-05-19,3801,2024-12-10,1450,380,CENTR,2,5,7,3801,0,0,0,,0,,"MASON ST","FILBERT ST",0.00,,Y,A,-,N,,,,,,,,,,N,4,0,1,2,A,-,21,22106,,N,G,B,-,A,H,-,A,D,0,Y,,,,Y,,A,01,0,0,1,0,1,0,0,0,0,"- ","- ",,,"SAN FRANCISCO","SAN FRANCISCO",-122.41265106201172,37.800979614257812
9810178,2024,2025-05-19,3801,2024-12-10,2150,4005,PARK,2,5,7,3801,0,0,0,,0,3F13E,"TURK BL","NIDO ST",0.00,,-,A,-,N,,,,,,,,,,N,3,0,1,2,A,-,03,22350,,N,D,C,A,A,H,-,D,D,0,,,,,Y,,A,01,0,1,0,0,0,0,0,0,0,"- ","- ",37.778820037841797,-122.44603729248047,"SAN FRANCISCO","SAN FRANCISCO",-122.44608306884766,37.778751373291016
9810183,2024,2025-05-19,3801,2024-11-15,"103 ",2489,SOUTH,5,5,7,3801,0,0,0,,0,3B13E,"MISSION ST","7TH ST",0.00,,Y,A,-,N,,,,,,,,,,N,3,0,1,2,A,-,09,21801,,N,D,G,A,A,H,-,C,A,0,,Y,,,Y,,A,01,0,1,0,0,0,0,1,0,0,"- ","- ",,,"SAN FRANCISCO","SAN FRANCISCO",-122.41089630126953,37.779209136962891
9810185,2024,2025-05-20,3801,2024-12-26,2037,654,PARK,4,5,7,3801,0,0,0,,0,3F14,"HAIGHT ST","FILLMORE ST",230.00,W,N,C,-,N,,,,,,,,,,N,4,0,1,2,A,-,21,22106,,N,C,E,A,B,H,-,C,D,0,,,,,Y,,A,08,0,0,1,0,0,0,0,0,0,"- ","- ",,,"SAN FRANCISCO","SAN FRANCISCO",-122.43123626708984,37.772010803222656
9810687,2024,2025-06-09,3801,2024-08-30,1150,ALVENDIA,SOUTH,5,5,7,3801,0,0,0,,0,,"16TH ST","DE HARO ST",0.00,,Y,A,-,N,,,,,,,,,,N,4,0,1,2,A,-,08,22107,,N,D,-,-,A,H,-,A,D,0,Y,,,,Y,,A,01,0,0,1,0,1,0,0,0,0,"- ","- ",,,"SAN FRANCISCO","SAN FRANCISCO",-122.40169525146484,37.766151428222656
9816541,2024,2025-06-17,3801,2024-05-16,1900,917,TRAFF,4,5,7,3801,0,0,0,,0,4B1E,"TERRY A FRANCOIS BL","WARRIORS WAY",150.00,N,N,A,-,N,,,,,,,,,,N,3,0,1,2,A,-,03,22350,,N,D,C,A,A,H,-,A,D,0,,,Y,,Y,,C,03,0,1,0,0,0,0,0,0,1,"- ","- ",,,"SAN FRANCISCO","SAN FRANCISCO",-122.3863525390625,37.769401550292969
9816544,2024,2025-06-17,3801,2024-05-07,"811 ",2126,CENTR,2,5,7,3801,0,0,0,,0,,"JONES ST","PINE ST",0.00,,Y,A,-,N,,,,,,,,,,N,4,0,1,2,A,-,11,21954,A,N,D,G,A,A,H,-,A,A,0,,Y,,,Y,,L,04,0,0,1,0,0,0,1,0,0,"- ","- ",,,"SAN FRANCISCO","SAN FRANCISCO",-122.41390228271484,37.790458679199219
9826109,2024,2025-06-18,3801,2024-11-01,"20  ",1897,INGLE,5,5,7,3801,0,0,0,,0,3H15E,"MISSION ST","ACTON ST",0.00,,Y,A,-,N,,,,,,,,,,N,4,0,1,2,A,-,03,22350,A,F,C,C,A,A,H,-,C,A,0,,,,,Y,,A,01,0,0,1,0,0,0,0,0,0,"- ","- ",,,"SAN FRANCISCO","SAN FRANCISCO",-122.4527587890625,37.70880126953125
9871686,2024,2025-08-13,3801,2024-03-29,"835 ",1557,TARAV,5,5,7,3801,0,0,0,,0,3I16A,"ALEMANY BL","SAINT CHARLES AVE",0.00,,Y,C,-,N,,,,,,,,,,N,4,0,1,2,A,-,10,21950,A,N,G,G,B,B,H,-,A,D,0,Y,,,,Y,,A,07,0,0,1,0,1,0,0,0,0,"- ","- ",,,"SAN FRANCISCO","SAN FRANCISCO",-122.46935272216797,37.710700988769531